# Blender 5.1.1
# www.blender.org
mtllib book1.mtl
o Retopo_Cube
v 1.259972 -0.368267 -1.667296
v -1.162182 0.625333 1.704500
v -1.158152 0.625507 -1.706414
v 1.255481 -0.363891 1.688667
v 1.259906 0.633825 -1.667357
v -1.159818 -0.358948 1.707319
v 1.284446 0.629332 1.658989
v -1.157906 -0.360622 -1.704730
v 1.287696 -0.351270 -1.707632
v 1.323108 -0.350957 -1.616349
v 1.275891 -0.372460 -1.602363
v 1.209540 -0.380975 -1.599074
v 1.207488 -0.371009 -1.680034
v 1.213764 -0.349188 -1.728932
v -1.183257 0.632793 1.662262
v -1.242468 0.614940 1.682331
v -1.190634 0.608978 1.728423
v -1.103629 0.602204 1.741701
v -1.097603 0.625652 1.715692
v -1.101359 0.639788 1.664002
v -1.095009 0.625659 -1.717371
v -1.103701 0.602431 -1.742520
v -1.182708 0.610318 -1.729124
v -1.231326 0.617777 -1.685051
v -1.179106 0.632964 -1.666445
v -1.095738 0.639012 -1.670241
v 1.275988 -0.369770 1.623152
v 1.321084 -0.350465 1.627228
v 1.274453 -0.349237 1.715186
v 1.205393 -0.346646 1.731796
v 1.203565 -0.366117 1.697108
v 1.209831 -0.378554 1.622518
v 1.286655 0.617093 -1.707972
v 1.213173 0.614977 -1.728711
v 1.208520 0.636553 -1.679852
v 1.210492 0.646420 -1.600590
v 1.275517 0.637922 -1.604317
v 1.322407 0.616788 -1.619420
v -1.178982 -0.366465 1.669619
v -1.100101 -0.373077 1.670385
v -1.098938 -0.359340 1.717486
v -1.185378 -0.342203 1.731002
v -1.234763 -0.349301 1.691525
v -1.107571 -0.335404 1.742521
v 1.296615 0.632703 1.591187
v 1.229944 0.643994 1.603351
v 1.227009 0.633692 1.682239
v 1.305138 0.614892 1.691960
v 1.329371 0.613065 1.594684
v 1.230461 0.612656 1.727782
v -1.090918 -0.360621 -1.716459
v -1.093821 -0.374608 -1.664766
v -1.180664 -0.368296 -1.660756
v -1.183966 -0.345205 -1.728555
v -1.094873 -0.337632 -1.742091
v -1.238237 -0.351557 -1.680246
v -1.260506 -0.351464 -1.595779
v -1.310605 -0.315500 -1.611372
v -1.290952 -0.315879 -1.711495
v -1.217561 -0.310332 -1.750886
v -1.192295 -0.372705 -1.587452
v -1.198118 -0.374433 -1.492044
v -1.268067 -0.350225 -1.494114
v -1.097287 -0.381703 -1.588934
v -1.100220 -0.384590 -1.495466
v -1.101961 -0.385507 -1.381395
v -1.200161 -0.375056 -1.375413
v -0.989187 -0.384759 -1.594764
v -0.991373 -0.387751 -1.497456
v -0.994581 -0.389030 -1.385007
v -0.997485 -0.389471 -1.237590
v -1.102776 -0.385980 -1.234816
v -0.807843 -0.388550 -1.500545
v -0.810699 -0.389841 -1.384138
v -0.812417 -0.390410 -1.232278
v -0.811920 -0.390585 -0.995015
v -0.997705 -0.389478 -0.990554
v -0.550147 -0.389993 -1.381498
v -0.550865 -0.390588 -1.220062
v -0.551117 -0.390850 -0.997092
v -0.548814 -0.390913 -0.622748
v -0.811063 -0.390610 -0.626404
v -0.254027 -0.390625 -1.216260
v -0.252855 -0.390896 -0.994149
v -0.251292 -0.390919 -0.617089
v -0.249794 -0.390919 -0.207250
v -0.545692 -0.390916 -0.212165
v 0.047690 -0.390892 -0.992368
v 0.047816 -0.390919 -0.613014
v 0.047940 -0.390919 -0.203548
v 0.048209 -0.390919 0.212457
v -0.248745 -0.390919 0.208532
v 0.346889 -0.390919 -0.612276
v 0.345343 -0.390919 -0.201780
v 0.344652 -0.390919 0.214670
v 0.344866 -0.390919 0.631483
v 0.048701 -0.390919 0.628934
v 0.637866 -0.390918 -0.201650
v 0.636238 -0.390917 0.215135
v 0.637745 -0.390914 0.631269
v 0.637787 -0.390847 1.013732
v 0.344822 -0.390877 1.018514
v 0.878932 -0.390808 0.214410
v 0.878049 -0.390753 0.628104
v 0.877151 -0.390714 0.998342
v 0.878384 -0.390491 1.246258
v 0.634548 -0.390575 1.232260
v 1.026241 -0.390109 0.624816
v 1.028937 -0.390144 0.990461
v 1.031273 -0.390033 1.253048
v 1.028886 -0.389463 1.405650
v 0.877269 -0.389989 1.400142
v 1.138858 -0.388722 0.987336
v 1.138180 -0.388558 1.253091
v 1.136460 -0.387907 1.401392
v 1.131572 -0.386472 1.524267
v 1.023933 -0.387555 1.523158
v 1.221987 -0.384156 1.245114
v 1.219250 -0.384287 1.394440
v 1.216375 -0.383239 1.521655
v 1.125990 -0.381614 1.623845
v 1.291092 -0.373345 1.389563
v 1.288002 -0.372840 1.515848
v 1.332178 -0.350170 1.389038
v 1.330601 -0.350095 1.514971
v 1.349956 -0.322568 1.392028
v 1.349004 -0.322250 1.520244
v 1.342382 -0.323087 1.639605
v 1.360208 -0.287938 1.525324
v 1.354012 -0.288541 1.648071
v 1.305621 -0.288608 1.740862
v 1.294639 -0.323210 1.732643
v 1.221258 -0.288281 1.756239
v 1.214253 -0.320993 1.746760
v 1.127639 -0.287930 1.759472
v 1.124171 -0.320497 1.750044
v 1.119959 -0.346025 1.735622
v 1.017262 -0.321033 1.750301
v 1.015245 -0.346686 1.735959
v 1.016042 -0.368985 1.701045
v 1.121274 -0.367839 1.700795
v 1.019080 -0.382851 1.623170
v 0.872381 -0.369639 1.702273
v 0.873799 -0.383562 1.621302
v 0.875348 -0.388429 1.516960
v 0.630084 -0.383650 1.618677
v 0.630892 -0.388536 1.511288
v 0.632107 -0.389928 1.388957
v 0.343941 -0.388596 1.509056
v 0.344189 -0.389959 1.384533
v 0.344542 -0.390586 1.227804
v 0.050013 -0.389963 1.381814
v 0.049685 -0.390607 1.225484
v 0.049269 -0.390872 1.018430
v -0.245650 -0.390601 1.222391
v -0.246658 -0.390882 1.012162
v -0.247845 -0.390918 0.624375
v -0.542583 -0.390857 0.997877
v -0.544452 -0.390912 0.616518
v -0.544532 -0.390915 0.203136
v -0.811052 -0.390622 0.607350
v -0.808030 -0.390669 0.197804
v -0.808179 -0.390648 -0.216938
v -0.994104 -0.389500 0.194132
v -0.994279 -0.389481 -0.220367
v -0.995579 -0.389446 -0.628837
v -1.106977 -0.385870 -0.222799
v -1.106175 -0.385890 -0.631715
v -1.104350 -0.386118 -0.988605
v -1.202220 -0.375092 -0.634349
v -1.201266 -0.375309 -0.989928
v -1.200453 -0.375311 -1.231368
v -1.267925 -0.351676 -0.992981
v -1.268764 -0.351081 -1.236134
v -1.269764 -0.350201 -1.375546
v -1.314973 -0.316402 -1.243849
v -1.315554 -0.315676 -1.381864
v -1.314934 -0.315197 -1.500499
v -1.353176 -0.263635 -1.384574
v -1.352937 -0.262799 -1.505389
v -1.349262 -0.261698 -1.623864
v -1.377944 -0.182883 -1.511316
v -1.373604 -0.182652 -1.628137
v -1.348912 -0.181651 -1.730534
v -1.327685 -0.259435 -1.727254
v -1.274342 -0.179361 -1.764675
v -1.250481 -0.254811 -1.764797
v -1.183415 -0.175876 -1.761987
v -1.156156 -0.248456 -1.765424
v -1.121281 -0.300956 -1.757919
v -1.028048 -0.237822 -1.764735
v -1.006597 -0.290628 -1.760665
v -0.993005 -0.329813 -1.748064
v -0.801139 -0.282728 -1.761021
v -0.802027 -0.323801 -1.750101
v -0.802209 -0.351707 -1.732568
v -0.989815 -0.356210 -1.726505
v -0.803439 -0.373466 -1.689935
v -0.988837 -0.375473 -1.677223
v -0.805222 -0.384726 -1.604582
v -0.547139 -0.371113 -1.699536
v -0.548433 -0.384184 -1.616714
v -0.549368 -0.388659 -1.508561
v -0.256084 -0.383723 -1.622249
v -0.255709 -0.388605 -1.513437
v -0.254966 -0.390003 -1.381466
v 0.047454 -0.388569 -1.512468
v 0.047499 -0.389991 -1.380498
v 0.047576 -0.390634 -1.214618
v 0.349517 -0.390019 -1.380381
v 0.348901 -0.390646 -1.215988
v 0.348129 -0.390892 -0.993849
v 0.642389 -0.390598 -1.223673
v 0.643535 -0.390867 -0.993428
v 0.641805 -0.390914 -0.612491
v 0.890466 -0.390704 -0.986767
v 0.886352 -0.390748 -0.611530
v 0.881833 -0.390807 -0.202634
v 1.032966 -0.390081 -0.610987
v 1.030230 -0.390130 -0.204118
v 1.026861 -0.390140 0.213302
v 1.146447 -0.388564 -0.205805
v 1.144581 -0.388585 0.212111
v 1.142403 -0.388587 0.622336
v 1.235456 -0.383131 0.211023
v 1.232279 -0.383305 0.620453
v 1.226698 -0.384100 0.986718
v 1.299892 -0.370036 0.618678
v 1.297063 -0.371504 0.986058
v 1.293798 -0.372351 1.239750
v 1.333936 -0.348905 0.984227
v 1.332531 -0.349863 1.241645
v 1.352042 -0.320264 0.981833
v 1.350605 -0.322339 1.245304
v 1.362823 -0.280818 0.976747
v 1.361893 -0.285484 1.238857
v 1.361651 -0.287132 1.391973
v 1.365583 -0.230373 1.215000
v 1.365687 -0.232217 1.380210
v 1.364302 -0.232153 1.521230
v 1.347317 -0.157604 1.350942
v 1.345279 -0.156531 1.497027
v 1.338081 -0.155589 1.629767
v 1.357891 -0.231833 1.648518
v 1.278059 -0.156155 1.726170
v 1.302974 -0.232150 1.744982
v 1.187720 -0.158164 1.739351
v 1.213511 -0.233395 1.759828
v 1.092150 -0.159662 1.742679
v 1.120525 -0.234747 1.762558
v 0.984161 -0.161325 1.744059
v 1.010763 -0.235476 1.763549
v 1.019090 -0.287812 1.760161
v 0.861835 -0.234449 1.763446
v 0.869538 -0.287146 1.760227
v 0.870762 -0.321561 1.750688
v 0.625316 -0.285160 1.760482
v 0.627016 -0.321448 1.750048
v 0.628227 -0.347862 1.735417
v 0.871298 -0.347366 1.736041
v 0.629270 -0.369964 1.700792
v 0.344077 -0.347876 1.735482
v 0.343852 -0.370173 1.700676
v 0.343841 -0.383832 1.617572
v 0.051006 -0.370328 1.699646
v 0.050625 -0.383843 1.615951
v 0.050320 -0.388582 1.507087
v -0.243838 -0.384247 1.613449
v -0.244253 -0.388699 1.504078
v -0.244852 -0.390001 1.378501
v -0.535540 -0.388671 1.501466
v -0.537324 -0.389989 1.378198
v -0.539759 -0.390613 1.221757
v -0.806168 -0.389774 1.387619
v -0.810254 -0.390362 1.227548
v -0.812609 -0.390587 0.977251
v -1.004643 -0.389418 1.223351
v -1.001011 -0.389448 0.964549
v -0.996262 -0.389424 0.601314
v -1.107663 -0.386000 0.958973
v -1.107532 -0.385751 0.598355
v -1.107690 -0.385923 0.191742
v -1.203075 -0.374754 0.597039
v -1.203565 -0.374703 0.190131
v -1.203274 -0.374870 -0.224691
v -1.268420 -0.351389 0.188885
v -1.268189 -0.351460 -0.226357
v -1.267494 -0.351827 -0.636538
v -1.316494 -0.315114 -0.228211
v -1.315552 -0.315992 -0.638435
v -1.314970 -0.316704 -0.999052
v -1.353994 -0.262131 -0.640815
v -1.353428 -0.263245 -1.007690
v -1.353113 -0.263648 -1.241802
v -1.379395 -0.182755 -1.020482
v -1.379264 -0.182848 -1.245563
v -1.379174 -0.182837 -1.386928
v -1.384940 -0.129940 -1.254738
v -1.384045 -0.130481 -1.405493
v -1.382514 -0.130865 -1.527245
v -1.384654 -0.003449 -1.417328
v -1.382568 -0.003517 -1.540272
v -1.377572 -0.003516 -1.647713
v -1.378430 -0.131020 -1.636347
v -1.347278 -0.003521 -1.737105
v -1.353252 -0.130852 -1.730764
v -1.278250 -0.003537 -1.764164
v -1.285365 -0.130396 -1.763093
v -1.200124 -0.003548 -1.753432
v -1.202804 -0.129951 -1.756712
v -1.160318 -0.003377 -1.671699
v -1.145774 -0.129618 -1.672710
v -1.044319 -0.170514 -1.751829
v -0.847707 -0.130888 -1.672133
v -0.801762 -0.165387 -1.746735
v -0.798373 -0.227628 -1.763034
v -0.554949 -0.163125 -1.745882
v -0.545342 -0.220928 -1.762602
v -0.544929 -0.278963 -1.761700
v -0.256938 -0.215088 -1.761757
v -0.254908 -0.273208 -1.762444
v -0.254944 -0.316422 -1.752641
v -0.545142 -0.319616 -1.751422
v -0.255587 -0.346963 -1.737209
v -0.545962 -0.348520 -1.736136
v -0.256047 -0.369959 -1.701612
v 0.047891 -0.346053 -1.737627
v 0.047660 -0.369416 -1.703694
v 0.047478 -0.383499 -1.622674
v 0.350512 -0.368961 -1.704055
v 0.350514 -0.383536 -1.624326
v 0.350111 -0.388608 -1.513057
v 0.639231 -0.383464 -1.622494
v 0.640156 -0.388543 -1.513323
v 0.641097 -0.389947 -1.385371
v 0.884986 -0.388618 -1.513115
v 0.887771 -0.390044 -1.396125
v 0.889928 -0.390489 -1.239250
v 1.034178 -0.389471 -1.399416
v 1.037628 -0.389988 -1.244822
v 1.035394 -0.390103 -0.981655
v 1.140065 -0.388507 -1.241639
v 1.141020 -0.388704 -0.979684
v 1.144648 -0.388520 -0.610823
v 1.227626 -0.384043 -0.979579
v 1.231755 -0.383330 -0.611032
v 1.235348 -0.383150 -0.207264
v 1.299025 -0.370326 -0.611492
v 1.301339 -0.369552 -0.208221
v 1.302085 -0.369154 0.209961
v 1.336263 -0.345873 -0.208922
v 1.336706 -0.345285 0.208658
v 1.335100 -0.347116 0.616799
v 1.354400 -0.313053 0.207297
v 1.353145 -0.316269 0.614049
v 1.364560 -0.268447 0.206465
v 1.363696 -0.273718 0.610636
v 1.363923 -0.209752 0.206862
v 1.364542 -0.215604 0.607624
v 1.365555 -0.224854 0.963559
v 1.351062 -0.163281 0.601873
v 1.349976 -0.161592 0.927703
v 1.348608 -0.159292 1.176372
v 1.285909 -0.129671 0.941960
v 1.285391 -0.124919 1.165757
v 1.284537 -0.121964 1.325020
v 1.284478 -0.002532 1.166744
v 1.283693 -0.001539 1.315323
v 1.282115 -0.000982 1.444988
v 1.282859 -0.119955 1.463808
v 1.278057 -0.000769 1.566917
v 1.277038 -0.118555 1.585430
v 1.236974 -0.000873 1.655031
v 1.238321 -0.118463 1.655120
v 1.154982 -0.001261 1.665689
v 1.159705 -0.119636 1.666610
v 1.065211 -0.001990 1.668209
v 1.068292 -0.121357 1.669195
v 0.964138 -0.003062 1.669638
v 0.965836 -0.123804 1.670568
v 0.843562 -0.004461 1.670252
v 0.841795 -0.127396 1.671397
v 0.836846 -0.163997 1.745949
v 0.616793 -0.133572 1.671969
v 0.616580 -0.167744 1.748433
v 0.623741 -0.230446 1.763235
v 0.352401 -0.168619 1.749046
v 0.348385 -0.227464 1.763110
v 0.345759 -0.282859 1.760879
v 0.055837 -0.226464 1.762948
v 0.053192 -0.282081 1.760865
v 0.052039 -0.320693 1.750162
v 0.344579 -0.320871 1.750231
v 0.051415 -0.348006 1.735235
v -0.243670 -0.321552 1.750024
v -0.243466 -0.348741 1.735028
v -0.243584 -0.371045 1.698646
v -0.532437 -0.350167 1.733461
v -0.533065 -0.371987 1.695431
v -0.534156 -0.384406 1.609790
v -0.796363 -0.373339 1.688963
v -0.798854 -0.384595 1.604968
v -0.801808 -0.388471 1.502883
v -0.996555 -0.384029 1.602382
v -0.999313 -0.387480 1.510472
v -1.002660 -0.388823 1.392042
v -1.109320 -0.383817 1.514240
v -1.110691 -0.385089 1.385817
v -1.108894 -0.385685 1.214916
v -1.206191 -0.373910 1.380953
v -1.204661 -0.374480 1.210976
v -1.203759 -0.374870 0.957574
v -1.270018 -0.350294 1.215092
v -1.268884 -0.351199 0.958496
v -1.267794 -0.351540 0.596404
v -1.315037 -0.316764 0.962803
v -1.315172 -0.316214 0.596313
v -1.316484 -0.315233 0.187711
v -1.353531 -0.262796 0.596734
v -1.354618 -0.261113 0.186533
v -1.354699 -0.260810 -0.230426
v -1.379365 -0.183364 0.185268
v -1.379351 -0.182980 -0.232843
v -1.379418 -0.182691 -0.644663
v -1.385514 -0.127300 -0.236032
v -1.385520 -0.127779 -0.653770
v -1.385389 -0.129113 -1.038818
v -1.386096 -0.002085 -0.662266
v -1.386016 -0.002689 -1.048199
v -1.385608 -0.003136 -1.261907
v -1.386029 0.088745 -1.048753
v -1.385657 0.088807 -1.266701
v -1.384548 0.088852 -1.424995
v -1.385595 0.181009 -1.268854
v -1.384446 0.181457 -1.426846
v -1.382100 0.181764 -1.550076
v -1.382195 0.088935 -1.549088
v -1.376673 0.181992 -1.656877
v -1.376789 0.089047 -1.656358
v -1.342814 0.182199 -1.740782
v -1.342801 0.089155 -1.740401
v -1.273790 0.182415 -1.764422
v -1.273486 0.089257 -1.764358
v -1.198103 0.182623 -1.752407
v -1.197644 0.089401 -1.752177
v -1.162919 0.182879 -1.671615
v -1.163392 0.089630 -1.671625
v -0.874025 0.183254 -1.670612
v -0.875833 0.089824 -1.670612
v -0.869326 -0.003257 -1.670683
v -0.578586 0.089980 -1.670513
v -0.576370 -0.003534 -1.670536
v -0.564383 -0.132769 -1.672009
v -0.278132 -0.003555 -1.670535
v -0.266872 -0.133728 -1.672082
v -0.264245 -0.162534 -1.745679
v 0.038987 -0.132857 -1.672031
v 0.057242 -0.162407 -1.745550
v 0.050888 -0.213564 -1.761468
v 0.351439 -0.162839 -1.745872
v 0.349525 -0.216614 -1.762003
v 0.348918 -0.274095 -1.762346
v 0.049095 -0.271416 -1.762607
v 0.349337 -0.316188 -1.752740
v 0.048291 -0.314975 -1.753121
v 0.350033 -0.346104 -1.737769
v 0.635242 -0.318683 -1.751602
v 0.637190 -0.346913 -1.737071
v 0.638304 -0.369488 -1.703726
v 0.876615 -0.347487 -1.737018
v 0.879586 -0.370363 -1.702414
v 0.882470 -0.384075 -1.618758
v 1.021039 -0.370687 -1.699181
v 1.023749 -0.383802 -1.613585
v 1.028571 -0.388068 -1.512004
v 1.127298 -0.383352 -1.606886
v 1.132501 -0.386867 -1.506833
v 1.137530 -0.388085 -1.391562
v 1.217512 -0.383396 -1.501986
v 1.223508 -0.383899 -1.382641
v 1.224959 -0.384121 -1.233422
v 1.295554 -0.371856 -1.378596
v 1.296552 -0.371628 -1.228621
v 1.297773 -0.371275 -0.979485
v 1.333985 -0.348581 -1.229760
v 1.334315 -0.348490 -0.978775
v 1.334754 -0.347511 -0.612143
v 1.352271 -0.319813 -0.977900
v 1.352738 -0.317087 -0.612551
v 1.354127 -0.313769 -0.209969
v 1.363551 -0.274526 -0.612698
v 1.364479 -0.268990 -0.212727
v 1.364549 -0.215637 -0.614592
v 1.363927 -0.209801 -0.219046
v 1.350550 -0.162219 -0.616440
v 1.351082 -0.163210 -0.229265
v 1.350939 -0.163645 0.207313
v 1.286706 -0.140900 -0.222978
v 1.286706 -0.141192 0.194599
v 1.286320 -0.136107 0.590507
v 1.284850 -0.008331 0.182695
v 1.284848 -0.006416 0.581232
v 1.284793 -0.004075 0.954711
v 1.284823 0.086097 0.583068
v 1.284772 0.086261 0.960099
v 1.284491 0.086297 1.170941
v 1.284775 0.177517 0.957717
v 1.284515 0.176956 1.168851
v 1.283845 0.176600 1.317111
v 1.283797 0.086304 1.320094
v 1.282260 0.176306 1.441585
v 1.282240 0.086329 1.445336
v 1.278962 0.176051 1.558827
v 1.278854 0.086326 1.562282
v 1.244903 0.175877 1.651032
v 1.242782 0.086243 1.652101
v 1.166119 0.175782 1.665364
v 1.163828 0.086074 1.665020
v 1.078530 0.175733 1.668241
v 1.076591 0.085837 1.668186
v 0.975318 0.175641 1.669627
v 0.973755 0.085540 1.669680
v 0.848202 0.175488 1.670235
v 0.846620 0.085115 1.670246
v 0.618239 0.175404 1.670407
v 0.616754 0.084388 1.670407
v 0.613805 -0.006609 1.670436
v 0.327392 0.083508 1.670415
v 0.326486 -0.008854 1.670446
v 0.339889 -0.139291 1.672432
v 0.029475 -0.010424 1.670449
v 0.046881 -0.142607 1.672743
v 0.063618 -0.168938 1.748806
v -0.256997 -0.143321 1.672799
v -0.254165 -0.169745 1.749309
v -0.247052 -0.227841 1.763147
v -0.546591 -0.170958 1.749864
v -0.534613 -0.231543 1.763336
v -0.532729 -0.286811 1.760241
v -0.244543 -0.283459 1.760821
v -0.532326 -0.323365 1.749405
v -0.790528 -0.290260 1.759702
v -0.792073 -0.325822 1.748775
v -0.793767 -0.352224 1.730712
v -0.996765 -0.329784 1.747499
v -0.995078 -0.355134 1.727033
v -0.995397 -0.374209 1.680648
v -1.104654 -0.380492 1.605720
v -1.193834 -0.371013 1.609186
v -1.203884 -0.373092 1.514897
v -1.257253 -0.351065 1.614519
v -1.267670 -0.350191 1.513692
v -1.270577 -0.349695 1.383596
v -1.312122 -0.317749 1.511563
v -1.314489 -0.316695 1.387097
v -1.315159 -0.316383 1.223509
v -1.352307 -0.265156 1.382287
v -1.352448 -0.264954 1.225383
v -1.353086 -0.264095 0.970415
v -1.378911 -0.185259 1.232534
v -1.379188 -0.184532 0.982934
v -1.379166 -0.183765 0.597829
v -1.385401 -0.131542 0.995553
v -1.385472 -0.129243 0.603479
v -1.385519 -0.127823 0.185075
v -1.386094 -0.003717 0.609161
v -1.386106 -0.002174 0.186739
v -1.386104 -0.001651 -0.240695
v -1.386111 0.087752 0.186186
v -1.386111 0.088311 -0.243449
v -1.386110 0.088616 -0.663668
v -1.386111 0.178775 -0.245004
v -1.386110 0.179553 -0.665136
v -1.386036 0.180386 -1.050766
v -1.386098 0.377815 -0.666745
v -1.386014 0.379402 -1.051611
v -1.385647 0.380604 -1.267921
v -1.385439 0.408686 -1.046962
v -1.385028 0.410280 -1.262706
v -1.384044 0.411459 -1.411213
v -1.384652 0.381474 -1.422252
v -1.382335 0.412416 -1.531933
v -1.382598 0.381995 -1.543269
v -1.378293 0.413078 -1.639284
v -1.377351 0.382429 -1.649528
v -1.352539 0.413433 -1.731700
v -1.347010 0.382848 -1.737659
v -1.283906 0.413459 -1.763310
v -1.278326 0.383272 -1.764167
v -1.202769 0.413633 -1.756981
v -1.200593 0.383697 -1.753669
v -1.142158 0.414069 -1.673098
v -1.159109 0.384009 -1.671687
v -0.827638 0.415939 -1.672523
v -0.863163 0.384546 -1.670678
v -0.556829 0.418561 -1.672626
v -0.572759 0.385468 -1.670542
v -0.577896 0.183637 -1.670513
v -0.275396 0.385784 -1.670539
v -0.279182 0.183722 -1.670510
v -0.279347 0.090109 -1.670510
v 0.021556 0.183389 -1.670510
v 0.021537 0.090300 -1.670510
v 0.023413 -0.002675 -1.670533
v 0.322504 0.090556 -1.670510
v 0.322279 -0.001424 -1.670533
v 0.334939 -0.130388 -1.671869
v 0.611679 0.000027 -1.670524
v 0.615207 -0.126108 -1.671606
v 0.618490 -0.162205 -1.745173
v 0.841625 -0.121364 -1.671229
v 0.838878 -0.159385 -1.743376
v 0.865033 -0.229352 -1.763216
v 0.628630 -0.223483 -1.762827
v 0.874019 -0.284336 -1.760964
v 0.631942 -0.279519 -1.761486
v 0.875459 -0.320471 -1.751637
v 1.025109 -0.286420 -1.760721
v 1.024746 -0.321044 -1.751128
v 1.021318 -0.347939 -1.736452
v 1.132922 -0.321110 -1.750485
v 1.126488 -0.348440 -1.735117
v 1.124629 -0.371207 -1.693933
v 1.223104 -0.321426 -1.746484
v 1.135795 -0.286404 -1.760009
v 1.230922 -0.286290 -1.756084
v 1.315622 -0.287181 -1.736946
v 1.304906 -0.323201 -1.729705
v 1.355621 -0.287034 -1.633675
v 1.343856 -0.322808 -1.627089
v 1.360872 -0.286164 -1.510393
v 1.349550 -0.321611 -1.509370
v 1.330785 -0.350089 -1.507040
v 1.350954 -0.321019 -1.382641
v 1.333433 -0.349060 -1.380014
v 1.289043 -0.372789 -1.503631
v 1.351472 -0.320747 -1.232899
v 1.361871 -0.285526 -1.381945
v 1.362041 -0.284656 -1.231318
v 1.362813 -0.281026 -0.975394
v 1.365681 -0.229461 -1.211745
v 1.365549 -0.224479 -0.967357
v 1.347505 -0.157358 -1.176609
v 1.348991 -0.159885 -0.938684
v 1.285298 -0.122548 -1.169597
v 1.285810 -0.127600 -0.964789
v 1.286262 -0.134937 -0.616920
v 1.284784 -0.002086 -0.984391
v 1.284846 -0.005236 -0.615166
v 1.284850 -0.007993 -0.217632
v 1.284823 0.087565 -0.622976
v 1.284824 0.086572 -0.222586
v 1.284824 0.086083 0.180806
v 1.284824 0.179846 -0.225442
v 1.284824 0.179340 0.178378
v 1.284823 0.178426 0.580617
v 1.284845 0.381252 0.174455
v 1.284843 0.378747 0.573752
v 1.284793 0.375783 0.949334
v 1.286144 0.410959 0.576686
v 1.285727 0.403760 0.933074
v 1.285261 0.398747 1.152737
v 1.284524 0.373937 1.159111
v 1.284495 0.395699 1.300968
v 1.283804 0.372687 1.302919
v 1.283195 0.393609 1.433559
v 1.282384 0.371794 1.429735
v 1.279877 0.392070 1.554153
v 1.279325 0.371149 1.550769
v 1.256791 0.391344 1.642522
v 1.247350 0.370741 1.649801
v 1.182441 0.391572 1.664535
v 1.166457 0.370570 1.664909
v 1.089146 0.392447 1.668479
v 1.075489 0.370682 1.668026
v 0.979449 0.394130 1.670163
v 0.972576 0.371158 1.669619
v 0.848459 0.396820 1.670995
v 0.847902 0.371999 1.670231
v 0.621854 0.401656 1.671418
v 0.617499 0.373480 1.670425
v 0.341910 0.406325 1.671642
v 0.329197 0.374997 1.670434
v 0.328719 0.175514 1.670415
v 0.030786 0.376133 1.670435
v 0.028183 0.175767 1.670415
v 0.027054 0.082846 1.670415
v -0.273564 0.176061 1.670415
v -0.274733 0.082553 1.670415
v -0.271420 -0.011580 1.670453
v -0.573560 0.082710 1.670418
v -0.569416 -0.011488 1.670454
v -0.554611 -0.141636 1.672603
v -0.850363 -0.010517 1.670583
v -0.826129 -0.138937 1.672511
v -0.787010 -0.172464 1.750260
v -1.137784 -0.137025 1.673071
v -1.032282 -0.177260 1.754428
v -1.015489 -0.243907 1.764729
v -0.785439 -0.236143 1.763386
v -1.002969 -0.295105 1.759224
v -1.151620 -0.252332 1.765161
v -1.124650 -0.301943 1.757261
v -1.250067 -0.258622 1.763990
v -1.215222 -0.310590 1.750324
v -1.324697 -0.262536 1.729710
v -1.283008 -0.317932 1.713699
v -1.347643 -0.264105 1.627903
v -1.306025 -0.318657 1.620716
v -1.351831 -0.264788 1.509277
v -1.373030 -0.186894 1.625824
v -1.377521 -0.186484 1.509104
v -1.378446 -0.185798 1.381675
v -1.382316 -0.135398 1.522341
v -1.383989 -0.134450 1.397153
v -1.384984 -0.133293 1.240592
v -1.384705 -0.007854 1.408878
v -1.385661 -0.006886 1.246276
v -1.386041 -0.005371 1.000002
v -1.385641 0.085367 1.246038
v -1.386064 0.086059 0.997887
v -1.386111 0.086947 0.608571
v -1.386068 0.177809 0.996745
v -1.386110 0.177906 0.606865
v -1.386111 0.178212 0.184218
v -1.386101 0.376135 0.604358
v -1.386104 0.375826 0.181362
v -1.386103 0.376408 -0.246141
v -1.385613 0.404287 0.176485
v -1.385585 0.404865 -0.245387
v -1.385571 0.406388 -0.661637
v -1.379639 0.449775 -0.245477
v -1.379639 0.450256 -0.655525
v -1.379467 0.451097 -1.033770
v -1.353515 0.504616 -0.654808
v -1.352805 0.505832 -1.018713
v -1.352199 0.506679 -1.246920
v -1.379193 0.451800 -1.252714
v -1.352087 0.507001 -1.393674
v -1.378626 0.452401 -1.396420
v -1.351542 0.506739 -1.514811
v -1.377766 0.453103 -1.518542
v -1.347321 0.506102 -1.631095
v -1.373062 0.453505 -1.632285
v -1.324083 0.504476 -1.731275
v -1.347069 0.453006 -1.731512
v -1.248575 0.500336 -1.764128
v -1.273593 0.451687 -1.764809
v -1.150793 0.494045 -1.765218
v -1.182679 0.449190 -1.762959
v -1.015466 0.485534 -1.764890
v -1.034690 0.443635 -1.754679
v -0.786544 0.477552 -1.763483
v -0.788005 0.439043 -1.750700
v -0.535862 0.472957 -1.763403
v -0.547053 0.437484 -1.750233
v -0.249573 0.469554 -1.763191
v -0.259278 0.436210 -1.749604
v -0.260561 0.420137 -1.672798
v 0.059189 0.435441 -1.749582
v 0.043330 0.419343 -1.672729
v 0.025328 0.384646 -1.670537
v 0.337133 0.416246 -1.672433
v 0.322559 0.382698 -1.670536
v 0.322072 0.182705 -1.670510
v 0.610278 0.380569 -1.670527
v 0.612962 0.181854 -1.670502
v 0.613522 0.090767 -1.670502
v 0.845249 0.181146 -1.670346
v 0.845227 0.090861 -1.670344
v 0.842401 0.001423 -1.670347
v 0.970031 0.090866 -1.669840
v 0.966351 0.002323 -1.669792
v 0.972280 -0.118578 -1.670471
v 1.068569 0.002929 -1.668412
v 1.079243 -0.116754 -1.669035
v 1.103613 -0.155481 -1.739328
v 0.990337 -0.156910 -1.741277
v 1.128039 -0.231138 -1.762383
v 1.015054 -0.231355 -1.763385
v 1.201728 -0.154286 -1.735368
v 1.225051 -0.230508 -1.758824
v 1.290498 -0.152838 -1.718113
v 1.314853 -0.230147 -1.740440
v 1.338327 -0.153548 -1.606481
v 1.359379 -0.230538 -1.630410
v 1.344081 -0.154615 -1.475073
v 1.364659 -0.231271 -1.503976
v 1.345961 -0.155757 -1.337572
v 1.365741 -0.231276 -1.369957
v 1.283222 -0.117126 -1.445859
v 1.284557 -0.119367 -1.315299
v 1.282290 0.002130 -1.440904
v 1.283752 0.001141 -1.315725
v 1.284489 -0.000223 -1.175794
v 1.283780 0.089737 -1.329748
v 1.284486 0.089261 -1.186388
v 1.284762 0.088599 -0.995036
v 1.284472 0.179798 -1.188359
v 1.284760 0.179841 -0.996843
v 1.284823 0.179922 -0.625216
v 1.284774 0.378177 -0.989426
v 1.284843 0.380264 -0.622157
v 1.284846 0.381814 -0.225899
v 1.286216 0.412055 -0.629021
v 1.286546 0.416955 -0.236538
v 1.286494 0.416734 0.179563
v 1.351018 0.428954 -0.248615
v 1.350462 0.427948 0.184570
v 1.349670 0.426425 0.577695
v 1.363598 0.447726 0.175690
v 1.363945 0.452124 0.575642
v 1.365107 0.460295 0.934501
v 1.347634 0.423314 0.907317
v 1.365530 0.466060 1.190729
v 1.344932 0.419761 1.155775
v 1.365537 0.467533 1.349080
v 1.342892 0.417719 1.319618
v 1.364609 0.467379 1.486014
v 1.340864 0.416302 1.458936
v 1.360308 0.466646 1.613801
v 1.335855 0.415200 1.588458
v 1.325322 0.466176 1.731913
v 1.300305 0.413887 1.704345
v 1.236026 0.467209 1.757360
v 1.212455 0.416184 1.730439
v 1.138355 0.468335 1.761979
v 1.113859 0.417851 1.735982
v 1.022726 0.468964 1.762990
v 0.998176 0.419823 1.738669
v 0.874039 0.467769 1.763013
v 0.846001 0.422833 1.741568
v 0.638674 0.462907 1.762624
v 0.626609 0.426629 1.744360
v 0.359091 0.456682 1.761899
v 0.359785 0.428048 1.745476
v 0.060017 0.454100 1.761371
v 0.064435 0.428079 1.745402
v 0.046201 0.409223 1.671845
v -0.256139 0.428263 1.745609
v -0.258977 0.410396 1.671899
v -0.270798 0.377133 1.670437
v -0.557425 0.409671 1.671844
v -0.569683 0.377512 1.670438
v -0.573001 0.176379 1.670418
v -0.854306 0.377375 1.670580
v -0.860920 0.176693 1.670507
v -0.860163 0.083156 1.670517
v -1.158292 0.176913 1.671476
v -1.157661 0.083533 1.671469
v -1.154746 -0.010018 1.671579
v -1.196904 0.083751 1.751787
v -1.199723 -0.009734 1.753221
v -1.202661 -0.136588 1.757102
v -1.278577 -0.009378 1.763981
v -1.285230 -0.136483 1.762913
v -1.274376 -0.185131 1.764529
v -1.182158 -0.182667 1.762900
v -1.353998 -0.136490 1.729125
v -1.348060 -0.186427 1.728292
v -1.378454 -0.136107 1.632956
v -1.347446 -0.009034 1.736600
v -1.377450 -0.008694 1.646066
v -1.382637 -0.008343 1.536394
v -1.376476 0.084260 1.655879
v -1.382216 0.084512 1.546216
v -1.384576 0.084875 1.414751
v -1.382200 0.177803 1.545291
v -1.384576 0.177856 1.414547
v -1.385675 0.177833 1.244111
v -1.384744 0.377667 1.405742
v -1.385694 0.377340 1.241736
v -1.386060 0.376854 0.997412
v -1.385098 0.406775 1.233605
v -1.385520 0.405824 0.988785
v -1.385576 0.404637 0.596172
v -1.379956 0.448811 0.973018
v -1.379758 0.448772 0.587912
v -1.379815 0.449248 0.172918
v -1.353924 0.503548 0.583901
v -1.354721 0.502519 0.170312
v -1.354356 0.502928 -0.247103
v -1.315916 0.581520 0.167844
v -1.315699 0.581488 -0.248590
v -1.314665 0.582591 -0.655238
v -1.267504 0.617352 -0.249947
v -1.266739 0.617837 -0.656079
v -1.266854 0.617797 -1.002637
v -1.313990 0.583275 -1.007824
v -1.267236 0.617337 -1.238555
v -1.313959 0.583072 -1.246449
v -1.267406 0.617102 -1.389937
v -1.313337 0.583422 -1.395814
v -1.264805 0.617507 -1.508631
v -1.310980 0.584531 -1.512059
v -1.255176 0.618393 -1.607093
v -1.305299 0.585480 -1.618304
v -1.282897 0.584751 -1.712385
v -1.215253 0.577021 -1.750574
v -1.123230 0.568155 -1.757532
v -0.994442 0.596366 -1.747809
v -1.001650 0.561563 -1.759577
v -0.792600 0.592133 -1.749146
v -0.790794 0.556802 -1.759782
v -0.534576 0.589159 -1.749755
v -0.534348 0.552994 -1.760442
v -0.246102 0.587160 -1.750650
v -0.246858 0.549578 -1.761001
v 0.049644 0.586363 -1.750787
v 0.050504 0.548266 -1.761062
v 0.052592 0.468488 -1.763054
v 0.343236 0.549094 -1.761043
v 0.345908 0.469468 -1.763180
v 0.352013 0.435062 -1.749351
v 0.621680 0.472313 -1.763301
v 0.614772 0.434346 -1.748812
v 0.614088 0.410836 -1.672023
v 0.836751 0.430591 -1.746396
v 0.842329 0.404848 -1.671448
v 0.843681 0.378687 -1.670368
v 0.966513 0.401377 -1.670668
v 0.962988 0.377354 -1.669749
v 0.969123 0.180703 -1.669848
v 1.062623 0.376343 -1.668282
v 1.070344 0.180373 -1.668602
v 1.071535 0.090837 -1.668576
v 1.157574 0.180124 -1.666103
v 1.159313 0.090764 -1.666026
v 1.159367 0.003175 -1.665969
v 1.239495 0.090635 -1.654380
v 1.240889 0.003125 -1.653702
v 1.249224 -0.114891 -1.650298
v 1.171921 -0.115557 -1.665929
v 1.279013 0.002795 -1.560801
v 1.279344 -0.115475 -1.567739
v 1.278609 0.090423 -1.566997
v 1.282098 0.090112 -1.450855
v 1.278167 0.179822 -1.570533
v 1.282135 0.179769 -1.455230
v 1.283751 0.179767 -1.333479
v 1.282155 0.375633 -1.455012
v 1.283691 0.376117 -1.328210
v 1.284451 0.376958 -1.182743
v 1.284495 0.399216 -1.337335
v 1.285310 0.401714 -1.183320
v 1.285797 0.405897 -0.974849
v 1.348479 0.424942 -1.195815
v 1.349768 0.427161 -0.955196
v 1.350955 0.428884 -0.635596
v 1.365570 0.466985 -0.989098
v 1.364645 0.456816 -0.643097
v 1.363699 0.449324 -0.249201
v 1.363730 0.539803 -0.646846
v 1.364677 0.532717 -0.248936
v 1.364928 0.530940 0.169357
v 1.354110 0.579233 -0.250300
v 1.354804 0.577880 0.165997
v 1.353716 0.580084 0.572517
v 1.364190 0.535617 0.572963
v 1.353417 0.582793 0.943391
v 1.363527 0.542184 0.941070
v 1.352767 0.583904 1.211554
v 1.362692 0.546614 1.209381
v 1.352275 0.583798 1.364791
v 1.362507 0.548109 1.362479
v 1.351157 0.584086 1.489635
v 1.361477 0.548748 1.492826
v 1.346764 0.585411 1.606419
v 1.357292 0.549362 1.615781
v 1.321787 0.586663 1.716370
v 1.329082 0.549720 1.726485
v 1.239526 0.584553 1.745170
v 1.243779 0.548867 1.754921
v 1.145366 0.584268 1.750725
v 1.147755 0.549008 1.759995
v 1.034004 0.584875 1.751203
v 1.034155 0.549607 1.760895
v 0.887059 0.584927 1.751701
v 0.885352 0.548246 1.761024
v 0.646090 0.583746 1.751345
v 0.642640 0.544090 1.761375
v 0.359380 0.581658 1.752274
v 0.358825 0.539240 1.762256
v 0.058193 0.580778 1.752454
v 0.058805 0.537013 1.762421
v -0.244228 0.582348 1.751994
v -0.244649 0.539021 1.762276
v -0.247457 0.455830 1.761754
v -0.534192 0.545069 1.761359
v -0.536007 0.461963 1.762568
v -0.546930 0.429029 1.745863
v -0.790795 0.468805 1.763002
v -0.795109 0.431250 1.746825
v -0.832626 0.407894 1.671934
v -1.038755 0.436379 1.751724
v -1.130761 0.406752 1.672507
v -1.155179 0.377509 1.671564
v -1.201287 0.407049 1.755943
v -1.199693 0.377778 1.753193
v -1.197438 0.177179 1.752056
v -1.279037 0.377772 1.763888
v -1.273343 0.177385 1.764201
v -1.272855 0.083910 1.764334
v -1.342557 0.177547 1.739652
v -1.341792 0.084075 1.740208
v -1.376659 0.177681 1.654684
v -1.348014 0.377724 1.735666
v -1.377484 0.377729 1.643298
v -1.382665 0.377764 1.533147
v -1.378766 0.407990 1.629670
v -1.382773 0.407799 1.517548
v -1.384262 0.407363 1.391609
v -1.378391 0.449227 1.500010
v -1.379426 0.449118 1.372304
v -1.379747 0.448979 1.221052
v -1.353454 0.504586 1.367789
v -1.353431 0.504686 1.215484
v -1.353743 0.504404 0.959452
v -1.315120 0.582068 1.214692
v -1.314706 0.582758 0.952575
v -1.314603 0.582377 0.580810
v -1.267960 0.617241 0.947522
v -1.266604 0.617729 0.578292
v -1.267424 0.617353 0.165867
v -1.200557 0.640625 0.575795
v -1.200313 0.641071 0.164165
v -1.199388 0.641012 -0.251322
v -1.102116 0.651793 0.162448
v -1.101823 0.651647 -0.252813
v -1.102392 0.651687 -0.658401
v -1.199256 0.641115 -0.657163
v -1.101291 0.651762 -1.005785
v -1.198834 0.641280 -1.002672
v -1.100491 0.651590 -1.244348
v -1.198074 0.641238 -1.237407
v -1.100473 0.651081 -1.391569
v -1.197546 0.641054 -1.387064
v -1.099665 0.650006 -1.507272
v -1.195880 0.640204 -1.507485
v -1.097904 0.646803 -1.598924
v -1.190459 0.638087 -1.600667
v -0.989092 0.653214 -1.504432
v -0.987664 0.650129 -1.599562
v -0.988325 0.640537 -1.679712
v -0.798951 0.650335 -1.604345
v -0.796522 0.639344 -1.688865
v -0.794279 0.618465 -1.731248
v -0.990165 0.621710 -1.726979
v -0.536659 0.637540 -1.697577
v -0.535412 0.615757 -1.734630
v -0.246070 0.636269 -1.701512
v -0.245957 0.614036 -1.736313
v 0.049052 0.635591 -1.702407
v 0.049245 0.613384 -1.736490
v 0.342000 0.635655 -1.702777
v 0.341969 0.613489 -1.736548
v 0.342247 0.586680 -1.750770
v 0.626518 0.613862 -1.736240
v 0.625246 0.587508 -1.750365
v 0.623527 0.551587 -1.760631
v 0.872503 0.587973 -1.750807
v 0.871056 0.553884 -1.760341
v 0.863022 0.476486 -1.763571
v 1.022762 0.554858 -1.760205
v 1.013341 0.477734 -1.763628
v 0.985536 0.427708 -1.744406
v 1.123472 0.477239 -1.762722
v 1.093989 0.425886 -1.742949
v 1.068931 0.399041 -1.669339
v 1.189380 0.424254 -1.739583
v 1.160167 0.397430 -1.666920
v 1.151834 0.375750 -1.665806
v 1.238380 0.396362 -1.655642
v 1.234011 0.375460 -1.656983
v 1.237738 0.179941 -1.655237
v 1.277918 0.375411 -1.573854
v 1.276761 0.396365 -1.589781
v 1.282838 0.397559 -1.472271
v 1.338031 0.421472 -1.632942
v 1.345193 0.422358 -1.503100
v 1.347235 0.423363 -1.362036
v 1.364355 0.474400 -1.525096
v 1.365713 0.474600 -1.390137
v 1.365589 0.472872 -1.235347
v 1.361557 0.553307 -1.396562
v 1.361855 0.551315 -1.253639
v 1.362682 0.547015 -1.001338
v 1.350891 0.587302 -1.254162
v 1.351936 0.585898 -1.006007
v 1.352909 0.582856 -0.650545
v 1.333893 0.614430 -1.008937
v 1.334412 0.613731 -0.652803
v 1.335192 0.612617 -0.252186
v 1.298543 0.636292 -0.654271
v 1.299049 0.635876 -0.253677
v 1.299914 0.635902 0.163105
v 1.336000 0.611956 0.164248
v 1.298794 0.635779 0.571791
v 1.335067 0.612476 0.572340
v 1.299712 0.636089 0.944737
v 1.335442 0.612671 0.944453
v 1.299693 0.635804 1.208083
v 1.335556 0.612149 1.208161
v 1.299890 0.635555 1.363183
v 1.335445 0.612041 1.362597
v 1.300026 0.634594 1.488898
v 1.334446 0.612020 1.486912
v 1.230962 0.648670 1.369304
v 1.231267 0.647616 1.497142
v 1.148465 0.653238 1.380121
v 1.147225 0.652183 1.505555
v 1.144084 0.648071 1.610919
v 1.139953 0.634759 1.696506
v 1.037755 0.653407 1.511635
v 1.033676 0.649018 1.615314
v 1.031157 0.635254 1.699027
v 0.889319 0.649451 1.617930
v 0.888092 0.635371 1.702188
v 0.887051 0.612177 1.736718
v 1.030929 0.611710 1.736443
v 1.140386 0.611290 1.735609
v 0.648819 0.634791 1.702350
v 0.647943 0.612109 1.736179
v 0.360414 0.634685 1.701863
v 0.360064 0.611735 1.736754
v 0.057542 0.635424 1.700437
v 0.057831 0.611941 1.736278
v -0.245069 0.636242 1.697820
v -0.244669 0.613029 1.735888
v -0.533676 0.637161 1.695628
v -0.533126 0.614496 1.734669
v -0.533213 0.585364 1.750928
v -0.793682 0.617114 1.731547
v -0.794375 0.588937 1.749698
v -0.794131 0.548897 1.760675
v -0.996037 0.594715 1.747664
v -1.007693 0.555940 1.760475
v -1.025676 0.478569 1.764618
v -1.126528 0.566570 1.757463
v -1.157257 0.489232 1.765354
v -1.181268 0.441936 1.761804
v -1.252877 0.495872 1.764503
v -1.275484 0.445613 1.764327
v -1.286349 0.407514 1.762749
v -1.351127 0.447964 1.726622
v -1.355055 0.407933 1.728088
v -1.374295 0.449017 1.620306
v -1.329475 0.500524 1.723118
v -1.349823 0.502810 1.615741
v -1.353200 0.503875 1.494233
v -1.311559 0.580377 1.606492
v -1.315700 0.580200 1.489922
v -1.315936 0.580994 1.366804
v -1.270444 0.614397 1.487279
v -1.271295 0.614853 1.360049
v -1.269757 0.616118 1.206967
v -1.206953 0.639293 1.358962
v -1.204438 0.640087 1.201545
v -1.202355 0.640651 0.944024
v -1.108448 0.651288 1.203287
v -1.105873 0.651592 0.941301
v -1.103826 0.651440 0.573310
v -0.998730 0.655001 0.941873
v -0.992374 0.654966 0.571046
v -0.988843 0.655110 0.160541
v -0.809138 0.656156 0.569396
v -0.805942 0.656211 0.158341
v -0.805917 0.656174 -0.257328
v -0.988939 0.655036 -0.254755
v -0.807426 0.656149 -0.665880
v -0.991517 0.655046 -0.660669
v -0.807485 0.656116 -1.024886
v -0.994358 0.655032 -1.013187
v -0.806856 0.655924 -1.245841
v -0.994150 0.654998 -1.249048
v -0.804541 0.655350 -1.390440
v -0.991722 0.654520 -1.393584
v -0.801516 0.654079 -1.502316
v -0.540409 0.655484 -1.387478
v -0.539194 0.654200 -1.506115
v -0.538024 0.649996 -1.612670
v -0.246536 0.654175 -1.511767
v -0.246267 0.649625 -1.618558
v 0.048873 0.654068 -1.514535
v 0.048908 0.649225 -1.620971
v 0.342670 0.654103 -1.514593
v 0.342271 0.649315 -1.621209
v 0.630047 0.654074 -1.514788
v 0.628836 0.649315 -1.620406
v 0.627715 0.635868 -1.701943
v 0.877604 0.649588 -1.618823
v 0.875549 0.636243 -1.701445
v 0.873656 0.613901 -1.736422
v 1.020099 0.636333 -1.698947
v 1.019704 0.613896 -1.736088
v 1.021737 0.587903 -1.750426
v 1.124880 0.614371 -1.734733
v 1.129166 0.587624 -1.750019
v 1.131900 0.555199 -1.759538
v 1.219674 0.588018 -1.746409
v 1.224746 0.555479 -1.756076
v 1.215764 0.476033 -1.759932
v 1.308147 0.555636 -1.740436
v 1.304136 0.474832 -1.745247
v 1.278547 0.422156 -1.726654
v 1.357975 0.474306 -1.649813
v 1.354062 0.555228 -1.645916
v 1.360223 0.554533 -1.524398
v 1.342774 0.589262 -1.635087
v 1.349180 0.588132 -1.517661
v 1.350328 0.587790 -1.392733
v 1.330449 0.615890 -1.511700
v 1.332855 0.615224 -1.387747
v 1.333070 0.614891 -1.249001
v 1.294993 0.637651 -1.386535
v 1.295833 0.637406 -1.246474
v 1.297179 0.636915 -1.011845
v 1.224887 0.649555 -1.252336
v 1.227887 0.649441 -1.013797
v 1.232387 0.648980 -0.655855
v 1.235207 0.648571 -0.254610
v 1.142166 0.654153 -1.015882
v 1.146019 0.654091 -0.657927
v 1.148669 0.653949 -0.255228
v 1.148062 0.654111 0.161106
v 1.235023 0.648871 0.162144
v 1.032581 0.655640 -0.661098
v 1.030396 0.655630 -0.255973
v 1.030781 0.655675 0.159894
v 1.033304 0.655578 0.569751
v 1.146542 0.653984 0.570501
v 0.880258 0.656323 -0.257384
v 0.881883 0.656350 0.158378
v 0.886181 0.656267 0.569347
v 0.889041 0.656258 0.947426
v 1.036781 0.655626 0.943995
v 0.640057 0.656445 0.156309
v 0.645437 0.656442 0.568589
v 0.650581 0.656400 0.951732
v 0.650889 0.656193 1.204534
v 0.891606 0.656055 1.218300
v 0.352146 0.656446 0.565787
v 0.355281 0.656433 0.951264
v 0.357197 0.656175 1.196481
v 0.358500 0.655571 1.368778
v 0.650173 0.655522 1.375660
v 0.055155 0.656428 0.950184
v 0.056075 0.656222 1.193561
v 0.056609 0.655589 1.364010
v 0.056955 0.654180 1.501209
v 0.359544 0.654195 1.506146
v -0.244375 0.656194 1.193348
v -0.244547 0.655613 1.361186
v -0.244887 0.654301 1.498762
v -0.245124 0.649772 1.613347
v 0.057218 0.649331 1.615606
v -0.537787 0.655586 1.364429
v -0.536181 0.654262 1.497173
v -0.534766 0.649964 1.609654
v -0.800864 0.654100 1.495118
v -0.797664 0.650485 1.600947
v -0.795371 0.639095 1.688007
v -0.996475 0.650205 1.591592
v -0.994955 0.640724 1.675653
v -0.994259 0.621036 1.726363
v -1.106599 0.646948 1.587836
v -0.999522 0.653219 1.495064
v -1.110580 0.649551 1.490778
v -1.206067 0.638527 1.486981
v -1.197594 0.637187 1.590138
v -1.264175 0.615022 1.596011
v -1.292773 0.580891 1.707819
v -1.221739 0.575651 1.749959
v -1.111108 0.650668 1.365861
v -1.002738 0.654482 1.375275
v -1.003759 0.654986 1.208328
v -0.805416 0.655358 1.374197
v -0.809226 0.655923 1.208662
v -0.810929 0.656128 0.946841
v -0.539652 0.656182 1.198642
v -0.541718 0.656406 0.952893
v -0.542230 0.656439 0.568197
v -0.244487 0.656431 0.952075
v -0.244876 0.656446 0.566150
v -0.245403 0.656446 0.154035
v -0.541640 0.656443 0.155916
v -0.246162 0.656446 -0.262296
v -0.542217 0.656442 -0.260266
v -0.246920 0.656446 -0.676865
v -0.543778 0.656440 -0.673116
v -0.247189 0.656379 -1.050858
v -0.543703 0.656361 -1.040461
v -0.247114 0.656116 -1.240951
v -0.542046 0.656079 -1.238839
v -0.246852 0.655501 -1.390763
v 0.049037 0.656085 -1.243060
v 0.048908 0.655448 -1.393309
v 0.344044 0.656116 -1.243720
v 0.343259 0.655476 -1.393592
v 0.634100 0.656073 -1.246912
v 0.631608 0.655431 -1.396895
v 0.885017 0.655980 -1.258968
v 0.882317 0.655511 -1.405997
v 0.879690 0.654087 -1.516376
v 1.033139 0.654935 -1.409052
v 1.027285 0.653519 -1.516307
v 1.022667 0.649214 -1.614941
v 1.132825 0.652331 -1.511483
v 1.127773 0.648731 -1.608509
v 1.125159 0.636835 -1.693548
v 1.217903 0.648845 -1.506275
v 1.223467 0.649420 -1.391508
v 1.288460 0.638431 -1.507084
v 1.137838 0.653531 -1.401044
v 1.140712 0.653950 -1.262815
v 1.037331 0.655480 -1.265625
v 1.036801 0.655591 -1.020897
v 0.886232 0.656236 -1.029745
v 0.882810 0.656283 -0.665875
v 0.637251 0.656373 -1.044080
v 0.639193 0.656440 -0.672392
v 0.638766 0.656444 -0.259706
v 0.345006 0.656386 -1.053364
v 0.346263 0.656446 -0.676743
v 0.347263 0.656446 -0.261897
v 0.349030 0.656446 0.154230
v 0.049947 0.656446 -0.677795
v 0.050892 0.656446 -0.262811
v 0.052166 0.656446 0.153328
v 0.053708 0.656446 0.564499
v 0.049327 0.656384 -1.054793
v 0.360241 0.649221 1.620194
v 0.649362 0.648893 1.619803
v 0.649768 0.654067 1.508423
v 0.890558 0.654152 1.510203
v 0.891862 0.655595 1.386859
v 1.041445 0.655059 1.388671
v 1.041966 0.655562 1.223096
v 1.146250 0.653983 1.220826
v 1.144252 0.654181 0.943395
v 1.230154 0.649085 1.213319
v 1.230703 0.649297 0.944234
v 1.232663 0.648759 0.571147
v 1.300003 0.589838 -1.731007
vn 0.2021 -0.9581 -0.2032
vn -0.1092 0.9128 0.3935
vn -0.1033 0.9114 -0.3984
vn 0.2002 -0.9404 0.2749
vn 0.2007 0.9584 -0.2030
vn -0.1043 -0.9042 0.4141
vn 0.2882 0.9396 0.1844
vn -0.1035 -0.9163 -0.3870
vn 0.3933 -0.8014 -0.4507
vn 0.6208 -0.7736 -0.1270
vn 0.2704 -0.9595 -0.0785
vn 0.0766 -0.9944 -0.0732
vn 0.0706 -0.9613 -0.2664
vn 0.0929 -0.7598 -0.6435
vn -0.1735 0.9688 0.1772
vn -0.3661 0.8871 0.2812
vn -0.1669 0.7630 0.6245
vn -0.0333 0.5930 0.8045
vn -0.0404 0.8724 0.4872
vn -0.0524 0.9815 0.1843
vn -0.0393 0.8687 -0.4938
vn -0.0339 0.5930 -0.8045
vn -0.1528 0.7597 -0.6321
vn -0.3343 0.8954 -0.2941
vn -0.1616 0.9689 -0.1873
vn -0.0490 0.9795 -0.1952
vn 0.2742 -0.9546 0.1161
vn 0.6042 -0.7807 0.1596
vn 0.3417 -0.7826 0.5203
vn 0.0731 -0.7189 0.6912
vn 0.0633 -0.9405 0.3338
vn 0.0783 -0.9915 0.1043
vn 0.3912 0.8030 -0.4495
vn 0.0904 0.7643 -0.6385
vn 0.0704 0.9616 -0.2654
vn 0.0771 0.9943 -0.0742
vn 0.2685 0.9600 -0.0797
vn 0.6160 0.7769 -0.1305
vn -0.1640 -0.9660 0.2001
vn -0.0509 -0.9780 0.2024
vn -0.0400 -0.8624 0.5046
vn -0.1507 -0.7448 0.6501
vn -0.3399 -0.8835 0.3224
vn -0.0334 -0.5855 0.8100
vn 0.3502 0.9343 0.0665
vn 0.1092 0.9908 0.0804
vn 0.1083 0.9538 0.2801
vn 0.4876 0.7833 0.3856
vn 0.6896 0.7195 0.0831
vn 0.1411 0.7536 0.6420
vn -0.0380 -0.8747 -0.4831
vn -0.0490 -0.9821 -0.1820
vn -0.1655 -0.9711 -0.1717
vn -0.1559 -0.7641 -0.6259
vn -0.0299 -0.5896 -0.8071
vn -0.3530 -0.8944 -0.2748
vn -0.4382 -0.8967 -0.0626
vn -0.6946 -0.7141 -0.0871
vn -0.5571 -0.6880 -0.4651
vn -0.1980 -0.5109 -0.8366
vn -0.1960 -0.9791 -0.0545
vn -0.2145 -0.9766 -0.0170
vn -0.4654 -0.8849 -0.0163
vn -0.0608 -0.9962 -0.0618
vn -0.0665 -0.9976 -0.0199
vn -0.0693 -0.9976 -0.0063
vn -0.2218 -0.9751 -0.0054
vn -0.0155 -0.9972 -0.0726
vn -0.0171 -0.9996 -0.0218
vn -0.0184 -0.9998 -0.0072
vn -0.0190 -0.9998 -0.0020
vn -0.0706 -0.9975 -0.0019
vn -0.0022 -0.9997 -0.0237
vn -0.0026 -1.0000 -0.0073
vn -0.0029 -1.0000 -0.0021
vn -0.0034 -1.0000 -0.0004
vn -0.0190 -0.9998 -0.0001
vn -0.0003 -1.0000 -0.0072
vn -0.0004 -1.0000 -0.0024
vn -0.0005 -1.0000 -0.0006
vn -0.0006 -1.0000 -0.0001
vn -0.0037 -1.0000 -0.0000
vn -0.0000 -1.0000 -0.0025
vn -0.0001 -1.0000 -0.0006
vn -0.0000 -1.0000 -0.0000
vn -0.0005 -1.0000 -0.0000
vn -0.0000 -1.0000 -0.0006
vn -0.0000 -1.0000 0.0001
vn 0.0003 -1.0000 -0.0000
vn 0.0003 -1.0000 0.0001
vn 0.0003 -1.0000 0.0007
vn -0.0000 -1.0000 0.0007
vn 0.0025 -1.0000 0.0001
vn 0.0024 -1.0000 0.0001
vn 0.0021 -1.0000 0.0005
vn 0.0017 -1.0000 0.0022
vn 0.0001 -1.0000 0.0025
vn 0.0087 -1.0000 -0.0000
vn 0.0085 -1.0000 0.0002
vn 0.0086 -1.0000 0.0022
vn 0.0085 -0.9999 0.0094
vn 0.0017 -1.0000 0.0086
vn 0.0336 -0.9994 0.0001
vn 0.0321 -0.9995 0.0020
vn 0.0292 -0.9995 0.0081
vn 0.0257 -0.9992 0.0312
vn 0.0078 -0.9995 0.0313
vn 0.1067 -0.9943 0.0008
vn 0.0987 -0.9951 0.0056
vn 0.0925 -0.9953 0.0303
vn 0.0233 -0.9934 0.1124
vn 0.3259 -0.9454 0.0052
vn 0.3072 -0.9511 0.0308
vn 0.6833 -0.7301 0.0059
vn 0.6623 -0.7486 0.0312
vn 0.9024 -0.4309 0.0052
vn 0.8932 -0.4486 0.0300
vn 0.8347 -0.5025 0.2251
vn 0.9802 -0.1956 0.0307
vn 0.9415 -0.2020 0.2696
vn 0.5938 -0.2010 0.7791
vn 0.5017 -0.5105 0.6983
vn 0.1080 -0.1717 0.9792
vn 0.0957 -0.4204 0.9023
vn 0.0205 -0.1713 0.9850
vn 0.0189 -0.3919 0.9198
vn 0.0184 -0.6939 0.7199
vn 0.0037 -0.3872 0.9220
vn 0.0061 -0.6865 0.7271
vn 0.0076 -0.9316 0.3635
vn 0.0206 -0.9340 0.3566
vn 0.0074 -0.9938 0.1114
vn 0.0023 -0.9309 0.3652
vn 0.0019 -0.9941 0.1082
vn 0.0019 -0.9995 0.0300
vn -0.0001 -0.9944 0.1053
vn -0.0001 -0.9996 0.0285
vn -0.0001 -1.0000 0.0078
vn -0.0000 -0.9996 0.0276
vn -0.0000 -1.0000 0.0076
vn -0.0000 -1.0000 0.0027
vn -0.0000 -1.0000 0.0074
vn -0.0000 -1.0000 0.0026
vn -0.0005 -1.0000 0.0006
vn -0.0005 -1.0000 0.0001
vn -0.0037 -1.0000 0.0001
vn -0.0191 -0.9998 -0.0000
vn -0.0191 -0.9998 -0.0001
vn -0.0191 -0.9998 0.0001
vn -0.0729 -0.9973 -0.0000
vn -0.0721 -0.9974 0.0002
vn -0.0714 -0.9975 -0.0002
vn -0.2256 -0.9742 -0.0000
vn -0.2240 -0.9746 -0.0005
vn -0.2231 -0.9748 -0.0019
vn -0.4713 -0.8820 -0.0003
vn -0.4723 -0.8814 -0.0014
vn -0.4733 -0.8809 -0.0047
vn -0.7132 -0.7010 -0.0005
vn -0.7135 -0.7007 -0.0037
vn -0.7103 -0.7037 -0.0179
vn -0.8922 -0.4515 -0.0032
vn -0.8931 -0.4495 -0.0195
vn -0.8891 -0.4428 -0.1155
vn -0.9797 -0.1991 -0.0214
vn -0.9718 -0.1970 -0.1296
vn -0.7683 -0.1616 -0.6194
vn -0.7117 -0.3898 -0.5845
vn -0.2050 -0.0232 -0.9785
vn -0.2184 -0.2072 -0.9536
vn 0.0975 0.3328 -0.9379
vn 0.0044 -0.0453 -0.9990
vn -0.0214 -0.3008 -0.9534
vn 0.0108 0.0475 -0.9988
vn 0.0004 -0.1998 -0.9798
vn -0.0047 -0.4816 -0.8764
vn 0.0025 -0.1535 -0.9881
vn 0.0005 -0.4081 -0.9129
vn -0.0025 -0.7432 -0.6691
vn -0.0098 -0.8083 -0.5887
vn -0.0026 -0.9555 -0.2951
vn -0.0127 -0.9708 -0.2395
vn -0.0016 -0.9964 -0.0844
vn -0.0005 -0.9405 -0.3399
vn -0.0001 -0.9952 -0.0977
vn -0.0003 -0.9997 -0.0259
vn 0.0004 -0.9943 -0.1062
vn 0.0002 -0.9996 -0.0275
vn -0.0000 -1.0000 -0.0072
vn -0.0000 -0.9996 -0.0281
vn -0.0000 -1.0000 -0.0073
vn 0.0002 -1.0000 -0.0024
vn 0.0003 -1.0000 -0.0006
vn 0.0003 -1.0000 -0.0001
vn 0.0023 -1.0000 -0.0004
vn 0.0025 -1.0000 -0.0001
vn 0.0025 -1.0000 -0.0000
vn 0.0091 -1.0000 -0.0000
vn 0.0090 -1.0000 -0.0000
vn 0.0089 -1.0000 0.0001
vn 0.0370 -0.9993 -0.0000
vn 0.0365 -0.9993 0.0001
vn 0.0353 -0.9994 -0.0001
vn 0.1310 -0.9914 0.0002
vn 0.1249 -0.9922 -0.0003
vn 0.1156 -0.9933 -0.0000
vn 0.3754 -0.9269 -0.0005
vn 0.3562 -0.9344 0.0002
vn 0.3398 -0.9405 0.0008
vn 0.7040 -0.7102 0.0002
vn 0.6905 -0.7233 0.0016
vn 0.9155 -0.4022 -0.0001
vn 0.9066 -0.4220 0.0013
vn 0.9877 -0.1561 -0.0002
vn 0.9839 -0.1786 0.0004
vn 0.9816 -0.1909 0.0051
vn 0.9961 0.0881 0.0020
vn 0.9963 0.0861 0.0061
vn 0.9952 0.0928 0.0318
vn 0.7978 0.6030 0.0005
vn 0.7981 0.6021 0.0199
vn 0.7529 0.6194 0.2224
vn 0.9485 0.1345 0.2870
vn 0.4053 0.6358 0.6568
vn 0.5661 0.1511 0.8103
vn 0.0564 0.6288 0.7755
vn 0.0970 0.1151 0.9886
vn 0.0056 0.6250 0.7806
vn 0.0195 0.1035 0.9944
vn -0.0042 0.6263 0.7796
vn 0.0049 0.0969 0.9953
vn 0.0036 -0.1712 0.9852
vn 0.0021 0.0934 0.9956
vn -0.0004 -0.1678 0.9858
vn 0.0003 -0.3846 0.9231
vn -0.0007 -0.1625 0.9867
vn -0.0011 -0.3816 0.9243
vn -0.0007 -0.6839 0.7296
vn 0.0018 -0.6843 0.7292
vn -0.0002 -0.9328 0.3604
vn -0.0003 -0.6835 0.7299
vn -0.0002 -0.9341 0.3570
vn -0.0001 -0.9946 0.1033
vn 0.0002 -0.9360 0.3519
vn 0.0002 -0.9949 0.1009
vn 0.0001 -0.9996 0.0269
vn 0.0003 -0.9953 0.0969
vn 0.0001 -0.9997 0.0258
vn -0.0000 -1.0000 0.0073
vn -0.0003 -0.9997 0.0250
vn -0.0004 -1.0000 0.0073
vn -0.0005 -1.0000 0.0025
vn -0.0027 -1.0000 0.0075
vn -0.0030 -1.0000 0.0023
vn -0.0034 -1.0000 0.0004
vn -0.0201 -0.9998 0.0020
vn -0.0196 -0.9998 0.0001
vn -0.0193 -0.9998 -0.0001
vn -0.0743 -0.9972 -0.0000
vn -0.0738 -0.9973 -0.0002
vn -0.0736 -0.9973 0.0001
vn -0.2283 -0.9736 -0.0002
vn -0.2283 -0.9736 0.0001
vn -0.2275 -0.9738 -0.0000
vn -0.4747 -0.8801 0.0001
vn -0.4746 -0.8802 -0.0000
vn -0.4724 -0.8814 0.0001
vn -0.7174 -0.6967 -0.0001
vn -0.7150 -0.6992 0.0002
vn -0.7132 -0.7010 -0.0000
vn -0.8941 -0.4479 -0.0001
vn -0.8926 -0.4508 -0.0003
vn -0.8920 -0.4520 -0.0002
vn -0.9778 -0.2095 -0.0004
vn -0.9782 -0.2074 -0.0012
vn -0.9793 -0.2024 -0.0049
vn -0.9985 -0.0549 -0.0031
vn -0.9987 -0.0506 -0.0090
vn -0.9984 -0.0497 -0.0270
vn -0.9999 -0.0022 -0.0113
vn -0.9995 -0.0005 -0.0307
vn -0.9832 0.0027 -0.1826
vn -0.9865 -0.0506 -0.1557
vn -0.7262 0.0008 -0.6875
vn -0.7679 -0.0441 -0.6391
vn -0.1263 -0.0005 -0.9920
vn -0.1927 0.0037 -0.9812
vn 0.5722 0.0170 -0.8199
vn 0.3424 0.2574 -0.9036
vn 0.5290 0.0196 -0.8484
vn 0.3761 0.4500 -0.8099
vn 0.0434 0.5906 -0.8058
vn 0.0002 0.5390 -0.8423
vn 0.0010 0.6419 -0.7668
vn 0.0024 0.1036 -0.9946
vn -0.0008 0.6649 -0.7470
vn -0.0009 0.1327 -0.9912
vn 0.0002 -0.1289 -0.9917
vn -0.0003 0.1507 -0.9886
vn 0.0002 -0.1091 -0.9940
vn 0.0003 -0.3417 -0.9398
vn -0.0001 -0.3634 -0.9316
vn 0.0004 -0.6690 -0.7433
vn -0.0007 -0.6933 -0.7206
vn 0.0005 -0.9317 -0.3633
vn -0.0001 -0.6597 -0.7516
vn 0.0001 -0.9271 -0.3749
vn 0.0002 -0.9940 -0.1096
vn -0.0002 -0.9261 -0.3773
vn -0.0000 -0.9938 -0.1110
vn -0.0000 -0.9996 -0.0283
vn -0.0005 -0.9941 -0.1081
vn -0.0003 -0.9996 -0.0283
vn -0.0001 -1.0000 -0.0074
vn 0.0015 -0.9996 -0.0279
vn 0.0016 -1.0000 -0.0077
vn 0.0019 -1.0000 -0.0021
vn 0.0087 -0.9999 -0.0079
vn 0.0089 -1.0000 -0.0020
vn 0.0089 -1.0000 -0.0002
vn 0.0328 -0.9995 -0.0019
vn 0.0342 -0.9994 -0.0001
vn 0.0361 -0.9993 0.0001
vn 0.1175 -0.9931 0.0001
vn 0.1245 -0.9922 0.0002
vn 0.1305 -0.9915 -0.0000
vn 0.3725 -0.9280 0.0004
vn 0.3859 -0.9225 -0.0000
vn 0.3887 -0.9213 0.0001
vn 0.7344 -0.6787 -0.0000
vn 0.7368 -0.6761 -0.0000
vn 0.7230 -0.6908 -0.0006
vn 0.9326 -0.3610 -0.0000
vn 0.9260 -0.3775 -0.0006
vn 0.9937 -0.1118 0.0001
vn 0.9916 -0.1297 -0.0004
vn 0.9907 0.1359 0.0003
vn 0.9928 0.1194 0.0008
vn 0.9950 0.0996 0.0017
vn 0.7576 0.6527 -0.0036
vn 0.7768 0.6298 -0.0040
vn 0.7918 0.6108 -0.0034
vn 0.8466 0.5323 -0.0057
vn 0.8565 0.5162 -0.0040
vn 0.8620 0.5069 0.0013
vn 1.0000 0.0036 0.0033
vn 1.0000 0.0032 0.0085
vn 0.9997 0.0018 0.0233
vn 0.8635 0.5040 0.0187
vn 0.9736 0.0043 0.2280
vn 0.8030 0.5568 0.2126
vn 0.5841 0.0103 0.8116
vn 0.4435 0.6330 0.6345
vn 0.0830 0.0062 0.9965
vn 0.0599 0.5318 0.8447
vn 0.0216 0.0039 0.9998
vn 0.0082 0.5224 0.8526
vn 0.0094 0.0036 0.9999
vn -0.0026 0.5258 0.8506
vn 0.0032 0.0047 1.0000
vn -0.0077 0.5351 0.8448
vn -0.0066 0.6302 0.7764
vn -0.0077 0.5517 0.8340
vn -0.0059 0.6390 0.7692
vn 0.0016 0.0932 0.9956
vn -0.0043 0.6558 0.7549
vn 0.0002 0.0969 0.9953
vn -0.0003 -0.1572 0.9876
vn -0.0000 0.0994 0.9950
vn -0.0000 -0.1550 0.9879
vn 0.0001 -0.3771 0.9262
vn -0.0004 -0.3781 0.9258
vn 0.0001 -0.6859 0.7277
vn 0.0004 -0.3842 0.9233
vn 0.0002 -0.6947 0.7193
vn 0.0004 -0.9396 0.3424
vn -0.0012 -0.7173 0.6968
vn -0.0008 -0.9461 0.3238
vn -0.0001 -0.9958 0.0915
vn -0.0024 -0.9561 0.2930
vn -0.0016 -0.9963 0.0859
vn -0.0022 -0.9997 0.0246
vn -0.0159 -0.9966 0.0808
vn -0.0185 -0.9995 0.0247
vn -0.0198 -0.9998 0.0076
vn -0.0727 -0.9971 0.0242
vn -0.0754 -0.9971 0.0066
vn -0.0753 -0.9972 0.0017
vn -0.2340 -0.9722 0.0051
vn -0.2328 -0.9725 0.0013
vn -0.2300 -0.9732 0.0002
vn -0.4785 -0.8781 0.0009
vn -0.4752 -0.8799 -0.0000
vn -0.4737 -0.8807 -0.0003
vn -0.7128 -0.7013 -0.0003
vn -0.7143 -0.6999 -0.0003
vn -0.7171 -0.6970 0.0001
vn -0.8928 -0.4504 -0.0000
vn -0.8950 -0.4460 0.0002
vn -0.8955 -0.4450 -0.0002
vn -0.9780 -0.2088 0.0001
vn -0.9782 -0.2076 -0.0001
vn -0.9780 -0.2086 -0.0001
vn -0.9983 -0.0574 -0.0000
vn -0.9983 -0.0576 -0.0000
vn -0.9983 -0.0575 -0.0009
vn -1.0000 -0.0024 -0.0001
vn -1.0000 -0.0026 -0.0011
vn -1.0000 -0.0028 -0.0041
vn -1.0000 -0.0001 -0.0010
vn -1.0000 0.0001 -0.0044
vn -0.9999 0.0006 -0.0128
vn -1.0000 0.0001 -0.0045
vn -0.9999 -0.0001 -0.0128
vn -0.9994 -0.0002 -0.0346
vn -0.9994 0.0010 -0.0344
vn -0.9775 -0.0010 -0.2109
vn -0.9773 0.0014 -0.2120
vn -0.6936 -0.0016 -0.7204
vn -0.6920 -0.0001 -0.7219
vn -0.0925 -0.0008 -0.9957
vn -0.0902 -0.0011 -0.9959
vn 0.6060 -0.0017 -0.7955
vn 0.6120 0.0013 -0.7909
vn 0.5458 -0.0016 -0.8379
vn 0.5513 0.0019 -0.8343
vn 0.0019 -0.0002 -1.0000
vn 0.0020 0.0004 -1.0000
vn 0.0018 0.0057 -1.0000
vn 0.0002 0.0002 -1.0000
vn 0.0002 0.0060 -1.0000
vn 0.0003 0.5586 -0.8295
vn -0.0000 0.0060 -1.0000
vn -0.0002 0.5666 -0.8240
vn -0.0007 0.6762 -0.7367
vn -0.0012 0.5634 -0.8262
vn -0.0013 0.6741 -0.7387
vn -0.0000 0.1562 -0.9877
vn -0.0021 0.6597 -0.7516
vn 0.0007 0.1468 -0.9892
vn -0.0002 -0.1120 -0.9937
vn -0.0001 -0.1016 -0.9948
vn -0.0001 -0.3398 -0.9405
vn -0.0001 -0.3347 -0.9423
vn -0.0003 -0.6591 -0.7521
vn -0.0011 -0.3525 -0.9358
vn -0.0010 -0.6655 -0.7464
vn -0.0008 -0.9279 -0.3728
vn 0.0008 -0.6758 -0.7371
vn 0.0018 -0.9321 -0.3621
vn 0.0015 -0.9947 -0.1029
vn 0.0074 -0.9393 -0.3430
vn 0.0066 -0.9953 -0.0964
vn 0.0077 -0.9996 -0.0267
vn 0.0220 -0.9959 -0.0875
vn 0.0265 -0.9994 -0.0233
vn 0.0309 -0.9995 -0.0069
vn 0.0944 -0.9954 -0.0189
vn 0.1059 -0.9944 -0.0049
vn 0.1119 -0.9937 -0.0013
vn 0.3434 -0.9392 -0.0049
vn 0.3541 -0.9352 -0.0009
vn 0.3615 -0.9324 0.0001
vn 0.7040 -0.7102 -0.0010
vn 0.7089 -0.7053 0.0002
vn 0.7206 -0.6933 0.0006
vn 0.9172 -0.3984 0.0005
vn 0.9247 -0.3806 0.0007
vn 0.9317 -0.3633 -0.0001
vn 0.9912 -0.1320 0.0005
vn 0.9935 -0.1134 -0.0002
vn 0.9928 0.1201 -0.0010
vn 0.9908 0.1353 -0.0004
vn 0.7566 0.6539 0.0041
vn 0.7372 0.6757 0.0022
vn 0.7371 0.6758 -0.0014
vn 0.8145 0.5801 0.0024
vn 0.8143 0.5804 -0.0013
vn 0.8289 0.5594 -0.0045
vn 1.0000 0.0068 0.0001
vn 1.0000 0.0059 0.0003
vn 1.0000 0.0046 0.0010
vn 1.0000 0.0001 0.0001
vn 1.0000 -0.0000 0.0008
vn 1.0000 -0.0003 0.0031
vn 1.0000 -0.0001 0.0007
vn 1.0000 -0.0000 0.0030
vn 1.0000 0.0002 0.0085
vn 1.0000 -0.0007 0.0087
vn 0.9998 0.0003 0.0200
vn 0.9998 -0.0014 0.0213
vn 0.9822 -0.0002 0.1877
vn 0.9784 -0.0060 0.2064
vn 0.6446 0.0003 0.7645
vn 0.6269 -0.0037 0.7791
vn 0.1057 0.0004 0.9944
vn 0.0969 0.0014 0.9953
vn 0.0243 -0.0002 0.9997
vn 0.0240 -0.0012 0.9997
vn 0.0095 0.0002 1.0000
vn 0.0096 -0.0006 1.0000
vn 0.0028 0.0001 1.0000
vn 0.0027 -0.0000 1.0000
vn 0.0004 -0.0000 1.0000
vn 0.0004 0.0001 1.0000
vn 0.0007 0.0062 1.0000
vn -0.0000 0.0002 1.0000
vn 0.0003 0.0077 1.0000
vn -0.0045 0.5721 0.8202
vn 0.0001 0.0087 1.0000
vn -0.0021 0.5850 0.8110
vn -0.0024 0.6692 0.7431
vn -0.0004 0.5851 0.8109
vn -0.0004 0.6677 0.7444
vn -0.0000 0.0941 0.9956
vn 0.0002 0.6532 0.7572
vn -0.0006 0.0820 0.9966
vn 0.0004 -0.1705 0.9854
vn 0.0004 -0.1600 0.9871
vn 0.0001 -0.4039 0.9148
vn 0.0021 -0.1872 0.9823
vn 0.0008 -0.4370 0.8995
vn -0.0018 -0.7555 0.6552
vn -0.0058 -0.4921 0.8705
vn -0.0100 -0.8042 0.5943
vn -0.0124 -0.9676 0.2523
vn -0.0649 -0.9950 0.0763
vn -0.2021 -0.9764 0.0757
vn -0.2256 -0.9739 0.0238
vn -0.4284 -0.8994 0.0869
vn -0.4644 -0.8853 0.0234
vn -0.4785 -0.8781 0.0044
vn -0.7004 -0.7134 0.0222
vn -0.7099 -0.7043 0.0044
vn -0.7126 -0.7015 0.0007
vn -0.8887 -0.4585 0.0036
vn -0.8898 -0.4563 0.0008
vn -0.8911 -0.4539 -0.0000
vn -0.9765 -0.2153 0.0016
vn -0.9766 -0.2150 0.0002
vn -0.9773 -0.2120 -0.0000
vn -0.9982 -0.0607 0.0006
vn -0.9982 -0.0596 -0.0000
vn -0.9983 -0.0581 -0.0000
vn -1.0000 -0.0025 0.0001
vn -1.0000 -0.0024 -0.0000
vn -1.0000 -0.0000 -0.0000
vn -1.0000 -0.0001 -0.0001
vn -1.0000 -0.0000 -0.0001
vn -1.0000 0.0001 -0.0010
vn -1.0000 0.0094 -0.0001
vn -1.0000 0.0099 -0.0010
vn -0.9999 0.0106 -0.0043
vn -0.9969 0.0792 -0.0006
vn -0.9968 0.0797 -0.0033
vn -0.9971 0.0755 -0.0088
vn -0.9999 0.0100 -0.0121
vn -0.9971 0.0709 -0.0267
vn -0.9994 0.0046 -0.0331
vn -0.9859 0.0676 -0.1529
vn -0.9802 -0.0068 -0.1981
vn -0.7800 0.0615 -0.6228
vn -0.7011 0.0043 -0.7131
vn -0.2026 -0.0020 -0.9793
vn -0.1114 -0.0003 -0.9938
vn 0.3011 -0.3362 -0.8923
vn 0.5720 -0.0822 -0.8161
vn 0.2933 -0.5372 -0.7908
vn 0.5617 -0.0967 -0.8217
vn 0.0003 -0.6167 -0.7872
vn 0.0021 -0.0285 -0.9996
vn 0.0010 -0.6406 -0.7678
vn 0.0002 -0.0313 -0.9995
vn 0.0002 -0.0001 -1.0000
vn -0.0000 -0.0323 -0.9995
vn -0.0000 -0.0001 -1.0000
vn -0.0000 0.0001 -1.0000
vn 0.0001 0.0058 -1.0000
vn 0.0002 0.0053 -1.0000
vn -0.0029 0.5514 -0.8342
vn 0.0006 0.0044 -1.0000
vn -0.0055 0.5347 -0.8450
vn -0.0035 0.6431 -0.7657
vn -0.0054 0.5215 -0.8532
vn -0.0039 0.6326 -0.7744
vn 0.0025 0.1215 -0.9926
vn 0.0019 0.1308 -0.9914
vn -0.0008 -0.1470 -0.9891
vn -0.0007 -0.1313 -0.9913
vn -0.0008 -0.3651 -0.9310
vn 0.0036 -0.1547 -0.9879
vn 0.0037 -0.3747 -0.9271
vn 0.0063 -0.6911 -0.7227
vn 0.0258 -0.3896 -0.9206
vn 0.0283 -0.7165 -0.6970
vn 0.0257 -0.9489 -0.3146
vn 0.1162 -0.4294 -0.8956
vn 0.0247 -0.1562 -0.9874
vn 0.1309 -0.1570 -0.9789
vn 0.6506 -0.1870 -0.7360
vn 0.5480 -0.4973 -0.6726
vn 0.9596 -0.1870 -0.2104
vn 0.8621 -0.4740 -0.1793
vn 0.9820 -0.1870 -0.0254
vn 0.8993 -0.4365 -0.0256
vn 0.6697 -0.7421 -0.0271
vn 0.9083 -0.4183 -0.0052
vn 0.6962 -0.7178 -0.0060
vn 0.3149 -0.9489 -0.0221
vn 0.9124 -0.4094 -0.0011
vn 0.9833 -0.1821 -0.0043
vn 0.9849 -0.1729 -0.0004
vn 0.9879 -0.1551 0.0005
vn 0.9955 0.0950 -0.0023
vn 0.9946 0.1038 -0.0016
vn 0.7918 0.6108 0.0038
vn 0.7755 0.6313 0.0048
vn 0.8600 0.5103 0.0047
vn 0.8494 0.5276 0.0067
vn 0.8306 0.5569 0.0056
vn 1.0000 0.0042 -0.0010
vn 1.0000 0.0056 -0.0003
vn 1.0000 0.0068 -0.0001
vn 1.0000 0.0001 -0.0001
vn 1.0000 0.0001 -0.0000
vn 1.0000 -0.0001 -0.0000
vn 1.0000 -0.0001 0.0001
vn 0.9997 -0.0229 -0.0000
vn 0.9998 -0.0203 0.0001
vn 0.9999 -0.0166 0.0008
vn 0.7730 -0.6343 -0.0069
vn 0.7942 -0.6076 -0.0087
vn 0.8063 -0.5915 -0.0068
vn 0.9999 -0.0149 0.0031
vn 0.8132 -0.5820 -0.0019
vn 0.9998 -0.0156 0.0079
vn 0.8156 -0.5786 0.0091
vn 0.9997 -0.0173 0.0181
vn 0.7651 -0.6338 0.1134
vn 0.9859 -0.0559 0.1576
vn 0.5294 -0.7396 0.4157
vn 0.6082 -0.0270 0.7933
vn 0.1263 -0.5940 0.7945
vn 0.1018 -0.0033 0.9948
vn 0.0166 -0.5825 0.8127
vn 0.0232 -0.0138 0.9996
vn -0.0004 -0.5813 0.8137
vn 0.0094 -0.0141 0.9999
vn -0.0072 -0.5860 0.8103
vn 0.0029 -0.0154 0.9999
vn -0.0075 -0.5981 0.8014
vn 0.0004 -0.0177 0.9998
vn -0.0042 -0.6148 0.7887
vn -0.0000 -0.0197 0.9998
vn -0.0000 -0.0000 1.0000
vn -0.0000 -0.0212 0.9998
vn -0.0001 0.0089 1.0000
vn 0.0002 0.0003 1.0000
vn 0.0001 0.0085 1.0000
vn 0.0010 0.5733 0.8193
vn 0.0016 0.0078 1.0000
vn 0.0008 0.5511 0.8345
vn 0.0020 0.6320 0.7750
vn 0.3510 0.4589 0.8162
vn 0.0382 0.5837 0.8111
vn 0.0092 0.0175 0.9998
vn 0.0023 0.0613 0.9981
vn -0.0000 -0.2224 0.9750
vn 0.0010 -0.0616 0.9981
vn -0.0210 -0.3050 0.9521
vn -0.2178 -0.2226 0.9503
vn -0.1869 -0.5016 0.8447
vn -0.6970 -0.4018 0.5939
vn -0.5308 -0.6998 0.4780
vn -0.8786 -0.4610 0.1249
vn -0.6762 -0.7293 0.1039
vn -0.8870 -0.4613 0.0209
vn -0.9693 -0.2099 0.1283
vn -0.9776 -0.2093 0.0205
vn -0.9773 -0.2120 0.0047
vn -0.9982 -0.0546 0.0260
vn -0.9984 -0.0564 0.0088
vn -0.9982 -0.0601 0.0032
vn -0.9999 -0.0023 0.0110
vn -1.0000 -0.0026 0.0039
vn -1.0000 -0.0026 0.0009
vn -1.0000 0.0001 0.0040
vn -1.0000 -0.0001 0.0009
vn -1.0000 -0.0001 0.0001
vn -1.0000 -0.0000 0.0008
vn -1.0000 -0.0000 0.0001
vn -1.0000 0.0091 0.0001
vn -1.0000 0.0089 -0.0000
vn -1.0000 0.0090 -0.0000
vn -0.9973 0.0737 -0.0000
vn -0.9972 0.0746 0.0001
vn -0.9970 0.0768 0.0001
vn -0.9589 0.2838 0.0001
vn -0.9578 0.2874 0.0002
vn -0.9566 0.2914 -0.0002
vn -0.8983 0.4394 -0.0002
vn -0.8968 0.4424 -0.0003
vn -0.8959 0.4442 -0.0007
vn -0.9563 0.2924 -0.0014
vn -0.8949 0.4463 -0.0038
vn -0.9573 0.2890 -0.0046
vn -0.8922 0.4511 -0.0217
vn -0.9578 0.2865 -0.0211
vn -0.8818 0.4536 -0.1293
vn -0.9487 0.2861 -0.1343
vn -0.6844 0.3891 -0.6166
vn -0.7514 0.2336 -0.6171
vn -0.2007 0.1726 -0.9643
vn -0.2056 0.0403 -0.9778
vn -0.0011 0.0070 -1.0000
vn 0.0748 -0.3863 -0.9193
vn 0.0061 -0.0804 -0.9967
vn 0.0301 -0.6575 -0.7528
vn 0.0011 -0.1301 -0.9915
vn 0.0005 -0.7176 -0.6965
vn -0.0013 -0.1595 -0.9872
vn -0.0006 -0.7448 -0.6673
vn -0.0006 -0.1750 -0.9846
vn -0.0012 -0.7625 -0.6470
vn -0.0006 -0.6529 -0.7575
vn -0.0024 -0.7643 -0.6449
vn -0.0024 -0.6519 -0.7583
vn -0.0000 -0.0315 -0.9995
vn -0.0048 -0.6383 -0.7698
vn -0.0000 -0.0287 -0.9996
vn 0.0004 -0.0249 -0.9997
vn 0.0004 -0.0001 -1.0000
vn 0.0004 0.0001 -1.0000
vn 0.0025 -0.0000 -1.0000
vn 0.0024 -0.0001 -1.0000
vn 0.0028 0.0035 -1.0000
vn 0.0085 -0.0006 -1.0000
vn 0.0088 0.0027 -1.0000
vn 0.0002 0.5147 -0.8573
vn 0.0208 0.0021 -0.9998
vn 0.0126 0.5126 -0.8585
vn 0.0118 0.6307 -0.7759
vn -0.0003 0.6299 -0.7766
vn 0.0235 0.1289 -0.9914
vn 0.0059 0.1221 -0.9925
vn 0.0793 0.6367 -0.7670
vn 0.1214 0.1408 -0.9826
vn 0.4720 0.6420 -0.6042
vn 0.6303 0.1685 -0.7579
vn 0.7753 0.6111 -0.1596
vn 0.9660 0.1411 -0.2168
vn 0.8012 0.5983 -0.0141
vn 0.9945 0.1019 -0.0260
vn 0.7988 0.6016 0.0001
vn 0.9955 0.0946 -0.0055
vn 0.8701 0.4927 -0.0124
vn 0.8668 0.4987 -0.0002
vn 0.9998 0.0035 -0.0200
vn 1.0000 0.0031 -0.0083
vn 1.0000 0.0032 -0.0034
vn 1.0000 -0.0006 -0.0092
vn 1.0000 -0.0002 -0.0033
vn 1.0000 0.0001 -0.0008
vn 1.0000 0.0001 -0.0033
vn 1.0000 -0.0000 -0.0009
vn 1.0000 -0.0000 -0.0001
vn 0.9998 -0.0185 -0.0010
vn 0.9998 -0.0218 -0.0001
vn 0.9997 -0.0235 -0.0000
vn 0.7766 -0.6300 0.0051
vn 0.7570 -0.6534 0.0012
vn 0.7556 -0.6550 -0.0031
vn 0.5797 -0.8148 0.0003
vn 0.5692 -0.8222 -0.0023
vn 0.6077 -0.7941 -0.0042
vn 0.9591 -0.2831 0.0003
vn 0.9677 -0.2521 0.0017
vn 0.9773 -0.2120 0.0026
vn 0.6452 -0.7640 -0.0050
vn 0.9806 -0.1962 0.0028
vn 0.6728 -0.7398 -0.0044
vn 0.9807 -0.1954 0.0051
vn 0.6833 -0.7301 -0.0020
vn 0.9790 -0.2028 0.0213
vn 0.6855 -0.7280 0.0076
vn 0.9576 -0.2389 0.1610
vn 0.6710 -0.7355 0.0936
vn 0.6729 -0.2726 0.6877
vn 0.4506 -0.7668 0.4572
vn 0.1662 -0.2508 0.9537
vn 0.0890 -0.7592 0.6447
vn 0.0287 -0.2288 0.9731
vn 0.0107 -0.7472 0.6645
vn 0.0062 -0.2176 0.9760
vn -0.0019 -0.7421 0.6703
vn 0.0030 -0.2143 0.9768
vn -0.0049 -0.7436 0.6687
vn 0.0027 -0.2272 0.9739
vn -0.0041 -0.7574 0.6529
vn 0.0015 -0.2556 0.9668
vn -0.0025 -0.7801 0.6257
vn -0.0000 -0.2711 0.9626
vn -0.0017 -0.7983 0.6022
vn -0.0020 -0.6283 0.7779
vn -0.0020 -0.7956 0.6059
vn -0.0006 -0.6328 0.7743
vn -0.0000 -0.0219 0.9998
vn -0.0000 -0.6254 0.7803
vn 0.0003 -0.0222 0.9998
vn 0.0002 -0.0001 1.0000
vn 0.0019 -0.0210 0.9998
vn 0.0018 -0.0002 1.0000
vn 0.0018 0.0005 1.0000
vn 0.5293 0.0004 0.8485
vn 0.5287 0.0031 0.8488
vn 0.5074 0.0226 0.8614
vn 0.5936 0.0024 0.8047
vn 0.5494 0.0192 0.8353
vn 0.3216 0.2568 0.9114
vn -0.1312 -0.0004 0.9914
vn -0.2030 -0.0003 0.9792
vn -0.2155 -0.0253 0.9762
vn 0.0852 0.3281 0.9408
vn -0.7760 -0.0547 0.6284
vn -0.7745 -0.1723 0.6087
vn -0.9869 -0.0583 0.1505
vn -0.7302 0.0016 0.6832
vn -0.9836 0.0037 0.1801
vn -0.9995 -0.0008 0.0306
vn -0.9767 0.0024 0.2144
vn -0.9994 0.0009 0.0347
vn -0.9999 0.0006 0.0120
vn -0.9994 -0.0003 0.0341
vn -0.9999 -0.0002 0.0120
vn -1.0000 -0.0002 0.0039
vn -0.9999 0.0077 0.0113
vn -0.9999 0.0100 0.0038
vn -1.0000 0.0097 0.0009
vn -0.9974 0.0722 0.0028
vn -0.9973 0.0737 0.0006
vn -0.9973 0.0738 -0.0001
vn -0.9597 0.2810 0.0001
vn -0.9596 0.2812 -0.0000
vn -0.9595 0.2817 0.0002
vn -0.9001 0.4357 0.0002
vn -0.9005 0.4348 0.0003
vn -0.8999 0.4360 -0.0002
vn -0.7675 0.6410 0.0003
vn -0.7677 0.6408 -0.0002
vn -0.7656 0.6433 -0.0001
vn -0.4675 0.8840 -0.0000
vn -0.4651 0.8852 0.0002
vn -0.4640 0.8858 -0.0004
vn -0.7641 0.6452 -0.0004
vn -0.4638 0.8859 -0.0011
vn -0.7639 0.6454 -0.0008
vn -0.4615 0.8871 -0.0042
vn -0.7615 0.6482 -0.0048
vn -0.4494 0.8931 -0.0198
vn -0.7522 0.6585 -0.0231
vn -0.4186 0.9049 -0.0771
vn -0.7294 0.6754 -0.1085
vn -0.5794 0.6472 -0.4955
vn -0.2075 0.4754 -0.8549
vn -0.0253 0.2854 -0.9581
vn -0.0062 0.4958 -0.8684
vn -0.0011 0.2047 -0.9788
vn 0.0010 0.4337 -0.9010
vn 0.0022 0.1734 -0.9848
vn -0.0000 0.3957 -0.9184
vn 0.0002 0.1596 -0.9872
vn 0.0002 0.3744 -0.9273
vn 0.0002 0.1497 -0.9887
vn 0.0001 0.3677 -0.9299
vn -0.0000 0.1450 -0.9894
vn -0.0001 -0.1794 -0.9838
vn -0.0002 0.1477 -0.9890
vn 0.0006 -0.1751 -0.9845
vn -0.0039 -0.7508 -0.6605
vn 0.0018 -0.1664 -0.9861
vn -0.0062 -0.7322 -0.6811
vn -0.0086 -0.6172 -0.7868
vn -0.0078 -0.7201 -0.6938
vn -0.0096 -0.6005 -0.7995
vn 0.0028 -0.0213 -0.9998
vn -0.0044 -0.5931 -0.8051
vn 0.0088 -0.0207 -0.9997
vn 0.0087 0.0004 -1.0000
vn 0.0196 -0.0241 -0.9995
vn 0.0208 0.0010 -0.9998
vn 0.0207 -0.0009 -0.9998
vn 0.0793 -0.0002 -0.9969
vn 0.0860 -0.0018 -0.9963
vn 0.0922 0.0005 -0.9957
vn 0.6037 -0.0030 -0.7972
vn 0.6154 0.0086 -0.7882
vn 0.5132 0.6319 -0.5808
vn 0.0826 0.5265 -0.8462
vn 0.9798 0.0102 -0.1998
vn 0.8352 0.5266 -0.1585
vn 0.9745 -0.0010 -0.2244
vn 0.9998 0.0001 -0.0219
vn 0.9707 0.0013 -0.2404
vn 0.9997 0.0002 -0.0235
vn 1.0000 -0.0000 -0.0092
vn 0.9996 -0.0173 -0.0224
vn 0.9998 -0.0185 -0.0082
vn 0.9998 -0.0177 -0.0032
vn 0.8133 -0.5819 -0.0010
vn 0.8086 -0.5883 0.0047
vn 0.7978 -0.6028 0.0066
vn 0.7047 -0.7095 0.0034
vn 0.6742 -0.7385 0.0033
vn 0.6305 -0.7762 0.0023
vn 0.9852 -0.1715 -0.0027
vn 0.9759 -0.2183 -0.0023
vn 0.9631 -0.2690 -0.0013
vn 0.9918 0.1281 0.0005
vn 0.9941 0.1087 -0.0000
vn 0.9947 0.1033 0.0001
vn 0.9316 0.3635 0.0002
vn 0.9341 0.3571 -0.0000
vn 0.9302 0.3671 -0.0007
vn 0.9935 0.1139 -0.0004
vn 0.9243 0.3816 -0.0008
vn 0.9914 0.1309 -0.0006
vn 0.9201 0.3916 0.0009
vn 0.9893 0.1460 0.0004
vn 0.9179 0.3968 0.0043
vn 0.9878 0.1556 0.0040
vn 0.9145 0.4041 0.0191
vn 0.9869 0.1602 0.0209
vn 0.8952 0.4296 0.1181
vn 0.9771 0.1529 0.1483
vn 0.6468 0.4868 0.5872
vn 0.7191 0.1671 0.6745
vn 0.1803 0.4393 0.8801
vn 0.1851 0.1524 0.9708
vn 0.0324 0.3848 0.9224
vn 0.0313 0.1430 0.9892
vn 0.0048 0.3738 0.9275
vn 0.0045 0.1427 0.9898
vn -0.0003 0.3680 0.9298
vn -0.0005 0.1379 0.9904
vn -0.0013 0.3590 0.9334
vn -0.0007 0.1279 0.9918
vn -0.0003 0.3492 0.9370
vn -0.0002 0.1152 0.9933
vn -0.0001 0.3460 0.9382
vn -0.0001 0.1087 0.9941
vn 0.0005 0.3540 0.9353
vn 0.0003 0.1156 0.9933
vn -0.0011 -0.2603 0.9655
vn 0.0001 0.1321 0.9912
vn -0.0023 -0.2274 0.9738
vn -0.0026 -0.7743 0.6328
vn 0.0003 -0.1819 0.9833
vn -0.0015 -0.7405 0.6720
vn -0.0007 -0.6044 0.7967
vn 0.0328 -0.6720 0.7398
vn 0.2462 -0.5383 0.8060
vn 0.5564 -0.1304 0.8207
vn 0.2881 -0.3454 0.8931
vn 0.5456 -0.1038 0.8316
vn 0.5897 0.0007 0.8076
vn -0.1167 0.0041 0.9932
vn -0.0970 0.0006 0.9953
vn -0.0910 0.0004 0.9958
vn -0.7001 -0.0004 0.7140
vn -0.6917 0.0027 0.7222
vn -0.9781 -0.0009 0.2080
vn -0.7104 0.0017 0.7038
vn -0.9820 -0.0133 0.1882
vn -0.9995 0.0011 0.0321
vn -0.9896 0.0545 0.1335
vn -0.9978 0.0622 0.0244
vn -0.9977 0.0675 0.0080
vn -0.9624 0.2711 0.0190
vn -0.9615 0.2747 0.0046
vn -0.9603 0.2791 0.0014
vn -0.9015 0.4327 0.0025
vn -0.9005 0.4349 0.0002
vn -0.8999 0.4361 -0.0001
vn -0.7687 0.6396 0.0003
vn -0.7663 0.6425 -0.0003
vn -0.7659 0.6430 -0.0000
vn -0.4705 0.8824 -0.0003
vn -0.4673 0.8841 -0.0003
vn -0.4679 0.8838 -0.0000
vn -0.2223 0.9750 -0.0002
vn -0.2213 0.9752 0.0001
vn -0.2200 0.9755 -0.0001
vn -0.0696 0.9976 0.0001
vn -0.0692 0.9976 -0.0001
vn -0.0693 0.9976 0.0002
vn -0.2188 0.9758 0.0002
vn -0.0689 0.9976 -0.0003
vn -0.2181 0.9759 -0.0005
vn -0.0684 0.9977 -0.0019
vn -0.2170 0.9762 -0.0016
vn -0.0673 0.9977 -0.0066
vn -0.2143 0.9768 -0.0052
vn -0.0649 0.9977 -0.0218
vn -0.2072 0.9781 -0.0197
vn -0.0597 0.9957 -0.0703
vn -0.1908 0.9794 -0.0661
vn -0.0167 0.9996 -0.0228
vn -0.0153 0.9969 -0.0766
vn -0.0127 0.9695 -0.2446
vn -0.0015 0.9965 -0.0834
vn -0.0023 0.9575 -0.2885
vn -0.0020 0.7562 -0.6543
vn -0.0100 0.8094 -0.5872
vn -0.0011 0.9448 -0.3278
vn -0.0014 0.7099 -0.7043
vn 0.0003 0.9359 -0.3524
vn -0.0000 0.6832 -0.7302
vn 0.0002 0.9322 -0.3619
vn 0.0001 0.6751 -0.7377
vn -0.0002 0.9317 -0.3631
vn -0.0002 0.6749 -0.7379
vn -0.0002 0.3696 -0.9292
vn -0.0004 0.6792 -0.7340
vn -0.0009 0.3750 -0.9270
vn -0.0005 0.1534 -0.9882
vn -0.0001 0.3803 -0.9249
vn -0.0004 0.1586 -0.9873
vn 0.0020 -0.1607 -0.9870
vn 0.0033 0.1623 -0.9867
vn 0.0045 -0.1614 -0.9869
vn -0.0061 -0.7148 -0.6993
vn 0.0195 -0.1672 -0.9857
vn 0.0021 -0.7137 -0.7005
vn 0.0061 -0.5943 -0.8042
vn 0.0451 -0.7179 -0.6947
vn 0.0565 -0.6014 -0.7969
vn 0.0688 -0.0233 -0.9974
vn 0.3965 -0.7332 -0.5524
vn 0.5371 -0.0675 -0.8408
vn 0.5856 0.0003 -0.8106
vn 0.9757 -0.0437 -0.2146
vn 0.6938 -0.6808 -0.2349
vn 0.8163 -0.5772 -0.0216
vn 0.6734 -0.7129 -0.1954
vn 0.7146 -0.6993 -0.0169
vn 0.7146 -0.6995 0.0003
vn 0.9872 -0.1562 -0.0327
vn 0.9888 -0.1488 -0.0064
vn 0.9884 -0.1517 -0.0022
vn 0.9836 0.1804 -0.0047
vn 0.9856 0.1693 -0.0003
vn 0.9886 0.1507 -0.0000
vn 0.9082 0.4185 -0.0006
vn 0.9150 0.4035 0.0001
vn 0.9239 0.3827 0.0008
vn 0.7039 0.7103 -0.0002
vn 0.7145 0.6996 0.0007
vn 0.7260 0.6877 0.0002
vn 0.3661 0.9306 0.0003
vn 0.3744 0.9273 -0.0000
vn 0.3780 0.9258 0.0003
vn 0.7307 0.6827 0.0002
vn 0.3755 0.9268 -0.0001
vn 0.7260 0.6877 -0.0005
vn 0.3751 0.9270 -0.0000
vn 0.7212 0.6927 -0.0005
vn 0.3761 0.9266 0.0012
vn 0.7209 0.6930 0.0011
vn 0.3762 0.9265 0.0037
vn 0.7222 0.6917 0.0037
vn 0.3709 0.9285 0.0169
vn 0.7173 0.6965 0.0167
vn 0.1222 0.9925 0.0051
vn 0.1200 0.9926 0.0209
vn 0.0361 0.9993 0.0067
vn 0.0343 0.9991 0.0248
vn 0.0313 0.9949 0.0960
vn 0.0320 0.9419 0.3343
vn 0.0087 0.9996 0.0273
vn 0.0082 0.9947 0.1021
vn 0.0093 0.9350 0.3547
vn 0.0016 0.9945 0.1049
vn 0.0026 0.9302 0.3671
vn 0.0018 0.6768 0.7361
vn 0.0078 0.6859 0.7277
vn 0.0330 0.7053 0.7081
vn -0.0009 0.9288 0.3705
vn -0.0012 0.6718 0.7407
vn -0.0002 0.9296 0.3686
vn -0.0004 0.6696 0.7427
vn -0.0000 0.9328 0.3605
vn -0.0001 0.6734 0.7393
vn 0.0004 0.9382 0.3461
vn 0.0004 0.6848 0.7287
vn -0.0003 0.9453 0.3262
vn -0.0006 0.7073 0.7069
vn -0.0001 0.3753 0.9269
vn -0.0022 0.7494 0.6621
vn 0.0006 0.4163 0.9092
vn 0.0022 0.1526 0.9883
vn -0.0051 0.4851 0.8744
vn -0.0007 0.1933 0.9811
vn 0.0070 -0.1122 0.9937
vn -0.0261 0.2860 0.9579
vn 0.0001 -0.0059 1.0000
vn 0.0795 -0.3980 0.9139
vn -0.2283 0.1662 0.9593
vn -0.2245 0.0435 0.9735
vn -0.2253 0.0063 0.9743
vn -0.7765 0.2302 0.5865
vn -0.8019 0.0531 0.5951
vn -0.9563 0.2688 0.1151
vn -0.7261 0.3791 0.5737
vn -0.8975 0.4283 0.1053
vn -0.9020 0.4313 0.0174
vn -0.7575 0.6469 0.0880
vn -0.7701 0.6377 0.0168
vn -0.7711 0.6368 0.0031
vn -0.4778 0.8783 0.0161
vn -0.4826 0.8758 0.0041
vn -0.4771 0.8789 0.0010
vn -0.2366 0.9716 0.0047
vn -0.2315 0.9728 0.0013
vn -0.2259 0.9742 -0.0001
vn -0.0750 0.9972 0.0016
vn -0.0729 0.9973 -0.0002
vn -0.0710 0.9975 -0.0001
vn -0.0192 0.9998 -0.0000
vn -0.0186 0.9998 -0.0000
vn -0.0181 0.9998 -0.0000
vn -0.0036 1.0000 0.0001
vn -0.0036 1.0000 -0.0000
vn -0.0180 0.9998 -0.0001
vn -0.0035 1.0000 -0.0001
vn -0.0181 0.9998 0.0001
vn -0.0033 1.0000 -0.0005
vn -0.0183 0.9998 -0.0002
vn -0.0028 1.0000 -0.0023
vn -0.0184 0.9998 -0.0021
vn -0.0025 1.0000 -0.0076
vn -0.0178 0.9998 -0.0075
vn -0.0021 0.9997 -0.0238
vn -0.0003 1.0000 -0.0075
vn -0.0003 0.9997 -0.0252
vn -0.0002 0.9957 -0.0923
vn 0.0001 0.9996 -0.0268
vn 0.0004 0.9950 -0.1001
vn 0.0001 0.9996 -0.0280
vn 0.0002 0.9945 -0.1044
vn -0.0000 0.9996 -0.0282
vn -0.0001 0.9945 -0.1051
vn -0.0002 0.9996 -0.0282
vn -0.0002 0.9946 -0.1038
vn -0.0002 0.9331 -0.3596
vn 0.0018 0.9948 -0.1017
vn 0.0021 0.9353 -0.3538
vn 0.0013 0.6853 -0.7282
vn 0.0075 0.9405 -0.3396
vn 0.0066 0.6959 -0.7181
vn 0.0037 0.3860 -0.9225
vn 0.0276 0.7204 -0.6930
vn 0.0230 0.4005 -0.9160
vn 0.0214 0.1643 -0.9862
vn 0.1056 0.4426 -0.8905
vn 0.1108 0.1685 -0.9794
vn 0.0987 -0.1793 -0.9788
vn 0.5986 0.1954 -0.7768
vn 0.5671 -0.2167 -0.7946
vn 0.3501 -0.7241 -0.5942
vn 0.9377 -0.2002 -0.2839
vn 0.9471 0.1927 -0.2568
vn 0.9819 0.1867 -0.0302
vn 0.8510 0.4846 -0.2023
vn 0.8936 0.4480 -0.0278
vn 0.9031 0.4293 -0.0047
vn 0.6638 0.7474 -0.0281
vn 0.6899 0.7239 -0.0058
vn 0.6976 0.7165 -0.0007
vn 0.3392 0.9407 -0.0053
vn 0.3493 0.9370 -0.0005
vn 0.3571 0.9341 -0.0002
vn 0.1108 0.9938 -0.0012
vn 0.1169 0.9931 -0.0002
vn 0.1234 0.9924 0.0001
vn 0.1276 0.9918 -0.0001
vn 0.0346 0.9994 -0.0003
vn 0.0363 0.9993 0.0001
vn 0.0374 0.9993 -0.0001
vn 0.0373 0.9993 -0.0000
vn 0.1282 0.9917 0.0002
vn 0.0091 1.0000 -0.0000
vn 0.0092 1.0000 -0.0000
vn 0.0366 0.9993 -0.0000
vn 0.0025 1.0000 -0.0000
vn 0.0026 1.0000 0.0001
vn 0.0024 1.0000 0.0003
vn 0.0091 1.0000 0.0001
vn 0.0003 1.0000 -0.0000
vn 0.0003 1.0000 0.0001
vn 0.0003 1.0000 0.0005
vn 0.0001 1.0000 0.0022
vn 0.0019 1.0000 0.0019
vn -0.0000 1.0000 -0.0000
vn -0.0000 1.0000 0.0005
vn -0.0000 1.0000 0.0023
vn -0.0000 1.0000 0.0070
vn -0.0001 1.0000 0.0072
vn -0.0000 1.0000 0.0068
vn -0.0000 0.9997 0.0259
vn -0.0000 0.9996 0.0272
vn -0.0000 1.0000 0.0022
vn -0.0000 1.0000 0.0067
vn 0.0001 0.9997 0.0248
vn 0.0004 0.9952 0.0984
vn 0.0001 0.9947 0.1031
vn -0.0004 1.0000 0.0067
vn -0.0002 0.9997 0.0238
vn 0.0001 0.9958 0.0920
vn -0.0022 0.9997 0.0224
vn -0.0017 0.9966 0.0823
vn -0.0026 0.9571 0.2897
vn -0.0164 0.9973 0.0719
vn -0.0128 0.9710 0.2387
vn -0.0101 0.8084 0.5885
vn -0.0668 0.9958 0.0620
vn -0.0188 0.9996 0.0211
vn -0.0742 0.9971 0.0187
vn -0.2323 0.9725 0.0169
vn -0.2104 0.9759 0.0582
vn -0.4513 0.8900 0.0641
vn -0.6245 0.6221 0.4722
vn -0.2328 0.4730 0.8497
vn -0.0763 0.9971 0.0060
vn -0.0199 0.9998 0.0069
vn -0.0199 0.9998 0.0018
vn -0.0026 1.0000 0.0069
vn -0.0030 1.0000 0.0020
vn -0.0034 1.0000 0.0003
vn -0.0005 1.0000 0.0022
vn -0.0005 1.0000 0.0005
vn -0.0005 1.0000 0.0001
vn -0.0005 1.0000 -0.0000
vn -0.0000 1.0000 -0.0001
vn -0.0005 1.0000 -0.0001
vn -0.0000 1.0000 -0.0008
vn -0.0005 1.0000 -0.0007
vn -0.0000 1.0000 -0.0028
vn -0.0004 1.0000 -0.0026
vn -0.0000 1.0000 -0.0076
vn -0.0000 1.0000 -0.0029
vn -0.0000 1.0000 -0.0077
vn -0.0000 1.0000 -0.0078
vn 0.0001 1.0000 -0.0027
vn -0.0001 1.0000 -0.0079
vn 0.0019 1.0000 -0.0023
vn 0.0016 1.0000 -0.0082
vn 0.0016 0.9996 -0.0285
vn 0.0087 0.9999 -0.0084
vn 0.0076 0.9996 -0.0278
vn 0.0066 0.9953 -0.0970
vn 0.0264 0.9994 -0.0243
vn 0.0219 0.9958 -0.0886
vn 0.0259 0.9496 -0.3123
vn 0.0941 0.9954 -0.0199
vn 0.1047 0.9945 -0.0051
vn 0.3119 0.9498 -0.0231
vn 0.0308 0.9995 -0.0073
vn 0.0331 0.9994 -0.0020
vn 0.0090 1.0000 -0.0022
vn 0.0090 1.0000 -0.0004
vn 0.0023 1.0000 -0.0006
vn 0.0025 1.0000 -0.0001
vn 0.0003 1.0000 -0.0008
vn 0.0003 1.0000 -0.0001
vn -0.0000 0.9942 0.1076
vn -0.0005 0.9942 0.1074
vn -0.0003 0.9996 0.0280
vn 0.0016 0.9996 0.0280
vn 0.0017 1.0000 0.0076
vn 0.0097 0.9999 0.0077
vn 0.0095 1.0000 0.0019
vn 0.0362 0.9993 0.0020
vn 0.0359 0.9994 -0.0000
vn 0.1225 0.9925 0.0016
vn 0.1237 0.9923 0.0001
vn 0.1261 0.9920 -0.0000
vn 0.5207 0.5107 -0.6842
vt 0.576244 0.318629
vt 0.581143 0.323259
vt 0.574530 0.327639
vt 0.571581 0.319767
vt 0.570951 0.313222
vt 0.577189 0.313644
vt 0.584709 0.316130
vt 0.068873 0.780109
vt 0.072359 0.783027
vt 0.065819 0.788645
vt 0.063055 0.782718
vt 0.060889 0.773854
vt 0.068941 0.773418
vt 0.328483 0.597303
vt 0.326856 0.590692
vt 0.332868 0.590176
vt 0.332877 0.598814
vt 0.068916 0.020094
vt 0.068868 0.026612
vt 0.060927 0.025825
vt 0.063544 0.017793
vt 0.066794 0.012303
vt 0.072359 0.017314
vt 0.579988 0.597488
vt 0.575698 0.599005
vt 0.576028 0.590217
vt 0.581629 0.590997
vt 0.330364 0.318614
vt 0.335277 0.319940
vt 0.332895 0.327217
vt 0.326329 0.322151
vt 0.322957 0.315607
vt 0.329479 0.313756
vt 0.335767 0.313451
vt 0.577113 0.351391
vt 0.582092 0.347001
vt 0.585507 0.354163
vt 0.577929 0.356295
vt 0.571833 0.356631
vt 0.572591 0.350166
vt 0.575797 0.342559
vt 0.327822 0.072418
vt 0.331992 0.071109
vt 0.331975 0.079497
vt 0.326277 0.078706
vt 0.076208 0.779011
vt 0.082092 0.781426
vt 0.079091 0.786900
vt 0.072815 0.781552
vt 0.076170 0.772724
vt 0.084349 0.773509
vt 0.332484 0.348964
vt 0.337185 0.347889
vt 0.337217 0.354864
vt 0.331216 0.354515
vt 0.328427 0.345200
vt 0.335043 0.341197
vt 0.324066 0.352207
vt 0.579581 0.072186
vt 0.581325 0.079064
vt 0.575314 0.079635
vt 0.574999 0.070489
vt 0.076411 0.019895
vt 0.081884 0.017513
vt 0.084315 0.026539
vt 0.076470 0.026788
vt 0.072815 0.016824
vt 0.078926 0.011366
vt 0.576690 0.062286
vt 0.570341 0.060599
vt 0.572276 0.048001
vt 0.579923 0.049278
vt 0.091134 0.006358
vt 0.093376 0.014252
vt 0.569270 0.070106
vt 0.562494 0.069738
vt 0.563080 0.059491
vt 0.569415 0.079803
vt 0.562721 0.079770
vt 0.554630 0.079699
vt 0.554267 0.069525
vt 0.570149 0.090437
vt 0.563087 0.090473
vt 0.555000 0.090331
vt 0.544384 0.090154
vt 0.544152 0.079643
vt 0.563831 0.108766
vt 0.555306 0.108670
vt 0.544215 0.108677
vt 0.526881 0.108867
vt 0.526470 0.090178
vt 0.555575 0.135019
vt 0.543671 0.135101
vt 0.527253 0.135227
vt 0.499703 0.135605
vt 0.499872 0.109031
vt 0.543692 0.165301
vt 0.527263 0.165532
vt 0.499416 0.165822
vt 0.469179 0.166063
vt 0.469470 0.136009
vt 0.527276 0.196158
vt 0.499213 0.196257
vt 0.468966 0.196340
vt 0.438247 0.196411
vt 0.438513 0.166221
vt 0.499223 0.226713
vt 0.468884 0.226613
vt 0.438111 0.226577
vt 0.407313 0.226611
vt 0.407486 0.196473
vt 0.468918 0.256413
vt 0.438102 0.256277
vt 0.407357 0.256417
vt 0.379141 0.256420
vt 0.378698 0.226628
vt 0.438154 0.281029
vt 0.407570 0.280873
vt 0.380319 0.280679
vt 0.362194 0.280787
vt 0.363034 0.256156
vt 0.407747 0.295965
vt 0.380844 0.296017
vt 0.361740 0.296084
vt 0.350758 0.295852
vt 0.350971 0.280759
vt 0.380939 0.307142
vt 0.361633 0.306734
vt 0.351076 0.306389
vt 0.342490 0.305904
vt 0.342332 0.295493
vt 0.361978 0.315216
vt 0.351364 0.314512
vt 0.342638 0.313930
vt 0.335433 0.305636
vt 0.351223 0.322342
vt 0.342476 0.321347
vt 0.350408 0.330917
vt 0.341085 0.329664
vt 0.080949 0.512314
vt 0.080397 0.502844
vt 0.089784 0.502598
vt 0.090394 0.511931
vt 0.090812 0.520473
vt 0.081448 0.520885
vt 0.101476 0.511659
vt 0.101633 0.520284
vt 0.101601 0.528104
vt 0.090870 0.528462
vt 0.082101 0.529197
vt 0.101417 0.536272
vt 0.090946 0.536364
vt 0.082382 0.536509
vt 0.101235 0.545426
vt 0.090616 0.545350
vt 0.082070 0.545337
vt 0.090070 0.556148
vt 0.081467 0.556104
vt 0.320944 0.306937
vt 0.319901 0.296067
vt 0.327780 0.295458
vt 0.328522 0.305891
vt 0.335001 0.295286
vt 0.327109 0.280895
vt 0.334638 0.280772
vt 0.342438 0.280720
vt 0.334294 0.255997
vt 0.342417 0.255965
vt 0.351470 0.255990
vt 0.342348 0.226655
vt 0.351602 0.226641
vt 0.363214 0.226635
vt 0.351756 0.196566
vt 0.363352 0.196546
vt 0.378683 0.196518
vt 0.363674 0.166426
vt 0.379211 0.166391
vt 0.407840 0.166322
vt 0.380402 0.136368
vt 0.408454 0.136226
vt 0.438882 0.136187
vt 0.409127 0.109231
vt 0.439228 0.109450
vt 0.469761 0.109368
vt 0.439440 0.090561
vt 0.469983 0.090471
vt 0.500030 0.090352
vt 0.470155 0.078959
vt 0.500265 0.079100
vt 0.526354 0.079419
vt 0.500509 0.068739
vt 0.526541 0.069081
vt 0.543994 0.069375
vt 0.526909 0.058851
vt 0.544568 0.059022
vt 0.554606 0.059046
vt 0.545526 0.046837
vt 0.555581 0.046999
vt 0.564203 0.047302
vt 0.556622 0.029505
vt 0.565546 0.029705
vt 0.574330 0.029916
vt 0.567501 0.002963
vt 0.576279 0.003456
vt 0.584351 0.003872
vt 0.582374 0.030021
vt 0.109909 0.002568
vt 0.135751 0.000228
vt 0.136617 0.008254
vt 0.111642 0.010869
vt 0.137827 0.017524
vt 0.113782 0.020417
vt 0.096465 0.023962
vt 0.117321 0.033421
vt 0.099839 0.035585
vt 0.086832 0.036896
vt 0.102393 0.056491
vt 0.088731 0.056355
vt 0.079367 0.056298
vt 0.077923 0.037139
vt 0.584150 0.089317
vt 0.586814 0.108493
vt 0.578899 0.108712
vt 0.576830 0.090060
vt 0.571576 0.108803
vt 0.580653 0.134862
vt 0.573115 0.134890
vt 0.564970 0.134947
vt 0.573987 0.164802
vt 0.565737 0.164929
vt 0.555934 0.165102
vt 0.565883 0.195993
vt 0.556059 0.196035
vt 0.543744 0.196088
vt 0.556085 0.226928
vt 0.543894 0.226857
vt 0.527446 0.226788
vt 0.544397 0.256745
vt 0.527412 0.256853
vt 0.499279 0.256740
vt 0.526932 0.281894
vt 0.499281 0.281647
vt 0.469035 0.281300
vt 0.499331 0.296591
vt 0.469182 0.296459
vt 0.438220 0.296137
vt 0.469343 0.308361
vt 0.438287 0.308191
vt 0.407844 0.307826
vt 0.438346 0.317678
vt 0.407893 0.317183
vt 0.380816 0.316169
vt 0.407933 0.325411
vt 0.380662 0.324453
vt 0.361999 0.323406
vt 0.380574 0.332884
vt 0.361383 0.331818
vt 0.080100 0.491792
vt 0.080052 0.472531
vt 0.089818 0.472212
vt 0.089474 0.491777
vt 0.103013 0.471683
vt 0.101709 0.490998
vt 0.101412 0.502124
vt 0.119803 0.489109
vt 0.119177 0.501087
vt 0.119134 0.511146
vt 0.143678 0.499531
vt 0.143720 0.510316
vt 0.143643 0.520120
vt 0.119100 0.520062
vt 0.143435 0.529537
vt 0.118913 0.528541
vt 0.143131 0.538787
vt 0.118682 0.537189
vt 0.142921 0.548509
vt 0.118331 0.546292
vt 0.142582 0.559514
vt 0.118127 0.557203
vt 0.101030 0.556234
vt 0.118464 0.572197
vt 0.101043 0.571328
vt 0.089620 0.571047
vt 0.101541 0.596190
vt 0.089434 0.595946
vt 0.080560 0.595761
vt 0.080963 0.570864
vt 0.319214 0.281124
vt 0.318821 0.256056
vt 0.326666 0.256034
vt 0.318536 0.226800
vt 0.326442 0.226731
vt 0.334129 0.226688
vt 0.326475 0.196632
vt 0.334182 0.196605
vt 0.342438 0.196585
vt 0.334544 0.166411
vt 0.342800 0.166434
vt 0.352119 0.166439
vt 0.343304 0.136724
vt 0.352410 0.136668
vt 0.363933 0.136543
vt 0.352137 0.109528
vt 0.363800 0.109271
vt 0.382051 0.109119
vt 0.364270 0.089892
vt 0.382971 0.090193
vt 0.409498 0.090492
vt 0.383295 0.079452
vt 0.409630 0.079170
vt 0.439569 0.078964
vt 0.409618 0.068834
vt 0.439636 0.068527
vt 0.470297 0.068506
vt 0.439668 0.058346
vt 0.470428 0.058297
vt 0.500747 0.058590
vt 0.470586 0.045219
vt 0.501022 0.045738
vt 0.527612 0.046418
vt 0.501452 0.027327
vt 0.528748 0.028286
vt 0.546081 0.029033
vt 0.530622 0.001170
vt 0.547583 0.001899
vt 0.558186 0.002423
vt 0.619561 0.002725
vt 0.630262 0.001259
vt 0.631670 0.018189
vt 0.621983 0.018873
vt 0.614762 0.019893
vt 0.610140 0.005172
vt 0.760520 0.734397
vt 0.760350 0.743370
vt 0.718342 0.742292
vt 0.718411 0.733233
vt 0.718452 0.725302
vt 0.760610 0.726347
vt 0.609114 0.021400
vt 0.601673 0.009140
vt 0.718496 0.718036
vt 0.760594 0.718935
vt 0.605269 0.023691
vt 0.594926 0.014995
vt 0.718531 0.710755
vt 0.760472 0.711640
vt 0.604088 0.027392
vt 0.590615 0.023816
vt 0.718566 0.702788
vt 0.760358 0.703244
vt 0.604709 0.032516
vt 0.591310 0.034870
vt 0.718527 0.695543
vt 0.760267 0.694774
vt 0.608568 0.039255
vt 0.593308 0.049758
vt 0.608549 0.070100
vt 0.595717 0.075137
vt 0.139674 0.031728
vt 0.141393 0.056477
vt 0.120683 0.056806
vt 0.142113 0.081661
vt 0.122863 0.082610
vt 0.103579 0.082614
vt 0.124747 0.112037
vt 0.105429 0.112205
vt 0.091048 0.112172
vt 0.090048 0.082560
vt 0.080832 0.112085
vt 0.080375 0.082452
vt 0.588687 0.134808
vt 0.589634 0.164684
vt 0.581481 0.164724
vt 0.590159 0.195946
vt 0.581927 0.195951
vt 0.574264 0.195963
vt 0.582079 0.227097
vt 0.574394 0.227071
vt 0.565949 0.227006
vt 0.574079 0.256653
vt 0.565807 0.256654
vt 0.556337 0.256666
vt 0.565434 0.281445
vt 0.556881 0.281613
vt 0.545422 0.281772
vt 0.556997 0.296206
vt 0.545845 0.296593
vt 0.526646 0.296570
vt 0.545736 0.306834
vt 0.526645 0.307280
vt 0.499416 0.308002
vt 0.526810 0.316203
vt 0.499525 0.317082
vt 0.469484 0.317645
vt 0.499654 0.325237
vt 0.469589 0.325799
vt 0.438402 0.325962
vt 0.469676 0.334504
vt 0.438473 0.334717
vt 0.407983 0.333894
vt 0.080433 0.445070
vt 0.080938 0.414577
vt 0.091895 0.414437
vt 0.090935 0.444800
vt 0.106878 0.414328
vt 0.105217 0.444472
vt 0.126540 0.414305
vt 0.124652 0.444195
vt 0.121615 0.470627
vt 0.142213 0.443762
vt 0.142750 0.468073
vt 0.143358 0.486590
vt 0.821135 0.301915
vt 0.802345 0.301462
vt 0.804159 0.288935
vt 0.820816 0.288518
vt 0.832437 0.288074
vt 0.834636 0.301601
vt 0.311517 0.268987
vt 0.312514 0.280726
vt 0.271996 0.280728
vt 0.271637 0.269761
vt 0.271427 0.260183
vt 0.310838 0.258754
vt 0.841721 0.287436
vt 0.845991 0.300352
vt 0.271331 0.251161
vt 0.310369 0.249771
vt 0.849176 0.286149
vt 0.856240 0.297199
vt 0.271326 0.243415
vt 0.310305 0.243302
vt 0.853545 0.282703
vt 0.863738 0.290298
vt 0.271418 0.235026
vt 0.310644 0.235266
vt 0.854950 0.276194
vt 0.867327 0.281028
vt 0.271620 0.225886
vt 0.311159 0.225973
vt 0.855684 0.268093
vt 0.868869 0.271091
vt 0.271931 0.215602
vt 0.311911 0.215559
vt 0.856166 0.258538
vt 0.869365 0.260036
vt 0.272340 0.203341
vt 0.313033 0.202953
vt 0.856585 0.246675
vt 0.869302 0.245465
vt 0.856994 0.224840
vt 0.869043 0.224149
vt 0.141846 0.574573
vt 0.140650 0.597124
vt 0.119747 0.596407
vt 0.140328 0.624178
vt 0.120677 0.624557
vt 0.102203 0.624777
vt 0.120933 0.654513
vt 0.102375 0.654734
vt 0.089467 0.654814
vt 0.089500 0.624854
vt 0.080285 0.654851
vt 0.080423 0.624871
vt 0.089096 0.685105
vt 0.079955 0.685059
vt 0.318536 0.196666
vt 0.318882 0.166317
vt 0.326823 0.166370
vt 0.319762 0.136612
vt 0.327583 0.136705
vt 0.335166 0.136734
vt 0.328902 0.109864
vt 0.336124 0.109871
vt 0.343713 0.109788
vt 0.337050 0.090182
vt 0.343721 0.090171
vt 0.352185 0.090013
vt 0.343680 0.079433
vt 0.352702 0.079382
vt 0.364846 0.079504
vt 0.352913 0.069442
vt 0.364970 0.069378
vt 0.383252 0.069169
vt 0.364380 0.059253
vt 0.382981 0.059043
vt 0.409541 0.058729
vt 0.382335 0.046821
vt 0.409352 0.046050
vt 0.439666 0.045338
vt 0.408971 0.027782
vt 0.439613 0.026795
vt 0.470805 0.026631
vt 0.439501 0.000406
vt 0.471089 0.000228
vt 0.502208 0.000433
vt 0.674421 0.000228
vt 0.704786 0.000511
vt 0.704076 0.019069
vt 0.673636 0.018218
vt 0.646357 0.017859
vt 0.646981 0.000388
vt 0.759764 0.770394
vt 0.759178 0.798776
vt 0.717596 0.797933
vt 0.717948 0.769491
vt 0.718179 0.753743
vt 0.760116 0.754480
vt 0.687704 0.769287
vt 0.687773 0.753227
vt 0.687822 0.741563
vt 0.657277 0.752895
vt 0.657197 0.741251
vt 0.657149 0.732167
vt 0.687846 0.732417
vt 0.657120 0.724278
vt 0.687854 0.724496
vt 0.657092 0.717206
vt 0.687861 0.717408
vt 0.657069 0.709985
vt 0.687867 0.710155
vt 0.657053 0.702250
vt 0.687860 0.702414
vt 0.657014 0.695305
vt 0.687825 0.695539
vt 0.657048 0.665951
vt 0.688015 0.666324
vt 0.718888 0.666014
vt 0.272990 0.704260
vt 0.242205 0.704940
vt 0.242134 0.674759
vt 0.273064 0.674515
vt 0.315806 0.673275
vt 0.315200 0.702041
vt 0.761171 0.664492
vt 0.273054 0.644233
vt 0.316108 0.643069
vt 0.608571 0.099296
vt 0.608635 0.129836
vt 0.597600 0.130140
vt 0.597050 0.100469
vt 0.608739 0.161185
vt 0.597480 0.162889
vt 0.142257 0.111326
vt 0.142230 0.144132
vt 0.125188 0.143445
vt 0.142006 0.174151
vt 0.124107 0.173898
vt 0.105018 0.173796
vt 0.105963 0.143222
vt 0.091018 0.173823
vt 0.091469 0.143113
vt 0.081015 0.173887
vt 0.081075 0.143054
vt 0.090188 0.202965
vt 0.080751 0.203191
vt 0.590142 0.227074
vt 0.589675 0.256647
vt 0.581715 0.256661
vt 0.589036 0.281304
vt 0.580964 0.281316
vt 0.573311 0.281365
vt 0.580069 0.295624
vt 0.572522 0.295469
vt 0.565088 0.295730
vt 0.571636 0.305513
vt 0.564578 0.305848
vt 0.556464 0.306386
vt 0.564346 0.314020
vt 0.556060 0.314913
vt 0.545373 0.315453
vt 0.556259 0.323002
vt 0.545377 0.323755
vt 0.527002 0.324512
vt 0.545909 0.332298
vt 0.527163 0.332991
vt 0.499797 0.333712
vt 0.080048 0.353257
vt 0.079804 0.325852
vt 0.089589 0.326008
vt 0.090413 0.353236
vt 0.091569 0.383284
vt 0.080650 0.383383
vt 0.104703 0.353225
vt 0.106612 0.383044
vt 0.124391 0.353033
vt 0.126437 0.382516
vt 0.142307 0.352793
vt 0.142098 0.381701
vt 0.142046 0.414304
vt 0.748857 0.299384
vt 0.716472 0.299253
vt 0.716749 0.289265
vt 0.748122 0.289369
vt 0.777809 0.289201
vt 0.778084 0.300521
vt 0.316313 0.323112
vt 0.318080 0.352281
vt 0.274127 0.353291
vt 0.273405 0.323911
vt 0.272550 0.296370
vt 0.314120 0.297218
vt 0.242790 0.323870
vt 0.242647 0.296069
vt 0.242582 0.280520
vt 0.212447 0.296348
vt 0.212578 0.280783
vt 0.212656 0.269852
vt 0.242540 0.269519
vt 0.212719 0.260674
vt 0.242494 0.260280
vt 0.212769 0.252025
vt 0.242459 0.251649
vt 0.212792 0.244399
vt 0.242447 0.244080
vt 0.212797 0.236327
vt 0.242482 0.236004
vt 0.212785 0.227428
vt 0.242534 0.227136
vt 0.212779 0.216944
vt 0.242596 0.216685
vt 0.212785 0.204033
vt 0.242690 0.203766
vt 0.212727 0.180676
vt 0.242840 0.180411
vt 0.272951 0.179989
vt 0.243014 0.151018
vt 0.273569 0.150800
vt 0.316726 0.151969
vt 0.314963 0.180094
vt 0.273963 0.120635
vt 0.317691 0.122215
vt 0.857397 0.197896
vt 0.857854 0.169373
vt 0.867738 0.170984
vt 0.868115 0.198768
vt 0.858452 0.139686
vt 0.868430 0.140227
vt 0.140159 0.653763
vt 0.139802 0.686319
vt 0.120390 0.685537
vt 0.139307 0.716276
vt 0.119074 0.714986
vt 0.100634 0.714743
vt 0.101832 0.685229
vt 0.088412 0.714671
vt 0.099421 0.741132
vt 0.087535 0.741270
vt 0.078624 0.741433
vt 0.079390 0.714661
vt 0.086206 0.762207
vt 0.077619 0.762060
vt 0.321219 0.109800
vt 0.323416 0.089229
vt 0.330574 0.089862
vt 0.337168 0.079599
vt 0.336914 0.070475
vt 0.343564 0.069780
vt 0.335946 0.061644
vt 0.343111 0.060334
vt 0.352309 0.059541
vt 0.342479 0.049062
vt 0.351433 0.048099
vt 0.363291 0.047375
vt 0.350743 0.030785
vt 0.362304 0.030076
vt 0.381162 0.028970
vt 0.360304 0.003350
vt 0.379118 0.002152
vt 0.408282 0.000948
vt 0.768372 0.001951
vt 0.799632 0.002665
vt 0.799626 0.022775
vt 0.767970 0.021421
vt 0.735618 0.020158
vt 0.736265 0.001131
vt 0.758866 0.860617
vt 0.759171 0.891466
vt 0.717631 0.891663
vt 0.717289 0.860518
vt 0.717286 0.829007
vt 0.758858 0.829571
vt 0.687532 0.860315
vt 0.687521 0.828642
vt 0.687591 0.797667
vt 0.657590 0.828362
vt 0.657506 0.797392
vt 0.657391 0.768968
vt 0.591906 0.796892
vt 0.591548 0.768514
vt 0.591246 0.752565
vt 0.856121 0.378409
vt 0.842386 0.376510
vt 0.843488 0.367462
vt 0.857925 0.370007
vt 0.867064 0.372694
vt 0.864840 0.380239
vt 0.591028 0.741186
vt 0.873616 0.375734
vt 0.870683 0.382045
vt 0.590910 0.732262
vt 0.878338 0.379250
vt 0.874773 0.383922
vt 0.590815 0.724410
vt 0.881388 0.383204
vt 0.877218 0.386084
vt 0.590717 0.717220
vt 0.883141 0.387975
vt 0.877583 0.389028
vt 0.590626 0.709975
vt 0.883226 0.394215
vt 0.876494 0.392594
vt 0.590541 0.702040
vt 0.881609 0.400679
vt 0.872608 0.396800
vt 0.590483 0.694671
vt 0.881106 0.429800
vt 0.871209 0.426069
vt 0.590419 0.664596
vt 0.881777 0.455773
vt 0.871380 0.454302
vt 0.144725 0.703726
vt 0.144397 0.674240
vt 0.211156 0.674710
vt 0.211304 0.704778
vt 0.144268 0.644047
vt 0.211106 0.644377
vt 0.242072 0.644373
vt 0.211195 0.613837
vt 0.241990 0.613818
vt 0.272747 0.613612
vt 0.241888 0.583250
vt 0.272320 0.583258
vt 0.314984 0.581966
vt 0.315807 0.612015
vt 0.271831 0.553859
vt 0.313568 0.553508
vt 0.608823 0.191556
vt 0.608979 0.220537
vt 0.595579 0.220213
vt 0.596613 0.192843
vt 0.609272 0.244059
vt 0.595178 0.243150
vt 0.142112 0.201387
vt 0.142874 0.223853
vt 0.119748 0.226215
vt 0.121756 0.202301
vt 0.101669 0.227135
vt 0.103195 0.202607
vt 0.089724 0.227397
vt 0.101132 0.242297
vt 0.089790 0.242522
vt 0.080808 0.242422
vt 0.080706 0.227628
vt 0.090121 0.253389
vt 0.081005 0.253205
vt 0.588126 0.296271
vt 0.586867 0.307191
vt 0.578806 0.305822
vt 0.090499 0.262317
vt 0.081261 0.262205
vt 0.101356 0.253253
vt 0.101654 0.262496
vt 0.101616 0.270723
vt 0.090579 0.270283
vt 0.081162 0.270058
vt 0.101535 0.278704
vt 0.090331 0.278344
vt 0.080931 0.277853
vt 0.101509 0.287311
vt 0.090100 0.286770
vt 0.080469 0.286130
vt 0.089810 0.296017
vt 0.080235 0.295744
vt 0.566533 0.329856
vt 0.557122 0.331379
vt 0.564997 0.321550
vt 0.089536 0.307068
vt 0.080050 0.307057
vt 0.101453 0.296481
vt 0.101530 0.307430
vt 0.102569 0.326284
vt 0.119633 0.308936
vt 0.121354 0.326872
vt 0.143507 0.311072
vt 0.142918 0.328766
vt 0.663656 0.301185
vt 0.645415 0.301879
vt 0.645232 0.288120
vt 0.660754 0.288543
vt 0.687064 0.288921
vt 0.687740 0.300193
vt 0.316209 0.412087
vt 0.313882 0.437731
vt 0.272345 0.439352
vt 0.273293 0.412116
vt 0.274109 0.382804
vt 0.318080 0.383052
vt 0.242583 0.412792
vt 0.242819 0.383269
vt 0.242888 0.353528
vt 0.211956 0.383575
vt 0.212031 0.353804
vt 0.212239 0.324150
vt 0.145235 0.354302
vt 0.145970 0.324876
vt 0.146856 0.297197
vt 0.694233 0.645437
vt 0.720714 0.644250
vt 0.721358 0.654359
vt 0.696172 0.654267
vt 0.680303 0.654123
vt 0.679150 0.646054
vt 0.147412 0.281735
vt 0.669372 0.654058
vt 0.668718 0.646480
vt 0.147787 0.271135
vt 0.659512 0.653917
vt 0.659706 0.646878
vt 0.148048 0.261786
vt 0.650452 0.653134
vt 0.652012 0.647120
vt 0.148229 0.252860
vt 0.643236 0.650241
vt 0.646666 0.644623
vt 0.148329 0.244871
vt 0.638063 0.642813
vt 0.643907 0.638059
vt 0.148358 0.236580
vt 0.634385 0.632891
vt 0.641411 0.629425
vt 0.148290 0.227340
vt 0.631377 0.621135
vt 0.639254 0.619055
vt 0.148097 0.216889
vt 0.628680 0.607136
vt 0.637331 0.606166
vt 0.147775 0.204230
vt 0.625155 0.583262
vt 0.634749 0.582151
vt 0.147202 0.180838
vt 0.621897 0.554191
vt 0.632407 0.552279
vt 0.146593 0.151568
vt 0.212577 0.151273
vt 0.146102 0.121272
vt 0.212374 0.120753
vt 0.243110 0.120516
vt 0.212155 0.090114
vt 0.243082 0.089871
vt 0.274218 0.090080
vt 0.242908 0.059530
vt 0.274064 0.059824
vt 0.317113 0.061150
vt 0.317796 0.091362
vt 0.273627 0.031301
vt 0.316107 0.033588
vt 0.859065 0.110453
vt 0.859425 0.083448
vt 0.871717 0.087926
vt 0.869942 0.111739
vt 0.858205 0.050470
vt 0.874568 0.062418
vt 0.138724 0.740901
vt 0.137005 0.766016
vt 0.114796 0.764173
vt 0.117465 0.740662
vt 0.097772 0.762839
vt 0.111920 0.778043
vt 0.095483 0.775222
vt 0.109752 0.788044
vt 0.092573 0.784403
vt 0.108228 0.796048
vt 0.089742 0.791694
vt 0.327313 0.051338
vt 0.324656 0.032258
vt 0.332616 0.031776
vt 0.334592 0.050154
vt 0.329992 0.062933
vt 0.341389 0.031282
vt 0.330848 0.005849
vt 0.339595 0.005043
vt 0.349128 0.004183
vt 0.835263 0.003654
vt 0.848097 0.005252
vt 0.843030 0.025150
vt 0.833052 0.024463
vt 0.820046 0.023740
vt 0.821276 0.002978
vt 0.760262 0.938446
vt 0.760584 0.949992
vt 0.718686 0.950632
vt 0.718428 0.938642
vt 0.718024 0.920482
vt 0.759779 0.920377
vt 0.687896 0.938464
vt 0.687766 0.920164
vt 0.687629 0.891458
vt 0.657402 0.919914
vt 0.657529 0.891166
vt 0.657600 0.860005
vt 0.591929 0.890613
vt 0.592207 0.859426
vt 0.592193 0.827905
vt 0.784222 0.372463
vt 0.750919 0.370988
vt 0.751849 0.360775
vt 0.784851 0.362731
vt 0.815990 0.364849
vt 0.815466 0.374237
vt 0.786215 0.347268
vt 0.817167 0.350202
vt 0.845137 0.353675
vt 0.532214 0.667347
vt 0.503583 0.668471
vt 0.503157 0.649878
vt 0.530376 0.648742
vt 0.547361 0.647731
vt 0.548729 0.666346
vt 0.861299 0.357152
vt 0.558246 0.647057
vt 0.559518 0.665537
vt 0.871730 0.360811
vt 0.567232 0.646593
vt 0.568661 0.664727
vt 0.880116 0.365301
vt 0.575916 0.646150
vt 0.577186 0.663957
vt 0.886987 0.371076
vt 0.583776 0.645752
vt 0.585059 0.663186
vt 0.891847 0.378009
vt 0.011702 0.000228
vt 0.028816 0.002846
vt 0.027229 0.010908
vt 0.011083 0.008129
vt 0.893991 0.386345
vt 0.025031 0.020850
vt 0.010135 0.017427
vt 0.893490 0.396013
vt 0.022091 0.034638
vt 0.008129 0.032566
vt 0.892074 0.410338
vt 0.019290 0.058016
vt 0.006426 0.057793
vt 0.890066 0.433721
vt 0.017634 0.083650
vt 0.005776 0.082446
vt 0.889780 0.456594
vt 0.016363 0.112936
vt 0.005208 0.111891
vt 0.890233 0.484113
vt 0.882874 0.484238
vt 0.891362 0.514797
vt 0.883888 0.513593
vt 0.872836 0.512385
vt 0.872011 0.483136
vt 0.884544 0.542135
vt 0.873817 0.541360
vt 0.144619 0.613511
vt 0.145235 0.583329
vt 0.211398 0.583315
vt 0.145909 0.554113
vt 0.211657 0.553766
vt 0.241800 0.553685
vt 0.211869 0.530167
vt 0.241754 0.530140
vt 0.271365 0.530411
vt 0.241743 0.517455
vt 0.271067 0.517809
vt 0.311096 0.517245
vt 0.312007 0.530517
vt 0.270868 0.507411
vt 0.310504 0.506379
vt 0.609656 0.257583
vt 0.610126 0.268379
vt 0.595935 0.271859
vt 0.595253 0.259355
vt 0.143449 0.239259
vt 0.143630 0.250739
vt 0.119003 0.252386
vt 0.119021 0.241229
vt 0.143666 0.260658
vt 0.119075 0.261807
vt 0.143749 0.269715
vt 0.119003 0.270438
vt 0.143755 0.279337
vt 0.118930 0.279110
vt 0.143812 0.289026
vt 0.118868 0.287941
vt 0.143763 0.299161
vt 0.118967 0.297485
vt 0.632684 0.301915
vt 0.621545 0.301183
vt 0.624974 0.287154
vt 0.634360 0.287702
vt 0.311276 0.463582
vt 0.310583 0.473214
vt 0.271072 0.473056
vt 0.271365 0.463808
vt 0.271779 0.453477
vt 0.312278 0.452835
vt 0.242019 0.464925
vt 0.242148 0.454348
vt 0.242325 0.440232
vt 0.212176 0.454572
vt 0.212125 0.440450
vt 0.212020 0.413048
vt 0.146494 0.440067
vt 0.145733 0.413004
vt 0.145137 0.383805
vt 0.776101 0.640771
vt 0.803669 0.638075
vt 0.804890 0.648122
vt 0.777685 0.651648
vt 0.748999 0.653820
vt 0.748446 0.642811
vt 0.779152 0.658775
vt 0.749114 0.660895
vt 0.721755 0.662162
vt 0.002282 0.442475
vt 0.002541 0.413314
vt 0.009254 0.412601
vt 0.010951 0.442238
vt 0.013923 0.468748
vt 0.001496 0.466918
vt 0.698619 0.662828
vt 0.016091 0.487528
vt 0.000613 0.485341
vt 0.680774 0.663292
vt 0.016816 0.499002
vt 0.000267 0.497482
vt 0.668606 0.663765
vt 0.017064 0.508775
vt 0.000228 0.507801
vt 0.657707 0.664036
vt 0.017223 0.517701
vt 0.000439 0.517420
vt 0.646913 0.663437
vt 0.017377 0.526476
vt 0.000395 0.526851
vt 0.636501 0.659589
vt 0.017298 0.535086
vt 0.000579 0.536126
vt 0.629386 0.650568
vt 0.017322 0.544579
vt 0.000617 0.546250
vt 0.624258 0.638896
vt 0.017275 0.556064
vt 0.000900 0.558110
vt 0.620733 0.625142
vt 0.016693 0.571060
vt 0.001641 0.573715
vt 0.617792 0.608035
vt 0.014930 0.595052
vt 0.002741 0.596215
vt 0.614923 0.584472
vt 0.012755 0.623694
vt 0.003109 0.623590
vt 0.612801 0.556622
vt 0.011812 0.654381
vt 0.003032 0.653905
vt 0.610969 0.526139
vt 0.619254 0.523714
vt 0.608639 0.493053
vt 0.616866 0.492120
vt 0.628163 0.490078
vt 0.630322 0.521466
vt 0.614502 0.460546
vt 0.625845 0.458188
vt 0.145653 0.090654
vt 0.145409 0.060310
vt 0.211928 0.059711
vt 0.145340 0.031413
vt 0.211708 0.030479
vt 0.242643 0.030431
vt 0.211515 0.000287
vt 0.242397 0.000228
vt 0.273337 0.000399
vt 0.719126 0.998369
vt 0.688166 0.998011
vt 0.688137 0.990873
vt 0.719084 0.990810
vt 0.761074 0.990725
vt 0.761171 0.999772
vt 0.315346 0.001950
vt 0.719019 0.982757
vt 0.761087 0.982325
vt 0.861424 0.043949
vt 0.859855 0.035750
vt 0.877759 0.028724
vt 0.877878 0.044733
vt 0.135079 0.781367
vt 0.134169 0.790803
vt 0.856690 0.029036
vt 0.871402 0.016262
vt 0.133588 0.798827
vt 0.851049 0.026018
vt 0.860435 0.008912
vt 0.322762 0.006563
vt 0.761040 0.967392
vt 0.761132 0.974905
vt 0.718953 0.975477
vt 0.718873 0.968140
vt 0.718799 0.960037
vt 0.760849 0.959225
vt 0.688102 0.968717
vt 0.688061 0.960607
vt 0.687993 0.950908
vt 0.657179 0.960368
vt 0.657215 0.950723
vt 0.657293 0.938155
vt 0.591088 0.949698
vt 0.591265 0.937605
vt 0.591528 0.919592
vt 0.681454 0.368504
vt 0.659075 0.367840
vt 0.659905 0.355100
vt 0.682711 0.356544
vt 0.717254 0.358795
vt 0.716067 0.369677
vt 0.685475 0.338746
vt 0.719181 0.341957
vt 0.753323 0.344575
vt 0.440959 0.669106
vt 0.409592 0.668898
vt 0.410256 0.650204
vt 0.441269 0.650906
vt 0.472595 0.650791
vt 0.472566 0.668958
vt 0.441613 0.624125
vt 0.472572 0.624137
vt 0.502721 0.623491
vt 0.472625 0.611215
vt 0.502628 0.610831
vt 0.528009 0.610488
vt 0.528679 0.622767
vt 0.545101 0.610224
vt 0.546101 0.622272
vt 0.555944 0.609929
vt 0.556928 0.621640
vt 0.564368 0.609293
vt 0.565284 0.620748
vt 0.571364 0.608115
vt 0.572940 0.619762
vt 0.577320 0.606482
vt 0.580250 0.618698
vt 0.055501 0.007274
vt 0.052534 0.014574
vt 0.049550 0.023861
vt 0.058918 0.036949
vt 0.047330 0.036202
vt 0.057474 0.057566
vt 0.045680 0.057712
vt 0.056384 0.083956
vt 0.044305 0.083929
vt 0.055585 0.113470
vt 0.043036 0.113336
vt 0.055180 0.143731
vt 0.042459 0.143759
vt 0.015868 0.143853
vt 0.042590 0.173703
vt 0.016062 0.173859
vt 0.004551 0.174441
vt 0.004804 0.144479
vt 0.016901 0.202043
vt 0.004223 0.201314
vt 0.892679 0.543180
vt 0.893870 0.568814
vt 0.884580 0.569242
vt 0.893991 0.590758
vt 0.884057 0.591720
vt 0.875685 0.592291
vt 0.874905 0.569492
vt 0.883419 0.603926
vt 0.875776 0.603708
vt 0.146503 0.530410
vt 0.146928 0.518292
vt 0.212001 0.517580
vt 0.147248 0.508171
vt 0.212098 0.507295
vt 0.241742 0.507136
vt 0.212168 0.498429
vt 0.241755 0.498210
vt 0.270787 0.498167
vt 0.241785 0.490012
vt 0.270804 0.489815
vt 0.309919 0.489026
vt 0.310124 0.496960
vt 0.610772 0.277228
vt 0.611911 0.283922
vt 0.602025 0.292324
vt 0.597804 0.282791
vt 0.270886 0.481924
vt 0.310085 0.482213
vt 0.616923 0.286421
vt 0.610845 0.298711
vt 0.241833 0.482438
vt 0.241918 0.473863
vt 0.212236 0.482767
vt 0.212234 0.474254
vt 0.212213 0.465274
vt 0.147417 0.474385
vt 0.147236 0.465037
vt 0.146932 0.454315
vt 0.843730 0.633804
vt 0.854195 0.632686
vt 0.855725 0.640203
vt 0.844459 0.642019
vt 0.829359 0.644418
vt 0.829756 0.635318
vt 0.846349 0.652136
vt 0.828695 0.653940
vt 0.806088 0.656300
vt 0.002445 0.352474
vt 0.001780 0.328780
vt 0.015091 0.326280
vt 0.011839 0.351873
vt 0.009548 0.381088
vt 0.002644 0.381177
vt 0.039417 0.351403
vt 0.037304 0.380901
vt 0.036946 0.411921
vt 0.052826 0.380676
vt 0.052606 0.411560
vt 0.053538 0.441705
vt 0.038707 0.441820
vt 0.054529 0.469171
vt 0.041015 0.469008
vt 0.054806 0.488976
vt 0.042461 0.488694
vt 0.054558 0.500242
vt 0.042852 0.499806
vt 0.054307 0.509349
vt 0.042894 0.509129
vt 0.054278 0.517744
vt 0.042878 0.517769
vt 0.054201 0.525767
vt 0.042832 0.525886
vt 0.054120 0.534037
vt 0.042788 0.534279
vt 0.054619 0.543425
vt 0.043138 0.543664
vt 0.055219 0.554694
vt 0.043586 0.554963
vt 0.055500 0.569684
vt 0.043293 0.569979
vt 0.055237 0.594349
vt 0.041984 0.594723
vt 0.054534 0.623754
vt 0.040338 0.623793
vt 0.054186 0.654666
vt 0.039533 0.654572
vt 0.054640 0.685712
vt 0.040132 0.685720
vt 0.012316 0.685942
vt 0.042079 0.715441
vt 0.014298 0.715564
vt 0.003215 0.716665
vt 0.003018 0.686814
vt 0.016532 0.741712
vt 0.003923 0.742141
vt 0.605695 0.462603
vt 0.601551 0.435580
vt 0.611851 0.429819
vt 0.594743 0.406118
vt 0.609038 0.394115
vt 0.621389 0.389921
vt 0.623547 0.426179
vt 0.607435 0.383389
vt 0.617923 0.384214
vt 0.590878 0.997612
vt 0.590829 0.990082
vt 0.657219 0.990642
vt 0.657267 0.997793
vt 0.145175 0.000866
vt 0.590870 0.981983
vt 0.657191 0.982878
vt 0.688135 0.983101
vt 0.657176 0.975617
vt 0.688128 0.975869
vt 0.657174 0.968455
vt 0.590923 0.974674
vt 0.590968 0.967233
vt 0.591003 0.959094
vt 0.633977 0.367550
vt 0.626386 0.368027
vt 0.623172 0.359026
vt 0.632972 0.356106
vt 0.644810 0.354952
vt 0.644386 0.367544
vt 0.629603 0.336332
vt 0.644994 0.335173
vt 0.661514 0.336049
vt 0.361712 0.667246
vt 0.350325 0.666589
vt 0.351705 0.647790
vt 0.363042 0.648337
vt 0.382144 0.649202
vt 0.380456 0.668111
vt 0.364316 0.622436
vt 0.383520 0.622837
vt 0.410960 0.623488
vt 0.384191 0.610551
vt 0.411322 0.610773
vt 0.441823 0.611198
vt 0.411619 0.600650
vt 0.441995 0.600771
vt 0.472696 0.600728
vt 0.442159 0.590174
vt 0.472789 0.590196
vt 0.502631 0.590147
vt 0.502609 0.600545
vt 0.527975 0.589877
vt 0.527849 0.600218
vt 0.545166 0.589718
vt 0.544769 0.599916
vt 0.555649 0.589735
vt 0.555392 0.599710
vt 0.563814 0.589766
vt 0.563833 0.599544
vt 0.570361 0.589870
vt 0.570417 0.599256
vt 0.563864 0.578933
vt 0.570755 0.579052
vt 0.577308 0.579542
vt 0.571852 0.560244
vt 0.579068 0.560270
vt 0.586697 0.560380
vt 0.584402 0.580377
vt 0.067498 0.037366
vt 0.066351 0.057417
vt 0.580662 0.533785
vt 0.588444 0.533836
vt 0.065322 0.083907
vt 0.581623 0.504025
vt 0.589498 0.504101
vt 0.064607 0.113526
vt 0.582058 0.473728
vt 0.589916 0.473745
vt 0.064250 0.143734
vt 0.582132 0.443642
vt 0.589963 0.443636
vt 0.064137 0.173691
vt 0.055138 0.173669
vt 0.064079 0.202816
vt 0.055235 0.202612
vt 0.043257 0.202345
vt 0.055122 0.227858
vt 0.043793 0.227545
vt 0.018239 0.226610
vt 0.043873 0.242855
vt 0.018694 0.241772
vt 0.002114 0.239203
vt 0.002960 0.224003
vt 0.018635 0.252743
vt 0.001717 0.250270
vt 0.893729 0.605889
vt 0.892800 0.617405
vt 0.882540 0.613912
vt 0.890726 0.627661
vt 0.881049 0.622672
vt 0.874938 0.620547
vt 0.875562 0.612908
vt 0.878113 0.630016
vt 0.873585 0.626573
vt 0.147431 0.499108
vt 0.147514 0.490736
vt 0.212216 0.490243
vt 0.147510 0.483157
vt 0.869328 0.630187
vt 0.873618 0.634789
vt 0.865460 0.638138
vt 0.862754 0.631798
vt 0.880314 0.644066
vt 0.870388 0.647962
vt 0.859168 0.650466
vt 0.000762 0.298623
vt 0.000744 0.288165
vt 0.017814 0.287392
vt 0.017698 0.297014
vt 0.017039 0.308223
vt 0.001098 0.310943
vt 0.043058 0.296399
vt 0.042652 0.306728
vt 0.041533 0.325211
vt 0.054531 0.306369
vt 0.054454 0.324666
vt 0.053772 0.350987
vt 0.064115 0.324272
vt 0.064221 0.350706
vt 0.064110 0.380442
vt 0.473339 0.335459
vt 0.503370 0.336060
vt 0.503371 0.344496
vt 0.473410 0.344125
vt 0.442240 0.344033
vt 0.442124 0.335173
vt 0.064116 0.411350
vt 0.411689 0.344311
vt 0.411545 0.335634
vt 0.064492 0.441640
vt 0.383864 0.344791
vt 0.383645 0.336097
vt 0.064634 0.469261
vt 0.364341 0.345458
vt 0.363807 0.336713
vt 0.064371 0.488862
vt 0.353023 0.346184
vt 0.352155 0.337594
vt 0.064110 0.500395
vt 0.344130 0.346949
vt 0.342845 0.338903
vt 0.063740 0.509722
vt 0.063491 0.517849
vt 0.353193 0.354176
vt 0.344350 0.354606
vt 0.352750 0.362366
vt 0.344014 0.362644
vt 0.336700 0.362815
vt 0.329499 0.362546
vt 0.343485 0.373162
vt 0.335983 0.373343
vt 0.328527 0.373128
vt 0.335347 0.387629
vt 0.327647 0.387485
vt 0.319524 0.387247
vt 0.320251 0.372409
vt 0.321571 0.361167
vt 0.063736 0.543427
vt 0.064264 0.554756
vt 0.063644 0.533969
vt 0.064664 0.569573
vt 0.326944 0.411821
vt 0.318965 0.411782
vt 0.064784 0.594133
vt 0.326636 0.441366
vt 0.318536 0.441352
vt 0.064657 0.623693
vt 0.326834 0.472445
vt 0.318536 0.472422
vt 0.064677 0.654724
vt 0.327277 0.503494
vt 0.319013 0.503517
vt 0.064971 0.685783
vt 0.327959 0.533045
vt 0.319858 0.533139
vt 0.065391 0.715399
vt 0.055574 0.715378
vt 0.066198 0.742155
vt 0.056680 0.742181
vt 0.043280 0.742104
vt 0.058491 0.762851
vt 0.045543 0.763959
vt 0.019776 0.765793
vt 0.049023 0.776064
vt 0.023362 0.779253
vt 0.007581 0.781786
vt 0.005651 0.767146
vt 0.025625 0.789012
vt 0.008864 0.791456
vt 0.590419 0.383713
vt 0.591644 0.363899
vt 0.610260 0.372116
vt 0.601167 0.349856
vt 0.615492 0.364253
vt 0.621320 0.371027
vt 0.618984 0.376844
vt 0.614309 0.340889
vt 0.331681 0.665417
vt 0.323345 0.664895
vt 0.324824 0.647077
vt 0.333175 0.647188
vt 0.342280 0.647469
vt 0.340729 0.665973
vt 0.335757 0.621243
vt 0.344252 0.621999
vt 0.353216 0.622279
vt 0.345190 0.610095
vt 0.354294 0.610472
vt 0.365327 0.610462
vt 0.354765 0.600427
vt 0.365995 0.600361
vt 0.384634 0.600440
vt 0.366038 0.590199
vt 0.384968 0.590127
vt 0.411893 0.590207
vt 0.385008 0.579326
vt 0.412130 0.578862
vt 0.442333 0.578620
vt 0.412312 0.560312
vt 0.442536 0.560057
vt 0.473127 0.560103
vt 0.472926 0.578677
vt 0.503147 0.560279
vt 0.502759 0.578889
vt 0.529423 0.560357
vt 0.528484 0.579119
vt 0.545542 0.560442
vt 0.545535 0.579134
vt 0.556086 0.560383
vt 0.555916 0.579010
vt 0.564268 0.560271
vt 0.556354 0.533711
vt 0.565117 0.533732
vt 0.573121 0.533764
vt 0.565940 0.503892
vt 0.574011 0.503955
vt 0.566389 0.473667
vt 0.574469 0.473704
vt 0.566458 0.443589
vt 0.574539 0.443623
vt 0.566384 0.414244
vt 0.574366 0.414301
vt 0.581900 0.414339
vt 0.573874 0.389051
vt 0.581377 0.389055
vt 0.589257 0.388988
vt 0.589688 0.414377
vt 0.580645 0.374472
vt 0.588544 0.373956
vt 0.063819 0.228120
vt 0.063516 0.243114
vt 0.054776 0.243055
vt 0.063293 0.253978
vt 0.054279 0.253926
vt 0.043689 0.253733
vt 0.053844 0.262982
vt 0.043437 0.262829
vt 0.018419 0.261790
vt 0.043175 0.270942
vt 0.018302 0.270328
vt 0.001256 0.269161
vt 0.001501 0.259999
vt 0.018078 0.278673
vt 0.000912 0.278482
vt 0.887337 0.636898
vt 0.043033 0.278756
vt 0.043141 0.287291
vt 0.053739 0.278788
vt 0.053964 0.287174
vt 0.054322 0.296220
vt 0.063293 0.286883
vt 0.063572 0.296126
vt 0.063855 0.306443
vt 0.548140 0.337636
vt 0.558610 0.338591
vt 0.557653 0.346896
vt 0.547445 0.346110
vt 0.530047 0.345234
vt 0.530075 0.336778
vt 0.547464 0.354332
vt 0.529959 0.353469
vt 0.503382 0.352518
vt 0.473444 0.351962
vt 0.529909 0.362338
vt 0.503425 0.361539
vt 0.473452 0.361040
vt 0.442436 0.361095
vt 0.442336 0.351997
vt 0.503541 0.373156
vt 0.473461 0.373187
vt 0.442548 0.373128
vt 0.412123 0.372993
vt 0.411973 0.361394
vt 0.473515 0.388556
vt 0.442678 0.388363
vt 0.412236 0.388011
vt 0.384368 0.387897
vt 0.384500 0.372936
vt 0.442836 0.413053
vt 0.412348 0.412534
vt 0.384080 0.412061
vt 0.365464 0.412014
vt 0.364557 0.387742
vt 0.412559 0.442386
vt 0.384080 0.442070
vt 0.365956 0.441856
vt 0.353208 0.441691
vt 0.352864 0.412021
vt 0.384153 0.472619
vt 0.366150 0.472545
vt 0.353521 0.472506
vt 0.343330 0.472484
vt 0.343023 0.441544
vt 0.366256 0.503160
vt 0.353841 0.503243
vt 0.343643 0.503346
vt 0.335010 0.503437
vt 0.334674 0.472468
vt 0.353856 0.533074
vt 0.344060 0.533035
vt 0.335625 0.533020
vt 0.344685 0.559784
vt 0.336849 0.559662
vt 0.329424 0.559679
vt 0.321442 0.559829
vt 0.338190 0.579429
vt 0.331403 0.579687
vt 0.323930 0.580270
vt 0.067426 0.762763
vt 0.338740 0.590182
vt 0.345166 0.579506
vt 0.345619 0.590375
vt 0.345753 0.600224
vt 0.338473 0.599484
vt 0.337426 0.609067
vt 0.330862 0.607354
vt 0.328006 0.619918
vt 0.054172 0.793494
vt 0.052016 0.785702
vt 0.027377 0.797415
vt 0.354437 0.590388
vt 0.353737 0.579687
vt 0.365727 0.579743
vt 0.353514 0.560080
vt 0.365575 0.560322
vt 0.384678 0.560434
vt 0.366058 0.533152
vt 0.384126 0.533256
vt 0.412415 0.533270
vt 0.384075 0.503108
vt 0.412542 0.503102
vt 0.442928 0.503167
vt 0.442755 0.533240
vt 0.473628 0.503297
vt 0.473398 0.533352
vt 0.504210 0.503475
vt 0.503785 0.533594
vt 0.531826 0.503653
vt 0.530810 0.533740
vt 0.545874 0.503755
vt 0.545404 0.533725
vt 0.556962 0.503831
vt 0.546233 0.473551
vt 0.557375 0.473618
vt 0.546363 0.443442
vt 0.557470 0.443530
vt 0.546586 0.413904
vt 0.557660 0.414135
vt 0.547421 0.388531
vt 0.558166 0.388783
vt 0.566236 0.388974
vt 0.558324 0.373749
vt 0.566035 0.374291
vt 0.573257 0.374580
vt 0.565615 0.364018
vt 0.572470 0.364393
vt 0.579500 0.364152
vt 0.587368 0.363162
vt 0.565426 0.355837
vt 0.557449 0.354929
vt 0.566079 0.348447
vt 0.557838 0.363431
vt 0.547938 0.362906
vt 0.547969 0.373249
vt 0.530102 0.373044
vt 0.530614 0.388312
vt 0.503777 0.388447
vt 0.531618 0.413579
vt 0.504156 0.413281
vt 0.473626 0.413221
vt 0.532273 0.443322
vt 0.504408 0.443117
vt 0.473732 0.442934
vt 0.442971 0.442709
vt 0.504403 0.473283
vt 0.473740 0.473100
vt 0.443011 0.472921
vt 0.412651 0.472753
vt 0.532292 0.473458
vt 0.567898 0.340075
vt 0.334403 0.441430
vt 0.334659 0.411892
vt 0.343066 0.411968
vt 0.343329 0.387694
vt 0.352296 0.387688
vt 0.352247 0.372851
vt 0.364157 0.372705
vt 0.364125 0.362291
vt 0.384379 0.362029
vt 0.364377 0.353736
vt 0.384121 0.353091
vt 0.411829 0.352390
vt 0.063013 0.278774
vt 0.053777 0.270885
vt 0.062914 0.271117
vt 0.062972 0.263199
vt 0.009784 0.799720
vt 0.063653 0.525577
s 1
f 1/1/1 9/2/9 10/3/10 11/4/11
f 1/1/1 11/4/11 12/5/12 13/6/13
f 1/1/1 13/6/13 14/7/14 9/2/9
f 2/8/2 15/9/15 16/10/16 17/11/17
f 2/8/2 17/11/17 18/12/18 19/13/19
f 2/14/2 19/15/19 20/16/20 15/17/15
f 3/18/3 21/19/21 22/20/22 23/21/23
f 3/18/3 23/21/23 24/22/24 25/23/25
f 3/24/3 25/25/25 26/26/26 21/27/21
f 4/28/4 27/29/27 28/30/28 29/31/29
f 4/28/4 29/31/29 30/32/30 31/33/31
f 4/28/4 31/33/31 32/34/32 27/29/27
f 5/35/5 33/36/33 34/37/34 35/38/35
f 5/35/5 35/38/35 36/39/36 37/40/37
f 5/35/5 37/40/37 38/41/38 33/36/33
f 6/42/6 39/43/39 40/44/40 41/45/41
f 6/46/6 42/47/42 43/48/43 39/49/39
f 6/46/6 41/50/41 44/51/44 42/47/42
f 7/52/7 45/53/45 46/54/46 47/55/47
f 7/52/7 48/56/48 49/57/49 45/53/45
f 7/52/7 47/55/47 50/58/50 48/56/48
f 8/59/8 51/60/51 52/61/52 53/62/53
f 8/63/8 54/64/54 55/65/55 51/66/51
f 8/63/8 53/67/53 56/68/56 54/64/54
f 56/69/56 57/70/57 58/71/58 59/72/59
f 56/68/56 59/73/59 60/74/60 54/64/54
f 56/69/56 53/62/53 61/75/61 57/70/57
f 61/75/61 62/76/62 63/77/63 57/70/57
f 61/75/61 53/62/53 52/61/52 64/78/64
f 61/75/61 64/78/64 65/79/65 62/76/62
f 65/79/65 66/80/66 67/81/67 62/76/62
f 65/79/65 64/78/64 68/82/68 69/83/69
f 65/79/65 69/83/69 70/84/70 66/80/66
f 70/84/70 71/85/71 72/86/72 66/80/66
f 70/84/70 69/83/69 73/87/73 74/88/74
f 70/84/70 74/88/74 75/89/75 71/85/71
f 75/89/75 76/90/76 77/91/77 71/85/71
f 75/89/75 74/88/74 78/92/78 79/93/79
f 75/89/75 79/93/79 80/94/80 76/90/76
f 80/94/80 81/95/81 82/96/82 76/90/76
f 80/94/80 79/93/79 83/97/83 84/98/84
f 80/94/80 84/98/84 85/99/85 81/95/81
f 85/99/85 86/100/85 87/101/86 81/95/81
f 85/99/85 84/98/84 88/102/87 89/103/85
f 85/99/85 89/103/85 90/104/85 86/100/85
f 90/104/85 91/105/85 92/106/85 86/100/85
f 90/104/85 89/103/85 93/107/85 94/108/85
f 90/104/85 94/108/85 95/109/85 91/105/85
f 95/109/85 96/110/88 97/111/88 91/105/85
f 95/109/85 94/108/85 98/112/89 99/113/89
f 95/109/85 99/113/89 100/114/90 96/110/88
f 100/114/90 101/115/91 102/116/92 96/110/88
f 100/114/90 99/113/89 103/117/93 104/118/94
f 100/114/90 104/118/94 105/119/95 101/115/91
f 105/119/95 106/120/96 107/121/97 101/115/91
f 105/119/95 104/118/94 108/122/98 109/123/99
f 105/119/95 109/123/99 110/124/100 106/120/96
f 110/124/100 111/125/101 112/126/102 106/120/96
f 110/124/100 109/123/99 113/127/103 114/128/104
f 110/124/100 114/128/104 115/129/105 111/125/101
f 115/129/105 116/130/106 117/131/107 111/125/101
f 115/129/105 114/128/104 118/132/108 119/133/109
f 115/129/105 119/133/109 120/134/110 116/130/106
f 120/134/110 32/34/32 121/135/111 116/130/106
f 120/134/110 119/133/109 122/136/112 123/137/113
f 120/134/110 123/137/113 27/29/27 32/34/32
f 123/137/113 122/136/112 124/138/114 125/139/115
f 123/137/113 125/139/115 28/30/28 27/29/27
f 125/140/115 124/141/114 126/142/116 127/143/117
f 125/140/115 127/143/117 128/144/118 28/145/28
f 128/144/118 127/143/117 129/146/119 130/147/120
f 128/144/118 130/147/120 131/148/121 132/149/122
f 128/144/118 132/149/122 29/150/29 28/145/28
f 132/149/122 131/148/121 133/151/123 134/152/124
f 132/149/122 134/152/124 30/153/30 29/150/29
f 134/152/124 133/151/123 135/154/125 136/155/126
f 134/152/124 136/155/126 137/156/127 30/153/30
f 137/156/127 136/155/126 138/157/128 139/158/129
f 137/159/127 139/160/129 140/161/130 141/162/131
f 137/159/127 141/162/131 31/33/31 30/32/30
f 141/162/131 140/161/130 142/163/132 121/135/111
f 141/162/131 121/135/111 32/34/32 31/33/31
f 142/163/132 140/161/130 143/164/133 144/165/134
f 142/163/132 144/165/134 145/166/135 117/131/107
f 142/163/132 117/131/107 116/130/106 121/135/111
f 145/166/135 144/165/134 146/167/136 147/168/137
f 145/166/135 147/168/137 148/169/138 112/126/102
f 145/166/135 112/126/102 111/125/101 117/131/107
f 148/169/138 147/168/137 149/170/139 150/171/140
f 148/169/138 150/171/140 151/172/141 107/121/97
f 148/169/138 107/121/97 106/120/96 112/126/102
f 151/172/141 150/171/140 152/173/142 153/174/141
f 151/172/141 153/174/141 154/175/92 102/116/92
f 151/172/141 102/116/92 101/115/91 107/121/97
f 154/175/92 153/174/141 155/176/143 156/177/92
f 154/175/92 156/177/92 157/178/88 97/111/88
f 154/175/92 97/111/88 96/110/88 102/116/92
f 157/178/88 156/177/92 158/179/144 159/180/145
f 157/178/88 159/180/145 160/181/86 92/106/85
f 157/178/88 92/106/85 91/105/85 97/111/88
f 160/181/86 159/180/145 161/182/146 162/183/82
f 160/181/86 162/183/82 163/184/82 87/101/86
f 160/181/86 87/101/86 86/100/85 92/106/85
f 163/184/82 162/183/82 164/185/147 165/186/148
f 163/184/82 165/186/148 166/187/149 82/96/82
f 163/184/82 82/96/82 81/95/81 87/101/86
f 166/187/149 165/186/148 167/188/150 168/189/151
f 166/187/149 168/189/151 169/190/152 77/91/77
f 166/187/149 77/91/77 76/90/76 82/96/82
f 169/190/152 168/189/151 170/191/153 171/192/154
f 169/190/152 171/192/154 172/193/155 72/86/72
f 169/190/152 72/86/72 71/85/71 77/91/77
f 172/193/155 171/192/154 173/194/156 174/195/157
f 172/193/155 174/195/157 175/196/158 67/81/67
f 172/193/155 67/81/67 66/80/66 72/86/72
f 175/196/158 174/195/157 176/197/159 177/198/160
f 175/196/158 177/198/160 178/199/161 63/77/63
f 175/196/158 63/77/63 62/76/62 67/81/67
f 178/199/161 177/198/160 179/200/162 180/201/163
f 178/199/161 180/201/163 181/202/164 58/71/58
f 178/199/161 58/71/58 57/70/57 63/77/63
f 181/202/164 180/201/163 182/203/165 183/204/166
f 181/202/164 183/204/166 184/205/167 185/206/168
f 181/202/164 185/206/168 59/72/59 58/71/58
f 185/207/168 184/208/167 186/209/169 187/210/170
f 185/207/168 187/210/170 60/74/60 59/73/59
f 187/210/170 186/209/169 188/211/171 189/212/172
f 187/210/170 189/212/172 190/213/173 60/74/60
f 190/213/173 189/212/172 191/214/174 192/215/175
f 190/213/173 192/215/175 193/216/176 55/65/55
f 190/213/173 55/65/55 54/64/54 60/74/60
f 193/216/176 192/215/175 194/217/177 195/218/178
f 193/216/176 195/218/178 196/219/179 197/220/180
f 193/216/176 197/220/180 51/66/51 55/65/55
f 197/221/180 196/222/179 198/223/181 199/224/182
f 197/221/180 199/224/182 52/61/52 51/60/51
f 199/224/182 68/82/68 64/78/64 52/61/52
f 199/224/182 198/223/181 200/225/183 68/82/68
f 200/225/183 73/87/73 69/83/69 68/82/68
f 200/225/183 198/223/181 201/226/184 202/227/185
f 200/225/183 202/227/185 203/228/186 73/87/73
f 203/228/186 78/92/78 74/88/74 73/87/73
f 203/228/186 202/227/185 204/229/187 205/230/188
f 203/228/186 205/230/188 206/231/189 78/92/78
f 206/231/189 83/97/83 79/93/79 78/92/78
f 206/231/189 205/230/188 207/232/190 208/233/191
f 206/231/189 208/233/191 209/234/83 83/97/83
f 209/234/83 88/102/87 84/98/84 83/97/83
f 209/234/83 208/233/191 210/235/191 211/236/83
f 209/234/83 211/236/83 212/237/87 88/102/87
f 212/237/87 93/107/85 89/103/85 88/102/87
f 212/237/87 211/236/83 213/238/192 214/239/193
f 212/237/87 214/239/193 215/240/194 93/107/85
f 215/240/194 98/112/89 94/108/85 93/107/85
f 215/240/194 214/239/193 216/241/195 217/242/196
f 215/240/194 217/242/196 218/243/197 98/112/89
f 218/243/197 103/117/93 99/113/89 98/112/89
f 218/243/197 217/242/196 219/244/198 220/245/199
f 218/243/197 220/245/199 221/246/200 103/117/93
f 221/246/200 108/122/98 104/118/94 103/117/93
f 221/246/200 220/245/199 222/247/201 223/248/202
f 221/246/200 223/248/202 224/249/203 108/122/98
f 224/249/203 113/127/103 109/123/99 108/122/98
f 224/249/203 223/248/202 225/250/204 226/251/205
f 224/249/203 226/251/205 227/252/206 113/127/103
f 227/252/206 118/132/108 114/128/104 113/127/103
f 227/252/206 226/251/205 228/253/207 229/254/208
f 227/252/206 229/254/208 230/255/209 118/132/108
f 230/255/209 229/254/208 231/256/210 232/257/211
f 230/255/209 232/257/211 124/138/114 122/136/112
f 230/255/209 122/136/112 119/133/109 118/132/108
f 232/258/211 231/259/210 233/260/212 234/261/213
f 232/258/211 234/261/213 126/142/116 124/141/114
f 234/261/213 233/260/212 235/262/214 236/263/215
f 234/261/213 236/263/215 237/264/216 126/142/116
f 237/264/216 236/263/215 238/265/217 239/266/218
f 237/264/216 239/266/218 240/267/219 129/146/119
f 237/264/216 129/146/119 127/143/117 126/142/116
f 240/267/219 239/266/218 241/268/220 242/269/221
f 240/267/219 242/269/221 243/270/222 244/271/223
f 240/267/219 244/271/223 130/147/120 129/146/119
f 244/271/223 243/270/222 245/272/224 246/273/225
f 244/271/223 246/273/225 131/148/121 130/147/120
f 246/273/225 245/272/224 247/274/226 248/275/227
f 246/273/225 248/275/227 133/151/123 131/148/121
f 248/275/227 247/274/226 249/276/228 250/277/229
f 248/275/227 250/277/229 135/154/125 133/151/123
f 250/277/229 249/276/228 251/278/230 252/279/231
f 250/277/229 252/279/231 253/280/232 135/154/125
f 253/280/232 252/279/231 254/281/233 255/282/234
f 253/280/232 255/282/234 256/283/235 138/157/128
f 253/280/232 138/157/128 136/155/126 135/154/125
f 256/283/235 255/282/234 257/284/236 258/285/237
f 256/283/235 258/285/237 259/286/238 260/287/239
f 256/283/235 260/287/239 139/158/129 138/157/128
f 260/288/239 259/289/238 261/290/240 143/164/133
f 260/288/239 143/164/133 140/161/130 139/160/129
f 261/290/240 259/289/238 262/291/241 263/292/242
f 261/290/240 263/292/242 264/293/243 146/167/136
f 261/290/240 146/167/136 144/165/134 143/164/133
f 264/293/243 263/292/242 265/294/244 266/295/245
f 264/293/243 266/295/245 267/296/246 149/170/139
f 264/293/243 149/170/139 147/168/137 146/167/136
f 267/296/246 266/295/245 268/297/247 269/298/248
f 267/296/246 269/298/248 270/299/249 152/173/142
f 267/296/246 152/173/142 150/171/140 149/170/139
f 270/299/249 269/298/248 271/300/250 272/301/251
f 270/299/249 272/301/251 273/302/252 155/176/143
f 270/299/249 155/176/143 153/174/141 152/173/142
f 273/302/252 272/301/251 274/303/253 275/304/254
f 273/302/252 275/304/254 276/305/255 158/179/144
f 273/302/252 158/179/144 156/177/92 155/176/143
f 276/305/255 275/304/254 277/306/256 278/307/257
f 276/305/255 278/307/257 279/308/258 161/182/146
f 276/305/255 161/182/146 159/180/145 158/179/144
f 279/308/258 278/307/257 280/309/259 281/310/260
f 279/308/258 281/310/260 282/311/261 164/185/147
f 279/308/258 164/185/147 162/183/82 161/182/146
f 282/311/261 281/310/260 283/312/262 284/313/263
f 282/311/261 284/313/263 285/314/264 167/188/150
f 282/311/261 167/188/150 165/186/148 164/185/147
f 285/314/264 284/313/263 286/315/265 287/316/266
f 285/314/264 287/316/266 288/317/267 170/191/153
f 285/314/264 170/191/153 168/189/151 167/188/150
f 288/317/267 287/316/266 289/318/268 290/319/269
f 288/317/267 290/319/269 291/320/270 173/194/156
f 288/317/267 173/194/156 171/192/154 170/191/153
f 291/320/270 290/319/269 292/321/271 293/322/272
f 291/320/270 293/322/272 294/323/273 176/197/159
f 291/320/270 176/197/159 174/195/157 173/194/156
f 294/323/273 293/322/272 295/324/274 296/325/275
f 294/323/273 296/325/275 297/326/276 179/200/162
f 294/323/273 179/200/162 177/198/160 176/197/159
f 297/327/276 296/328/275 298/329/277 299/330/278
f 297/327/276 299/330/278 300/331/279 182/332/165
f 297/326/276 182/203/165 180/201/163 179/200/162
f 300/333/279 299/334/278 301/335/280 302/336/281
f 300/333/279 302/336/281 303/337/282 304/338/283
f 300/331/279 304/339/283 183/340/166 182/332/165
f 304/338/283 303/337/282 305/341/284 306/342/285
f 304/339/283 306/343/285 184/344/167 183/340/166
f 306/342/285 305/341/284 307/345/286 308/346/287
f 306/343/285 308/347/287 186/348/169 184/344/167
f 308/346/287 307/345/286 309/349/288 310/350/289
f 308/347/287 310/351/289 188/352/171 186/348/169
f 310/350/289 309/349/288 311/353/290 312/354/291
f 310/351/289 312/355/291 313/356/292 188/352/171
f 313/356/292 312/355/291 314/357/293 315/358/294
f 313/359/292 315/360/294 316/361/295 191/214/174
f 313/359/292 191/214/174 189/212/172 188/211/171
f 316/361/295 315/360/294 317/362/296 318/363/297
f 316/361/295 318/363/297 319/364/298 194/217/177
f 316/361/295 194/217/177 192/215/175 191/214/174
f 319/364/298 318/363/297 320/365/299 321/366/300
f 319/364/298 321/366/300 322/367/301 323/368/302
f 319/364/298 323/368/302 195/218/178 194/217/177
f 323/368/302 322/367/301 324/369/303 325/370/304
f 323/368/302 325/370/304 196/219/179 195/218/178
f 325/371/304 324/372/303 326/373/305 201/226/184
f 325/371/304 201/226/184 198/223/181 196/222/179
f 326/373/305 324/372/303 327/374/306 328/375/307
f 326/373/305 328/375/307 329/376/308 204/229/187
f 326/373/305 204/229/187 202/227/185 201/226/184
f 329/376/308 207/232/190 205/230/188 204/229/187
f 329/376/308 328/375/307 330/377/309 331/378/310
f 329/376/308 331/378/310 332/379/311 207/232/190
f 332/379/311 210/235/191 208/233/191 207/232/190
f 332/379/311 331/378/310 333/380/312 334/381/313
f 332/379/311 334/381/313 335/382/314 210/235/191
f 335/382/314 213/238/192 211/236/83 210/235/191
f 335/382/314 334/381/313 336/383/315 337/384/316
f 335/382/314 337/384/316 338/385/317 213/238/192
f 338/385/317 216/241/195 214/239/193 213/238/192
f 338/385/317 337/384/316 339/386/318 340/387/319
f 338/385/317 340/387/319 341/388/320 216/241/195
f 341/388/320 219/244/198 217/242/196 216/241/195
f 341/388/320 340/387/319 342/389/321 343/390/322
f 341/388/320 343/390/322 344/391/323 219/244/198
f 344/391/323 222/247/201 220/245/199 219/244/198
f 344/391/323 343/390/322 345/392/324 346/393/325
f 344/391/323 346/393/325 347/394/326 222/247/201
f 347/394/326 225/250/204 223/248/202 222/247/201
f 347/394/326 346/393/325 348/395/327 349/396/328
f 347/394/326 349/396/328 350/397/329 225/250/204
f 350/397/329 349/396/328 351/398/330 352/399/331
f 350/397/329 352/399/331 353/400/332 228/253/207
f 350/397/329 228/253/207 226/251/205 225/250/204
f 353/401/332 352/402/331 354/403/333 355/404/334
f 353/401/332 355/404/334 233/260/212 231/259/210
f 353/400/332 231/256/210 229/254/208 228/253/207
f 355/404/334 354/403/333 356/405/335 357/406/336
f 355/404/334 357/406/336 235/262/214 233/260/212
f 357/406/336 356/405/335 358/407/337 359/408/338
f 357/406/336 359/408/338 360/409/339 235/262/214
f 360/409/339 359/408/338 361/410/340 362/411/341
f 360/409/339 362/411/341 363/412/342 238/265/217
f 360/409/339 238/265/217 236/263/215 235/262/214
f 363/413/342 362/414/341 364/415/343 365/416/344
f 363/413/342 365/416/344 366/417/345 241/418/220
f 363/412/342 241/268/220 239/266/218 238/265/217
f 366/419/345 365/420/344 367/421/346 368/422/347
f 366/419/345 368/422/347 369/423/348 370/424/349
f 366/417/345 370/425/349 242/426/221 241/418/220
f 370/424/349 369/423/348 371/427/350 372/428/351
f 370/425/349 372/429/351 243/430/222 242/426/221
f 372/428/351 371/427/350 373/431/352 374/432/353
f 372/429/351 374/433/353 245/434/224 243/430/222
f 374/432/353 373/431/352 375/435/354 376/436/355
f 374/433/353 376/437/355 247/438/226 245/434/224
f 376/436/355 375/435/354 377/439/356 378/440/357
f 376/437/355 378/441/357 249/442/228 247/438/226
f 378/440/357 377/439/356 379/443/358 380/444/359
f 378/441/357 380/445/359 251/446/230 249/442/228
f 380/444/359 379/443/358 381/447/360 382/448/361
f 380/445/359 382/449/361 383/450/362 251/446/230
f 383/450/362 382/449/361 384/451/363 385/452/364
f 383/453/362 385/454/364 386/455/365 254/281/233
f 383/453/362 254/281/233 252/279/231 251/278/230
f 386/455/365 385/454/364 387/456/366 388/457/367
f 386/455/365 388/457/367 389/458/368 257/284/236
f 386/455/365 257/284/236 255/282/234 254/281/233
f 389/458/368 388/457/367 390/459/369 391/460/370
f 389/458/368 391/460/370 392/461/371 393/462/372
f 389/458/368 393/462/372 258/285/237 257/284/236
f 393/462/372 392/461/371 394/463/373 262/464/241
f 393/462/372 262/464/241 259/286/238 258/285/237
f 394/463/373 392/461/371 395/465/374 396/466/375
f 394/467/373 396/468/375 397/469/376 265/294/244
f 394/467/373 265/294/244 263/292/242 262/291/241
f 397/469/376 396/468/375 398/470/377 399/471/378
f 397/469/376 399/471/378 400/472/379 268/297/247
f 397/469/376 268/297/247 266/295/245 265/294/244
f 400/472/379 399/471/378 401/473/380 402/474/381
f 400/472/379 402/474/381 403/475/382 271/300/250
f 400/472/379 271/300/250 269/298/248 268/297/247
f 403/475/382 402/474/381 404/476/383 405/477/384
f 403/475/382 405/477/384 406/478/385 274/303/253
f 403/475/382 274/303/253 272/301/251 271/300/250
f 406/478/385 405/477/384 407/479/386 408/480/387
f 406/478/385 408/480/387 409/481/388 277/306/256
f 406/478/385 277/306/256 275/304/254 274/303/253
f 409/481/388 408/480/387 410/482/389 411/483/390
f 409/481/388 411/483/390 412/484/391 280/309/259
f 409/481/388 280/309/259 278/307/257 277/306/256
f 412/484/391 411/483/390 413/485/392 414/486/393
f 412/484/391 414/486/393 415/487/394 283/312/262
f 412/484/391 283/312/262 281/310/260 280/309/259
f 415/487/394 414/486/393 416/488/395 417/489/396
f 415/487/394 417/489/396 418/490/397 286/315/265
f 415/487/394 286/315/265 284/313/263 283/312/262
f 418/490/397 417/489/396 419/491/398 420/492/399
f 418/490/397 420/492/399 421/493/400 289/318/268
f 418/490/397 289/318/268 287/316/266 286/315/265
f 421/493/400 420/492/399 422/494/401 423/495/402
f 421/493/400 423/495/402 424/496/403 292/321/271
f 421/493/400 292/321/271 290/319/269 289/318/268
f 424/497/403 423/498/402 425/499/404 426/500/405
f 424/497/403 426/500/405 427/501/406 295/502/274
f 424/496/403 295/324/274 293/322/272 292/321/271
f 427/503/406 426/504/405 428/505/407 429/506/408
f 427/503/406 429/506/408 430/507/409 298/508/277
f 427/501/406 298/329/277 296/328/275 295/502/274
f 430/507/409 429/506/408 431/509/410 432/510/411
f 430/507/409 432/510/411 433/511/412 301/335/280
f 430/507/409 301/335/280 299/334/278 298/508/277
f 433/511/412 432/510/411 434/512/413 435/513/414
f 433/511/412 435/513/414 436/514/415 437/515/416
f 433/511/412 437/515/416 302/336/281 301/335/280
f 437/515/416 436/514/415 438/516/417 439/517/418
f 437/515/416 439/517/418 303/337/282 302/336/281
f 439/517/418 438/516/417 440/518/419 441/519/420
f 439/517/418 441/519/420 305/341/284 303/337/282
f 441/519/420 440/518/419 442/520/421 443/521/422
f 441/519/420 443/521/422 307/345/286 305/341/284
f 443/521/422 442/520/421 444/522/423 445/523/424
f 443/521/422 445/523/424 309/349/288 307/345/286
f 445/523/424 444/522/423 446/524/425 447/525/426
f 445/523/424 447/525/426 311/353/290 309/349/288
f 447/525/426 446/524/425 448/526/427 449/527/428
f 447/525/426 449/527/428 450/528/429 311/353/290
f 450/529/429 449/530/428 451/531/430 452/532/431
f 450/529/429 452/532/431 453/533/432 314/534/293
f 450/528/429 314/535/293 312/354/291 311/353/290
f 453/533/432 452/532/431 454/536/433 455/537/434
f 453/538/432 455/539/434 456/540/435 317/541/296
f 453/538/432 317/541/296 315/358/294 314/357/293
f 456/540/435 455/539/434 457/542/436 458/543/437
f 456/544/435 458/545/437 459/546/438 320/365/299
f 456/544/435 320/365/299 318/363/297 317/362/296
f 459/546/438 458/545/437 460/547/439 461/548/440
f 459/546/438 461/548/440 462/549/441 463/550/442
f 459/546/438 463/550/442 321/366/300 320/365/299
f 463/550/442 462/549/441 464/551/443 465/552/444
f 463/550/442 465/552/444 322/367/301 321/366/300
f 465/552/444 464/551/443 466/553/445 327/554/306
f 465/552/444 327/554/306 324/369/303 322/367/301
f 466/553/445 464/551/443 467/555/446 468/556/447
f 466/557/445 468/558/447 469/559/448 330/377/309
f 466/557/445 330/377/309 328/375/307 327/374/306
f 469/559/448 468/558/447 470/560/449 471/561/450
f 469/559/448 471/561/450 472/562/451 333/380/312
f 469/559/448 333/380/312 331/378/310 330/377/309
f 472/562/451 336/383/315 334/381/313 333/380/312
f 472/562/451 471/561/450 473/563/452 474/564/453
f 472/562/451 474/564/453 475/565/454 336/383/315
f 475/565/454 339/386/318 337/384/316 336/383/315
f 475/565/454 474/564/453 476/566/455 477/567/456
f 475/565/454 477/567/456 478/568/457 339/386/318
f 478/568/457 342/389/321 340/387/319 339/386/318
f 478/568/457 477/567/456 479/569/458 480/570/459
f 478/568/457 480/570/459 481/571/460 342/389/321
f 481/571/460 345/392/324 343/390/322 342/389/321
f 481/571/460 480/570/459 482/572/461 483/573/462
f 481/571/460 483/573/462 484/574/463 345/392/324
f 484/574/463 483/573/462 485/575/464 486/576/465
f 484/574/463 486/576/465 487/577/466 348/395/327
f 484/574/463 348/395/327 346/393/325 345/392/324
f 487/578/466 486/579/465 488/580/467 489/581/468
f 487/578/466 489/581/468 490/582/469 351/583/330
f 487/577/466 351/398/330 349/396/328 348/395/327
f 490/582/469 489/581/468 491/584/470 492/585/471
f 490/582/469 492/585/471 356/405/335 354/403/333
f 490/582/469 354/403/333 352/402/331 351/583/330
f 492/585/471 491/584/470 493/586/472 494/587/473
f 492/585/471 494/587/473 358/407/337 356/405/335
f 494/587/473 493/586/472 495/588/474 496/589/475
f 494/587/473 496/589/475 497/590/476 358/407/337
f 497/591/476 496/592/475 498/593/477 499/594/478
f 497/591/476 499/594/478 500/595/479 361/596/340
f 497/590/476 361/410/340 359/408/338 358/407/337
f 500/597/479 499/598/478 501/599/480 502/600/481
f 500/597/479 502/600/481 503/601/482 364/602/343
f 500/595/479 364/415/343 362/414/341 361/596/340
f 503/601/482 502/600/481 504/603/483 505/604/484
f 503/601/482 505/604/484 506/605/485 367/421/346
f 503/601/482 367/421/346 365/420/344 364/602/343
f 506/605/485 505/604/484 507/606/486 508/607/487
f 506/605/485 508/607/487 509/608/488 510/609/489
f 506/605/485 510/609/489 368/422/347 367/421/346
f 510/609/489 509/608/488 511/610/490 512/611/491
f 510/609/489 512/611/491 369/423/348 368/422/347
f 512/611/491 511/610/490 513/612/492 514/613/493
f 512/611/491 514/613/493 371/427/350 369/423/348
f 514/613/493 513/612/492 515/614/494 516/615/495
f 514/613/493 516/615/495 373/431/352 371/427/350
f 516/615/495 515/614/494 517/616/496 518/617/497
f 516/615/495 518/617/497 375/435/354 373/431/352
f 518/617/497 517/616/496 519/618/498 520/619/499
f 518/617/497 520/619/499 377/439/356 375/435/354
f 520/619/499 519/618/498 521/620/500 522/621/501
f 520/619/499 522/621/501 379/443/358 377/439/356
f 522/621/501 521/620/500 523/622/502 524/623/503
f 522/621/501 524/623/503 381/447/360 379/443/358
f 524/623/503 523/622/502 525/624/504 526/625/505
f 524/623/503 526/625/505 527/626/506 381/447/360
f 527/626/506 526/625/505 528/627/507 529/628/508
f 527/626/506 529/628/508 530/629/509 384/630/363
f 527/626/506 384/630/363 382/448/361 381/447/360
f 530/629/509 529/628/508 531/631/510 532/632/511
f 530/633/509 532/634/511 533/635/512 387/636/366
f 530/633/509 387/636/366 385/452/364 384/451/363
f 533/635/512 532/634/511 534/637/513 535/638/514
f 533/639/512 535/640/514 536/641/515 390/459/369
f 533/639/512 390/459/369 388/457/367 387/456/366
f 536/641/515 535/640/514 537/642/516 538/643/517
f 536/641/515 538/643/517 539/644/518 540/645/519
f 536/641/515 540/645/519 391/460/370 390/459/369
f 540/645/519 539/644/518 541/646/520 395/465/374
f 540/645/519 395/465/374 392/461/371 391/460/370
f 541/646/520 539/644/518 542/647/521 543/648/522
f 541/646/520 543/648/522 544/649/523 398/650/377
f 541/646/520 398/650/377 396/466/375 395/465/374
f 544/649/523 543/648/522 545/651/524 546/652/525
f 544/653/523 546/654/525 547/655/526 401/473/380
f 544/653/523 401/473/380 399/471/378 398/470/377
f 547/655/526 546/654/525 41/45/41 40/44/40
f 547/655/526 40/44/40 548/656/527 404/476/383
f 547/655/526 404/476/383 402/474/381 401/473/380
f 548/656/527 40/44/40 39/43/39 549/657/528
f 548/656/527 549/657/528 550/658/529 407/479/386
f 548/656/527 407/479/386 405/477/384 404/476/383
f 550/658/529 549/657/528 551/659/530 552/660/531
f 550/658/529 552/660/531 553/661/532 410/482/389
f 550/658/529 410/482/389 408/480/387 407/479/386
f 553/661/532 552/660/531 554/662/533 555/663/534
f 553/661/532 555/663/534 556/664/535 413/485/392
f 553/661/532 413/485/392 411/483/390 410/482/389
f 556/664/535 555/663/534 557/665/536 558/666/537
f 556/664/535 558/666/537 559/667/538 416/488/395
f 556/664/535 416/488/395 414/486/393 413/485/392
f 559/667/538 558/666/537 560/668/539 561/669/540
f 559/667/538 561/669/540 562/670/541 419/491/398
f 559/667/538 419/491/398 417/489/396 416/488/395
f 562/671/541 561/672/540 563/673/542 564/674/543
f 562/671/541 564/674/543 565/675/544 422/676/401
f 562/670/541 422/494/401 420/492/399 419/491/398
f 565/677/544 564/678/543 566/679/545 567/680/546
f 565/677/544 567/680/546 568/681/546 425/682/404
f 565/675/544 425/499/404 423/498/402 422/676/401
f 568/681/546 567/680/546 569/683/547 570/684/547
f 568/681/546 570/684/547 571/685/548 428/505/407
f 568/681/546 428/505/407 426/504/405 425/682/404
f 571/685/548 570/684/547 572/686/547 573/687/549
f 571/685/548 573/687/549 574/688/550 431/509/410
f 571/685/548 431/509/410 429/506/408 428/505/407
f 574/688/550 573/687/549 575/689/551 576/690/552
f 574/688/550 576/690/552 577/691/553 434/512/413
f 574/688/550 434/512/413 432/510/411 431/509/410
f 577/692/553 576/693/552 578/694/554 579/695/555
f 577/692/553 579/695/555 580/696/556 581/697/557
f 577/691/553 581/698/557 435/513/414 434/512/413
f 581/697/557 580/696/556 582/699/558 583/700/559
f 581/698/557 583/701/559 436/514/415 435/513/414
f 583/700/559 582/699/558 584/702/560 585/703/561
f 583/701/559 585/704/561 438/516/417 436/514/415
f 585/703/561 584/702/560 586/705/562 587/706/563
f 585/704/561 587/707/563 440/518/419 438/516/417
f 587/706/563 586/705/562 588/708/564 589/709/565
f 587/707/563 589/710/565 442/520/421 440/518/419
f 589/709/565 588/708/564 590/711/566 591/712/567
f 589/710/565 591/713/567 444/522/423 442/520/421
f 591/712/567 590/711/566 592/714/568 593/715/569
f 591/713/567 593/716/569 446/524/425 444/522/423
f 593/715/569 592/714/568 594/717/570 595/718/571
f 593/716/569 595/719/571 448/526/427 446/524/425
f 595/718/571 594/717/570 596/720/572 597/721/573
f 595/722/571 597/723/573 598/724/574 448/725/427
f 598/724/574 597/723/573 599/726/575 600/727/576
f 598/724/574 600/727/576 601/728/577 451/531/430
f 598/724/574 451/531/430 449/530/428 448/725/427
f 601/728/577 600/727/576 602/729/576 603/730/577
f 601/728/577 603/730/577 604/731/578 454/536/433
f 601/728/577 454/536/433 452/532/431 451/531/430
f 604/731/578 603/730/577 605/732/577 606/733/579
f 604/731/578 606/733/579 607/734/580 457/735/436
f 604/731/578 457/735/436 455/537/434 454/536/433
f 607/734/580 606/733/579 608/736/581 609/737/582
f 607/738/580 609/739/582 610/740/583 460/741/439
f 607/738/580 460/741/439 458/543/437 457/542/436
f 610/740/583 609/739/582 611/742/584 612/743/585
f 610/744/583 612/745/585 613/746/586 614/747/587
f 610/744/583 614/747/587 461/548/440 460/547/439
f 614/747/587 613/746/586 615/748/588 616/749/589
f 614/747/587 616/749/589 462/549/441 461/548/440
f 616/749/589 615/748/588 617/750/590 467/555/446
f 616/749/589 467/555/446 464/551/443 462/549/441
f 617/750/590 615/748/588 618/751/591 619/752/592
f 617/750/590 619/752/592 620/753/593 470/754/449
f 617/750/590 470/754/449 468/556/447 467/555/446
f 620/753/593 619/752/592 621/755/594 622/756/595
f 620/757/593 622/758/595 623/759/596 473/563/452
f 620/757/593 473/563/452 471/561/450 470/560/449
f 623/759/596 622/758/595 14/7/14 13/6/13
f 623/759/596 13/6/13 12/5/12 476/566/455
f 623/759/596 476/566/455 474/564/453 473/563/452
f 622/756/595 621/755/594 624/760/597 14/761/14
f 624/760/597 621/755/594 625/762/598 626/763/599
f 624/760/597 626/763/599 627/764/600 628/765/601
f 624/760/597 628/765/601 9/766/9 14/761/14
f 628/765/601 627/764/600 629/767/602 630/768/603
f 628/765/601 630/768/603 10/769/10 9/766/9
f 630/768/603 629/767/602 631/770/604 632/771/605
f 630/768/603 632/771/605 633/772/606 10/769/10
f 633/772/606 632/771/605 634/773/607 635/774/608
f 633/775/606 635/776/608 482/572/461 636/777/609
f 633/775/606 636/777/609 11/4/11 10/3/10
f 636/777/609 482/572/461 480/570/459 479/569/458
f 636/777/609 479/569/458 12/5/12 11/4/11
f 635/774/608 634/773/607 637/778/610 485/779/464
f 635/776/608 485/575/464 483/573/462 482/572/461
f 637/778/610 634/773/607 638/780/611 639/781/612
f 637/778/610 639/781/612 640/782/613 488/580/467
f 637/778/610 488/580/467 486/579/465 485/779/464
f 640/782/613 639/781/612 641/783/614 642/784/615
f 640/782/613 642/784/615 493/586/472 491/584/470
f 640/782/613 491/584/470 489/581/468 488/580/467
f 642/784/615 641/783/614 643/785/616 644/786/617
f 642/784/615 644/786/617 495/588/474 493/586/472
f 644/787/617 643/788/616 645/789/618 646/790/619
f 644/787/617 646/790/619 647/791/620 495/792/474
f 647/793/620 646/794/619 648/795/621 649/796/622
f 647/793/620 649/796/622 650/797/623 498/798/477
f 647/791/620 498/593/477 496/592/475 495/792/474
f 650/797/623 649/796/622 651/799/624 652/800/625
f 650/797/623 652/800/625 653/801/625 501/599/480
f 650/797/623 501/599/480 499/598/478 498/798/477
f 653/801/625 652/800/625 654/802/626 655/803/626
f 653/801/625 655/803/626 656/804/627 504/603/483
f 653/801/625 504/603/483 502/600/481 501/599/480
f 656/804/627 655/803/626 657/805/628 658/806/629
f 656/804/627 658/806/629 659/807/630 507/606/486
f 656/804/627 507/606/486 505/604/484 504/603/483
f 659/808/630 658/809/629 660/810/631 661/811/632
f 659/808/630 661/811/632 662/812/633 663/813/634
f 659/807/630 663/814/634 508/607/487 507/606/486
f 663/813/634 662/812/633 664/815/635 665/816/636
f 663/814/634 665/817/636 509/608/488 508/607/487
f 665/816/636 664/815/635 666/818/637 667/819/638
f 665/817/636 667/820/638 511/610/490 509/608/488
f 667/819/638 666/818/637 668/821/639 669/822/640
f 667/820/638 669/823/640 513/612/492 511/610/490
f 669/822/640 668/821/639 670/824/641 671/825/642
f 669/823/640 671/826/642 515/614/494 513/612/492
f 671/825/642 670/824/641 672/827/643 673/828/644
f 671/826/642 673/829/644 517/616/496 515/614/494
f 673/828/644 672/827/643 674/830/645 675/831/646
f 673/829/644 675/832/646 519/618/498 517/616/496
f 675/831/646 674/830/645 676/833/647 677/834/648
f 675/832/646 677/835/648 521/620/500 519/618/498
f 677/834/648 676/833/647 678/836/649 679/837/650
f 677/835/648 679/838/650 523/622/502 521/620/500
f 679/837/650 678/836/649 680/839/651 681/840/652
f 679/838/650 681/841/652 525/624/504 523/622/502
f 681/840/652 680/839/651 682/842/653 683/843/654
f 681/841/652 683/844/654 684/845/655 525/624/504
f 684/845/655 683/844/654 685/846/656 686/847/655
f 684/845/655 686/847/655 687/848/507 528/627/507
f 684/845/655 528/627/507 526/625/505 525/624/504
f 687/848/507 686/847/655 688/849/655 689/850/507
f 687/848/507 689/850/507 690/851/657 531/631/510
f 687/848/507 531/631/510 529/628/508 528/627/507
f 690/851/657 689/850/507 691/852/658 692/853/659
f 690/851/657 692/853/659 693/854/660 534/855/513
f 690/851/657 534/855/513 532/632/511 531/631/510
f 693/854/660 692/853/659 694/856/661 695/857/662
f 693/858/660 695/859/662 696/860/663 537/861/516
f 693/858/660 537/861/516 535/638/514 534/637/513
f 696/860/663 695/859/662 697/862/664 698/863/665
f 696/864/663 698/865/665 699/866/666 700/867/667
f 696/864/663 700/867/667 538/643/517 537/642/516
f 700/867/667 699/866/666 701/868/668 542/647/521
f 700/867/667 542/647/521 539/644/518 538/643/517
f 701/868/668 699/866/666 702/869/669 703/870/670
f 701/868/668 703/870/670 44/51/44 545/651/524
f 701/868/668 545/651/524 543/648/522 542/647/521
f 703/870/670 702/869/669 704/871/671 705/872/672
f 703/870/670 705/872/672 42/47/42 44/51/44
f 705/872/672 704/871/671 706/873/673 707/874/674
f 705/872/672 707/874/674 43/48/43 42/47/42
f 707/875/674 706/876/673 708/877/675 709/878/676
f 707/875/674 709/878/676 551/659/530 43/879/43
f 709/878/676 708/877/675 710/880/677 554/662/533
f 709/878/676 554/662/533 552/660/531 551/659/530
f 710/880/677 708/877/675 711/881/678 712/882/679
f 710/880/677 712/882/679 713/883/680 557/665/536
f 710/880/677 557/665/536 555/663/534 554/662/533
f 713/884/680 712/885/679 714/886/681 715/887/682
f 713/884/680 715/887/682 716/888/683 560/889/539
f 713/883/680 560/668/539 558/666/537 557/665/536
f 716/890/683 715/891/682 717/892/684 718/893/685
f 716/890/683 718/893/685 719/894/686 563/895/542
f 716/888/683 563/673/542 561/672/540 560/889/539
f 719/894/686 718/893/685 720/896/687 721/897/688
f 719/894/686 721/897/688 722/898/689 566/679/545
f 719/894/686 566/679/545 564/678/543 563/895/542
f 722/898/689 721/897/688 723/899/690 724/900/691
f 722/898/689 724/900/691 725/901/547 569/683/547
f 722/898/689 569/683/547 567/680/546 566/679/545
f 725/901/547 724/900/691 726/902/692 727/903/693
f 725/901/547 727/903/693 728/904/694 572/686/547
f 725/901/547 572/686/547 570/684/547 569/683/547
f 728/905/694 727/906/693 729/907/695 730/908/696
f 728/905/694 730/908/696 731/909/697 575/910/551
f 728/904/694 575/689/551 573/687/549 572/686/547
f 731/909/697 730/908/696 732/911/698 733/912/699
f 731/909/697 733/912/699 734/913/700 578/694/554
f 731/909/697 578/694/554 576/693/552 575/910/551
f 734/914/700 733/915/699 735/916/701 736/917/702
f 734/914/700 736/917/702 737/918/703 738/919/704
f 734/913/700 738/920/704 579/695/555 578/694/554
f 738/919/704 737/918/703 739/921/705 740/922/706
f 738/920/704 740/923/706 580/696/556 579/695/555
f 740/922/706 739/921/705 741/924/707 742/925/708
f 740/923/706 742/926/708 582/699/558 580/696/556
f 742/925/708 741/924/707 743/927/709 744/928/710
f 742/926/708 744/929/710 584/702/560 582/699/558
f 744/928/710 743/927/709 745/930/711 746/931/712
f 744/929/710 746/932/712 586/705/562 584/702/560
f 746/933/712 745/934/711 747/935/713 748/936/714
f 746/932/712 748/937/714 588/708/564 586/705/562
f 748/936/714 747/935/713 749/938/715 750/939/716
f 748/937/714 750/940/716 590/711/566 588/708/564
f 750/939/716 749/938/715 751/941/717 752/942/718
f 750/940/716 752/943/718 592/714/568 590/711/566
f 752/942/718 751/941/717 753/944/719 754/945/720
f 752/943/718 754/946/720 594/717/570 592/714/568
f 754/945/720 753/944/719 755/947/721 756/948/722
f 754/946/720 756/949/722 596/720/572 594/717/570
f 756/948/722 755/947/721 757/950/723 758/951/724
f 756/949/722 758/952/724 759/953/725 596/720/572
f 759/953/725 758/952/724 760/954/726 761/955/727
f 759/953/725 761/955/727 762/956/728 599/957/575
f 759/953/725 599/957/575 597/721/573 596/720/572
f 762/956/728 761/955/727 763/958/729 764/959/730
f 762/960/728 764/961/730 765/962/576 602/729/576
f 762/960/728 602/729/576 600/727/576 599/726/575
f 765/962/576 764/961/730 766/963/731 767/964/732
f 765/962/576 767/964/732 768/965/733 605/732/577
f 765/962/576 605/732/577 603/730/577 602/729/576
f 768/965/733 767/964/732 769/966/734 770/967/735
f 768/965/733 770/967/735 771/968/736 608/736/581
f 768/965/733 608/736/581 606/733/579 605/732/577
f 771/968/736 770/967/735 772/969/737 773/970/738
f 771/968/736 773/970/738 774/971/739 611/972/584
f 771/968/736 611/972/584 609/737/582 608/736/581
f 774/971/739 773/970/738 775/973/740 776/974/741
f 774/975/739 776/976/741 777/977/742 778/978/743
f 774/975/739 778/978/743 612/743/585 611/742/584
f 778/979/743 777/980/742 779/981/744 780/982/745
f 778/979/743 780/982/745 613/746/586 612/745/585
f 780/982/745 779/981/744 625/762/598 618/751/591
f 780/982/745 618/751/591 615/748/588 613/746/586
f 779/981/744 777/980/742 781/983/746 782/984/747
f 779/981/744 782/984/747 626/763/599 625/762/598
f 782/984/747 781/983/746 783/985/748 784/986/749
f 782/984/747 784/986/749 627/764/600 626/763/599
f 784/986/749 783/985/748 785/987/750 786/988/751
f 784/986/749 786/988/751 629/767/602 627/764/600
f 786/988/751 785/987/750 787/989/752 788/990/753
f 786/988/751 788/990/753 631/770/604 629/767/602
f 788/990/753 787/989/752 789/991/754 790/992/755
f 788/990/753 790/992/755 638/780/611 631/770/604
f 790/992/755 789/991/754 643/785/616 641/783/614
f 790/992/755 641/783/614 639/781/612 638/780/611
f 789/993/754 787/994/752 791/995/756 792/996/757
f 789/993/754 792/996/757 645/789/618 643/788/616
f 792/997/757 791/998/756 793/999/758 794/1000/759
f 792/997/757 794/1000/759 795/1001/760 645/1002/618
f 795/1001/760 794/1000/759 796/1003/761 797/1004/762
f 795/1001/760 797/1004/762 798/1005/763 648/795/621
f 795/1001/760 648/795/621 646/794/619 645/1002/618
f 798/1005/763 797/1004/762 799/1006/764 800/1007/765
f 798/1005/763 800/1007/765 801/1008/766 651/799/624
f 798/1005/763 651/799/624 649/796/622 648/795/621
f 801/1008/766 800/1007/765 802/1009/767 803/1010/768
f 801/1008/766 803/1010/768 804/1011/769 654/802/626
f 801/1008/766 654/802/626 652/800/625 651/799/624
f 804/1012/769 803/1013/768 805/1014/770 806/1015/771
f 804/1012/769 806/1015/771 807/1016/772 657/1017/628
f 804/1011/769 657/805/628 655/803/626 654/802/626
f 807/1016/772 806/1015/771 808/1018/773 809/1019/774
f 807/1016/772 809/1019/774 810/1020/775 660/810/631
f 807/1016/772 660/810/631 658/809/629 657/1017/628
f 810/1021/775 809/1022/774 811/1023/776 812/1024/777
f 810/1021/775 812/1024/777 813/1025/778 814/1026/779
f 810/1020/775 814/1027/779 661/811/632 660/810/631
f 814/1026/779 813/1025/778 815/1028/780 816/1029/781
f 814/1027/779 816/1030/781 662/812/633 661/811/632
f 816/1029/781 815/1028/780 817/1031/782 818/1032/783
f 816/1030/781 818/1033/783 664/815/635 662/812/633
f 818/1032/783 817/1031/782 819/1034/784 820/1035/785
f 818/1033/783 820/1036/785 666/818/637 664/815/635
f 820/1035/785 819/1034/784 821/1037/786 822/1038/787
f 820/1036/785 822/1039/787 668/821/639 666/818/637
f 822/1038/787 821/1037/786 823/1040/788 824/1041/789
f 822/1039/787 824/1042/789 670/824/641 668/821/639
f 824/1041/789 823/1040/788 825/1043/790 826/1044/791
f 824/1042/789 826/1045/791 672/827/643 670/824/641
f 826/1044/791 825/1043/790 827/1046/792 828/1047/793
f 826/1045/791 828/1048/793 674/830/645 672/827/643
f 828/1047/793 827/1046/792 829/1049/794 830/1050/795
f 828/1048/793 830/1051/795 676/833/647 674/830/645
f 830/1050/795 829/1049/794 831/1052/796 832/1053/797
f 830/1051/795 832/1054/797 678/836/649 676/833/647
f 832/1053/797 831/1052/796 833/1055/798 834/1056/799
f 832/1054/797 834/1057/799 680/839/651 678/836/649
f 834/1056/799 833/1055/798 835/1058/800 836/1059/801
f 834/1057/799 836/1060/801 682/842/653 680/839/651
f 836/1059/801 835/1058/800 837/1061/802 838/1062/803
f 836/1060/801 838/1063/803 839/1064/804 682/842/653
f 839/1064/804 838/1063/803 840/1065/805 841/1066/806
f 839/1064/804 841/1066/806 842/1067/807 685/1068/656
f 839/1064/804 685/1068/656 683/843/654 682/842/653
f 842/1067/807 841/1066/806 843/1069/808 844/1070/809
f 842/1071/807 844/1072/809 845/1073/810 688/849/655
f 842/1071/807 688/849/655 686/847/655 685/846/656
f 845/1073/810 844/1072/809 846/1074/811 847/1075/812
f 845/1073/810 847/1075/812 848/1076/813 691/852/658
f 845/1073/810 691/852/658 689/850/507 688/849/655
f 848/1076/813 847/1075/812 849/1077/814 850/1078/815
f 848/1076/813 850/1078/815 851/1079/816 694/856/661
f 848/1076/813 694/856/661 692/853/659 691/852/658
f 851/1080/816 850/1081/815 852/1082/817 853/1083/818
f 851/1080/816 853/1083/818 854/1084/819 697/1085/664
f 851/1079/816 697/1086/664 695/857/662 694/856/661
f 854/1084/819 853/1083/818 855/1087/820 856/1088/821
f 854/1089/819 856/1090/821 857/1091/822 858/1092/823
f 854/1089/819 858/1092/823 698/863/665 697/862/664
f 858/1093/823 857/1094/822 704/871/671 702/869/669
f 858/1093/823 702/869/669 699/866/666 698/865/665
f 857/1091/822 856/1090/821 859/1095/824 860/1096/825
f 857/1094/822 860/1097/825 706/873/673 704/871/671
f 860/1096/825 859/1095/824 861/1098/826 711/1099/678
f 860/1100/825 711/881/678 708/877/675 706/876/673
f 861/1101/826 859/1102/824 862/1103/827 863/1104/828
f 861/1101/826 863/1104/828 864/1105/829 714/1106/681
f 861/1098/826 714/886/681 712/885/679 711/1099/678
f 864/1105/829 863/1104/828 865/1107/830 866/1108/831
f 864/1105/829 866/1108/831 867/1109/832 717/892/684
f 864/1105/829 717/892/684 715/891/682 714/1106/681
f 867/1109/832 866/1108/831 868/1110/833 869/1111/834
f 867/1109/832 869/1111/834 870/1112/835 720/896/687
f 867/1109/832 720/896/687 718/893/685 717/892/684
f 870/1112/835 869/1111/834 871/1113/836 872/1114/837
f 870/1112/835 872/1114/837 873/1115/838 723/899/690
f 870/1112/835 723/899/690 721/897/688 720/896/687
f 873/1116/838 872/1117/837 874/1118/839 875/1119/840
f 873/1116/838 875/1119/840 876/1120/841 726/1121/692
f 873/1115/838 726/902/692 724/900/691 723/899/690
f 876/1120/841 875/1119/840 877/1122/842 878/1123/843
f 876/1120/841 878/1123/843 879/1124/844 729/907/695
f 876/1120/841 729/907/695 727/906/693 726/1121/692
f 879/1125/844 878/1126/843 880/1127/845 881/1128/846
f 879/1125/844 881/1128/846 882/1129/847 732/1130/698
f 879/1124/844 732/911/698 730/908/696 729/907/695
f 882/1129/847 881/1128/846 883/1131/848 884/1132/849
f 882/1129/847 884/1132/849 885/1133/850 735/916/701
f 882/1129/847 735/916/701 733/915/699 732/1130/698
f 885/1133/850 884/1132/849 886/1134/851 887/1135/852
f 885/1133/850 887/1135/852 888/1136/853 889/1137/854
f 885/1133/850 889/1137/854 736/917/702 735/916/701
f 889/1137/854 888/1136/853 890/1138/855 891/1139/856
f 889/1137/854 891/1139/856 737/918/703 736/917/702
f 891/1139/856 890/1138/855 892/1140/857 893/1141/858
f 891/1139/856 893/1141/858 739/921/705 737/918/703
f 893/1141/858 892/1140/857 894/1142/859 895/1143/860
f 893/1141/858 895/1143/860 741/924/707 739/921/705
f 895/1143/860 894/1142/859 896/1144/861 897/1145/862
f 895/1143/860 897/1145/862 743/927/709 741/924/707
f 897/1145/862 896/1144/861 24/1146/24 898/1147/863
f 897/1145/862 898/1147/863 745/930/711 743/927/709
f 898/1148/863 24/22/24 23/21/23 899/1149/864
f 898/1148/863 899/1149/864 747/935/713 745/934/711
f 899/1149/864 23/21/23 22/20/22 900/1150/865
f 899/1149/864 900/1150/865 749/938/715 747/935/713
f 900/1150/865 22/20/22 901/1151/866 902/1152/867
f 900/1150/865 902/1152/867 751/941/717 749/938/715
f 902/1152/867 901/1151/866 903/1153/868 904/1154/869
f 902/1152/867 904/1154/869 753/944/719 751/941/717
f 904/1154/869 903/1153/868 905/1155/870 906/1156/871
f 904/1154/869 906/1156/871 755/947/721 753/944/719
f 906/1156/871 905/1155/870 907/1157/872 908/1158/873
f 906/1156/871 908/1158/873 757/950/723 755/947/721
f 908/1158/873 907/1157/872 909/1159/874 910/1160/875
f 908/1158/873 910/1160/875 911/1161/876 757/950/723
f 911/1161/876 910/1160/875 912/1162/877 913/1163/878
f 911/1161/876 913/1163/878 914/1164/879 760/1165/726
f 911/1161/876 760/1165/726 758/951/724 757/950/723
f 914/1164/879 913/1163/878 915/1166/880 916/1167/881
f 914/1168/879 916/1169/881 917/1170/882 763/958/729
f 914/1168/879 763/958/729 761/955/727 760/954/726
f 917/1170/882 916/1169/881 918/1171/883 919/1172/884
f 917/1170/882 919/1172/884 920/1173/885 766/1174/731
f 917/1170/882 766/1174/731 764/959/730 763/958/729
f 920/1173/885 919/1172/884 921/1175/886 922/1176/887
f 920/1177/885 922/1178/887 923/1179/888 769/966/734
f 920/1177/885 769/966/734 767/964/732 766/963/731
f 923/1179/888 922/1178/887 924/1180/889 925/1181/890
f 923/1179/888 925/1181/890 926/1182/891 772/969/737
f 923/1179/888 772/969/737 770/967/735 769/966/734
f 926/1182/891 925/1181/890 927/1183/892 928/1184/893
f 926/1182/891 928/1184/893 929/1185/894 775/973/740
f 926/1182/891 775/973/740 773/970/738 772/969/737
f 929/1185/894 928/1184/893 930/1186/895 931/1187/896
f 929/1185/894 931/1187/896 932/1188/897 933/1189/898
f 929/1185/894 933/1189/898 776/974/741 775/973/740
f 933/1190/898 932/1191/897 783/1192/748 781/1193/746
f 933/1190/898 781/1193/746 777/977/742 776/976/741
f 932/1188/897 931/1187/896 934/1194/899 935/1195/900
f 932/1191/897 935/1196/900 785/1197/750 783/1192/748
f 935/1195/900 934/1194/899 793/999/758 791/998/756
f 935/1196/900 791/995/756 787/994/752 785/1197/750
f 934/1194/899 931/1187/896 930/1186/895 936/1198/901
f 934/1194/899 936/1198/901 937/1199/902 793/999/758
f 937/1199/902 936/1198/901 938/1200/903 939/1201/904
f 937/1199/902 939/1201/904 940/1202/905 796/1003/761
f 937/1199/902 796/1003/761 794/1000/759 793/999/758
f 940/1202/905 939/1201/904 941/1203/906 942/1204/907
f 940/1202/905 942/1204/907 943/1205/908 799/1006/764
f 940/1202/905 799/1006/764 797/1004/762 796/1003/761
f 943/1206/908 942/1207/907 944/1208/909 945/1209/910
f 943/1206/908 945/1209/910 946/1210/911 802/1211/767
f 943/1205/908 802/1009/767 800/1007/765 799/1006/764
f 946/1210/911 945/1209/910 947/1212/912 948/1213/913
f 946/1210/911 948/1213/913 949/1214/914 805/1014/770
f 946/1210/911 805/1014/770 803/1013/768 802/1211/767
f 949/1215/914 948/1216/913 950/1217/915 951/1218/916
f 949/1215/914 951/1218/916 952/1219/917 808/1220/773
f 949/1214/914 808/1018/773 806/1015/771 805/1014/770
f 952/1219/917 951/1218/916 953/1221/918 954/1222/919
f 952/1219/917 954/1222/919 955/1223/920 811/1023/776
f 952/1219/917 811/1023/776 809/1022/774 808/1220/773
f 955/1223/920 954/1222/919 956/1224/921 957/1225/922
f 955/1223/920 957/1225/922 958/1226/923 959/1227/924
f 955/1223/920 959/1227/924 812/1024/777 811/1023/776
f 959/1227/924 958/1226/923 960/1228/925 961/1229/926
f 959/1227/924 961/1229/926 813/1025/778 812/1024/777
f 961/1229/926 960/1228/925 962/1230/927 963/1231/928
f 961/1229/926 963/1231/928 815/1028/780 813/1025/778
f 963/1231/928 962/1230/927 964/1232/929 965/1233/930
f 963/1231/928 965/1233/930 817/1031/782 815/1028/780
f 965/1233/930 964/1232/929 966/1234/931 967/1235/932
f 965/1233/930 967/1235/932 819/1034/784 817/1031/782
f 967/1235/932 966/1234/931 968/1236/933 969/1237/934
f 967/1235/932 969/1237/934 821/1037/786 819/1034/784
f 969/1237/934 968/1236/933 970/1238/935 971/1239/936
f 969/1237/934 971/1239/936 823/1040/788 821/1037/786
f 971/1239/936 970/1238/935 972/1240/937 973/1241/938
f 971/1239/936 973/1241/938 825/1043/790 823/1040/788
f 973/1241/938 972/1240/937 974/1242/939 975/1243/940
f 973/1241/938 975/1243/940 827/1046/792 825/1043/790
f 975/1243/940 974/1242/939 976/1244/941 977/1245/942
f 975/1243/940 977/1245/942 829/1049/794 827/1046/792
f 977/1245/942 976/1244/941 978/1246/943 979/1247/944
f 977/1245/942 979/1247/944 831/1052/796 829/1049/794
f 979/1247/944 978/1246/943 980/1248/945 981/1249/946
f 979/1247/944 981/1249/946 833/1055/798 831/1052/796
f 981/1249/946 980/1248/945 982/1250/947 983/1251/948
f 981/1249/946 983/1251/948 835/1058/800 833/1055/798
f 983/1251/948 982/1250/947 984/1252/949 985/1253/950
f 983/1251/948 985/1253/950 837/1061/802 835/1058/800
f 985/1253/950 984/1252/949 986/1254/951 987/1255/952
f 985/1253/950 987/1255/952 988/1256/953 837/1061/802
f 988/1256/953 987/1255/952 989/1257/954 990/1258/955
f 988/1256/953 990/1258/955 991/1259/956 840/1260/805
f 988/1256/953 840/1260/805 838/1062/803 837/1061/802
f 991/1259/956 990/1258/955 992/1261/957 993/1262/958
f 991/1263/956 993/1264/958 994/1265/959 843/1069/808
f 991/1263/956 843/1069/808 841/1066/806 840/1065/805
f 994/1265/959 993/1264/958 995/1266/960 996/1267/961
f 994/1265/959 996/1267/961 997/1268/962 846/1269/811
f 994/1265/959 846/1269/811 844/1070/809 843/1069/808
f 997/1268/962 996/1267/961 998/1270/963 999/1271/964
f 997/1272/962 999/1273/964 1000/1274/965 849/1275/814
f 997/1276/962 849/1077/814 847/1075/812 846/1074/811
f 1000/1274/965 999/1273/964 1001/1277/966 1002/1278/967
f 1000/1274/965 1002/1278/967 1003/1279/968 852/1082/817
f 1000/1274/965 852/1082/817 850/1081/815 849/1275/814
f 1003/1279/968 1002/1278/967 1004/1280/969 1005/1281/970
f 1003/1279/968 1005/1281/970 862/1103/827 855/1087/820
f 1003/1279/968 855/1087/820 853/1083/818 852/1082/817
f 1005/1281/970 1004/1280/969 1006/1282/971 865/1107/830
f 1005/1281/970 865/1107/830 863/1104/828 862/1103/827
f 1006/1282/971 1004/1280/969 1007/1283/972 1008/1284/973
f 1006/1282/971 1008/1284/973 1009/1285/974 868/1110/833
f 1006/1282/971 868/1110/833 866/1108/831 865/1107/830
f 1009/1286/974 1008/1287/973 1010/1288/975 1011/1289/976
f 1009/1286/974 1011/1289/976 1012/1290/977 871/1291/836
f 1009/1285/974 871/1113/836 869/1111/834 868/1110/833
f 1012/1290/977 1011/1289/976 1013/1292/978 1014/1293/979
f 1012/1290/977 1014/1293/979 1015/1294/980 874/1118/839
f 1012/1290/977 874/1118/839 872/1117/837 871/1291/836
f 1015/1295/980 1014/1296/979 1016/1297/981 1017/1298/982
f 1015/1295/980 1017/1298/982 1018/1299/983 877/1300/842
f 1015/1294/980 877/1122/842 875/1119/840 874/1118/839
f 1018/1299/983 1017/1298/982 1019/1301/984 1020/1302/985
f 1018/1299/983 1020/1302/985 1021/1303/986 880/1127/845
f 1018/1299/983 880/1127/845 878/1126/843 877/1300/842
f 1021/1303/986 1020/1302/985 1022/1304/987 1023/1305/988
f 1021/1303/986 1023/1305/988 1024/1306/989 883/1131/848
f 1021/1303/986 883/1131/848 881/1128/846 880/1127/845
f 1024/1306/989 1023/1305/988 1025/1307/990 1026/1308/991
f 1024/1306/989 1026/1308/991 1027/1309/992 886/1134/851
f 1024/1306/989 886/1134/851 884/1132/849 883/1131/848
f 1027/1309/992 1026/1308/991 1028/1310/993 1029/1311/994
f 1027/1309/992 1029/1311/994 1030/1312/995 1031/1313/996
f 1027/1309/992 1031/1313/996 887/1135/852 886/1134/851
f 1031/1313/996 1030/1312/995 1032/1314/997 1033/1315/998
f 1031/1313/996 1033/1315/998 888/1136/853 887/1135/852
f 1033/1315/998 1032/1314/997 1034/1316/999 1035/1317/1000
f 1033/1315/998 1035/1317/1000 890/1138/855 888/1136/853
f 1035/1317/1000 1034/1316/999 1036/1318/1001 1037/1319/1002
f 1035/1317/1000 1037/1319/1002 892/1140/857 890/1138/855
f 1037/1319/1002 1036/1318/1001 1038/1320/1003 1039/1321/1004
f 1037/1319/1002 1039/1321/1004 894/1142/859 892/1140/857
f 1039/1321/1004 1038/1320/1003 1040/1322/1005 1041/1323/1006
f 1039/1321/1004 1041/1323/1006 896/1144/861 894/1142/859
f 1041/1323/1006 1040/1322/1005 26/26/26 25/25/25
f 1041/1323/1006 25/25/25 24/1146/24 896/1144/861
f 1040/1322/1005 1038/1320/1003 1042/1324/1007 1043/1325/1008
f 1040/1322/1005 1043/1325/1008 1044/1326/1009 26/26/26
f 1044/1326/1009 1043/1325/1008 1045/1327/1010 1046/1328/1011
f 1044/1326/1009 1046/1328/1011 1047/1329/1012 1048/1330/1013
f 1044/1326/1009 1048/1330/1013 21/27/21 26/26/26
f 1048/1331/1013 1047/1332/1012 903/1153/868 901/1151/866
f 1048/1331/1013 901/1151/866 22/20/22 21/19/21
f 1047/1329/1012 1046/1328/1011 1049/1333/1014 1050/1334/1015
f 1047/1332/1012 1050/1335/1015 905/1155/870 903/1153/868
f 1050/1334/1015 1049/1333/1014 1051/1336/1016 1052/1337/1017
f 1050/1335/1015 1052/1338/1017 907/1157/872 905/1155/870
f 1052/1337/1017 1051/1336/1016 1053/1339/1018 1054/1340/1019
f 1052/1338/1017 1054/1341/1019 909/1159/874 907/1157/872
f 1054/1340/1019 1053/1339/1018 1055/1342/1020 1056/1343/1021
f 1054/1341/1019 1056/1344/1021 1057/1345/1022 909/1159/874
f 1057/1345/1022 1056/1344/1021 1058/1346/1023 1059/1347/1024
f 1057/1345/1022 1059/1347/1024 1060/1348/1025 912/1162/877
f 1057/1345/1022 912/1162/877 910/1160/875 909/1159/874
f 1060/1348/1025 1059/1347/1024 1061/1349/1026 1062/1350/1027
f 1060/1348/1025 1062/1350/1027 1063/1351/1028 915/1166/880
f 1060/1348/1025 915/1166/880 913/1163/878 912/1162/877
f 1063/1351/1028 1062/1350/1027 1064/1352/1029 1065/1353/1030
f 1063/1351/1028 1065/1353/1030 1066/1354/1031 918/1355/883
f 1063/1351/1028 918/1355/883 916/1167/881 915/1166/880
f 1066/1354/1031 1065/1353/1030 1067/1356/1032 1068/1357/1033
f 1066/1358/1031 1068/1359/1033 1069/1360/1034 921/1175/886
f 1066/1358/1031 921/1175/886 919/1172/884 918/1171/883
f 1069/1360/1034 1068/1359/1033 1070/1361/1035 1071/1362/1036
f 1069/1360/1034 1071/1362/1036 1072/1363/1037 924/1364/889
f 1069/1360/1034 924/1364/889 922/1176/887 921/1175/886
f 1072/1363/1037 1071/1362/1036 1073/1365/1038 1074/1366/1039
f 1072/1367/1037 1074/1368/1039 1075/1369/1040 927/1183/892
f 1072/1367/1037 927/1183/892 925/1181/890 924/1180/889
f 1075/1369/1040 1074/1368/1039 1076/1370/1041 938/1200/903
f 1075/1369/1040 938/1200/903 936/1198/901 930/1186/895
f 1075/1369/1040 930/1186/895 928/1184/893 927/1183/892
f 1076/1371/1041 1074/1366/1039 1073/1365/1038 1077/1372/1042
f 1076/1371/1041 1077/1372/1042 1078/1373/1043 941/1374/906
f 1076/1370/1041 941/1203/906 939/1201/904 938/1200/903
f 1078/1373/1043 1077/1372/1042 1079/1375/1044 1080/1376/1045
f 1078/1373/1043 1080/1376/1045 1081/1377/1046 944/1208/909
f 1078/1373/1043 944/1208/909 942/1207/907 941/1374/906
f 1081/1378/1046 1080/1379/1045 1082/1380/1047 1083/1381/1048
f 1081/1378/1046 1083/1381/1048 1084/1382/1049 947/1383/912
f 1081/1377/1046 947/1212/912 945/1209/910 944/1208/909
f 1084/1382/1049 1083/1381/1048 1085/1384/1050 1086/1385/1051
f 1084/1382/1049 1086/1385/1051 1087/1386/1052 950/1217/915
f 1084/1382/1049 950/1217/915 948/1216/913 947/1383/912
f 1087/1386/1052 1086/1385/1051 1088/1387/1053 1089/1388/1054
f 1087/1386/1052 1089/1388/1054 1090/1389/1055 953/1221/918
f 1087/1386/1052 953/1221/918 951/1218/916 950/1217/915
f 1090/1389/1055 1089/1388/1054 1091/1390/1056 1092/1391/1057
f 1090/1389/1055 1092/1391/1057 1093/1392/1058 956/1224/921
f 1090/1389/1055 956/1224/921 954/1222/919 953/1221/918
f 1093/1393/1058 1092/1394/1057 1094/1395/1059 1095/1396/1060
f 1093/1393/1058 1095/1396/1060 1096/1397/1061 1097/1398/1062
f 1093/1392/1058 1097/1399/1062 957/1225/922 956/1224/921
f 1097/1398/1062 1096/1397/1061 1098/1400/1063 1099/1401/1064
f 1097/1399/1062 1099/1402/1064 958/1226/923 957/1225/922
f 1099/1401/1064 1098/1400/1063 1100/1403/1065 1101/1404/1066
f 1099/1402/1064 1101/1405/1066 960/1228/925 958/1226/923
f 1101/1404/1066 1100/1403/1065 1102/1406/1067 1103/1407/1068
f 1101/1405/1066 1103/1408/1068 962/1230/927 960/1228/925
f 1103/1407/1068 1102/1406/1067 1104/1409/1069 1105/1410/1070
f 1103/1408/1068 1105/1411/1070 964/1232/929 962/1230/927
f 1105/1410/1070 1104/1409/1069 1106/1412/1071 1107/1413/1072
f 1105/1411/1070 1107/1414/1072 966/1234/931 964/1232/929
f 1107/1413/1072 1106/1412/1071 45/53/45 49/57/49
f 1107/1414/1072 49/1415/49 968/1236/933 966/1234/931
f 1106/1412/1071 1104/1409/1069 1108/1416/1073 1109/1417/1074
f 1106/1412/1071 1109/1417/1074 46/54/46 45/53/45
f 1109/1417/1074 1108/1416/1073 1110/1418/1075 1111/1419/1076
f 1109/1417/1074 1111/1419/1076 1112/1420/1077 46/54/46
f 1112/1420/1077 1113/1421/1078 47/55/47 46/54/46
f 1112/1420/1077 1111/1419/1076 1114/1422/1079 1115/1423/1080
f 1112/1420/1077 1115/1423/1080 1116/1424/1081 1113/1421/1078
f 1116/1424/1081 1115/1423/1080 1117/1425/1082 1118/1426/1083
f 1116/1424/1081 1118/1426/1083 1119/1427/1084 1120/1428/1085
f 1116/1424/1081 1120/1428/1085 1121/1429/1086 1113/1421/1078
f 1121/1429/1086 50/58/50 47/55/47 1113/1421/1078
f 1121/1430/1086 1120/1431/1085 976/1244/941 974/1242/939
f 1121/1430/1086 974/1242/939 972/1240/937 50/1432/50
f 1120/1431/1085 1119/1433/1084 978/1246/943 976/1244/941
f 1119/1427/1084 1118/1426/1083 1122/1434/1087 1123/1435/1088
f 1119/1433/1084 1123/1436/1088 980/1248/945 978/1246/943
f 1123/1435/1088 1122/1434/1087 1124/1437/1089 1125/1438/1090
f 1123/1436/1088 1125/1439/1090 982/1250/947 980/1248/945
f 1125/1438/1090 1124/1437/1089 1126/1440/1091 1127/1441/1092
f 1125/1439/1090 1127/1442/1092 984/1252/949 982/1250/947
f 1127/1441/1092 1126/1440/1091 1128/1443/1093 1129/1444/1094
f 1127/1442/1092 1129/1445/1094 986/1254/951 984/1252/949
f 1129/1444/1094 1128/1443/1093 1130/1446/1095 1131/1447/1096
f 1129/1445/1094 1131/1448/1096 1132/1449/1097 986/1254/951
f 1132/1449/1097 1131/1448/1096 1133/1450/1098 1134/1451/1099
f 1132/1449/1097 1134/1451/1099 1135/1452/1100 989/1257/954
f 1132/1449/1097 989/1257/954 987/1255/952 986/1254/951
f 1135/1452/1100 1134/1451/1099 1136/1453/1101 1137/1454/1102
f 1135/1452/1100 1137/1454/1102 1138/1455/1103 992/1261/957
f 1135/1452/1100 992/1261/957 990/1258/955 989/1257/954
f 1138/1455/1103 1137/1454/1102 1139/1456/1104 1140/1457/1105
f 1138/1455/1103 1140/1457/1105 1141/1458/1106 995/1459/960
f 1138/1455/1103 995/1459/960 993/1262/958 992/1261/957
f 1141/1458/1106 1140/1457/1105 1142/1460/1107 1143/1461/1108
f 1141/1462/1106 1143/1463/1108 1144/1464/1109 998/1270/963
f 1141/1462/1106 998/1270/963 996/1267/961 995/1266/960
f 1144/1464/1109 1143/1463/1108 1145/1465/1110 1146/1466/1111
f 1144/1464/1109 1146/1466/1111 1007/1467/972 1001/1468/966
f 1144/1464/1109 1001/1468/966 999/1271/964 998/1270/963
f 1146/1466/1111 1145/1465/1110 1147/1469/1112 1010/1288/975
f 1146/1466/1111 1010/1288/975 1008/1287/973 1007/1467/972
f 1147/1470/1112 1145/1471/1110 1148/1472/1113 1149/1473/1114
f 1147/1470/1112 1149/1473/1114 1150/1474/1115 1013/1475/978
f 1147/1469/1112 1013/1292/978 1011/1289/976 1010/1288/975
f 1150/1474/1115 1149/1473/1114 1151/1476/1116 1152/1477/1117
f 1150/1474/1115 1152/1477/1117 1153/1478/1118 1016/1297/981
f 1150/1474/1115 1016/1297/981 1014/1296/979 1013/1475/978
f 1153/1478/1118 1152/1477/1117 1154/1479/1119 1155/1480/1120
f 1153/1478/1118 1155/1480/1120 1156/1481/1121 1019/1301/984
f 1153/1478/1118 1019/1301/984 1017/1298/982 1016/1297/981
f 1156/1481/1121 1155/1480/1120 1157/1482/1122 1158/1483/1123
f 1156/1481/1121 1158/1483/1123 1159/1484/1124 1022/1304/987
f 1156/1481/1121 1022/1304/987 1020/1302/985 1019/1301/984
f 1159/1484/1124 1158/1483/1123 1160/1485/1125 1161/1486/1126
f 1159/1484/1124 1161/1486/1126 1162/1487/1127 1025/1307/990
f 1159/1484/1124 1025/1307/990 1023/1305/988 1022/1304/987
f 1162/1487/1127 1161/1486/1126 1163/1488/1128 1164/1489/1129
f 1162/1487/1127 1164/1489/1129 1165/1490/1130 1028/1310/993
f 1162/1487/1127 1028/1310/993 1026/1308/991 1025/1307/990
f 1165/1490/1130 1164/1489/1129 1166/1491/1131 1167/1492/1132
f 1165/1490/1130 1167/1492/1132 1168/1493/1132 1169/1494/1133
f 1165/1490/1130 1169/1494/1133 1029/1311/994 1028/1310/993
f 1169/1494/1133 1168/1493/1132 1170/1495/1134 1171/1496/1135
f 1169/1494/1133 1171/1496/1135 1030/1312/995 1029/1311/994
f 1171/1496/1135 1170/1495/1134 1172/1497/1136 1173/1498/1137
f 1171/1496/1135 1173/1498/1137 1032/1314/997 1030/1312/995
f 1173/1498/1137 1172/1497/1136 1174/1499/1138 1175/1500/1139
f 1173/1498/1137 1175/1500/1139 1034/1316/999 1032/1314/997
f 1175/1500/1139 1174/1499/1138 1176/1501/1140 1177/1502/1141
f 1175/1500/1139 1177/1502/1141 1036/1318/1001 1034/1316/999
f 1177/1502/1141 1176/1501/1140 1178/1503/1142 1042/1324/1007
f 1177/1502/1141 1042/1324/1007 1038/1320/1003 1036/1318/1001
f 1178/1503/1142 1176/1501/1140 1179/1504/1143 1180/1505/1144
f 1178/1503/1142 1180/1505/1144 1181/1506/1145 1045/1327/1010
f 1178/1503/1142 1045/1327/1010 1043/1325/1008 1042/1324/1007
f 1181/1506/1145 1180/1505/1144 1182/1507/1146 1183/1508/1147
f 1181/1506/1145 1183/1508/1147 1051/1336/1016 1049/1333/1014
f 1181/1506/1145 1049/1333/1014 1046/1328/1011 1045/1327/1010
f 1183/1508/1147 1182/1507/1146 1184/1509/1148 1185/1510/1149
f 1183/1508/1147 1185/1510/1149 1053/1339/1018 1051/1336/1016
f 1185/1510/1149 1184/1509/1148 1186/1511/1150 1187/1512/1151
f 1185/1510/1149 1187/1512/1151 1055/1342/1020 1053/1339/1018
f 1187/1512/1151 1186/1511/1150 1188/1513/1152 1189/1514/1153
f 1187/1512/1151 1189/1514/1153 1190/1515/1154 1055/1342/1020
f 1190/1515/1154 1189/1514/1153 1191/1516/1155 1192/1517/1156
f 1190/1515/1154 1192/1517/1156 1193/1518/1157 1058/1519/1023
f 1190/1515/1154 1058/1519/1023 1056/1343/1021 1055/1342/1020
f 1193/1518/1157 1192/1517/1156 1194/1520/1158 1195/1521/1159
f 1193/1522/1157 1195/1523/1159 1196/1524/1160 1061/1349/1026
f 1193/1522/1157 1061/1349/1026 1059/1347/1024 1058/1346/1023
f 1196/1524/1160 1195/1523/1159 1197/1525/1161 1198/1526/1162
f 1196/1524/1160 1198/1526/1162 1199/1527/1163 1064/1352/1029
f 1196/1524/1160 1064/1352/1029 1062/1350/1027 1061/1349/1026
f 1199/1527/1163 1198/1526/1162 1200/1528/1164 1201/1529/1165
f 1199/1527/1163 1201/1529/1165 1202/1530/1166 1067/1356/1032
f 1199/1527/1163 1067/1356/1032 1065/1353/1030 1064/1352/1029
f 1202/1530/1166 1201/1529/1165 1203/1531/1167 1204/1532/1168
f 1202/1530/1166 1204/1532/1168 1205/1533/1169 1070/1534/1035
f 1202/1530/1166 1070/1534/1035 1068/1357/1033 1067/1356/1032
f 1205/1533/1169 1204/1532/1168 1206/1535/1170 1079/1536/1044
f 1205/1537/1169 1079/1375/1044 1077/1372/1042 1073/1365/1038
f 1205/1537/1169 1073/1365/1038 1071/1362/1036 1070/1361/1035
f 1206/1535/1170 1204/1532/1168 1203/1531/1167 1207/1538/1171
f 1206/1535/1170 1207/1538/1171 1208/1539/1172 1082/1380/1047
f 1206/1535/1170 1082/1380/1047 1080/1379/1045 1079/1536/1044
f 1208/1539/1172 1207/1538/1171 1209/1540/1173 1210/1541/1174
f 1208/1539/1172 1210/1541/1174 1211/1542/1175 1085/1384/1050
f 1208/1539/1172 1085/1384/1050 1083/1381/1048 1082/1380/1047
f 1211/1542/1175 1210/1541/1174 1212/1543/1176 1213/1544/1177
f 1211/1542/1175 1213/1544/1177 1214/1545/1178 1088/1387/1053
f 1211/1542/1175 1088/1387/1053 1086/1385/1051 1085/1384/1050
f 1214/1546/1178 1213/1547/1177 1215/1548/1179 1216/1549/1180
f 1214/1546/1178 1216/1549/1180 1217/1550/1181 1091/1551/1056
f 1214/1545/1178 1091/1390/1056 1089/1388/1054 1088/1387/1053
f 1217/1550/1181 1216/1549/1180 1218/1552/1182 1219/1553/1183
f 1217/1550/1181 1219/1553/1183 1220/1554/1184 1094/1395/1059
f 1217/1550/1181 1094/1395/1059 1092/1394/1057 1091/1551/1056
f 1220/1554/1184 1221/1555/1185 1095/1396/1060 1094/1395/1059
f 1220/1554/1184 1219/1553/1183 1222/1556/1186 1223/1557/1187
f 1220/1554/1184 1223/1557/1187 1224/1558/1188 1221/1555/1185
f 1224/1558/1188 1225/1559/1189 1226/1560/1190 1221/1555/1185
f 1224/1558/1188 1223/1557/1187 1227/1561/1191 1228/1562/1192
f 1224/1558/1188 1228/1562/1192 1229/1563/1192 1225/1559/1189
f 1229/1563/1192 1230/1564/1191 1231/1565/1193 1225/1559/1189
f 1229/1563/1192 1228/1562/1192 1232/1566/1194 1233/1567/1194
f 1229/1563/1192 1233/1567/1194 1234/1568/1195 1230/1564/1191
f 1234/1568/1195 1235/1569/1196 1236/1570/1197 1230/1564/1191
f 1234/1568/1195 1233/1567/1194 1237/1571/1198 1238/1572/1199
f 1234/1568/1195 1238/1572/1199 1239/1573/1200 1235/1569/1196
f 1239/1573/1200 1240/1574/1201 1241/1575/1202 1235/1569/1196
f 1239/1573/1200 1238/1572/1199 1242/1576/1203 1243/1577/1204
f 1239/1573/1200 1243/1577/1204 1244/1578/1205 1240/1574/1201
f 1244/1578/1205 1245/1579/1206 1246/1580/1207 1240/1574/1201
f 1244/1578/1205 1243/1577/1204 1247/1581/1204 1248/1582/1205
f 1244/1578/1205 1248/1582/1205 1249/1583/1208 1245/1579/1206
f 1249/1583/1208 1250/1584/1209 1251/1585/1210 1245/1579/1206
f 1249/1583/1208 1248/1582/1205 1252/1586/1211 1253/1587/1212
f 1249/1583/1208 1253/1587/1212 1254/1588/1213 1250/1584/1209
f 1254/1588/1213 1255/1589/1214 1256/1590/1215 1250/1584/1209
f 1254/1588/1213 1253/1587/1212 1257/1591/1216 1258/1592/1217
f 1254/1588/1213 1258/1592/1217 1259/1593/1218 1255/1589/1214
f 1259/1593/1218 1130/1446/1095 1128/1443/1093 1255/1589/1214
f 1259/1593/1218 1258/1592/1217 1260/1594/1219 1261/1595/1220
f 1259/1593/1218 1261/1595/1220 1262/1596/1221 1130/1446/1095
f 1262/1596/1221 1133/1597/1098 1131/1447/1096 1130/1446/1095
f 1262/1596/1221 1261/1595/1220 1263/1598/1222 1264/1599/1223
f 1262/1596/1221 1264/1599/1223 1265/1600/1224 1133/1597/1098
f 1265/1600/1224 1264/1599/1223 20/16/20 19/15/19
f 1265/1601/1224 19/13/19 18/12/18 1136/1453/1101
f 1265/1601/1224 1136/1453/1101 1134/1451/1099 1133/1450/1098
f 1264/1599/1223 1263/1598/1222 1266/1602/1225 20/16/20
f 1266/1602/1225 1263/1598/1222 1267/1603/1226 1268/1604/1227
f 1266/1602/1225 1268/1604/1227 1269/1605/1228 1270/1606/1229
f 1266/1602/1225 1270/1606/1229 15/17/15 20/16/20
f 1270/1606/1229 1269/1605/1228 1154/1479/1119 1271/1607/1230
f 1270/1606/1229 1271/1607/1230 16/1608/16 15/17/15
f 1271/1607/1230 1154/1479/1119 1152/1477/1117 1151/1476/1116
f 1271/1607/1230 1151/1476/1116 1272/1609/1231 16/1608/16
f 1272/1610/1231 1273/1611/1232 17/11/17 16/10/16
f 1272/1609/1231 1151/1476/1116 1149/1473/1114 1148/1472/1113
f 1272/1610/1231 1148/1612/1113 1142/1460/1107 1273/1611/1232
f 1273/1611/1232 1139/1456/1104 18/12/18 17/11/17
f 1273/1611/1232 1142/1460/1107 1140/1457/1105 1139/1456/1104
f 1269/1605/1228 1268/1604/1227 1274/1613/1233 1157/1482/1122
f 1269/1605/1228 1157/1482/1122 1155/1480/1120 1154/1479/1119
f 1274/1613/1233 1268/1604/1227 1267/1603/1226 1275/1614/1234
f 1274/1613/1233 1275/1614/1234 1276/1615/1235 1160/1485/1125
f 1274/1613/1233 1160/1485/1125 1158/1483/1123 1157/1482/1122
f 1276/1615/1235 1275/1614/1234 1277/1616/1236 1278/1617/1237
f 1276/1615/1235 1278/1617/1237 1279/1618/1238 1163/1488/1128
f 1276/1615/1235 1163/1488/1128 1161/1486/1126 1160/1485/1125
f 1279/1618/1238 1278/1617/1237 1280/1619/1239 1281/1620/1240
f 1279/1618/1238 1281/1620/1240 1282/1621/1241 1166/1491/1131
f 1279/1618/1238 1166/1491/1131 1164/1489/1129 1163/1488/1128
f 1282/1621/1241 1281/1620/1240 1283/1622/1204 1284/1623/1203
f 1282/1621/1241 1284/1623/1203 1285/1624/1203 1286/1625/1242
f 1282/1621/1241 1286/1625/1242 1167/1492/1132 1166/1491/1131
f 1286/1625/1242 1285/1624/1203 1287/1626/1203 1288/1627/1242
f 1286/1625/1242 1288/1627/1242 1168/1493/1132 1167/1492/1132
f 1288/1627/1242 1287/1626/1203 1289/1628/1243 1290/1629/1244
f 1288/1627/1242 1290/1629/1244 1170/1495/1134 1168/1493/1132
f 1290/1629/1244 1289/1628/1243 1291/1630/1245 1292/1631/1246
f 1290/1629/1244 1292/1631/1246 1172/1497/1136 1170/1495/1134
f 1292/1631/1246 1291/1630/1245 1293/1632/1247 1294/1633/1248
f 1292/1631/1246 1294/1633/1248 1174/1499/1138 1172/1497/1136
f 1294/1633/1248 1293/1632/1247 1295/1634/1249 1179/1504/1143
f 1294/1633/1248 1179/1504/1143 1176/1501/1140 1174/1499/1138
f 1295/1634/1249 1293/1632/1247 1296/1635/1250 1297/1636/1251
f 1295/1634/1249 1297/1636/1251 1184/1509/1148 1182/1507/1146
f 1295/1634/1249 1182/1507/1146 1180/1505/1144 1179/1504/1143
f 1297/1636/1251 1296/1635/1250 1298/1637/1250 1299/1638/1252
f 1297/1636/1251 1299/1638/1252 1186/1511/1150 1184/1509/1148
f 1299/1638/1252 1298/1637/1250 1300/1639/1253 1301/1640/1254
f 1299/1638/1252 1301/1640/1254 1188/1513/1152 1186/1511/1150
f 1301/1640/1254 1300/1639/1253 1302/1641/1255 1303/1642/1256
f 1301/1640/1254 1303/1642/1256 1304/1643/1257 1188/1513/1152
f 1304/1643/1257 1303/1642/1256 1305/1644/1258 1306/1645/1259
f 1304/1643/1257 1306/1645/1259 1307/1646/1260 1191/1516/1155
f 1304/1643/1257 1191/1516/1155 1189/1514/1153 1188/1513/1152
f 1307/1646/1260 1306/1645/1259 1308/1647/1261 1309/1648/1262
f 1307/1646/1260 1309/1648/1262 1310/1649/1263 1194/1520/1158
f 1307/1646/1260 1194/1520/1158 1192/1517/1156 1191/1516/1155
f 1310/1649/1263 1309/1648/1262 36/39/36 35/38/35
f 1310/1649/1263 35/38/35 34/37/34 1197/1650/1161
f 1310/1649/1263 1197/1650/1161 1195/1521/1159 1194/1520/1158
f 1309/1648/1262 1308/1647/1261 1311/1651/1264 36/39/36
f 1311/1651/1264 1312/1652/1265 1215/1548/1179 1313/1653/1266
f 1311/1651/1264 1313/1653/1266 37/40/37 36/39/36
f 1311/1651/1264 1308/1647/1261 1314/1654/1267 1312/1652/1265
f 1314/1654/1267 1315/1655/1268 1218/1552/1182 1312/1652/1265
f 1314/1654/1267 1308/1647/1261 1306/1645/1259 1305/1644/1258
f 1314/1654/1267 1305/1644/1258 1316/1656/1269 1315/1655/1268
f 1316/1656/1269 1317/1657/1270 1222/1556/1186 1315/1655/1268
f 1316/1656/1269 1305/1644/1258 1303/1642/1256 1302/1641/1255
f 1316/1656/1269 1302/1641/1255 1318/1658/1271 1317/1657/1270
f 1318/1658/1271 1319/1659/1272 1227/1561/1191 1317/1657/1270
f 1318/1658/1271 1302/1641/1255 1300/1639/1253 1320/1660/1273
f 1318/1658/1271 1320/1660/1273 1321/1661/1274 1319/1659/1272
f 1321/1661/1274 1322/1662/1198 1232/1566/1194 1319/1659/1272
f 1321/1661/1274 1320/1660/1273 1323/1663/1245 1324/1664/1243
f 1321/1661/1274 1324/1664/1243 1325/1665/1203 1322/1662/1198
f 1325/1665/1203 1326/1666/1203 1237/1571/1198 1322/1662/1198
f 1325/1665/1203 1324/1664/1243 1327/1667/1243 1328/1668/1203
f 1325/1665/1203 1328/1668/1203 1329/1669/1203 1326/1666/1203
f 1329/1669/1203 1330/1670/1203 1242/1576/1203 1326/1666/1203
f 1329/1669/1203 1328/1668/1203 1287/1626/1203 1285/1624/1203
f 1329/1669/1203 1285/1624/1203 1284/1623/1203 1330/1670/1203
f 1330/1670/1203 1247/1581/1204 1243/1577/1204 1242/1576/1203
f 1330/1670/1203 1284/1623/1203 1283/1622/1204 1247/1581/1204
f 1328/1668/1203 1327/1667/1243 1289/1628/1243 1287/1626/1203
f 1327/1667/1243 1324/1664/1243 1323/1663/1245 1331/1671/1245
f 1327/1667/1243 1331/1671/1245 1291/1630/1245 1289/1628/1243
f 1331/1671/1245 1323/1663/1245 1298/1637/1250 1296/1635/1250
f 1331/1671/1245 1296/1635/1250 1293/1632/1247 1291/1630/1245
f 1326/1666/1203 1242/1576/1203 1238/1572/1199 1237/1571/1198
f 1323/1663/1245 1320/1660/1273 1300/1639/1253 1298/1637/1250
f 1322/1662/1198 1237/1571/1198 1233/1567/1194 1232/1566/1194
f 1319/1659/1272 1232/1566/1194 1228/1562/1192 1227/1561/1191
f 1317/1657/1270 1227/1561/1191 1223/1557/1187 1222/1556/1186
f 1315/1655/1268 1222/1556/1186 1219/1553/1183 1218/1552/1182
f 1313/1653/1266 1215/1548/1179 1213/1547/1177 1212/1672/1176
f 1313/1653/1266 1212/1672/1176 38/41/38 37/40/37
f 1312/1652/1265 1218/1552/1182 1216/1549/1180 1215/1548/1179
f 1283/1622/1204 1252/1586/1211 1248/1582/1205 1247/1581/1204
f 1283/1622/1204 1281/1620/1240 1280/1619/1239 1252/1586/1211
f 1280/1619/1239 1257/1591/1216 1253/1587/1212 1252/1586/1211
f 1280/1619/1239 1278/1617/1237 1277/1616/1236 1257/1591/1216
f 1277/1616/1236 1260/1594/1219 1258/1592/1217 1257/1591/1216
f 1277/1616/1236 1275/1614/1234 1267/1603/1226 1260/1594/1219
f 1267/1603/1226 1263/1598/1222 1261/1595/1220 1260/1594/1219
f 1256/1590/1215 1126/1440/1091 1124/1437/1089 1332/1673/1275
f 1256/1590/1215 1332/1673/1275 1251/1585/1210 1250/1584/1209
f 1256/1590/1215 1255/1589/1214 1128/1443/1093 1126/1440/1091
f 1332/1673/1275 1124/1437/1089 1122/1434/1087 1333/1674/1276
f 1332/1673/1275 1333/1674/1276 1334/1675/1277 1251/1585/1210
f 1334/1675/1277 1333/1674/1276 1117/1425/1082 1335/1676/1278
f 1334/1675/1277 1335/1676/1278 1336/1677/1279 1246/1580/1207
f 1334/1675/1277 1246/1580/1207 1245/1579/1206 1251/1585/1210
f 1336/1677/1279 1335/1676/1278 1114/1422/1079 1337/1678/1280
f 1336/1677/1279 1337/1678/1280 1338/1679/1281 1241/1575/1202
f 1336/1677/1279 1241/1575/1202 1240/1574/1201 1246/1580/1207
f 1338/1679/1281 1337/1678/1280 1110/1418/1075 1339/1680/1282
f 1338/1679/1281 1339/1680/1282 1340/1681/1283 1236/1570/1197
f 1338/1679/1281 1236/1570/1197 1235/1569/1196 1241/1575/1202
f 1340/1681/1283 1339/1680/1282 1341/1682/1284 1342/1683/1285
f 1340/1681/1283 1342/1683/1285 1343/1684/1286 1231/1565/1193
f 1340/1681/1283 1231/1565/1193 1230/1564/1191 1236/1570/1197
f 1343/1684/1286 1342/1683/1285 1100/1403/1065 1098/1400/1063
f 1343/1684/1286 1098/1400/1063 1096/1397/1061 1226/1560/1190
f 1343/1684/1286 1226/1560/1190 1225/1559/1189 1231/1565/1193
f 1342/1683/1285 1341/1682/1284 1102/1406/1067 1100/1403/1065
f 1341/1682/1284 1108/1416/1073 1104/1409/1069 1102/1406/1067
f 1341/1682/1284 1339/1680/1282 1110/1418/1075 1108/1416/1073
f 1337/1678/1280 1114/1422/1079 1111/1419/1076 1110/1418/1075
f 1335/1676/1278 1117/1425/1082 1115/1423/1080 1114/1422/1079
f 1333/1674/1276 1122/1434/1087 1118/1426/1083 1117/1425/1082
f 1226/1560/1190 1096/1397/1061 1095/1396/1060 1221/1555/1185
f 1212/1543/1176 1210/1541/1174 1209/1540/1173 38/1685/38
f 1209/1540/1173 1344/1686/1287 33/1687/33 38/1685/38
f 1209/1540/1173 1207/1538/1171 1203/1531/1167 1344/1686/1287
f 1344/1686/1287 1200/1528/1164 34/1688/34 33/1687/33
f 1344/1686/1287 1203/1531/1167 1201/1529/1165 1200/1528/1164
f 1200/1528/1164 1198/1526/1162 1197/1525/1161 34/1688/34
f 1148/1612/1113 1145/1689/1110 1143/1461/1108 1142/1460/1107
f 1139/1456/1104 1137/1454/1102 1136/1453/1101 18/12/18
f 1007/1283/972 1004/1280/969 1002/1278/967 1001/1277/966
f 972/1240/937 970/1238/935 48/1690/48 50/1432/50
f 970/1238/935 968/1236/933 49/1415/49 48/1690/48
f 862/1103/827 859/1102/824 856/1088/821 855/1087/820
f 638/780/611 634/773/607 632/771/605 631/770/604
f 625/762/598 621/755/594 619/752/592 618/751/591
f 551/659/530 549/657/528 39/43/39 43/879/43
f 546/652/525 545/651/524 44/51/44 41/50/41
f 479/569/458 477/567/456 476/566/455 12/5/12
