# Blender 5.0.1
# www.blender.org
mtllib tripo_convert_1af6d367-e117-4839-b9d1-a93357244973.mtl
o tripo_node_1af6d367-e117-4839-b9d1-a93357244973
v -0.146148 0.311705 0.448161
v -0.053922 0.284203 0.450209
v -0.060542 0.286862 0.452429
v -0.066182 0.302127 0.456868
v -0.085396 0.299652 0.460261
v -0.088033 0.304952 0.460572
v -0.047222 0.218339 0.441617
v -0.047325 0.211539 0.450648
v -0.040047 0.297246 0.191074
v -0.045106 0.306882 0.214099
v -0.036386 0.274569 0.315749
v -0.035204 0.281641 0.290216
v -0.035434 0.268594 0.330524
v -0.031280 0.270956 0.311943
v -0.025394 0.276305 0.289159
v -0.025521 0.282348 0.225707
v -0.026862 0.302271 0.219769
v -0.028565 0.223341 0.290000
v -0.029604 0.233133 0.306245
v -0.021874 0.203948 0.288240
v -0.029303 0.232368 0.315567
v -0.031979 0.230200 0.329792
v -0.030648 0.226572 0.334696
v -0.033721 0.223982 0.327751
v -0.035958 0.244753 0.328913
v -0.032350 0.243382 0.305475
v -0.034329 0.245970 0.317860
v -0.037895 0.256944 0.335289
v -0.030496 0.244530 0.313650
v -0.031274 0.194319 0.368499
v -0.032471 0.196999 0.371152
v -0.033410 0.194602 0.375448
v -0.036430 0.198148 0.394296
v -0.036806 0.197091 0.375971
v -0.035781 0.187495 0.375277
v -0.035064 0.195455 0.362170
v -0.037683 0.182927 0.386089
v -0.032794 0.178173 0.365774
v -0.031542 0.171343 0.365303
v -0.034318 0.174160 0.397596
v -0.039652 0.176412 0.432675
v -0.046098 0.177409 0.445218
v -0.041513 0.177998 0.443285
v -0.044597 0.180896 0.435165
v -0.044037 0.190501 0.442099
v -0.045484 0.193195 0.430024
v -0.044832 0.197118 0.442331
v -0.042155 0.199759 0.416581
v -0.045477 0.197304 0.428772
v -0.039965 0.199801 0.396063
v -0.039020 0.195048 0.398917
v -0.033624 0.230501 0.341027
v -0.034352 0.211660 0.352036
v -0.030129 0.213143 0.353589
v -0.032964 0.224462 0.338236
v -0.044701 0.219618 0.446802
v -0.043397 0.290622 0.352408
v -0.039540 0.291206 0.355167
v -0.040429 0.265089 0.341651
v -0.037192 0.233456 0.342318
v -0.033443 0.253380 0.336194
v -0.034802 0.247473 0.339948
v -0.042238 0.282026 0.366740
v -0.023216 0.287853 0.192471
v -0.016734 0.280495 0.229118
v -0.016950 0.225699 0.226168
v -0.020279 0.225241 0.289640
v -0.014753 0.243233 0.171419
v -0.008833 0.277378 -0.007057
v -0.016435 0.297092 0.028490
v -0.011553 0.296685 0.002568
v 0.000429 0.249058 0.072124
v 0.000254 0.286438 0.041269
v 0.023529 0.238750 0.127809
v 0.021457 0.241949 0.123982
v 0.026368 0.211288 0.105752
v 0.020953 0.207572 0.142988
v 0.022868 0.198227 0.135137
v 0.000600 0.190110 0.160932
v 0.007415 0.182475 0.154202
v 0.002482 0.175734 0.145740
v -0.011393 0.197021 0.255162
v -0.021709 0.206638 0.280129
v -0.018772 0.191464 0.287453
v -0.019531 0.180642 0.287805
v 0.011357 0.081896 0.152493
v 0.008699 0.085480 0.152465
v 0.018815 0.078162 0.179097
v 0.019266 0.076451 0.182523
v 0.017602 0.077195 0.177429
v 0.020042 0.076774 0.172881
v 0.013327 0.114685 0.136067
v 0.020291 0.117944 0.131793
v 0.015703 0.133193 0.133127
v 0.012855 0.092345 0.036809
v 0.014864 0.109075 0.015675
v 0.011879 0.168765 0.071813
v 0.016316 0.113493 -0.003262
v 0.021406 0.119435 0.117321
v 0.017122 0.134784 0.114849
v 0.024832 0.110603 0.049478
v 0.027668 0.110120 0.002695
v 0.074948 0.117785 0.127001
v 0.075909 0.127982 0.126938
v 0.074445 0.115237 0.137505
v 0.073540 0.127813 0.139808
v 0.030660 0.073363 0.177836
v 0.028652 0.075405 0.173817
v 0.025972 0.076014 0.168152
v 0.086860 0.018844 0.144375
v 0.088087 0.007235 0.135171
v 0.085059 0.006350 0.134075
v 0.083288 0.008488 0.132466
v 0.085424 0.004482 0.131904
v 0.085107 0.003081 0.132156
v 0.086856 0.002358 0.136125
v 0.083845 0.000000 0.135898
v 0.056388 0.067807 0.164183
v 0.060312 0.071045 0.166352
v 0.064874 0.070600 0.167502
v 0.061075 0.069142 0.167472
v 0.061196 0.068158 0.166740
v 0.066359 0.070147 0.164385
v 0.052435 0.069321 0.166476
v 0.003609 0.048455 0.483682
v 0.004074 0.065117 0.487985
v -0.136789 0.047702 0.448636
v -0.051587 0.106401 0.437072
v -0.053948 0.103866 0.441596
v -0.059411 0.085477 0.469511
v -0.046996 0.111114 0.437530
v -0.054018 0.117901 0.445691
v -0.047912 0.121074 0.436942
v -0.066621 0.157559 0.463491
v -0.042468 0.167919 0.442009
v -0.047933 0.161336 0.455391
v -0.039773 0.168622 0.439541
v -0.040624 0.165937 0.419096
v -0.038893 0.170252 0.401735
v -0.037090 0.170118 0.414016
v -0.031218 0.171372 0.375712
v -0.037224 0.117782 0.357877
v -0.039722 0.122837 0.355162
v -0.041066 0.135610 0.358923
v -0.037785 0.110140 0.340045
v -0.032633 0.110085 0.344083
v -0.028882 0.116880 0.317320
v -0.030123 0.135218 0.299306
v -0.027633 0.117888 0.301512
v -0.027437 0.134064 0.311190
v -0.030095 0.142009 0.314002
v -0.038494 0.139493 0.341998
v -0.037853 0.144147 0.318434
v -0.003874 0.170561 0.153156
v 0.002094 0.104179 0.191918
v -0.008841 0.091228 0.181687
v -0.004354 0.092105 0.155737
v -0.007065 0.089461 0.165757
v -0.008799 0.089549 0.170431
v -0.000367 0.091199 0.137217
v 0.000247 0.091618 0.123800
v -0.023635 0.149522 0.211642
v -0.014554 0.140219 0.234724
v -0.014894 0.131996 0.236601
v -0.024747 0.145868 0.225468
v -0.015249 0.116143 0.242771
v -0.018187 0.127341 0.237934
v -0.016314 0.123833 0.237843
v -0.014988 0.095397 0.202096
v -0.009132 0.087687 0.181601
v -0.009120 0.089337 0.177296
v 0.001219 0.083536 0.166312
v -0.002342 0.087421 0.157073
v -0.004685 0.087162 0.154524
v -0.002601 0.088407 0.151425
v -0.002434 0.088492 0.140991
v -0.000185 0.087904 0.138161
v -0.000425 0.088802 0.124167
v -0.000199 0.090402 0.127384
v -0.006336 0.087904 0.170274
v -0.007617 0.088345 0.177278
v -0.003378 0.084414 0.162245
v -0.003955 0.086882 0.171004
v 0.000472 0.081973 0.180633
v -0.003811 0.084667 0.182700
v 0.007521 0.080734 0.161723
v 0.007262 0.080628 0.167609
v 0.004332 0.088220 0.153826
v 0.003111 0.084104 0.151032
v 0.001392 0.089029 0.124068
v 0.006740 0.083680 0.139938
v 0.006817 0.083698 0.136988
v 0.005543 0.083955 0.122784
v 0.031519 0.119831 -0.102928
v 0.036876 0.101527 -0.118434
v 0.026760 0.137082 -0.079768
v 0.032197 0.141242 -0.085818
v 0.016438 0.128543 -0.016102
v 0.023452 0.140934 -0.023140
v 0.021778 0.154682 -0.071972
v 0.022420 0.154000 -0.077397
v 0.019332 0.158004 -0.039968
v 0.017804 0.156600 -0.023326
v 0.010834 0.173483 -0.017567
v 0.015259 0.201005 -0.076889
v 0.020709 0.172504 -0.080080
v 0.018770 0.172519 -0.026732
v 0.023199 0.158849 -0.046815
v 0.026878 0.166645 -0.074049
v 0.025561 0.172603 -0.090134
v 0.024458 0.169810 -0.101575
v 0.040180 0.147839 -0.191920
v 0.044017 0.163570 -0.188843
v 0.041718 0.166371 -0.169076
v 0.042361 0.159886 -0.170866
v 0.043182 0.133797 -0.166359
v 0.046039 0.168215 -0.226092
v 0.048964 0.165219 -0.253872
v 0.044019 0.171988 -0.233353
v 0.046774 0.166475 -0.227614
v 0.040344 0.199656 -0.242950
v 0.032632 0.174676 -0.168499
v 0.037463 0.158596 -0.164896
v 0.041421 0.159242 -0.185901
v 0.040555 0.151026 -0.197342
v -0.002140 0.049809 -0.487045
v 0.042246 0.099039 -0.146456
v 0.044975 0.095303 -0.149551
v 0.040044 0.116237 -0.157240
v 0.046377 0.124431 -0.167126
v 0.042825 0.119894 -0.169408
v 0.046722 0.127194 -0.185067
v 0.044499 0.120892 -0.188229
v 0.076519 0.118599 -0.398231
v 0.075608 0.119558 -0.404838
v 0.073009 0.121626 -0.352823
v 0.077147 0.123814 -0.361599
v 0.069922 0.117753 -0.351016
v 0.071941 0.120683 -0.356898
v 0.060180 0.124430 -0.306839
v 0.059100 0.100961 -0.271116
v 0.058588 0.112810 -0.281159
v 0.106803 0.046835 -0.384074
v 0.081573 0.101370 -0.422396
v 0.093023 0.080044 -0.461430
v 0.103301 0.079216 -0.404747
v 0.077846 0.133925 -0.396442
v 0.076937 0.134681 -0.397239
v 0.075815 0.149665 -0.400899
v 0.071061 0.149340 -0.400750
v 0.075551 0.134718 -0.398236
v 0.069906 0.148767 -0.379766
v 0.070109 0.161994 -0.361076
v 0.070855 0.155770 -0.366542
v 0.073838 0.139392 -0.373662
v 0.069925 0.133127 -0.358069
v 0.069946 0.128975 -0.318443
v 0.070451 0.148495 -0.359145
v 0.067594 0.138748 -0.331712
v 0.067591 0.150270 -0.346577
v 0.068640 0.130105 -0.331807
v 0.071151 0.137176 -0.375046
v 0.066716 0.155660 -0.340596
v 0.051235 0.123196 -0.192333
v 0.049707 0.202273 -0.312467
v 0.062454 0.153148 -0.357899
v 0.062073 0.151393 -0.358562
v 0.062512 0.164084 -0.355336
v 0.066565 0.169194 -0.394588
v 0.035833 0.225419 -0.250171
v 0.048924 0.224130 -0.337882
v 0.048887 0.234536 -0.314731
v 0.049346 0.237507 -0.353543
v 0.048716 0.244836 -0.352566
v 0.047411 0.247674 -0.335395
v 0.042675 0.240781 -0.314254
v 0.030754 0.245170 -0.226052
v 0.033444 0.244257 -0.250073
v 0.032315 0.235819 -0.228638
v 0.033625 0.223835 -0.231284
v 0.037926 0.236787 -0.230776
v 0.040597 0.232737 -0.246192
v 0.040343 0.237960 -0.240802
v 0.038984 0.230029 -0.230633
v 0.043343 0.211319 -0.241884
v 0.043563 0.205990 -0.238400
v 0.037638 0.215829 -0.232569
v 0.029373 0.231914 -0.185439
v 0.030126 0.227273 -0.173332
v 0.033178 0.246048 -0.221369
v 0.037808 0.232115 -0.221225
v 0.052714 0.216001 -0.358550
v 0.053622 0.226539 -0.339687
v 0.052989 0.225184 -0.351003
v 0.053439 0.225638 -0.358381
v 0.049742 0.237387 -0.358080
v 0.055084 0.205308 -0.325835
v 0.055114 0.230587 -0.346326
v 0.057303 0.228211 -0.361970
v 0.053527 0.216297 -0.349891
v 0.057471 0.212007 -0.376964
v 0.054216 0.224862 -0.375732
v 0.060078 0.214683 -0.366488
v 0.051699 0.244424 -0.375302
v 0.055212 0.243744 -0.402616
v 0.054570 0.244932 -0.382613
v 0.058012 0.227972 -0.366976
v 0.061232 0.229959 -0.384673
v 0.052742 0.263096 -0.391592
v 0.053774 0.262691 -0.394365
v 0.053936 0.268255 -0.381136
v 0.044938 0.280616 -0.378199
v 0.049386 0.282523 -0.408691
v 0.050902 0.297451 -0.420260
v 0.054113 0.308473 -0.471962
v 0.048252 0.274863 -0.358514
v 0.050963 0.266018 -0.375909
v 0.053906 0.257496 -0.371141
v 0.050703 0.257802 -0.359654
v 0.051800 0.247390 -0.348841
v 0.050922 0.246685 -0.342683
v 0.046685 0.265343 -0.358400
v 0.046461 0.264983 -0.351380
v 0.049037 0.257178 -0.338629
v 0.045687 0.256911 -0.354222
v 0.047472 0.262435 -0.374021
v 0.038164 0.251107 -0.246693
v 0.030564 0.258354 -0.229779
v 0.031912 0.266704 -0.224728
v 0.027940 0.258987 -0.193070
v 0.031198 0.268765 -0.250205
v 0.030286 0.277593 -0.225571
v 0.029145 0.276660 -0.231322
v 0.030046 0.297003 -0.286987
v 0.044546 0.273590 -0.318818
v 0.044032 0.278144 -0.359319
v 0.046723 0.253247 -0.329641
v 0.025272 0.303451 -0.260433
v 0.010753 0.298158 -0.146828
v 0.021813 0.273259 -0.187544
v 0.021609 0.274688 -0.187728
v 0.021324 0.280941 -0.210608
v 0.012556 0.280458 -0.157179
v 0.023591 0.276312 -0.172477
v 0.023601 0.270502 -0.168288
v 0.027617 0.278237 -0.250917
v 0.025656 0.279329 -0.227539
v 0.024188 0.261576 -0.229623
v 0.027115 0.263876 -0.229315
v 0.026534 0.261619 -0.233149
v 0.026591 0.256446 -0.183202
v 0.023332 0.259162 -0.191014
v 0.023789 0.249285 -0.188213
v 0.027391 0.225975 -0.185821
v 0.027043 0.211646 -0.165936
v 0.020763 0.263305 -0.173078
v 0.016976 0.208951 -0.103414
v 0.018355 0.216138 -0.089942
v 0.010912 0.209995 -0.021589
v 0.004533 0.216366 -0.020357
v 0.011935 0.236500 -0.047742
v 0.009918 0.242838 -0.062996
v 0.013550 0.246389 -0.078150
v 0.010123 0.274717 -0.091257
v 0.008264 0.271714 -0.076923
v 0.008713 0.241123 -0.057377
v 0.008569 0.240765 -0.056032
v 0.007570 0.237043 -0.037765
v 0.007272 0.263924 -0.076554
v 0.001816 0.275479 -0.077342
v 0.005902 0.246056 -0.036283
v 0.006587 0.213254 -0.041132
v 0.003510 0.244877 -0.042592
v 0.008951 0.204891 -0.039527
v 0.008772 0.199257 -0.036059
v 0.006840 0.245911 -0.075190
v 0.004241 0.278411 -0.093577
v 0.003882 0.283163 -0.104376
v 0.005703 0.294600 -0.118460
v -0.012865 0.312320 -0.488241
v -0.013874 0.194476 0.250659
v -0.144846 0.310758 0.442392
v -0.146404 0.305701 0.442095
v -0.147004 0.305981 0.447588
v -0.141654 0.306204 0.449941
v -0.141116 0.312119 0.448592
v -0.140106 0.312182 0.442925
v -0.052073 0.279577 0.450059
v -0.053107 0.280397 0.442985
v -0.051420 0.286085 0.443789
v -0.055147 0.289901 0.444108
v -0.057669 0.285866 0.451743
v -0.056152 0.279276 0.452423
v -0.059769 0.291300 0.443790
v -0.061727 0.297087 0.452576
v -0.064874 0.297277 0.457965
v -0.064101 0.289055 0.458253
v -0.061150 0.297848 0.444345
v -0.060106 0.279192 0.452592
v -0.063517 0.280603 0.458371
v -0.063768 0.303688 0.452898
v -0.070181 0.303052 0.457154
v -0.070496 0.297444 0.459791
v -0.068662 0.306663 0.452541
v -0.095998 0.306013 0.460251
v -0.096178 0.299423 0.460332
v -0.081485 0.304514 0.455572
v -0.086145 0.307936 0.456629
v -0.076721 0.297914 0.459275
v -0.075475 0.303355 0.456426
v -0.096022 0.291765 0.460374
v -0.085615 0.291172 0.461110
v -0.077451 0.290692 0.460109
v -0.095544 0.311681 0.457014
v -0.049597 0.223180 0.442708
v -0.043195 0.215955 0.443251
v -0.046378 0.217821 0.430145
v -0.050779 0.224484 0.430454
v -0.040739 0.214321 0.429579
v -0.045287 0.209095 0.441718
v -0.048350 0.233827 0.452945
v -0.054786 0.233394 0.453478
v -0.052931 0.210259 0.455676
v -0.051578 0.189838 0.459420
v -0.050032 0.192111 0.451998
v -0.047008 0.235915 0.447130
v -0.041080 0.288755 0.198488
v -0.036090 0.289785 0.197540
v -0.035379 0.296330 0.188207
v -0.038338 0.300015 0.172430
v -0.040456 0.305203 0.172604
v -0.043052 0.303850 0.191771
v -0.034294 0.297460 0.172355
v -0.043586 0.301579 0.207340
v -0.043471 0.296377 0.203314
v -0.042588 0.288934 0.204393
v -0.051124 0.310993 0.213704
v -0.052077 0.309215 0.237086
v -0.046404 0.307671 0.238403
v -0.040743 0.308244 0.240646
v -0.039548 0.307869 0.220857
v -0.038354 0.303060 0.210697
v -0.045622 0.308799 0.193421
v -0.050873 0.312274 0.193388
v -0.038201 0.265774 0.321042
v -0.036036 0.262119 0.313437
v -0.035234 0.266107 0.301879
v -0.035794 0.272951 0.299030
v -0.038552 0.282563 0.313309
v -0.037848 0.274463 0.331320
v -0.041381 0.281807 0.332610
v -0.032723 0.273706 0.290591
v -0.031200 0.281333 0.284909
v -0.036867 0.290902 0.291344
v -0.040264 0.290782 0.314391
v -0.032675 0.285928 0.268676
v -0.033686 0.293776 0.268119
v -0.030278 0.281685 0.269275
v -0.034367 0.256316 0.305422
v -0.024851 0.267230 0.288085
v -0.028633 0.268138 0.281151
v -0.025635 0.277045 0.281096
v -0.027413 0.281737 0.282849
v -0.028307 0.275372 0.289987
v -0.028786 0.266039 0.290152
v -0.026349 0.283720 0.234704
v -0.021776 0.281986 0.237025
v -0.020665 0.280187 0.227900
v -0.024103 0.274151 0.223718
v -0.023913 0.276480 0.216062
v -0.025440 0.286550 0.214971
v -0.019930 0.273490 0.226491
v -0.028551 0.300147 0.229995
v -0.027956 0.292102 0.232292
v -0.026044 0.294244 0.221056
v -0.027027 0.296713 0.213212
v -0.028831 0.304427 0.215806
v -0.030229 0.306367 0.227252
v -0.026180 0.220135 0.279999
v -0.018980 0.225064 0.280929
v -0.020920 0.232019 0.289501
v -0.029956 0.231284 0.293684
v -0.030032 0.223750 0.304416
v -0.027212 0.214013 0.289959
v -0.025504 0.213224 0.280472
v -0.029340 0.214838 0.302814
v -0.030839 0.224294 0.315908
v -0.033216 0.239865 0.313373
v -0.031011 0.240981 0.293162
v -0.027840 0.204359 0.301152
v -0.026225 0.191697 0.300847
v -0.035649 0.235389 0.329791
v -0.032651 0.234616 0.337413
v -0.034279 0.230647 0.322670
v -0.034765 0.237189 0.320939
v -0.033884 0.215867 0.332826
v -0.031541 0.215485 0.317168
v -0.037066 0.238360 0.336526
v -0.033848 0.253788 0.316714
v -0.037376 0.254971 0.325147
v -0.033407 0.253916 0.297806
v -0.028634 0.249121 0.310575
v -0.038552 0.246786 0.341703
v -0.031697 0.189338 0.371746
v -0.034766 0.186171 0.363181
v -0.034811 0.199167 0.368062
v -0.038247 0.191869 0.385926
v -0.039389 0.197905 0.384292
v -0.036301 0.190925 0.397380
v -0.037227 0.204697 0.364578
v -0.038654 0.204888 0.373294
v -0.040102 0.205150 0.382293
v -0.034889 0.179958 0.376038
v -0.036261 0.203893 0.356651
v -0.032257 0.183628 0.351427
v -0.033951 0.194270 0.349642
v -0.040566 0.188131 0.400047
v -0.038009 0.181003 0.394701
v -0.033987 0.172991 0.389513
v -0.031199 0.168489 0.351387
v -0.031222 0.174823 0.351781
v -0.032608 0.162412 0.363453
v -0.030619 0.161183 0.350823
v -0.034254 0.163468 0.375577
v -0.040118 0.179636 0.401286
v -0.039574 0.177906 0.410012
v -0.036193 0.166073 0.389646
v -0.040111 0.177469 0.437826
v -0.042204 0.170240 0.432872
v -0.044362 0.177065 0.428728
v -0.042837 0.172223 0.424596
v -0.045090 0.180926 0.441495
v -0.048659 0.175602 0.454255
v -0.042873 0.180313 0.421475
v -0.044577 0.184926 0.425127
v -0.042110 0.191691 0.438863
v -0.040183 0.188295 0.417596
v -0.041672 0.193894 0.421478
v -0.041480 0.193203 0.409733
v -0.042179 0.194659 0.403397
v -0.043022 0.200016 0.405536
v -0.043963 0.205199 0.407801
v -0.045161 0.203278 0.425008
v -0.045889 0.202808 0.433713
v -0.046002 0.202650 0.434835
v -0.042089 0.205820 0.394876
v -0.036434 0.222252 0.343952
v -0.037111 0.221583 0.350332
v -0.030754 0.221923 0.353228
v -0.035643 0.213134 0.344704
v -0.030267 0.213443 0.361617
v -0.034616 0.209359 0.362747
v -0.034952 0.203970 0.347258
v -0.032092 0.220815 0.360398
v -0.051776 0.236394 0.441388
v -0.047046 0.297059 0.354554
v -0.050771 0.296860 0.377392
v -0.047938 0.291342 0.376776
v -0.043248 0.290319 0.334925
v -0.044346 0.296901 0.336133
v -0.042859 0.279487 0.345475
v -0.042643 0.291734 0.377255
v -0.038031 0.280074 0.352156
v -0.040049 0.246609 0.347548
v -0.036710 0.264436 0.351945
v -0.033952 0.245503 0.352042
v -0.038350 0.231812 0.349524
v -0.043821 0.282465 0.377252
v -0.046663 0.274726 0.376387
v -0.043544 0.276281 0.363522
v -0.038347 0.277891 0.358933
v -0.038764 0.284742 0.363202
v -0.040730 0.287321 0.377934
v -0.022675 0.288111 0.185147
v -0.025551 0.294154 0.186410
v -0.026071 0.290282 0.195935
v -0.025375 0.280759 0.198326
v -0.022599 0.280526 0.192330
v -0.021582 0.280349 0.184380
v -0.017016 0.272425 0.230686
v -0.018607 0.278873 0.238973
v -0.022961 0.271241 0.238487
v -0.012588 0.227249 0.235806
v -0.014322 0.222566 0.234235
v -0.013156 0.231149 0.226952
v -0.013932 0.233082 0.232508
v -0.018178 0.216988 0.234365
v -0.016370 0.206331 0.235683
v -0.016497 0.210803 0.226093
v -0.015863 0.213590 0.218194
v -0.018076 0.229484 0.218098
v -0.023458 0.230592 0.281259
v -0.014344 0.238926 0.166122
v -0.014024 0.255417 0.147400
v -0.014068 0.260082 0.150198
v -0.015914 0.239784 0.183489
v -0.014980 0.217102 0.185179
v -0.012466 0.218381 0.178697
v -0.012497 0.217641 0.173920
v -0.016844 0.258279 0.172703
v -0.018141 0.255717 0.183403
v -0.014958 0.267615 0.152415
v -0.006891 0.276762 -0.016899
v -0.008924 0.283553 -0.013485
v -0.008236 0.282417 -0.000544
v -0.008189 0.270416 -0.002898
v -0.006740 0.268261 -0.010957
v -0.020132 0.300160 0.048409
v -0.017837 0.296595 0.050098
v -0.016461 0.293976 0.037761
v -0.015448 0.288325 0.031016
v -0.014334 0.288971 0.023532
v -0.017409 0.305644 0.023549
v -0.021388 0.306630 0.046258
v -0.006310 0.297463 -0.001961
v -0.003452 0.298065 -0.024117
v -0.008355 0.298423 -0.024421
v -0.012413 0.288586 0.011861
v -0.013783 0.304726 0.000909
v -0.009881 0.304353 -0.024476
v -0.007945 0.288620 0.008656
v -0.001364 0.244896 0.078941
v 0.003520 0.222859 0.068709
v 0.005229 0.223232 0.062922
v 0.003232 0.247062 0.057328
v 0.000817 0.263465 0.057808
v -0.001564 0.265206 0.071023
v 0.006463 0.223383 0.055320
v -0.002363 0.289074 0.037887
v -0.002684 0.293574 0.044739
v 0.000210 0.287583 0.046791
v 0.001038 0.277645 0.041350
v -0.001349 0.277827 0.035979
v 0.000527 0.277048 0.048200
v 0.020155 0.239757 0.139569
v 0.020058 0.232980 0.136636
v 0.022645 0.230006 0.130079
v 0.024035 0.247959 0.129225
v 0.022109 0.244397 0.142159
v 0.025770 0.246223 0.117854
v 0.024477 0.233741 0.107744
v 0.029222 0.237281 0.104874
v 0.024007 0.228968 0.113482
v 0.028352 0.210102 0.100278
v 0.027096 0.221623 0.100609
v 0.025679 0.218570 0.107135
v 0.026229 0.205465 0.109294
v 0.028518 0.200281 0.103538
v 0.025381 0.213360 0.114071
v 0.019981 0.206275 0.148647
v 0.021146 0.197609 0.144212
v 0.021942 0.202157 0.139300
v 0.021148 0.213780 0.140396
v 0.019123 0.217298 0.148424
v 0.022883 0.207945 0.133661
v 0.022678 0.192517 0.136557
v 0.024502 0.192900 0.126057
v 0.023914 0.200973 0.129099
v -0.001622 0.185389 0.156872
v -0.000016 0.183346 0.154889
v -0.001200 0.185452 0.156994
v -0.000949 0.199902 0.165165
v -0.006723 0.200521 0.164703
v -0.005190 0.190153 0.160303
v 0.013816 0.174492 0.143031
v 0.013219 0.183351 0.156366
v -0.017736 0.204842 0.244725
v -0.017077 0.206028 0.254616
v -0.014504 0.198287 0.269240
v -0.013043 0.190343 0.268748
v -0.019339 0.203867 0.268975
v -0.021846 0.212422 0.268647
v -0.024787 0.180094 0.300818
v -0.013002 0.180290 0.268468
v -0.023812 0.171866 0.300887
v -0.020361 0.171775 0.286342
v -0.016690 0.172322 0.267851
v 0.011181 0.080942 0.149882
v 0.018254 0.079131 0.148210
v 0.019215 0.080911 0.151267
v 0.006895 0.084608 0.149351
v 0.012034 0.083129 0.148111
v 0.021483 0.077663 0.178786
v 0.025165 0.077324 0.178545
v 0.024669 0.077227 0.174783
v 0.027378 0.074185 0.181659
v 0.025807 0.075059 0.177251
v 0.021179 0.077109 0.177869
v 0.012635 0.078302 0.182533
v 0.012741 0.077985 0.189133
v 0.013336 0.078624 0.173815
v 0.012916 0.078459 0.177844
v 0.007502 0.111850 0.148734
v 0.008127 0.105697 0.149760
v 0.010900 0.107253 0.138748
v 0.012870 0.109104 0.131448
v 0.023039 0.125850 0.134155
v 0.014394 0.123134 0.135536
v 0.006512 0.119385 0.147681
v 0.013908 0.109603 0.125778
v 0.021062 0.116176 0.126905
v 0.035018 0.116269 0.130394
v 0.035196 0.120075 0.134862
v 0.035698 0.127287 0.135637
v 0.024918 0.132834 0.130221
v 0.026017 0.132454 0.121158
v 0.004837 0.128753 0.145987
v 0.008790 0.143221 0.131049
v 0.003533 0.141802 0.146139
v 0.010157 0.145191 0.114728
v 0.008962 0.090411 0.060446
v 0.012130 0.084766 0.060517
v 0.016748 0.084791 0.034986
v 0.017435 0.089613 0.011590
v 0.016050 0.097298 0.014382
v 0.012921 0.100329 0.030588
v 0.013622 0.102156 0.037059
v 0.014422 0.095431 0.044088
v 0.010770 0.094291 0.061997
v 0.010809 0.128048 0.020837
v 0.009721 0.127616 0.027423
v 0.011968 0.110845 0.027716
v 0.017599 0.112363 0.012869
v 0.013001 0.128868 0.016381
v 0.020452 0.098452 -0.003437
v 0.020723 0.103861 0.001462
v 0.008882 0.197490 0.062827
v 0.006991 0.199299 0.068699
v 0.009212 0.176155 0.078495
v 0.008487 0.160582 0.096757
v 0.010509 0.153566 0.093894
v 0.013864 0.170579 0.058193
v 0.010166 0.197333 0.055657
v 0.012769 0.140507 0.091849
v 0.015218 0.146515 0.071315
v 0.017046 0.148649 0.058209
v 0.019759 0.114028 -0.001306
v 0.021465 0.112765 -0.012261
v 0.017500 0.117010 -0.014098
v 0.014699 0.124192 -0.003720
v 0.016828 0.121867 0.004305
v 0.021813 0.116604 0.121959
v 0.014944 0.110386 0.120119
v 0.016432 0.110405 0.114063
v 0.037258 0.119957 0.120091
v 0.035952 0.116267 0.124301
v 0.024874 0.126924 0.117339
v 0.037987 0.126607 0.119281
v 0.015182 0.118022 0.106549
v 0.015557 0.126452 0.109922
v 0.015132 0.110053 0.104483
v 0.014834 0.128013 0.090162
v 0.023465 0.109427 0.055425
v 0.024614 0.103288 0.052835
v 0.025495 0.107481 0.045612
v 0.023089 0.117610 0.049211
v 0.021720 0.118022 0.057069
v 0.024057 0.116441 0.042852
v 0.025443 0.118974 0.008800
v 0.022025 0.114761 0.012321
v 0.024700 0.106108 0.002943
v 0.024547 0.114399 -0.000293
v 0.022528 0.121079 0.004998
v 0.030165 0.109556 -0.009386
v 0.027029 0.113298 -0.010683
v 0.027230 0.104907 -0.008603
v 0.075751 0.116416 0.132145
v 0.065327 0.113809 0.129532
v 0.066089 0.117633 0.124512
v 0.066646 0.123662 0.123062
v 0.076408 0.122689 0.126971
v 0.076586 0.122303 0.133389
v 0.066463 0.129357 0.126204
v 0.076657 0.129812 0.133732
v 0.065705 0.131397 0.132939
v 0.075841 0.121072 0.139559
v 0.064254 0.114911 0.136120
v 0.064127 0.120833 0.140139
v 0.064519 0.127723 0.138841
v 0.033139 0.072002 0.189949
v 0.039585 0.070347 0.185289
v 0.037852 0.071663 0.171351
v 0.032782 0.074064 0.167762
v 0.023998 0.078287 0.166251
v 0.022823 0.076226 0.164243
v 0.028028 0.077128 0.163129
v 0.024670 0.077980 0.163263
v 0.089321 0.024977 0.143109
v 0.089108 0.024555 0.138406
v 0.087701 0.016769 0.136476
v 0.090634 0.015898 0.137188
v 0.092420 0.023941 0.140237
v 0.085480 0.009507 0.138063
v 0.085078 0.009447 0.135633
v 0.084160 0.002790 0.136643
v 0.082875 0.016732 0.132024
v 0.082582 0.016908 0.128740
v 0.085854 0.014705 0.130410
v 0.050202 0.069234 0.161331
v 0.051396 0.072198 0.164721
v 0.066468 0.070911 0.165770
v 0.060083 0.068350 0.166594
v 0.062808 0.068893 0.167069
v 0.066419 0.070664 0.167891
v 0.066372 0.070672 0.167993
v 0.065697 0.070891 0.168190
v 0.066206 0.067283 0.169990
v 0.061984 0.069829 0.171780
v 0.068909 0.068128 0.165363
v 0.060832 0.067706 0.165292
v 0.045221 0.069798 0.169920
v 0.045738 0.068634 0.182740
v 0.051034 0.066586 0.180742
v 0.005727 0.052742 0.483271
v 0.003796 0.053873 0.487704
v 0.002938 0.051515 0.487773
v -0.003269 0.046942 0.481023
v -0.001035 0.046875 0.474597
v 0.004911 0.046874 0.476004
v -0.000271 0.047075 0.486062
v -0.005090 0.046854 0.485221
v 0.007354 0.051090 0.475981
v -0.000615 0.051058 0.487608
v 0.000658 0.067181 0.486933
v -0.000036 0.063539 0.488560
v 0.004773 0.061890 0.488180
v 0.006366 0.061296 0.482044
v 0.005299 0.065530 0.481531
v 0.001452 0.067614 0.480549
v -0.131355 0.046666 0.449503
v -0.131571 0.051748 0.450590
v -0.135917 0.052323 0.448301
v -0.136619 0.052548 0.443142
v -0.134949 0.048180 0.443618
v -0.130197 0.046779 0.444479
v -0.056253 0.107050 0.448394
v -0.054579 0.095950 0.443366
v -0.053204 0.095510 0.436684
v -0.057766 0.087140 0.468467
v -0.060841 0.095411 0.468932
v -0.068180 0.091986 0.467326
v -0.067199 0.078129 0.467628
v -0.053400 0.076425 0.471556
v -0.051076 0.081039 0.471940
v -0.049411 0.102363 0.424605
v -0.046351 0.109006 0.425532
v -0.045707 0.115073 0.425487
v -0.060410 0.124509 0.454515
v -0.058777 0.109276 0.456683
v -0.052942 0.124639 0.419672
v -0.053488 0.131255 0.423677
v -0.050771 0.127286 0.434288
v -0.050207 0.119247 0.424468
v -0.066836 0.131824 0.467725
v -0.062833 0.129564 0.462363
v -0.064918 0.149256 0.459274
v -0.061779 0.165570 0.462320
v -0.062725 0.184655 0.462656
v -0.069019 0.182338 0.463378
v -0.075146 0.180847 0.465723
v -0.074787 0.157139 0.465747
v -0.074336 0.131538 0.465804
v -0.061527 0.157861 0.458369
v -0.046286 0.165436 0.448005
v -0.045361 0.161820 0.441520
v -0.044046 0.159521 0.431978
v -0.043694 0.165924 0.431723
v -0.047150 0.166038 0.455971
v -0.051026 0.163589 0.460824
v -0.051811 0.158428 0.456471
v -0.052692 0.155578 0.449113
v -0.047954 0.158756 0.448941
v -0.038235 0.175656 0.419066
v -0.039260 0.162570 0.404377
v -0.042283 0.158015 0.419789
v -0.042220 0.155772 0.405423
v -0.037095 0.159240 0.390088
v -0.035172 0.110250 0.360088
v -0.035076 0.118459 0.341977
v -0.033154 0.125512 0.349137
v -0.043445 0.122254 0.363753
v -0.037575 0.127809 0.341071
v -0.040641 0.131041 0.355584
v -0.045331 0.129972 0.366975
v -0.033667 0.135170 0.349423
v -0.035715 0.141314 0.357650
v -0.041942 0.136233 0.369048
v -0.037568 0.141928 0.370477
v -0.039737 0.108174 0.359698
v -0.041345 0.102454 0.358440
v -0.037689 0.101411 0.336453
v -0.039181 0.118746 0.331765
v -0.032992 0.107676 0.317597
v -0.026700 0.117946 0.308865
v -0.027619 0.125959 0.313220
v -0.033753 0.127584 0.320960
v -0.024281 0.108804 0.292156
v -0.022282 0.112647 0.290611
v -0.040340 0.128118 0.330745
v -0.027650 0.102200 0.292204
v -0.028907 0.136374 0.285630
v -0.023756 0.138506 0.286454
v -0.026220 0.138029 0.303024
v -0.033143 0.130723 0.302789
v -0.031672 0.129428 0.285550
v -0.031801 0.122719 0.303281
v -0.025617 0.117064 0.287193
v -0.030756 0.121888 0.285719
v -0.028426 0.143846 0.303603
v -0.036317 0.136106 0.321143
v -0.035479 0.145338 0.302989
v -0.041525 0.137357 0.330635
v -0.041402 0.145118 0.356112
v -0.044306 0.147213 0.342485
v -0.047084 0.148690 0.356309
v -0.042563 0.145005 0.330799
v -0.041325 0.150768 0.318042
v -0.043469 0.151716 0.331849
v -0.038750 0.149848 0.301250
v -0.010460 0.170973 0.218886
v -0.010200 0.168585 0.224402
v -0.011669 0.159226 0.222182
v -0.011848 0.166099 0.213868
v -0.003921 0.170414 0.165703
v -0.001272 0.155475 0.163271
v 0.001066 0.155038 0.148820
v -0.004858 0.179977 0.153485
v -0.007801 0.187415 0.163342
v -0.007249 0.185948 0.170413
v 0.004093 0.152763 0.132539
v 0.000093 0.161815 0.135141
v -0.001290 0.168708 0.136657
v 0.002100 0.107266 0.193805
v -0.000532 0.104287 0.198885
v 0.000496 0.100550 0.194736
v 0.002109 0.098000 0.188788
v 0.002410 0.103826 0.187788
v 0.001805 0.108839 0.188223
v -0.007250 0.094493 0.180069
v -0.008398 0.094588 0.189179
v -0.012683 0.092641 0.190418
v -0.012255 0.088171 0.191268
v -0.000929 0.094848 0.152117
v -0.003651 0.094711 0.162979
v -0.007321 0.087061 0.162970
v -0.001110 0.089952 0.151439
v -0.004793 0.091010 0.169300
v -0.005018 0.089148 0.165546
v -0.005661 0.094527 0.171197
v -0.009317 0.086313 0.173819
v -0.009717 0.085412 0.179064
v 0.006435 0.089622 0.140120
v 0.003404 0.094912 0.130966
v 0.000792 0.094712 0.140167
v -0.000337 0.087699 0.118486
v -0.000610 0.092480 0.117492
v 0.005739 0.094932 0.118160
v 0.004568 0.094902 0.124658
v 0.002609 0.091534 0.123720
v -0.024677 0.163972 0.205954
v -0.022655 0.164804 0.209308
v -0.022324 0.155450 0.216773
v -0.022542 0.154275 0.228102
v -0.021361 0.135519 0.209475
v -0.015620 0.136064 0.203644
v -0.017525 0.150206 0.202952
v -0.019932 0.164934 0.202587
v -0.022473 0.134715 0.218019
v -0.016917 0.142559 0.245784
v -0.018136 0.137111 0.247682
v -0.016973 0.133493 0.226531
v -0.017924 0.142954 0.230010
v -0.021872 0.145385 0.244007
v -0.023438 0.133572 0.247902
v -0.013663 0.124356 0.234307
v -0.029187 0.151793 0.242622
v -0.027414 0.147451 0.242244
v -0.021890 0.144218 0.228011
v -0.021305 0.134266 0.223108
v -0.019297 0.108407 0.242359
v -0.018882 0.105897 0.228165
v -0.016199 0.114174 0.228119
v -0.018505 0.113137 0.266232
v -0.021647 0.107690 0.265396
v -0.019282 0.118827 0.246330
v -0.021921 0.117535 0.265930
v -0.016419 0.124233 0.226734
v -0.025500 0.128575 0.251994
v -0.023465 0.123185 0.247925
v -0.016745 0.102759 0.207664
v -0.018368 0.103665 0.216682
v -0.017121 0.096854 0.214091
v -0.016046 0.091171 0.212471
v -0.014085 0.089408 0.201603
v -0.009963 0.096672 0.197746
v -0.012912 0.102939 0.202761
v -0.002303 0.090022 0.180999
v -0.009588 0.084667 0.192212
v -0.008635 0.084547 0.183577
v 0.000075 0.088931 0.168029
v 0.005790 0.085270 0.165957
v 0.010279 0.083722 0.167592
v 0.003553 0.085418 0.169160
v -0.002690 0.084511 0.154179
v -0.001352 0.084568 0.146246
v 0.006768 0.080092 0.179464
v 0.007106 0.080226 0.174656
v 0.002933 0.081293 0.177313
v 0.000758 0.081661 0.184957
v 0.006639 0.079925 0.184613
v 0.015153 0.079835 0.167733
v 0.015188 0.082217 0.166664
v 0.003920 0.083764 0.153163
v 0.004555 0.084202 0.140562
v 0.005745 0.081971 0.149597
v 0.008233 0.081314 0.146845
v 0.009653 0.082821 0.136945
v 0.010386 0.082976 0.139848
v 0.012872 0.080023 0.145016
v 0.011133 0.081362 0.129417
v 0.011631 0.081925 0.115429
v 0.005836 0.083895 0.112294
v 0.030318 0.120319 -0.096675
v 0.033814 0.113758 -0.098776
v 0.035212 0.117314 -0.105804
v 0.034182 0.125930 -0.108523
v 0.030313 0.127023 -0.103101
v 0.028510 0.130276 -0.094243
v 0.036291 0.109368 -0.123256
v 0.038086 0.111170 -0.116713
v 0.039470 0.105277 -0.109110
v 0.037998 0.104173 -0.093021
v 0.034679 0.100864 -0.095809
v 0.034866 0.094472 -0.098366
v 0.038293 0.094872 -0.122559
v 0.031254 0.138968 -0.094982
v 0.028012 0.123433 -0.085656
v 0.024517 0.132323 -0.070261
v 0.031259 0.151535 -0.087217
v 0.029018 0.147127 -0.076448
v 0.030732 0.151851 -0.097385
v 0.013877 0.139058 -0.010506
v 0.012743 0.135868 -0.002615
v 0.019994 0.117596 -0.030209
v 0.019284 0.125928 -0.031940
v 0.020106 0.134808 -0.019013
v 0.017113 0.142416 -0.014692
v 0.021052 0.133213 -0.033164
v 0.024320 0.140421 -0.034209
v 0.024090 0.148549 -0.035658
v 0.023140 0.147727 -0.021616
v 0.020841 0.159360 -0.027078
v 0.020558 0.167012 -0.024902
v 0.018192 0.169585 -0.018388
v 0.024067 0.164156 -0.080838
v 0.026381 0.160171 -0.076003
v 0.019510 0.156256 -0.057913
v 0.021197 0.154179 -0.056993
v 0.024751 0.158671 -0.059495
v 0.029114 0.158321 -0.087313
v 0.023335 0.165547 -0.044382
v 0.019654 0.165077 -0.035307
v 0.019533 0.154110 -0.037824
v 0.013411 0.155212 -0.014899
v 0.007954 0.173604 -0.009203
v 0.011145 0.153771 -0.008245
v 0.005751 0.196127 -0.018159
v 0.004349 0.196485 -0.010143
v 0.014985 0.172760 -0.024774
v 0.009533 0.180332 -0.025543
v 0.016657 0.202447 -0.062527
v 0.013463 0.193470 -0.063828
v 0.016158 0.191281 -0.078847
v 0.018623 0.200985 -0.086038
v 0.020145 0.208646 -0.080840
v 0.014165 0.208585 -0.072743
v 0.017954 0.190192 -0.089137
v 0.016813 0.211928 -0.059740
v 0.016334 0.175236 -0.063212
v 0.021973 0.172529 -0.062378
v 0.022998 0.170716 -0.078673
v 0.028921 0.165845 -0.085112
v 0.030060 0.167881 -0.094221
v 0.020274 0.178372 -0.090667
v 0.018044 0.181168 -0.079580
v 0.014879 0.183986 -0.063418
v 0.017629 0.171166 -0.034930
v 0.013012 0.174246 -0.034898
v 0.024922 0.166248 -0.060316
v 0.021645 0.175045 -0.096980
v 0.030540 0.162033 -0.096611
v 0.027168 0.151785 -0.103189
v 0.027849 0.151409 -0.109306
v 0.024237 0.170425 -0.108815
v 0.020837 0.189366 -0.107212
v 0.019894 0.189534 -0.101042
v 0.019097 0.189735 -0.095955
v 0.039622 0.150887 -0.187288
v 0.043973 0.139555 -0.184880
v 0.044618 0.136696 -0.193973
v 0.042707 0.149150 -0.211543
v 0.044842 0.156069 -0.212676
v 0.042544 0.155956 -0.196000
v 0.046252 0.162792 -0.200073
v 0.044887 0.169364 -0.202505
v 0.041540 0.167971 -0.185533
v 0.043080 0.162427 -0.176478
v 0.040163 0.172276 -0.173844
v 0.038959 0.153925 -0.171155
v 0.040524 0.153672 -0.179082
v 0.040269 0.144171 -0.165655
v 0.036350 0.142827 -0.160359
v 0.038699 0.132382 -0.162059
v 0.047958 0.132366 -0.172448
v 0.045268 0.144025 -0.170788
v 0.051773 0.168130 -0.236305
v 0.040737 0.174420 -0.219970
v 0.046632 0.169564 -0.216458
v 0.048681 0.163512 -0.214002
v 0.050916 0.158303 -0.259621
v 0.047037 0.177442 -0.259620
v 0.043372 0.179551 -0.252453
v 0.041650 0.182468 -0.244287
v 0.046310 0.172515 -0.244581
v 0.040025 0.183280 -0.234062
v 0.038090 0.184352 -0.221988
v 0.053164 0.167895 -0.244153
v 0.044669 0.156662 -0.228235
v 0.040699 0.195382 -0.251454
v 0.038899 0.209944 -0.252209
v 0.041083 0.210416 -0.247852
v 0.040300 0.206766 -0.229867
v 0.038430 0.198084 -0.233214
v 0.037768 0.172087 -0.181291
v 0.032543 0.179958 -0.177750
v 0.029869 0.192746 -0.175732
v 0.028435 0.192727 -0.166102
v 0.030585 0.174205 -0.158708
v 0.033615 0.156715 -0.158921
v 0.027462 0.191905 -0.158419
v 0.042072 0.165206 -0.185719
v 0.043499 0.142735 -0.209839
v 0.003930 0.051379 -0.485057
v 0.002646 0.047823 -0.482531
v -0.003713 0.049352 -0.483755
v -0.004866 0.056548 -0.484544
v -0.001669 0.057126 -0.487109
v 0.004809 0.057841 -0.485489
v 0.045470 0.099477 -0.148139
v 0.045584 0.099378 -0.160117
v 0.043513 0.101135 -0.161615
v 0.045571 0.099412 -0.147951
v 0.045262 0.099561 -0.146288
v 0.046357 0.099224 -0.156608
v 0.046963 0.091760 -0.176444
v 0.046841 0.096930 -0.175617
v 0.038797 0.109596 -0.135783
v 0.047971 0.104113 -0.161618
v 0.046616 0.105398 -0.147671
v 0.043561 0.112643 -0.138444
v 0.038683 0.121768 -0.154803
v 0.040279 0.119288 -0.147130
v 0.042826 0.113535 -0.153347
v 0.041191 0.123803 -0.164226
v 0.045284 0.113027 -0.165889
v 0.047091 0.121429 -0.172610
v 0.051407 0.130395 -0.192763
v 0.046329 0.142665 -0.178020
v 0.048273 0.132645 -0.179062
v 0.046477 0.113173 -0.184813
v 0.047778 0.114116 -0.205529
v 0.047714 0.119736 -0.206309
v 0.050095 0.124046 -0.206804
v 0.077404 0.118081 -0.385831
v 0.074514 0.113580 -0.386164
v 0.077885 0.113495 -0.397497
v 0.074104 0.130007 -0.406496
v 0.079529 0.116664 -0.406642
v 0.080975 0.127241 -0.387668
v 0.078143 0.127755 -0.409963
v 0.074107 0.119505 -0.346890
v 0.071907 0.126779 -0.353689
v 0.074203 0.126567 -0.344794
v 0.070788 0.126878 -0.357036
v 0.078265 0.124824 -0.372359
v 0.077393 0.131480 -0.373568
v 0.076562 0.129715 -0.362703
v 0.075079 0.118348 -0.371732
v 0.068235 0.119264 -0.330790
v 0.065734 0.114585 -0.330325
v 0.071461 0.113282 -0.327810
v 0.074071 0.113206 -0.350177
v 0.076774 0.113047 -0.370637
v 0.071397 0.115109 -0.371208
v 0.059857 0.121797 -0.303372
v 0.064450 0.117774 -0.314028
v 0.068803 0.121817 -0.314092
v 0.057609 0.139610 -0.307381
v 0.057095 0.136190 -0.300610
v 0.058705 0.106382 -0.262760
v 0.056447 0.101946 -0.248281
v 0.056844 0.097860 -0.249906
v 0.058045 0.091534 -0.251542
v 0.060769 0.092646 -0.272694
v 0.056466 0.116496 -0.271409
v 0.054920 0.132836 -0.278572
v 0.053950 0.133343 -0.272392
v 0.061680 0.114558 -0.286890
v 0.056863 0.132737 -0.284018
v 0.064684 0.100208 -0.302187
v 0.066141 0.103300 -0.304062
v 0.066227 0.095211 -0.298750
v 0.106110 0.046832 -0.371480
v 0.092265 0.046836 -0.374900
v 0.097926 0.046837 -0.391208
v 0.115124 0.046834 -0.387958
v 0.116582 0.046830 -0.370371
v 0.104991 0.046837 -0.401327
v 0.080636 0.093327 -0.407906
v 0.082917 0.086480 -0.409049
v 0.083584 0.089950 -0.423266
v 0.080695 0.105285 -0.417428
v 0.080092 0.097133 -0.406711
v 0.080461 0.117331 -0.431925
v 0.079642 0.118674 -0.427132
v 0.085136 0.091893 -0.436026
v 0.083484 0.102361 -0.436849
v 0.085205 0.089269 -0.466228
v 0.088879 0.091477 -0.460966
v 0.093974 0.083958 -0.455996
v 0.107187 0.078140 -0.443716
v 0.106703 0.073485 -0.444600
v 0.093360 0.067934 -0.460486
v 0.077033 0.065302 -0.468179
v 0.076759 0.075182 -0.468256
v 0.074153 0.084316 -0.468908
v 0.103082 0.078643 -0.389159
v 0.111503 0.076398 -0.390364
v 0.107620 0.078320 -0.411525
v 0.096429 0.081230 -0.408278
v 0.095033 0.080838 -0.389230
v 0.097763 0.081349 -0.420085
v 0.079363 0.132796 -0.387353
v 0.076897 0.140022 -0.400542
v 0.077039 0.135429 -0.388731
v 0.077811 0.142413 -0.389946
v 0.071876 0.144791 -0.406998
v 0.075503 0.159345 -0.393991
v 0.070610 0.157280 -0.378858
v 0.071040 0.147783 -0.375319
v 0.066529 0.168596 -0.371560
v 0.064886 0.168679 -0.362456
v 0.065381 0.153943 -0.358435
v 0.072627 0.148083 -0.367015
v 0.073986 0.139132 -0.365569
v 0.071778 0.133693 -0.364980
v 0.070666 0.139794 -0.357392
v 0.069281 0.132121 -0.352694
v 0.066786 0.140332 -0.353943
v 0.070710 0.124353 -0.330922
v 0.064523 0.135226 -0.317545
v 0.063654 0.150752 -0.331976
v 0.064579 0.147935 -0.315733
v 0.070393 0.140406 -0.344538
v 0.071123 0.132840 -0.344081
v 0.065590 0.166921 -0.343474
v 0.061521 0.167707 -0.326329
v 0.064743 0.154556 -0.329981
v 0.058763 0.127182 -0.237290
v 0.056202 0.121113 -0.241658
v 0.055176 0.126539 -0.250593
v 0.058348 0.132864 -0.240706
v 0.050035 0.156952 -0.238793
v 0.046170 0.205866 -0.304529
v 0.049512 0.186380 -0.305591
v 0.051200 0.182890 -0.313508
v 0.053460 0.178821 -0.324767
v 0.050934 0.193109 -0.323520
v 0.052244 0.201238 -0.322624
v 0.052435 0.211521 -0.314034
v 0.060835 0.152790 -0.356532
v 0.059115 0.178406 -0.363276
v 0.057788 0.177421 -0.353321
v 0.056080 0.176957 -0.340500
v 0.062613 0.186369 -0.391976
v 0.062413 0.181046 -0.385622
v 0.066480 0.169594 -0.385583
v 0.063585 0.184263 -0.395756
v 0.064719 0.183199 -0.401443
v 0.065477 0.181922 -0.404640
v 0.039734 0.209291 -0.258437
v 0.036804 0.226697 -0.257994
v 0.033894 0.244673 -0.258164
v 0.037602 0.230582 -0.248367
v 0.037681 0.224066 -0.241842
v 0.036032 0.218858 -0.243247
v 0.049141 0.232192 -0.331544
v 0.051087 0.232828 -0.323098
v 0.047524 0.223483 -0.324958
v 0.053245 0.232262 -0.336915
v 0.045171 0.240188 -0.321483
v 0.046167 0.223813 -0.315576
v 0.044054 0.223647 -0.310989
v 0.049883 0.244831 -0.359658
v 0.047836 0.243751 -0.343714
v 0.049550 0.239941 -0.345100
v 0.052387 0.251585 -0.358810
v 0.048371 0.252007 -0.354410
v 0.051622 0.251979 -0.347651
v 0.050677 0.250509 -0.339519
v 0.048558 0.239181 -0.336815
v 0.045903 0.239586 -0.330467
v 0.039939 0.258529 -0.312760
v 0.037205 0.261048 -0.306278
v 0.040084 0.242870 -0.305267
v 0.042765 0.225345 -0.304259
v 0.028402 0.239962 -0.214243
v 0.035236 0.238038 -0.213420
v 0.034532 0.239900 -0.236128
v 0.032848 0.244112 -0.235413
v 0.029920 0.244901 -0.213323
v 0.032963 0.255355 -0.230153
v 0.034255 0.253307 -0.225347
v 0.038017 0.250726 -0.240506
v 0.033180 0.243064 -0.244155
v 0.031399 0.259983 -0.258478
v 0.031756 0.257489 -0.251009
v 0.035035 0.258996 -0.246422
v 0.033402 0.228423 -0.227221
v 0.039355 0.238114 -0.234972
v 0.035550 0.225222 -0.221660
v 0.032441 0.220181 -0.221729
v 0.037430 0.214257 -0.222299
v 0.040668 0.229712 -0.234018
v 0.036866 0.240150 -0.243330
v 0.041680 0.230631 -0.241629
v 0.039035 0.205828 -0.223482
v 0.025552 0.238656 -0.188258
v 0.027792 0.238471 -0.181088
v 0.031158 0.229284 -0.181091
v 0.031698 0.232567 -0.189829
v 0.028826 0.236858 -0.172794
v 0.026191 0.224299 -0.171600
v 0.032179 0.215662 -0.182762
v 0.027364 0.218016 -0.182036
v 0.026659 0.216887 -0.170795
v 0.033855 0.210534 -0.176686
v 0.033315 0.251708 -0.213421
v 0.036591 0.229960 -0.210838
v 0.032318 0.223638 -0.210501
v 0.058121 0.210870 -0.352056
v 0.058677 0.211320 -0.358141
v 0.054716 0.216990 -0.366378
v 0.053278 0.223142 -0.363981
v 0.057636 0.232330 -0.362957
v 0.053860 0.239914 -0.365707
v 0.051823 0.243952 -0.366798
v 0.053925 0.214255 -0.324838
v 0.052111 0.198652 -0.338179
v 0.057218 0.205056 -0.337642
v 0.058336 0.231475 -0.369774
v 0.054305 0.223351 -0.370406
v 0.056174 0.213562 -0.338204
v 0.062429 0.214381 -0.384083
v 0.056429 0.223634 -0.382738
v 0.056451 0.216168 -0.372226
v 0.061634 0.210650 -0.369306
v 0.060676 0.203875 -0.371233
v 0.058861 0.231110 -0.379931
v 0.052751 0.232935 -0.378830
v 0.055344 0.237813 -0.373410
v 0.060033 0.206659 -0.359460
v 0.052439 0.240065 -0.381033
v 0.051947 0.249133 -0.379660
v 0.054503 0.251984 -0.373311
v 0.054831 0.250993 -0.365779
v 0.050522 0.253514 -0.377139
v 0.058547 0.236602 -0.397936
v 0.058297 0.225036 -0.402753
v 0.058599 0.227343 -0.407592
v 0.057081 0.245569 -0.395868
v 0.056777 0.240057 -0.393357
v 0.052254 0.262273 -0.404478
v 0.056529 0.244171 -0.381848
v 0.057312 0.244829 -0.385410
v 0.057323 0.249177 -0.384326
v 0.054502 0.254370 -0.380874
v 0.053715 0.242667 -0.388375
v 0.057767 0.243723 -0.388954
v 0.059534 0.224860 -0.387879
v 0.061790 0.230373 -0.394281
v 0.061003 0.235728 -0.388653
v 0.057520 0.239291 -0.384019
v 0.055092 0.267869 -0.386428
v 0.052119 0.263533 -0.387083
v 0.054749 0.259423 -0.387037
v 0.058022 0.253892 -0.388938
v 0.049280 0.259479 -0.384717
v 0.050205 0.274728 -0.406505
v 0.054046 0.275794 -0.396520
v 0.049795 0.265450 -0.379607
v 0.053040 0.277250 -0.384100
v 0.049700 0.273446 -0.378957
v 0.049659 0.270242 -0.376861
v 0.047383 0.281711 -0.395788
v 0.049033 0.288145 -0.396706
v 0.046183 0.288571 -0.379933
v 0.048299 0.279028 -0.373923
v 0.043264 0.288729 -0.359280
v 0.040937 0.284075 -0.359367
v 0.052637 0.284752 -0.408222
v 0.054336 0.276933 -0.410894
v 0.046841 0.300622 -0.402868
v 0.049610 0.298338 -0.401743
v 0.053781 0.294759 -0.415417
v 0.049086 0.306012 -0.421622
v 0.045880 0.306837 -0.403756
v 0.055405 0.284494 -0.422411
v 0.054020 0.285835 -0.427859
v 0.055045 0.287843 -0.437631
v 0.053223 0.298141 -0.436357
v 0.052127 0.305484 -0.437508
v 0.055188 0.303376 -0.472634
v 0.049949 0.302554 -0.474548
v 0.049918 0.308692 -0.473955
v 0.054508 0.309805 -0.468261
v 0.057361 0.304143 -0.467764
v 0.049015 0.312094 -0.469810
v 0.050818 0.275389 -0.363438
v 0.045682 0.275383 -0.353496
v 0.048046 0.269799 -0.357982
v 0.051742 0.268984 -0.364487
v 0.047386 0.270464 -0.352770
v 0.052315 0.267282 -0.371626
v 0.047347 0.263741 -0.378839
v 0.051984 0.273712 -0.371808
v 0.049950 0.259529 -0.373027
v 0.053062 0.258565 -0.366110
v 0.048232 0.260159 -0.365617
v 0.047963 0.263154 -0.365915
v 0.045834 0.263379 -0.342086
v 0.045741 0.259915 -0.343737
v 0.045939 0.259731 -0.349606
v 0.048081 0.271217 -0.341247
v 0.049610 0.257700 -0.345535
v 0.045086 0.258285 -0.335535
v 0.049195 0.256409 -0.380730
v 0.035709 0.258456 -0.237536
v 0.032800 0.258426 -0.230320
v 0.032286 0.259477 -0.230527
v 0.029765 0.259818 -0.233171
v 0.032376 0.258078 -0.214505
v 0.026608 0.260255 -0.215860
v 0.031660 0.271647 -0.225694
v 0.031021 0.272128 -0.216819
v 0.031108 0.266497 -0.216120
v 0.027758 0.268892 -0.230585
v 0.026696 0.263227 -0.216756
v 0.027532 0.260155 -0.203109
v 0.023060 0.260377 -0.202892
v 0.029816 0.253084 -0.192982
v 0.030552 0.255368 -0.202849
v 0.030428 0.247996 -0.196035
v 0.026759 0.244077 -0.195795
v 0.031787 0.263545 -0.244835
v 0.031474 0.278964 -0.242108
v 0.034740 0.270568 -0.239460
v 0.030013 0.272922 -0.259356
v 0.029481 0.277905 -0.219650
v 0.031599 0.264485 -0.234991
v 0.028126 0.295659 -0.270218
v 0.030736 0.281922 -0.273599
v 0.031663 0.281927 -0.280953
v 0.032467 0.301429 -0.310529
v 0.031196 0.307840 -0.309416
v 0.027785 0.306129 -0.284029
v 0.032483 0.294666 -0.291800
v 0.034453 0.297807 -0.310970
v 0.033048 0.281837 -0.285585
v 0.040925 0.277249 -0.314568
v 0.039828 0.269282 -0.311793
v 0.044676 0.266408 -0.319137
v 0.043375 0.264321 -0.330986
v 0.044840 0.272519 -0.329247
v 0.041742 0.278403 -0.326044
v 0.040068 0.280814 -0.340497
v 0.044973 0.277939 -0.340435
v 0.037676 0.285940 -0.338977
v 0.044181 0.259385 -0.320529
v 0.020787 0.305387 -0.233941
v 0.022032 0.299485 -0.232504
v 0.027985 0.299388 -0.253536
v 0.024500 0.311519 -0.283864
v 0.023302 0.311006 -0.259992
v 0.030998 0.294250 -0.264652
v 0.019685 0.311534 -0.235046
v 0.008497 0.306001 -0.150474
v 0.004673 0.305115 -0.124570
v 0.007454 0.287838 -0.124054
v 0.009527 0.288468 -0.135404
v 0.013780 0.288595 -0.140495
v 0.015343 0.298142 -0.153682
v 0.025096 0.270922 -0.179393
v 0.023446 0.267939 -0.183793
v 0.018846 0.279332 -0.188135
v 0.014228 0.281796 -0.168601
v 0.019544 0.279047 -0.172006
v 0.025023 0.277153 -0.207126
v 0.020072 0.287625 -0.208769
v 0.018334 0.288499 -0.184385
v 0.016385 0.284403 -0.187306
v 0.022551 0.284987 -0.229663
v 0.013125 0.286984 -0.166907
v 0.012377 0.284306 -0.152315
v 0.013537 0.269707 -0.151751
v 0.015153 0.267160 -0.158702
v 0.018346 0.263720 -0.166041
v 0.018365 0.273673 -0.165626
v 0.027746 0.283406 -0.256253
v 0.026964 0.288335 -0.246054
v 0.025379 0.282663 -0.244226
v 0.024581 0.262578 -0.229004
v 0.023224 0.262261 -0.216902
v 0.024849 0.261804 -0.229894
v 0.024288 0.261269 -0.229674
v 0.024797 0.260258 -0.230002
v 0.026556 0.263571 -0.231112
v 0.027002 0.263134 -0.230341
v 0.031175 0.260117 -0.239058
v 0.021027 0.260120 -0.184421
v 0.020147 0.261241 -0.179536
v 0.027780 0.255339 -0.177817
v 0.026677 0.246339 -0.180402
v 0.023514 0.264185 -0.191861
v 0.021712 0.266475 -0.186777
v 0.024864 0.262958 -0.203833
v 0.028519 0.239477 -0.193780
v 0.033355 0.225952 -0.199069
v 0.034461 0.234495 -0.201520
v 0.028732 0.220505 -0.197555
v 0.024978 0.229001 -0.166407
v 0.021672 0.227485 -0.158993
v 0.024405 0.210116 -0.158126
v 0.033374 0.202962 -0.175664
v 0.026597 0.254983 -0.171454
v 0.020621 0.253851 -0.166830
v 0.022809 0.209469 -0.110459
v 0.019244 0.226829 -0.110894
v 0.014534 0.225899 -0.106891
v 0.013661 0.226910 -0.100761
v 0.015806 0.215760 -0.097161
v 0.020449 0.211581 -0.093271
v 0.018325 0.204816 -0.096426
v 0.025988 0.190411 -0.110181
v 0.013724 0.219336 -0.092351
v 0.013370 0.222189 -0.085679
v 0.017485 0.216148 -0.085284
v 0.021551 0.209624 -0.087713
v 0.006962 0.197016 -0.024962
v 0.013254 0.211743 -0.030153
v 0.006292 0.216810 -0.028069
v 0.006189 0.223416 -0.030453
v 0.007902 0.225461 -0.022234
v -0.000338 0.237565 -0.017547
v -0.002159 0.237209 -0.009288
v 0.001130 0.217847 -0.010883
v 0.005869 0.216934 -0.034469
v 0.012409 0.230519 -0.045477
v 0.013911 0.230111 -0.056571
v 0.011787 0.238808 -0.055001
v 0.008897 0.239655 -0.046583
v 0.008253 0.233253 -0.040727
v 0.009196 0.240719 -0.054157
v 0.007327 0.240636 -0.055029
v 0.007865 0.241493 -0.061864
v 0.008681 0.246016 -0.072789
v 0.011666 0.245845 -0.068494
v 0.015536 0.248322 -0.087587
v 0.011120 0.258027 -0.089264
v 0.011261 0.257321 -0.082330
v 0.009676 0.256990 -0.077520
v 0.010684 0.262823 -0.083393
v 0.010222 0.273832 -0.082295
v 0.011740 0.265880 -0.091293
v 0.006682 0.270388 -0.096506
v 0.007946 0.273562 -0.068227
v 0.009190 0.241245 -0.054447
v 0.008481 0.241369 -0.054413
v 0.007887 0.241090 -0.055292
v 0.005637 0.224463 -0.037175
v 0.008403 0.266521 -0.063281
v 0.007710 0.258852 -0.059376
v 0.007284 0.257485 -0.070399
v 0.001604 0.286725 -0.093853
v -0.000968 0.284773 -0.075300
v 0.004503 0.257185 -0.034510
v 0.004943 0.255331 -0.023700
v 0.004176 0.242495 -0.027032
v 0.002439 0.258127 -0.045200
v 0.008075 0.223946 -0.044443
v 0.008191 0.241552 -0.054152
v 0.015227 0.212127 -0.048343
v 0.010039 0.216978 -0.058072
v 0.010225 0.223127 -0.057693
v 0.010921 0.195757 -0.049218
v 0.015700 0.203267 -0.048997
v 0.010481 0.183898 -0.035719
v 0.012307 0.185005 -0.048350
v 0.007005 0.240732 -0.061734
v 0.007582 0.252356 -0.075582
v 0.008253 0.240507 -0.061608
v 0.008562 0.239699 -0.071830
v 0.010453 0.251154 -0.071366
v 0.011530 0.250651 -0.064195
v 0.006132 0.287248 -0.106432
v 0.005480 0.275417 -0.104971
v 0.007560 0.279024 -0.111802
v 0.010834 0.295583 -0.112282
v 0.011869 0.287347 -0.119506
v 0.001029 0.304365 -0.100733
v 0.001485 0.298814 -0.099219
v 0.007727 0.298223 -0.097557
v -0.014206 0.311730 -0.481506
v -0.008336 0.312322 -0.480364
v -0.007225 0.311495 -0.486467
v -0.012864 0.306508 -0.487987
v -0.014718 0.306449 -0.481807
v -0.006805 0.306699 -0.488753
v -0.011779 0.181323 0.248714
v -0.009774 0.180368 0.236161
v -0.008216 0.196430 0.237847
v 0.006747 0.086757 0.153174
v -0.009679 0.181813 0.226684
v -0.009572 0.198140 0.227132
v -0.011670 0.182552 0.219095
v -0.013300 0.198142 0.219619
v -0.013063 0.181559 0.212241
v -0.014862 0.198027 0.211667
v -0.017360 0.214377 0.211053
v -0.023427 0.214167 0.209244
v -0.026089 0.231543 0.208982
v -0.020400 0.231384 0.211156
v -0.020897 0.197258 0.209626
v -0.027116 0.196337 0.208438
v -0.029892 0.213976 0.207906
v -0.018701 0.180634 0.210070
v -0.024689 0.179627 0.208754
v -0.026610 0.179398 0.204252
v -0.029008 0.196036 0.203978
v -0.017108 0.165013 0.211152
v -0.017297 0.156242 0.219280
v -0.012225 0.160435 0.232865
v -0.017301 0.155598 0.230707
v -0.014120 0.162491 0.246955
v -0.016796 0.155716 0.245925
v -0.023288 0.154391 0.244493
v -0.017863 0.156608 0.266216
v -0.024082 0.154641 0.264744
v -0.030702 0.153876 0.263185
v -0.031891 0.148980 0.262665
v -0.026126 0.154912 0.284089
v -0.033101 0.153887 0.283109
v -0.035767 0.149319 0.283211
v -0.031837 0.145200 0.284368
v -0.026950 0.145669 0.263620
v -0.035303 0.153902 0.301083
v -0.028785 0.155159 0.301381
v -0.030243 0.154938 0.318879
v -0.037076 0.154124 0.318119
v -0.031919 0.155405 0.335437
v -0.038160 0.154306 0.333655
v -0.033173 0.156022 0.349392
v -0.039276 0.154489 0.347136
v -0.044781 0.153510 0.344683
v -0.040340 0.154509 0.359580
v -0.046157 0.153949 0.357593
v -0.041394 0.154655 0.373396
v -0.047729 0.153812 0.371042
v -0.049701 0.148830 0.369803
v -0.044209 0.145101 0.370026
v -0.049137 0.154095 0.387733
v -0.052633 0.149634 0.386878
v -0.048354 0.145159 0.387291
v -0.041239 0.142827 0.388221
v -0.055833 0.150895 0.404632
v -0.052911 0.144868 0.405674
v -0.045605 0.143657 0.407353
v -0.045687 0.136618 0.407534
v -0.043490 0.136349 0.387482
v -0.058188 0.147275 0.420471
v -0.049779 0.144259 0.422729
v -0.047289 0.136820 0.424218
v -0.051546 0.131537 0.406350
v -0.053514 0.144410 0.433272
v -0.047747 0.136249 0.435199
v -0.058223 0.144512 0.440059
v -0.051784 0.136196 0.442711
v -0.062605 0.148173 0.447307
v -0.059147 0.137444 0.446961
v -0.061891 0.154134 0.453709
v -0.063266 0.143894 0.454152
v -0.058407 0.154127 0.448362
v -0.057244 0.156151 0.455201
v -0.056847 0.160411 0.460133
v -0.056514 0.170044 0.462888
v -0.051073 0.172811 0.461789
v -0.056010 0.187399 0.463097
v -0.055673 0.209156 0.461835
v -0.062485 0.207655 0.462502
v -0.063855 0.231891 0.462161
v -0.071246 0.231130 0.461383
v -0.069671 0.206937 0.462511
v -0.057673 0.232250 0.460449
v -0.061228 0.254833 0.458422
v -0.067274 0.254484 0.460705
v -0.057494 0.255092 0.453347
v -0.059321 0.270258 0.452836
v -0.062799 0.270395 0.458377
v -0.050949 0.255794 0.452955
v -0.053587 0.270437 0.452869
v -0.049117 0.255489 0.447141
v -0.049904 0.270552 0.448547
v -0.053439 0.255308 0.441001
v -0.054657 0.270425 0.441682
v -0.053798 0.255495 0.431692
v -0.055029 0.270700 0.432333
v -0.053435 0.280554 0.433084
v -0.053046 0.271337 0.419293
v -0.051411 0.280679 0.420208
v -0.047448 0.286971 0.421517
v -0.049581 0.286781 0.434530
v -0.049990 0.291185 0.421677
v -0.052931 0.291140 0.434866
v -0.055718 0.291380 0.421162
v -0.058572 0.292169 0.433793
v -0.057572 0.297060 0.421403
v -0.059700 0.297779 0.434333
v -0.058810 0.303514 0.421898
v -0.060995 0.304064 0.434842
v -0.062122 0.304203 0.444939
v -0.064639 0.308078 0.434874
v -0.066519 0.307959 0.444984
v -0.070358 0.308292 0.434460
v -0.072031 0.308129 0.444333
v -0.073767 0.306864 0.451599
v -0.077844 0.308078 0.443579
v -0.079354 0.307140 0.450666
v -0.084738 0.310247 0.442985
v -0.085590 0.309776 0.450400
v -0.095199 0.312231 0.442279
v -0.095436 0.312235 0.449778
v -0.108043 0.312364 0.440509
v -0.108709 0.312328 0.447851
v -0.109256 0.312092 0.454424
v -0.119898 0.312347 0.445646
v -0.120780 0.312184 0.452090
v -0.120914 0.307029 0.454510
v -0.109143 0.307109 0.457233
v -0.120597 0.300301 0.454641
v -0.108851 0.300202 0.457383
v -0.120505 0.293404 0.454654
v -0.109007 0.292974 0.457345
v -0.120320 0.283825 0.454659
v -0.108846 0.283347 0.457355
v -0.095408 0.282460 0.460538
v -0.107945 0.270797 0.457535
v -0.094145 0.270353 0.460845
v -0.083248 0.270129 0.462758
v -0.084880 0.281781 0.461800
v -0.076045 0.270183 0.461109
v -0.077189 0.281690 0.460739
v -0.068922 0.270310 0.460723
v -0.069813 0.281410 0.460715
v -0.070324 0.290140 0.460423
v -0.074191 0.253863 0.461089
v -0.081398 0.253466 0.462595
v -0.078568 0.230414 0.463261
v -0.092255 0.252900 0.461277
v -0.089494 0.229315 0.461994
v -0.086582 0.204842 0.462681
v -0.076504 0.206312 0.464218
v -0.084298 0.180072 0.463304
v -0.100219 0.203135 0.459236
v -0.097246 0.178439 0.459925
v -0.095109 0.153701 0.460421
v -0.083421 0.155316 0.463496
v -0.094118 0.128792 0.460644
v -0.082985 0.129921 0.463555
v -0.094218 0.105676 0.460586
v -0.081971 0.107199 0.463786
v -0.072169 0.108760 0.466321
v -0.081092 0.089978 0.463991
v -0.064243 0.110217 0.468272
v -0.058377 0.096744 0.464479
v -0.060336 0.110646 0.463957
v -0.057381 0.096989 0.458401
v -0.057136 0.087440 0.464520
v -0.056101 0.087610 0.459326
v -0.054627 0.086980 0.453155
v -0.056087 0.096248 0.451506
v -0.053176 0.087170 0.446048
v -0.045613 0.082920 0.448713
v -0.043977 0.082852 0.439920
v -0.051688 0.086691 0.437812
v -0.046763 0.082875 0.455953
v -0.036788 0.079794 0.459661
v -0.035903 0.079896 0.452205
v -0.047685 0.082814 0.461989
v -0.037550 0.079716 0.465748
v -0.026285 0.076263 0.470284
v -0.025857 0.076447 0.463991
v -0.049171 0.082903 0.467322
v -0.038391 0.079660 0.471802
v -0.026809 0.076070 0.476554
v -0.017347 0.073122 0.480054
v -0.016655 0.073284 0.474148
v -0.039192 0.077051 0.476055
v -0.027360 0.073294 0.480029
v -0.018090 0.070163 0.483058
v -0.027739 0.067202 0.479922
v -0.018702 0.064590 0.482794
v -0.011586 0.062542 0.484945
v -0.010955 0.067820 0.485216
v -0.010098 0.070871 0.482692
v -0.004273 0.068952 0.484971
v -0.003537 0.069217 0.479020
v -0.009317 0.071015 0.477013
v -0.005134 0.065692 0.487002
v -0.005638 0.060808 0.486695
v -0.000330 0.059173 0.488155
v -0.005880 0.056184 0.486427
v -0.000658 0.055045 0.487768
v 0.005218 0.057556 0.488029
v 0.006273 0.056937 0.482513
v 0.007563 0.056252 0.475333
v 0.007499 0.061189 0.474906
v 0.008892 0.055950 0.467486
v 0.008820 0.061301 0.467025
v 0.006854 0.065890 0.466279
v 0.006141 0.065646 0.474357
v 0.002169 0.068147 0.465137
v 0.001876 0.067865 0.473391
v -0.002945 0.069793 0.463779
v -0.003138 0.069464 0.472095
v -0.008734 0.071576 0.462137
v -0.008863 0.071225 0.470334
v -0.016088 0.073824 0.459788
v -0.016161 0.073463 0.467771
v -0.025701 0.076773 0.456182
v -0.016521 0.074470 0.448760
v -0.025999 0.077366 0.445474
v -0.035247 0.080169 0.442480
v -0.025754 0.077937 0.431955
v -0.034354 0.080520 0.429588
v -0.042469 0.083013 0.427540
v -0.032722 0.080963 0.410126
v -0.040365 0.083294 0.408405
v -0.046918 0.086822 0.406855
v -0.049613 0.086701 0.425773
v -0.048101 0.094016 0.406511
v -0.051100 0.094007 0.424884
v -0.047922 0.101615 0.406961
v -0.044608 0.095384 0.383901
v -0.045661 0.103152 0.384088
v -0.043010 0.108265 0.384486
v -0.044624 0.108122 0.407740
v -0.038669 0.111868 0.384458
v -0.042203 0.113511 0.408008
v -0.042584 0.117091 0.383783
v -0.047264 0.117334 0.407032
v -0.047383 0.123156 0.385159
v -0.050984 0.123956 0.406257
v -0.048470 0.131084 0.385965
v -0.040517 0.094967 0.359217
v -0.039754 0.087932 0.360379
v -0.035970 0.087326 0.337134
v -0.036738 0.094362 0.336395
v -0.043501 0.087910 0.384071
v -0.037940 0.083715 0.385394
v -0.034668 0.083809 0.361654
v -0.027489 0.081623 0.363175
v -0.023649 0.081579 0.339780
v -0.030725 0.083728 0.338390
v -0.030482 0.081409 0.387026
v -0.022568 0.079048 0.388732
v -0.019720 0.079321 0.364800
v -0.024600 0.078542 0.412057
v -0.015685 0.075863 0.414200
v -0.013699 0.076398 0.390624
v -0.016625 0.075169 0.434609
v -0.008305 0.072630 0.437026
v -0.006883 0.073202 0.416233
v -0.008749 0.072078 0.451530
v -0.002764 0.070231 0.453410
v -0.001894 0.070649 0.438933
v 0.003692 0.068879 0.440421
v 0.006262 0.069226 0.419246
v 0.000437 0.070985 0.417906
v 0.002594 0.068507 0.454943
v 0.007610 0.066458 0.456324
v 0.009032 0.066810 0.441737
v 0.012586 0.062496 0.442668
v 0.016260 0.063862 0.421741
v 0.012158 0.067503 0.420682
v 0.010300 0.061757 0.457222
v 0.010525 0.056132 0.457571
v 0.012922 0.056832 0.443025
v 0.012958 0.050931 0.443319
v 0.016286 0.051698 0.422300
v 0.016398 0.058025 0.421987
v 0.010458 0.050384 0.457872
v 0.007958 0.046765 0.457641
v 0.010605 0.047040 0.443252
v 0.008798 0.050255 0.467814
v 0.006350 0.046819 0.467634
v 0.000656 0.046830 0.466734
v 0.002409 0.046817 0.456859
v -0.003559 0.046824 0.455990
v -0.000939 0.046832 0.442110
v 0.005007 0.046862 0.442714
v -0.005452 0.046830 0.465727
v -0.012366 0.046827 0.464433
v -0.009959 0.046824 0.454952
v -0.007297 0.046842 0.472958
v -0.014372 0.046827 0.471093
v -0.022707 0.046819 0.469035
v -0.020620 0.046824 0.462677
v -0.009350 0.046840 0.478957
v -0.016457 0.046818 0.477360
v -0.025038 0.046800 0.475433
v -0.035983 0.046763 0.472652
v -0.033321 0.046813 0.466391
v -0.018373 0.047823 0.482621
v -0.026954 0.048807 0.480024
v -0.037987 0.049987 0.476308
v -0.052429 0.051481 0.471673
v -0.050770 0.046991 0.468783
v -0.027458 0.054683 0.479923
v -0.038864 0.056701 0.476200
v -0.053106 0.059044 0.471632
v -0.068049 0.060030 0.467364
v -0.068251 0.052181 0.467230
v -0.039394 0.063582 0.476083
v -0.053117 0.067064 0.471676
v -0.067553 0.068289 0.467533
v -0.083984 0.067012 0.463195
v -0.084993 0.059548 0.462918
v -0.082277 0.076663 0.463661
v -0.096106 0.087769 0.460053
v -0.098462 0.075025 0.459402
v -0.099869 0.065786 0.459009
v -0.109984 0.074378 0.456375
v -0.110820 0.065258 0.456129
v -0.111481 0.058506 0.455930
v -0.100732 0.058900 0.458761
v -0.111973 0.051736 0.455773
v -0.101381 0.051863 0.458546
v -0.085713 0.052096 0.462717
v -0.101422 0.046557 0.456665
v -0.085802 0.046707 0.460638
v -0.067773 0.046752 0.464785
v -0.084777 0.046638 0.454404
v -0.066228 0.046776 0.458594
v -0.048163 0.046841 0.462692
v -0.064443 0.046777 0.452030
v -0.045469 0.046823 0.456356
v -0.030858 0.046822 0.460117
v -0.042420 0.046819 0.448272
v -0.027885 0.046822 0.451398
v -0.017949 0.046823 0.453375
v -0.024279 0.046821 0.438489
v -0.014587 0.046822 0.440130
v -0.007109 0.046825 0.441269
v -0.010601 0.046822 0.420679
v -0.003027 0.046820 0.421197
v 0.003005 0.046809 0.421565
v 0.001396 0.046829 0.397333
v 0.007520 0.046841 0.397766
v 0.013370 0.046872 0.398189
v 0.009032 0.046768 0.421969
v 0.018803 0.047077 0.398542
v 0.014338 0.046642 0.422354
v 0.020229 0.052710 0.398463
v 0.022395 0.048477 0.374534
v 0.023995 0.053774 0.374468
v 0.024173 0.060053 0.374169
v 0.020316 0.059061 0.398232
v 0.023690 0.065763 0.373781
v 0.020480 0.064639 0.397954
v 0.018405 0.067759 0.372652
v 0.015452 0.067438 0.396871
v 0.012676 0.069566 0.371445
v 0.009369 0.069393 0.395575
v 0.006780 0.071373 0.370196
v 0.003521 0.071192 0.394286
v -0.001589 0.073906 0.368495
v -0.004558 0.073643 0.392563
v -0.010832 0.076680 0.366625
v 0.001621 0.074076 0.344675
v -0.007559 0.076817 0.342887
v -0.016164 0.079363 0.341220
v -0.003490 0.076708 0.319298
v -0.011696 0.079117 0.317986
v -0.018996 0.081263 0.316907
v -0.006611 0.078752 0.293542
v -0.013789 0.080871 0.292428
v -0.020274 0.082847 0.291482
v -0.025758 0.083283 0.316008
v -0.026162 0.085286 0.290676
v -0.031692 0.085450 0.315458
v -0.028922 0.090209 0.291051
v -0.033171 0.092319 0.315750
v -0.029425 0.096532 0.291640
v -0.033854 0.099557 0.316154
v -0.024309 0.089207 0.264228
v -0.025040 0.095416 0.264090
v -0.025028 0.101962 0.264260
v -0.021074 0.094021 0.241072
v -0.021615 0.101229 0.241659
v -0.018318 0.092571 0.224869
v -0.019180 0.098911 0.226347
v -0.017546 0.086710 0.223718
v -0.013730 0.085798 0.211539
v -0.020384 0.087772 0.240844
v -0.016207 0.084156 0.241208
v -0.011899 0.083739 0.223694
v -0.021148 0.084499 0.264992
v -0.015157 0.082572 0.266015
v -0.009986 0.082223 0.241916
v -0.003497 0.080264 0.242742
v 0.001059 0.079843 0.223869
v -0.005523 0.081780 0.223877
v -0.008699 0.080604 0.267062
v -0.001463 0.078440 0.268295
v 0.003776 0.078084 0.243675
v 0.012084 0.075601 0.244838
v 0.016491 0.075327 0.223350
v 0.008317 0.077711 0.223807
v 0.006831 0.075978 0.269768
v 0.015558 0.073411 0.271373
v 0.020414 0.073148 0.246087
v 0.001590 0.076343 0.294890
v 0.010447 0.073738 0.296446
v 0.018587 0.071334 0.297980
v 0.023295 0.071153 0.272838
v 0.005466 0.074056 0.320845
v 0.013550 0.071631 0.322354
v 0.019587 0.069783 0.323545
v 0.024485 0.069572 0.299187
v 0.009839 0.071594 0.346259
v 0.015942 0.069722 0.347458
v 0.021651 0.067894 0.348554
v 0.025330 0.067901 0.324691
v 0.030236 0.065258 0.325719
v 0.035259 0.066001 0.301310
v 0.030098 0.067854 0.300325
v 0.026942 0.065785 0.349438
v 0.028090 0.059983 0.349978
v 0.031868 0.059728 0.326138
v 0.031925 0.053730 0.326291
v 0.036128 0.054107 0.301613
v 0.036194 0.060254 0.301560
v 0.027928 0.053745 0.350495
v 0.027508 0.048314 0.350863
v 0.031866 0.048439 0.326445
v 0.027099 0.046877 0.325812
v 0.031578 0.046893 0.301134
v 0.036068 0.048652 0.301731
v 0.022159 0.046810 0.350145
v 0.015922 0.046831 0.349209
v 0.020830 0.046836 0.324925
v 0.017101 0.046996 0.374029
v 0.011152 0.046868 0.373423
v 0.005232 0.046840 0.372836
v 0.009974 0.046835 0.348394
v 0.002432 0.046835 0.347369
v 0.007109 0.046835 0.322967
v 0.014769 0.046834 0.324067
v -0.002176 0.046832 0.372006
v -0.011508 0.046830 0.370933
v -0.006939 0.046834 0.346130
v -0.006366 0.046825 0.396665
v -0.015768 0.046823 0.395766
v -0.029323 0.046820 0.394315
v -0.024715 0.046827 0.369328
v -0.020153 0.046821 0.419754
v -0.034232 0.046819 0.417975
v -0.054673 0.046792 0.414832
v -0.049631 0.046800 0.391826
v -0.038575 0.046819 0.435709
v -0.058851 0.046787 0.431561
v -0.079561 0.046660 0.427347
v -0.076363 0.046674 0.411341
v -0.062111 0.046780 0.443658
v -0.081954 0.046646 0.439325
v -0.096740 0.046528 0.436156
v -0.094422 0.046544 0.424586
v -0.083523 0.046637 0.447582
v -0.098610 0.046513 0.444130
v -0.109225 0.046477 0.441856
v -0.107630 0.046484 0.434002
v -0.100130 0.046506 0.450753
v -0.110697 0.046484 0.448259
v -0.118730 0.046493 0.446512
v -0.117673 0.046483 0.440326
v -0.111915 0.046626 0.454064
v -0.119673 0.046571 0.452141
v -0.125839 0.046571 0.450686
v -0.124783 0.046545 0.445375
v -0.119771 0.051639 0.453715
v -0.126129 0.051673 0.452042
v -0.126094 0.057987 0.452119
v -0.131675 0.057931 0.450595
v -0.119570 0.058208 0.453819
v -0.119529 0.064965 0.453862
v -0.126008 0.064867 0.452184
v -0.126008 0.073569 0.452228
v -0.132140 0.073082 0.450628
v -0.131974 0.064670 0.450581
v -0.119266 0.073962 0.453965
v -0.118866 0.085611 0.454114
v -0.126089 0.085048 0.452263
v -0.108867 0.086411 0.456706
v -0.107368 0.104207 0.457156
v -0.118452 0.103403 0.454298
v -0.118483 0.126831 0.454388
v -0.126535 0.126398 0.452356
v -0.126096 0.103035 0.452345
v -0.107040 0.127608 0.457299
v -0.108205 0.152361 0.457038
v -0.119696 0.151520 0.454172
v -0.121549 0.176424 0.453834
v -0.129000 0.176079 0.452042
v -0.127482 0.151119 0.452262
v -0.110434 0.177163 0.456563
v -0.113139 0.202012 0.456008
v -0.123536 0.201407 0.453503
v -0.125305 0.227173 0.453240
v -0.131899 0.227104 0.451715
v -0.130555 0.201142 0.451838
v -0.115804 0.227487 0.455487
v -0.118143 0.252355 0.455043
v -0.127066 0.252174 0.452964
v -0.103456 0.228162 0.458509
v -0.106247 0.252489 0.457895
v -0.119621 0.271164 0.454769
v -0.128946 0.283905 0.452694
v -0.128266 0.271280 0.452788
v -0.135231 0.283871 0.451271
v -0.134639 0.271254 0.451327
v -0.133452 0.251998 0.451483
v -0.141063 0.271092 0.449799
v -0.139918 0.251811 0.449922
v -0.138473 0.227074 0.450228
v -0.144806 0.251727 0.446804
v -0.143690 0.227095 0.447763
v -0.142580 0.200819 0.448623
v -0.136978 0.200964 0.450285
v -0.141120 0.175641 0.448951
v -0.135482 0.175829 0.450472
v -0.139958 0.150592 0.449172
v -0.134106 0.150834 0.450639
v -0.139098 0.125744 0.448935
v -0.133170 0.126064 0.450663
v -0.138444 0.102510 0.449097
v -0.132674 0.102757 0.450659
v -0.138009 0.084367 0.449182
v -0.132410 0.084687 0.450647
v -0.137655 0.072653 0.448723
v -0.138376 0.084418 0.442964
v -0.137898 0.072789 0.442667
v -0.137436 0.064508 0.442432
v -0.137100 0.064348 0.448029
v -0.137114 0.058048 0.442655
v -0.136247 0.057881 0.448085
v -0.136662 0.064628 0.436273
v -0.136411 0.058292 0.436547
v -0.136138 0.052697 0.436963
v -0.135396 0.058655 0.429272
v -0.135035 0.052828 0.429483
v -0.133334 0.047743 0.429922
v -0.134210 0.048014 0.437569
v -0.127993 0.046612 0.430830
v -0.129146 0.046671 0.438395
v -0.122231 0.046513 0.431641
v -0.123617 0.046516 0.439366
v -0.116195 0.046483 0.432583
v -0.120542 0.046510 0.421065
v -0.114507 0.046485 0.421651
v -0.105701 0.046491 0.422778
v -0.112482 0.046489 0.406186
v -0.103395 0.046496 0.407362
v -0.091795 0.046551 0.408976
v -0.100164 0.046501 0.385169
v -0.088281 0.046562 0.386754
v -0.072279 0.046690 0.388842
v -0.084348 0.046569 0.361737
v -0.067885 0.046702 0.363746
v -0.044693 0.046806 0.366758
v -0.063535 0.046710 0.338718
v -0.039991 0.046809 0.341793
v -0.020153 0.046831 0.344414
v -0.035347 0.046809 0.317135
v -0.015565 0.046831 0.319824
v -0.002375 0.046835 0.321630
v -0.010958 0.046831 0.295295
v 0.002137 0.046835 0.297077
v 0.011827 0.046836 0.298411
v 0.006567 0.046834 0.272373
v 0.016257 0.046837 0.273627
v 0.023898 0.046846 0.274609
v 0.019515 0.046839 0.299468
v 0.029782 0.046869 0.275341
v 0.025405 0.046851 0.300267
v 0.035936 0.046964 0.276114
v 0.033695 0.046892 0.250389
v 0.039846 0.047051 0.251016
v 0.044393 0.049373 0.251436
v 0.040254 0.048950 0.276616
v 0.044268 0.054714 0.251247
v 0.040224 0.054382 0.276455
v 0.044269 0.060779 0.251065
v 0.040285 0.060477 0.276312
v 0.043544 0.066298 0.250710
v 0.039486 0.066002 0.276033
v 0.038536 0.067892 0.249674
v 0.034477 0.067820 0.275022
v 0.033125 0.069461 0.248597
v 0.028994 0.069479 0.273952
v 0.027680 0.071036 0.247426
v 0.037102 0.069460 0.222962
v 0.031565 0.071018 0.222796
v 0.024610 0.072992 0.222868
v 0.033688 0.071215 0.204336
v 0.026743 0.073109 0.206661
v 0.018863 0.075323 0.208528
v 0.026888 0.073646 0.193852
v 0.019591 0.075675 0.196149
v 0.012536 0.077606 0.199146
v 0.011185 0.077511 0.210090
v 0.005803 0.079510 0.200725
v 0.004067 0.079559 0.211139
v -0.000383 0.081310 0.201321
v -0.002297 0.081429 0.211429
v -0.005982 0.083007 0.201605
v -0.008308 0.083290 0.211415
v -0.011276 0.085001 0.201405
v -0.004846 0.083006 0.192527
v 0.000634 0.081370 0.192551
v 0.006508 0.079679 0.191824
v 0.039639 0.069604 0.202326
v 0.044968 0.068099 0.201107
v 0.042494 0.067932 0.223457
v 0.047473 0.066412 0.224186
v 0.050134 0.066276 0.200563
v 0.052430 0.061655 0.199907
v 0.054701 0.064006 0.177495
v 0.048417 0.061150 0.225319
v 0.048381 0.055123 0.226281
v 0.052560 0.055784 0.200163
v 0.052469 0.049791 0.201427
v 0.056053 0.051443 0.177977
v 0.055982 0.058560 0.177188
v 0.048215 0.049584 0.226842
v 0.043965 0.047025 0.226467
v 0.048841 0.046853 0.201978
v 0.042470 0.046837 0.201410
v 0.046871 0.046835 0.178127
v 0.053288 0.046879 0.178487
v 0.037756 0.046864 0.225730
v 0.031794 0.046847 0.225030
v 0.036142 0.046835 0.200801
v 0.027781 0.046852 0.249734
v 0.020358 0.046839 0.248854
v 0.024540 0.046838 0.224152
v 0.015109 0.046834 0.223028
v 0.019397 0.046832 0.199014
v 0.028857 0.046834 0.200063
v 0.010808 0.046834 0.247674
v -0.002034 0.046828 0.246050
v 0.002238 0.046827 0.221491
v -0.006377 0.046829 0.270694
v -0.026272 0.046806 0.268073
v -0.021693 0.046806 0.243504
v -0.030803 0.046807 0.292606
v -0.054859 0.046711 0.289372
v -0.050461 0.046710 0.264871
v -0.059175 0.046711 0.313967
v -0.076500 0.046583 0.311781
v -0.072389 0.046585 0.287053
v -0.080382 0.046578 0.336642
v -0.092463 0.046504 0.335246
v -0.088730 0.046508 0.310301
v -0.096314 0.046502 0.360354
v -0.105632 0.046487 0.359310
v -0.102055 0.046482 0.334213
v -0.109385 0.046495 0.383978
v -0.115396 0.046516 0.383258
v -0.111659 0.046511 0.358663
v -0.118405 0.046522 0.405495
v -0.124356 0.046677 0.404860
v -0.121466 0.046587 0.382562
v -0.126454 0.046632 0.420455
v -0.131976 0.047961 0.419763
v -0.129890 0.048080 0.404261
v -0.131523 0.053288 0.404056
v -0.128483 0.052878 0.381951
v -0.126917 0.047313 0.382101
v -0.133710 0.053125 0.419441
v -0.133989 0.059103 0.419171
v -0.131858 0.059346 0.404034
v -0.132108 0.065627 0.404039
v -0.129072 0.065489 0.382389
v -0.128790 0.059108 0.382117
v -0.134190 0.065287 0.418813
v -0.134457 0.073635 0.418514
v -0.132402 0.073576 0.404072
v -0.135649 0.064896 0.429150
v -0.135966 0.073390 0.429099
v -0.136398 0.084865 0.429184
v -0.134841 0.084882 0.418384
v -0.136968 0.073135 0.436086
v -0.137409 0.084651 0.436173
v -0.138028 0.102134 0.436162
v -0.137010 0.101901 0.429217
v -0.139019 0.102332 0.443098
v -0.139848 0.125579 0.443121
v -0.138860 0.125435 0.436222
v -0.139747 0.150517 0.436176
v -0.138767 0.150479 0.429420
v -0.137875 0.125234 0.429460
v -0.140731 0.150529 0.443108
v -0.141567 0.175678 0.442782
v -0.140618 0.175781 0.435850
v -0.141567 0.201184 0.435596
v -0.140505 0.201441 0.428301
v -0.139585 0.175892 0.428674
v -0.142572 0.200983 0.442388
v -0.143381 0.227189 0.441531
v -0.142480 0.227341 0.434995
v -0.143361 0.252267 0.434391
v -0.142307 0.252497 0.427094
v -0.141433 0.227546 0.427776
v -0.144274 0.252008 0.440974
v -0.145055 0.271094 0.441013
v -0.144109 0.271303 0.434398
v -0.145870 0.270994 0.446832
v -0.146338 0.283699 0.446940
v -0.145552 0.283759 0.441172
v -0.141582 0.283800 0.449792
v -0.141829 0.292893 0.449789
v -0.146534 0.292675 0.447112
v -0.135636 0.293160 0.451226
v -0.135926 0.300052 0.451191
v -0.142012 0.299854 0.449787
v -0.129166 0.293346 0.452686
v -0.129366 0.300152 0.452655
v -0.129324 0.306661 0.452636
v -0.135902 0.306572 0.451200
v -0.135460 0.312074 0.449404
v -0.129075 0.312166 0.450681
v -0.128091 0.312351 0.444299
v -0.134447 0.312329 0.443520
v -0.127152 0.312387 0.437339
v -0.133201 0.312372 0.436535
v -0.139111 0.312254 0.435941
v -0.131951 0.312385 0.428178
v -0.138087 0.312302 0.427584
v -0.143611 0.310985 0.427000
v -0.144358 0.311070 0.435405
v -0.144261 0.305535 0.426818
v -0.145432 0.305670 0.435108
v -0.144066 0.299411 0.426709
v -0.145264 0.299594 0.434955
v -0.146253 0.299656 0.441784
v -0.144992 0.292730 0.434809
v -0.145935 0.292651 0.441437
v -0.147100 0.299688 0.447248
v -0.144612 0.283845 0.434538
v -0.143822 0.292828 0.426709
v -0.143485 0.283999 0.426730
v -0.142989 0.271475 0.426675
v -0.141902 0.284403 0.415730
v -0.141407 0.271761 0.415725
v -0.140700 0.252855 0.415950
v -0.139242 0.272102 0.400404
v -0.138601 0.253247 0.401100
v -0.137749 0.228266 0.401982
v -0.139811 0.227849 0.416522
v -0.136874 0.202115 0.402918
v -0.138910 0.201763 0.417213
v -0.136016 0.176179 0.403782
v -0.138032 0.176026 0.417887
v -0.135125 0.150362 0.404070
v -0.137182 0.150431 0.418462
v -0.134221 0.124597 0.404119
v -0.136294 0.124943 0.418583
v -0.133397 0.101320 0.404123
v -0.135446 0.101598 0.418471
v -0.132802 0.084627 0.404113
v -0.130466 0.100974 0.383410
v -0.129834 0.084186 0.383076
v -0.129407 0.073461 0.382732
v -0.126400 0.084434 0.357906
v -0.125969 0.073446 0.357750
v -0.125636 0.065287 0.357632
v -0.122408 0.073242 0.332357
v -0.122065 0.064772 0.332363
v -0.121801 0.058580 0.332366
v -0.125352 0.059091 0.357481
v -0.121508 0.052112 0.332440
v -0.124979 0.052972 0.357303
v -0.119736 0.046492 0.332646
v -0.123102 0.047601 0.357381
v -0.114375 0.046504 0.333080
v -0.117563 0.046606 0.358008
v -0.108291 0.046487 0.333616
v -0.110827 0.046522 0.307729
v -0.104815 0.046487 0.308428
v -0.098427 0.046484 0.309157
v -0.101000 0.046489 0.283217
v -0.094665 0.046487 0.284039
v -0.084772 0.046513 0.285393
v -0.090364 0.046500 0.259427
v -0.080610 0.046516 0.260868
v -0.068092 0.046583 0.262560
v -0.076510 0.046524 0.236361
v -0.063853 0.046583 0.237996
v -0.045933 0.046710 0.240317
v -0.060006 0.046580 0.213538
v -0.041509 0.046706 0.215898
v -0.017140 0.046805 0.219064
v -0.037318 0.046707 0.191866
v -0.012740 0.046806 0.195086
v 0.006305 0.046826 0.197484
v -0.008607 0.046810 0.171546
v 0.010319 0.046826 0.174122
v 0.023129 0.046831 0.175743
v 0.014292 0.046829 0.151057
v 0.026722 0.046833 0.153031
v 0.036174 0.046836 0.154543
v 0.032572 0.046832 0.176828
v 0.043692 0.046847 0.155764
v 0.040095 0.046833 0.177585
v 0.050591 0.046904 0.156835
v 0.047862 0.046855 0.133492
v 0.054721 0.046924 0.135012
v 0.061190 0.047625 0.136606
v 0.056939 0.047570 0.157743
v 0.062426 0.054556 0.137630
v 0.059046 0.054392 0.158220
v 0.062286 0.062146 0.137466
v 0.058611 0.062841 0.157863
v 0.066397 0.053229 0.113761
v 0.066292 0.060608 0.114447
v 0.064439 0.066279 0.114222
v 0.059140 0.067373 0.134540
v 0.053998 0.067784 0.150619
v 0.058568 0.068333 0.112886
v 0.053635 0.068955 0.131222
v 0.049000 0.069534 0.145267
v 0.048196 0.070637 0.128200
v 0.044325 0.071089 0.141030
v 0.041180 0.071492 0.152717
v 0.045778 0.070146 0.156753
v 0.039888 0.072998 0.161598
v 0.045451 0.073044 0.163377
v 0.036304 0.073047 0.149028
v 0.034371 0.073687 0.159130
v 0.031381 0.074610 0.146118
v 0.029418 0.074766 0.156953
v 0.026373 0.076177 0.144285
v 0.025151 0.076007 0.155856
v 0.021838 0.077531 0.143609
v 0.021151 0.077148 0.155628
v 0.021250 0.078664 0.163354
v 0.017368 0.078220 0.155906
v 0.017947 0.079359 0.163650
v 0.018621 0.080828 0.166556
v 0.021416 0.079873 0.166106
v 0.018020 0.078794 0.167836
v 0.020359 0.077544 0.166086
v 0.014479 0.080832 0.164271
v 0.013604 0.079222 0.157444
v 0.010025 0.080144 0.159617
v 0.010601 0.082561 0.164929
v 0.017343 0.078786 0.143852
v 0.022387 0.078037 0.129944
v 0.017262 0.079533 0.129404
v 0.017097 0.080224 0.116669
v 0.022644 0.078564 0.117475
v 0.023490 0.078946 0.103911
v 0.017418 0.080783 0.103111
v 0.027648 0.076482 0.131086
v 0.028879 0.076729 0.118562
v 0.030697 0.076806 0.105044
v 0.033920 0.076605 0.088347
v 0.026203 0.078912 0.087448
v 0.035766 0.074680 0.120850
v 0.038442 0.074541 0.107148
v 0.042422 0.074179 0.089234
v 0.048195 0.073626 0.065292
v 0.039352 0.076152 0.065140
v 0.045923 0.072207 0.110264
v 0.050629 0.071824 0.089375
v 0.056332 0.071315 0.065159
v 0.061862 0.070958 0.038910
v 0.054394 0.073129 0.038329
v 0.057315 0.069885 0.089360
v 0.062748 0.069463 0.065370
v 0.068066 0.069155 0.039338
v 0.072880 0.068926 0.012635
v 0.066886 0.070739 0.012082
v 0.069314 0.067495 0.065777
v 0.074326 0.067379 0.039799
v 0.078743 0.066890 0.013225
v 0.083329 0.066321 -0.012969
v 0.077622 0.068706 -0.013784
v 0.078322 0.063482 0.039975
v 0.082280 0.062361 0.013553
v 0.086603 0.061306 -0.012518
v 0.090799 0.060654 -0.038327
v 0.088000 0.065931 -0.038757
v 0.082665 0.056099 0.013464
v 0.086864 0.055064 -0.012529
v 0.091049 0.054439 -0.038323
v 0.095187 0.053881 -0.063859
v 0.094961 0.059997 -0.063859
v 0.086908 0.049119 -0.012588
v 0.091057 0.048762 -0.038374
v 0.095240 0.048436 -0.063897
v 0.099406 0.048139 -0.089386
v 0.099374 0.053325 -0.089342
v 0.086364 0.046810 -0.039195
v 0.090129 0.046756 -0.064788
v 0.093974 0.046839 -0.090313
v 0.097325 0.046831 -0.116065
v 0.103292 0.046926 -0.115116
v 0.083704 0.046804 -0.065889
v 0.087616 0.046821 -0.091401
v 0.091219 0.046826 -0.117018
v 0.094477 0.046852 -0.142417
v 0.100377 0.046965 -0.141492
v 0.081472 0.046825 -0.092443
v 0.085184 0.046830 -0.117974
v 0.088592 0.046837 -0.143410
v 0.092769 0.046838 -0.168830
v 0.098626 0.046847 -0.167678
v 0.077195 0.046833 -0.119271
v 0.080709 0.046837 -0.144741
v 0.084839 0.046838 -0.170321
v 0.089194 0.046834 -0.195575
v 0.097242 0.046826 -0.194112
v 0.071394 0.046840 -0.146343
v 0.075473 0.046841 -0.171947
v 0.079401 0.046840 -0.197324
v 0.083293 0.046837 -0.222666
v 0.093228 0.046832 -0.220905
v 0.062081 0.046846 -0.174217
v 0.065348 0.046845 -0.199771
v 0.068724 0.046841 -0.225238
v 0.072264 0.046838 -0.250714
v 0.086991 0.046835 -0.248045
v 0.043335 0.046847 -0.203471
v 0.046874 0.046839 -0.229018
v 0.050461 0.046832 -0.254634
v 0.025329 0.046807 -0.259079
v 0.028914 0.046797 -0.284931
v 0.054088 0.046828 -0.280259
v 0.076001 0.046837 -0.276133
v 0.021857 0.046821 -0.233209
v 0.003447 0.046778 -0.236196
v 0.007010 0.046772 -0.262235
v 0.018329 0.046832 -0.207524
v -0.000161 0.046781 -0.210429
v -0.012461 0.046742 -0.212330
v -0.008657 0.046746 -0.238108
v 0.014925 0.046839 -0.181908
v -0.003633 0.046785 -0.184777
v -0.016021 0.046744 -0.186619
v -0.026112 0.046722 -0.188070
v -0.022513 0.046726 -0.213873
v -0.006993 0.046780 -0.159193
v -0.019329 0.046733 -0.161073
v -0.029258 0.046710 -0.162488
v -0.035977 0.046702 -0.163375
v -0.032741 0.046715 -0.189012
v -0.022657 0.046715 -0.135415
v -0.032428 0.046694 -0.136933
v -0.039069 0.046696 -0.137969
v -0.045239 0.046743 -0.138926
v -0.042186 0.046698 -0.164159
v -0.036108 0.046667 -0.111584
v -0.043093 0.046660 -0.112769
v -0.049330 0.046667 -0.113849
v -0.055150 0.046698 -0.114847
v -0.051000 0.047189 -0.139872
v -0.047003 0.046622 -0.087349
v -0.053256 0.046633 -0.088294
v -0.059021 0.046674 -0.089151
v -0.061409 0.050956 -0.089529
v -0.057657 0.051121 -0.115191
v -0.056889 0.046627 -0.062577
v -0.062686 0.046724 -0.063467
v -0.065084 0.051149 -0.063852
v -0.065379 0.057553 -0.063920
v -0.061678 0.057430 -0.089607
v -0.066413 0.046718 -0.038590
v -0.068704 0.051143 -0.038917
v -0.068983 0.057585 -0.038932
v -0.069254 0.064006 -0.038952
v -0.065643 0.063819 -0.063994
v -0.072286 0.051013 -0.013822
v -0.072581 0.057514 -0.013859
v -0.072857 0.063891 -0.013864
v -0.073248 0.073109 -0.013847
v -0.069634 0.073020 -0.038972
v -0.076277 0.057630 0.011868
v -0.076545 0.063963 0.011775
v -0.076914 0.073035 0.011661
v -0.077377 0.084629 0.011533
v -0.073733 0.084790 -0.013837
v -0.080235 0.064179 0.037246
v -0.080573 0.072777 0.037040
v -0.081027 0.084412 0.036794
v -0.081636 0.100434 0.036523
v -0.078001 0.100685 0.011384
v -0.084119 0.072385 0.061883
v -0.084549 0.084047 0.061651
v -0.085153 0.100328 0.061383
v -0.086074 0.124094 0.061064
v -0.082521 0.124077 0.036232
v -0.088003 0.083674 0.086197
v -0.088625 0.100250 0.085974
v -0.089560 0.124080 0.085719
v -0.090617 0.150606 0.085493
v -0.087100 0.150577 0.060806
v -0.092221 0.100201 0.110465
v -0.093172 0.124070 0.110266
v -0.094224 0.150600 0.110073
v -0.095318 0.177352 0.109914
v -0.091711 0.177350 0.085311
v -0.096672 0.124008 0.134769
v -0.097725 0.150565 0.134591
v -0.098808 0.177327 0.134449
v -0.099895 0.204119 0.134343
v -0.096427 0.204169 0.109791
v -0.101162 0.150509 0.159046
v -0.102250 0.177282 0.158923
v -0.103324 0.204058 0.158822
v -0.104392 0.230717 0.158748
v -0.100974 0.230783 0.134266
v -0.105526 0.177232 0.183399
v -0.106591 0.203996 0.183281
v -0.107670 0.230629 0.183173
v -0.108681 0.255549 0.183125
v -0.105389 0.255677 0.158719
v -0.109923 0.203934 0.207740
v -0.110973 0.230552 0.207567
v -0.112011 0.255392 0.207407
v -0.112789 0.274160 0.207316
v -0.109450 0.274328 0.183143
v -0.114449 0.230551 0.231975
v -0.115443 0.255363 0.231715
v -0.116132 0.272833 0.231538
v -0.116565 0.283972 0.231405
v -0.113219 0.284646 0.207295
v -0.118871 0.255076 0.256088
v -0.119537 0.272109 0.255805
v -0.119985 0.283750 0.255595
v -0.120310 0.292380 0.255420
v -0.116892 0.292539 0.231312
v -0.122859 0.271785 0.280102
v -0.123301 0.283554 0.279783
v -0.123623 0.292225 0.279549
v -0.123860 0.298901 0.279373
v -0.120543 0.298923 0.255253
v -0.126550 0.283415 0.304108
v -0.126865 0.292395 0.303746
v -0.127083 0.298932 0.303463
v -0.127240 0.305380 0.303201
v -0.124043 0.305212 0.279231
v -0.130113 0.292671 0.328048
v -0.130305 0.299127 0.327651
v -0.130455 0.305625 0.327264
v -0.129433 0.311294 0.327124
v -0.126075 0.311102 0.303117
v -0.133636 0.299561 0.352135
v -0.133755 0.306116 0.351525
v -0.132612 0.311974 0.351116
v -0.127252 0.312301 0.351606
v -0.123588 0.312289 0.327645
v -0.137145 0.306111 0.376057
v -0.137122 0.311651 0.375542
v -0.131374 0.312355 0.375905
v -0.125015 0.312389 0.376333
v -0.121055 0.312371 0.352152
v -0.140417 0.310975 0.398753
v -0.134703 0.312337 0.399163
v -0.128316 0.312388 0.399606
v -0.122219 0.312394 0.399945
v -0.118829 0.312394 0.376704
v -0.136501 0.312303 0.416405
v -0.130449 0.312384 0.416773
v -0.124272 0.312393 0.417081
v -0.116043 0.312388 0.417606
v -0.113668 0.312389 0.400422
v -0.125927 0.312394 0.428916
v -0.117731 0.312389 0.429946
v -0.107000 0.312374 0.431150
v -0.105397 0.312376 0.418362
v -0.118917 0.312380 0.438693
v -0.092919 0.312285 0.419238
v -0.090235 0.312258 0.401569
v -0.103029 0.312379 0.400973
v -0.094493 0.312284 0.432329
v -0.083170 0.310364 0.433223
v -0.080909 0.310314 0.420230
v -0.074067 0.308567 0.420814
v -0.070991 0.307871 0.402332
v -0.078132 0.309245 0.401985
v -0.076265 0.308250 0.433886
v -0.068189 0.308365 0.421390
v -0.062375 0.307848 0.421895
v -0.058737 0.308193 0.402956
v -0.064714 0.308269 0.402686
v -0.054982 0.308322 0.379453
v -0.060757 0.308468 0.379491
v -0.067215 0.308277 0.379447
v -0.058070 0.308322 0.356710
v -0.064659 0.308096 0.356811
v -0.071753 0.310392 0.356623
v -0.074311 0.310013 0.379463
v -0.083355 0.312307 0.355642
v -0.086784 0.312280 0.378767
v -0.095526 0.312392 0.354432
v -0.099560 0.312384 0.377988
v -0.106154 0.312394 0.353430
v -0.110232 0.312392 0.377296
v -0.114682 0.312391 0.352670
v -0.101990 0.312404 0.329886
v -0.110733 0.312393 0.328934
v -0.117263 0.312373 0.328289
v -0.107437 0.312398 0.305270
v -0.113932 0.312373 0.304493
v -0.120305 0.312273 0.303758
v -0.110871 0.312379 0.280722
v -0.117367 0.312304 0.279939
v -0.123404 0.310886 0.279244
v -0.113866 0.312269 0.255838
v -0.119597 0.311027 0.255097
v -0.120716 0.305236 0.255079
v -0.116386 0.311055 0.231297
v -0.117285 0.305240 0.231170
v -0.117119 0.298954 0.231237
v -0.113924 0.305475 0.207309
v -0.113776 0.299233 0.207301
v -0.113546 0.292892 0.207295
v -0.110482 0.299794 0.183350
v -0.110240 0.293552 0.183263
v -0.109895 0.285133 0.183187
v -0.106918 0.293768 0.158931
v -0.106575 0.285299 0.158834
v -0.106128 0.274220 0.158758
v -0.103113 0.284846 0.134145
v -0.102706 0.274361 0.134171
v -0.101965 0.255564 0.134211
v -0.099219 0.273586 0.109549
v -0.098506 0.255527 0.109621
v -0.097518 0.230921 0.109700
v -0.094958 0.255458 0.084923
v -0.093946 0.231024 0.085046
v -0.092831 0.204186 0.085168
v -0.090370 0.230974 0.060341
v -0.089269 0.204139 0.060468
v -0.088163 0.177307 0.060616
v -0.085708 0.204039 0.035707
v -0.084575 0.177229 0.035832
v -0.083507 0.150514 0.036002
v -0.080946 0.177117 0.010960
v -0.079881 0.150411 0.011067
v -0.078879 0.123964 0.011214
v -0.076254 0.150277 -0.013974
v -0.075237 0.123791 -0.013913
v -0.074368 0.100799 -0.013858
v -0.071611 0.123690 -0.039075
v -0.070756 0.100710 -0.039034
v -0.070119 0.084703 -0.038998
v -0.067114 0.100588 -0.064269
v -0.066492 0.084635 -0.064198
v -0.066018 0.072935 -0.064101
v -0.062814 0.084632 -0.089659
v -0.062326 0.072831 -0.089660
v -0.061948 0.063835 -0.089649
v -0.058672 0.072918 -0.115022
v -0.058291 0.064112 -0.115062
v -0.057999 0.057636 -0.115104
v -0.054674 0.064404 -0.140312
v -0.054379 0.058222 -0.140296
v -0.053894 0.051930 -0.140294
v -0.050819 0.058075 -0.165466
v -0.050514 0.051552 -0.165163
v -0.048053 0.046688 -0.164809
v -0.046823 0.051249 -0.191170
v -0.044844 0.046789 -0.190792
v -0.038945 0.046722 -0.189884
v -0.040795 0.046828 -0.216670
v -0.035124 0.046741 -0.215789
v -0.029041 0.046724 -0.214864
v -0.031074 0.046745 -0.241795
v -0.025027 0.046736 -0.240747
v -0.018563 0.046734 -0.239685
v -0.021209 0.046742 -0.266750
v -0.014426 0.046734 -0.265733
v -0.004876 0.046744 -0.264219
v -0.010817 0.046732 -0.291710
v -0.001254 0.046749 -0.290209
v 0.010332 0.046770 -0.288251
v 0.002299 0.046769 -0.316457
v 0.013620 0.046781 -0.314439
v 0.033081 0.046796 -0.310737
v 0.018322 0.046796 -0.340629
v 0.037960 0.046801 -0.336621
v 0.062090 0.046826 -0.331363
v 0.057886 0.046826 -0.305830
v 0.083799 0.046835 -0.326689
v 0.079847 0.046836 -0.301462
v 0.098401 0.046831 -0.323727
v 0.094535 0.046833 -0.298606
v 0.090729 0.046834 -0.273369
v 0.104597 0.046830 -0.296714
v 0.100670 0.046830 -0.271549
v 0.096977 0.046831 -0.246269
v 0.108816 0.046826 -0.270080
v 0.105081 0.046828 -0.244847
v 0.101345 0.046830 -0.219485
v 0.111170 0.046827 -0.243777
v 0.107226 0.046834 -0.218448
v 0.103082 0.046811 -0.193037
v 0.113076 0.046854 -0.217393
v 0.108939 0.046774 -0.191946
v 0.104440 0.046896 -0.166560
v 0.114568 0.046656 -0.190922
v 0.110086 0.047399 -0.165356
v 0.105568 0.047921 -0.140749
v 0.111806 0.052600 -0.165175
v 0.107605 0.053064 -0.140175
v 0.103525 0.052948 -0.114886
v 0.107670 0.059399 -0.139824
v 0.103368 0.059036 -0.114691
v 0.099211 0.059434 -0.089313
v 0.101700 0.064624 -0.114805
v 0.097443 0.065178 -0.089544
v 0.092534 0.065340 -0.064223
v 0.092061 0.068022 -0.090396
v 0.087207 0.068232 -0.065077
v 0.082413 0.068493 -0.039623
v 0.081332 0.070168 -0.066026
v 0.076476 0.070394 -0.040560
v 0.071649 0.070595 -0.014634
v 0.070151 0.072324 -0.041575
v 0.065130 0.072563 -0.015574
v 0.059832 0.072827 0.011428
v 0.056747 0.075069 -0.016832
v 0.051330 0.075320 0.010581
v 0.045766 0.075635 0.037501
v 0.043075 0.077742 0.009796
v 0.037607 0.078036 0.036599
v 0.031285 0.078528 0.064489
v 0.030357 0.080213 0.035949
v 0.024424 0.080633 0.063245
v 0.019697 0.080921 0.086282
v 0.018083 0.082648 0.061765
v 0.013888 0.082775 0.085141
v 0.011962 0.082484 0.101992
v 0.008345 0.084769 0.083943
v 0.006164 0.084420 0.100082
v 0.004995 0.089635 0.082953
v 0.002202 0.089079 0.099420
v 0.000746 0.088556 0.110198
v 0.006501 0.094301 0.083553
v 0.003447 0.094191 0.099673
v 0.001478 0.094133 0.109774
v 0.009268 0.095017 0.100883
v 0.007373 0.094916 0.110715
v 0.015220 0.096543 0.102412
v 0.013363 0.096253 0.112100
v 0.011992 0.096176 0.119308
v 0.014763 0.102983 0.112742
v 0.013450 0.102925 0.119687
v 0.012500 0.102275 0.125849
v 0.010642 0.096454 0.125693
v 0.011508 0.101622 0.132314
v 0.009067 0.096431 0.132452
v 0.010137 0.100759 0.140366
v 0.007111 0.096110 0.140883
v 0.008278 0.099828 0.150967
v 0.004763 0.095912 0.151447
v 0.006041 0.098790 0.162734
v 0.001904 0.095532 0.162675
v 0.004084 0.098335 0.172771
v -0.000195 0.095336 0.172198
v 0.003541 0.098143 0.181269
v -0.001539 0.095399 0.180769
v -0.002867 0.095777 0.188754
v -0.004238 0.097558 0.196257
v -0.006619 0.102690 0.201943
v -0.002785 0.112415 0.202845
v -0.009837 0.111817 0.203804
v -0.017018 0.111509 0.205022
v -0.012455 0.123085 0.203872
v -0.018804 0.122583 0.207077
v -0.020538 0.122800 0.214306
v -0.018672 0.111902 0.211751
v -0.020623 0.123486 0.221296
v -0.019567 0.112801 0.219655
v -0.005479 0.123844 0.203453
v -0.008466 0.137147 0.203839
v -0.004466 0.137596 0.199494
v -0.006385 0.152777 0.199768
v -0.011219 0.151718 0.203881
v -0.002340 0.124431 0.198759
v -0.001331 0.125066 0.191593
v -0.003300 0.137801 0.192572
v 0.000132 0.113822 0.196837
v 0.000492 0.115169 0.189808
v 0.001285 0.115999 0.183001
v -0.000394 0.125775 0.184451
v 0.002420 0.109488 0.181982
v 0.003609 0.110058 0.173786
v 0.002541 0.116593 0.174285
v 0.003321 0.103711 0.181392
v 0.004438 0.103994 0.173334
v 0.006156 0.104624 0.162343
v 0.005381 0.110493 0.162428
v 0.004307 0.117427 0.162516
v 0.001664 0.127009 0.162299
v 0.000664 0.126289 0.175079
v 0.000887 0.140889 0.162492
v -0.001026 0.139668 0.175676
v -0.002318 0.138482 0.185468
v -0.003123 0.154807 0.175918
v -0.004446 0.153834 0.185666
v -0.005408 0.153183 0.192770
v -0.006510 0.168735 0.185921
v -0.007507 0.168318 0.192928
v -0.008609 0.167937 0.199777
v -0.009634 0.183224 0.193392
v -0.010988 0.182857 0.199830
v -0.015542 0.181843 0.203034
v -0.013311 0.166844 0.203537
v -0.022343 0.180341 0.202191
v -0.018255 0.198135 0.202975
v -0.024699 0.196830 0.201837
v -0.020808 0.216351 0.201675
v -0.027278 0.215103 0.201414
v -0.031554 0.214153 0.203635
v -0.029574 0.233646 0.200889
v -0.034131 0.232340 0.203240
v -0.032250 0.231754 0.207731
v -0.036649 0.249739 0.202858
v -0.034738 0.249132 0.207308
v -0.028615 0.248998 0.208753
v -0.037365 0.265092 0.207105
v -0.031546 0.265144 0.208116
v -0.025716 0.265075 0.211110
v -0.023304 0.248697 0.212056
v -0.022783 0.264329 0.217036
v -0.020902 0.247905 0.217794
v -0.022604 0.263281 0.223416
v -0.021097 0.246225 0.224230
v -0.017756 0.262616 0.226095
v -0.015439 0.246566 0.226328
v -0.016990 0.261243 0.230993
v -0.015891 0.246065 0.231429
v -0.023025 0.260088 0.238896
v -0.022110 0.244101 0.239990
v -0.019409 0.231260 0.241372
v -0.013796 0.226126 0.243127
v -0.024257 0.242800 0.254589
v -0.021258 0.230973 0.255362
v -0.015649 0.225959 0.256580
v -0.022467 0.220400 0.255737
v -0.017558 0.222390 0.242948
v -0.022900 0.230385 0.269915
v -0.017308 0.224699 0.270554
v -0.024165 0.219368 0.268892
v -0.018980 0.212842 0.256205
v -0.019491 0.214309 0.243923
v -0.026012 0.241702 0.269554
v -0.026810 0.241371 0.281073
v -0.027688 0.256817 0.269369
v -0.028146 0.255852 0.280972
v -0.023717 0.255219 0.287988
v -0.022046 0.242229 0.288841
v -0.028994 0.253899 0.290114
v -0.033823 0.264847 0.293529
v -0.028441 0.268893 0.269343
v -0.025527 0.258389 0.253562
v -0.025897 0.269941 0.252580
v -0.021908 0.277863 0.252978
v -0.024751 0.277291 0.269183
v -0.023350 0.282162 0.251699
v -0.025156 0.282120 0.269273
v -0.028810 0.283309 0.249632
v -0.030044 0.289649 0.248330
v -0.030785 0.297052 0.246208
v -0.031832 0.303516 0.244816
v -0.034648 0.300464 0.267708
v -0.035243 0.307923 0.242931
v -0.036639 0.306310 0.267082
v -0.039280 0.304993 0.290781
v -0.037854 0.298460 0.291339
v -0.042298 0.304039 0.314529
v -0.041193 0.297716 0.314592
v -0.045731 0.303216 0.336639
v -0.047060 0.308219 0.313478
v -0.049744 0.307300 0.336191
v -0.051738 0.308116 0.356585
v -0.048279 0.303470 0.355758
v -0.051503 0.303707 0.378698
v -0.055224 0.303590 0.402680
v -0.054574 0.296804 0.401852
v -0.052006 0.291290 0.401429
v -0.046275 0.291721 0.401493
v -0.044143 0.287012 0.400636
v -0.048157 0.281586 0.399728
v -0.050000 0.272797 0.398574
v -0.048950 0.258031 0.397332
v -0.045905 0.260009 0.376118
v -0.052070 0.256357 0.418772
v -0.050244 0.238577 0.417130
v -0.047129 0.240138 0.396174
v -0.052179 0.237135 0.431083
v -0.048602 0.225928 0.415457
v -0.044357 0.218300 0.414303
v -0.041883 0.218332 0.395476
v -0.045971 0.226728 0.395472
v -0.039140 0.218238 0.379277
v -0.043047 0.227445 0.377423
v -0.044199 0.241110 0.376522
v -0.039771 0.228739 0.365095
v -0.040960 0.242141 0.364264
v -0.042558 0.261368 0.363314
v -0.034534 0.244158 0.358001
v -0.036262 0.263040 0.357641
v -0.033591 0.230473 0.359067
v -0.031710 0.231622 0.352755
v -0.036415 0.218490 0.366977
v -0.031253 0.213485 0.369954
v -0.033137 0.214148 0.381164
v -0.036327 0.209242 0.381810
v -0.035244 0.209254 0.371477
v -0.035946 0.214712 0.396011
v -0.037922 0.209517 0.395469
v -0.038577 0.214420 0.413485
v -0.040453 0.209363 0.410964
v -0.043085 0.209110 0.427197
v -0.056181 0.308152 0.335619
v -0.053424 0.308134 0.312487
v -0.059334 0.308285 0.311583
v -0.062389 0.308491 0.335013
v -0.065800 0.311683 0.310729
v -0.068655 0.311456 0.334309
v -0.076189 0.312456 0.309339
v -0.079632 0.312561 0.332717
v -0.087781 0.312454 0.307799
v -0.091387 0.312433 0.331124
v -0.098406 0.312420 0.306418
v -0.084892 0.312490 0.284032
v -0.095503 0.312437 0.282667
v -0.104391 0.312407 0.281528
v -0.092495 0.312456 0.258514
v -0.101238 0.312418 0.257444
v -0.107588 0.312381 0.256652
v -0.097810 0.312427 0.233393
v -0.104170 0.312385 0.232677
v -0.110521 0.312264 0.231936
v -0.100875 0.312404 0.208989
v -0.107267 0.312318 0.208193
v -0.113032 0.311090 0.207449
v -0.103943 0.312272 0.184502
v -0.109701 0.311775 0.183714
v -0.110694 0.306168 0.183465
v -0.106207 0.311788 0.159410
v -0.107383 0.306442 0.159108
v -0.107164 0.300061 0.159014
v -0.103920 0.306383 0.134197
v -0.103690 0.299872 0.134144
v -0.103446 0.293485 0.134126
v -0.100175 0.299555 0.109285
v -0.099960 0.293259 0.109372
v -0.099634 0.284389 0.109477
v -0.096472 0.292857 0.084678
v -0.096123 0.283975 0.084758
v -0.095657 0.272513 0.084824
v -0.092559 0.283948 0.060160
v -0.092082 0.272530 0.060183
v -0.091368 0.255336 0.060230
v -0.088551 0.273175 0.035475
v -0.087817 0.255242 0.035536
v -0.086815 0.230819 0.035613
v -0.084215 0.255199 0.010845
v -0.083198 0.230633 0.010854
v -0.082077 0.203902 0.010889
v -0.079579 0.230428 -0.013959
v -0.078444 0.203733 -0.014006
v -0.077318 0.176979 -0.014009
v -0.074804 0.203548 -0.039008
v -0.073651 0.176830 -0.039073
v -0.072588 0.150127 -0.039090
v -0.069984 0.176685 -0.064265
v -0.068917 0.149982 -0.064307
v -0.067955 0.123569 -0.064308
v -0.065223 0.149853 -0.089637
v -0.064273 0.123343 -0.089652
v -0.063443 0.100541 -0.089651
v -0.060613 0.123165 -0.115045
v -0.059786 0.100522 -0.115010
v -0.059165 0.084695 -0.114991
v -0.056132 0.100333 -0.140490
v -0.055517 0.084676 -0.140407
v -0.055050 0.073237 -0.140350
v -0.051854 0.084409 -0.166004
v -0.051413 0.073296 -0.165873
v -0.051061 0.064286 -0.165679
v -0.047770 0.073052 -0.191399
v -0.047407 0.064017 -0.191280
v -0.047144 0.057722 -0.191217
v -0.043684 0.063802 -0.217122
v -0.043427 0.057480 -0.217082
v -0.043146 0.051099 -0.217043
v -0.039648 0.057769 -0.243120
v -0.039288 0.051372 -0.243199
v -0.036632 0.046791 -0.242810
v -0.035501 0.051836 -0.268899
v -0.032918 0.047340 -0.268437
v -0.027301 0.046808 -0.267629
v -0.029641 0.046769 -0.294431
v -0.023885 0.046727 -0.293570
v -0.017688 0.046724 -0.292705
v -0.019962 0.046783 -0.320051
v -0.013864 0.046760 -0.319095
v -0.006953 0.046761 -0.317991
v -0.009665 0.046789 -0.345836
v -0.002636 0.046793 -0.344620
v 0.006487 0.046795 -0.342939
v 0.002325 0.046825 -0.371135
v 0.012255 0.046815 -0.369290
v 0.025089 0.046806 -0.366722
v 0.019025 0.046817 -0.395522
v 0.033051 0.046805 -0.392586
v 0.051941 0.046810 -0.387762
v 0.043922 0.046806 -0.362531
v 0.073388 0.046833 -0.381055
v 0.067053 0.046830 -0.356815
v 0.087909 0.046835 -0.351768
v 0.102424 0.046830 -0.348711
v 0.112808 0.046829 -0.346815
v 0.108669 0.046829 -0.321761
v 0.121034 0.046831 -0.345448
v 0.117062 0.046831 -0.320225
v 0.112976 0.046831 -0.295168
v 0.123166 0.046841 -0.319134
v 0.119080 0.046837 -0.294043
v 0.114986 0.046824 -0.268966
v 0.124750 0.046869 -0.292998
v 0.120785 0.046825 -0.267935
v 0.116971 0.046827 -0.242759
v 0.126317 0.046782 -0.266941
v 0.122473 0.046831 -0.241793
v 0.118460 0.046935 -0.216443
v 0.124563 0.051030 -0.241387
v 0.120423 0.051199 -0.216080
v 0.116040 0.051611 -0.190734
v 0.120408 0.057390 -0.216051
v 0.116120 0.057898 -0.190735
v 0.111887 0.058759 -0.165298
v 0.116007 0.063892 -0.190776
v 0.111983 0.064572 -0.165297
v 0.107084 0.065551 -0.139615
v 0.107584 0.067316 -0.165997
v 0.102142 0.067555 -0.140603
v 0.096837 0.067839 -0.115562
v 0.096439 0.069382 -0.141668
v 0.091114 0.069730 -0.116528
v 0.086262 0.069948 -0.091320
v 0.085209 0.071537 -0.117529
v 0.080128 0.071819 -0.092287
v 0.075124 0.072072 -0.067028
v 0.072593 0.074096 -0.093469
v 0.067322 0.074426 -0.068292
v 0.062070 0.074761 -0.042897
v 0.059411 0.076808 -0.069587
v 0.054052 0.077171 -0.044247
v 0.048650 0.077489 -0.018125
v 0.046830 0.079354 -0.045511
v 0.041457 0.079658 -0.019310
v 0.035778 0.079922 0.009186
v 0.034986 0.081633 -0.020164
v 0.029035 0.081991 0.008783
v 0.023428 0.082370 0.035318
v 0.022359 0.084230 0.009528
v 0.028781 0.083602 -0.020561
v 0.023446 0.086616 -0.019943
v 0.028922 0.085239 -0.048861
v 0.027096 0.090795 -0.049161
v 0.022832 0.093429 -0.018174
v 0.034409 0.083241 -0.047788
v 0.039673 0.082837 -0.072817
v 0.033980 0.084761 -0.073779
v 0.040425 0.081325 -0.046665
v 0.045717 0.080960 -0.071836
v 0.050578 0.080761 -0.096760
v 0.044490 0.082637 -0.097569
v 0.052213 0.078982 -0.070779
v 0.057202 0.078746 -0.095818
v 0.061907 0.078579 -0.121130
v 0.055093 0.080635 -0.121964
v 0.064572 0.076517 -0.094711
v 0.069646 0.076242 -0.120045
v 0.074886 0.075896 -0.145453
v 0.066642 0.078391 -0.146758
v 0.077887 0.073752 -0.118754
v 0.083371 0.073334 -0.144028
v 0.088914 0.072909 -0.169153
v 0.080528 0.075427 -0.170634
v 0.090699 0.071127 -0.142724
v 0.096016 0.070794 -0.167932
v 0.101006 0.070546 -0.193332
v 0.094433 0.072486 -0.194502
v 0.101756 0.069094 -0.166961
v 0.106680 0.068904 -0.192359
v 0.111481 0.068694 -0.217506
v 0.105823 0.070333 -0.218452
v 0.112395 0.067323 -0.191398
v 0.117155 0.067039 -0.216568
v 0.121715 0.067036 -0.241604
v 0.116088 0.068565 -0.242473
v 0.120430 0.063274 -0.216027
v 0.124422 0.063028 -0.241231
v 0.128545 0.062795 -0.266301
v 0.125963 0.067069 -0.266599
v 0.124543 0.057100 -0.241298
v 0.128614 0.056861 -0.266367
v 0.132640 0.056615 -0.291318
v 0.132633 0.062505 -0.291187
v 0.128570 0.050808 -0.266475
v 0.132645 0.050706 -0.291444
v 0.136811 0.050529 -0.316600
v 0.136784 0.056379 -0.316460
v 0.130328 0.047019 -0.291957
v 0.134323 0.046997 -0.317136
v 0.137978 0.047099 -0.342814
v 0.140953 0.050450 -0.342297
v 0.128747 0.046877 -0.318145
v 0.132459 0.046885 -0.343674
v 0.136436 0.046850 -0.369829
v 0.142300 0.046841 -0.370200
v 0.126870 0.046844 -0.344540
v 0.130456 0.046834 -0.369969
v 0.127966 0.046831 -0.392930
v 0.133140 0.046826 -0.395251
v 0.124532 0.046831 -0.370130
v 0.122275 0.046833 -0.390787
v 0.111054 0.046837 -0.407975
v 0.115456 0.046838 -0.412275
v 0.119290 0.046840 -0.416086
v 0.094344 0.046832 -0.423575
v 0.099147 0.046836 -0.429908
v 0.103410 0.046847 -0.434965
v 0.107119 0.046849 -0.439612
v 0.123286 0.046853 -0.419871
v 0.081896 0.046827 -0.444593
v 0.086171 0.046847 -0.450845
v 0.090714 0.046936 -0.456978
v 0.093560 0.051379 -0.460695
v 0.108056 0.050988 -0.442921
v 0.065755 0.046860 -0.458999
v 0.069392 0.047213 -0.465561
v 0.073167 0.050795 -0.468773
v 0.075192 0.057690 -0.468614
v 0.093324 0.058840 -0.460662
v 0.048130 0.046868 -0.469641
v 0.050858 0.049208 -0.474251
v 0.052649 0.055524 -0.474000
v 0.054233 0.062006 -0.473652
v 0.031902 0.047475 -0.478673
v 0.032780 0.053763 -0.478475
v 0.033881 0.060016 -0.478260
v 0.035720 0.066769 -0.477848
v 0.056341 0.069203 -0.473165
v 0.020193 0.053159 -0.481458
v 0.020917 0.059356 -0.481365
v 0.021713 0.065932 -0.481196
v 0.011925 0.058681 -0.483659
v 0.012790 0.065390 -0.483479
v 0.013470 0.074017 -0.483317
v 0.022645 0.074732 -0.480970
v 0.037250 0.076344 -0.477503
v 0.057095 0.079559 -0.472977
v 0.023852 0.087185 -0.480673
v 0.038626 0.088965 -0.477192
v 0.056696 0.091858 -0.473066
v 0.071020 0.095344 -0.469662
v 0.039317 0.106490 -0.477047
v 0.055314 0.109040 -0.473385
v 0.067764 0.111575 -0.470426
v 0.076891 0.113578 -0.468196
v 0.080936 0.098429 -0.467234
v 0.053336 0.132115 -0.473846
v 0.064290 0.133974 -0.471234
v 0.072369 0.135434 -0.469244
v 0.079669 0.136719 -0.467301
v 0.084087 0.115143 -0.466228
v 0.060663 0.158082 -0.472072
v 0.068185 0.159328 -0.470212
v 0.075284 0.160559 -0.468294
v 0.071567 0.184315 -0.469285
v 0.074719 0.184849 -0.464235
v 0.078094 0.161224 -0.462794
v 0.081540 0.137280 -0.460898
v 0.064595 0.183377 -0.471104
v 0.061358 0.207296 -0.471891
v 0.068112 0.208106 -0.470157
v 0.057406 0.182367 -0.472860
v 0.054362 0.206498 -0.473594
v 0.051215 0.230771 -0.474375
v 0.058019 0.231388 -0.472729
v 0.048079 0.181169 -0.475085
v 0.045544 0.205549 -0.475705
v 0.042469 0.230007 -0.476476
v 0.039261 0.253864 -0.477305
v 0.047782 0.254542 -0.475210
v 0.033915 0.204500 -0.478514
v 0.031485 0.229211 -0.479203
v 0.028870 0.253308 -0.479978
v 0.027157 0.271515 -0.480533
v 0.037096 0.272164 -0.477861
v 0.019892 0.228578 -0.482100
v 0.018266 0.252781 -0.482651
v 0.017080 0.271466 -0.483070
v 0.016394 0.284519 -0.483326
v 0.026287 0.284519 -0.480821
v 0.008965 0.252425 -0.484919
v 0.008174 0.271671 -0.485229
v 0.007824 0.284591 -0.485395
v 0.007515 0.293403 -0.485525
v 0.016079 0.293338 -0.483464
v 0.001209 0.271880 -0.486899
v 0.000838 0.284556 -0.487052
v 0.000464 0.293514 -0.487189
v 0.000187 0.300566 -0.487292
v 0.007303 0.300512 -0.485600
v -0.005880 0.284632 -0.488556
v -0.006214 0.293423 -0.488652
v -0.006429 0.300500 -0.488733
v -0.000067 0.306984 -0.487257
v -0.012303 0.293356 -0.487485
v -0.012496 0.300222 -0.487792
v -0.014221 0.293399 -0.481566
v -0.014488 0.300148 -0.481776
v -0.015309 0.293404 -0.474870
v -0.015548 0.299973 -0.474963
v -0.015740 0.306231 -0.474878
v -0.015076 0.311687 -0.474545
v -0.016691 0.299774 -0.467194
v -0.016895 0.306073 -0.466957
v -0.016347 0.311704 -0.466612
v -0.010441 0.312393 -0.465410
v -0.009288 0.312402 -0.473542
v -0.018421 0.306052 -0.456523
v -0.017878 0.311667 -0.456180
v -0.011863 0.312372 -0.454845
v -0.005401 0.312429 -0.453358
v -0.004082 0.312433 -0.464116
v -0.019428 0.312156 -0.440416
v -0.013894 0.312328 -0.439301
v -0.007554 0.312426 -0.437979
v -0.001047 0.312490 -0.436497
v 0.001154 0.312486 -0.451957
v -0.017093 0.312331 -0.417421
v -0.010721 0.312432 -0.416160
v -0.004036 0.312501 -0.414807
v 0.004704 0.312567 -0.413019
v 0.007614 0.312555 -0.434477
v -0.014028 0.312453 -0.391856
v -0.007234 0.312520 -0.390622
v 0.001530 0.312588 -0.389092
v 0.011067 0.312641 -0.387451
v 0.014155 0.312618 -0.410986
v -0.010680 0.312537 -0.366370
v -0.001883 0.312605 -0.365010
v 0.007640 0.312669 -0.363567
v 0.016687 0.312728 -0.362198
v 0.020094 0.312684 -0.385958
v -0.005434 0.312623 -0.340695
v 0.004030 0.312698 -0.339374
v 0.013051 0.312769 -0.338053
v 0.019581 0.312811 -0.337022
v 0.023380 0.312767 -0.361177
v 0.000630 0.312725 -0.314442
v 0.009348 0.312800 -0.313183
v 0.015619 0.312833 -0.312280
v 0.021732 0.312791 -0.311408
v 0.025662 0.312795 -0.336101
v 0.006011 0.312835 -0.287425
v 0.012450 0.312863 -0.286515
v 0.018727 0.312744 -0.285298
v 0.027629 0.312114 -0.310332
v 0.010168 0.312905 -0.261299
v 0.016961 0.312851 -0.260544
v 0.007054 0.312983 -0.235529
v 0.013348 0.312899 -0.235000
v 0.003223 0.313033 -0.209347
v 0.009189 0.312963 -0.208452
v 0.014767 0.312129 -0.207605
v 0.016659 0.306635 -0.207560
v 0.005326 0.313032 -0.181996
v 0.010705 0.312019 -0.180472
v 0.012741 0.306265 -0.179655
v 0.014527 0.301133 -0.179227
v 0.018126 0.300306 -0.207567
v 0.007035 0.311405 -0.152396
v 0.001902 0.312970 -0.154249
v -0.001870 0.313040 -0.127761
v 0.003699 0.310949 -0.126583
v -0.006049 0.312555 -0.102059
v -0.000966 0.309857 -0.101391
v -0.009533 0.312545 -0.077254
v -0.004586 0.309574 -0.076431
v -0.002369 0.303908 -0.076159
v -0.000719 0.298528 -0.075904
v -0.008618 0.309492 -0.051297
v -0.005866 0.304036 -0.050858
v -0.004677 0.298696 -0.050620
v 0.001128 0.298032 -0.049768
v 0.004855 0.298239 -0.075001
v 0.009739 0.295200 -0.074389
v 0.012238 0.295963 -0.095463
v 0.006043 0.295150 -0.049033
v 0.005231 0.290176 -0.049208
v 0.008614 0.290007 -0.074477
v 0.001852 0.296436 -0.024340
v 0.003273 0.291791 -0.024863
v -0.001914 0.289121 -0.026665
v -0.000456 0.288840 -0.050238
v -0.001594 0.296074 -0.003756
v 0.000803 0.292009 -0.006535
v -0.002133 0.289401 -0.009214
v -0.006772 0.288516 -0.011421
v -0.007309 0.286991 -0.028645
v 0.000448 0.286137 0.003288
v -0.001540 0.284310 0.000085
v -0.005746 0.283790 -0.000590
v -0.000554 0.273922 0.002393
v -0.005075 0.272277 0.001017
v 0.000114 0.258865 0.002252
v -0.005120 0.256739 0.000316
v -0.005371 0.255214 -0.006827
v -0.003201 0.237779 -0.002075
v -0.002797 0.254024 -0.015393
v -0.000382 0.267481 -0.019475
v 0.003686 0.267787 -0.031426
v -0.000119 0.276878 -0.030152
v 0.005869 0.267558 -0.045657
v 0.004676 0.275378 -0.047804
v -0.001375 0.278788 -0.050846
v -0.006053 0.281086 -0.029417
v -0.004200 0.284988 -0.051362
v 0.002829 0.288801 -0.074890
v 0.007070 0.289011 -0.093583
v 0.012447 0.291026 -0.093734
v 0.010435 0.287782 -0.105877
v 0.014910 0.289186 -0.105886
v 0.014560 0.293268 -0.108706
v 0.016615 0.283596 -0.111084
v 0.016329 0.286340 -0.115538
v 0.018512 0.273506 -0.112481
v 0.018126 0.275103 -0.117632
v 0.013064 0.275445 -0.120500
v 0.009693 0.275866 -0.125014
v 0.020448 0.261573 -0.117584
v 0.015083 0.261140 -0.120471
v 0.012099 0.260941 -0.124752
v 0.012946 0.261313 -0.131173
v 0.010681 0.276403 -0.131753
v 0.017845 0.244513 -0.120386
v 0.014800 0.244045 -0.124451
v 0.015686 0.244180 -0.130879
v 0.016410 0.244290 -0.136612
v 0.014252 0.261792 -0.136760
v 0.017503 0.226410 -0.124089
v 0.018536 0.226520 -0.130563
v 0.019290 0.226703 -0.136436
v 0.025029 0.227782 -0.138257
v 0.022014 0.245134 -0.138394
v 0.021497 0.208741 -0.130901
v 0.022584 0.208982 -0.136816
v 0.028489 0.209937 -0.137886
v 0.033798 0.210908 -0.140521
v 0.030504 0.228656 -0.141186
v 0.025448 0.190208 -0.136673
v 0.031782 0.191377 -0.137458
v 0.036970 0.192278 -0.140179
v 0.035286 0.192007 -0.145755
v 0.032381 0.210717 -0.146177
v 0.035722 0.172850 -0.137127
v 0.040175 0.173847 -0.140452
v 0.037827 0.173751 -0.145642
v 0.031807 0.173199 -0.147201
v 0.029294 0.191233 -0.147411
v 0.043117 0.155876 -0.140717
v 0.040297 0.155856 -0.145739
v 0.034208 0.155647 -0.147049
v 0.032509 0.156359 -0.152306
v 0.029684 0.173423 -0.152083
v 0.042277 0.140203 -0.145495
v 0.036253 0.140293 -0.146821
v 0.035155 0.141378 -0.153101
v 0.037979 0.128672 -0.146689
v 0.037179 0.130295 -0.154146
v 0.044100 0.128448 -0.145394
v 0.045857 0.119639 -0.146575
v 0.047849 0.127631 -0.141077
v 0.049766 0.118239 -0.143628
v 0.051470 0.112786 -0.150194
v 0.047557 0.114361 -0.152084
v 0.053411 0.110821 -0.162623
v 0.049173 0.113014 -0.164027
v 0.050678 0.113141 -0.182785
v 0.055498 0.111773 -0.181079
v 0.058472 0.112035 -0.203158
v 0.053178 0.113075 -0.204311
v 0.052689 0.106556 -0.161765
v 0.055643 0.107110 -0.180328
v 0.059324 0.107229 -0.202607
v 0.062414 0.107107 -0.225418
v 0.062188 0.111761 -0.225307
v 0.051520 0.103922 -0.180104
v 0.055324 0.103922 -0.202820
v 0.057880 0.104130 -0.225930
v 0.060693 0.104327 -0.246644
v 0.065228 0.106908 -0.245056
v 0.051444 0.100120 -0.202893
v 0.053697 0.100908 -0.226514
v 0.050514 0.095252 -0.202206
v 0.054020 0.095693 -0.227266
v 0.051043 0.089581 -0.202141
v 0.054812 0.089941 -0.227666
v 0.053176 0.084977 -0.201942
v 0.056805 0.085147 -0.226982
v 0.060288 0.085784 -0.251210
v 0.062996 0.085997 -0.274017
v 0.062293 0.083297 -0.225920
v 0.065777 0.083381 -0.250152
v 0.069268 0.083333 -0.273401
v 0.073337 0.083192 -0.298339
v 0.067521 0.085370 -0.298339
v 0.072036 0.081452 -0.249215
v 0.075859 0.081376 -0.272878
v 0.079752 0.081314 -0.297934
v 0.084897 0.080910 -0.322851
v 0.078570 0.082771 -0.324018
v 0.082762 0.079364 -0.272245
v 0.086936 0.079242 -0.297284
v 0.092057 0.078857 -0.321779
v 0.097275 0.078447 -0.345653
v 0.089839 0.080531 -0.346306
v 0.095242 0.076848 -0.296317
v 0.100494 0.076461 -0.320750
v 0.105892 0.076035 -0.344939
v 0.109993 0.075905 -0.368335
v 0.101020 0.078357 -0.368181
v 0.109417 0.073927 -0.319675
v 0.114919 0.073502 -0.344199
v 0.119498 0.073314 -0.368830
v 0.119818 0.074193 -0.392100
v 0.122496 0.071381 -0.343557
v 0.127629 0.071099 -0.369277
v 0.126168 0.072532 -0.394166
v 0.115364 0.076465 -0.417747
v 0.112068 0.077228 -0.414447
v 0.133603 0.069451 -0.369364
v 0.131798 0.071068 -0.396337
v 0.119608 0.075450 -0.421062
v 0.137417 0.069569 -0.398308
v 0.123457 0.073588 -0.423433
v 0.105121 0.080166 -0.439765
v 0.102689 0.080579 -0.433892
v 0.099665 0.081163 -0.428065
v 0.093056 0.084119 -0.449817
v 0.091639 0.084463 -0.442418
v 0.089972 0.084458 -0.434010
v 0.089855 0.083730 -0.422787
v 0.086549 0.092189 -0.445484
v 0.087776 0.091830 -0.453639
v 0.086331 0.101682 -0.455736
v 0.085009 0.102406 -0.447318
v 0.084491 0.115853 -0.458416
v 0.083253 0.116253 -0.450108
v 0.081960 0.116283 -0.441237
v 0.080435 0.137474 -0.453215
v 0.079283 0.137736 -0.445646
v 0.078145 0.138037 -0.438351
v 0.077121 0.138227 -0.431539
v 0.075937 0.161456 -0.448247
v 0.074802 0.161438 -0.440913
v 0.073730 0.161271 -0.433993
v 0.070432 0.184745 -0.435892
v 0.069319 0.184588 -0.429184
v 0.072696 0.161076 -0.427461
v 0.076377 0.138624 -0.424881
v 0.071531 0.184874 -0.442888
v 0.068279 0.208199 -0.444139
v 0.067109 0.208060 -0.436775
v 0.072652 0.184934 -0.450161
v 0.069428 0.208266 -0.451511
v 0.066255 0.231249 -0.452779
v 0.065139 0.230887 -0.445634
v 0.073719 0.184920 -0.457170
v 0.070474 0.208369 -0.458475
v 0.067256 0.231724 -0.459603
v 0.063877 0.255537 -0.460366
v 0.062887 0.254995 -0.453746
v 0.071338 0.208500 -0.465407
v 0.068073 0.232138 -0.466350
v 0.064416 0.255984 -0.466941
v 0.061592 0.275577 -0.467227
v 0.060987 0.275447 -0.460732
v 0.064652 0.231970 -0.471038
v 0.060973 0.255792 -0.471723
v 0.058161 0.275072 -0.472290
v 0.056753 0.287382 -0.472519
v 0.059747 0.287971 -0.467482
v 0.054511 0.255151 -0.473573
v 0.051911 0.274134 -0.474163
v 0.050689 0.286483 -0.474452
v 0.050126 0.295419 -0.474558
v 0.056072 0.296214 -0.472605
v 0.045317 0.273154 -0.475799
v 0.044037 0.285522 -0.476111
v 0.043608 0.294770 -0.476219
v 0.043545 0.301896 -0.476207
v 0.035965 0.284840 -0.478159
v 0.035609 0.294161 -0.478294
v 0.035728 0.301249 -0.478254
v 0.035860 0.308053 -0.478060
v 0.043573 0.308507 -0.475968
v 0.026065 0.293770 -0.480941
v 0.026205 0.300765 -0.480931
v 0.026331 0.307516 -0.480744
v 0.025567 0.312066 -0.477166
v 0.034939 0.312187 -0.474363
v 0.015944 0.300483 -0.483536
v 0.015856 0.307172 -0.483376
v 0.015139 0.311804 -0.480100
v 0.007238 0.307131 -0.485514
v 0.006607 0.311906 -0.482574
v 0.005354 0.312383 -0.476640
v 0.013807 0.312438 -0.474031
v 0.024054 0.312553 -0.471057
v 0.033379 0.312590 -0.468351
v 0.012524 0.312525 -0.467593
v 0.022446 0.312588 -0.464767
v 0.031800 0.312647 -0.462006
v 0.039698 0.312679 -0.459900
v 0.041196 0.312651 -0.466245
v 0.020838 0.312603 -0.457315
v 0.030215 0.312656 -0.454557
v 0.037989 0.312683 -0.452363
v 0.044823 0.312626 -0.450690
v 0.046352 0.312594 -0.458207
v 0.028481 0.312661 -0.444381
v 0.036057 0.312692 -0.442403
v 0.042997 0.312647 -0.440686
v 0.049446 0.311390 -0.438978
v 0.050969 0.311047 -0.449137
v 0.033344 0.312679 -0.427787
v 0.039870 0.312624 -0.425795
v 0.046016 0.311632 -0.423572
v 0.036308 0.312544 -0.406204
v 0.042301 0.311639 -0.404923
v 0.033162 0.312696 -0.383832
v 0.039077 0.312425 -0.382852
v 0.042673 0.308113 -0.382136
v 0.043119 0.301697 -0.381713
v 0.035395 0.312570 -0.359460
v 0.038852 0.308591 -0.358966
v 0.039743 0.302338 -0.358830
v 0.042709 0.298413 -0.358505
v 0.046140 0.297815 -0.381315
v 0.035336 0.308712 -0.334916
v 0.036158 0.302252 -0.335151
v 0.038737 0.297973 -0.334952
v 0.044311 0.298579 -0.334235
v 0.048402 0.298561 -0.357883
v 0.040440 0.298405 -0.311133
v 0.044667 0.296195 -0.312166
v 0.048046 0.295555 -0.333820
v 0.037995 0.294436 -0.292864
v 0.042844 0.292249 -0.296039
v 0.042508 0.287918 -0.301274
v 0.044167 0.291041 -0.314803
v 0.038637 0.281730 -0.287830
v 0.043720 0.281538 -0.290357
v 0.043467 0.279532 -0.296114
v 0.038385 0.277378 -0.297687
v 0.037477 0.287179 -0.303778
v 0.046034 0.266228 -0.289476
v 0.046061 0.265634 -0.294824
v 0.040778 0.263985 -0.297145
v 0.036211 0.262165 -0.300320
v 0.034305 0.275098 -0.301417
v 0.049197 0.248039 -0.294526
v 0.043623 0.246849 -0.296945
v 0.038851 0.245228 -0.299570
v 0.047219 0.227581 -0.296744
v 0.042071 0.226205 -0.298889
v 0.050438 0.208193 -0.296569
v 0.045360 0.206850 -0.298858
v 0.053086 0.188619 -0.296604
v 0.048604 0.187111 -0.299459
v 0.055825 0.170166 -0.296577
v 0.051865 0.168695 -0.300438
v 0.052687 0.168352 -0.306543
v 0.056588 0.167870 -0.314167
v 0.054437 0.152118 -0.300766
v 0.055317 0.153156 -0.307412
v 0.061766 0.155561 -0.314555
v 0.058185 0.152265 -0.296464
v 0.060880 0.135016 -0.296247
v 0.064004 0.152758 -0.294758
v 0.066704 0.135172 -0.294386
v 0.069167 0.119852 -0.296418
v 0.063882 0.118748 -0.297398
v 0.070769 0.113220 -0.309016
v 0.065254 0.112919 -0.311780
v 0.071219 0.118518 -0.292323
v 0.074300 0.110253 -0.306108
v 0.076969 0.111214 -0.325784
v 0.079668 0.112455 -0.348698
v 0.071768 0.105792 -0.304357
v 0.076019 0.106292 -0.325284
v 0.080216 0.107169 -0.348211
v 0.083539 0.107262 -0.368990
v 0.082564 0.112382 -0.369521
v 0.071108 0.103587 -0.325575
v 0.075281 0.104104 -0.348034
v 0.079056 0.103530 -0.369391
v 0.082208 0.103870 -0.387654
v 0.086219 0.107381 -0.386472
v 0.071784 0.099656 -0.347795
v 0.075585 0.099516 -0.369740
v 0.078451 0.100112 -0.388763
v 0.081661 0.102297 -0.404365
v 0.085342 0.104893 -0.402385
v 0.075000 0.093777 -0.369835
v 0.077776 0.094735 -0.389529
v 0.075802 0.087978 -0.369902
v 0.078596 0.089161 -0.390171
v 0.079700 0.084389 -0.369559
v 0.081794 0.084665 -0.390325
v 0.086122 0.082489 -0.368936
v 0.088203 0.082746 -0.389728
v 0.089429 0.083226 -0.408693
v 0.093004 0.080563 -0.368446
v 0.083178 0.082429 -0.347003
v 0.076826 0.084323 -0.347735
v 0.072727 0.084623 -0.324734
v 0.072690 0.088023 -0.347998
v 0.069109 0.088618 -0.324236
v 0.064967 0.090351 -0.298657
v 0.069313 0.094065 -0.324218
v 0.071891 0.093847 -0.347701
v 0.069252 0.099620 -0.324813
v 0.086801 0.110035 -0.413535
v 0.089424 0.113379 -0.410393
v 0.088474 0.108215 -0.400418
v 0.082652 0.107971 -0.414991
v 0.079274 0.120504 -0.421890
v 0.082943 0.122408 -0.418578
v 0.086929 0.124302 -0.416325
v 0.077791 0.139472 -0.419461
v 0.082723 0.140932 -0.417932
v 0.085454 0.142221 -0.413773
v 0.087736 0.126267 -0.411678
v 0.071791 0.160979 -0.422013
v 0.077027 0.162069 -0.419258
v 0.082049 0.163056 -0.415726
v 0.077626 0.185765 -0.417301
v 0.077790 0.185753 -0.411844
v 0.080470 0.162928 -0.410413
v 0.082003 0.142798 -0.409986
v 0.071970 0.184939 -0.419626
v 0.067928 0.208122 -0.419977
v 0.073707 0.208975 -0.417393
v 0.068185 0.184425 -0.423195
v 0.064954 0.207705 -0.423550
v 0.062159 0.231241 -0.424675
v 0.065275 0.231569 -0.419705
v 0.065999 0.207876 -0.429898
v 0.062808 0.231022 -0.431469
v 0.059639 0.253230 -0.432839
v 0.059615 0.252760 -0.425933
v 0.063936 0.230834 -0.438381
v 0.060725 0.253870 -0.440140
v 0.057562 0.273438 -0.439360
v 0.056608 0.272049 -0.431731
v 0.061820 0.254440 -0.447003
v 0.058737 0.274710 -0.447102
v 0.056561 0.288646 -0.446836
v 0.059925 0.275194 -0.454217
v 0.057979 0.288476 -0.454624
v 0.056669 0.297523 -0.455091
v 0.055201 0.297889 -0.447176
v 0.059146 0.288211 -0.461172
v 0.057879 0.297255 -0.461618
v 0.056644 0.304482 -0.462056
v 0.055453 0.304737 -0.455668
v 0.058660 0.296887 -0.467585
v 0.052428 0.310584 -0.456754
v 0.053962 0.305081 -0.448007
v 0.053598 0.310282 -0.462948
v 0.047724 0.312524 -0.464521
v 0.042608 0.312333 -0.471962
v 0.056913 0.271067 -0.424982
v 0.060050 0.283676 -0.418794
v 0.060952 0.270561 -0.420064
v 0.063052 0.252811 -0.420411
v 0.064561 0.269883 -0.415157
v 0.067316 0.253060 -0.415805
v 0.070581 0.231876 -0.416525
v 0.064441 0.251605 -0.410707
v 0.069072 0.231265 -0.410984
v 0.073905 0.209016 -0.411862
v 0.063128 0.229467 -0.410761
v 0.068602 0.208625 -0.410314
v 0.072639 0.184817 -0.410112
v 0.063778 0.207492 -0.410913
v 0.067715 0.183440 -0.410624
v 0.069356 0.159646 -0.405318
v 0.074746 0.161829 -0.410093
v 0.076261 0.143147 -0.410145
v 0.083648 0.127072 -0.409412
v 0.084386 0.117230 -0.406051
v 0.088474 0.116808 -0.407005
v 0.083015 0.113431 -0.397993
v 0.087811 0.112613 -0.398708
v 0.079914 0.113025 -0.386122
v 0.085321 0.111997 -0.385921
v 0.062007 0.205344 -0.406459
v 0.058527 0.220766 -0.397917
v 0.061820 0.204787 -0.401035
v 0.061658 0.216128 -0.391028
v 0.063714 0.202803 -0.395597
v 0.062447 0.200339 -0.389860
v 0.059582 0.197023 -0.383328
v 0.058443 0.193739 -0.373549
v 0.060745 0.179276 -0.373880
v 0.056991 0.191446 -0.362904
v 0.057863 0.200949 -0.361707
v 0.054098 0.198602 -0.351838
v 0.055542 0.189742 -0.352062
v 0.053608 0.189564 -0.338628
v 0.058211 0.204846 -0.351870
v 0.058963 0.248339 -0.411092
v 0.055560 0.265044 -0.411146
v 0.061390 0.267909 -0.410762
v 0.059236 0.279186 -0.410212
v 0.062614 0.281989 -0.413902
v 0.060600 0.290036 -0.408669
v 0.057303 0.286225 -0.406751
v 0.058363 0.293694 -0.412538
v 0.055054 0.297785 -0.399780
v 0.058248 0.293463 -0.397601
v 0.054519 0.289512 -0.396722
v 0.052076 0.297900 -0.380715
v 0.055424 0.294070 -0.380312
v 0.051656 0.289600 -0.380136
v 0.051924 0.294804 -0.357509
v 0.049335 0.289974 -0.357997
v 0.046721 0.290365 -0.334207
v 0.041207 0.288869 -0.336324
v 0.039143 0.288948 -0.317149
v 0.035152 0.286683 -0.320621
v 0.037095 0.282118 -0.323303
v 0.033963 0.282234 -0.308222
v 0.035525 0.279100 -0.311952
v 0.035783 0.272405 -0.307752
v 0.067750 0.116201 -0.287737
v 0.067732 0.134746 -0.289107
v 0.062578 0.133631 -0.286520
v 0.064592 0.152856 -0.289420
v 0.058757 0.152038 -0.286897
v 0.053205 0.151389 -0.284537
v 0.055026 0.171255 -0.286985
v 0.049582 0.170885 -0.285096
v 0.048916 0.171353 -0.279272
v 0.051894 0.151895 -0.278793
v 0.048052 0.171829 -0.272903
v 0.051077 0.152478 -0.272603
v 0.050644 0.172901 -0.268928
v 0.053908 0.153405 -0.268493
v 0.057043 0.134870 -0.268659
v 0.059311 0.154827 -0.266386
v 0.062515 0.137039 -0.266313
v 0.065692 0.122381 -0.265492
v 0.060736 0.119641 -0.268183
v 0.067538 0.110574 -0.259102
v 0.062713 0.107674 -0.261788
v 0.065654 0.125053 -0.260419
v 0.066542 0.115581 -0.255552
v 0.065110 0.111854 -0.243774
v 0.061464 0.116956 -0.255410
v 0.059893 0.113178 -0.243693
v 0.056610 0.113175 -0.225643
v 0.054800 0.113420 -0.244074
v 0.050987 0.113709 -0.225976
v 0.052778 0.118113 -0.243364
v 0.050595 0.118814 -0.224845
v 0.054724 0.121914 -0.223897
v 0.056219 0.129583 -0.223590
v 0.050788 0.130072 -0.208809
v 0.053228 0.136221 -0.225186
v 0.047132 0.135571 -0.209703
v 0.046693 0.139452 -0.226628
v 0.051915 0.136503 -0.241402
v 0.047410 0.145550 -0.240547
v 0.045195 0.147700 -0.227637
v 0.049130 0.143199 -0.249807
v 0.052401 0.158086 -0.247191
v 0.052666 0.133435 -0.251190
v 0.052220 0.129549 -0.256127
v 0.049734 0.143710 -0.255088
v 0.053263 0.122478 -0.252467
v 0.055610 0.117454 -0.256352
v 0.054689 0.127691 -0.259466
v 0.060538 0.126716 -0.258640
v 0.058429 0.139248 -0.258692
v 0.052897 0.140187 -0.259597
v 0.055768 0.155879 -0.258634
v 0.060684 0.155753 -0.260939
v 0.057455 0.175774 -0.261174
v 0.052400 0.176325 -0.258856
v 0.063583 0.138658 -0.261023
v 0.054361 0.193697 -0.260892
v 0.048991 0.193369 -0.258937
v 0.042936 0.193194 -0.258521
v 0.045416 0.210369 -0.259108
v 0.051223 0.211306 -0.260559
v 0.048029 0.229006 -0.260766
v 0.042135 0.227843 -0.259519
v 0.045161 0.247247 -0.261293
v 0.039122 0.245890 -0.259701
v 0.042510 0.264450 -0.261592
v 0.036795 0.262521 -0.259615
v 0.040334 0.279054 -0.261924
v 0.035572 0.276532 -0.259515
v 0.038142 0.289720 -0.258409
v 0.034178 0.286146 -0.256023
v 0.035698 0.294974 -0.247616
v 0.033073 0.289708 -0.246251
v 0.032842 0.296339 -0.229851
v 0.031725 0.290673 -0.229422
v 0.026129 0.288775 -0.229746
v 0.029547 0.292880 -0.205863
v 0.024832 0.289320 -0.206840
v 0.025745 0.293986 -0.180244
v 0.023210 0.289821 -0.181862
v 0.022516 0.293933 -0.158951
v 0.021472 0.290157 -0.161982
v 0.016996 0.288887 -0.164787
v 0.020414 0.285226 -0.149598
v 0.016345 0.284697 -0.151030
v 0.022139 0.274376 -0.147575
v 0.017168 0.272002 -0.148743
v 0.024294 0.260778 -0.147372
v 0.018831 0.258322 -0.148601
v 0.015954 0.255967 -0.152747
v 0.017385 0.254613 -0.160024
v 0.021269 0.243747 -0.148153
v 0.018258 0.242334 -0.152767
v 0.019308 0.242799 -0.159962
v 0.020986 0.243566 -0.167387
v 0.020791 0.226844 -0.152494
v 0.023786 0.227523 -0.147945
v 0.026392 0.209917 -0.147715
v 0.023530 0.209817 -0.152002
v 0.026651 0.191234 -0.151973
v 0.029207 0.228338 -0.146492
v 0.026806 0.245268 -0.147204
v 0.027933 0.245869 -0.141593
v 0.025373 0.262086 -0.142031
v 0.020134 0.262145 -0.138864
v 0.022969 0.276100 -0.142632
v 0.019036 0.276671 -0.139278
v 0.013380 0.276488 -0.137406
v 0.019155 0.288690 -0.142424
v 0.021723 0.287235 -0.146087
v 0.019205 0.297357 -0.155765
v 0.023020 0.298097 -0.180162
v 0.018313 0.299005 -0.180081
v 0.028069 0.298172 -0.206102
v 0.022590 0.298174 -0.206900
v 0.027688 0.298653 -0.231069
v 0.032704 0.298449 -0.250098
v 0.036197 0.293969 -0.263242
v 0.038734 0.280599 -0.267403
v 0.033195 0.281100 -0.269584
v 0.041552 0.264940 -0.266960
v 0.035993 0.264491 -0.269148
v 0.033525 0.264382 -0.273565
v 0.034392 0.264744 -0.279770
v 0.039100 0.246573 -0.269085
v 0.036549 0.246144 -0.273500
v 0.037481 0.246258 -0.279799
v 0.038595 0.246432 -0.285724
v 0.035474 0.265116 -0.285692
v 0.039710 0.227378 -0.273245
v 0.040601 0.227447 -0.279512
v 0.041762 0.227485 -0.285478
v 0.046347 0.228068 -0.287479
v 0.043264 0.247200 -0.287519
v 0.043466 0.208835 -0.279434
v 0.044240 0.208596 -0.285194
v 0.049317 0.209059 -0.287303
v 0.055161 0.209707 -0.288541
v 0.052070 0.228865 -0.288976
v 0.046740 0.189881 -0.284840
v 0.052146 0.190108 -0.286848
v 0.058197 0.190555 -0.288424
v 0.058561 0.190156 -0.294138
v 0.055743 0.209390 -0.293983
v 0.061205 0.171873 -0.289083
v 0.061535 0.171556 -0.294721
v 0.052606 0.228738 -0.294400
v 0.048953 0.248091 -0.289099
v 0.040576 0.265723 -0.287823
v 0.046131 0.190384 -0.279140
v 0.042597 0.209027 -0.273103
v 0.045241 0.190810 -0.272836
v 0.045220 0.209759 -0.268881
v 0.047870 0.191681 -0.268897
v 0.050756 0.210950 -0.266373
v 0.053289 0.192982 -0.266450
v 0.056041 0.174548 -0.266661
v 0.042176 0.227879 -0.269124
v 0.047872 0.228855 -0.266508
v 0.044693 0.247418 -0.266822
v 0.025844 0.245540 -0.173628
v 0.031573 0.312409 -0.335306
v 0.029394 0.312765 -0.360302
v 0.027013 0.312709 -0.384828
v 0.030068 0.312664 -0.407478
v 0.023109 0.312656 -0.409003
v 0.026096 0.312657 -0.429771
v 0.017023 0.312611 -0.432135
v 0.019162 0.312609 -0.446965
v 0.009722 0.312549 -0.449630
v 0.011250 0.312542 -0.460169
v 0.002734 0.312483 -0.462468
v 0.004045 0.312464 -0.470110
v -0.003056 0.312420 -0.472186
v -0.001913 0.312344 -0.478809
v -0.000708 0.311882 -0.484709
v 0.077047 0.161327 -0.455466
v 0.087490 0.100724 -0.463114
v 0.142203 0.065635 -0.401024
v 0.123794 0.068705 -0.423589
v 0.142301 0.060687 -0.400665
v 0.123888 0.062639 -0.423521
v 0.106685 0.065534 -0.444650
v 0.124397 0.056667 -0.422901
v 0.107247 0.058156 -0.443958
v 0.124987 0.050449 -0.422128
v 0.142354 0.055014 -0.400608
v 0.142517 0.049656 -0.400619
v 0.138782 0.046816 -0.397995
v 0.145022 0.049517 -0.370678
v 0.145083 0.054924 -0.370671
v 0.141037 0.056090 -0.342118
v 0.145017 0.060503 -0.370404
v 0.140989 0.061838 -0.341904
v 0.136789 0.062210 -0.316289
v 0.139512 0.066725 -0.341945
v 0.134726 0.066625 -0.316445
v 0.130196 0.066938 -0.291449
v 0.129344 0.068264 -0.317153
v 0.124807 0.068427 -0.292210
v 0.120442 0.068528 -0.267354
v 0.119225 0.069982 -0.293017
v 0.114861 0.070068 -0.268164
v 0.110496 0.070149 -0.243333
v 0.108350 0.071919 -0.269088
v 0.104054 0.072010 -0.244325
v 0.099531 0.072173 -0.219527
v 0.095441 0.074536 -0.245639
v 0.090886 0.074730 -0.221000
v 0.086005 0.075001 -0.196028
v 0.082184 0.077318 -0.222481
v 0.077729 0.077486 -0.197544
v 0.072331 0.077899 -0.172125
v 0.070580 0.079634 -0.198859
v 0.065196 0.080056 -0.173479
v 0.059510 0.080542 -0.147719
v 0.059064 0.081923 -0.174924
v 0.052878 0.082529 -0.148473
v 0.048764 0.082552 -0.122713
v 0.047110 0.084261 -0.149016
v 0.042792 0.084413 -0.123429
v 0.038685 0.084511 -0.098572
v 0.039278 0.088511 -0.123455
v 0.035678 0.088592 -0.099289
v 0.031423 0.089403 -0.074342
v 0.030928 0.095286 -0.074282
v 0.026843 0.096894 -0.049697
v 0.032077 0.100889 -0.074090
v 0.028155 0.102860 -0.049854
v 0.025229 0.102437 -0.024736
v 0.023172 0.097322 -0.023708
v 0.022211 0.102735 -0.008785
v 0.021179 0.097683 -0.007070
v 0.030126 0.104908 -0.024782
v 0.033947 0.104561 -0.049307
v 0.036689 0.109399 -0.049318
v 0.032774 0.109519 -0.025090
v 0.032869 0.113505 -0.050390
v 0.029111 0.113258 -0.026996
v 0.026671 0.112616 -0.052030
v 0.023099 0.112774 -0.028897
v 0.023497 0.117848 -0.053220
v 0.027052 0.116742 -0.073322
v 0.025714 0.124755 -0.072907
v 0.022537 0.125573 -0.053927
v 0.031453 0.112740 -0.072952
v 0.035612 0.112953 -0.088162
v 0.029825 0.114980 -0.087786
v 0.037432 0.113345 -0.072381
v 0.042044 0.112291 -0.088620
v 0.044562 0.112385 -0.101441
v 0.039320 0.113521 -0.099459
v 0.040290 0.108651 -0.072347
v 0.042361 0.107157 -0.090394
v 0.043886 0.107620 -0.105194
v 0.043608 0.113241 -0.114491
v 0.045204 0.116876 -0.108751
v 0.041544 0.123627 -0.117044
v 0.044288 0.125386 -0.112000
v 0.039935 0.126116 -0.108549
v 0.040599 0.118131 -0.105980
v 0.042253 0.137545 -0.112616
v 0.037800 0.137218 -0.109174
v 0.031553 0.136342 -0.108973
v 0.034394 0.152473 -0.109228
v 0.028978 0.136777 -0.102765
v 0.039377 0.153578 -0.112018
v 0.036061 0.172592 -0.111523
v 0.030124 0.171442 -0.109699
v 0.032365 0.191526 -0.111095
v 0.032455 0.191530 -0.117355
v 0.029596 0.210149 -0.116928
v 0.028752 0.210261 -0.110711
v 0.034769 0.172445 -0.117260
v 0.028969 0.171752 -0.119364
v 0.026430 0.190607 -0.119856
v 0.037437 0.153516 -0.117439
v 0.031439 0.152740 -0.119653
v 0.029406 0.152608 -0.123999
v 0.026305 0.171494 -0.123977
v 0.039629 0.136781 -0.117425
v 0.033772 0.135790 -0.119026
v 0.032273 0.135661 -0.124512
v 0.033237 0.136257 -0.131406
v 0.030494 0.153070 -0.130443
v 0.035750 0.121977 -0.119124
v 0.034535 0.121217 -0.124546
v 0.035772 0.121675 -0.131842
v 0.039508 0.123412 -0.136266
v 0.036190 0.137158 -0.136864
v 0.042519 0.138585 -0.136384
v 0.039268 0.154985 -0.136980
v 0.033479 0.153788 -0.135666
v 0.045601 0.125460 -0.136472
v 0.045789 0.139903 -0.140581
v 0.048920 0.113856 -0.139248
v 0.050797 0.108424 -0.147984
v 0.030084 0.171637 -0.136205
v 0.027511 0.171411 -0.130436
v 0.024546 0.190138 -0.131089
v 0.023453 0.190126 -0.124291
v 0.020433 0.208430 -0.124179
v 0.023631 0.208963 -0.120048
v 0.020843 0.227019 -0.120232
v 0.026591 0.228045 -0.116849
v 0.023328 0.245282 -0.117371
v 0.022951 0.244916 -0.111386
v 0.025630 0.227948 -0.110788
v 0.016662 0.243094 -0.111071
v 0.020454 0.260599 -0.111966
v 0.014658 0.258050 -0.111198
v 0.009822 0.255411 -0.109474
v 0.012102 0.241233 -0.108616
v 0.009212 0.253077 -0.102909
v 0.011422 0.240072 -0.102174
v 0.011053 0.250467 -0.096455
v 0.012538 0.238694 -0.094568
v 0.016298 0.228911 -0.095044
v 0.015263 0.239821 -0.086036
v 0.018157 0.230564 -0.085451
v 0.012462 0.238154 -0.076453
v 0.015013 0.230528 -0.076973
v 0.012288 0.222806 -0.079017
v 0.014872 0.230780 -0.067679
v 0.010895 0.223798 -0.070013
v 0.011272 0.215596 -0.072027
v 0.014441 0.214814 -0.080023
v 0.012965 0.238479 -0.065576
v 0.007207 0.264762 -0.103784
v 0.007491 0.260853 -0.096579
v 0.007795 0.267532 -0.110359
v 0.013139 0.270624 -0.111299
v 0.012169 0.281191 -0.110845
v 0.036467 0.104438 -0.073190
v 0.022411 0.133428 -0.054469
v 0.024553 0.141081 -0.058344
v 0.025815 0.148384 -0.055855
v 0.043071 0.088023 -0.149372
v 0.048098 0.085495 -0.176183
v 0.053166 0.083737 -0.175945
v 0.058379 0.083297 -0.201024
v 0.064508 0.081453 -0.199942
v 0.068261 0.081479 -0.224888
v 0.074745 0.079535 -0.223758
v 0.078785 0.079451 -0.248190
v 0.086524 0.077166 -0.247001
v 0.090832 0.077010 -0.271368
v 0.099856 0.074377 -0.270247
v 0.104400 0.074208 -0.295125
v 0.112748 0.071818 -0.293952
v 0.117389 0.071664 -0.318677
v 0.123727 0.069866 -0.317878
v 0.128477 0.069716 -0.343016
v 0.134059 0.068185 -0.342480
v 0.139320 0.067772 -0.369518
v 0.144447 0.065034 -0.370315
v 0.047554 0.101039 -0.179516
v 0.000946 0.239580 0.002093
v 0.002435 0.218539 0.002322
v -0.000034 0.217990 -0.003052
v 0.005230 0.196172 0.002343
v 0.003425 0.196105 -0.003158
v 0.008642 0.173089 0.002802
v 0.006981 0.173206 -0.002581
v 0.011803 0.151510 0.003325
v 0.010199 0.152545 -0.001961
v 0.014322 0.134273 0.003826
v 0.020362 0.133622 0.005976
v 0.017569 0.151512 0.005264
v 0.020024 0.151343 0.010402
v 0.022888 0.132370 0.010960
v 0.014366 0.173708 0.004936
v 0.016563 0.173901 0.010177
v 0.011519 0.173030 0.012831
v 0.015514 0.150303 0.013792
v 0.011218 0.196973 0.004451
v 0.012948 0.197274 0.009901
v 0.007367 0.196455 0.012492
v 0.002031 0.195562 0.014179
v 0.006193 0.172162 0.014393
v 0.009056 0.219701 0.009961
v 0.003087 0.218891 0.011869
v -0.001445 0.218403 0.014391
v -0.002630 0.218525 0.020596
v 0.000898 0.195388 0.020239
v -0.001121 0.240455 0.010870
v -0.004700 0.240243 0.014532
v -0.006164 0.240529 0.020970
v -0.007402 0.240836 0.027531
v -0.003680 0.218637 0.026914
v -0.008179 0.260030 0.014727
v -0.009395 0.260404 0.021085
v -0.010547 0.260784 0.027633
v -0.009652 0.261333 0.032845
v -0.006789 0.241516 0.033252
v -0.012074 0.276749 0.021612
v -0.013111 0.276683 0.027967
v -0.011366 0.276938 0.032670
v -0.006085 0.277389 0.033819
v -0.004270 0.262435 0.033940
v -0.011860 0.288580 0.033807
v -0.006866 0.289054 0.035249
v -0.012333 0.295355 0.040072
v -0.007350 0.295532 0.042364
v -0.013534 0.296782 0.052159
v -0.008109 0.296108 0.054239
v -0.003878 0.292360 0.055950
v -0.001996 0.285130 0.056862
v -0.009768 0.295458 0.071096
v -0.006113 0.290926 0.071553
v -0.004450 0.283999 0.071719
v -0.003210 0.276266 0.071288
v -0.000906 0.276569 0.057237
v -0.009473 0.292002 0.095881
v -0.008579 0.285720 0.095753
v -0.008175 0.279700 0.095752
v -0.007251 0.272484 0.095807
v -0.013267 0.286168 0.125322
v -0.013134 0.280453 0.125397
v -0.013208 0.274675 0.124979
v -0.011509 0.268546 0.124635
v -0.006339 0.264284 0.097798
v -0.016499 0.275656 0.153314
v -0.017335 0.282670 0.153326
v -0.019927 0.280102 0.173170
v -0.018570 0.270539 0.173027
v -0.020080 0.269531 0.183557
v -0.021332 0.269275 0.191124
v -0.019301 0.255057 0.190305
v -0.023590 0.268916 0.197609
v -0.021315 0.254319 0.196751
v -0.018494 0.236825 0.197215
v -0.016806 0.237837 0.190823
v -0.015687 0.217365 0.198586
v -0.014408 0.217440 0.192312
v -0.013712 0.199023 0.199566
v -0.012079 0.199210 0.193375
v -0.011691 0.198828 0.186994
v -0.009931 0.198932 0.180034
v -0.008675 0.183615 0.186977
v -0.007580 0.184468 0.178834
v -0.009825 0.199457 0.173534
v -0.005282 0.169479 0.176873
v -0.010151 0.199853 0.168206
v -0.012297 0.216420 0.168407
v -0.008845 0.216304 0.165398
v -0.010119 0.234331 0.158018
v -0.013635 0.235704 0.160817
v -0.009741 0.247789 0.142566
v -0.013260 0.250809 0.144241
v -0.007720 0.253161 0.124264
v -0.010982 0.256647 0.123984
v -0.011680 0.262435 0.124253
v -0.007395 0.253399 0.103545
v -0.007450 0.259523 0.100412
v -0.002763 0.240925 0.085105
v -0.001387 0.238566 0.089468
v 0.000512 0.221241 0.080767
v 0.001551 0.222214 0.074421
v -0.004867 0.249830 0.105858
v 0.000677 0.250415 0.107071
v 0.003917 0.239389 0.091362
v -0.002096 0.253645 0.125186
v 0.003760 0.254359 0.126001
v 0.006722 0.251174 0.108388
v -0.004018 0.248552 0.143322
v 0.001860 0.249474 0.143937
v 0.007651 0.250400 0.144505
v 0.009748 0.254798 0.127070
v -0.004492 0.235503 0.158613
v 0.001306 0.236849 0.159283
v 0.007070 0.237932 0.159933
v 0.013078 0.238365 0.159829
v 0.013680 0.250696 0.144883
v 0.002670 0.216874 0.167528
v 0.008130 0.217980 0.168522
v 0.014209 0.219443 0.168195
v 0.018918 0.219610 0.164691
v 0.018151 0.236986 0.157338
v 0.010531 0.198164 0.166124
v 0.016380 0.199331 0.166153
v 0.020760 0.201341 0.163106
v 0.023166 0.203528 0.158228
v 0.021495 0.219176 0.159405
v 0.019223 0.184058 0.156224
v 0.023218 0.187355 0.154521
v 0.025474 0.191600 0.151265
v 0.022271 0.194257 0.147952
v 0.020408 0.204556 0.153898
v 0.026283 0.179151 0.141349
v 0.028252 0.184413 0.140100
v 0.024623 0.187732 0.138282
v 0.031406 0.182628 0.125543
v 0.026966 0.186389 0.125363
v 0.032900 0.188133 0.111069
v 0.028337 0.191410 0.112239
v 0.025782 0.198138 0.115951
v 0.024957 0.206832 0.120994
v 0.024035 0.222416 0.120039
v 0.023792 0.215151 0.126958
v 0.021783 0.222141 0.134903
v 0.019427 0.227714 0.142565
v 0.018717 0.231886 0.148780
v 0.018653 0.218388 0.154956
v 0.021292 0.234478 0.153260
v 0.018753 0.248322 0.143949
v 0.020954 0.252237 0.128813
v 0.015872 0.255027 0.128115
v 0.023527 0.250035 0.114035
v 0.018732 0.252455 0.111309
v 0.012742 0.252021 0.109816
v 0.022230 0.242062 0.095954
v 0.016129 0.241441 0.094228
v 0.009984 0.240402 0.092847
v 0.019070 0.224760 0.084825
v 0.012847 0.223589 0.083688
v 0.006671 0.222422 0.082542
v 0.014580 0.205357 0.083536
v 0.008038 0.204165 0.082570
v 0.003111 0.202662 0.079795
v 0.008469 0.187923 0.089907
v 0.004125 0.185718 0.087847
v 0.005593 0.181573 0.083325
v 0.004417 0.200934 0.074288
v 0.003611 0.173078 0.101347
v 0.005100 0.167194 0.098705
v 0.001827 0.166751 0.117780
v 0.003100 0.160744 0.116975
v 0.006384 0.153800 0.115920
v 0.005609 0.170609 0.119632
v 0.002922 0.173346 0.140680
v 0.007528 0.176242 0.103073
v 0.014045 0.177148 0.103704
v 0.010886 0.170814 0.123789
v 0.015071 0.189111 0.090710
v 0.021405 0.190089 0.091397
v 0.020606 0.177938 0.104434
v 0.020922 0.206418 0.084322
v 0.027243 0.207413 0.085793
v 0.027554 0.191441 0.092603
v 0.025371 0.225430 0.086669
v 0.030085 0.224893 0.091399
v 0.031621 0.208686 0.090702
v 0.026902 0.240350 0.100017
v 0.031877 0.223641 0.096986
v 0.033246 0.209848 0.096292
v 0.033318 0.198063 0.101127
v 0.032053 0.194493 0.096423
v 0.031345 0.183170 0.108040
v 0.027028 0.178920 0.105226
v 0.029246 0.177055 0.124395
v 0.024689 0.172611 0.122991
v 0.018199 0.171462 0.122043
v 0.021641 0.175038 0.141782
v -0.000409 0.183186 0.154745
v 0.005300 0.198884 0.165643
v -0.003191 0.216829 0.166347
v -0.023404 0.235353 0.200947
v -0.026119 0.253041 0.200335
v -0.032227 0.251341 0.200461
v -0.028558 0.268087 0.200514
v -0.034465 0.266810 0.200125
v -0.038842 0.265608 0.202288
v -0.036135 0.279369 0.199809
v -0.040567 0.278411 0.201517
v -0.039799 0.278123 0.206687
v -0.036375 0.288756 0.207176
v -0.034147 0.278171 0.207562
v -0.029981 0.288351 0.209265
v -0.027589 0.277748 0.209844
v -0.037426 0.296803 0.207453
v -0.031565 0.297123 0.209241
v -0.033169 0.304488 0.212816
v -0.034763 0.308219 0.224421
v -0.030504 0.280236 0.200231
v -0.031106 0.290667 0.197360
v -0.030215 0.296216 0.187394
v -0.023623 0.293711 0.172862
v -0.028925 0.296462 0.172515
v -0.020287 0.294868 0.153289
v -0.025268 0.296822 0.151550
v -0.031383 0.296956 0.150068
v -0.020608 0.297557 0.123639
v -0.027256 0.297020 0.122435
v -0.030853 0.299798 0.121591
v -0.035239 0.300319 0.148670
v -0.032799 0.305664 0.121040
v -0.036898 0.305588 0.147207
v -0.036569 0.310949 0.120279
v -0.040262 0.310203 0.146097
v -0.043347 0.310134 0.172050
v -0.045908 0.312465 0.144997
v -0.048811 0.312520 0.170264
v -0.052024 0.312741 0.143772
v -0.055052 0.312736 0.168796
v -0.057384 0.312677 0.191785
v -0.061544 0.312724 0.167441
v -0.064326 0.312692 0.190244
v -0.066094 0.312658 0.212345
v -0.058098 0.312513 0.212864
v -0.067976 0.312569 0.236327
v -0.058848 0.312027 0.236786
v -0.070924 0.312526 0.261105
v -0.061090 0.311750 0.262389
v -0.055075 0.308079 0.262914
v -0.048675 0.307799 0.264215
v -0.063496 0.311828 0.286664
v -0.056986 0.308427 0.287721
v -0.050879 0.308062 0.288674
v -0.044534 0.308207 0.289798
v -0.042299 0.308279 0.265627
v -0.073536 0.312560 0.285425
v -0.082007 0.312513 0.259761
v -0.078797 0.312548 0.235364
v -0.089126 0.312476 0.234336
v -0.075649 0.312593 0.211771
v -0.085729 0.312504 0.210729
v -0.094421 0.312445 0.209753
v -0.082378 0.312532 0.187518
v -0.091120 0.312457 0.186281
v -0.097705 0.312394 0.185355
v -0.087755 0.312478 0.162556
v -0.094391 0.312410 0.161401
v -0.100603 0.312302 0.160352
v -0.090785 0.312410 0.136590
v -0.096989 0.312274 0.135495
v -0.102655 0.311665 0.134513
v -0.092995 0.312305 0.110482
v -0.098655 0.311888 0.109430
v -0.100330 0.306181 0.109165
v -0.094719 0.311259 0.084969
v -0.096804 0.305757 0.084650
v -0.096700 0.299226 0.084634
v -0.093347 0.305985 0.060236
v -0.093182 0.299412 0.060213
v -0.092926 0.292762 0.060188
v -0.089586 0.299447 0.035305
v -0.089348 0.292826 0.035360
v -0.088999 0.284114 0.035426
v -0.085795 0.292742 0.010896
v -0.085444 0.284428 0.010874
v -0.084977 0.273385 0.010863
v -0.081910 0.284693 -0.013652
v -0.081415 0.273363 -0.013757
v -0.080631 0.255206 -0.013879
v -0.077908 0.273482 -0.038472
v -0.077086 0.255077 -0.038671
v -0.075981 0.230155 -0.038874
v -0.073491 0.254928 -0.063745
v -0.072369 0.229912 -0.063997
v -0.071177 0.203370 -0.064172
v -0.068664 0.229782 -0.089356
v -0.067468 0.203230 -0.089509
v -0.066274 0.176560 -0.089593
v -0.063763 0.203129 -0.115001
v -0.062625 0.176462 -0.115055
v -0.061577 0.149743 -0.115069
v -0.059084 0.176399 -0.140636
v -0.058013 0.149657 -0.140624
v -0.056994 0.123073 -0.140573
v -0.054384 0.149611 -0.166249
v -0.053360 0.122998 -0.166195
v -0.052471 0.100043 -0.166111
v -0.049725 0.123000 -0.191822
v -0.048832 0.099827 -0.191684
v -0.048206 0.083984 -0.191534
v -0.045125 0.099903 -0.217387
v -0.044488 0.084004 -0.217276
v -0.044035 0.072572 -0.217194
v -0.040687 0.084113 -0.243113
v -0.040246 0.072596 -0.243062
v -0.039910 0.064048 -0.243074
v -0.036519 0.072652 -0.269209
v -0.036188 0.064223 -0.269143
v -0.035926 0.058048 -0.269057
v -0.032512 0.063998 -0.295095
v -0.032279 0.057659 -0.294934
v -0.032056 0.051174 -0.294771
v -0.028436 0.057521 -0.321352
v -0.028166 0.051186 -0.321310
v -0.025842 0.046940 -0.320954
v -0.024200 0.051123 -0.348086
v -0.021712 0.046712 -0.347742
v -0.015831 0.046775 -0.346827
v -0.016862 0.047552 -0.374457
v -0.010933 0.046915 -0.373437
v -0.004724 0.046844 -0.372377
v -0.006000 0.046956 -0.399002
v 0.000389 0.046862 -0.398263
v 0.008091 0.046833 -0.397285
v 0.005145 0.046838 -0.422733
v 0.014189 0.046816 -0.421877
v 0.026404 0.046800 -0.420083
v 0.019570 0.046797 -0.440086
v 0.032936 0.046786 -0.437490
v 0.050529 0.046792 -0.433256
v 0.042187 0.046796 -0.416543
v 0.070121 0.046816 -0.426124
v 0.061554 0.046813 -0.409741
v 0.088650 0.046833 -0.414929
v 0.081108 0.046834 -0.400982
v 0.076659 0.046820 -0.436660
v 0.057147 0.046795 -0.444570
v 0.062161 0.046805 -0.452836
v 0.038030 0.046778 -0.449149
v 0.042074 0.046776 -0.457652
v 0.045039 0.046789 -0.463522
v 0.026218 0.046779 -0.460795
v 0.028194 0.046783 -0.467108
v 0.030125 0.046831 -0.472990
v 0.016470 0.046811 -0.469353
v 0.017840 0.046900 -0.475066
v 0.019238 0.047959 -0.480070
v 0.009023 0.046936 -0.476599
v 0.010283 0.047692 -0.481512
v 0.011267 0.052474 -0.483592
v 0.001578 0.047141 -0.477798
v 0.007791 0.046851 -0.471009
v 0.000559 0.047034 -0.472114
v -0.005353 0.049696 -0.472933
v -0.004496 0.049744 -0.478647
v -0.006467 0.056463 -0.473462
v -0.005703 0.056435 -0.479049
v -0.006825 0.063569 -0.473598
v -0.005976 0.063699 -0.479383
v -0.005036 0.063994 -0.485039
v -0.000821 0.064394 -0.487037
v -0.006274 0.072590 -0.479746
v -0.005176 0.072757 -0.485549
v -0.000225 0.073104 -0.486992
v 0.006502 0.073549 -0.485159
v 0.005744 0.064749 -0.485328
v -0.005766 0.084528 -0.486169
v 0.000050 0.084998 -0.486849
v 0.006899 0.085523 -0.485062
v 0.013811 0.086147 -0.483240
v 0.000192 0.102841 -0.486809
v 0.007156 0.103320 -0.484998
v 0.014292 0.103849 -0.483124
v 0.024911 0.104754 -0.480440
v 0.007054 0.127290 -0.485006
v 0.014585 0.127793 -0.483052
v 0.025282 0.128674 -0.480372
v 0.039056 0.130146 -0.477131
v 0.014197 0.153234 -0.483173
v 0.024695 0.153886 -0.480549
v 0.037873 0.155066 -0.477433
v 0.036017 0.179892 -0.477926
v 0.050726 0.156607 -0.474443
v 0.023423 0.178926 -0.480959
v 0.021747 0.203671 -0.481507
v 0.013069 0.178403 -0.483548
v 0.011547 0.203226 -0.484043
v 0.010209 0.228262 -0.484488
v 0.005561 0.178148 -0.485467
v 0.004285 0.203065 -0.485876
v 0.002968 0.228148 -0.486285
v 0.001819 0.252232 -0.486653
v -0.002568 0.202955 -0.487600
v -0.003984 0.228067 -0.487989
v -0.005217 0.252129 -0.488295
v -0.005597 0.272004 -0.488480
v -0.010367 0.228053 -0.488051
v -0.011477 0.252092 -0.487961
v -0.011801 0.272109 -0.488593
v -0.012038 0.284656 -0.487851
v -0.012583 0.252354 -0.482165
v -0.013412 0.271971 -0.482045
v -0.013881 0.284493 -0.481633
v -0.014428 0.271789 -0.475134
v -0.014949 0.284274 -0.474869
v -0.015525 0.271607 -0.467627
v -0.016014 0.283966 -0.467613
v -0.016403 0.293388 -0.467514
v -0.017622 0.283660 -0.456661
v -0.018014 0.293252 -0.456588
v -0.018251 0.299657 -0.456595
v -0.020202 0.293097 -0.441693
v -0.020494 0.299601 -0.441288
v -0.020719 0.306386 -0.440946
v -0.023699 0.299558 -0.419656
v -0.023974 0.306273 -0.419219
v -0.022726 0.311966 -0.418587
v -0.027517 0.306251 -0.394695
v -0.026066 0.312071 -0.394194
v -0.020435 0.312351 -0.393054
v -0.029923 0.312240 -0.369592
v -0.023852 0.312416 -0.368525
v -0.017466 0.312477 -0.367461
v -0.027417 0.312355 -0.343671
v -0.021059 0.312471 -0.342779
v -0.014273 0.312546 -0.341888
v -0.024109 0.312461 -0.317576
v -0.017513 0.312549 -0.316807
v -0.008659 0.312639 -0.315700
v -0.020335 0.312559 -0.291061
v -0.011606 0.312659 -0.289866
v -0.002418 0.312755 -0.288589
v -0.014431 0.312698 -0.264334
v -0.005039 0.312801 -0.263080
v 0.003428 0.312876 -0.262030
v -0.007848 0.312862 -0.237540
v 0.000463 0.312946 -0.236397
v -0.011067 0.312920 -0.211389
v -0.002852 0.313004 -0.210215
v -0.014324 0.312969 -0.185022
v -0.006479 0.313058 -0.183822
v -0.000465 0.313099 -0.182905
v -0.010054 0.313105 -0.157131
v -0.004172 0.313123 -0.155838
v -0.013767 0.313116 -0.130492
v -0.008090 0.313163 -0.129090
v -0.017756 0.313069 -0.104663
v -0.011884 0.313057 -0.103324
v -0.021530 0.313039 -0.079457
v -0.015510 0.313015 -0.078354
v -0.025722 0.312997 -0.054356
v -0.019684 0.312981 -0.053268
v -0.013722 0.312431 -0.052201
v -0.024231 0.312962 -0.028228
v -0.018128 0.312449 -0.027063
v -0.012808 0.309688 -0.025534
v -0.022363 0.312589 -0.002571
v -0.016984 0.310083 -0.000862
v -0.026446 0.312721 0.020668
v -0.020611 0.310900 0.021580
v -0.030748 0.312894 0.044783
v -0.024960 0.311247 0.045318
v -0.034863 0.312714 0.068479
v -0.029219 0.311259 0.069184
v -0.025514 0.307078 0.069465
v -0.023069 0.301618 0.069598
v -0.032869 0.311175 0.094225
v -0.029213 0.306402 0.094493
v -0.027301 0.300506 0.094372
v -0.023561 0.296472 0.094749
v -0.020001 0.297937 0.069960
v -0.015458 0.296974 0.070522
v -0.018452 0.297081 0.095181
v -0.012450 0.296887 0.095710
v -0.015788 0.297095 0.124722
v -0.014038 0.291974 0.125039
v -0.018157 0.289022 0.153761
v -0.021075 0.287478 0.172888
v -0.038706 0.312676 0.093414
v -0.042312 0.312619 0.119252
v -0.044857 0.312825 0.092532
v -0.048478 0.312788 0.118217
v -0.051131 0.312798 0.091621
v -0.054728 0.312774 0.117162
v -0.058319 0.312744 0.142551
v -0.062925 0.312696 0.115779
v -0.066470 0.312675 0.141027
v -0.069681 0.312653 0.165823
v -0.075556 0.312584 0.139361
v -0.078993 0.312560 0.164101
v -0.072685 0.312627 0.188924
v -0.084053 0.312495 0.137815
v -0.071830 0.312601 0.114270
v -0.080184 0.312511 0.112820
v -0.086719 0.312430 0.111625
v -0.075917 0.312534 0.087840
v -0.082523 0.312444 0.086841
v -0.088856 0.312288 0.085858
v -0.078946 0.312468 0.062307
v -0.085317 0.312332 0.061416
v -0.091420 0.311632 0.060548
v -0.081572 0.312318 0.036554
v -0.087747 0.311485 0.035564
v -0.089722 0.305957 0.035267
v -0.083598 0.311441 0.011405
v -0.086161 0.305976 0.010976
v -0.086057 0.299406 0.010924
v -0.082714 0.306464 -0.013203
v -0.082559 0.299802 -0.013392
v -0.082282 0.293128 -0.013526
v -0.079064 0.300008 -0.038089
v -0.078797 0.293374 -0.038187
v -0.078410 0.284613 -0.038311
v -0.075192 0.292949 -0.063114
v -0.074805 0.284003 -0.063278
v -0.074326 0.273347 -0.063477
v -0.071083 0.283518 -0.088805
v -0.070580 0.272316 -0.088978
v -0.069795 0.254888 -0.089153
v -0.066829 0.272475 -0.114630
v -0.066033 0.254666 -0.114769
v -0.064924 0.229638 -0.114902
v -0.062297 0.254509 -0.140495
v -0.061263 0.229564 -0.140560
v -0.060174 0.203082 -0.140612
v -0.057623 0.229677 -0.166240
v -0.056536 0.203107 -0.166264
v -0.055448 0.176380 -0.166270
v -0.052900 0.203184 -0.191938
v -0.051816 0.176398 -0.191937
v -0.050753 0.149598 -0.191903
v -0.048113 0.176445 -0.217637
v -0.047050 0.149610 -0.217602
v -0.046030 0.123011 -0.217514
v -0.043344 0.149655 -0.243389
v -0.042265 0.123056 -0.243323
v -0.041313 0.099979 -0.243213
v -0.038568 0.123061 -0.269292
v -0.037617 0.099996 -0.269279
v -0.036973 0.084132 -0.269248
v -0.033907 0.099687 -0.295314
v -0.033277 0.083728 -0.295301
v -0.032829 0.072345 -0.295237
v -0.029457 0.082873 -0.321353
v -0.029030 0.072079 -0.321380
v -0.028697 0.063801 -0.321376
v -0.025193 0.072018 -0.347735
v -0.024853 0.064085 -0.347893
v -0.024557 0.057644 -0.348018
v -0.021134 0.064807 -0.374262
v -0.020776 0.058276 -0.374528
v -0.020197 0.051866 -0.374818
v -0.017097 0.058467 -0.400150
v -0.016336 0.052023 -0.400176
v -0.012338 0.047454 -0.399746
v -0.012867 0.051301 -0.424339
v -0.008253 0.047212 -0.423858
v -0.001569 0.046895 -0.423236
v -0.004684 0.047089 -0.443614
v 0.002240 0.046870 -0.442620
v 0.009267 0.046822 -0.441662
v 0.004793 0.046857 -0.455096
v 0.012527 0.046808 -0.453864
v 0.023405 0.046785 -0.452022
v 0.014877 0.046799 -0.462768
v 0.006478 0.046846 -0.464207
v -0.002128 0.047118 -0.456231
v -0.000651 0.047126 -0.465198
v -0.007667 0.050337 -0.457120
v -0.006327 0.050169 -0.466034
v -0.008765 0.057076 -0.457205
v -0.007480 0.056767 -0.466425
v -0.009145 0.063975 -0.457114
v -0.007804 0.063725 -0.466683
v -0.008142 0.072340 -0.466744
v -0.007178 0.072459 -0.473604
v -0.009503 0.072322 -0.456966
v -0.009959 0.083922 -0.456809
v -0.008610 0.084196 -0.466638
v -0.010996 0.064115 -0.444206
v -0.011344 0.072410 -0.444112
v -0.011768 0.083626 -0.444030
v -0.012428 0.100997 -0.443925
v -0.010613 0.101347 -0.456810
v -0.014208 0.072688 -0.424782
v -0.014606 0.083963 -0.425016
v -0.015193 0.100395 -0.425119
v -0.016093 0.124756 -0.424932
v -0.013312 0.125149 -0.444048
v -0.018308 0.083934 -0.399991
v -0.018938 0.099538 -0.399883
v -0.019856 0.124401 -0.399591
v -0.020810 0.150905 -0.399206
v -0.017095 0.151234 -0.424586
v -0.022619 0.099266 -0.373523
v -0.023549 0.124033 -0.373291
v -0.024559 0.150603 -0.373016
v -0.025640 0.177234 -0.372696
v -0.021880 0.177388 -0.398796
v -0.027209 0.123698 -0.347149
v -0.028240 0.150317 -0.346947
v -0.029340 0.177066 -0.346714
v -0.030488 0.203835 -0.346441
v -0.026772 0.203878 -0.372298
v -0.031955 0.150055 -0.321015
v -0.033015 0.176897 -0.320843
v -0.034161 0.203737 -0.320666
v -0.035308 0.230489 -0.320476
v -0.031642 0.230569 -0.346122
v -0.036808 0.176743 -0.295016
v -0.037951 0.203620 -0.294898
v -0.039104 0.230469 -0.294761
v -0.040145 0.254981 -0.294615
v -0.036358 0.255057 -0.320280
v -0.041787 0.203501 -0.269129
v -0.042901 0.230345 -0.269039
v -0.043918 0.255076 -0.268947
v -0.044608 0.271843 -0.268896
v -0.040866 0.271921 -0.294491
v -0.046678 0.230187 -0.243335
v -0.047688 0.254905 -0.243318
v -0.048385 0.272533 -0.243347
v -0.048812 0.283768 -0.243414
v -0.045089 0.283536 -0.268858
v -0.051345 0.254907 -0.217584
v -0.052061 0.272318 -0.217567
v -0.052532 0.284018 -0.217558
v -0.052895 0.293348 -0.217556
v -0.049147 0.292955 -0.243495
v -0.055728 0.272336 -0.191810
v -0.056221 0.284281 -0.191729
v -0.056598 0.293503 -0.191631
v -0.056837 0.300222 -0.191530
v -0.053123 0.300014 -0.217561
v -0.059861 0.284173 -0.166145
v -0.060218 0.293114 -0.166105
v -0.060473 0.300101 -0.166028
v -0.060474 0.306973 -0.165893
v -0.056876 0.306942 -0.191404
v -0.063890 0.292542 -0.140349
v -0.064145 0.299746 -0.140271
v -0.064077 0.306768 -0.140125
v -0.060252 0.311617 -0.139428
v -0.056776 0.311917 -0.165224
v -0.067980 0.299521 -0.114311
v -0.068009 0.306500 -0.114172
v -0.064264 0.311614 -0.113462
v -0.057464 0.312427 -0.112279
v -0.053558 0.312442 -0.138298
v -0.071632 0.306368 -0.088413
v -0.068337 0.311577 -0.087771
v -0.061709 0.312415 -0.086623
v -0.054775 0.312592 -0.085410
v -0.050380 0.312619 -0.111030
v -0.072509 0.311495 -0.062280
v -0.066072 0.312345 -0.061163
v -0.059269 0.312541 -0.060001
v -0.051670 0.312677 -0.058729
v -0.047073 0.312718 -0.084051
v -0.070223 0.312369 -0.036333
v -0.063686 0.312535 -0.035182
v -0.056409 0.312656 -0.033913
v -0.047464 0.312781 -0.032370
v -0.042599 0.312808 -0.057224
v -0.067442 0.312530 -0.010688
v -0.060561 0.312637 -0.009542
v -0.051793 0.312759 -0.008048
v -0.042674 0.312872 -0.006448
v -0.038098 0.312899 -0.030733
v -0.064345 0.312612 0.014558
v -0.055785 0.312730 0.015953
v -0.046854 0.312842 0.017399
v -0.039002 0.312923 0.018685
v -0.034778 0.312949 -0.005046
v -0.059802 0.312699 0.040034
v -0.050968 0.312807 0.041434
v -0.043177 0.312898 0.042688
v -0.036805 0.312948 0.043754
v -0.032603 0.312943 0.019756
v -0.055042 0.312764 0.065645
v -0.047239 0.312847 0.066752
v -0.040901 0.312868 0.067649
v -0.059048 0.312723 0.090431
v -0.063801 0.312663 0.064404
v -0.067787 0.312628 0.089088
v -0.072117 0.312564 0.063248
v -0.068225 0.312590 0.038696
v -0.075097 0.312485 0.037594
v -0.071086 0.312497 0.013448
v -0.077519 0.312312 0.012397
v -0.073899 0.312391 -0.011722
v -0.079993 0.311804 -0.012655
v -0.076456 0.311672 -0.037444
v -0.079127 0.306610 -0.037976
v -0.075408 0.306388 -0.062846
v -0.075439 0.299717 -0.062985
v -0.071726 0.299519 -0.088560
v -0.071474 0.292600 -0.088671
v -0.067709 0.292474 -0.114415
v -0.067319 0.283472 -0.114519
v -0.063531 0.283780 -0.140396
v -0.063098 0.273492 -0.140427
v -0.059396 0.272825 -0.166179
v -0.058653 0.254739 -0.166205
v -0.055005 0.254847 -0.191871
v -0.053985 0.229884 -0.191911
v -0.050321 0.230057 -0.217610
v -0.049217 0.203285 -0.217635
v -0.045564 0.203386 -0.243375
v -0.044435 0.176518 -0.243399
v -0.040655 0.176618 -0.269199
v -0.039606 0.149733 -0.269260
v -0.035759 0.149854 -0.295138
v -0.034784 0.123084 -0.295252
v -0.030976 0.123303 -0.321178
v -0.030090 0.099332 -0.321300
v -0.026276 0.099282 -0.347363
v -0.025597 0.081957 -0.347588
v -0.021964 0.083077 -0.373757
v -0.021512 0.072762 -0.373991
v -0.017839 0.073150 -0.400048
v -0.017459 0.065078 -0.400095
v -0.013895 0.064435 -0.424555
v -0.013558 0.057800 -0.424433
v -0.010650 0.057347 -0.444296
v -0.009873 0.050772 -0.444315
v -0.028487 0.312951 -0.003890
v -0.030473 0.312974 -0.029365
v -0.033265 0.312928 -0.055661
v -0.028718 0.312967 -0.080772
v -0.037956 0.312846 -0.082430
v -0.024782 0.312993 -0.106182
v -0.033679 0.312876 -0.107941
v -0.042599 0.312749 -0.109620
v -0.029863 0.312899 -0.133945
v -0.038782 0.312773 -0.135655
v -0.046603 0.312646 -0.137084
v -0.035991 0.312760 -0.161834
v -0.043584 0.312642 -0.163104
v -0.050255 0.312489 -0.164170
v -0.040596 0.312614 -0.188943
v -0.047190 0.312463 -0.189913
v -0.053557 0.311896 -0.190843
v -0.043910 0.312456 -0.216139
v -0.050307 0.311940 -0.217111
v -0.053183 0.306702 -0.217549
v -0.046610 0.311615 -0.243179
v -0.049323 0.306314 -0.243561
v -0.049357 0.299609 -0.243548
v -0.045732 0.306041 -0.268930
v -0.045677 0.299331 -0.268890
v -0.045449 0.292618 -0.268860
v -0.041988 0.299171 -0.294256
v -0.041733 0.292436 -0.294311
v -0.041360 0.283510 -0.294394
v -0.037966 0.292682 -0.319813
v -0.037586 0.283717 -0.319972
v -0.037117 0.272780 -0.320096
v -0.033915 0.283641 -0.345307
v -0.033442 0.272466 -0.345509
v -0.032717 0.255454 -0.345775
v -0.029769 0.272311 -0.370808
v -0.029016 0.255315 -0.371257
v -0.027925 0.230549 -0.371798
v -0.025262 0.254780 -0.396963
v -0.024164 0.230217 -0.397711
v -0.023014 0.203833 -0.398322
v -0.020366 0.229832 -0.423570
v -0.019242 0.203716 -0.424116
v -0.018155 0.177537 -0.424345
v -0.016225 0.203564 -0.444520
v -0.015190 0.177636 -0.444595
v -0.014232 0.151535 -0.444377
v -0.013196 0.177702 -0.458331
v -0.012287 0.151794 -0.458018
v -0.011448 0.125517 -0.457283
v -0.010879 0.151994 -0.467817
v -0.010056 0.125827 -0.467295
v -0.009240 0.101643 -0.466845
v -0.009023 0.126062 -0.474618
v -0.008217 0.101884 -0.474279
v -0.007619 0.084323 -0.473798
v -0.007261 0.102131 -0.480901
v -0.006695 0.084441 -0.480259
v -0.005983 0.102392 -0.486765
v -0.005718 0.126516 -0.487614
v 0.000289 0.126890 -0.486726
v -0.007964 0.126276 -0.481665
v -0.008705 0.152209 -0.482301
v -0.006192 0.152336 -0.488066
v -0.009816 0.152128 -0.475113
v -0.010680 0.177752 -0.475429
v -0.009555 0.177739 -0.482644
v -0.011775 0.177742 -0.468050
v -0.012763 0.203271 -0.468156
v -0.011685 0.203133 -0.475386
v -0.014253 0.203424 -0.457976
v -0.015301 0.229194 -0.457726
v -0.013814 0.228879 -0.467814
v -0.017311 0.229515 -0.444158
v -0.018376 0.254154 -0.443624
v -0.016342 0.253721 -0.457263
v -0.021488 0.254392 -0.422631
v -0.022383 0.272995 -0.421602
v -0.019195 0.272046 -0.442913
v -0.026098 0.273005 -0.396242
v -0.026594 0.283727 -0.395760
v -0.022912 0.283799 -0.420908
v -0.030262 0.283521 -0.370481
v -0.030664 0.292989 -0.370229
v -0.027011 0.292935 -0.395349
v -0.034303 0.293001 -0.345130
v -0.034572 0.299630 -0.344983
v -0.030916 0.299534 -0.370042
v -0.038219 0.299411 -0.319654
v -0.038316 0.305823 -0.319478
v -0.034782 0.306345 -0.344867
v -0.042070 0.305833 -0.294191
v -0.039608 0.311471 -0.293807
v -0.036578 0.311511 -0.319095
v -0.042999 0.311443 -0.268541
v -0.036808 0.312346 -0.267571
v -0.033518 0.312268 -0.292923
v -0.040304 0.312420 -0.242244
v -0.033735 0.312551 -0.241271
v -0.030317 0.312497 -0.266613
v -0.037285 0.312591 -0.215156
v -0.029838 0.312690 -0.214075
v -0.026489 0.312646 -0.240196
v -0.033253 0.312721 -0.187859
v -0.023873 0.312846 -0.186462
v -0.020568 0.312804 -0.212749
v -0.026799 0.312890 -0.160248
v -0.017556 0.313018 -0.158579
v -0.021023 0.313022 -0.132146
v -0.017299 0.312753 -0.238867
v -0.023414 0.312594 -0.265599
v -0.027132 0.312457 -0.292016
v -0.030486 0.312297 -0.318328
v -0.033266 0.311924 -0.344547
v -0.031080 0.306042 -0.369901
v -0.027298 0.299469 -0.395012
v -0.023377 0.293087 -0.420199
v -0.019752 0.283605 -0.442236
v -0.017114 0.271605 -0.456847
v -0.014778 0.253143 -0.467758
v -0.013641 0.252702 -0.475345
v -0.012691 0.228562 -0.475316
v -0.011622 0.228273 -0.482186
v -0.010605 0.202987 -0.482318
v -0.008949 0.202873 -0.488246
v -0.007008 0.177763 -0.488439
v -0.001155 0.177946 -0.487168
v -0.000191 0.152613 -0.486885
v 0.006564 0.152898 -0.485146
v 0.002101 0.263512 0.049476
v 0.004534 0.246214 0.049626
v 0.005381 0.245410 0.042877
v 0.002880 0.263685 0.042152
v 0.003840 0.244329 0.036851
v 0.001024 0.263405 0.036312
v -0.001506 0.242921 0.034208
v 0.006773 0.221571 0.037336
v 0.001309 0.220227 0.034671
v -0.004452 0.218953 0.032329
v 0.004709 0.195923 0.035236
v -0.000257 0.195330 0.032621
v -0.000089 0.195264 0.026820
v 0.004212 0.171425 0.032336
v 0.003546 0.171662 0.026545
v 0.004563 0.171953 0.020049
v 0.006711 0.148828 0.027214
v 0.007793 0.148886 0.021207
v 0.010114 0.149172 0.016057
v 0.018543 0.130170 0.014396
v 0.005503 0.148705 0.034209
v 0.010266 0.127829 0.033206
v 0.014962 0.128514 0.036222
v 0.016639 0.113861 0.036714
v 0.010717 0.112267 0.034061
v 0.012273 0.149288 0.035983
v 0.017973 0.149865 0.037837
v 0.020458 0.129380 0.037598
v 0.008714 0.172151 0.035457
v 0.014337 0.172763 0.038339
v 0.015773 0.172471 0.044370
v 0.019201 0.149768 0.043758
v 0.010313 0.196672 0.037993
v 0.012316 0.197123 0.043465
v 0.011536 0.197270 0.049611
v 0.015023 0.171676 0.050861
v 0.008703 0.222417 0.042893
v 0.007914 0.222861 0.049133
v 0.018204 0.149299 0.050605
v 0.019667 0.130597 0.058061
v 0.020972 0.130457 0.050016
v 0.021938 0.130025 0.043053
v 0.022037 0.115145 0.038437
v 0.023399 0.105101 0.041671
v 0.018293 0.103293 0.038718
v 0.022814 0.098933 0.049907
v 0.018583 0.096330 0.047190
v 0.020645 0.096844 0.066593
v 0.015927 0.095188 0.064515
v 0.017730 0.097158 0.086742
v 0.012136 0.095116 0.085188
v 0.022174 0.101949 0.067395
v 0.018777 0.102322 0.087545
v 0.016254 0.102748 0.103299
v 0.017803 0.109721 0.087798
v 0.020995 0.109424 0.068682
v 0.019641 0.117699 0.069756
v 0.016606 0.117413 0.088547
v 0.017751 0.129508 0.070819
v -0.010896 0.276419 0.014775
v -0.004988 0.260048 0.010323
v -0.007594 0.276028 0.010199
v 0.000578 0.260540 0.010296
v -0.002124 0.276115 0.009977
v -0.002427 0.288398 0.007285
v 0.001383 0.275509 0.006448
v 0.003908 0.260418 0.006370
v 0.005126 0.241204 0.010323
v 0.006572 0.240926 0.004781
v 0.008716 0.219505 0.004321
v -0.141835 0.311167 0.415970
v -0.140333 0.305830 0.398988
v -0.142648 0.305606 0.415881
v -0.140153 0.299759 0.399204
v -0.142483 0.299417 0.415805
v -0.139950 0.293454 0.399474
v -0.142243 0.293121 0.415741
v -0.139672 0.284934 0.399868
v -0.136842 0.293493 0.377204
v -0.136604 0.284985 0.377931
v -0.136248 0.272397 0.378979
v -0.133214 0.284527 0.353331
v -0.132839 0.272503 0.354076
v -0.132241 0.254166 0.355032
v -0.135675 0.253755 0.380143
v -0.131394 0.229312 0.356059
v -0.134850 0.228787 0.381242
v -0.130492 0.202908 0.356948
v -0.133967 0.202518 0.382176
v -0.129601 0.176535 0.357583
v -0.133079 0.176364 0.382884
v -0.128715 0.150201 0.357958
v -0.132197 0.150278 0.383321
v -0.127820 0.123933 0.358099
v -0.131302 0.124240 0.383510
v -0.126996 0.100504 0.358050
v -0.124279 0.123752 0.332482
v -0.123444 0.100049 0.332456
v -0.122847 0.084317 0.332392
v -0.119848 0.099978 0.307250
v -0.119245 0.084131 0.307205
v -0.118798 0.072841 0.307162
v -0.115675 0.083747 0.282160
v -0.115223 0.072691 0.282021
v -0.114858 0.063982 0.281880
v -0.118445 0.064120 0.307118
v -0.114589 0.057848 0.281769
v -0.118183 0.058017 0.307060
v -0.114276 0.051467 0.281665
v -0.117896 0.051614 0.306997
v -0.112628 0.046623 0.281768
v -0.116277 0.046733 0.307108
v -0.107035 0.046511 0.282456
v -0.108331 0.046841 0.256581
v -0.102809 0.046582 0.257529
v -0.096733 0.046514 0.258454
v -0.098720 0.046647 0.233447
v -0.092596 0.046534 0.234255
v -0.086363 0.046509 0.235081
v -0.089712 0.046524 0.210167
v -0.083523 0.046507 0.210766
v -0.073121 0.046522 0.211922
v -0.080459 0.046507 0.186446
v -0.069878 0.046519 0.187719
v -0.056493 0.046574 0.189391
v -0.066122 0.046518 0.163590
v -0.052729 0.046576 0.165430
v -0.033366 0.046712 0.168102
v -0.048737 0.046586 0.141616
v -0.029459 0.046723 0.144406
v -0.004678 0.046815 0.148113
v -0.025429 0.046730 0.120565
v -0.000670 0.046820 0.124521
v 0.018301 0.046836 0.127748
v 0.003296 0.046828 0.100706
v 0.022256 0.046845 0.104134
v 0.034782 0.046845 0.106559
v 0.030652 0.046839 0.129992
v 0.044578 0.046844 0.108567
v 0.040299 0.046841 0.131874
v 0.052150 0.046854 0.110203
v 0.048609 0.046843 0.084542
v 0.055800 0.046849 0.086110
v 0.062364 0.046906 0.087571
v 0.058841 0.046895 0.111677
v 0.068487 0.047367 0.088993
v 0.065162 0.047240 0.113135
v 0.070330 0.052384 0.089700
v 0.071869 0.046704 0.064157
v 0.074298 0.051382 0.064981
v 0.074276 0.058173 0.065461
v 0.070243 0.059259 0.090116
v 0.074281 0.064281 0.065995
v 0.069700 0.065482 0.090495
v 0.063893 0.067989 0.089992
v 0.052348 0.070237 0.111521
v 0.042422 0.072552 0.124203
v 0.033529 0.074668 0.133360
v 0.039274 0.072790 0.136810
v 0.078456 0.057218 0.039648
v 0.078509 0.050706 0.039308
v 0.082716 0.049893 0.013342
v 0.075529 0.046894 0.038486
v 0.078965 0.046972 0.012576
v 0.082592 0.046767 -0.013380
v 0.072594 0.046861 0.011351
v 0.076158 0.046813 -0.014534
v 0.079933 0.046823 -0.040301
v 0.073784 0.046828 -0.041368
v 0.077611 0.046821 -0.066933
v 0.069968 0.046826 -0.015637
v 0.062484 0.046832 -0.016970
v 0.066327 0.046831 -0.042649
v 0.066369 0.046840 0.010157
v 0.058866 0.046837 0.008728
v 0.049396 0.046839 0.006966
v 0.053030 0.046836 -0.018650
v 0.063012 0.046834 0.035908
v 0.055638 0.046837 0.034432
v 0.046083 0.046841 0.032581
v 0.033448 0.046844 0.030182
v 0.036938 0.046843 0.004699
v 0.052334 0.046837 0.059809
v 0.042503 0.046843 0.057813
v 0.029794 0.046846 0.055325
v 0.010768 0.046836 0.051841
v 0.014315 0.046838 0.026731
v 0.038711 0.046845 0.082492
v 0.026044 0.046846 0.079991
v 0.007103 0.046833 0.076512
v -0.017700 0.046750 0.072301
v -0.014014 0.046763 0.047609
v -0.021522 0.046742 0.096560
v -0.041296 0.046591 0.093441
v -0.037563 0.046596 0.069133
v -0.044879 0.046591 0.117585
v -0.058477 0.046523 0.115560
v -0.054967 0.046521 0.091391
v -0.062102 0.046525 0.139721
v -0.072544 0.046506 0.138206
v -0.068975 0.046508 0.114040
v -0.076504 0.046505 0.162172
v -0.083061 0.046512 0.161309
v -0.079305 0.046515 0.137181
v -0.086778 0.046515 0.185712
v -0.092832 0.046547 0.185004
v -0.089133 0.046535 0.160495
v -0.095810 0.046602 0.209598
v -0.101570 0.047185 0.209081
v -0.098486 0.046633 0.184290
v -0.104507 0.047420 0.232705
v -0.107192 0.052622 0.232433
v -0.103955 0.052057 0.208723
v -0.110669 0.051855 0.256418
v -0.111032 0.058195 0.256762
v -0.107639 0.058800 0.232508
v -0.107918 0.064905 0.232588
v -0.104576 0.064429 0.208353
v -0.104327 0.058285 0.208507
v -0.111320 0.064265 0.257022
v -0.111690 0.072818 0.257276
v -0.108238 0.072997 0.232671
v -0.108652 0.084009 0.232741
v -0.105307 0.084214 0.208110
v -0.104880 0.072698 0.208194
v -0.112129 0.083666 0.257423
v -0.112790 0.100372 0.257527
v -0.109263 0.100486 0.232783
v -0.116319 0.100151 0.282272
v -0.117186 0.123651 0.282285
v -0.113679 0.123752 0.257488
v -0.120698 0.123623 0.307251
v -0.121650 0.150160 0.307128
v -0.118138 0.150206 0.282163
v -0.125182 0.150158 0.332369
v -0.126102 0.176679 0.332049
v -0.122612 0.176808 0.306847
v -0.123592 0.203496 0.306397
v -0.120188 0.203687 0.281528
v -0.119128 0.176922 0.281910
v -0.127024 0.203232 0.331517
v -0.127968 0.229756 0.330779
v -0.124596 0.230162 0.305778
v -0.125509 0.254609 0.305101
v -0.122208 0.254794 0.280529
v -0.121249 0.230413 0.281049
v -0.128838 0.254373 0.329903
v -0.129451 0.272417 0.329103
v -0.126140 0.271918 0.304533
v -0.129828 0.283839 0.328529
v -0.133464 0.293043 0.352703
v -0.137007 0.299927 0.376601
v -0.117891 0.230525 0.256460
v -0.116809 0.203798 0.256828
v -0.113402 0.203870 0.232238
v -0.112294 0.177103 0.232472
v -0.115698 0.177022 0.257138
v -0.111182 0.150350 0.232648
v -0.114656 0.150279 0.257360
v -0.110144 0.123820 0.232756
v -0.107792 0.150410 0.208020
v -0.106793 0.123825 0.208078
v -0.105911 0.100288 0.208097
v -0.103467 0.123827 0.183581
v -0.102568 0.100121 0.183657
v -0.101938 0.083889 0.183740
v -0.099146 0.100015 0.159322
v -0.098488 0.083555 0.159406
v -0.098017 0.072060 0.159437
v -0.101485 0.072235 0.183847
v -0.097652 0.063435 0.159442
v -0.101141 0.063550 0.183960
v -0.097383 0.057356 0.159441
v -0.100888 0.057505 0.184019
v -0.097067 0.051058 0.159453
v -0.100585 0.051203 0.184039
v -0.094907 0.046649 0.159716
v -0.093618 0.051224 0.135051
v -0.091217 0.046662 0.135327
v -0.085326 0.046549 0.136255
v -0.087671 0.046846 0.111488
v -0.081869 0.046570 0.112227
v -0.075764 0.046519 0.113049
v -0.078841 0.046557 0.088014
v -0.072697 0.046517 0.088881
v -0.065459 0.046506 0.089897
v -0.069316 0.046524 0.064431
v -0.061882 0.046505 0.065515
v -0.051228 0.046523 0.067069
v -0.057923 0.046508 0.040775
v -0.047328 0.046528 0.042329
v -0.033724 0.046613 0.044418
v -0.043449 0.046546 0.017037
v -0.030084 0.046630 0.019208
v -0.010460 0.046777 0.022480
v -0.026556 0.046652 -0.006213
v -0.007063 0.046790 -0.002912
v 0.017837 0.046842 0.001338
v -0.003758 0.046797 -0.028344
v 0.021155 0.046844 -0.024177
v 0.040476 0.046841 -0.020861
v 0.024309 0.046842 -0.049750
v 0.044299 0.046837 -0.046402
v 0.057022 0.046833 -0.044240
v 0.048467 0.046835 -0.071848
v 0.060814 0.046831 -0.069781
v 0.070075 0.046828 -0.068213
v 0.064388 0.046832 -0.095303
v 0.073685 0.046829 -0.093756
v 0.067752 0.046836 -0.120831
v 0.055164 0.046841 -0.122925
v 0.058399 0.046845 -0.148572
v 0.052267 0.046837 -0.097296
v 0.030368 0.046845 -0.100907
v 0.033607 0.046850 -0.126477
v 0.027314 0.046841 -0.075349
v 0.002295 0.046814 -0.079421
v 0.005377 0.046823 -0.104934
v -0.000692 0.046806 -0.053843
v -0.020142 0.046686 -0.056968
v -0.017087 0.046710 -0.082556
v -0.023234 0.046666 -0.031573
v -0.036449 0.046587 -0.033762
v -0.032982 0.046613 -0.058984
v -0.039812 0.046570 -0.008452
v -0.050338 0.046546 -0.010218
v -0.046996 0.046564 -0.035493
v -0.054036 0.046519 0.015366
v -0.061383 0.046525 0.014224
v -0.057727 0.046551 -0.011467
v -0.065447 0.046523 0.039698
v -0.071741 0.046571 0.038789
v -0.067778 0.046556 0.013250
v -0.075443 0.046576 0.063514
v -0.081152 0.046759 0.062639
v -0.077539 0.046740 0.037922
v -0.084528 0.046700 0.087207
v -0.086786 0.051036 0.086826
v -0.083275 0.051186 0.062277
v -0.090257 0.051374 0.111054
v -0.090512 0.057679 0.110920
v -0.087040 0.057402 0.086683
v -0.093942 0.057495 0.135119
v -0.094218 0.063607 0.135141
v -0.090760 0.063836 0.110845
v -0.091092 0.072062 0.110754
v -0.087579 0.072046 0.086389
v -0.087269 0.063545 0.086550
v -0.094577 0.072051 0.135131
v -0.095035 0.083184 0.135071
v -0.091547 0.083361 0.110621
v -0.095718 0.100087 0.134951
v -0.100091 0.123891 0.159186
v -0.104483 0.150455 0.183502
v -0.108862 0.177175 0.207900
v -0.083793 0.063795 0.062062
v -0.083548 0.057580 0.062182
v -0.079979 0.057808 0.037408
v -0.079674 0.051319 0.037551
v -0.075951 0.051122 0.011973
v -0.073676 0.046657 0.012364
v -0.069958 0.046728 -0.013452
v -0.064054 0.046583 -0.012514
v -0.060530 0.046598 -0.037665
v -0.054276 0.046570 -0.036675
v -0.050579 0.046595 -0.061634
v -0.043406 0.046590 -0.060562
v -0.039687 0.046626 -0.086201
v -0.029528 0.046649 -0.084573
v -0.026200 0.046689 -0.109976
v -0.013832 0.046742 -0.108008
v -0.010366 0.046767 -0.133512
v 0.008544 0.046836 -0.130523
v 0.011712 0.046841 -0.156244
v 0.036737 0.046852 -0.152185
v 0.039894 0.046852 -0.177905
v 0.059479 0.046827 0.061351
v 0.069340 0.046835 0.037198
v 0.065915 0.046804 0.062783
v -0.039330 0.070779 0.476123
v -0.027828 0.060968 0.479847
v -0.018907 0.053240 0.482579
v -0.019074 0.059044 0.482616
v -0.011914 0.052260 0.484594
v -0.011955 0.057426 0.484737
v -0.005871 0.051334 0.486236
v -0.011333 0.046808 0.484219
v -0.059896 0.152289 0.440011
v -0.053895 0.154538 0.441026
v -0.060031 0.149309 0.431399
v -0.054732 0.154020 0.431916
v -0.048100 0.155200 0.432271
v -0.047914 0.156137 0.441945
v -0.055800 0.153491 0.420234
v -0.048748 0.154663 0.420299
v -0.049724 0.154313 0.404925
v -0.041992 0.155072 0.389119
v -0.035643 0.156628 0.375467
v -0.034410 0.156145 0.361850
v -0.028525 0.160049 0.336582
v -0.025899 0.159216 0.319409
v -0.026016 0.165568 0.319363
v -0.028801 0.166759 0.336956
v -0.026724 0.172232 0.319237
v -0.029510 0.173243 0.337007
v -0.027670 0.180339 0.319007
v -0.030475 0.181529 0.336780
v -0.029055 0.192230 0.318534
v -0.031739 0.192967 0.336130
v -0.030424 0.204451 0.317828
v -0.033017 0.204184 0.334946
v -0.023144 0.164942 0.301082
v -0.023578 0.158747 0.301567
v -0.020255 0.158070 0.285041
v -0.020439 0.164792 0.285309
v -0.017389 0.164269 0.266970
v -0.014068 0.171269 0.247759
v -0.012471 0.169234 0.234108
v -0.021001 0.143564 0.264626
v -0.025127 0.143819 0.286155
v -0.020279 0.138245 0.265487
v -0.025765 0.135049 0.265331
v -0.028003 0.129462 0.265195
v -0.026635 0.122447 0.265214
v 0.008152 0.241443 -0.054009
v 0.014029 0.175919 -0.047509
v 0.019742 0.172248 -0.045472
v 0.008281 0.240648 -0.056344
v 0.008597 0.240576 -0.054848
v 0.019842 0.202373 -0.092446
v 0.034854 0.201796 -0.192221
v 0.036899 0.208881 -0.193120
v 0.032115 0.193461 -0.191796
v 0.034299 0.194529 -0.208491
v 0.037400 0.202763 -0.209099
v 0.033867 0.183031 -0.191118
v 0.035954 0.184288 -0.207089
v 0.036289 0.196094 -0.223260
v 0.036454 0.173532 -0.190179
v 0.037948 0.174638 -0.205604
v 0.036972 0.210459 -0.209227
v 0.032393 0.216275 -0.209840
v 0.033168 0.216360 -0.195234
v 0.029249 0.240124 -0.203223
v 0.027710 0.244123 -0.203454
v 0.031195 0.249246 -0.203208
v 0.028528 0.267228 -0.203719
v 0.026790 0.268075 -0.191506
v 0.023555 0.271105 -0.187520
v 0.027963 0.272325 -0.203534
v 0.036308 0.250213 -0.233632
v 0.046832 0.243822 -0.321139
v 0.047536 0.249297 -0.318597
v 0.017375 0.081076 0.134873
v 0.017891 0.080506 0.138697
v 0.018537 0.084067 0.137202
v 0.008590 0.088450 0.139266
v 0.026616 0.077773 0.137081
v 0.027371 0.081429 0.135975
v 0.026259 0.078941 0.133336
v 0.040917 0.078772 0.133851
v 0.039954 0.076781 0.130626
v 0.040411 0.074900 0.134206
v 0.057217 0.075377 0.126936
v 0.057663 0.072758 0.129860
v 0.058193 0.076522 0.130572
v 0.072489 0.071591 0.125685
v 0.073145 0.075056 0.127308
v 0.072180 0.074723 0.123536
v 0.084320 0.073615 0.124794
v 0.083758 0.073750 0.120817
v 0.083250 0.070331 0.123158
v 0.092389 0.069173 0.120677
v 0.090489 0.067254 0.122681
v 0.092216 0.069138 0.124441
v 0.093290 0.060860 0.122872
v 0.095470 0.061411 0.125336
v 0.096397 0.060898 0.121943
v 0.092827 0.052276 0.127033
v 0.094520 0.051018 0.123972
v 0.091011 0.052294 0.123807
v 0.090073 0.040544 0.126477
v 0.086568 0.041673 0.125813
v 0.088139 0.041808 0.129292
v 0.083757 0.028756 0.128050
v 0.084314 0.029050 0.131348
v 0.086673 0.028385 0.129173
v 0.000707 0.084578 0.131219
v -0.041759 0.183850 0.413865
v -0.041758 0.186583 0.406325
v 0.073093 0.069088 0.168209
v 0.072693 0.065428 0.169798
v 0.070192 0.069972 0.168329
v 0.057964 0.070288 0.172318
v 0.051744 0.069932 0.169506
v 0.049979 0.073931 0.172684
v 0.065936 0.070814 0.168120
v 0.045766 0.070530 0.171811
v 0.043316 0.075428 0.172589
v 0.039211 0.072225 0.174806
v 0.035495 0.077079 0.174167
v 0.031750 0.074891 0.176872
v 0.070925 0.068909 0.165732
v 0.090557 0.033328 0.138525
v 0.094009 0.032427 0.138953
v 0.091789 0.033189 0.142033
v 0.095804 0.041300 0.138123
v 0.094258 0.041855 0.141275
v 0.092134 0.042380 0.138097
v 0.097490 0.049764 0.141137
v 0.094933 0.050729 0.138478
v 0.098524 0.049560 0.137664
v 0.097332 0.057984 0.139368
v 0.100682 0.057862 0.137892
v 0.100180 0.057588 0.141595
v 0.098488 0.065986 0.138252
v 0.098189 0.065596 0.142003
v 0.096215 0.064226 0.140027
v 0.091204 0.070982 0.142247
v 0.089770 0.068057 0.140594
v 0.090940 0.070766 0.138438
v 0.080678 0.070222 0.141518
v 0.081024 0.072927 0.138773
v 0.081395 0.073788 0.142430
v 0.068133 0.074086 0.139688
v 0.068674 0.076076 0.142893
v 0.068157 0.072240 0.143230
v 0.052027 0.078584 0.143810
v 0.051786 0.075094 0.145264
v 0.051416 0.075680 0.141442
v 0.037147 0.077094 0.147713
v 0.036436 0.076771 0.143936
v 0.037064 0.079923 0.145391
v 0.025931 0.077876 0.146190
v 0.026661 0.081397 0.146629
v 0.026736 0.079098 0.149743
v 0.019053 0.082752 0.147552
v 0.052206 0.132192 0.131867
v 0.051018 0.127784 0.137453
v 0.050428 0.120684 0.137961
v 0.050701 0.115520 0.133618
v 0.051637 0.114841 0.127146
v 0.052672 0.118793 0.122221
v 0.053296 0.125265 0.121251
v 0.037909 0.132202 0.123448
v 0.053133 0.130908 0.125066
v 0.036898 0.132708 0.130794
v 0.020126 0.098460 0.000998
v 0.020613 0.094140 -0.000231
v 0.020893 0.093981 -0.002375
v 0.020581 0.098345 -0.004404
v 0.010632 0.084682 0.157495
v 0.006240 0.082760 0.154551
v 0.006101 0.082783 0.154455
v -0.046298 0.202503 0.437944
v 0.085851 0.006047 0.130963
v 0.014214 0.080753 0.156816
v 0.014915 0.084015 0.154362
v 0.077335 0.062841 0.170710
v 0.020985 0.077558 0.176925
v 0.025384 0.076475 0.177138
v 0.022517 0.077246 0.175829
v 0.071105 0.068307 0.167682
v 0.073578 0.066848 0.168812
v 0.025169 0.077107 0.178697
v 0.025076 0.076830 0.178525
v 0.021125 0.076388 0.178542
v 0.021224 0.076505 0.178525
v 0.023158 0.076800 0.178609
v 0.023203 0.076255 0.178286
v 0.025158 0.076198 0.178161
v 0.025088 0.076290 0.178209
v 0.023236 0.076736 0.178557
v 0.023127 0.076612 0.178533
v 0.021374 0.076820 0.178600
v 0.023213 0.075776 0.178003
v 0.021500 0.077097 0.178674
v 0.023256 0.075780 0.177885
v 0.025114 0.075119 0.177523
v 0.025148 0.075403 0.177693
v 0.023406 0.076410 0.178195
v 0.025103 0.075614 0.177813
v 0.021712 0.077524 0.178768
v 0.020242 0.098636 -0.001922
v 0.020945 0.098625 -0.002124
v 0.020844 0.098567 -0.000961
v 0.019554 0.098601 -0.000866
v 0.019428 0.098617 -0.001097
v 0.019987 0.098714 -0.002313
v 0.020289 0.098767 -0.002970
v 0.069457 0.070628 0.165858
v 0.069664 0.070715 0.165715
v 0.069150 0.070699 0.165799
v 0.069298 0.070835 0.166117
v 0.070394 0.068772 0.165419
v 0.070012 0.068363 0.165404
v 0.069905 0.068544 0.165343
v 0.069027 0.067858 0.165381
v 0.068515 0.068106 0.165269
v 0.069426 0.070690 0.165361
v 0.069011 0.070572 0.165501
v 0.069201 0.070666 0.165027
v 0.068875 0.070447 0.165208
v 0.068783 0.070362 0.165011
v 0.068893 0.070634 0.164569
v 0.004189 0.083618 0.153754
v 0.004101 0.083738 0.153865
v 0.004031 0.083733 0.153314
v 0.004401 0.083579 0.153140
v 0.004262 0.083658 0.154371
v 0.003795 0.083966 0.154387
v 0.002867 0.083871 0.154456
v 0.003315 0.083981 0.153813
v 0.004839 0.083360 0.154417
v 0.004939 0.083501 0.154994
v 0.004474 0.083740 0.155000
v 0.005391 0.083125 0.154607
v 0.005448 0.083218 0.154923
v 0.005881 0.082877 0.154636
v 0.005903 0.082962 0.154853
v 0.005393 0.082885 0.154033
v 0.005750 0.082853 0.154375
v 0.004739 0.083099 0.153727
v 0.006060 0.086841 0.153191
v 0.006141 0.086685 0.153845
v 0.005522 0.087019 0.153401
v 0.006884 0.086583 0.153183
v 0.006836 0.086442 0.153925
v 0.006783 0.086287 0.154736
v 0.005905 0.086733 0.154344
v 0.004961 0.087213 0.153924
v 0.061724 0.153838 -0.356031
v 0.061397 0.153954 -0.355843
v 0.061376 0.153959 -0.356039
v 0.061355 0.153965 -0.356241
v 0.061599 0.153869 -0.356301
v 0.061737 0.153792 -0.356422
v 0.061845 0.153809 -0.356102
v 0.061445 0.153881 -0.356520
v 0.061504 0.153761 -0.356556
v 0.061550 0.153624 -0.356608
v 0.061799 0.153658 -0.356464
v 0.062051 0.153693 -0.356318
v 0.061261 0.153707 -0.356708
v 0.061297 0.153589 -0.356754
v 0.061201 0.153598 -0.356930
v 0.061046 0.153555 -0.356899
v 0.061291 0.153812 -0.356712
v 0.061324 0.153632 -0.356954
v 0.061369 0.153852 -0.356666
v 0.061483 0.153676 -0.356986
v 0.061331 0.153971 -0.356463
v 0.061547 0.154007 -0.355695
v 0.061461 0.153930 -0.355537
v 0.061379 0.154234 -0.355341
v 0.061474 0.154084 -0.355223
v 0.061608 0.153872 -0.355055
v 0.033996 0.259429 -0.229649
v 0.033639 0.258265 -0.229855
v 0.033398 0.258461 -0.229925
v 0.033796 0.259443 -0.229718
v 0.033236 0.258592 -0.229972
v 0.033600 0.259456 -0.229785
v 0.033085 0.258714 -0.230015
v 0.033405 0.259470 -0.229852
v 0.032936 0.258836 -0.230059
v 0.033209 0.259483 -0.229918
v 0.032788 0.258956 -0.230102
v 0.032969 0.259500 -0.230001
v 0.032677 0.259046 -0.230134
v 0.023540 0.272389 -0.187302
v 0.023438 0.272668 -0.187144
v 0.023381 0.273066 -0.187069
v 0.023362 0.273113 -0.186989
v 0.022989 0.274004 -0.186366
v 0.022983 0.273766 -0.186185
v 0.023341 0.273314 -0.187067
v 0.023306 0.273583 -0.187135
v 0.023600 0.272088 -0.187371
v 0.023530 0.272035 -0.187217
v 0.023492 0.272295 -0.187187
v 0.024492 0.260969 -0.230017
v 0.024440 0.260676 -0.229830
v 0.024475 0.260689 -0.229971
v 0.024459 0.261537 -0.230120
v 0.024524 0.261150 -0.230054
v 0.024401 0.261783 -0.229826
v 0.024494 0.261091 -0.230202
v 0.024488 0.260720 -0.230120
v 0.024426 0.261573 -0.229898
v 0.024483 0.261347 -0.230010
v 0.024409 0.261099 -0.229846
v 0.024484 0.261266 -0.230245
v 0.024491 0.261237 -0.230451
v 0.008331 0.240602 -0.055518
v 0.024500 0.261141 -0.230577
v 0.024482 0.261367 -0.230414
v 0.024502 0.261088 -0.230774
v 0.024501 0.261234 -0.230829
v 0.024501 0.260995 -0.230549
v 0.024503 0.260948 -0.230720
v 0.024502 0.260854 -0.230497
v 0.024505 0.260808 -0.230667
v 0.024499 0.261039 -0.230377
v 0.024500 0.260896 -0.230326
v 0.024501 0.260745 -0.230276
v 0.024504 0.260712 -0.230447
v 0.024494 0.260501 -0.230419
v 0.024507 0.260533 -0.230562
v 0.024506 0.260667 -0.230613
v 0.024483 0.260472 -0.230288
v 0.024469 0.260438 -0.230135
v 0.024456 0.260404 -0.229980
v 0.024471 0.260387 -0.229771
v 0.024442 0.260986 -0.229900
v 0.024522 0.260108 -0.229670
v 0.024412 0.260105 -0.229686
v 0.024596 0.259840 -0.229530
v 0.024385 0.259856 -0.229581
v 0.024667 0.260141 -0.229656
v 0.024898 0.259816 -0.229457
v 0.024429 0.260769 -0.229763
v 0.024475 0.261422 -0.230290
v 0.024259 0.261911 -0.229695
v 0.024420 0.261979 -0.229653
v 0.024155 0.262184 -0.229558
v 0.024584 0.260935 -0.230157
v 0.011931 0.210601 -0.040530
v 0.012404 0.213186 -0.038597
v 0.012560 0.210250 -0.038531
v 0.011870 0.212340 -0.039963
v 0.012486 0.211646 -0.038563
v 0.012249 0.211532 -0.039100
v 0.012192 0.212777 -0.039107
v 0.012281 0.210456 -0.039201
v 0.011960 0.212328 -0.039665
v 0.012000 0.211386 -0.039733
v 0.011851 0.211316 -0.040502
v 0.012023 0.210646 -0.039818
v 0.012647 0.212129 -0.041468
v 0.012413 0.212206 -0.041417
v 0.012375 0.212236 -0.041201
v 0.012381 0.211220 -0.041208
v 0.012714 0.211560 -0.041535
v 0.012831 0.212498 -0.041715
v 0.012636 0.212944 -0.041579
v 0.013007 0.211980 -0.041823
v 0.012094 0.212329 -0.041011
v 0.012532 0.213273 -0.041635
v 0.012745 0.212681 -0.041754
v 0.012878 0.212012 -0.041788
v 0.012535 0.211537 -0.041442
v 0.012132 0.211185 -0.041039
v 0.012772 0.210903 -0.041570
v 0.012393 0.210425 -0.041193
v 0.011933 0.209845 -0.040735
v 0.011892 0.211194 -0.040709
v 0.011848 0.212642 -0.040681
v 0.012144 0.212432 -0.040972
v 0.012472 0.213395 -0.041475
v 0.012405 0.213631 -0.041468
v 0.012860 0.214310 -0.042040
v 0.013000 0.213708 -0.042089
v 0.012932 0.213971 -0.042064
v 0.013052 0.213434 -0.042105
v 0.013177 0.212871 -0.042148
v 0.023476 0.272697 -0.187213
v 0.013439 0.211761 -0.042241
v 0.012861 0.211010 -0.041681
v 0.012542 0.210586 -0.041368
v 0.012097 0.211118 -0.040929
v 0.012195 0.210123 -0.041027
v 0.011832 0.211099 -0.040668
v 0.011817 0.209619 -0.040656
v 0.013158 0.213031 -0.042144
v 0.013311 0.212322 -0.042196
v 0.013161 0.211402 -0.041966
v 0.010742 0.239984 -0.055047
v 0.008569 0.240491 -0.054202
v 0.008252 0.240624 -0.055652
v 0.009508 0.240302 -0.055513
v 0.009517 0.240287 -0.055297
v 0.010404 0.240063 -0.054916
v 0.008875 0.240419 -0.054321
v 0.008689 0.240511 -0.055119
v 0.008400 0.240578 -0.054999
v 0.061465 0.154097 -0.355548
v 0.008933 0.240455 -0.055236
v 0.008292 0.240648 -0.055895
v 0.009155 0.240405 -0.055365
v 0.008327 0.240615 -0.056061
v 0.009337 0.240365 -0.055563
v 0.061612 0.153921 -0.355837
v 0.009477 0.240325 -0.055693
v 0.008398 0.240613 -0.056232
v 0.005758 0.086937 0.153265
v 0.010271 0.240094 -0.054864
v 0.010013 0.240154 -0.054764
v 0.009764 0.240212 -0.054667
v 0.009406 0.240295 -0.054528
v 0.009135 0.240359 -0.054422
v 0.008447 0.241001 -0.059443
v 0.008326 0.240756 -0.060846
v 0.008442 0.241359 -0.058824
v 0.008371 0.241175 -0.058728
v 0.008427 0.240815 -0.059132
v 0.008803 0.240479 -0.059283
v 0.008824 0.240543 -0.059665
v 0.008625 0.240699 -0.060485
v 0.008474 0.240944 -0.060005
v 0.008414 0.241308 -0.059914
v 0.008505 0.241412 -0.059490
v 0.008542 0.241619 -0.058959
v 0.008071 0.240924 -0.061555
v 0.008286 0.240782 -0.060969
v 0.008527 0.240792 -0.060826
v 0.008463 0.240924 -0.060459
v 0.007960 0.240764 -0.061174
v 0.008329 0.241252 -0.060334
v 0.008254 0.241226 -0.060718
v 0.008451 0.241252 -0.060799
v 0.008345 0.241366 -0.060315
v 0.008010 0.241247 -0.061223
v 0.008567 0.241129 -0.061327
v 0.007782 0.241267 -0.061692
v 0.008691 0.240996 -0.061891
v 0.008380 0.241508 -0.059888
v 0.008492 0.241659 -0.059516
v 0.008626 0.241839 -0.059074
v 0.008451 0.240684 -0.058809
v 0.008783 0.240415 -0.058899
v 0.008450 0.240643 -0.058476
v 0.008763 0.240353 -0.058525
v 0.008379 0.240659 -0.058100
v 0.008671 0.240375 -0.058134
v 0.008268 0.240706 -0.057709
v 0.008550 0.240433 -0.057747
v 0.008162 0.240768 -0.057318
v 0.008428 0.240492 -0.057354
v 0.008059 0.240831 -0.056923
v 0.008307 0.240550 -0.056965
v 0.007994 0.240844 -0.056526
v 0.008182 0.240610 -0.056566
v 0.008023 0.240706 -0.056020
v 0.070173 0.068679 0.165427
v 0.008214 0.240642 -0.055432
v 0.008568 0.240569 -0.055415
v 0.008259 0.240646 -0.054905
v 0.008847 0.240529 -0.054745
v 0.007801 0.240888 -0.055445
v 0.007857 0.240727 -0.055015
v 0.007739 0.241063 -0.055913
v 0.007674 0.241248 -0.056408
v 0.007758 0.241161 -0.056839
v 0.007862 0.241036 -0.057245
v 0.007964 0.240912 -0.057645
v 0.008066 0.240789 -0.058043
v 0.008166 0.240667 -0.058436
v 0.008269 0.240911 -0.058591
vt 0.016397 0.155948
vt 0.021961 0.156878
vt 0.022015 0.161595
vt 0.016799 0.161319
vt 0.250651 0.622168
vt 0.251743 0.627528
vt 0.246452 0.627555
vt 0.245872 0.621973
vt 0.016713 0.488807
vt 0.016996 0.484140
vt 0.022430 0.483980
vt 0.022282 0.488261
vt 0.266652 0.928480
vt 0.267052 0.923973
vt 0.273521 0.924933
vt 0.272991 0.930125
vt 0.411469 0.776052
vt 0.410137 0.769735
vt 0.414044 0.770469
vt 0.414980 0.777930
vt 0.086370 0.628114
vt 0.089551 0.626272
vt 0.088618 0.632612
vt 0.085055 0.632615
vt 0.417694 0.778911
vt 0.418551 0.770715
vt 0.263672 0.931522
vt 0.263357 0.941238
vt 0.257891 0.941612
vt 0.257740 0.933809
vt 0.271844 0.935751
vt 0.271128 0.942020
vt 0.092070 0.625111
vt 0.092299 0.632366
vt 0.257722 0.925809
vt 0.263590 0.924268
vt 0.258731 0.946302
vt 0.262768 0.947617
vt 0.175122 0.634331
vt 0.178799 0.633313
vt 0.179008 0.638638
vt 0.173959 0.638975
vt 0.019487 0.412355
vt 0.023526 0.410854
vt 0.023191 0.415812
vt 0.018674 0.416138
vt 0.192823 0.636007
vt 0.195050 0.630913
vt 0.202506 0.629609
vt 0.202923 0.635822
vt 0.157736 0.673105
vt 0.157736 0.666579
vt 0.161520 0.665426
vt 0.162085 0.670167
vt 0.184880 0.637954
vt 0.183829 0.632819
vt 0.189512 0.631486
vt 0.203071 0.643055
vt 0.193261 0.644015
vt 0.185749 0.644755
vt 0.193621 0.628101
vt 0.202233 0.624223
vt 0.275694 0.866081
vt 0.274344 0.870824
vt 0.271190 0.866994
vt 0.274720 0.863469
vt 0.286533 0.865683
vt 0.285634 0.872325
vt 0.004296 0.005316
vt 0.008563 0.004401
vt 0.009005 0.017523
vt 0.003434 0.016142
vt 0.267250 0.859568
vt 0.275878 0.857219
vt 0.086352 0.697018
vt 0.085147 0.676020
vt 0.091132 0.675905
vt 0.091120 0.697868
vt 0.261789 0.858778
vt 0.258504 0.839403
vt 0.265648 0.841511
vt 0.270544 0.882515
vt 0.264930 0.880585
vt 0.693479 0.424815
vt 0.686428 0.423598
vt 0.688052 0.419257
vt 0.696850 0.420808
vt 0.886836 0.607913
vt 0.869210 0.605018
vt 0.869719 0.599963
vt 0.887971 0.601464
vt 0.711794 0.422289
vt 0.711117 0.426339
vt 0.902568 0.603919
vt 0.898733 0.608727
vt 0.899539 0.615826
vt 0.893813 0.615984
vt 0.249254 0.426269
vt 0.248801 0.432417
vt 0.226819 0.429912
vt 0.226362 0.424284
vt 0.225038 0.418811
vt 0.243696 0.420333
vt 0.253357 0.419991
vt 0.255781 0.425102
vt 0.268509 0.429787
vt 0.267822 0.435094
vt 0.909150 0.598961
vt 0.889919 0.596630
vt 0.058332 0.930985
vt 0.058531 0.938745
vt 0.050442 0.938745
vt 0.052015 0.929536
vt 0.394726 0.919802
vt 0.398985 0.916017
vt 0.407859 0.911940
vt 0.410435 0.918464
vt 0.418741 0.926710
vt 0.396700 0.927541
vt 0.379975 0.919609
vt 0.381056 0.913893
vt 0.389546 0.911612
vt 0.378276 0.926802
vt 0.418740 0.919029
vt 0.424247 0.926150
vt 0.417446 0.935548
vt 0.395443 0.935404
vt 0.439211 0.930827
vt 0.439582 0.938303
vt 0.166100 0.771352
vt 0.168959 0.776949
vt 0.167199 0.791639
vt 0.164354 0.791782
vt 0.369981 0.910870
vt 0.376285 0.903081
vt 0.396954 0.908095
vt 0.404681 0.902607
vt 0.119313 0.898978
vt 0.113730 0.903438
vt 0.108884 0.897771
vt 0.115845 0.892540
vt 0.913487 0.277939
vt 0.913830 0.270398
vt 0.918484 0.271989
vt 0.912925 0.279147
vt 0.371998 0.738423
vt 0.374709 0.739049
vt 0.376025 0.747779
vt 0.372477 0.746976
vt 0.164354 0.832939
vt 0.164892 0.824430
vt 0.169707 0.823032
vt 0.169462 0.831709
vt 0.480352 0.927448
vt 0.482416 0.919646
vt 0.489594 0.921927
vt 0.490390 0.931545
vt 0.011632 0.004482
vt 0.016366 0.007015
vt 0.016036 0.013352
vt 0.011632 0.012282
vt 0.485689 0.946384
vt 0.475904 0.944389
vt 0.473851 0.936739
vt 0.484609 0.938747
vt 0.491803 0.941264
vt 0.489121 0.948639
vt 0.478230 0.950422
vt 0.078792 0.593514
vt 0.078033 0.603191
vt 0.071054 0.603318
vt 0.071054 0.594999
vt 0.379898 0.787915
vt 0.372029 0.786892
vt 0.371998 0.780461
vt 0.380018 0.780410
vt 0.419935 0.871312
vt 0.416290 0.878850
vt 0.404596 0.880382
vt 0.406260 0.871620
vt 0.420171 0.862423
vt 0.429272 0.861668
vt 0.429612 0.868232
vt 0.407865 0.863202
vt 0.395925 0.879505
vt 0.395409 0.872039
vt 0.404926 0.890268
vt 0.397432 0.886924
vt 0.416620 0.888068
vt 0.422521 0.852521
vt 0.409640 0.853241
vt 0.410164 0.841197
vt 0.423697 0.840524
vt 0.430120 0.855151
vt 0.382269 0.877496
vt 0.381762 0.882694
vt 0.375048 0.881600
vt 0.377872 0.873901
vt 0.388612 0.878216
vt 0.390153 0.884435
vt 0.078850 0.784739
vt 0.081039 0.790131
vt 0.073849 0.788073
vt 0.073326 0.780337
vt 0.371544 0.877763
vt 0.374251 0.872066
vt 0.383948 0.871828
vt 0.379195 0.864138
vt 0.394150 0.863798
vt 0.382526 0.891539
vt 0.376051 0.899332
vt 0.372366 0.893842
vt 0.375269 0.885515
vt 0.393077 0.892699
vt 0.394202 0.900026
vt 0.385838 0.901323
vt 0.411934 0.900375
vt 0.400656 0.895273
vt 0.389455 0.673105
vt 0.381696 0.671565
vt 0.384707 0.666971
vt 0.389455 0.665094
vt 0.397536 0.891073
vt 0.904977 0.818765
vt 0.904977 0.828437
vt 0.901656 0.827806
vt 0.900744 0.822192
vt 0.064362 0.931147
vt 0.069787 0.929879
vt 0.069787 0.938745
vt 0.062024 0.937688
vt 0.346241 0.843145
vt 0.343596 0.845732
vt 0.339455 0.843498
vt 0.343157 0.838452
vt 0.351639 0.844630
vt 0.346161 0.848016
vt 0.132527 0.614455
vt 0.129502 0.616825
vt 0.129502 0.609144
vt 0.132820 0.610322
vt 0.794495 0.653188
vt 0.796920 0.651692
vt 0.796920 0.659598
vt 0.791641 0.658653
vt 0.321423 0.846828
vt 0.329008 0.841198
vt 0.330370 0.846996
vt 0.319288 0.848663
vt 0.316756 0.844072
vt 0.318569 0.839980
vt 0.338500 0.846125
vt 0.349080 0.853475
vt 0.340739 0.853655
vt 0.332130 0.853899
vt 0.339303 0.837022
vt 0.328945 0.832738
vt 0.338725 0.829845
vt 0.356621 0.852747
vt 0.350749 0.835860
vt 0.362080 0.833417
vt 0.363502 0.843597
vt 0.315499 0.837683
vt 0.320855 0.830835
vt 0.326264 0.823026
vt 0.339543 0.821458
vt 0.348606 0.828131
vt 0.349227 0.821606
vt 0.362284 0.819088
vt 0.361903 0.825041
vt 0.350824 0.813325
vt 0.362901 0.812175
vt 0.339267 0.814289
vt 0.318662 0.824040
vt 0.314415 0.829638
vt 0.306336 0.827842
vt 0.314176 0.820701
vt 0.808918 0.857901
vt 0.814930 0.854888
vt 0.814930 0.866707
vt 0.808734 0.864505
vt 0.015845 0.926373
vt 0.020087 0.926754
vt 0.021499 0.934318
vt 0.014857 0.932556
vt 0.249490 0.885819
vt 0.254380 0.882634
vt 0.254384 0.888686
vt 0.249490 0.890698
vt 0.285147 0.826124
vt 0.284624 0.820537
vt 0.292270 0.822573
vt 0.288192 0.827200
vt 0.846446 0.878432
vt 0.842461 0.886968
vt 0.842461 0.877406
vt 0.846303 0.875029
vt 0.272543 0.827441
vt 0.275385 0.845907
vt 0.263751 0.825835
vt 0.276155 0.830714
vt 0.275720 0.839619
vt 0.711375 0.814495
vt 0.711375 0.823934
vt 0.708667 0.823780
vt 0.706177 0.815637
vt 0.250267 0.895972
vt 0.254158 0.894678
vt 0.282138 0.830732
vt 0.295170 0.830228
vt 0.291517 0.834663
vt 0.279005 0.840618
vt 0.286804 0.842448
vt 0.299149 0.837557
vt 0.295310 0.842897
vt 0.299812 0.848523
vt 0.287969 0.846330
vt 0.306315 0.842396
vt 0.312139 0.843915
vt 0.310017 0.848996
vt 0.307764 0.853919
vt 0.291521 0.851974
vt 0.283287 0.851472
vt 0.282223 0.851317
vt 0.320099 0.854523
vt 0.736067 0.837881
vt 0.740367 0.835133
vt 0.740640 0.841944
vt 0.735217 0.841944
vt 0.602214 0.001978
vt 0.605569 0.000501
vt 0.605569 0.009005
vt 0.599525 0.007486
vt 0.149279 0.496673
vt 0.148576 0.493234
vt 0.153081 0.491934
vt 0.153081 0.497512
vt 0.789449 0.920736
vt 0.787862 0.911050
vt 0.794356 0.911642
vt 0.793837 0.919944
vt 0.361183 0.859952
vt 0.367858 0.861553
vt 0.368439 0.870207
vt 0.362385 0.869546
vt 0.388752 0.713234
vt 0.392202 0.715272
vt 0.393027 0.722196
vt 0.387674 0.723128
vt 0.365579 0.852839
vt 0.351140 0.857659
vt 0.360304 0.860960
vt 0.360544 0.869277
vt 0.353662 0.868249
vt 0.352782 0.861140
vt 0.117062 0.821683
vt 0.112067 0.817656
vt 0.111396 0.804986
vt 0.117062 0.806152
vt 0.359485 0.934988
vt 0.356972 0.941326
vt 0.335119 0.941138
vt 0.336089 0.935713
vt 0.375846 0.934936
vt 0.374557 0.941204
vt 0.366055 0.924566
vt 0.413967 0.683147
vt 0.415421 0.706518
vt 0.410498 0.706339
vt 0.410137 0.685275
vt 0.927767 0.356466
vt 0.931991 0.356153
vt 0.931991 0.366711
vt 0.925910 0.366943
vt 0.364549 0.893375
vt 0.370215 0.893494
vt 0.360467 0.924607
vt 0.360868 0.909790
vt 0.761958 0.780275
vt 0.772157 0.782023
vt 0.772157 0.796672
vt 0.765872 0.796920
vt 0.369847 0.880832
vt 0.362956 0.879285
vt 0.346260 0.926601
vt 0.336219 0.927002
vt 0.336652 0.919982
vt 0.349099 0.921357
vt 0.247242 0.883837
vt 0.247391 0.890176
vt 0.240680 0.890155
vt 0.242179 0.882722
vt 0.251642 0.874118
vt 0.254384 0.878857
vt 0.517267 0.818281
vt 0.517022 0.825202
vt 0.511096 0.823668
vt 0.514756 0.814671
vt 0.523788 0.812473
vt 0.524210 0.818452
vt 0.524412 0.826020
vt 0.020261 0.007123
vt 0.019612 0.014706
vt 0.147781 0.933119
vt 0.149444 0.923682
vt 0.156239 0.923669
vt 0.155392 0.931755
vt 0.173245 0.831224
vt 0.173341 0.821757
vt 0.198396 0.928368
vt 0.202607 0.929678
vt 0.194417 0.936494
vt 0.192700 0.931162
vt 0.402427 0.661759
vt 0.407465 0.657952
vt 0.407465 0.668630
vt 0.402902 0.673105
vt 0.481174 0.873426
vt 0.473358 0.865224
vt 0.472389 0.855028
vt 0.481327 0.859379
vt 0.488792 0.862057
vt 0.488557 0.877197
vt 0.201248 0.877048
vt 0.201262 0.885369
vt 0.195698 0.884348
vt 0.194817 0.876973
vt 0.559830 0.838838
vt 0.563880 0.843819
vt 0.548275 0.861460
vt 0.543903 0.858867
vt 0.563051 0.827378
vt 0.584475 0.825788
vt 0.583449 0.832195
vt 0.584110 0.836652
vt 0.545505 0.837444
vt 0.547872 0.827252
vt 0.536755 0.856720
vt 0.599013 0.764047
vt 0.608478 0.763446
vt 0.604994 0.769957
vt 0.592995 0.768638
vt 0.595229 0.757382
vt 0.602964 0.755350
vt 0.731672 0.606260
vt 0.750825 0.603526
vt 0.752050 0.607114
vt 0.740304 0.609405
vt 0.733801 0.614647
vt 0.726662 0.613959
vt 0.727281 0.598019
vt 0.749057 0.597285
vt 0.338810 0.622922
vt 0.342980 0.627848
vt 0.342662 0.648947
vt 0.338033 0.648586
vt 0.706775 0.606450
vt 0.715489 0.614211
vt 0.705618 0.598661
vt 0.681135 0.604456
vt 0.681358 0.598749
vt 0.340251 0.614115
vt 0.343970 0.617701
vt 0.555021 0.933743
vt 0.558823 0.927104
vt 0.579906 0.937197
vt 0.579667 0.942840
vt 0.557044 0.947941
vt 0.541410 0.947263
vt 0.539653 0.934599
vt 0.579582 0.950114
vt 0.519647 0.962785
vt 0.516917 0.965608
vt 0.512702 0.959186
vt 0.518603 0.957625
vt 0.102177 0.593574
vt 0.103555 0.600440
vt 0.098036 0.601067
vt 0.098036 0.592413
vt 0.528548 0.956287
vt 0.527985 0.962763
vt 0.609695 0.875960
vt 0.617658 0.872482
vt 0.621343 0.884736
vt 0.616672 0.885105
vt 0.926525 0.351185
vt 0.928248 0.346693
vt 0.933941 0.341984
vt 0.934243 0.351185
vt 0.150830 0.877584
vt 0.145999 0.893844
vt 0.139811 0.893627
vt 0.143372 0.878882
vt 0.610702 0.871453
vt 0.594893 0.869323
vt 0.595863 0.862328
vt 0.576698 0.871759
vt 0.572818 0.867830
vt 0.582359 0.862457
vt 0.583281 0.869295
vt 0.573780 0.877496
vt 0.566527 0.875307
vt 0.582516 0.877455
vt 0.592509 0.903780
vt 0.594349 0.909020
vt 0.585117 0.909696
vt 0.586260 0.903450
vt 0.596185 0.898606
vt 0.603168 0.903424
vt 0.588020 0.895996
vt 0.580976 0.902007
vt 0.577131 0.905994
vt 0.572098 0.897274
vt 0.580099 0.895738
vt 0.473373 0.421280
vt 0.475000 0.426113
vt 0.473373 0.427726
vt 0.474611 0.425974
vt 0.764448 0.931991
vt 0.764333 0.922747
vt 0.769694 0.921534
vt 0.769906 0.931313
vt 0.216820 0.879283
vt 0.222605 0.886644
vt 0.212336 0.890515
vt 0.211106 0.877934
vt 0.454875 0.845568
vt 0.458749 0.843452
vt 0.463754 0.853618
vt 0.454597 0.854537
vt 0.441292 0.846829
vt 0.441962 0.839239
vt 0.440872 0.852497
vt 0.440824 0.860764
vt 0.410404 0.830162
vt 0.423281 0.830406
vt 0.442245 0.829785
vt 0.410484 0.822338
vt 0.424549 0.822160
vt 0.442330 0.822618
vt 0.082354 0.686835
vt 0.079890 0.686578
vt 0.079520 0.679767
vt 0.082539 0.679351
vt 0.403338 0.615792
vt 0.400138 0.614903
vt 0.400928 0.611154
vt 0.403565 0.611193
vt 0.404075 0.618637
vt 0.400125 0.620032
vt 0.557409 0.778744
vt 0.558679 0.780985
vt 0.560546 0.783943
vt 0.557409 0.785664
vt 0.621779 0.527007
vt 0.619751 0.534662
vt 0.615878 0.532442
vt 0.617154 0.527998
vt 0.618656 0.525863
vt 0.622788 0.520647
vt 0.628926 0.521769
vt 0.617281 0.524616
vt 0.612673 0.526247
vt 0.614554 0.519955
vt 0.618374 0.520188
vt 0.682940 0.874915
vt 0.685181 0.862269
vt 0.691029 0.861357
vt 0.689736 0.872035
vt 0.018975 0.519944
vt 0.020261 0.526778
vt 0.014335 0.524975
vt 0.013010 0.514160
vt 0.015394 0.506325
vt 0.020261 0.512826
vt 0.675085 0.875607
vt 0.678001 0.863164
vt 0.009743 0.524565
vt 0.008534 0.515592
vt 0.921028 0.054029
vt 0.916369 0.053655
vt 0.918776 0.040286
vt 0.922987 0.039740
vt 0.922097 0.739648
vt 0.919416 0.753863
vt 0.912594 0.754098
vt 0.914527 0.742138
vt 0.922987 0.496689
vt 0.919174 0.504951
vt 0.910552 0.504961
vt 0.905687 0.495668
vt 0.665724 0.878096
vt 0.669034 0.864577
vt 0.907934 0.734819
vt 0.917499 0.734328
vt 0.907827 0.743123
vt 0.655675 0.879162
vt 0.656650 0.864336
vt 0.664230 0.895383
vt 0.653833 0.894615
vt 0.733204 0.801485
vt 0.755804 0.803526
vt 0.755375 0.809106
vt 0.730884 0.808877
vt 0.708980 0.803853
vt 0.711863 0.796574
vt 0.727468 0.793837
vt 0.733439 0.792330
vt 0.739824 0.798887
vt 0.002463 0.508230
vt 0.006754 0.513907
vt 0.006634 0.529029
vt 0.002463 0.528515
vt 0.713362 0.785429
vt 0.718947 0.767363
vt 0.725246 0.767831
vt 0.725029 0.783800
vt 0.710401 0.782503
vt 0.714492 0.766674
vt 0.389455 0.679510
vt 0.379056 0.697868
vt 0.379633 0.691016
vt 0.385017 0.678391
vt 0.631530 0.935103
vt 0.604194 0.943269
vt 0.602367 0.937535
vt 0.624391 0.928540
vt 0.639094 0.911279
vt 0.645849 0.914187
vt 0.629907 0.948114
vt 0.604406 0.950144
vt 0.658315 0.916326
vt 0.652743 0.935888
vt 0.650809 0.948399
vt 0.793472 0.694216
vt 0.796878 0.692910
vt 0.796976 0.703385
vt 0.792499 0.704490
vt 0.599260 0.607696
vt 0.609541 0.611062
vt 0.611244 0.622030
vt 0.599444 0.617905
vt 0.592239 0.615415
vt 0.597900 0.607873
vt 0.753173 0.790133
vt 0.751319 0.794935
vt 0.742831 0.792820
vt 0.743312 0.787895
vt 0.863149 0.875420
vt 0.864255 0.888702
vt 0.858912 0.888030
vt 0.858429 0.875911
vt 0.904539 0.679705
vt 0.911894 0.682127
vt 0.912863 0.694526
vt 0.906575 0.694710
vt 0.748449 0.779298
vt 0.755541 0.780529
vt 0.760901 0.789454
vt 0.741946 0.779204
vt 0.918484 0.673721
vt 0.917319 0.683564
vt 0.910351 0.671901
vt 0.671896 0.899726
vt 0.670234 0.918108
vt 0.687211 0.957386
vt 0.688237 0.951635
vt 0.694094 0.954175
vt 0.690180 0.961071
vt 0.680468 0.957442
vt 0.680013 0.949914
vt 0.681609 0.963510
vt 0.373177 0.685186
vt 0.375141 0.675158
vt 0.380728 0.676628
vt 0.376735 0.688277
vt 0.881723 0.876308
vt 0.877422 0.878731
vt 0.870966 0.873592
vt 0.873205 0.870407
vt 0.882465 0.887931
vt 0.878669 0.888765
vt 0.369471 0.695411
vt 0.365474 0.692127
vt 0.913064 0.002844
vt 0.917856 0.001799
vt 0.916044 0.011849
vt 0.911276 0.011351
vt 0.908222 0.730796
vt 0.907183 0.722166
vt 0.912851 0.721728
vt 0.912962 0.731636
vt 0.793857 0.002701
vt 0.798206 0.001579
vt 0.798955 0.007524
vt 0.793407 0.007589
vt 0.917888 0.730660
vt 0.918288 0.721781
vt 0.803132 0.000606
vt 0.805925 0.006412
vt 0.910078 0.552534
vt 0.910504 0.543503
vt 0.916901 0.543328
vt 0.916352 0.553792
vt 0.793407 0.012885
vt 0.798986 0.013507
vt 0.922987 0.002721
vt 0.922323 0.012417
vt 0.922178 0.791135
vt 0.916622 0.792418
vt 0.917393 0.781529
vt 0.922949 0.781448
vt 0.922419 0.551861
vt 0.922579 0.543383
vt 0.805498 0.012730
vt 0.910371 0.789988
vt 0.910868 0.781434
vt 0.615691 0.537229
vt 0.626611 0.541498
vt 0.621295 0.546969
vt 0.608561 0.543123
vt 0.605980 0.537599
vt 0.612250 0.534516
vt 0.607371 0.531117
vt 0.605899 0.528722
vt 0.604199 0.527598
vt 0.602380 0.532127
vt 0.603012 0.528936
vt 0.496992 0.895482
vt 0.499270 0.890033
vt 0.503547 0.890993
vt 0.504153 0.898436
vt 0.029265 0.848417
vt 0.021536 0.850941
vt 0.023474 0.842918
vt 0.027531 0.842678
vt 0.024631 0.858086
vt 0.020727 0.859545
vt 0.503657 0.905247
vt 0.501463 0.904914
vt 0.023701 0.864456
vt 0.021621 0.863823
vt 0.387204 0.692332
vt 0.387204 0.697075
vt 0.383163 0.696161
vt 0.383166 0.694818
vt 0.423888 0.762135
vt 0.420862 0.760668
vt 0.421870 0.753348
vt 0.424831 0.753523
vt 0.504698 0.908332
vt 0.501745 0.911299
vt 0.587835 0.673083
vt 0.586856 0.665338
vt 0.589811 0.664630
vt 0.586941 0.675356
vt 0.510744 0.820621
vt 0.508860 0.821683
vt 0.508860 0.810301
vt 0.511019 0.813543
vt 0.386537 0.697874
vt 0.385610 0.700119
vt 0.000937 0.901286
vt 0.001458 0.894823
vt 0.004502 0.896377
vt 0.004502 0.904977
vt 0.067536 0.867689
vt 0.066893 0.873461
vt 0.065600 0.873436
vt 0.065600 0.864395
vt 0.114470 0.884299
vt 0.114503 0.875683
vt 0.117062 0.877208
vt 0.117021 0.884448
vt 0.117062 0.885523
vt 0.116173 0.886968
vt 0.004062 0.002251
vt 0.004062 0.000745
vt 0.004166 0.000765
vt 0.004502 0.001332
vt 0.472196 0.425011
vt 0.472749 0.425798
vt 0.470043 0.423625
vt 0.469809 0.422145
vt 0.094887 0.632589
vt 0.094866 0.630916
vt 0.098237 0.628417
vt 0.099052 0.632615
vt 0.420972 0.884661
vt 0.418792 0.886968
vt 0.418792 0.879879
vt 0.419630 0.876226
vt 0.601820 0.556169
vt 0.606116 0.549956
vt 0.617990 0.552492
vt 0.615328 0.557347
vt 0.489920 0.771907
vt 0.485490 0.771916
vt 0.485490 0.767322
vt 0.487764 0.767586
vt 0.907859 0.019188
vt 0.906265 0.026004
vt 0.899962 0.024752
vt 0.900505 0.019009
vt 0.910589 0.022543
vt 0.910428 0.027164
vt 0.490761 0.778734
vt 0.486189 0.778639
vt 0.114977 0.861117
vt 0.118217 0.859024
vt 0.118822 0.862463
vt 0.114425 0.864191
vt 0.909688 0.570003
vt 0.909761 0.573101
vt 0.903805 0.573692
vt 0.903490 0.569610
vt 0.908879 0.559932
vt 0.902677 0.560050
vt 0.902344 0.556085
vt 0.908416 0.556358
vt 0.252133 0.871646
vt 0.246984 0.872840
vt 0.246863 0.868054
vt 0.251175 0.867312
vt 0.016334 0.405458
vt 0.016778 0.401127
vt 0.021509 0.400881
vt 0.021272 0.405063
vt 0.893325 0.155059
vt 0.888392 0.153978
vt 0.888578 0.149458
vt 0.893429 0.149891
vt 0.073185 0.828303
vt 0.084143 0.836636
vt 0.074112 0.839516
vt 0.070971 0.832864
vt 0.063567 0.834641
vt 0.063087 0.828210
vt 0.400048 0.678210
vt 0.394899 0.674794
vt 0.391230 0.667971
vt 0.400711 0.664558
vt 0.175776 0.839231
vt 0.174291 0.837706
vt 0.176794 0.829794
vt 0.183987 0.832726
vt 0.170263 0.848031
vt 0.167862 0.843770
vt 0.183574 0.845844
vt 0.394893 0.688863
vt 0.390279 0.683696
vt 0.077213 0.828086
vt 0.075270 0.816794
vt 0.080920 0.816636
vt 0.086665 0.827615
vt 0.090844 0.845720
vt 0.076359 0.847596
vt 0.090594 0.812139
vt 0.096832 0.815925
vt 0.092778 0.825493
vt 0.085247 0.816275
vt 0.122396 0.854801
vt 0.098179 0.858906
vt 0.095747 0.853362
vt 0.114473 0.850666
vt 0.180411 0.770843
vt 0.175698 0.763445
vt 0.175801 0.745406
vt 0.181703 0.747370
vt 0.187229 0.748588
vt 0.187815 0.770973
vt 0.188385 0.795149
vt 0.181128 0.795190
vt 0.162085 0.840579
vt 0.155752 0.846446
vt 0.155752 0.838027
vt 0.160971 0.831871
vt 0.276052 0.818248
vt 0.269931 0.816158
vt 0.276123 0.812769
vt 0.285225 0.810628
vt 0.285501 0.816623
vt 0.022512 0.936494
vt 0.013185 0.936494
vt 0.369312 0.702562
vt 0.371478 0.698815
vt 0.375532 0.703338
vt 0.370382 0.707119
vt 0.364060 0.709104
vt 0.363437 0.703889
vt 0.262810 0.812340
vt 0.268839 0.810007
vt 0.262367 0.816686
vt 0.933657 0.474086
vt 0.927255 0.475000
vt 0.927255 0.467844
vt 0.934243 0.466002
vt 0.297721 0.816548
vt 0.311669 0.813471
vt 0.302944 0.820247
vt 0.296859 0.809231
vt 0.310298 0.807319
vt 0.325323 0.810353
vt 0.325849 0.816709
vt 0.298060 0.825482
vt 0.083270 0.752277
vt 0.075989 0.754101
vt 0.075741 0.738797
vt 0.083846 0.737122
vt 0.090254 0.743520
vt 0.088263 0.750055
vt 0.087971 0.758593
vt 0.092864 0.736570
vt 0.096056 0.750536
vt 0.095368 0.761825
vt 0.484005 0.775939
vt 0.482957 0.781182
vt 0.473498 0.780190
vt 0.478031 0.771436
vt 0.100363 0.753694
vt 0.100944 0.763274
vt 0.100288 0.636734
vt 0.107434 0.635595
vt 0.107914 0.646224
vt 0.101074 0.645238
vt 0.411967 0.648342
vt 0.406689 0.645128
vt 0.407284 0.629834
vt 0.411660 0.629695
vt 0.076275 0.735721
vt 0.074438 0.754365
vt 0.069209 0.753434
vt 0.068086 0.732392
vt 0.521794 0.785104
vt 0.521794 0.773941
vt 0.529029 0.781407
vt 0.526684 0.787915
vt 0.082018 0.713241
vt 0.084556 0.728131
vt 0.073719 0.714100
vt 0.082898 0.705037
vt 0.090479 0.709195
vt 0.092480 0.717255
vt 0.074224 0.689133
vt 0.077676 0.687400
vt 0.093479 0.727292
vt 0.920561 0.697738
vt 0.929740 0.699338
vt 0.929740 0.722631
vt 0.922906 0.721554
vt 0.168177 0.643496
vt 0.168839 0.656445
vt 0.163860 0.656361
vt 0.163961 0.640539
vt 0.816497 0.918396
vt 0.812570 0.922807
vt 0.807717 0.909132
vt 0.814236 0.906636
vt 0.821683 0.920826
vt 0.820418 0.929161
vt 0.082984 0.698291
vt 0.087877 0.700488
vt 0.024870 0.038155
vt 0.023553 0.045024
vt 0.019881 0.027593
vt 0.023765 0.024542
vt 0.029265 0.023432
vt 0.029265 0.040039
vt 0.911771 0.072530
vt 0.908002 0.080307
vt 0.902353 0.079435
vt 0.904122 0.069498
vt 0.815075 0.934243
vt 0.807717 0.926757
vt 0.830688 0.013507
vt 0.824742 0.008844
vt 0.825360 0.000697
vt 0.830688 0.000766
vt 0.098102 0.707235
vt 0.100717 0.717734
vt 0.407465 0.702254
vt 0.406864 0.712181
vt 0.400088 0.711445
vt 0.400883 0.696709
vt 0.103925 0.737507
vt 0.102272 0.727307
vt 0.898549 0.812679
vt 0.897962 0.799019
vt 0.903950 0.798758
vt 0.904977 0.806816
vt 0.781437 0.856368
vt 0.789841 0.858961
vt 0.790167 0.866707
vt 0.781437 0.865527
vt 0.892350 0.811009
vt 0.892350 0.797680
vt 0.109554 0.727566
vt 0.111688 0.738716
vt 0.108435 0.715373
vt 0.114967 0.715448
vt 0.115935 0.728640
vt 0.109472 0.700609
vt 0.114013 0.699407
vt 0.488945 0.821502
vt 0.483829 0.819155
vt 0.485718 0.810512
vt 0.493454 0.817109
vt 0.629002 0.856946
vt 0.629219 0.845212
vt 0.643484 0.847754
vt 0.644004 0.861575
vt 0.620063 0.856562
vt 0.610510 0.850205
vt 0.612877 0.846994
vt 0.614352 0.840451
vt 0.646300 0.877191
vt 0.637454 0.874271
vt 0.630862 0.872708
vt 0.692208 0.821124
vt 0.689319 0.819380
vt 0.691924 0.814257
vt 0.695501 0.818252
vt 0.698000 0.824015
vt 0.692541 0.825026
vt 0.687777 0.824567
vt 0.815420 0.839158
vt 0.812023 0.839693
vt 0.813102 0.832425
vt 0.817181 0.830501
vt 0.057232 0.583864
vt 0.058826 0.592539
vt 0.054579 0.593296
vt 0.053928 0.583840
vt 0.603238 0.495107
vt 0.605830 0.491181
vt 0.607821 0.499849
vt 0.603238 0.504266
vt 0.058531 0.001235
vt 0.058531 0.011256
vt 0.055784 0.009281
vt 0.053800 0.001271
vt 0.047275 0.407291
vt 0.047275 0.411967
vt 0.044816 0.411511
vt 0.044554 0.409014
vt 0.132593 0.820746
vt 0.133739 0.825608
vt 0.135071 0.825733
vt 0.132593 0.835190
vt 0.369195 0.425268
vt 0.369195 0.429977
vt 0.366233 0.427703
vt 0.367431 0.424403
vt 0.781027 0.636538
vt 0.775558 0.639337
vt 0.775558 0.632259
vt 0.781162 0.632140
vt 0.532585 0.499294
vt 0.529522 0.499764
vt 0.530769 0.497210
vt 0.533531 0.495526
vt 0.055739 0.573345
vt 0.055513 0.579806
vt 0.051860 0.581558
vt 0.052714 0.576596
vt 0.580806 0.492688
vt 0.580806 0.499764
vt 0.577853 0.493730
vt 0.578139 0.492289
vt 0.024991 0.912037
vt 0.023532 0.903683
vt 0.029265 0.906512
vt 0.028629 0.913982
vt 0.816213 0.803133
vt 0.816617 0.805733
vt 0.811285 0.806645
vt 0.810445 0.802103
vt 0.150803 0.762434
vt 0.149143 0.756663
vt 0.155227 0.756400
vt 0.155042 0.762634
vt 0.024384 0.900337
vt 0.029265 0.901277
vt 0.015900 0.001797
vt 0.018010 0.001469
vt 0.017460 0.003983
vt 0.015900 0.004502
vt 0.809099 0.894426
vt 0.818357 0.884336
vt 0.820705 0.887300
vt 0.815247 0.897019
vt 0.113105 0.613600
vt 0.118524 0.618191
vt 0.117347 0.628816
vt 0.109655 0.626692
vt 0.099755 0.611331
vt 0.099813 0.605100
vt 0.113285 0.604645
vt 0.127348 0.604563
vt 0.126830 0.608359
vt 0.099027 0.619472
vt 0.905736 0.145720
vt 0.903528 0.135049
vt 0.908581 0.133137
vt 0.913474 0.143962
vt 0.911709 0.153081
vt 0.902792 0.149651
vt 0.407465 0.778568
vt 0.403164 0.782297
vt 0.401790 0.768588
vt 0.407021 0.767871
vt 0.594617 0.502809
vt 0.595196 0.491108
vt 0.601067 0.491024
vt 0.600049 0.503141
vt 0.601067 0.505606
vt 0.598402 0.508768
vt 0.115476 0.643301
vt 0.111241 0.642727
vt 0.107833 0.628688
vt 0.098462 0.624072
vt 0.083294 0.875288
vt 0.075062 0.875556
vt 0.072559 0.863753
vt 0.080519 0.862598
vt 0.080424 0.895693
vt 0.074455 0.895324
vt 0.928460 0.138228
vt 0.925654 0.134337
vt 0.926989 0.115666
vt 0.931423 0.115873
vt 0.929971 0.151801
vt 0.920468 0.153015
vt 0.920723 0.146313
vt 0.921051 0.142648
vt 0.917592 0.142290
vt 0.921225 0.132253
vt 0.061525 0.603755
vt 0.068558 0.609163
vt 0.069479 0.617809
vt 0.062985 0.615249
vt 0.057561 0.613615
vt 0.055818 0.603199
vt 0.817181 0.819758
vt 0.812981 0.824572
vt 0.810527 0.817059
vt 0.813239 0.811889
vt 0.339532 0.496977
vt 0.333945 0.498744
vt 0.333779 0.493523
vt 0.339929 0.493645
vt 0.051043 0.593833
vt 0.050916 0.585634
vt 0.120079 0.744341
vt 0.123815 0.740800
vt 0.123815 0.746647
vt 0.120661 0.749645
vt 0.383919 0.642227
vt 0.384953 0.648578
vt 0.381358 0.650482
vt 0.381543 0.644163
vt 0.405214 0.604510
vt 0.400167 0.606521
vt 0.081889 0.906311
vt 0.081889 0.897957
vt 0.085545 0.899759
vt 0.083908 0.907228
vt 0.051777 0.736138
vt 0.049072 0.735798
vt 0.048393 0.728232
vt 0.051777 0.723125
vt 0.614226 0.500073
vt 0.617975 0.498049
vt 0.620950 0.499877
vt 0.614547 0.502512
vt 0.529522 0.495029
vt 0.531065 0.491381
vt 0.622850 0.508660
vt 0.620811 0.514541
vt 0.616277 0.514121
vt 0.619384 0.510525
vt 0.000927 0.088211
vt 0.004502 0.081235
vt 0.004333 0.086477
vt 0.004502 0.090047
vt 0.626838 0.509608
vt 0.625631 0.515211
vt 0.383609 0.655902
vt 0.381460 0.655188
vt 0.609683 0.513164
vt 0.608612 0.520573
vt 0.056225 0.411844
vt 0.056225 0.407923
vt 0.058531 0.411547
vt 0.058370 0.411967
vt 0.583965 0.508170
vt 0.584876 0.506178
vt 0.593117 0.508907
vt 0.590177 0.510879
vt 0.318850 0.656515
vt 0.321674 0.656344
vt 0.321320 0.661849
vt 0.321121 0.659724
vt 0.001756 0.717851
vt 0.001472 0.724882
vt 0.001472 0.715291
vt 0.002251 0.716149
vt 0.581203 0.507799
vt 0.587771 0.515056
vt 0.573489 0.510955
vt 0.568149 0.504472
vt 0.560372 0.509259
vt 0.558323 0.503188
vt 0.694468 0.613824
vt 0.688459 0.614293
vt 0.690914 0.607852
vt 0.697665 0.611181
vt 0.700047 0.619412
vt 0.694449 0.620693
vt 0.685918 0.623777
vt 0.584944 0.791258
vt 0.580603 0.783722
vt 0.586491 0.782333
vt 0.593342 0.788170
vt 0.004389 0.762288
vt 0.008570 0.770657
vt 0.006768 0.784549
vt 0.002518 0.781640
vt 0.606380 0.792224
vt 0.603896 0.798191
vt 0.580823 0.797540
vt 0.862205 0.001188
vt 0.862205 0.015758
vt 0.854826 0.012254
vt 0.854667 0.004728
vt 0.672135 0.630114
vt 0.677839 0.617257
vt 0.678522 0.633647
vt 0.679678 0.643429
vt 0.669317 0.639317
vt 0.686963 0.631726
vt 0.689109 0.643922
vt 0.605640 0.632056
vt 0.598118 0.629038
vt 0.624937 0.611637
vt 0.626439 0.619560
vt 0.673261 0.425474
vt 0.675828 0.418986
vt 0.684077 0.419944
vt 0.684361 0.425474
vt 0.627808 0.626276
vt 0.614450 0.627648
vt 0.875712 0.910120
vt 0.869204 0.913982
vt 0.868115 0.902111
vt 0.875516 0.900730
vt 0.618750 0.633182
vt 0.629214 0.632790
vt 0.630520 0.640474
vt 0.617268 0.639575
vt 0.677567 0.412277
vt 0.683402 0.410397
vt 0.622034 0.650795
vt 0.619944 0.657983
vt 0.613528 0.660510
vt 0.618118 0.648406
vt 0.190131 0.605853
vt 0.198104 0.599786
vt 0.197175 0.605735
vt 0.191271 0.610176
vt 0.664130 0.646980
vt 0.650678 0.648447
vt 0.650053 0.646335
vt 0.669290 0.646364
vt 0.198104 0.620154
vt 0.193758 0.621328
vt 0.679460 0.649997
vt 0.049847 0.872544
vt 0.051777 0.889391
vt 0.046985 0.891470
vt 0.046985 0.879405
vt 0.303910 0.857296
vt 0.303910 0.864456
vt 0.297606 0.862686
vt 0.296567 0.854122
vt 0.633878 0.649841
vt 0.631910 0.646130
vt 0.609647 0.647354
vt 0.609987 0.634997
vt 0.611748 0.664799
vt 0.603539 0.665036
vt 0.603122 0.646096
vt 0.911731 0.583044
vt 0.911731 0.596445
vt 0.903169 0.596565
vt 0.906263 0.584127
vt 0.611558 0.686541
vt 0.603875 0.686880
vt 0.119313 0.935259
vt 0.112004 0.936494
vt 0.113692 0.929736
vt 0.119313 0.927331
vt 0.667734 0.691180
vt 0.654498 0.692203
vt 0.655298 0.684055
vt 0.669708 0.681986
vt 0.232802 0.925779
vt 0.234123 0.934243
vt 0.225804 0.931222
vt 0.225804 0.921798
vt 0.679573 0.680960
vt 0.676743 0.691006
vt 0.663693 0.698341
vt 0.651893 0.701064
vt 0.914551 0.172610
vt 0.917564 0.188832
vt 0.911894 0.189153
vt 0.912073 0.173750
vt 0.671522 0.663953
vt 0.670524 0.662054
vt 0.672708 0.655824
vt 0.677360 0.657057
vt 0.686024 0.659009
vt 0.681580 0.663777
vt 0.681345 0.669666
vt 0.670673 0.672324
vt 0.655129 0.675007
vt 0.655155 0.666649
vt 0.621399 0.663344
vt 0.619052 0.663867
vt 0.629550 0.656396
vt 0.628908 0.662291
vt 0.911894 0.222955
vt 0.913473 0.215351
vt 0.918164 0.215755
vt 0.915289 0.225119
vt 0.640803 0.650404
vt 0.652865 0.650290
vt 0.653639 0.657414
vt 0.638532 0.656654
vt 0.666740 0.657822
vt 0.655151 0.663605
vt 0.668513 0.651805
vt 0.915234 0.394891
vt 0.910265 0.398460
vt 0.910088 0.389275
vt 0.916233 0.389275
vt 0.692130 0.661415
vt 0.687439 0.666512
vt 0.688336 0.653503
vt 0.493923 0.770280
vt 0.499764 0.778364
vt 0.498586 0.787915
vt 0.493923 0.787447
vt 0.694047 0.644253
vt 0.699859 0.643931
vt 0.698865 0.662120
vt 0.696861 0.680202
vt 0.690965 0.680350
vt 0.686101 0.680532
vt 0.954531 0.966137
vt 0.958912 0.963244
vt 0.960662 0.974295
vt 0.952097 0.976995
vt 0.949388 0.963145
vt 0.935837 0.965028
vt 0.934435 0.958703
vt 0.950335 0.958690
vt 0.956767 0.951694
vt 0.945973 0.952566
vt 0.943834 0.946253
vt 0.960163 0.947355
vt 0.975533 0.948957
vt 0.973823 0.955103
vt 0.968460 0.952749
vt 0.971242 0.943244
vt 0.901610 0.421771
vt 0.901782 0.415794
vt 0.907228 0.411720
vt 0.907228 0.427726
vt 0.895482 0.588337
vt 0.900475 0.585091
vt 0.900475 0.593654
vt 0.893021 0.594313
vt 0.596223 0.002529
vt 0.596565 0.009005
vt 0.590072 0.009005
vt 0.590864 0.000569
vt 0.978125 0.979732
vt 0.979097 0.969725
vt 0.984588 0.970671
vt 0.982762 0.980691
vt 0.971797 0.981466
vt 0.973624 0.970274
vt 0.338758 0.769877
vt 0.339377 0.771433
vt 0.342180 0.780388
vt 0.335108 0.776213
vt 0.921640 0.947318
vt 0.915097 0.943557
vt 0.928033 0.941048
vt 0.930554 0.946150
vt 0.932619 0.952032
vt 0.920131 0.949011
vt 0.895301 0.950254
vt 0.889715 0.956900
vt 0.890095 0.938561
vt 0.897274 0.936292
vt 0.905118 0.933438
vt 0.904288 0.943206
vt 0.914889 0.932584
vt 0.926428 0.931466
vt 0.342064 0.787916
vt 0.335108 0.787033
vt 0.040521 0.002538
vt 0.039791 0.015661
vt 0.031986 0.017456
vt 0.031589 0.003610
vt 0.906412 0.917167
vt 0.898448 0.921175
vt 0.897874 0.907319
vt 0.901647 0.907089
vt 0.746552 0.841944
vt 0.746578 0.834146
vt 0.754148 0.830943
vt 0.754148 0.839860
vt 0.348797 0.745143
vt 0.348797 0.734262
vt 0.354611 0.735906
vt 0.355688 0.741665
vt 0.934243 0.822654
vt 0.933365 0.831515
vt 0.926138 0.832939
vt 0.926138 0.826238
vt 0.977239 0.940353
vt 0.968563 0.935332
vt 0.970713 0.923082
vt 0.979909 0.923022
vt 0.986672 0.940665
vt 0.986197 0.957378
vt 0.980076 0.955917
vt 0.987229 0.923748
vt 0.974059 0.960409
vt 0.959901 0.955552
vt 0.959938 0.950001
vt 0.966439 0.960745
vt 0.937371 0.971138
vt 0.000473 0.150657
vt 0.001545 0.144683
vt 0.004071 0.145645
vt 0.003755 0.151712
vt 0.909200 0.406613
vt 0.905912 0.406994
vt 0.906520 0.400160
vt 0.909346 0.399724
vt 0.889938 0.616308
vt 0.889198 0.623189
vt 0.882868 0.623565
vt 0.883850 0.617506
vt 0.557996 0.793398
vt 0.554689 0.797071
vt 0.369195 0.778911
vt 0.366340 0.777119
vt 0.366947 0.765825
vt 0.369195 0.764525
vt 0.366226 0.777290
vt 0.366433 0.778875
vt 0.547948 0.793336
vt 0.556147 0.793295
vt 0.529248 0.799942
vt 0.530094 0.795090
vt 0.568557 0.783428
vt 0.918224 0.871209
vt 0.918238 0.857676
vt 0.922877 0.857676
vt 0.925238 0.869088
vt 0.931991 0.267891
vt 0.925081 0.265537
vt 0.926143 0.254139
vt 0.931991 0.253356
vt 0.987209 0.996016
vt 0.989628 0.990708
vt 0.996603 0.993218
vt 0.990491 0.998821
vt 0.975430 0.992761
vt 0.980465 0.988967
vt 0.978439 0.999451
vt 0.739887 0.820587
vt 0.745143 0.818818
vt 0.743572 0.824935
vt 0.738482 0.826186
vt 0.738482 0.813280
vt 0.744118 0.811240
vt 0.977047 0.988817
vt 0.971848 0.991675
vt 0.894086 0.830688
vt 0.894086 0.814365
vt 0.900475 0.816069
vt 0.897197 0.828540
vt 0.778911 0.933481
vt 0.771974 0.934243
vt 0.773241 0.926601
vt 0.778911 0.925046
vt 0.960209 0.986159
vt 0.966731 0.971610
vt 0.965570 0.981199
vt 0.952357 0.983521
vt 0.957603 0.991875
vt 0.960588 0.999324
vt 0.941040 0.998448
vt 0.940276 0.993154
vt 0.089512 0.607821
vt 0.089512 0.593051
vt 0.094136 0.592366
vt 0.094550 0.605579
vt 0.358932 0.779053
vt 0.369195 0.784225
vt 0.367706 0.787915
vt 0.357455 0.783781
vt 0.353787 0.775696
vt 0.356473 0.765992
vt 0.365042 0.765088
vt 0.350551 0.777616
vt 0.860250 0.929397
vt 0.860122 0.916409
vt 0.871209 0.922579
vt 0.871209 0.931991
vt 0.352035 0.766731
vt 0.240299 0.909129
vt 0.240649 0.915154
vt 0.236161 0.911620
vt 0.238112 0.905841
vt 0.501527 0.766415
vt 0.500862 0.761464
vt 0.508864 0.761965
vt 0.506924 0.768574
vt 0.497864 0.767162
vt 0.497886 0.761234
vt 0.492758 0.764614
vt 0.482548 0.763636
vt 0.481531 0.757286
vt 0.491800 0.759000
vt 0.918196 0.163331
vt 0.914262 0.161489
vt 0.920110 0.156026
vt 0.923860 0.158942
vt 0.922886 0.172200
vt 0.916256 0.171355
vt 0.240877 0.927993
vt 0.236161 0.929740
vt 0.651217 0.776981
vt 0.671122 0.776233
vt 0.672711 0.782037
vt 0.651448 0.781514
vt 0.631957 0.781338
vt 0.632140 0.776018
vt 0.927489 0.154936
vt 0.927489 0.171588
vt 0.776716 0.856505
vt 0.778911 0.854792
vt 0.778911 0.866267
vt 0.773355 0.866707
vt 0.546248 0.763200
vt 0.546077 0.748696
vt 0.552479 0.751947
vt 0.549535 0.765689
vt 0.439218 0.790105
vt 0.447140 0.785170
vt 0.460931 0.789489
vt 0.459314 0.793327
vt 0.457551 0.799339
vt 0.437424 0.798030
vt 0.430032 0.778684
vt 0.439474 0.775266
vt 0.433170 0.759600
vt 0.439084 0.759186
vt 0.424272 0.777169
vt 0.427814 0.759731
vt 0.409410 0.790561
vt 0.407492 0.787733
vt 0.412356 0.795472
vt 0.082638 0.035472
vt 0.094510 0.034484
vt 0.093111 0.047876
vt 0.077118 0.044701
vt 0.077923 0.028195
vt 0.094186 0.024547
vt 0.066733 0.039408
vt 0.294779 0.788089
vt 0.308360 0.795913
vt 0.306905 0.802518
vt 0.293566 0.798979
vt 0.299584 0.784450
vt 0.309592 0.792315
vt 0.286200 0.772763
vt 0.290806 0.771543
vt 0.281450 0.796986
vt 0.281022 0.786982
vt 0.256502 0.808204
vt 0.253191 0.798752
vt 0.257628 0.797111
vt 0.261492 0.804731
vt 0.218507 0.596852
vt 0.222776 0.597645
vt 0.222867 0.613679
vt 0.218507 0.614574
vt 0.795610 0.640426
vt 0.795610 0.628982
vt 0.812497 0.627268
vt 0.812324 0.636602
vt 0.814450 0.645341
vt 0.803504 0.649503
vt 0.061539 0.516781
vt 0.076106 0.518974
vt 0.073714 0.526860
vt 0.054568 0.519875
vt 0.059282 0.509649
vt 0.077253 0.511248
vt 0.048072 0.509107
vt 0.460087 0.754760
vt 0.468377 0.756059
vt 0.467869 0.761419
vt 0.458722 0.753795
vt 0.330925 0.499764
vt 0.328971 0.498302
vt 0.330925 0.493076
vt 0.330314 0.498830
vt 0.459465 0.753961
vt 0.467403 0.753365
vt 0.456379 0.748896
vt 0.466155 0.746850
vt 0.704622 0.831756
vt 0.703734 0.839740
vt 0.700692 0.844195
vt 0.700692 0.830225
vt 0.369015 0.751374
vt 0.361866 0.752961
vt 0.476739 0.740308
vt 0.480993 0.751371
vt 0.462672 0.730679
vt 0.477484 0.732373
vt 0.480742 0.741383
vt 0.146793 0.709797
vt 0.148578 0.713848
vt 0.145427 0.719675
vt 0.141932 0.719637
vt 0.494168 0.728103
vt 0.488964 0.733957
vt 0.484850 0.721462
vt 0.493582 0.721348
vt 0.756399 0.813826
vt 0.751084 0.820874
vt 0.748738 0.823934
vt 0.748738 0.812088
vt 0.500564 0.725546
vt 0.497287 0.735296
vt 0.488287 0.741335
vt 0.497621 0.737406
vt 0.495940 0.740851
vt 0.481919 0.749536
vt 0.489463 0.749888
vt 0.148578 0.726161
vt 0.144070 0.729385
vt 0.497032 0.755270
vt 0.490319 0.754819
vt 0.497557 0.749072
vt 0.502144 0.756224
vt 0.501307 0.748270
vt 0.534070 0.759638
vt 0.538299 0.766322
vt 0.522307 0.763906
vt 0.521755 0.758307
vt 0.521978 0.750089
vt 0.535641 0.753300
vt 0.845069 0.008136
vt 0.850949 0.002355
vt 0.850949 0.013960
vt 0.848219 0.015758
vt 0.522256 0.738455
vt 0.537314 0.741373
vt 0.509608 0.748623
vt 0.508073 0.739079
vt 0.509943 0.755807
vt 0.931991 0.042879
vt 0.930059 0.052304
vt 0.924894 0.054028
vt 0.925321 0.043729
vt 0.513777 0.734004
vt 0.511230 0.723282
vt 0.527807 0.722391
vt 0.523968 0.734995
vt 0.504131 0.925268
vt 0.497071 0.924502
vt 0.496995 0.914582
vt 0.506517 0.919720
vt 0.774102 0.000527
vt 0.783147 0.000527
vt 0.783413 0.011256
vt 0.772928 0.009596
vt 0.542337 0.689020
vt 0.550234 0.685427
vt 0.548805 0.704029
vt 0.541180 0.707366
vt 0.530353 0.711257
vt 0.531848 0.697616
vt 0.532500 0.690095
vt 0.540492 0.680541
vt 0.682379 0.900035
vt 0.680112 0.898533
vt 0.684361 0.890208
vt 0.684361 0.900475
vt 0.493591 0.711689
vt 0.503077 0.712617
vt 0.515294 0.713055
vt 0.466283 0.704171
vt 0.472254 0.709233
vt 0.471748 0.720356
vt 0.462620 0.706191
vt 0.463321 0.720634
vt 0.457151 0.707224
vt 0.454060 0.708454
vt 0.900076 0.892507
vt 0.891944 0.907975
vt 0.892622 0.891351
vt 0.892719 0.874191
vt 0.900346 0.874583
vt 0.718817 0.933101
vt 0.718817 0.927917
vt 0.726755 0.931421
vt 0.727133 0.936494
vt 0.906571 0.898729
vt 0.518668 0.668101
vt 0.524555 0.660612
vt 0.532183 0.660281
vt 0.530938 0.668739
vt 0.736138 0.934243
vt 0.730965 0.933422
vt 0.730549 0.927545
vt 0.736138 0.924556
vt 0.506825 0.675727
vt 0.505850 0.667309
vt 0.516340 0.666222
vt 0.540301 0.658580
vt 0.534490 0.652864
vt 0.541586 0.652175
vt 0.539891 0.668419
vt 0.038327 0.888572
vt 0.042414 0.884807
vt 0.045024 0.897254
vt 0.040646 0.898393
vt 0.503960 0.655374
vt 0.498892 0.666835
vt 0.499665 0.655469
vt 0.498164 0.648462
vt 0.504951 0.648439
vt 0.513345 0.649486
vt 0.511821 0.653202
vt 0.498609 0.642337
vt 0.503268 0.641643
vt 0.834190 0.005040
vt 0.839264 0.001154
vt 0.841944 0.007710
vt 0.838327 0.008131
vt 0.838225 0.013507
vt 0.834190 0.012869
vt 0.898224 0.010396
vt 0.895104 0.018009
vt 0.892377 0.015085
vt 0.892874 0.010418
vt 0.521175 0.645856
vt 0.519700 0.653927
vt 0.526641 0.640623
vt 0.525994 0.653389
vt 0.543337 0.635263
vt 0.549765 0.632733
vt 0.550336 0.650090
vt 0.550931 0.666815
vt 0.544466 0.668446
vt 0.923156 0.873608
vt 0.934552 0.878358
vt 0.934411 0.880771
vt 0.920599 0.882525
vt 0.913267 0.878845
vt 0.914131 0.874740
vt 0.209581 0.607481
vt 0.214017 0.609886
vt 0.216114 0.616355
vt 0.212213 0.619076
vt 0.213745 0.597875
vt 0.216114 0.602365
vt 0.810390 0.000784
vt 0.818706 0.002305
vt 0.819432 0.007738
vt 0.810390 0.006235
vt 0.892646 0.859573
vt 0.899598 0.861987
vt 0.921490 0.738389
vt 0.921490 0.725771
vt 0.925779 0.724914
vt 0.927489 0.732690
vt 0.177844 0.807830
vt 0.177844 0.814930
vt 0.172814 0.814192
vt 0.172744 0.807731
vt 0.880370 0.001315
vt 0.884717 0.004726
vt 0.884717 0.008884
vt 0.879856 0.008616
vt 0.918119 0.376092
vt 0.921928 0.378512
vt 0.920837 0.384702
vt 0.915252 0.385036
vt 0.918041 0.893898
vt 0.927160 0.897277
vt 0.925998 0.903284
vt 0.916357 0.901772
vt 0.907621 0.893983
vt 0.873461 0.004636
vt 0.866071 0.009843
vt 0.865925 0.006364
vt 0.869071 0.000859
vt 0.733887 0.826625
vt 0.727698 0.828437
vt 0.726354 0.825295
vt 0.733854 0.822344
vt 0.726025 0.813540
vt 0.733887 0.814544
vt 0.732126 0.817032
vt 0.725143 0.818092
vt 0.720428 0.924246
vt 0.725279 0.924310
vt 0.884072 0.014433
vt 0.880004 0.015758
vt 0.730986 0.895223
vt 0.731929 0.889337
vt 0.738389 0.892419
vt 0.738389 0.902726
vt 0.906913 0.906467
vt 0.918592 0.910542
vt 0.910181 0.911515
vt 0.924739 0.911344
vt 0.961407 0.886155
vt 0.959238 0.879466
vt 0.965637 0.879872
vt 0.965250 0.888807
vt 0.553277 0.775782
vt 0.553613 0.780751
vt 0.547843 0.777747
vt 0.553792 0.772135
vt 0.972657 0.890646
vt 0.973263 0.881521
vt 0.553792 0.787947
vt 0.549987 0.790167
vt 0.877700 0.911448
vt 0.882465 0.912337
vt 0.882465 0.922987
vt 0.875206 0.917159
vt 0.187695 0.622736
vt 0.180679 0.626159
vt 0.182968 0.615007
vt 0.189100 0.614845
vt 0.926813 0.886528
vt 0.936703 0.888499
vt 0.927489 0.384032
vt 0.927168 0.375236
vt 0.925854 0.393342
vt 0.918690 0.394035
vt 0.200280 0.607967
vt 0.202618 0.600105
vt 0.207109 0.603019
vt 0.206416 0.608751
vt 0.205703 0.616715
vt 0.200516 0.615581
vt 0.498842 0.675833
vt 0.491253 0.674986
vt 0.493683 0.669103
vt 0.509927 0.662466
vt 0.518976 0.660839
vt 0.805925 0.863731
vt 0.801480 0.866707
vt 0.801598 0.860422
vt 0.801480 0.857112
vt 0.491974 0.653361
vt 0.491227 0.649374
vt 0.494038 0.660852
vt 0.529108 0.686476
vt 0.530189 0.677973
vt 0.744562 0.931421
vt 0.739956 0.934243
vt 0.737457 0.921031
vt 0.745143 0.921688
vt 0.495010 0.664709
vt 0.490234 0.664937
vt 0.487572 0.661638
vt 0.144076 0.849815
vt 0.137776 0.850949
vt 0.135745 0.845915
vt 0.142192 0.846110
vt 0.517391 0.678665
vt 0.504181 0.681203
vt 0.480989 0.679788
vt 0.473658 0.677902
vt 0.475723 0.668695
vt 0.482570 0.667431
vt 0.485551 0.675841
vt 0.487581 0.681514
vt 0.485916 0.687781
vt 0.487537 0.668921
vt 0.768661 0.854837
vt 0.769906 0.861390
vt 0.762254 0.859527
vt 0.763353 0.854837
vt 0.134364 0.840988
vt 0.143367 0.842048
vt 0.137250 0.834151
vt 0.144076 0.835712
vt 0.207109 0.619647
vt 0.201109 0.621328
vt 0.490422 0.677619
vt 0.498418 0.680758
vt 0.497006 0.685243
vt 0.483295 0.648820
vt 0.484575 0.655375
vt 0.479866 0.659675
vt 0.477842 0.652917
vt 0.476071 0.648506
vt 0.479184 0.644362
vt 0.111750 0.910879
vt 0.119313 0.911557
vt 0.119192 0.918484
vt 0.112005 0.918484
vt 0.115331 0.906005
vt 0.118265 0.906812
vt 0.457289 0.649446
vt 0.461216 0.656507
vt 0.456759 0.667306
vt 0.452193 0.665107
vt 0.463340 0.647971
vt 0.465734 0.653157
vt 0.455933 0.631742
vt 0.465178 0.631599
vt 0.476520 0.649400
vt 0.473083 0.648808
vt 0.474091 0.644733
vt 0.326422 0.499764
vt 0.321584 0.499251
vt 0.321245 0.493115
vt 0.326422 0.494599
vt 0.043246 0.018348
vt 0.045024 0.023574
vt 0.041319 0.024763
vt 0.041319 0.017951
vt 0.473254 0.663141
vt 0.470493 0.667752
vt 0.464198 0.662689
vt 0.469560 0.657650
vt 0.474361 0.654051
vt 0.478008 0.661909
vt 0.762959 0.864529
vt 0.768428 0.866707
vt 0.853894 0.422996
vt 0.852834 0.425474
vt 0.850473 0.417297
vt 0.855022 0.419378
vt 0.467910 0.631161
vt 0.471898 0.634842
vt 0.469681 0.640306
vt 0.472209 0.630748
vt 0.474810 0.634342
vt 0.454305 0.619828
vt 0.463114 0.619274
vt 0.852169 0.413007
vt 0.857060 0.412361
vt 0.477515 0.626535
vt 0.472412 0.626935
vt 0.474858 0.617962
vt 0.480123 0.621311
vt 0.852402 0.407400
vt 0.854827 0.407692
vt 0.875712 0.425474
vt 0.868481 0.418962
vt 0.868866 0.407209
vt 0.875712 0.408700
vt 0.481472 0.614164
vt 0.464698 0.613141
vt 0.463610 0.607223
vt 0.479674 0.606770
vt 0.485013 0.615998
vt 0.499375 0.606609
vt 0.499614 0.610782
vt 0.499245 0.616630
vt 0.929844 0.767442
vt 0.926282 0.767655
vt 0.926282 0.756221
vt 0.931991 0.757311
vt 0.776454 0.618516
vt 0.776659 0.625970
vt 0.772991 0.624411
vt 0.773049 0.616949
vt 0.821683 0.851971
vt 0.804925 0.854211
vt 0.804175 0.851223
vt 0.817458 0.848415
vt 0.303111 0.601141
vt 0.302180 0.592904
vt 0.319324 0.592274
vt 0.319954 0.598220
vt 0.307213 0.604030
vt 0.300342 0.613658
vt 0.295456 0.612152
vt 0.286206 0.610122
vt 0.287758 0.600312
vt 0.286913 0.593287
vt 0.823433 0.857733
vt 0.822848 0.852878
vt 0.828129 0.852347
vt 0.827736 0.858138
vt 0.254478 0.589838
vt 0.257897 0.588706
vt 0.257908 0.594285
vt 0.253647 0.594707
vt 0.903987 0.427358
vt 0.905278 0.431540
vt 0.901279 0.432248
vt 0.900582 0.426661
vt 0.050429 0.836720
vt 0.051777 0.841760
vt 0.045993 0.836632
vt 0.048964 0.831583
vt 0.499426 0.620090
vt 0.499956 0.624842
vt 0.493374 0.625853
vt 0.494474 0.619760
vt 0.504465 0.619437
vt 0.504917 0.624219
vt 0.141282 0.919985
vt 0.142966 0.923928
vt 0.136688 0.921252
vt 0.137682 0.916745
vt 0.482807 0.628441
vt 0.482091 0.624345
vt 0.486494 0.621342
vt 0.486625 0.627420
vt 0.140252 0.916487
vt 0.144076 0.918017
vt 0.316957 0.494561
vt 0.317417 0.499764
vt 0.312734 0.498742
vt 0.312734 0.493008
vt 0.486871 0.636767
vt 0.491688 0.635747
vt 0.491764 0.643025
vt 0.484768 0.641977
vt 0.177631 0.802846
vt 0.173360 0.803674
vt 0.173360 0.796482
vt 0.177844 0.798027
vt 0.177226 0.791586
vt 0.173981 0.785497
vt 0.498044 0.636335
vt 0.503804 0.636801
vt 0.508011 0.646348
vt 0.509143 0.642030
vt 0.516873 0.643425
vt 0.513887 0.647006
vt 0.855303 0.585417
vt 0.857702 0.592003
vt 0.851014 0.592062
vt 0.851014 0.585068
vt 0.499755 0.628909
vt 0.492804 0.633834
vt 0.492559 0.630991
vt 0.506347 0.629310
vt 0.515120 0.630872
vt 0.513593 0.634103
vt 0.508081 0.634225
vt 0.515591 0.623705
vt 0.015697 0.731813
vt 0.015674 0.737356
vt 0.011847 0.735527
vt 0.015758 0.727503
vt 0.517922 0.637022
vt 0.511389 0.636500
vt 0.012045 0.742073
vt 0.015758 0.745143
vt 0.892377 0.004908
vt 0.896462 0.002487
vt 0.144076 0.929740
vt 0.137517 0.928402
vt 0.485050 0.631530
vt 0.485645 0.634490
vt 0.478551 0.637269
vt 0.480563 0.630235
vt 0.481730 0.640148
vt 0.012262 0.929740
vt 0.004601 0.928814
vt 0.005543 0.920627
vt 0.012872 0.923954
vt 0.175335 0.629465
vt 0.178309 0.630332
vt 0.175403 0.630281
vt 0.099968 0.900475
vt 0.097966 0.899696
vt 0.098602 0.899563
vt 0.101303 0.897393
vt 0.176838 0.615504
vt 0.300976 0.746847
vt 0.307350 0.746912
vt 0.305000 0.759942
vt 0.299335 0.761282
vt 0.924072 0.853465
vt 0.923165 0.848790
vt 0.931543 0.848326
vt 0.932228 0.853632
vt 0.934243 0.220367
vt 0.927951 0.222868
vt 0.927856 0.218129
vt 0.933983 0.216093
vt 0.845664 0.932630
vt 0.845612 0.924464
vt 0.849900 0.924652
vt 0.850674 0.936494
vt 0.303728 0.781491
vt 0.304198 0.771988
vt 0.308413 0.772174
vt 0.308076 0.783413
vt 0.177187 0.594845
vt 0.182880 0.595383
vt 0.180081 0.604546
vt 0.175335 0.604074
vt 0.590256 0.772232
vt 0.594313 0.771770
vt 0.594313 0.781162
vt 0.588940 0.777929
vt 0.931477 0.278402
vt 0.929175 0.273339
vt 0.936494 0.270022
vt 0.936494 0.279147
vt 0.900339 0.851338
vt 0.905318 0.856325
vt 0.903430 0.860880
vt 0.907792 0.841811
vt 0.909889 0.850006
vt 0.891913 0.847279
vt 0.923420 0.843078
vt 0.929061 0.842744
vt 0.679185 0.895491
vt 0.676872 0.900475
vt 0.674303 0.896133
vt 0.679858 0.889888
vt 0.918206 0.843827
vt 0.922195 0.841030
vt 0.907373 0.880588
vt 0.913723 0.882960
vt 0.913982 0.889661
vt 0.907373 0.891470
vt 0.928892 0.211049
vt 0.934243 0.211730
vt 0.430501 0.602909
vt 0.446420 0.604402
vt 0.442754 0.617463
vt 0.435754 0.617365
vt 0.408219 0.598401
vt 0.409503 0.592290
vt 0.433675 0.594204
vt 0.456039 0.597061
vt 0.425645 0.605201
vt 0.407496 0.601966
vt 0.431235 0.617459
vt 0.537033 0.621428
vt 0.541495 0.617723
vt 0.544245 0.625152
vt 0.536725 0.628191
vt 0.525829 0.629902
vt 0.527247 0.622339
vt 0.530656 0.616575
vt 0.045605 0.818444
vt 0.050476 0.819347
vt 0.051464 0.849738
vt 0.047012 0.850949
vt 0.519114 0.608984
vt 0.517373 0.613994
vt 0.535498 0.634736
vt 0.481431 0.595480
vt 0.482539 0.601169
vt 0.462069 0.601274
vt 0.434338 0.588860
vt 0.456804 0.589800
vt 0.451212 0.606102
vt 0.480617 0.589579
vt 0.564130 0.603464
vt 0.561118 0.595812
vt 0.585839 0.596926
vt 0.591293 0.607044
vt 0.585752 0.613422
vt 0.574868 0.612739
vt 0.569529 0.612863
vt 0.557096 0.603709
vt 0.960146 0.846601
vt 0.959990 0.845238
vt 0.967338 0.849127
vt 0.963472 0.851765
vt 0.113612 0.799171
vt 0.110426 0.798844
vt 0.110426 0.779857
vt 0.114811 0.784238
vt 0.674303 0.879605
vt 0.678970 0.877385
vt 0.938594 0.839218
vt 0.940432 0.832832
vt 0.963452 0.831979
vt 0.961018 0.835646
vt 0.920586 0.835426
vt 0.959948 0.840626
vt 0.941378 0.843122
vt 0.989727 0.839170
vt 0.978814 0.838002
vt 0.980506 0.833034
vt 0.994268 0.835560
vt 0.994750 0.849394
vt 0.988054 0.851895
vt 0.980788 0.855374
vt 0.981097 0.846017
vt 0.974932 0.841035
vt 0.973965 0.843960
vt 0.977924 0.849446
vt 0.973886 0.855941
vt 0.793956 0.858256
vt 0.799171 0.856302
vt 0.799171 0.864671
vt 0.792918 0.866707
vt 0.900085 0.842112
vt 0.895040 0.837236
vt 0.904642 0.832583
vt 0.906608 0.837787
vt 0.908611 0.000963
vt 0.909480 0.015758
vt 0.902977 0.015758
vt 0.904517 0.001814
vt 0.307110 0.747480
vt 0.308413 0.758909
vt 0.853200 0.924464
vt 0.853058 0.935965
vt 0.318277 0.424329
vt 0.319669 0.427303
vt 0.319338 0.427726
vt 0.318277 0.427715
vt 0.121564 0.411967
vt 0.119594 0.410200
vt 0.119604 0.409981
vt 0.121564 0.408603
vt 0.507693 0.497512
vt 0.506346 0.495749
vt 0.503151 0.491877
vt 0.508768 0.491877
vt 0.094322 0.745110
vt 0.094322 0.739314
vt 0.099017 0.739325
vt 0.099052 0.747394
vt 0.584998 0.003721
vt 0.585309 0.009005
vt 0.577409 0.008932
vt 0.577409 0.000630
vt 0.963686 0.862852
vt 0.959437 0.869316
vt 0.956804 0.859973
vt 0.963272 0.858903
vt 0.955950 0.855262
vt 0.960928 0.852975
vt 0.945730 0.858748
vt 0.944586 0.856474
vt 0.966369 0.872378
vt 0.953668 0.878926
vt 0.951987 0.874437
vt 0.961364 0.891565
vt 0.948173 0.892043
vt 0.945667 0.884094
vt 0.956984 0.885724
vt 0.964967 0.899066
vt 0.950256 0.896768
vt 0.980107 0.905108
vt 0.979814 0.888604
vt 0.987203 0.889777
vt 0.987777 0.906355
vt 0.970224 0.913782
vt 0.969146 0.906698
vt 0.975578 0.900121
vt 0.974678 0.864286
vt 0.968567 0.864024
vt 0.967949 0.857796
vt 0.979818 0.864850
vt 0.934243 0.182346
vt 0.928584 0.180888
vt 0.929263 0.172854
vt 0.934243 0.172345
vt 0.692740 0.698897
vt 0.700119 0.698986
vt 0.700001 0.715626
vt 0.695620 0.715099
vt 0.689769 0.716033
vt 0.686722 0.705309
vt 0.683729 0.700921
vt 0.686403 0.694788
vt 0.889219 0.408526
vt 0.888798 0.425474
vt 0.883151 0.425474
vt 0.880947 0.410883
vt 0.680322 0.705338
vt 0.681935 0.708781
vt 0.675644 0.711395
vt 0.675849 0.705353
vt 0.678689 0.698903
vt 0.348746 0.498977
vt 0.344847 0.499764
vt 0.343849 0.493706
vt 0.348934 0.493706
vt 0.615437 0.699189
vt 0.618080 0.687374
vt 0.628693 0.689490
vt 0.623756 0.700758
vt 0.340031 0.752490
vt 0.338782 0.744224
vt 0.345741 0.746741
vt 0.346683 0.754148
vt 0.805198 0.745552
vt 0.810427 0.742169
vt 0.810427 0.757800
vt 0.805036 0.758650
vt 0.613402 0.705712
vt 0.620848 0.706092
vt 0.623047 0.712350
vt 0.615594 0.714003
vt 0.610064 0.726027
vt 0.602097 0.725727
vt 0.604080 0.707259
vt 0.346683 0.740756
vt 0.346101 0.734452
vt 0.639960 0.724415
vt 0.637921 0.718716
vt 0.648495 0.718367
vt 0.646720 0.726706
vt 0.638456 0.727627
vt 0.632909 0.721575
vt 0.556420 0.727030
vt 0.556440 0.718659
vt 0.558271 0.719328
vt 0.558294 0.725802
vt 0.558294 0.736138
vt 0.555144 0.732338
vt 0.668578 0.734027
vt 0.677664 0.735814
vt 0.678608 0.745347
vt 0.672148 0.744568
vt 0.667438 0.744321
vt 0.664898 0.734112
vt 0.666192 0.751036
vt 0.673051 0.749808
vt 0.671937 0.760184
vt 0.666654 0.758281
vt 0.504848 0.872217
vt 0.498593 0.873461
vt 0.499216 0.857967
vt 0.506426 0.863885
vt 0.085545 0.597094
vt 0.085367 0.605569
vt 0.080395 0.600279
vt 0.080395 0.592528
vt 0.680297 0.761158
vt 0.680571 0.752708
vt 0.505712 0.858583
vt 0.506517 0.850425
vt 0.001163 0.101303
vt 0.001163 0.098498
vt 0.001825 0.098574
vt 0.002251 0.099485
vt 0.630039 0.725154
vt 0.629253 0.713481
vt 0.653934 0.753184
vt 0.650207 0.745973
vt 0.660454 0.744887
vt 0.658479 0.759918
vt 0.666159 0.762384
vt 0.681656 0.765174
vt 0.681536 0.773224
vt 0.663849 0.771335
vt 0.628406 0.733753
vt 0.626533 0.744313
vt 0.616495 0.742372
vt 0.619533 0.730415
vt 0.633979 0.732943
vt 0.636242 0.745536
vt 0.633105 0.702917
vt 0.636379 0.712893
vt 0.626772 0.706341
vt 0.794669 0.928413
vt 0.784113 0.934243
vt 0.784113 0.921208
vt 0.789421 0.924278
vt 0.463542 0.766695
vt 0.470498 0.774802
vt 0.470161 0.785664
vt 0.463542 0.783002
vt 0.649399 0.706372
vt 0.649057 0.712134
vt 0.833105 0.922295
vt 0.837442 0.922153
vt 0.837442 0.934243
vt 0.829202 0.932641
vt 0.628642 0.674893
vt 0.640694 0.675963
vt 0.641292 0.686208
vt 0.619010 0.671470
vt 0.000514 0.542597
vt 0.002251 0.544807
vt 0.001499 0.555731
vt 0.000514 0.556043
vt 0.665351 0.740115
vt 0.662905 0.734016
vt 0.652355 0.729028
vt 0.652409 0.728706
vt 0.662007 0.728072
vt 0.661804 0.738674
vt 0.655251 0.738003
vt 0.691689 0.769833
vt 0.693909 0.773511
vt 0.684744 0.757461
vt 0.692481 0.762420
vt 0.699140 0.765734
vt 0.001765 0.157328
vt 0.008047 0.157341
vt 0.005994 0.164949
vt 0.000973 0.163715
vt 0.608604 0.597879
vt 0.609896 0.603174
vt 0.339284 0.738389
vt 0.337350 0.719839
vt 0.343427 0.719107
vt 0.344720 0.733287
vt 0.910063 0.492079
vt 0.903586 0.492335
vt 0.903319 0.486819
vt 0.909175 0.486511
vt 0.909750 0.158461
vt 0.909494 0.163947
vt 0.903467 0.163949
vt 0.903271 0.158982
vt 0.888267 0.864456
vt 0.882730 0.863415
vt 0.883128 0.858882
vt 0.888463 0.858972
vt 0.460873 0.830929
vt 0.472880 0.830035
vt 0.471492 0.844982
vt 0.481747 0.831519
vt 0.481319 0.846858
vt 0.488568 0.832493
vt 0.487833 0.847288
vt 0.494786 0.831776
vt 0.495052 0.847427
vt 0.495261 0.863027
vt 0.032197 0.796174
vt 0.038128 0.796953
vt 0.037908 0.813553
vt 0.032284 0.812476
vt 0.494726 0.879283
vt 0.032320 0.780542
vt 0.038365 0.780802
vt 0.044389 0.780920
vt 0.044297 0.797792
vt 0.033100 0.764907
vt 0.038844 0.764966
vt 0.044704 0.764973
vt 0.899972 0.720240
vt 0.896027 0.720187
vt 0.896281 0.704331
vt 0.900192 0.704313
vt 0.039553 0.750134
vt 0.045024 0.750836
vt 0.830688 0.881309
vt 0.828631 0.877169
vt 0.033990 0.750264
vt 0.824186 0.889830
vt 0.828341 0.892752
vt 0.824833 0.902311
vt 0.819015 0.899821
vt 0.827476 0.910968
vt 0.820698 0.909861
vt 0.484691 0.417645
vt 0.474041 0.419377
vt 0.475665 0.414062
vt 0.486256 0.412557
vt 0.830688 0.922012
vt 0.823949 0.922987
vt 0.459936 0.422185
vt 0.460275 0.415883
vt 0.370570 0.606388
vt 0.375948 0.606575
vt 0.375948 0.623579
vt 0.368881 0.618827
vt 0.440862 0.424326
vt 0.441280 0.418256
vt 0.441717 0.411830
vt 0.461115 0.410035
vt 0.117403 0.662717
vt 0.112907 0.662415
vt 0.422938 0.419326
vt 0.422781 0.412651
vt 0.117463 0.681665
vt 0.113399 0.682144
vt 0.395704 0.729689
vt 0.400045 0.729367
vt 0.400678 0.749484
vt 0.395549 0.749438
vt 0.474522 0.880237
vt 0.479503 0.879839
vt 0.479338 0.895038
vt 0.474380 0.895170
vt 0.109173 0.682710
vt 0.405692 0.413357
vt 0.406414 0.419507
vt 0.389882 0.420826
vt 0.389543 0.414324
vt 0.479503 0.909480
vt 0.474690 0.909030
vt 0.374193 0.421816
vt 0.374897 0.415701
vt 0.375767 0.410412
vt 0.388964 0.410268
vt 0.360996 0.422805
vt 0.362162 0.416734
vt 0.363604 0.411204
vt 0.117634 0.740805
vt 0.350402 0.417651
vt 0.351361 0.411913
vt 0.118064 0.753057
vt 0.113209 0.752007
vt 0.337364 0.418792
vt 0.338586 0.412508
vt 0.117964 0.765842
vt 0.113461 0.764974
vt 0.892601 0.784699
vt 0.898143 0.785614
vt 0.920228 0.211035
vt 0.925238 0.211736
vt 0.925059 0.225962
vt 0.919731 0.225065
vt 0.893188 0.768344
vt 0.897751 0.768849
vt 0.904739 0.769419
vt 0.904709 0.786540
vt 0.126259 0.916233
vt 0.121723 0.915537
vt 0.122356 0.898474
vt 0.128318 0.898550
vt 0.897246 0.750972
vt 0.904416 0.750880
vt 0.107938 0.799540
vt 0.101324 0.799753
vt 0.101040 0.780714
vt 0.106930 0.781069
vt 0.895035 0.736242
vt 0.903556 0.735848
vt 0.108745 0.814476
vt 0.101520 0.815565
vt 0.102837 0.692116
vt 0.095240 0.691415
vt 0.095190 0.676646
vt 0.102277 0.677942
vt 0.109129 0.824837
vt 0.100935 0.825893
vt 0.102948 0.701767
vt 0.094236 0.702370
vt 0.109581 0.831819
vt 0.101177 0.833463
vt 0.113348 0.839171
vt 0.102960 0.838429
vt 0.390279 0.653397
vt 0.396990 0.649510
vt 0.118840 0.845031
vt 0.109327 0.845679
vt 0.122277 0.849319
vt 0.370475 0.716241
vt 0.363437 0.720380
vt 0.365142 0.713649
vt 0.370610 0.712026
vt 0.375948 0.709167
vt 0.375393 0.713755
vt 0.171532 0.768461
vt 0.170527 0.759429
vt 0.176219 0.770663
vt 0.165876 0.765690
vt 0.165449 0.757003
vt 0.165531 0.740877
vt 0.169353 0.743074
vt 0.256385 0.823312
vt 0.257307 0.814650
vt 0.168334 0.722535
vt 0.174696 0.723710
vt 0.254468 0.837440
vt 0.255660 0.857890
vt 0.175073 0.700783
vt 0.182115 0.701212
vt 0.181453 0.724119
vt 0.169466 0.700646
vt 0.172148 0.679169
vt 0.177562 0.679311
vt 0.256649 0.879801
vt 0.263556 0.880726
vt 0.263276 0.901367
vt 0.258025 0.901375
vt 0.263483 0.915795
vt 0.257829 0.916147
vt 0.091826 0.655268
vt 0.085701 0.655143
vt 0.086926 0.641149
vt 0.092299 0.640840
vt 0.264232 0.915468
vt 0.264533 0.901468
vt 0.270217 0.901105
vt 0.268773 0.915319
vt 0.337678 0.755122
vt 0.332486 0.756399
vt 0.333303 0.748792
vt 0.337678 0.748637
vt 0.927489 0.793874
vt 0.926626 0.805795
vt 0.919659 0.806597
vt 0.919731 0.794674
vt 0.274542 0.915707
vt 0.275368 0.901394
vt 0.284019 0.901733
vt 0.283229 0.916129
vt 0.282729 0.925248
vt 0.295686 0.916741
vt 0.295040 0.925373
vt 0.017656 0.729602
vt 0.017656 0.718792
vt 0.024763 0.719299
vt 0.024668 0.730217
vt 0.023994 0.738050
vt 0.018570 0.738389
vt 0.281894 0.930751
vt 0.294347 0.930929
vt 0.293845 0.935110
vt 0.281117 0.935136
vt 0.272179 0.934031
vt 0.413226 0.761543
vt 0.412047 0.748836
vt 0.417450 0.749031
vt 0.418721 0.761204
vt 0.281350 0.936605
vt 0.293545 0.935795
vt 0.293059 0.941293
vt 0.280683 0.941971
vt 0.292418 0.947463
vt 0.280021 0.947987
vt 0.270431 0.948072
vt 0.031190 0.410471
vt 0.040779 0.410775
vt 0.040251 0.414655
vt 0.030546 0.415013
vt 0.039858 0.420035
vt 0.030402 0.420228
vt 0.023375 0.420693
vt 0.030314 0.425707
vt 0.023485 0.426028
vt 0.018610 0.427006
vt 0.018632 0.421177
vt 0.029928 0.432447
vt 0.022882 0.432174
vt 0.016985 0.431613
vt 0.029160 0.442483
vt 0.022119 0.441689
vt 0.015341 0.440740
vt 0.029062 0.454634
vt 0.022109 0.454254
vt 0.015891 0.453842
vt 0.022644 0.464917
vt 0.016501 0.464842
vt 0.215359 0.623281
vt 0.226419 0.622727
vt 0.226466 0.627626
vt 0.215123 0.628035
vt 0.226417 0.633989
vt 0.215103 0.634566
vt 0.226598 0.640501
vt 0.215535 0.641380
vt 0.226798 0.649548
vt 0.215759 0.650471
vt 0.202840 0.651861
vt 0.215384 0.662349
vt 0.202094 0.663338
vt 0.191675 0.663988
vt 0.192860 0.652915
vt 0.185117 0.664178
vt 0.185782 0.653270
vt 0.178485 0.664317
vt 0.178887 0.653809
vt 0.179059 0.645547
vt 0.173293 0.654766
vt 0.173524 0.646767
vt 0.173018 0.664425
vt 0.184020 0.679647
vt 0.190612 0.679777
vt 0.188784 0.701646
vt 0.200955 0.679885
vt 0.199207 0.702255
vt 0.197354 0.725468
vt 0.187680 0.724483
vt 0.196110 0.748938
vt 0.210592 0.726514
vt 0.208692 0.749940
vt 0.207598 0.773371
vt 0.196232 0.772334
vt 0.207616 0.796917
vt 0.196808 0.796315
vt 0.208618 0.818725
vt 0.196719 0.817798
vt 0.187185 0.816732
vt 0.196544 0.834084
vt 0.179479 0.815685
vt 0.077628 0.859165
vt 0.063401 0.859389
vt 0.064476 0.854886
vt 0.077725 0.854600
vt 0.064668 0.849069
vt 0.055618 0.854800
vt 0.055729 0.849804
vt 0.055057 0.843838
vt 0.063914 0.842452
vt 0.055166 0.836997
vt 0.878415 0.497986
vt 0.879755 0.505910
vt 0.871311 0.506120
vt 0.870511 0.498195
vt 0.054651 0.829100
vt 0.885260 0.497729
vt 0.886679 0.505933
vt 0.888633 0.516093
vt 0.881548 0.515787
vt 0.891238 0.497206
vt 0.892446 0.505988
vt 0.894424 0.516306
vt 0.896955 0.527829
vt 0.891023 0.527263
vt 0.897643 0.505399
vt 0.900195 0.516439
vt 0.902880 0.528304
vt 0.904717 0.537942
vt 0.899106 0.537680
vt 0.904275 0.516662
vt 0.906197 0.528665
vt 0.907623 0.538079
vt 0.136107 0.855447
vt 0.145017 0.852097
vt 0.145622 0.857830
vt 0.136929 0.860679
vt 0.130096 0.862913
vt 0.129267 0.857960
vt 0.128637 0.855071
vt 0.135643 0.852633
vt 0.906084 0.545319
vt 0.907330 0.551284
vt 0.901671 0.551044
vt 0.900671 0.545176
vt 0.123691 0.860215
vt 0.122993 0.857137
vt 0.124390 0.864800
vt 0.119313 0.866564
vt 0.124828 0.869150
vt 0.119826 0.870441
vt 0.115708 0.871712
vt 0.114195 0.868295
vt 0.909539 0.577213
vt 0.909414 0.580549
vt 0.905002 0.581702
vt 0.904237 0.577791
vt 0.897960 0.583272
vt 0.897349 0.578425
vt 0.896980 0.573769
vt 0.889832 0.578690
vt 0.889434 0.573644
vt 0.889025 0.569146
vt 0.896671 0.569452
vt 0.895862 0.559745
vt 0.888222 0.559168
vt 0.887866 0.554383
vt 0.895607 0.555378
vt 0.887371 0.549246
vt 0.895154 0.550349
vt 0.886713 0.543427
vt 0.894375 0.544573
vt 0.885631 0.535996
vt 0.893085 0.537164
vt 0.883718 0.526202
vt 0.875414 0.533871
vt 0.873779 0.524256
vt 0.872381 0.514909
vt 0.861137 0.522394
vt 0.860226 0.513768
vt 0.859540 0.505648
vt 0.841834 0.512319
vt 0.841382 0.504704
vt 0.840927 0.497971
vt 0.858973 0.498316
vt 0.054577 0.817565
vt 0.054607 0.799516
vt 0.061479 0.799322
vt 0.061584 0.816902
vt 0.068606 0.799682
vt 0.069297 0.816374
vt 0.062641 0.777708
vt 0.070037 0.777990
vt 0.773246 0.908071
vt 0.774004 0.888219
vt 0.779436 0.888018
vt 0.780139 0.908034
vt 0.781217 0.922987
vt 0.774326 0.922987
vt 0.784492 0.888236
vt 0.785664 0.907595
vt 0.074431 0.799933
vt 0.079286 0.799830
vt 0.076540 0.661885
vt 0.075610 0.684361
vt 0.071232 0.684216
vt 0.071232 0.661816
vt 0.071533 0.645109
vt 0.076378 0.645037
vt 0.083330 0.799587
vt 0.082880 0.777222
vt 0.088991 0.779132
vt 0.089888 0.799337
vt 0.096535 0.779996
vt 0.097067 0.799466
vt 0.094908 0.659661
vt 0.094236 0.644076
vt 0.101720 0.660981
vt 0.077621 0.777346
vt 0.407809 0.606585
vt 0.411967 0.606080
vt 0.074611 0.777979
vt 0.062090 0.754082
vt 0.055398 0.755098
vt 0.054685 0.732860
vt 0.061374 0.732240
vt 0.055515 0.777751
vt 0.819171 0.497595
vt 0.819561 0.503463
vt 0.796932 0.502936
vt 0.796516 0.497524
vt 0.797268 0.510074
vt 0.774875 0.510140
vt 0.774646 0.503122
vt 0.774270 0.497632
vt 0.819957 0.510890
vt 0.820355 0.518756
vt 0.797612 0.517786
vt 0.842410 0.520419
vt 0.843064 0.529315
vt 0.820783 0.527569
vt 0.862235 0.531577
vt 0.863235 0.539947
vt 0.843633 0.538089
vt 0.876825 0.541769
vt 0.877676 0.547813
vt 0.864047 0.546406
vt 0.864591 0.552014
vt 0.844460 0.551189
vt 0.844089 0.545383
vt 0.878297 0.553211
vt 0.878827 0.558311
vt 0.865012 0.557406
vt 0.865337 0.561376
vt 0.845274 0.561479
vt 0.844911 0.557069
vt 0.865795 0.568052
vt 0.879621 0.568508
vt 0.880072 0.573176
vt 0.866162 0.572431
vt 0.880343 0.578491
vt 0.866425 0.577792
vt 0.866668 0.583350
vt 0.846574 0.582558
vt 0.846294 0.576612
vt 0.846108 0.571106
vt 0.880608 0.583896
vt 0.049393 0.572255
vt 0.045243 0.572470
vt 0.045245 0.560448
vt 0.049515 0.559979
vt 0.890127 0.584044
vt 0.049526 0.580584
vt 0.045552 0.580806
vt 0.892488 0.018751
vt 0.892386 0.024194
vt 0.882920 0.023837
vt 0.882930 0.018547
vt 0.490392 0.785663
vt 0.486404 0.785664
vt 0.882883 0.029531
vt 0.869558 0.028884
vt 0.869350 0.023245
vt 0.869125 0.017934
vt 0.892238 0.030036
vt 0.891926 0.036670
vt 0.882744 0.035651
vt 0.899243 0.030822
vt 0.898418 0.037681
vt 0.897577 0.045744
vt 0.891357 0.044617
vt 0.905123 0.031963
vt 0.904552 0.038816
vt 0.903865 0.047093
vt 0.902686 0.057691
vt 0.896482 0.056013
vt 0.909724 0.039900
vt 0.908411 0.048237
vt 0.906370 0.059007
vt 0.156310 0.873632
vt 0.170313 0.871607
vt 0.169269 0.875858
vt 0.154981 0.876688
vt 0.145594 0.875219
vt 0.145848 0.869653
vt 0.156881 0.867262
vt 0.170657 0.864445
vt 0.185107 0.862886
vt 0.185618 0.870283
vt 0.157123 0.860747
vt 0.170350 0.856877
vt 0.184300 0.855114
vt 0.200241 0.855634
vt 0.201509 0.862635
vt 0.198211 0.846599
vt 0.211148 0.835544
vt 0.213926 0.847471
vt 0.215650 0.856130
vt 0.225093 0.847601
vt 0.226260 0.856172
vt 0.227166 0.862515
vt 0.216756 0.862591
vt 0.227909 0.868883
vt 0.217663 0.869203
vt 0.202497 0.869637
vt 0.218125 0.874178
vt 0.203031 0.874684
vt 0.185664 0.875382
vt 0.899459 0.088442
vt 0.897923 0.105842
vt 0.891958 0.105695
vt 0.893467 0.087801
vt 0.894952 0.070373
vt 0.900989 0.072016
vt 0.887094 0.086984
vt 0.888674 0.068677
vt 0.890293 0.054525
vt 0.880715 0.066876
vt 0.881750 0.052877
vt 0.882307 0.043328
vt 0.869204 0.051183
vt 0.869479 0.041905
vt 0.869573 0.034764
vt 0.850764 0.040705
vt 0.850264 0.033554
vt 0.849824 0.027866
vt 0.827364 0.032519
vt 0.826973 0.026735
vt 0.826608 0.021209
vt 0.849419 0.022178
vt 0.826233 0.016076
vt 0.849088 0.017169
vt 0.846868 0.587146
vt 0.824006 0.586717
vt 0.823762 0.581541
vt 0.044567 0.543180
vt 0.049526 0.542191
vt 0.801084 0.585302
vt 0.800827 0.580457
vt 0.800551 0.574562
vt 0.823562 0.575572
vt 0.800280 0.569144
vt 0.823304 0.570335
vt 0.822461 0.561735
vt 0.799441 0.560956
vt 0.799186 0.555650
vt 0.822213 0.556572
vt 0.798923 0.549948
vt 0.821921 0.550511
vt 0.798649 0.544084
vt 0.821601 0.544686
vt 0.798324 0.535777
vt 0.821213 0.536653
vt 0.797973 0.526606
vt 0.775630 0.535171
vt 0.775347 0.526075
vt 0.775089 0.517552
vt 0.752739 0.526333
vt 0.752752 0.518249
vt 0.752847 0.511071
vt 0.729194 0.519352
vt 0.729238 0.512284
vt 0.729333 0.505899
vt 0.753028 0.504433
vt 0.729471 0.500030
vt 0.753411 0.498593
vt 0.052720 0.712027
vt 0.052282 0.688113
vt 0.057150 0.688816
vt 0.059307 0.712469
vt 0.063135 0.689406
vt 0.066170 0.712906
vt 0.068307 0.689665
vt 0.056020 0.663124
vt 0.061923 0.663065
vt 0.068077 0.663192
vt 0.060450 0.641018
vt 0.067272 0.641607
vt 0.068127 0.894690
vt 0.068127 0.875910
vt 0.075356 0.917882
vt 0.068391 0.918484
vt 0.058976 0.625506
vt 0.065001 0.626975
vt 0.071531 0.628602
vt 0.073814 0.641913
vt 0.053405 0.624352
vt 0.052313 0.612455
vt 0.054515 0.640740
vt 0.682141 0.497627
vt 0.681845 0.501999
vt 0.664866 0.503423
vt 0.665742 0.497832
vt 0.051310 0.663430
vt 0.050748 0.640530
vt 0.704766 0.500935
vt 0.704816 0.506868
vt 0.681567 0.508098
vt 0.681359 0.514465
vt 0.663075 0.515916
vt 0.664075 0.509590
vt 0.704819 0.513240
vt 0.704878 0.520385
vt 0.681132 0.521602
vt 0.680965 0.529766
vt 0.660265 0.530671
vt 0.661923 0.522883
vt 0.705001 0.528580
vt 0.705182 0.537209
vt 0.680873 0.537960
vt 0.729215 0.527435
vt 0.729331 0.536182
vt 0.729533 0.544236
vt 0.705382 0.544862
vt 0.752831 0.535175
vt 0.753019 0.543177
vt 0.753220 0.549167
vt 0.729770 0.550089
vt 0.775868 0.543316
vt 0.776065 0.549371
vt 0.776227 0.555042
vt 0.753422 0.554883
vt 0.753638 0.559905
vt 0.730125 0.560815
vt 0.729985 0.555664
vt 0.776252 0.560329
vt 0.777085 0.568990
vt 0.777407 0.574554
vt 0.754611 0.574714
vt 0.754466 0.569366
vt 0.754719 0.580362
vt 0.731084 0.579951
vt 0.731051 0.574175
vt 0.730971 0.568685
vt 0.777885 0.580415
vt 0.778263 0.585493
vt 0.754848 0.585336
vt 0.757088 0.013193
vt 0.757113 0.017773
vt 0.733444 0.016790
vt 0.733421 0.012469
vt 0.731178 0.585077
vt 0.780497 0.014099
vt 0.780519 0.019233
vt 0.780455 0.025187
vt 0.757099 0.023752
vt 0.803307 0.015801
vt 0.803521 0.020855
vt 0.803727 0.026500
vt 0.803948 0.032114
vt 0.780465 0.030855
vt 0.780487 0.038041
vt 0.757051 0.036838
vt 0.757084 0.029531
vt 0.804134 0.039150
vt 0.804344 0.048016
vt 0.780546 0.046966
vt 0.827749 0.039864
vt 0.828130 0.048774
vt 0.828535 0.061639
vt 0.804559 0.060576
vt 0.851141 0.049758
vt 0.851307 0.063156
vt 0.851024 0.082681
vt 0.828846 0.080954
vt 0.868462 0.064912
vt 0.867218 0.084414
vt 0.865968 0.104333
vt 0.850577 0.103421
vt 0.878959 0.085891
vt 0.877485 0.105014
vt 0.876442 0.119257
vt 0.865316 0.118592
vt 0.885413 0.105409
vt 0.884145 0.119970
vt 0.883397 0.130194
vt 0.875843 0.129722
vt 0.890538 0.120531
vt 0.889579 0.130738
vt 0.888989 0.138477
vt 0.883064 0.138293
vt 0.896237 0.120970
vt 0.895168 0.131119
vt 0.894378 0.138626
vt 0.893818 0.144581
vt 0.888712 0.144284
vt 0.235741 0.873409
vt 0.228251 0.873678
vt 0.235454 0.868649
vt 0.241601 0.868352
vt 0.241685 0.873155
vt 0.241312 0.862397
vt 0.246718 0.862217
vt 0.234997 0.862460
vt 0.234690 0.856086
vt 0.240956 0.855909
vt 0.240612 0.847698
vt 0.246559 0.847902
vt 0.246737 0.855846
vt 0.234081 0.847608
vt 0.233235 0.836633
vt 0.240235 0.836864
vt 0.223539 0.836293
vt 0.221388 0.819564
vt 0.232131 0.819863
vt 0.231235 0.797755
vt 0.239029 0.797830
vt 0.239530 0.819892
vt 0.220151 0.797497
vt 0.220307 0.774091
vt 0.231433 0.774409
vt 0.232236 0.750835
vt 0.239435 0.750852
vt 0.238961 0.774466
vt 0.221482 0.750596
vt 0.223109 0.727039
vt 0.233160 0.727180
vt 0.233842 0.702796
vt 0.240197 0.702590
vt 0.239937 0.727141
vt 0.224671 0.702892
vt 0.225943 0.679331
vt 0.234547 0.679134
vt 0.212731 0.702765
vt 0.214467 0.679695
vt 0.226625 0.661523
vt 0.235101 0.649117
vt 0.234946 0.661058
vt 0.241153 0.648892
vt 0.241084 0.660820
vt 0.240706 0.679038
vt 0.247284 0.660709
vt 0.246950 0.678947
vt 0.246526 0.702349
vt 0.251891 0.678792
vt 0.251697 0.702094
vt 0.251583 0.726944
vt 0.246139 0.727043
vt 0.251160 0.750763
vt 0.245697 0.750820
vt 0.251024 0.774446
vt 0.245364 0.774461
vt 0.251216 0.797922
vt 0.245452 0.797870
vt 0.251492 0.819873
vt 0.245897 0.819881
vt 0.251782 0.837011
vt 0.246357 0.836943
vt 0.251961 0.848070
vt 0.016219 0.381878
vt 0.015780 0.370810
vt 0.021546 0.370738
vt 0.021849 0.381730
vt 0.022103 0.389562
vt 0.016914 0.389734
vt 0.251845 0.855916
vt 0.021917 0.395671
vt 0.016955 0.395869
vt 0.251292 0.862051
vt 0.027966 0.389466
vt 0.027722 0.395455
vt 0.027351 0.400747
vt 0.034662 0.395136
vt 0.034493 0.400649
vt 0.034293 0.405510
vt 0.027027 0.405236
vt 0.882636 0.154077
vt 0.875369 0.154258
vt 0.875523 0.149174
vt 0.882749 0.149268
vt 0.875532 0.143683
vt 0.882939 0.143976
vt 0.875629 0.137917
vt 0.865418 0.143477
vt 0.865182 0.137759
vt 0.865091 0.129376
vt 0.850450 0.137874
vt 0.850369 0.129223
vt 0.850371 0.118164
vt 0.829187 0.129085
vt 0.829126 0.117765
vt 0.828999 0.102525
vt 0.805210 0.117337
vt 0.804949 0.101676
vt 0.804752 0.079593
vt 0.780970 0.100860
vt 0.780786 0.078440
vt 0.780659 0.059547
vt 0.757114 0.077300
vt 0.757058 0.058451
vt 0.757032 0.045881
vt 0.733511 0.057330
vt 0.733476 0.044852
vt 0.733464 0.035617
vt 0.709789 0.043919
vt 0.709702 0.034694
vt 0.709628 0.027420
vt 0.733454 0.028289
vt 0.709547 0.021822
vt 0.733436 0.022677
vt 0.709471 0.015964
vt 0.685696 0.021403
vt 0.685483 0.015566
vt 0.685287 0.011200
vt 0.709381 0.011810
vt 0.707135 0.584731
vt 0.683040 0.584262
vt 0.682903 0.579225
vt 0.707013 0.579617
vt 0.682760 0.573519
vt 0.706898 0.573888
vt 0.682551 0.568260
vt 0.706771 0.568619
vt 0.705919 0.560952
vt 0.681697 0.560891
vt 0.681486 0.555906
vt 0.705733 0.555943
vt 0.681297 0.550547
vt 0.705562 0.550507
vt 0.681026 0.545142
vt 0.656796 0.550402
vt 0.657476 0.545063
vt 0.658591 0.538397
vt 0.639944 0.544248
vt 0.643159 0.537937
vt 0.646087 0.530654
vt 0.631194 0.536094
vt 0.634435 0.529437
vt 0.638293 0.523119
vt 0.648701 0.523514
vt 0.640780 0.516892
vt 0.650752 0.516834
vt 0.642268 0.511037
vt 0.651982 0.510760
vt 0.643377 0.505691
vt 0.652875 0.504967
vt 0.643991 0.500516
vt 0.653810 0.499658
vt 0.634742 0.505387
vt 0.635164 0.500748
vt 0.051431 0.602654
vt 0.633938 0.510662
vt 0.625427 0.504668
vt 0.626969 0.500357
vt 0.632375 0.516196
vt 0.637172 0.549652
vt 0.635232 0.554585
vt 0.656445 0.555651
vt 0.656373 0.560553
vt 0.633946 0.559509
vt 0.634785 0.567996
vt 0.633838 0.572528
vt 0.612593 0.570132
vt 0.616139 0.567446
vt 0.657226 0.568040
vt 0.658134 0.573089
vt 0.659011 0.578771
vt 0.634034 0.578065
vt 0.635201 0.583715
vt 0.612804 0.582071
vt 0.612107 0.575359
vt 0.659534 0.583975
vt 0.661783 0.010816
vt 0.661981 0.014905
vt 0.638438 0.013531
vt 0.637453 0.010135
vt 0.638734 0.019563
vt 0.616380 0.018473
vt 0.615883 0.012424
vt 0.700521 0.751897
vt 0.699707 0.732429
vt 0.704622 0.731228
vt 0.704622 0.751331
vt 0.662099 0.020811
vt 0.662219 0.026477
vt 0.638987 0.025560
vt 0.685852 0.027021
vt 0.685994 0.034077
vt 0.662341 0.033376
vt 0.662516 0.042342
vt 0.639492 0.041452
vt 0.639243 0.032468
vt 0.686131 0.043162
vt 0.686282 0.055382
vt 0.662751 0.054578
vt 0.709901 0.056242
vt 0.710036 0.075189
vt 0.686456 0.074099
vt 0.733576 0.076238
vt 0.733678 0.099157
vt 0.710185 0.098228
vt 0.757248 0.099998
vt 0.757455 0.116488
vt 0.733787 0.115856
vt 0.781218 0.116888
vt 0.781482 0.128369
vt 0.757660 0.128120
vt 0.805472 0.128709
vt 0.805707 0.137559
vt 0.781763 0.137474
vt 0.829273 0.137863
vt 0.829380 0.143577
vt 0.805885 0.143278
vt 0.850574 0.143501
vt 0.850754 0.149146
vt 0.829518 0.149342
vt 0.865617 0.149083
vt 0.865689 0.154303
vt 0.850915 0.154363
vt 0.058747 0.405269
vt 0.058738 0.400295
vt 0.079812 0.400751
vt 0.079862 0.406059
vt 0.829796 0.154482
vt 0.043973 0.405334
vt 0.044061 0.400398
vt 0.044295 0.394746
vt 0.058734 0.394565
vt 0.058717 0.388628
vt 0.079365 0.388828
vt 0.079636 0.394861
vt 0.044623 0.388901
vt 0.044895 0.381012
vt 0.058673 0.381115
vt 0.034762 0.389236
vt 0.034796 0.381208
vt 0.034697 0.370362
vt 0.045002 0.370382
vt 0.028128 0.381425
vt 0.028026 0.370540
vt 0.028011 0.354017
vt 0.034640 0.354261
vt 0.021394 0.353807
vt 0.021338 0.331836
vt 0.027920 0.331995
vt 0.015862 0.353670
vt 0.016002 0.331717
vt 0.027928 0.308290
vt 0.034375 0.308349
vt 0.034373 0.332208
vt 0.021314 0.308256
vt 0.021590 0.284489
vt 0.028199 0.284414
vt 0.015748 0.308235
vt 0.015881 0.284551
vt 0.028393 0.260403
vt 0.035357 0.260185
vt 0.035047 0.284333
vt 0.021908 0.260568
vt 0.022687 0.235804
vt 0.028920 0.235681
vt 0.016076 0.260734
vt 0.016819 0.235893
vt 0.029448 0.212123
vt 0.036413 0.211930
vt 0.035810 0.235512
vt 0.023170 0.212346
vt 0.023093 0.194305
vt 0.029404 0.194130
vt 0.017648 0.212603
vt 0.017542 0.194381
vt 0.017421 0.182372
vt 0.022920 0.182333
vt 0.252133 0.660573
vt 0.247275 0.648697
vt 0.252063 0.648568
vt 0.247152 0.640108
vt 0.251876 0.640094
vt 0.241175 0.640111
vt 0.241182 0.633596
vt 0.247052 0.633533
vt 0.234940 0.640201
vt 0.234865 0.633770
vt 0.234574 0.627629
vt 0.240904 0.627444
vt 0.240483 0.622239
vt 0.234352 0.622411
vt 0.016686 0.472713
vt 0.022785 0.472688
vt 0.022646 0.478677
vt 0.017008 0.478787
vt 0.029418 0.472764
vt 0.029344 0.478473
vt 0.029093 0.484012
vt 0.037326 0.478447
vt 0.037043 0.484199
vt 0.036836 0.489228
vt 0.028878 0.488793
vt 0.028560 0.156589
vt 0.036519 0.156680
vt 0.036585 0.161801
vt 0.028677 0.161646
vt 0.036692 0.167588
vt 0.028823 0.167387
vt 0.022306 0.167306
vt 0.028973 0.173875
vt 0.022649 0.173927
vt 0.017264 0.173894
vt 0.017084 0.167254
vt 0.252117 0.633456
vt 0.029248 0.182274
vt 0.036703 0.173809
vt 0.036700 0.182155
vt 0.036776 0.193994
vt 0.047198 0.181811
vt 0.047227 0.193760
vt 0.047049 0.211630
vt 0.061842 0.193488
vt 0.061215 0.211309
vt 0.060422 0.234918
vt 0.046550 0.235265
vt 0.059577 0.259633
vt 0.045939 0.259918
vt 0.058799 0.284145
vt 0.045340 0.284242
vt 0.058564 0.308544
vt 0.044833 0.308432
vt 0.058554 0.332895
vt 0.044754 0.332520
vt 0.058583 0.354894
vt 0.044895 0.354583
vt 0.058618 0.370670
vt 0.078341 0.355288
vt 0.078682 0.371155
vt 0.079026 0.381292
vt 0.102676 0.370999
vt 0.102843 0.381385
vt 0.102971 0.389097
vt 0.127061 0.381660
vt 0.127074 0.389666
vt 0.127086 0.395520
vt 0.103130 0.394955
vt 0.127035 0.401635
vt 0.103326 0.400744
vt 0.127059 0.407003
vt 0.103486 0.405880
vt 0.806174 0.154119
vt 0.782596 0.154213
vt 0.782304 0.149143
vt 0.806040 0.148883
vt 0.782015 0.143383
vt 0.758127 0.149118
vt 0.757999 0.143405
vt 0.757851 0.137337
vt 0.733918 0.143114
vt 0.733863 0.137082
vt 0.733844 0.127654
vt 0.710280 0.136258
vt 0.710359 0.126948
vt 0.710315 0.115020
vt 0.686899 0.126298
vt 0.686783 0.114247
vt 0.686626 0.097184
vt 0.663402 0.113828
vt 0.663206 0.096220
vt 0.663000 0.073017
vt 0.640178 0.095423
vt 0.639995 0.072017
vt 0.639763 0.053894
vt 0.617436 0.071211
vt 0.617386 0.053176
vt 0.617237 0.040986
vt 0.595292 0.052457
vt 0.595521 0.040576
vt 0.595708 0.031541
vt 0.617024 0.032014
vt 0.595872 0.024350
vt 0.616754 0.024880
vt 0.595978 0.017758
vt 0.574495 0.023345
vt 0.575025 0.016731
vt 0.575675 0.010456
vt 0.596002 0.011687
vt 0.593755 0.585447
vt 0.573420 0.585402
vt 0.574239 0.579007
vt 0.593943 0.579220
vt 0.613638 0.586135
vt 0.574139 0.571854
vt 0.593706 0.571231
vt 0.551384 0.580192
vt 0.552071 0.573255
vt 0.552140 0.567759
vt 0.571856 0.566619
vt 0.587588 0.566063
vt 0.571029 0.557852
vt 0.551285 0.559858
vt 0.550924 0.553974
vt 0.568765 0.552070
vt 0.582559 0.549807
vt 0.586796 0.555445
vt 0.566767 0.546380
vt 0.579313 0.544659
vt 0.590684 0.543443
vt 0.593755 0.548464
vt 0.597358 0.553350
vt 0.599164 0.543382
vt 0.599988 0.548781
vt 0.600346 0.554583
vt 0.587980 0.538190
vt 0.597692 0.537829
vt 0.586009 0.533010
vt 0.596408 0.532791
vt 0.585055 0.527910
vt 0.596028 0.528527
vt 0.585108 0.523447
vt 0.596418 0.524653
vt 0.603611 0.525703
vt 0.597247 0.521062
vt 0.604385 0.522607
vt 0.606997 0.523477
vt 0.606156 0.526114
vt 0.381973 0.661344
vt 0.381826 0.658630
vt 0.383802 0.658768
vt 0.384363 0.661000
vt 0.384953 0.663351
vt 0.382734 0.664100
vt 0.605487 0.519309
vt 0.607616 0.520145
vt 0.599249 0.517686
vt 0.601815 0.514587
vt 0.606687 0.515604
vt 0.609221 0.515556
vt 0.586012 0.519171
vt 0.572285 0.521854
vt 0.572553 0.516849
vt 0.560704 0.514710
vt 0.560619 0.520166
vt 0.547844 0.518878
vt 0.548015 0.512915
vt 0.572556 0.527082
vt 0.560693 0.526322
vt 0.547815 0.525978
vt 0.531760 0.526493
vt 0.532086 0.518935
vt 0.561788 0.533287
vt 0.548609 0.533735
vt 0.531306 0.534789
vt 0.508112 0.536625
vt 0.509303 0.528111
vt 0.550387 0.541408
vt 0.530201 0.542692
vt 0.506761 0.544416
vt 0.481453 0.545659
vt 0.482037 0.538397
vt 0.529178 0.549113
vt 0.505991 0.550611
vt 0.480917 0.551685
vt 0.455293 0.552182
vt 0.455682 0.546331
vt 0.505380 0.556988
vt 0.480403 0.557763
vt 0.454959 0.557946
vt 0.429843 0.558352
vt 0.429945 0.552654
vt 0.455799 0.566701
vt 0.481239 0.566312
vt 0.480842 0.570323
vt 0.455603 0.571269
vt 0.430643 0.572190
vt 0.430690 0.567185
vt 0.405946 0.572727
vt 0.405950 0.567517
vt 0.455440 0.577190
vt 0.430569 0.578083
vt 0.405889 0.578593
vt 0.381456 0.579041
vt 0.381514 0.573270
vt 0.430483 0.583678
vt 0.405815 0.583932
vt 0.381390 0.584165
vt 0.356997 0.584370
vt 0.357065 0.579491
vt 0.383675 0.004644
vt 0.408096 0.005231
vt 0.407936 0.009776
vt 0.383504 0.009583
vt 0.359125 0.009301
vt 0.359287 0.004067
vt 0.334598 0.009513
vt 0.334710 0.003807
vt 0.383309 0.015733
vt 0.358934 0.015388
vt 0.334500 0.015348
vt 0.310316 0.015601
vt 0.310414 0.009960
vt 0.358758 0.021270
vt 0.334391 0.021115
vt 0.310152 0.021233
vt 0.285828 0.020630
vt 0.286144 0.015003
vt 0.334216 0.028755
vt 0.309931 0.028778
vt 0.285463 0.028239
vt 0.261272 0.027448
vt 0.261594 0.019732
vt 0.309644 0.037697
vt 0.285160 0.037209
vt 0.260909 0.036834
vt 0.236695 0.036487
vt 0.237050 0.026967
vt 0.284778 0.050028
vt 0.260446 0.050293
vt 0.236183 0.050446
vt 0.211889 0.050445
vt 0.212471 0.036325
vt 0.259847 0.071360
vt 0.235487 0.071371
vt 0.211056 0.071344
vt 0.210166 0.095425
vt 0.185514 0.095432
vt 0.186612 0.071281
vt 0.187623 0.050253
vt 0.234819 0.095311
vt 0.234418 0.112917
vt 0.209594 0.112968
vt 0.259306 0.095272
vt 0.258992 0.112943
vt 0.258813 0.124693
vt 0.234202 0.124486
vt 0.283713 0.095127
vt 0.283442 0.112857
vt 0.283329 0.124682
vt 0.283284 0.134309
vt 0.258677 0.134295
vt 0.307813 0.112675
vt 0.307658 0.124457
vt 0.307625 0.133927
vt 0.307669 0.140325
vt 0.283264 0.140630
vt 0.332094 0.124236
vt 0.331945 0.133571
vt 0.331839 0.139916
vt 0.331746 0.145810
vt 0.307743 0.146234
vt 0.356137 0.133720
vt 0.355937 0.140407
vt 0.355737 0.146379
vt 0.355560 0.151951
vt 0.331610 0.151309
vt 0.380226 0.140761
vt 0.380155 0.146731
vt 0.380103 0.152232
vt 0.529555 0.408249
vt 0.529604 0.404122
vt 0.554101 0.404054
vt 0.554099 0.408319
vt 0.404686 0.146787
vt 0.404607 0.152322
vt 0.505051 0.408117
vt 0.505106 0.403855
vt 0.505152 0.397800
vt 0.529663 0.398002
vt 0.481293 0.408033
vt 0.481308 0.403775
vt 0.481306 0.397685
vt 0.481310 0.391614
vt 0.505206 0.391875
vt 0.457365 0.403814
vt 0.457381 0.397668
vt 0.457371 0.391639
vt 0.457333 0.382925
vt 0.481307 0.383093
vt 0.432833 0.397472
vt 0.432905 0.391486
vt 0.432993 0.382909
vt 0.433088 0.371950
vt 0.457297 0.371883
vt 0.408597 0.391195
vt 0.408773 0.383067
vt 0.408981 0.372069
vt 0.409206 0.356925
vt 0.433197 0.356773
vt 0.385069 0.383355
vt 0.385268 0.372332
vt 0.385491 0.356944
vt 0.385744 0.334479
vt 0.409437 0.334577
vt 0.361854 0.372605
vt 0.362034 0.356937
vt 0.362226 0.334411
vt 0.362384 0.309337
vt 0.385936 0.309446
vt 0.338654 0.356898
vt 0.338792 0.334336
vt 0.338919 0.309258
vt 0.339010 0.283969
vt 0.362495 0.284056
vt 0.315414 0.334313
vt 0.315526 0.309209
vt 0.315603 0.283911
vt 0.315645 0.258585
vt 0.339064 0.258619
vt 0.292201 0.309183
vt 0.292259 0.283874
vt 0.292298 0.258564
vt 0.292313 0.233364
vt 0.315661 0.233380
vt 0.268937 0.283848
vt 0.268992 0.258549
vt 0.269037 0.233373
vt 0.269029 0.209817
vt 0.292289 0.209770
vt 0.245677 0.258532
vt 0.245787 0.233372
vt 0.245880 0.209890
vt 0.245923 0.192148
vt 0.268971 0.192065
vt 0.222500 0.233292
vt 0.222693 0.209837
vt 0.222823 0.193324
vt 0.222927 0.182795
vt 0.245919 0.182235
vt 0.199445 0.210029
vt 0.199677 0.193929
vt 0.199852 0.182925
vt 0.200000 0.174767
vt 0.222999 0.174697
vt 0.176513 0.194158
vt 0.176792 0.183035
vt 0.176996 0.174839
vt 0.177151 0.168528
vt 0.200146 0.168584
vt 0.153613 0.183093
vt 0.153939 0.174606
vt 0.154196 0.168428
vt 0.154441 0.162335
vt 0.177280 0.162566
vt 0.130783 0.174272
vt 0.131150 0.168171
vt 0.131513 0.162032
vt 0.131799 0.156717
vt 0.154694 0.156976
vt 0.107814 0.167686
vt 0.108390 0.161494
vt 0.108944 0.156004
vt 0.109258 0.489428
vt 0.109531 0.484439
vt 0.132425 0.484284
vt 0.132115 0.489642
vt 0.085000 0.161421
vt 0.085502 0.156192
vt 0.085814 0.490261
vt 0.086259 0.484978
vt 0.086726 0.479034
vt 0.109866 0.478635
vt 0.063672 0.490088
vt 0.064067 0.484913
vt 0.064525 0.478944
vt 0.065040 0.473253
vt 0.087223 0.473256
vt 0.047707 0.484242
vt 0.048189 0.478597
vt 0.048744 0.472837
vt 0.049376 0.465144
vt 0.065760 0.465268
vt 0.037457 0.472769
vt 0.037612 0.465038
vt 0.037951 0.454936
vt 0.050121 0.455181
vt 0.029276 0.464953
vt 0.051005 0.443494
vt 0.067885 0.443394
vt 0.066697 0.455339
vt 0.038556 0.443181
vt 0.039265 0.432330
vt 0.051718 0.431987
vt 0.052106 0.425350
vt 0.069799 0.424912
vt 0.069149 0.431747
vt 0.039588 0.425577
vt 0.052369 0.419803
vt 0.052690 0.414284
vt 0.070887 0.413519
vt 0.070324 0.419101
vt 0.093365 0.413237
vt 0.092542 0.418598
vt 0.091703 0.424562
vt 0.114200 0.419172
vt 0.113207 0.425232
vt 0.112414 0.432119
vt 0.090718 0.431351
vt 0.111748 0.443239
vt 0.089666 0.443285
vt 0.111218 0.454686
vt 0.088652 0.455235
vt 0.110705 0.464665
vt 0.087843 0.465214
vt 0.110251 0.472666
vt 0.133277 0.463994
vt 0.132974 0.472218
vt 0.132686 0.478350
vt 0.155540 0.472366
vt 0.155381 0.478483
vt 0.155198 0.484472
vt 0.178014 0.478864
vt 0.177860 0.484977
vt 0.177687 0.490481
vt 0.155010 0.489754
vt 0.200863 0.484988
vt 0.200774 0.490240
vt 0.177372 0.157233
vt 0.200458 0.157193
vt 0.200307 0.162619
vt 0.223141 0.157238
vt 0.223121 0.162695
vt 0.223059 0.168634
vt 0.245880 0.162551
vt 0.245887 0.168447
vt 0.245903 0.174440
vt 0.268723 0.167993
vt 0.268817 0.173893
vt 0.268907 0.181851
vt 0.292012 0.173764
vt 0.292120 0.181770
vt 0.292215 0.192242
vt 0.315666 0.182277
vt 0.315662 0.192187
vt 0.315661 0.209956
vt 0.339146 0.193000
vt 0.339115 0.210070
vt 0.339092 0.233329
vt 0.362682 0.210219
vt 0.362621 0.233317
vt 0.362568 0.258687
vt 0.386198 0.233447
vt 0.386138 0.258814
vt 0.386060 0.284179
vt 0.409766 0.258992
vt 0.409711 0.284337
vt 0.409608 0.309590
vt 0.433452 0.284528
vt 0.433406 0.309772
vt 0.433316 0.334770
vt 0.457304 0.309984
vt 0.457295 0.335018
vt 0.457284 0.356751
vt 0.481306 0.335199
vt 0.481307 0.356918
vt 0.481305 0.372049
vt 0.505388 0.357119
vt 0.505351 0.372198
vt 0.505286 0.383258
vt 0.529650 0.372287
vt 0.529677 0.383443
vt 0.529687 0.391947
vt 0.553879 0.383446
vt 0.553938 0.391771
vt 0.553996 0.397894
vt 0.578031 0.391579
vt 0.578035 0.397425
vt 0.578077 0.403381
vt 0.602045 0.397646
vt 0.601780 0.403814
vt 0.601762 0.408493
vt 0.578053 0.407959
vt 0.626589 0.404185
vt 0.626485 0.408466
vt 0.307897 0.151805
vt 0.283172 0.152178
vt 0.283255 0.146545
vt 0.258437 0.151753
vt 0.258523 0.146337
vt 0.258598 0.140529
vt 0.233668 0.145928
vt 0.233862 0.140137
vt 0.234015 0.133955
vt 0.209039 0.139945
vt 0.209109 0.133470
vt 0.209284 0.124342
vt 0.184338 0.133471
vt 0.184498 0.124332
vt 0.184824 0.113242
vt 0.159481 0.124419
vt 0.159897 0.113569
vt 0.160830 0.094888
vt 0.134785 0.112575
vt 0.135982 0.093689
vt 0.137763 0.070438
vt 0.162196 0.071052
vt 0.139313 0.049529
vt 0.163427 0.049947
vt 0.140186 0.035488
vt 0.164190 0.035840
vt 0.188294 0.036120
vt 0.164652 0.026185
vt 0.188705 0.026587
vt 0.212835 0.026757
vt 0.189020 0.018779
vt 0.213112 0.018993
vt 0.237324 0.019191
vt 0.213321 0.013160
vt 0.237529 0.013557
vt 0.261841 0.014131
vt 0.237756 0.007948
vt 0.262099 0.008513
vt 0.286434 0.009419
vt 0.262326 0.003119
vt 0.286827 0.003969
vt 0.310435 0.004984
vt 0.308153 0.584234
vt 0.284536 0.584696
vt 0.284493 0.579955
vt 0.308433 0.579582
vt 0.332624 0.579769
vt 0.332415 0.585409
vt 0.308780 0.573636
vt 0.332855 0.574034
vt 0.357142 0.573732
vt 0.333001 0.568633
vt 0.357192 0.568175
vt 0.381528 0.568030
vt 0.380664 0.559343
vt 0.356315 0.560126
vt 0.356335 0.554665
vt 0.380674 0.553927
vt 0.405131 0.553257
vt 0.405094 0.558874
vt 0.380676 0.548111
vt 0.405153 0.547390
vt 0.430054 0.546769
vt 0.405160 0.541150
vt 0.430160 0.540356
vt 0.456135 0.539451
vt 0.430250 0.532104
vt 0.456627 0.531153
vt 0.482566 0.529984
vt 0.457139 0.523100
vt 0.482955 0.522005
vt 0.509913 0.520258
vt 0.483442 0.514933
vt 0.509787 0.513466
vt 0.531979 0.512495
vt 0.509363 0.507131
vt 0.531791 0.506723
vt 0.547793 0.507491
vt 0.531510 0.501169
vt 0.546887 0.501604
vt 0.793160 0.809850
vt 0.777784 0.809329
vt 0.777371 0.804446
vt 0.793136 0.805116
vt 0.546875 0.497254
vt 0.557143 0.497581
vt 0.777776 0.800200
vt 0.793257 0.800421
vt 0.802965 0.800544
vt 0.803401 0.805737
vt 0.150055 0.749163
vt 0.150482 0.739452
vt 0.156108 0.739769
vt 0.155712 0.749217
vt 0.161918 0.740365
vt 0.161532 0.749674
vt 0.161259 0.756598
vt 0.700119 0.890288
vt 0.700119 0.897212
vt 0.693916 0.896842
vt 0.693902 0.890172
vt 0.694471 0.884279
vt 0.699782 0.884138
vt 0.160898 0.762752
vt 0.695041 0.878098
vt 0.699711 0.877607
vt 0.160372 0.769285
vt 0.154838 0.768689
vt 0.030773 0.885213
vt 0.036019 0.883927
vt 0.035916 0.890894
vt 0.030836 0.892216
vt 0.159717 0.777435
vt 0.153681 0.777649
vt 0.035908 0.899989
vt 0.031125 0.900945
vt 0.158997 0.787631
vt 0.153749 0.789052
vt 0.035804 0.910050
vt 0.031110 0.910203
vt 0.157889 0.798518
vt 0.152723 0.799579
vt 0.036019 0.918484
vt 0.031366 0.918082
vt 0.157256 0.807707
vt 0.151992 0.807536
vt 0.161408 0.807646
vt 0.162085 0.815660
vt 0.157202 0.815901
vt 0.151748 0.816046
vt 0.161796 0.822883
vt 0.157088 0.823546
vt 0.151952 0.824716
vt 0.808846 0.834582
vt 0.804208 0.835742
vt 0.803654 0.829618
vt 0.808771 0.827722
vt 0.156903 0.830748
vt 0.151743 0.832939
vt 0.801801 0.824586
vt 0.806818 0.820414
vt 0.326574 0.778911
vt 0.321061 0.778105
vt 0.321653 0.770325
vt 0.328172 0.770015
vt 0.334743 0.769426
vt 0.332294 0.777902
vt 0.329138 0.759144
vt 0.334736 0.758896
vt 0.076832 0.606691
vt 0.087386 0.608803
vt 0.087683 0.615794
vt 0.077291 0.613203
vt 0.068432 0.604060
vt 0.088279 0.622336
vt 0.078152 0.620709
vt 0.337336 0.864456
vt 0.329444 0.862263
vt 0.329065 0.855816
vt 0.337678 0.855816
vt 0.079082 0.628157
vt 0.132132 0.704621
vt 0.132132 0.694424
vt 0.136916 0.695218
vt 0.137322 0.703972
vt 0.134171 0.936494
vt 0.127631 0.936494
vt 0.127439 0.926671
vt 0.135071 0.925389
vt 0.322609 0.759307
vt 0.323618 0.746494
vt 0.330425 0.746594
vt 0.707970 0.715568
vt 0.702400 0.715878
vt 0.702634 0.703778
vt 0.708692 0.704273
vt 0.324287 0.732513
vt 0.330444 0.733102
vt 0.660361 0.808749
vt 0.673129 0.809434
vt 0.672821 0.814250
vt 0.660260 0.813355
vt 0.672265 0.821090
vt 0.660122 0.819984
vt 0.684110 0.810299
vt 0.683002 0.816318
vt 0.681720 0.822946
vt 0.680963 0.829421
vt 0.671632 0.827897
vt 0.687178 0.830488
vt 0.686693 0.838313
vt 0.680456 0.837742
vt 0.692686 0.831127
vt 0.692465 0.838812
vt 0.691950 0.849322
vt 0.686363 0.849173
vt 0.697941 0.831238
vt 0.697751 0.839257
vt 0.697428 0.848906
vt 0.679748 0.848987
vt 0.670505 0.848889
vt 0.671179 0.836804
vt 0.657385 0.848687
vt 0.658454 0.836097
vt 0.659520 0.826762
vt 0.644034 0.835678
vt 0.644898 0.826380
vt 0.645473 0.819606
vt 0.630706 0.825952
vt 0.631058 0.819265
vt 0.631365 0.812712
vt 0.645816 0.812930
vt 0.616857 0.818632
vt 0.617126 0.812429
vt 0.702916 0.691878
vt 0.703354 0.680196
vt 0.708639 0.680937
vt 0.708661 0.692504
vt 0.324312 0.718088
vt 0.324502 0.703758
vt 0.331107 0.704277
vt 0.330816 0.719008
vt 0.324921 0.688170
vt 0.331203 0.688542
vt 0.335065 0.688797
vt 0.334958 0.704675
vt 0.334966 0.719399
vt 0.325084 0.670769
vt 0.331283 0.671108
vt 0.335126 0.671516
vt 0.331078 0.653455
vt 0.335212 0.654163
vt 0.896506 0.687069
vt 0.896688 0.669738
vt 0.900620 0.670554
vt 0.900267 0.687477
vt 0.896865 0.653153
vt 0.900755 0.653991
vt 0.043721 0.814720
vt 0.043383 0.831302
vt 0.037545 0.830207
vt 0.043336 0.846577
vt 0.037849 0.845715
vt 0.031883 0.844673
vt 0.032006 0.829017
vt 0.493463 0.895803
vt 0.493994 0.911427
vt 0.488856 0.910389
vt 0.488428 0.894769
vt 0.482919 0.909298
vt 0.482388 0.893115
vt 0.011779 0.038816
vt 0.011864 0.022632
vt 0.016855 0.023769
vt 0.017459 0.039073
vt 0.018190 0.053787
vt 0.014030 0.058531
vt 0.179710 0.936494
vt 0.164416 0.936113
vt 0.165918 0.931666
vt 0.180295 0.931674
vt 0.166734 0.923472
vt 0.181875 0.922854
vt 0.194218 0.922159
vt 0.199569 0.921381
vt 0.183355 0.908942
vt 0.194751 0.908839
vt 0.927380 0.272246
vt 0.927489 0.285575
vt 0.921505 0.286092
vt 0.921316 0.273267
vt 0.931991 0.503356
vt 0.924008 0.502739
vt 0.926474 0.492111
vt 0.931362 0.492007
vt 0.927305 0.299408
vt 0.921316 0.299387
vt 0.931940 0.515522
vt 0.924008 0.514116
vt 0.440269 0.867493
vt 0.452843 0.861087
vt 0.452794 0.868502
vt 0.047275 0.938238
vt 0.039334 0.938745
vt 0.039486 0.930119
vt 0.047275 0.928774
vt 0.464250 0.862684
vt 0.465412 0.870130
vt 0.473996 0.870140
vt 0.201436 0.895298
vt 0.195601 0.895027
vt 0.184687 0.894739
vt 0.185276 0.883872
vt 0.170328 0.894417
vt 0.171544 0.883531
vt 0.093989 0.913228
vt 0.101782 0.904761
vt 0.107196 0.910325
vt 0.100829 0.918484
vt 0.185102 0.877257
vt 0.372152 0.770747
vt 0.372573 0.758365
vt 0.377378 0.759165
vt 0.380139 0.771187
vt 0.419724 0.900086
vt 0.419699 0.911484
vt 0.415858 0.910751
vt 0.380451 0.748509
vt 0.378917 0.740218
vt 0.158910 0.894128
vt 0.159956 0.883082
vt 0.168559 0.909455
vt 0.157636 0.910121
vt 0.103919 0.888531
vt 0.098144 0.875410
vt 0.105293 0.871082
vt 0.110921 0.883512
vt 0.913425 0.259147
vt 0.912941 0.243614
vt 0.917053 0.242353
vt 0.918000 0.258998
vt 0.171864 0.792483
vt 0.170641 0.809125
vt 0.165125 0.810142
vt 0.172059 0.779487
vt 0.457541 0.928299
vt 0.471828 0.928684
vt 0.458580 0.934387
vt 0.438984 0.926621
vt 0.460452 0.941443
vt 0.461599 0.947632
vt 0.439825 0.944682
vt 0.462890 0.952097
vt 0.440130 0.950361
vt 0.417622 0.949016
vt 0.417305 0.942741
vt 0.395017 0.948044
vt 0.395118 0.942002
vt 0.373886 0.947255
vt 0.134644 0.409812
vt 0.155776 0.409726
vt 0.156107 0.414809
vt 0.134514 0.414107
vt 0.373752 0.951448
vt 0.354418 0.952101
vt 0.355669 0.947444
vt 0.332602 0.952252
vt 0.333789 0.947623
vt 0.310125 0.952124
vt 0.310868 0.947496
vt 0.311741 0.941069
vt 0.312494 0.935668
vt 0.416304 0.730101
vt 0.411029 0.729482
vt 0.313214 0.935578
vt 0.314313 0.930977
vt 0.335995 0.931292
vt 0.336363 0.935618
vt 0.024648 0.701817
vt 0.018233 0.701428
vt 0.019165 0.682589
vt 0.024638 0.682700
vt 0.314623 0.926233
vt 0.315463 0.918143
vt 0.316789 0.904183
vt 0.337029 0.906080
vt 0.296328 0.902576
vt 0.298138 0.885720
vt 0.318146 0.887215
vt 0.284837 0.884335
vt 0.299945 0.873706
vt 0.275261 0.883457
vt 0.301614 0.866182
vt 0.319547 0.866265
vt 0.318981 0.874513
vt 0.335061 0.866167
vt 0.336247 0.875190
vt 0.336911 0.888153
vt 0.348214 0.876298
vt 0.348808 0.889016
vt 0.349450 0.907250
vt 0.249322 0.902119
vt 0.252280 0.916895
vt 0.243635 0.917121
vt 0.241177 0.902370
vt 0.355608 0.908358
vt 0.355535 0.890446
vt 0.361182 0.891745
vt 0.354093 0.922487
vt 0.354687 0.877479
vt 0.360841 0.878487
vt 0.254384 0.927103
vt 0.246106 0.927489
vt 0.794669 0.902436
vt 0.787909 0.901301
vt 0.787862 0.887190
vt 0.794321 0.889144
vt 0.346927 0.866342
vt 0.344856 0.861148
vt 0.003158 0.076540
vt 0.002502 0.064662
vt 0.008847 0.063812
vt 0.009005 0.074549
vt 0.393725 0.738429
vt 0.388272 0.739432
vt 0.387986 0.730646
vt 0.393242 0.729244
vt 0.002365 0.049145
vt 0.008390 0.049544
vt 0.393958 0.750597
vt 0.388796 0.750933
vt 0.383701 0.750304
vt 0.383152 0.739942
vt 0.125858 0.782317
vt 0.130569 0.782479
vt 0.130569 0.799171
vt 0.125974 0.797144
vt 0.388655 0.763917
vt 0.383314 0.761317
vt 0.393819 0.765324
vt 0.393958 0.778911
vt 0.388445 0.777547
vt 0.382594 0.776575
vt 0.008596 0.032855
vt 0.002884 0.031218
vt 0.382944 0.732484
vt 0.382806 0.725251
vt 0.291928 0.951847
vt 0.115181 0.413298
vt 0.134169 0.420254
vt 0.156165 0.420826
vt 0.156204 0.426441
vt 0.133889 0.426128
vt 0.156118 0.432976
vt 0.133691 0.432402
vt 0.156000 0.442883
vt 0.133681 0.442924
vt 0.155858 0.453827
vt 0.133566 0.454010
vt 0.155699 0.463850
vt 0.178465 0.454370
vt 0.178293 0.464376
vt 0.178145 0.472757
vt 0.201277 0.464858
vt 0.201085 0.473095
vt 0.200959 0.479079
vt 0.224030 0.473174
vt 0.223832 0.479156
vt 0.223658 0.485122
vt 0.246420 0.479310
vt 0.246293 0.485327
vt 0.246202 0.490611
vt 0.223456 0.490488
vt 0.268887 0.485446
vt 0.268839 0.490822
vt 0.245887 0.157283
vt 0.268527 0.156713
vt 0.268608 0.161970
vt 0.291718 0.156782
vt 0.291826 0.161786
vt 0.291922 0.167817
vt 0.315580 0.161921
vt 0.315640 0.168075
vt 0.315668 0.174112
vt 0.339352 0.168455
vt 0.339278 0.174405
vt 0.339194 0.182789
vt 0.362832 0.174865
vt 0.362774 0.183261
vt 0.362737 0.194096
vt 0.386250 0.183370
vt 0.386255 0.194164
vt 0.386249 0.210417
vt 0.409830 0.193637
vt 0.409812 0.210589
vt 0.409794 0.233676
vt 0.433380 0.210715
vt 0.433426 0.233937
vt 0.433456 0.259207
vt 0.457109 0.234215
vt 0.457217 0.259452
vt 0.457282 0.284743
vt 0.481080 0.259712
vt 0.481207 0.284970
vt 0.481277 0.310211
vt 0.505251 0.285194
vt 0.505345 0.310434
vt 0.505387 0.335398
vt 0.529522 0.310643
vt 0.529575 0.335698
vt 0.529611 0.357249
vt 0.553807 0.335952
vt 0.553810 0.357352
vt 0.553823 0.372313
vt 0.578121 0.357616
vt 0.578075 0.372416
vt 0.578045 0.383229
vt 0.602496 0.372753
vt 0.602396 0.383258
vt 0.602232 0.391775
vt 0.626749 0.383572
vt 0.626657 0.392113
vt 0.626612 0.398064
vt 0.651316 0.392404
vt 0.651292 0.398380
vt 0.651272 0.404413
vt 0.676143 0.398195
vt 0.676244 0.404246
vt 0.676219 0.408664
vt 0.651222 0.408527
vt 0.700781 0.403898
vt 0.700679 0.408233
vt 0.233441 0.151257
vt 0.208984 0.151099
vt 0.209009 0.145755
vt 0.184239 0.151427
vt 0.184296 0.145933
vt 0.184300 0.140026
vt 0.159013 0.145703
vt 0.159114 0.139877
vt 0.159249 0.133271
vt 0.133552 0.139424
vt 0.133776 0.132692
vt 0.134162 0.123943
vt 0.108325 0.131498
vt 0.108761 0.121972
vt 0.109495 0.109636
vt 0.083340 0.119049
vt 0.084263 0.105551
vt 0.086320 0.087258
vt 0.110967 0.091479
vt 0.089806 0.066329
vt 0.113307 0.069104
vt 0.115317 0.048944
vt 0.116290 0.034972
vt 0.116714 0.025016
vt 0.140691 0.025631
vt 0.116923 0.017145
vt 0.141036 0.017582
vt 0.165009 0.018147
vt 0.141264 0.011732
vt 0.165268 0.012293
vt 0.189260 0.012864
vt 0.165508 0.006854
vt 0.189471 0.007307
vt 0.213519 0.007602
vt 0.189681 0.002005
vt 0.213707 0.002331
vt 0.237945 0.002788
vt 0.001993 0.755982
vt 0.005133 0.735031
vt 0.009527 0.735535
vt 0.006384 0.756399
vt 0.235646 0.584985
vt 0.235736 0.581150
vt 0.260024 0.580816
vt 0.260027 0.585346
vt 0.235792 0.575327
vt 0.260040 0.574910
vt 0.284394 0.574168
vt 0.260043 0.569262
vt 0.284407 0.568709
vt 0.309082 0.567803
vt 0.308177 0.561524
vt 0.283491 0.562347
vt 0.283506 0.557830
vt 0.308002 0.556556
vt 0.332150 0.555350
vt 0.332119 0.560364
vt 0.307869 0.550896
vt 0.332113 0.549678
vt 0.356349 0.548924
vt 0.332070 0.543844
vt 0.356371 0.542875
vt 0.380677 0.541984
vt 0.356406 0.535448
vt 0.380675 0.534288
vt 0.405145 0.533177
vt 0.380660 0.526483
vt 0.405095 0.525262
vt 0.430265 0.524123
vt 0.405006 0.518123
vt 0.430245 0.517025
vt 0.457671 0.515991
vt 0.430424 0.510668
vt 0.458312 0.509438
vt 0.483898 0.508164
vt 0.460013 0.503096
vt 0.484596 0.501634
vt 0.509098 0.501176
vt 0.430990 0.504625
vt 0.432374 0.499406
vt 0.462688 0.498171
vt 0.706320 0.809285
vt 0.678658 0.806444
vt 0.650870 0.807528
vt 0.650900 0.802141
vt 0.680469 0.800027
vt 0.404755 0.505814
vt 0.404583 0.500331
vt 0.380624 0.506999
vt 0.380586 0.501351
vt 0.404895 0.511782
vt 0.380627 0.512968
vt 0.356656 0.513770
vt 0.356819 0.507786
vt 0.380634 0.519378
vt 0.356535 0.520287
vt 0.332225 0.520883
vt 0.332475 0.514201
vt 0.356457 0.527544
vt 0.332070 0.528491
vt 0.307590 0.529591
vt 0.307616 0.521462
vt 0.332032 0.536614
vt 0.307639 0.537968
vt 0.283377 0.539399
vt 0.283260 0.531111
vt 0.307750 0.545214
vt 0.283444 0.546412
vt 0.259010 0.547268
vt 0.258909 0.540775
vt 0.283485 0.552076
vt 0.259062 0.552864
vt 0.234891 0.553580
vt 0.234862 0.548003
vt 0.259097 0.558489
vt 0.234911 0.559172
vt 0.210880 0.559655
vt 0.210917 0.554132
vt 0.259126 0.562354
vt 0.234915 0.562757
vt 0.235796 0.565965
vt 0.235837 0.569796
vt 0.211736 0.569942
vt 0.211775 0.565934
vt 0.187742 0.570091
vt 0.187834 0.565845
vt 0.211631 0.575527
vt 0.187645 0.575677
vt 0.163776 0.575830
vt 0.163924 0.570293
vt 0.211518 0.581236
vt 0.187523 0.581363
vt 0.163631 0.581386
vt 0.139551 0.581484
vt 0.139711 0.575982
vt 0.015703 0.694230
vt 0.012553 0.714827
vt 0.008228 0.714196
vt 0.011628 0.693495
vt 0.014818 0.672677
vt 0.018843 0.673509
vt 0.017977 0.651297
vt 0.022081 0.652292
vt 0.141682 0.001034
vt 0.165757 0.001498
vt 0.141463 0.006383
vt 0.117097 0.006229
vt 0.117184 0.000950
vt 0.092112 0.005909
vt 0.091002 0.000473
vt 0.117014 0.011569
vt 0.092759 0.011520
vt 0.071602 0.016832
vt 0.068757 0.012295
vt 0.093378 0.017081
vt 0.074347 0.021875
vt 0.059725 0.034602
vt 0.055130 0.031044
vt 0.051067 0.027954
vt 0.047304 0.052256
vt 0.040755 0.048587
vt 0.035469 0.045257
vt 0.030640 0.042392
vt 0.047006 0.024709
vt 0.029259 0.066628
vt 0.022855 0.063442
vt 0.016527 0.059988
vt 0.001993 0.535747
vt 0.007160 0.532843
vt 0.012626 0.553197
vt 0.008617 0.556322
vt 0.017881 0.083594
vt 0.011269 0.081036
vt 0.926003 0.534781
vt 0.926003 0.517273
vt 0.931335 0.519361
vt 0.931991 0.535783
vt 0.816813 0.613760
vt 0.814621 0.620173
vt 0.796093 0.620404
vt 0.796220 0.613355
vt 0.007777 0.077832
vt 0.010216 0.101459
vt 0.005552 0.099447
vt 0.838549 0.613293
vt 0.836574 0.619170
vt 0.834757 0.625212
vt 0.856978 0.612532
vt 0.855849 0.618424
vt 0.854514 0.624273
vt 0.852437 0.630559
vt 0.832395 0.631905
vt 0.868074 0.618436
vt 0.867114 0.624249
vt 0.866054 0.630416
vt 0.875899 0.624028
vt 0.874767 0.630317
vt 0.873723 0.638425
vt 0.864756 0.638676
vt 0.850530 0.639522
vt 0.831200 0.641640
vt 0.863028 0.650368
vt 0.848636 0.651366
vt 0.831036 0.653262
vt 0.816997 0.655889
vt 0.847188 0.667867
vt 0.831605 0.669535
vt 0.819425 0.671352
vt 0.810473 0.672820
vt 0.807230 0.658342
vt 0.832488 0.691395
vt 0.821787 0.692644
vt 0.813873 0.693648
vt 0.806689 0.694523
vt 0.803365 0.673963
vt 0.824218 0.715556
vt 0.816854 0.716383
vt 0.809862 0.717216
vt 0.567299 0.006394
vt 0.548778 0.006657
vt 0.548602 0.001029
vt 0.567266 0.000527
vt 0.253395 0.730820
vt 0.258157 0.730562
vt 0.259196 0.753416
vt 0.253463 0.753635
vt 0.819269 0.739238
vt 0.812430 0.739800
vt 0.821342 0.761953
vt 0.814727 0.762405
vt 0.826293 0.738617
vt 0.828168 0.761523
vt 0.830141 0.784568
vt 0.823512 0.784836
vt 0.835389 0.737917
vt 0.836761 0.761035
vt 0.838658 0.784251
vt 0.840717 0.806907
vt 0.832411 0.807152
vt 0.848090 0.760582
vt 0.849368 0.784008
vt 0.850864 0.806863
vt 0.851747 0.824119
vt 0.842009 0.824271
vt 0.860668 0.783947
vt 0.861203 0.806856
vt 0.861552 0.824539
vt 0.861656 0.836885
vt 0.852030 0.836428
vt 0.870248 0.806949
vt 0.870185 0.825143
vt 0.869967 0.837349
vt 0.869887 0.845677
vt 0.861583 0.845220
vt 0.876930 0.825662
vt 0.876739 0.837639
vt 0.876713 0.846108
vt 0.876675 0.852774
vt 0.869781 0.852394
vt 0.883223 0.838020
vt 0.883159 0.846329
vt 0.883059 0.853015
vt 0.876611 0.858840
vt 0.888415 0.846536
vt 0.888360 0.853024
vt 0.909340 0.169894
vt 0.909056 0.176382
vt 0.903265 0.176283
vt 0.903448 0.169903
vt 0.896859 0.176252
vt 0.896936 0.170044
vt 0.896851 0.164130
vt 0.896647 0.159005
vt 0.889519 0.170204
vt 0.889290 0.164252
vt 0.889059 0.158957
vt 0.889374 0.492300
vt 0.889056 0.486755
vt 0.896814 0.486788
vt 0.896962 0.492194
vt 0.879331 0.164236
vt 0.879101 0.158956
vt 0.879415 0.492303
vt 0.878988 0.486640
vt 0.878480 0.480462
vt 0.888714 0.480696
vt 0.864470 0.491668
vt 0.864183 0.486414
vt 0.863813 0.480376
vt 0.863315 0.474157
vt 0.878064 0.474209
vt 0.843298 0.486418
vt 0.842989 0.480359
vt 0.842636 0.473993
vt 0.842157 0.465666
vt 0.862608 0.465871
vt 0.819822 0.480138
vt 0.819596 0.473687
vt 0.819361 0.465372
vt 0.819129 0.456325
vt 0.841546 0.456644
vt 0.796460 0.473601
vt 0.796389 0.465279
vt 0.796340 0.456272
vt 0.796294 0.447716
vt 0.818965 0.447768
vt 0.773179 0.465281
vt 0.773236 0.456347
vt 0.773232 0.447823
vt 0.773158 0.441642
vt 0.796253 0.441384
vt 0.749470 0.456128
vt 0.749483 0.447893
vt 0.749494 0.441968
vt 0.749514 0.436182
vt 0.773128 0.435883
vt 0.724954 0.447504
vt 0.724982 0.441422
vt 0.724700 0.435429
vt 0.724149 0.429733
vt 0.749312 0.430490
vt 0.701103 0.440131
vt 0.701325 0.433730
vt 0.701674 0.427549
vt 0.676594 0.439539
vt 0.676958 0.433628
vt 0.677866 0.427593
vt 0.651601 0.439553
vt 0.651578 0.433898
vt 0.651548 0.428511
vt 0.506939 0.589244
vt 0.506662 0.594573
vt 0.626326 0.433907
vt 0.625635 0.428590
vt 0.532849 0.589638
vt 0.533271 0.595240
vt 0.533370 0.600228
vt 0.506386 0.600649
vt 0.559581 0.590560
vt 0.598895 0.428115
vt 0.599926 0.433318
vt 0.574655 0.433238
vt 0.574315 0.427656
vt 0.584154 0.591310
vt 0.550065 0.433571
vt 0.550134 0.428431
vt 0.608323 0.592530
vt 0.526406 0.433442
vt 0.526313 0.428372
vt 0.632139 0.593073
vt 0.632028 0.598595
vt 0.631982 0.603801
vt 0.656178 0.593395
vt 0.656152 0.598770
vt 0.656153 0.603899
vt 0.337991 0.673574
vt 0.343567 0.673541
vt 0.343705 0.697632
vt 0.338384 0.697743
vt 0.348696 0.697702
vt 0.348168 0.717741
vt 0.348584 0.673500
vt 0.705779 0.923956
vt 0.710386 0.923950
vt 0.710825 0.948025
vt 0.706041 0.948156
vt 0.347756 0.649853
vt 0.704217 0.900324
vt 0.708711 0.900949
vt 0.735363 0.886852
vt 0.736366 0.881696
vt 0.758605 0.879940
vt 0.758392 0.885427
vt 0.704268 0.880614
vt 0.708301 0.883486
vt 0.717896 0.886968
vt 0.720017 0.883803
vt 0.721469 0.879152
vt 0.737508 0.876337
vt 0.915828 0.455355
vt 0.920103 0.453987
vt 0.925238 0.463452
vt 0.921314 0.463738
vt 0.711403 0.885454
vt 0.711480 0.881421
vt 0.562506 0.616516
vt 0.566534 0.616643
vt 0.566496 0.626549
vt 0.561850 0.627406
vt 0.557815 0.628586
vt 0.560078 0.617449
vt 0.929725 0.463487
vt 0.927377 0.463745
vt 0.924433 0.452313
vt 0.929740 0.452313
vt 0.564897 0.640694
vt 0.559402 0.641882
vt 0.591990 0.758806
vt 0.592674 0.744208
vt 0.599319 0.742900
vt 0.595212 0.726246
vt 0.607679 0.741686
vt 0.611792 0.754195
vt 0.623516 0.754309
vt 0.621787 0.763167
vt 0.637115 0.754116
vt 0.638942 0.761605
vt 0.504493 0.813693
vt 0.506401 0.830886
vt 0.499915 0.832776
vt 0.498593 0.812079
vt 0.620282 0.767626
vt 0.640952 0.765379
vt 0.641036 0.771461
vt 0.619376 0.773276
vt 0.603348 0.774408
vt 0.379924 0.624788
vt 0.379805 0.604669
vt 0.384953 0.605056
vt 0.384953 0.625830
vt 0.759166 0.876193
vt 0.782095 0.879755
vt 0.781980 0.876049
vt 0.799670 0.876054
vt 0.800137 0.881258
vt 0.800986 0.886317
vt 0.782471 0.885249
vt 0.812080 0.882750
vt 0.812679 0.886968
vt 0.710192 0.966555
vt 0.712130 0.978224
vt 0.708260 0.980862
vt 0.705529 0.968202
vt 0.348934 0.730433
vt 0.717535 0.983246
vt 0.714926 0.987404
vt 0.713582 0.990522
vt 0.705751 0.983729
vt 0.727189 0.984688
vt 0.725650 0.989469
vt 0.010836 0.166652
vt 0.010290 0.177329
vt 0.005078 0.176194
vt 0.000996 0.175176
vt 0.010406 0.190288
vt 0.004804 0.189831
vt 0.927489 0.572349
vt 0.927183 0.583426
vt 0.922301 0.583525
vt 0.922298 0.572015
vt 0.584170 0.639094
vt 0.578058 0.638665
vt 0.577991 0.624269
vt 0.584417 0.624848
vt 0.927048 0.596162
vt 0.922298 0.596565
vt 0.583897 0.655219
vt 0.577771 0.655017
vt 0.572316 0.654840
vt 0.572663 0.638195
vt 0.583673 0.672041
vt 0.577483 0.671873
vt 0.571894 0.671628
vt 0.047275 0.637494
vt 0.042005 0.637309
vt 0.042114 0.620680
vt 0.047227 0.620665
vt 0.576568 0.688837
vt 0.570895 0.688564
vt 0.047024 0.654494
vt 0.041535 0.654473
vt 0.036770 0.654298
vt 0.037136 0.637241
vt 0.047275 0.672425
vt 0.041324 0.672280
vt 0.036692 0.672149
vt 0.364191 0.742587
vt 0.360139 0.739686
vt 0.370642 0.725251
vt 0.374753 0.728259
vt 0.244420 0.588211
vt 0.249882 0.588885
vt 0.249738 0.603019
vt 0.244420 0.602679
vt 0.353273 0.756418
vt 0.349714 0.753608
vt 0.716281 0.003615
vt 0.715756 0.009488
vt 0.698574 0.008784
vt 0.698891 0.002876
vt 0.342658 0.769906
vt 0.339342 0.767137
vt 0.733316 0.004409
vt 0.732470 0.010226
vt 0.997221 0.958493
vt 0.992532 0.957649
vt 0.992993 0.941355
vt 0.997270 0.941776
vt 0.748198 0.005185
vt 0.747085 0.010897
vt 0.997276 0.973113
vt 0.991546 0.971965
vt 0.997255 0.984194
vt 0.990380 0.982560
vt 0.758174 0.011256
vt 0.759427 0.005487
vt 0.767859 0.005671
vt 0.767256 0.010868
vt 0.760955 0.001203
vt 0.769906 0.001677
vt 0.357141 0.731652
vt 0.352953 0.733887
vt 0.351548 0.727520
vt 0.355623 0.726274
vt 0.360069 0.725724
vt 0.362338 0.731876
vt 0.351141 0.715640
vt 0.355531 0.714891
vt 0.359382 0.713669
vt 0.356629 0.697151
vt 0.360792 0.695815
vt 0.351763 0.698104
vt 0.351955 0.677062
vt 0.357144 0.676690
vt 0.094187 0.921930
vt 0.111734 0.922605
vt 0.112696 0.926549
vt 0.094938 0.926326
vt 0.073615 0.926583
vt 0.073144 0.921989
vt 0.051878 0.927015
vt 0.051944 0.922619
vt 0.130569 0.832318
vt 0.130275 0.850949
vt 0.125672 0.850882
vt 0.125901 0.831929
vt 0.125633 0.812263
vt 0.130332 0.813131
vt 0.835623 0.883883
vt 0.835460 0.903626
vt 0.830957 0.902678
vt 0.831239 0.883942
vt 0.120912 0.831812
vt 0.120912 0.811480
vt 0.839693 0.883934
vt 0.839693 0.904655
vt 0.481636 0.790740
vt 0.504009 0.791842
vt 0.504726 0.796358
vt 0.480832 0.795654
vt 0.504653 0.801737
vt 0.480288 0.801121
vt 0.504496 0.806252
vt 0.480602 0.805815
vt 0.457492 0.804945
vt 0.435811 0.804440
vt 0.211184 0.499086
vt 0.234299 0.499559
vt 0.234461 0.505024
vt 0.211342 0.504620
vt 0.189138 0.504387
vt 0.189511 0.498162
vt 0.165271 0.504448
vt 0.166149 0.498798
vt 0.211272 0.510788
vt 0.188632 0.510804
vt 0.164682 0.510675
vt 0.140674 0.511766
vt 0.140539 0.505510
vt 0.188181 0.517532
vt 0.164206 0.517672
vt 0.140594 0.518802
vt 0.117548 0.520118
vt 0.118059 0.512885
vt 0.163855 0.525794
vt 0.140282 0.527055
vt 0.116915 0.528493
vt 0.094481 0.528811
vt 0.095977 0.520232
vt 0.139940 0.535782
vt 0.116244 0.537264
vt 0.092588 0.537849
vt 0.070842 0.534564
vt 0.115700 0.544630
vt 0.090945 0.545576
vt 0.067959 0.540335
vt 0.047599 0.526338
vt 0.051173 0.523688
vt 0.089964 0.551292
vt 0.065085 0.545399
vt 0.043869 0.529894
vt 0.062401 0.550488
vt 0.041076 0.533334
vt 0.024614 0.514700
vt 0.028614 0.513123
vt 0.034456 0.511699
vt 0.040345 0.509699
vt 0.021060 0.499976
vt 0.028173 0.499725
vt 0.036264 0.499439
vt 0.046745 0.501096
vt 0.282591 0.804436
vt 0.274505 0.804376
vt 0.272423 0.796606
vt 0.293086 0.805373
vt 0.267393 0.804646
vt 0.264629 0.796857
vt 0.262975 0.787420
vt 0.271030 0.786824
vt 0.260878 0.773875
vt 0.268815 0.773588
vt 0.277282 0.773658
vt 0.266528 0.753319
vt 0.273762 0.753153
vt 0.280738 0.752944
vt 0.287246 0.752837
vt 0.272048 0.730502
vt 0.279056 0.730594
vt 0.285668 0.730821
vt 0.284601 0.708422
vt 0.291020 0.708632
vt 0.291911 0.731070
vt 0.293574 0.752557
vt 0.277914 0.708230
vt 0.277445 0.685990
vt 0.284485 0.686194
vt 0.270965 0.708099
vt 0.270400 0.685852
vt 0.269899 0.663940
vt 0.276725 0.664353
vt 0.264269 0.708039
vt 0.263750 0.685682
vt 0.263391 0.663419
vt 0.263400 0.640720
vt 0.269716 0.641301
vt 0.257155 0.685469
vt 0.256979 0.662941
vt 0.257186 0.640191
vt 0.257519 0.621520
vt 0.263670 0.621743
vt 0.492914 0.001240
vt 0.511420 0.001344
vt 0.511492 0.006754
vt 0.492988 0.006739
vt 0.477949 0.006665
vt 0.477700 0.000908
vt 0.468242 0.006339
vt 0.468076 0.000786
vt 0.821322 0.826040
vt 0.819483 0.807722
vt 0.825853 0.807417
vt 0.827518 0.825445
vt 0.828150 0.837152
vt 0.822110 0.837719
vt 0.828290 0.845608
vt 0.822357 0.846082
vt 0.833970 0.824825
vt 0.834660 0.836553
vt 0.834663 0.845298
vt 0.834399 0.852023
vt 0.842546 0.836282
vt 0.842487 0.845093
vt 0.842052 0.851774
vt 0.841579 0.858187
vt 0.834019 0.858258
vt 0.851849 0.845167
vt 0.851406 0.851759
vt 0.850943 0.858122
vt 0.850548 0.862433
vt 0.841316 0.862112
vt 0.861404 0.851968
vt 0.861146 0.858281
vt 0.860780 0.862670
vt 0.869523 0.858641
vt 0.869155 0.863162
vt 0.906275 0.464977
vt 0.907423 0.473225
vt 0.901706 0.473644
vt 0.900421 0.465469
vt 0.899039 0.455592
vt 0.904956 0.454955
vt 0.897782 0.446594
vt 0.903614 0.445911
vt 0.894229 0.465798
vt 0.892941 0.456234
vt 0.891637 0.447206
vt 0.890746 0.439610
vt 0.896880 0.439077
vt 0.885757 0.456719
vt 0.884459 0.447667
vt 0.883469 0.440174
vt 0.882837 0.433612
vt 0.890072 0.433208
vt 0.874711 0.447898
vt 0.873896 0.440618
vt 0.873238 0.433952
vt 0.872522 0.427590
vt 0.882225 0.427509
vt 0.859866 0.441152
vt 0.858894 0.434832
vt 0.857656 0.428714
vt 0.300840 0.587313
vt 0.285971 0.587471
vt 0.840099 0.435471
vt 0.839719 0.429634
vt 0.318776 0.587426
vt 0.818761 0.435379
vt 0.818652 0.429734
vt 0.339850 0.586930
vt 0.339980 0.591308
vt 0.340244 0.597389
vt 0.362216 0.587029
vt 0.362160 0.591076
vt 0.362097 0.597035
vt 0.361951 0.600986
vt 0.340159 0.601305
vt 0.385117 0.591226
vt 0.384714 0.597365
vt 0.384500 0.601613
vt 0.740315 0.853846
vt 0.740273 0.848663
vt 0.762910 0.847492
vt 0.762851 0.852832
vt 0.717342 0.855138
vt 0.718172 0.849667
vt 0.719611 0.845573
vt 0.740296 0.844763
vt 0.699135 0.854436
vt 0.700753 0.849403
vt 0.704271 0.844972
vt 0.164073 0.609377
vt 0.158396 0.612038
vt 0.146651 0.605996
vt 0.150148 0.601963
vt 0.002625 0.340038
vt 0.006425 0.337376
vt 0.007185 0.349468
vt 0.002794 0.350327
vt 0.166588 0.620562
vt 0.160965 0.620981
vt 0.789020 0.639524
vt 0.783741 0.640744
vt 0.782883 0.631278
vt 0.788135 0.631399
vt 0.163483 0.634846
vt 0.158514 0.634093
vt 0.789606 0.652905
vt 0.784037 0.653601
vt 0.778877 0.654534
vt 0.778813 0.642160
vt 0.789887 0.669782
vt 0.784099 0.670004
vt 0.778919 0.670740
vt 0.555827 0.647832
vt 0.555468 0.631666
vt 0.784521 0.688505
vt 0.779157 0.688972
vt 0.556043 0.666009
vt 0.784580 0.707062
vt 0.779249 0.707504
vt 0.555644 0.684497
vt 0.784046 0.725703
vt 0.779086 0.726367
vt 0.554660 0.703334
vt 0.783774 0.743314
vt 0.779043 0.743988
vt 0.553320 0.720925
vt 0.547502 0.721248
vt 0.539846 0.721951
vt 0.552679 0.736734
vt 0.546346 0.735757
vt 0.538791 0.733972
vt 0.778813 0.759813
vt 0.783266 0.760357
vt 0.783180 0.776844
vt 0.778876 0.775061
vt 0.788993 0.760797
vt 0.788901 0.777604
vt 0.788341 0.792187
vt 0.783181 0.792418
vt 0.556043 0.753429
vt 0.554575 0.768976
vt 0.702158 0.778335
vt 0.702370 0.783221
vt 0.690377 0.783884
vt 0.688527 0.778447
vt 0.540951 0.774408
vt 0.538954 0.769747
vt 0.523551 0.772668
vt 0.522772 0.768479
vt 0.106618 0.770821
vt 0.119773 0.767749
vt 0.122846 0.770062
vt 0.108015 0.774408
vt 0.692626 0.787915
vt 0.673872 0.787670
vt 0.652086 0.786990
vt 0.789151 0.814307
vt 0.807386 0.809831
vt 0.810427 0.813097
vt 0.791025 0.818500
vt 0.769727 0.824067
vt 0.767927 0.819360
vt 0.750664 0.829686
vt 0.748914 0.825088
vt 0.447696 0.730921
vt 0.447986 0.752934
vt 0.443315 0.753565
vt 0.443079 0.731991
vt 0.442649 0.711511
vt 0.446970 0.711059
vt 0.469762 0.921928
vt 0.466384 0.906999
vt 0.471433 0.906914
vt 0.475000 0.921152
vt 0.699322 0.875712
vt 0.699322 0.857832
vt 0.704622 0.857120
vt 0.704315 0.875324
vt 0.464901 0.922987
vt 0.461322 0.907283
vt 0.460060 0.893763
vt 0.464515 0.894700
vt 0.326621 0.789794
vt 0.344783 0.790557
vt 0.344713 0.795902
vt 0.325940 0.794776
vt 0.311626 0.787647
vt 0.344477 0.801421
vt 0.325167 0.800073
vt 0.344224 0.805136
vt 0.324535 0.804568
vt 0.078228 0.498366
vt 0.097906 0.499561
vt 0.097519 0.505829
vt 0.077819 0.504621
vt 0.059951 0.502866
vt 0.060604 0.496383
vt 0.047253 0.494441
vt 0.096938 0.512506
vt 0.118413 0.506385
vt 0.118689 0.500167
vt 0.140753 0.499770
vt 0.119072 0.495837
vt 0.141769 0.495993
vt 0.387069 0.805372
vt 0.388074 0.801320
vt 0.412563 0.799936
vt 0.412455 0.804846
vt 0.388122 0.796215
vt 0.365823 0.796089
vt 0.365813 0.790616
vt 0.387635 0.790972
vt 0.365372 0.801627
vt 0.589022 0.729385
vt 0.589022 0.709863
vt 0.594313 0.709561
vt 0.593077 0.728300
vt 0.386711 0.787382
vt 0.098179 0.495454
vt 0.465678 0.883377
vt 0.470416 0.884828
vt 0.469175 0.895245
vt 0.461493 0.882587
vt 0.454855 0.893889
vt 0.457795 0.881511
vt 0.301622 0.782147
vt 0.295775 0.769912
vt 0.098982 0.778911
vt 0.099012 0.766183
vt 0.103555 0.766078
vt 0.103555 0.778672
vt 0.470792 0.873342
vt 0.475000 0.874848
vt 0.866352 0.421898
vt 0.861590 0.423223
vt 0.861590 0.408345
vt 0.866707 0.409378
vt 0.008391 0.565446
vt 0.010685 0.582142
vt 0.005654 0.582731
vt 0.003968 0.566555
vt 0.697690 0.811721
vt 0.700795 0.809831
vt 0.706725 0.823953
vt 0.703159 0.826812
vt 0.013486 0.603159
vt 0.007935 0.603320
vt 0.002402 0.603391
vt 0.001981 0.583400
vt 0.027974 0.718511
vt 0.026622 0.696776
vt 0.031701 0.696758
vt 0.033155 0.718447
vt 0.033768 0.737508
vt 0.029777 0.738389
vt 0.009147 0.625400
vt 0.003364 0.625266
vt 0.009395 0.647622
vt 0.003433 0.647487
vt 0.013507 0.625589
vt 0.013010 0.647784
vt 0.913811 0.335427
vt 0.912965 0.316733
vt 0.918484 0.316467
vt 0.918094 0.334804
vt 0.297135 0.686654
vt 0.296770 0.708829
vt 0.291061 0.686433
vt 0.290282 0.664360
vt 0.296722 0.664257
vt 0.289678 0.643174
vt 0.296129 0.643776
vt 0.283667 0.664470
vt 0.282713 0.642494
vt 0.284089 0.623841
vt 0.291334 0.625245
vt 0.276157 0.641889
vt 0.276707 0.622564
vt 0.277406 0.609280
vt 0.269901 0.622043
vt 0.269932 0.609378
vt 0.269773 0.600748
vt 0.277375 0.600464
vt 0.263650 0.609573
vt 0.263505 0.600950
vt 0.263344 0.594039
vt 0.269479 0.593847
vt 0.257669 0.609702
vt 0.257819 0.601223
vt 0.461088 0.000527
vt 0.461180 0.005898
vt 0.253475 0.601518
vt 0.268943 0.588066
vt 0.276266 0.587685
vt 0.276846 0.593577
vt 0.262991 0.588304
vt 0.895492 0.426846
vt 0.896160 0.432782
vt 0.889543 0.427130
vt 0.902416 0.438503
vt 0.906294 0.437665
vt 0.833733 0.861893
vt 0.297588 0.626353
vt 0.789780 0.843636
vt 0.789330 0.830918
vt 0.794441 0.831788
vt 0.794669 0.844195
vt 0.912669 0.285685
vt 0.918484 0.285742
vt 0.918107 0.299554
vt 0.912001 0.299581
vt 0.007189 0.690024
vt 0.006332 0.706873
vt 0.001981 0.705554
vt 0.002184 0.689483
vt 0.002599 0.669273
vt 0.008200 0.669867
vt 0.027331 0.652785
vt 0.028000 0.632569
vt 0.033182 0.633638
vt 0.032725 0.653179
vt 0.031720 0.674538
vt 0.026578 0.674604
vt 0.765532 0.690637
vt 0.766454 0.669200
vt 0.772204 0.669975
vt 0.770324 0.690241
vt 0.770259 0.713042
vt 0.765544 0.712903
vt 0.775028 0.690542
vt 0.775084 0.713558
vt 0.776659 0.736139
vt 0.771873 0.734780
vt 0.766444 0.734619
vt 0.922812 0.303821
vt 0.929740 0.305271
vt 0.927910 0.317461
vt 0.922973 0.318822
vt 0.773375 0.752414
vt 0.768100 0.753620
vt 0.927673 0.328850
vt 0.922812 0.330925
vt 0.774001 0.767046
vt 0.768952 0.768539
vt 0.774065 0.777692
vt 0.769418 0.777924
vt 0.765811 0.778911
vt 0.765552 0.769842
vt 0.911146 0.873340
vt 0.906903 0.873461
vt 0.906903 0.861693
vt 0.911731 0.861056
vt 0.596391 0.786902
vt 0.597828 0.783187
vt 0.605546 0.783463
vt 0.604238 0.787915
vt 0.713391 0.831377
vt 0.722049 0.832961
vt 0.721624 0.837442
vt 0.711165 0.835447
vt 0.617059 0.782206
vt 0.616527 0.787373
vt 0.733978 0.829953
vt 0.734628 0.834363
vt 0.632230 0.786935
vt 0.606693 0.778765
vt 0.617739 0.777128
vt 0.597922 0.778680
vt 0.448162 0.707150
vt 0.448404 0.684185
vt 0.452810 0.686104
vt 0.452921 0.729731
vt 0.461253 0.671398
vt 0.457906 0.686675
vt 0.467270 0.676111
vt 0.462733 0.688769
vt 0.468269 0.691042
vt 0.474768 0.693989
vt 0.484065 0.697092
vt 0.483457 0.710889
vt 0.494215 0.699247
vt 0.495206 0.690399
vt 0.504945 0.692395
vt 0.504547 0.700850
vt 0.517982 0.692335
vt 0.517367 0.701006
vt 0.747394 0.855350
vt 0.747394 0.864456
vt 0.741247 0.864380
vt 0.740904 0.858093
vt 0.738088 0.909588
vt 0.745143 0.909495
vt 0.504349 0.686879
vt 0.517782 0.686761
vt 0.880214 0.934243
vt 0.874453 0.932294
vt 0.874231 0.922525
vt 0.880214 0.924550
vt 0.776366 0.671362
vt 0.448613 0.663464
vt 0.448852 0.645352
vt 0.767551 0.649553
vt 0.773168 0.651749
vt 0.449248 0.629346
vt 0.767851 0.633897
vt 0.773731 0.635666
vt 0.768032 0.623080
vt 0.033200 0.618036
vt 0.028626 0.616499
vt 0.029807 0.604933
vt 0.033768 0.607236
vt 0.715987 0.925238
vt 0.712068 0.917039
vt 0.716968 0.916014
vt 0.720380 0.922430
vt 0.933913 0.857285
vt 0.934243 0.866300
vt 0.928628 0.866707
vt 0.928628 0.856401
vt 0.918484 0.464541
vt 0.915727 0.468247
vt 0.907815 0.460224
vt 0.912138 0.457808
vt 0.906674 0.447278
vt 0.911288 0.446681
vt 0.794669 0.822280
vt 0.789803 0.821176
vt 0.815272 0.843701
vt 0.802947 0.845875
vt 0.712076 0.906444
vt 0.717259 0.906077
vt 0.910577 0.429476
vt 0.914360 0.430413
vt 0.714867 0.892320
vt 0.720380 0.892686
vt 0.306697 0.667928
vt 0.301580 0.668833
vt 0.302042 0.652770
vt 0.307205 0.652039
vt 0.451541 0.906449
vt 0.456991 0.906304
vt 0.456991 0.925238
vt 0.451809 0.925195
vt 0.307432 0.688942
vt 0.301555 0.688534
vt 0.106618 0.596760
vt 0.107780 0.592607
vt 0.129934 0.597469
vt 0.128586 0.602038
vt 0.308108 0.711537
vt 0.302637 0.710277
vt 0.038270 0.697868
vt 0.034061 0.695194
vt 0.033377 0.678557
vt 0.038270 0.678281
vt 0.308274 0.730022
vt 0.303216 0.728483
vt 0.298972 0.725755
vt 0.298913 0.708254
vt 0.536614 0.608280
vt 0.533847 0.612710
vt 0.925724 0.186418
vt 0.930842 0.188062
vt 0.934243 0.199361
vt 0.927290 0.198405
vt 0.548369 0.612505
vt 0.544673 0.615544
vt 0.047092 0.791187
vt 0.051777 0.794653
vt 0.050196 0.805415
vt 0.045989 0.801963
vt 0.554689 0.619325
vt 0.548570 0.621912
vt 0.931008 0.209360
vt 0.925724 0.207521
vt 0.308413 0.742892
vt 0.303362 0.741207
vt 0.918484 0.409007
vt 0.914765 0.408031
vt 0.762946 0.843701
vt 0.784733 0.846535
vt 0.784627 0.852107
vt 0.303819 0.641523
vt 0.308413 0.642291
vt 0.768339 0.616334
vt 0.449639 0.618061
vt 0.297125 0.731211
vt 0.298454 0.752006
vt 0.447870 0.773103
vt 0.442649 0.774408
vt 0.726168 0.922032
vt 0.721603 0.920341
vt 0.725267 0.905529
vt 0.730604 0.903838
vt 0.736138 0.903811
vt 0.731558 0.922987
vt 0.721603 0.891961
vt 0.726876 0.890551
vt 0.005257 0.508113
vt 0.007272 0.491133
vt 0.012414 0.491192
vt 0.011028 0.508768
vt 0.002625 0.490780
vt 0.002828 0.473421
vt 0.008068 0.473393
vt 0.013038 0.473244
vt 0.008625 0.454921
vt 0.013507 0.454513
vt 0.428033 0.741868
vt 0.428220 0.723213
vt 0.433758 0.722853
vt 0.433586 0.741415
vt 0.439833 0.722481
vt 0.439488 0.740943
vt 0.420670 0.706873
vt 0.420540 0.691925
vt 0.425059 0.691106
vt 0.425394 0.706119
vt 0.195239 0.594106
vt 0.194916 0.590410
vt 0.212655 0.590386
vt 0.213510 0.594313
vt 0.194442 0.584818
vt 0.211501 0.584563
vt 0.225661 0.583682
vt 0.227410 0.589210
vt 0.229621 0.594313
vt 0.928552 0.056101
vt 0.934243 0.056506
vt 0.931216 0.068092
vt 0.925505 0.067782
vt 0.922013 0.067821
vt 0.922759 0.055526
vt 0.934243 0.080717
vt 0.929397 0.081043
vt 0.835293 0.918052
vt 0.839197 0.918484
vt 0.019652 0.924274
vt 0.013755 0.913020
vt 0.018463 0.910494
vt 0.023031 0.919471
vt 0.034288 0.922826
vt 0.033146 0.927489
vt 0.351141 0.638200
vt 0.351841 0.626996
vt 0.356702 0.627805
vt 0.356133 0.638970
vt 0.356793 0.656286
vt 0.351400 0.655857
vt 0.360933 0.639293
vt 0.362114 0.656723
vt 0.362441 0.676270
vt 0.921496 0.999011
vt 0.904066 0.999527
vt 0.904968 0.994940
vt 0.922568 0.994181
vt 0.498303 0.938745
vt 0.492528 0.924324
vt 0.503042 0.938318
vt 0.065284 0.915852
vt 0.060589 0.916233
vt 0.060696 0.900612
vt 0.065284 0.900408
vt 0.922871 0.991632
vt 0.906076 0.992427
vt 0.909764 0.986966
vt 0.922897 0.984553
vt 0.937444 0.983691
vt 0.939459 0.989307
vt 0.921759 0.978040
vt 0.937061 0.978194
vt 0.952837 0.990279
vt 0.803592 0.891788
vt 0.803674 0.907478
vt 0.797076 0.906484
vt 0.799482 0.890498
vt 0.921271 0.974422
vt 0.906777 0.977579
vt 0.908117 0.968681
vt 0.920467 0.966529
vt 0.803386 0.922987
vt 0.797076 0.921356
vt 0.909313 0.958197
vt 0.919911 0.958051
vt 0.899246 0.970996
vt 0.901135 0.957296
vt 0.897549 0.980481
vt 0.893025 0.984072
vt 0.894225 0.970543
vt 0.906584 0.981569
vt 0.897821 0.987190
vt 0.896359 0.990832
vt 0.892449 0.995743
vt 0.889584 0.986019
vt 0.492528 0.914900
vt 0.748507 0.761208
vt 0.743154 0.763028
vt 0.743179 0.751031
vt 0.748253 0.749289
vt 0.889609 0.974111
vt 0.748883 0.770982
vt 0.743439 0.772361
vt 0.743070 0.735132
vt 0.747296 0.732108
vt 0.738802 0.735924
vt 0.738728 0.716772
vt 0.743059 0.715564
vt 0.747933 0.713687
vt 0.738764 0.752289
vt 0.017979 0.897518
vt 0.013201 0.898956
vt 0.013306 0.881946
vt 0.018198 0.881186
vt 0.738878 0.765299
vt 0.738796 0.699612
vt 0.743593 0.699164
vt 0.749175 0.698422
vt 0.744299 0.682776
vt 0.749645 0.682940
vt 0.891556 0.923394
vt 0.738946 0.682739
vt 0.739195 0.665756
vt 0.744686 0.665985
vt 0.749623 0.666291
vt 0.739095 0.648309
vt 0.744711 0.648707
vt 0.749562 0.649096
vt 0.738929 0.631869
vt 0.744291 0.632861
vt 0.749546 0.634443
vt 0.738728 0.617922
vt 0.743251 0.619624
vt 0.748932 0.622150
vt 0.308413 0.634300
vt 0.302867 0.634835
vt 0.300481 0.625127
vt 0.305949 0.625416
vt 0.742665 0.610562
vt 0.749063 0.612133
vt 0.303451 0.614222
vt 0.308413 0.616486
vt 0.145736 0.731603
vt 0.146158 0.740889
vt 0.140445 0.741924
vt 0.139627 0.732283
vt 0.339342 0.609125
vt 0.340811 0.604330
vt 0.355321 0.613270
vt 0.352687 0.617831
vt 0.147271 0.756798
vt 0.141951 0.757275
vt 0.898224 0.423223
vt 0.893419 0.422923
vt 0.892863 0.411354
vt 0.898224 0.409198
vt 0.148578 0.779112
vt 0.143948 0.778853
vt 0.139192 0.777715
vt 0.138525 0.757848
vt 0.085262 0.861043
vt 0.090577 0.862095
vt 0.091955 0.883297
vt 0.087220 0.882369
vt 0.145929 0.802414
vt 0.140991 0.800736
vt 0.092299 0.901158
vt 0.088500 0.899249
vt 0.147088 0.821227
vt 0.142485 0.819230
vt 0.039103 0.544748
vt 0.042773 0.545230
vt 0.042773 0.562797
vt 0.038595 0.560046
vt 0.147701 0.832939
vt 0.143689 0.832169
vt 0.139794 0.831522
vt 0.138525 0.817788
vt 0.609444 0.005690
vt 0.609668 0.001603
vt 0.620109 0.001369
vt 0.621464 0.006510
vt 0.622896 0.010886
vt 0.609114 0.009629
vt 0.633109 0.001656
vt 0.634457 0.007266
vt 0.636027 0.011256
vt 0.993597 0.862522
vt 0.986612 0.863884
vt 0.884037 0.868531
vt 0.888926 0.866614
vt 0.889219 0.877872
vt 0.883954 0.878935
vt 0.993371 0.875544
vt 0.986500 0.875163
vt 0.979327 0.874552
vt 0.993402 0.890335
vt 0.884070 0.890867
vt 0.889217 0.890399
vt 0.889165 0.904042
vt 0.884339 0.904051
vt 0.993622 0.906590
vt 0.889219 0.918484
vt 0.884263 0.918255
vt 0.993369 0.924339
vt 0.997276 0.924595
vt 0.680721 0.008344
vt 0.663921 0.007800
vt 0.664099 0.002446
vt 0.681009 0.002463
vt 0.648420 0.007402
vt 0.647943 0.001949
vt 0.380667 0.711706
vt 0.389888 0.698457
vt 0.394238 0.701131
vt 0.384605 0.714423
vt 0.398748 0.686593
vt 0.403295 0.688578
vt 0.036886 0.620800
vt 0.036784 0.605289
vt 0.041264 0.604531
vt 0.931991 0.488508
vt 0.926343 0.488508
vt 0.926374 0.477832
vt 0.931179 0.477014
vt 0.040070 0.590819
vt 0.045118 0.590183
vt 0.046521 0.604027
vt 0.038447 0.579544
vt 0.043216 0.578871
vt 0.572338 0.624286
vt 0.418721 0.668189
vt 0.414762 0.667218
vt 0.408713 0.654912
vt 0.413524 0.654126
vt 0.119153 0.731337
vt 0.122047 0.718874
vt 0.125435 0.721358
vt 0.123851 0.733887
vt 0.414444 0.679092
vt 0.410986 0.677609
vt 0.392287 0.642914
vt 0.395061 0.639861
vt 0.121977 0.695551
vt 0.126438 0.696283
vt 0.120891 0.670615
vt 0.126075 0.670632
vt 0.130569 0.670632
vt 0.130095 0.697609
vt 0.128740 0.728399
vt 0.119518 0.647763
vt 0.124751 0.647344
vt 0.130291 0.646792
vt 0.119153 0.630769
vt 0.122707 0.628870
vt 0.127670 0.626315
vt 0.030019 0.744502
vt 0.031986 0.748030
vt 0.021644 0.753208
vt 0.017327 0.749049
vt 0.120719 0.616101
vt 0.125763 0.615507
vt 0.018219 0.763439
vt 0.013290 0.761854
vt 0.061401 0.584154
vt 0.074108 0.584883
vt 0.072766 0.590328
vt 0.060338 0.589137
vt 0.446159 0.618539
vt 0.089138 0.584567
vt 0.088679 0.590173
vt 0.424961 0.608001
vt 0.425308 0.620801
vt 0.420540 0.620663
vt 0.420601 0.607194
vt 0.442213 0.634196
vt 0.436299 0.633783
vt 0.425379 0.634470
vt 0.420553 0.634628
vt 0.441660 0.651605
vt 0.435647 0.651429
vt 0.429960 0.651222
vt 0.430621 0.633387
vt 0.441261 0.669527
vt 0.435284 0.669391
vt 0.429550 0.669314
vt 0.012230 0.400574
vt 0.008123 0.400651
vt 0.008089 0.382357
vt 0.012324 0.382433
vt 0.434761 0.687138
vt 0.429270 0.687294
vt 0.012760 0.418560
vt 0.008229 0.418820
vt 0.002862 0.419046
vt 0.002875 0.400714
vt 0.013237 0.436390
vt 0.008424 0.436920
vt 0.002934 0.437356
vt 0.145044 0.704689
vt 0.139737 0.703686
vt 0.144764 0.686050
vt 0.149839 0.687051
vt 0.003050 0.455199
vt 0.139662 0.721710
vt 0.134448 0.720649
vt 0.789574 0.742906
vt 0.789806 0.725144
vt 0.134434 0.739132
vt 0.129683 0.737898
vt 0.790167 0.706799
vt 0.790116 0.688283
vt 0.149348 0.668155
vt 0.154357 0.669328
vt 0.154227 0.650361
vt 0.159176 0.651616
vt 0.002866 0.382323
vt 0.002869 0.364970
vt 0.007810 0.364679
vt 0.012088 0.348607
vt 0.012384 0.364552
vt 0.429055 0.705115
vt 0.434470 0.704723
vt 0.440799 0.687032
vt 0.440487 0.704394
vt 0.420781 0.677301
vt 0.420759 0.663157
vt 0.425474 0.662673
vt 0.425272 0.676624
vt 0.158324 0.590251
vt 0.141078 0.589943
vt 0.140852 0.584168
vt 0.157977 0.584580
vt 0.175564 0.584897
vt 0.176243 0.590555
vt 0.013201 0.863111
vt 0.013500 0.845533
vt 0.018540 0.844945
vt 0.018122 0.862074
vt 0.013651 0.828412
vt 0.019017 0.828108
vt 0.123727 0.590047
vt 0.123728 0.584134
vt 0.013652 0.811320
vt 0.018996 0.811181
vt 0.105844 0.590026
vt 0.105942 0.584312
vt 0.013516 0.793584
vt 0.018623 0.793775
vt 0.013554 0.776828
vt 0.018449 0.777364
vt 0.425294 0.648766
vt 0.420746 0.649028
vt 0.374877 0.625225
vt 0.371890 0.629369
vt 0.087852 0.913982
vt 0.085262 0.911125
vt 0.406466 0.676160
vt 0.411233 0.666793
vt 0.931991 0.792418
vt 0.924494 0.792041
vt 0.924494 0.783240
vt 0.931680 0.783840
vt 0.972820 0.873090
vt 0.738970 0.774408
vt 0.362314 0.627704
vt 0.130041 0.755873
vt 0.125532 0.754154
vt 0.011372 0.336374
vt 0.385309 0.587420
vt 0.409183 0.587947
vt 0.773191 0.430252
vt 0.796287 0.429999
vt 0.796255 0.435695
vt 0.818852 0.441210
vt 0.840438 0.441438
vt 0.840914 0.448088
vt 0.860732 0.448131
vt 0.861703 0.456847
vt 0.875855 0.456872
vt 0.877059 0.465967
vt 0.887116 0.465977
vt 0.888104 0.474167
vt 0.895425 0.473984
vt 0.896396 0.480835
vt 0.902742 0.480662
vt 0.908421 0.480286
vt 0.876344 0.863479
vt 0.784671 0.855451
vt 0.817029 0.785079
vt 0.529995 0.001307
vt 0.530166 0.006703
vt 0.257530 0.708025
vt 0.265148 0.730548
vt 0.255911 0.788247
vt 0.253625 0.774326
vt 0.800140 0.660193
vt 0.798757 0.651397
vt 0.015160 0.499923
vt 0.137322 0.770192
vt 0.137322 0.792418
vt 0.132600 0.790294
vt 0.132790 0.771109
vt 0.037282 0.572450
vt 0.033441 0.573039
vt 0.030545 0.548448
vt 0.034541 0.548793
vt 0.038270 0.599205
vt 0.034237 0.600176
vt 0.028504 0.573893
vt 0.024015 0.549401
vt 0.023808 0.575356
vt 0.018186 0.551121
vt 0.013170 0.531855
vt 0.020639 0.530874
vt 0.030468 0.528409
vt 0.018939 0.577010
vt 0.029604 0.600959
vt 0.025285 0.601678
vt 0.021077 0.603130
vt 0.015077 0.578894
vt 0.024729 0.628802
vt 0.021243 0.628678
vt 0.065457 0.007375
vt 0.087885 0.582224
vt 0.060246 0.581370
vt 0.060302 0.576318
vt 0.087907 0.577145
vt 0.115150 0.576184
vt 0.114969 0.581479
vt 0.088190 0.571897
vt 0.115381 0.570778
vt 0.139896 0.570501
vt 0.115566 0.566055
vt 0.140051 0.566170
vt 0.164031 0.565910
vt 0.163125 0.560075
vt 0.139136 0.560575
vt 0.139288 0.555289
vt 0.163228 0.554793
vt 0.187062 0.554452
vt 0.186934 0.559850
vt 0.163317 0.549318
vt 0.187148 0.548979
vt 0.210958 0.548636
vt 0.187267 0.542590
vt 0.211004 0.542300
vt 0.234808 0.541796
vt 0.211078 0.533825
vt 0.234738 0.533264
vt 0.258758 0.532440
vt 0.234669 0.524674
vt 0.258592 0.524253
vt 0.283106 0.523001
vt 0.258443 0.517179
vt 0.282919 0.515933
vt 0.307795 0.514457
vt 0.282496 0.509815
vt 0.308092 0.507964
vt 0.332731 0.507999
vt 0.308455 0.502334
vt 0.332964 0.502138
vt 0.356760 0.502035
vt 0.603071 0.807879
vt 0.579280 0.807738
vt 0.579782 0.803585
vt 0.602858 0.803768
vt 0.626762 0.803228
vt 0.626887 0.807823
vt 0.626949 0.797655
vt 0.650500 0.796371
vt 0.627032 0.792488
vt 0.650238 0.790868
vt 0.674106 0.791605
vt 0.675293 0.796265
vt 0.689429 0.791442
vt 0.691118 0.796145
vt 0.699221 0.790497
vt 0.694620 0.795446
vt 0.139167 0.617476
vt 0.138672 0.632802
vt 0.134047 0.633553
vt 0.134403 0.618034
vt 0.135058 0.606890
vt 0.139040 0.607696
vt 0.002751 0.842091
vt 0.004603 0.821723
vt 0.009855 0.821745
vt 0.007776 0.841860
vt 0.006363 0.854883
vt 0.001162 0.855451
vt 0.139574 0.656669
vt 0.134047 0.656998
vt 0.805917 0.717057
vt 0.805925 0.740238
vt 0.801714 0.740653
vt 0.801773 0.718274
vt 0.802284 0.702750
vt 0.805851 0.702022
vt 0.795855 0.741250
vt 0.795995 0.719142
vt 0.624145 0.606815
vt 0.646253 0.606701
vt 0.646921 0.611913
vt 0.608374 0.606701
vt 0.666195 0.610864
vt 0.665608 0.618510
vt 0.647434 0.619272
vt 0.666459 0.606716
vt 0.797128 0.761478
vt 0.798668 0.776286
vt 0.793121 0.775059
vt 0.792499 0.761151
vt 0.802661 0.761845
vt 0.804627 0.777684
vt 0.805023 0.790018
vt 0.800333 0.787377
vt 0.025949 0.777376
vt 0.027931 0.793101
vt 0.023256 0.792980
vt 0.021036 0.775920
vt 0.020818 0.761873
vt 0.025360 0.765064
vt 0.025802 0.752959
vt 0.029265 0.757938
vt 0.105754 0.676558
vt 0.105900 0.662507
vt 0.110308 0.664601
vt 0.110308 0.679858
vt 0.934243 0.236375
vt 0.928685 0.234325
vt 0.928685 0.225211
vt 0.934020 0.226122
vt 0.931991 0.415398
vt 0.925947 0.416470
vt 0.925188 0.407723
vt 0.930840 0.407536
vt 0.358503 0.612323
vt 0.358503 0.603693
vt 0.362441 0.604021
vt 0.362053 0.611955
vt 0.803954 0.796920
vt 0.799954 0.793639
vt 0.755989 0.774408
vt 0.755627 0.766790
vt 0.760971 0.766069
vt 0.761077 0.774336
vt 0.795107 0.792666
vt 0.795318 0.785910
vt 0.108057 0.762000
vt 0.102965 0.763152
vt 0.102409 0.753931
vt 0.107710 0.753665
vt 0.755913 0.756101
vt 0.761803 0.755951
vt 0.756653 0.741366
vt 0.762880 0.741336
vt 0.700086 0.629438
vt 0.693931 0.629976
vt 0.924299 0.549290
vt 0.925240 0.537484
vt 0.931604 0.538136
vt 0.931991 0.549290
vt 0.752185 0.741026
vt 0.752185 0.722822
vt 0.757649 0.723025
vt 0.763152 0.723083
vt 0.108057 0.741968
vt 0.102671 0.741209
vt 0.752556 0.704631
vt 0.758523 0.704705
vt 0.763117 0.704968
vt 0.805505 0.984281
vt 0.805505 0.990144
vt 0.787744 0.989582
vt 0.787569 0.983658
vt 0.752886 0.686637
vt 0.758477 0.686457
vt 0.823636 0.984952
vt 0.823657 0.990139
vt 0.010298 0.275512
vt 0.004459 0.275259
vt 0.004819 0.257288
vt 0.010993 0.257370
vt 0.841809 0.985635
vt 0.841693 0.990440
vt 0.009879 0.293551
vt 0.003822 0.293344
vt 0.585107 0.742608
vt 0.581324 0.742457
vt 0.581974 0.724434
vt 0.585923 0.724525
vt 0.009399 0.309479
vt 0.003589 0.309514
vt 0.585189 0.758760
vt 0.580266 0.758626
vt 0.573698 0.757986
vt 0.575158 0.741964
vt 0.584676 0.771916
vt 0.579768 0.772400
vt 0.572785 0.771903
vt 0.568158 0.770484
vt 0.568204 0.757262
vt 0.928863 0.242517
vt 0.923930 0.245130
vt 0.045601 0.723480
vt 0.039471 0.723132
vt 0.039998 0.707339
vt 0.045390 0.707611
vt 0.569876 0.741421
vt 0.044599 0.736810
vt 0.038669 0.735827
vt 0.137017 0.908097
vt 0.132378 0.906263
vt 0.132940 0.894540
vt 0.137322 0.895481
vt 0.042769 0.747394
vt 0.037714 0.747058
vt 0.134144 0.919308
vt 0.129872 0.915270
vt 0.921405 0.254927
vt 0.920363 0.264629
vt 0.125805 0.924599
vt 0.123585 0.920561
vt 0.918608 0.419345
vt 0.922546 0.418475
vt 0.923250 0.431695
vt 0.918802 0.432485
vt 0.929740 0.751897
vt 0.924138 0.751722
vt 0.924138 0.739456
vt 0.929560 0.739654
vt 0.132939 0.879283
vt 0.136964 0.879772
vt 0.749229 0.000881
vt 0.040520 0.690150
vt 0.045818 0.690448
vt 0.570031 0.724334
vt 0.575773 0.724463
vt 0.570431 0.706465
vt 0.575772 0.706585
vt 0.582274 0.706663
vt 0.582992 0.689196
vt 0.388877 0.618146
vt 0.389085 0.604171
vt 0.393958 0.603634
vt 0.393906 0.617815
vt 0.393958 0.632584
vt 0.388930 0.632567
vt 0.004947 0.239753
vt 0.000974 0.239663
vt 0.000997 0.222469
vt 0.005041 0.222501
vt 0.011197 0.222475
vt 0.011256 0.239601
vt 0.004871 0.205744
vt 0.010661 0.205908
vt 0.770650 0.989317
vt 0.754152 0.989571
vt 0.754468 0.983921
vt 0.770660 0.983520
vt 0.752981 0.669680
vt 0.752838 0.653447
vt 0.758904 0.654174
vt 0.759073 0.669725
vt 0.752729 0.638437
vt 0.758403 0.639933
vt 0.763097 0.641691
vt 0.763137 0.655273
vt 0.734742 0.775016
vt 0.739671 0.776621
vt 0.740641 0.787915
vt 0.734742 0.787666
vt 0.696866 0.729755
vt 0.697326 0.743297
vt 0.691112 0.741058
vt 0.690755 0.728625
vt 0.685337 0.738349
vt 0.683801 0.727120
vt 0.684781 0.717604
vt 0.676196 0.727819
vt 0.676065 0.718855
vt 0.024829 0.929149
vt 0.033768 0.930032
vt 0.030509 0.938540
vt 0.024829 0.938745
vt 0.666862 0.726351
vt 0.667712 0.718967
vt 0.928613 0.803610
vt 0.936494 0.804617
vt 0.934262 0.812234
vt 0.928613 0.812679
vt 0.232785 0.587826
vt 0.240412 0.588761
vt 0.240877 0.596841
vt 0.233214 0.595151
vt 0.669269 0.711970
vt 0.660662 0.712890
vt 0.662613 0.705173
vt 0.670520 0.704283
vt 0.672076 0.698002
vt 0.240261 0.606481
vt 0.232785 0.605939
vt 0.659006 0.719078
vt 0.656764 0.726452
vt 0.456982 0.765343
vt 0.457828 0.755104
vt 0.461493 0.759604
vt 0.461493 0.769251
vt 0.925877 0.780256
vt 0.925248 0.770509
vt 0.934243 0.773604
vt 0.934243 0.781162
vt 0.691630 0.752233
vt 0.684944 0.748425
vt 0.915783 0.827169
vt 0.922987 0.824830
vt 0.922239 0.831768
vt 0.915783 0.835190
vt 0.697849 0.754885
vt 0.763152 0.630062
vt 0.757828 0.627986
vt 0.757001 0.618011
vt 0.761712 0.619281
vt 0.790167 0.009005
vt 0.785631 0.008350
vt 0.785631 0.000980
vt 0.789597 0.001139
vt 0.757002 0.611758
vt 0.761126 0.611569
vt 0.752538 0.626102
vt 0.752537 0.616456
vt 0.739498 0.984313
vt 0.738579 0.989576
vt 0.001062 0.205617
vt 0.249676 0.616774
vt 0.244551 0.616825
vt 0.003319 0.322682
vt 0.009287 0.322039
vt 0.010248 0.332106
vt 0.004428 0.333176
vt 0.857623 0.990522
vt 0.857139 0.986391
vt 0.926796 0.397589
vt 0.931991 0.398141
vt 0.011256 0.787686
vt 0.011256 0.802693
vt 0.006006 0.801492
vt 0.135162 0.679653
vt 0.139479 0.679858
vt 0.001024 0.799959
vt 0.029265 0.814236
vt 0.025090 0.814930
vt 0.680096 0.609182
vt 0.662955 0.625690
vt 0.647905 0.626677
vt 0.651802 0.633747
vt 0.868557 0.883714
vt 0.875712 0.879437
vt 0.649631 0.640470
vt 0.555038 0.803759
vt 0.554776 0.807649
vt 0.529268 0.805936
vt 0.308738 0.498071
vt 0.282434 0.503983
vt 0.282977 0.499041
vt 0.258264 0.505117
vt 0.258193 0.499959
vt 0.258349 0.511176
vt 0.234523 0.510922
vt 0.234600 0.517328
vt 0.211209 0.517431
vt 0.211152 0.525049
vt 0.187782 0.525418
vt 0.187467 0.534257
vt 0.163586 0.534769
vt 0.163421 0.542961
vt 0.139668 0.543583
vt 0.139458 0.549787
vt 0.115303 0.550449
vt 0.114962 0.555880
vt 0.088958 0.556764
vt 0.114639 0.561184
vt 0.087439 0.561730
vt 0.059141 0.555004
vt 0.088371 0.567588
vt 0.060281 0.570977
vt 0.059980 0.566309
vt 0.526397 0.791195
vt 0.589811 0.679816
vt 0.589811 0.699348
vt 0.584770 0.700119
vt 0.585471 0.681395
vt 0.926204 0.448360
vt 0.922508 0.449457
vt 0.927489 0.431075
vt 0.543679 0.791180
vt 0.544777 0.793044
vt 0.918608 0.450237
vt 0.812032 0.878640
vt 0.793861 0.667162
vt 0.799171 0.664985
vt 0.799171 0.681901
vt 0.793570 0.682110
vt 0.596602 0.707377
vt 0.557815 0.659779
vt 0.562834 0.658808
vt 0.591914 0.707601
vt 0.592326 0.686324
vt 0.597221 0.686499
vt 0.592413 0.664315
vt 0.597217 0.664648
vt 0.592404 0.643741
vt 0.597123 0.644931
vt 0.592317 0.627306
vt 0.560160 0.759044
vt 0.566035 0.760568
vt 0.565940 0.772552
vt 0.560750 0.770992
vt 0.560247 0.742584
vt 0.565917 0.743453
vt 0.841909 0.873038
vt 0.842289 0.868565
vt 0.860383 0.868204
vt 0.858980 0.872536
vt 0.560376 0.721981
vt 0.566145 0.722273
vt 0.820753 0.873179
vt 0.820770 0.868579
vt 0.365474 0.632744
vt 0.370801 0.632211
vt 0.375327 0.648903
vt 0.369976 0.649738
vt 0.798597 0.873486
vt 0.798471 0.868628
vt 0.310055 0.712343
vt 0.309788 0.690008
vt 0.314785 0.689996
vt 0.314557 0.712463
vt 0.319669 0.690063
vt 0.319442 0.712504
vt 0.309886 0.668523
vt 0.315317 0.668422
vt 0.319300 0.668261
vt 0.715586 0.681202
vt 0.721548 0.681131
vt 0.720479 0.703180
vt 0.714663 0.702972
vt 0.781162 0.796920
vt 0.776353 0.796498
vt 0.776349 0.780222
vt 0.781162 0.779730
vt 0.716401 0.660390
vt 0.722622 0.660148
vt 0.728925 0.659907
vt 0.727597 0.681084
vt 0.717275 0.641491
vt 0.723387 0.641186
vt 0.729669 0.640884
vt 0.734422 0.640565
vt 0.734195 0.659454
vt 0.724425 0.625599
vt 0.730505 0.625722
vt 0.734663 0.625741
vt 0.504043 0.422707
vt 0.504335 0.417601
vt 0.518558 0.417903
vt 0.518864 0.423173
vt 0.503928 0.425474
vt 0.492822 0.425298
vt 0.493123 0.421339
vt 0.493363 0.416416
vt 0.493997 0.411701
vt 0.504595 0.412738
vt 0.486895 0.419330
vt 0.487435 0.414246
vt 0.843773 0.416116
vt 0.837051 0.416334
vt 0.835533 0.411423
vt 0.841982 0.411567
vt 0.838448 0.421256
vt 0.826993 0.420761
vt 0.825861 0.415355
vt 0.824902 0.410717
vt 0.513814 0.948538
vt 0.520784 0.947897
vt 0.809892 0.414318
vt 0.810019 0.410297
vt 0.515070 0.933642
vt 0.521731 0.933671
vt 0.529110 0.934195
vt 0.528933 0.947643
vt 0.513926 0.910453
vt 0.519911 0.910656
vt 0.525608 0.910676
vt 0.532476 0.910707
vt 0.519276 0.882385
vt 0.524663 0.882299
vt 0.530087 0.882644
vt 0.535998 0.883159
vt 0.540279 0.908920
vt 0.529065 0.855719
vt 0.522396 0.855637
vt 0.524716 0.836721
vt 0.533827 0.836981
vt 0.534712 0.826929
vt 0.534894 0.819684
vt 0.548437 0.820640
vt 0.535077 0.813314
vt 0.548998 0.814337
vt 0.565700 0.814181
vt 0.564853 0.820390
vt 0.584255 0.813162
vt 0.584255 0.819201
vt 0.601684 0.812404
vt 0.601609 0.818413
vt 0.601960 0.824428
vt 0.601969 0.831172
vt 0.616531 0.824761
vt 0.615770 0.832526
vt 0.601443 0.837266
vt 0.630054 0.834581
vt 0.601006 0.842204
vt 0.585240 0.841824
vt 0.585631 0.845105
vt 0.568517 0.851938
vt 0.566937 0.848854
vt 0.930165 0.002033
vt 0.931991 0.015059
vt 0.927382 0.015734
vt 0.925981 0.003091
vt 0.555791 0.866514
vt 0.552655 0.864490
vt 0.550795 0.883927
vt 0.547229 0.883768
vt 0.541727 0.883457
vt 0.550462 0.903339
vt 0.544677 0.906297
vt 0.562476 0.921128
vt 0.564844 0.917222
vt 0.581245 0.925509
vt 0.580379 0.931587
vt 0.554055 0.901498
vt 0.906646 0.650557
vt 0.911870 0.650173
vt 0.914165 0.665298
vt 0.909102 0.666351
vt 0.906047 0.632966
vt 0.911319 0.632864
vt 0.916762 0.632893
vt 0.917550 0.649759
vt 0.907308 0.615585
vt 0.912614 0.615651
vt 0.918024 0.615872
vt 0.923348 0.616123
vt 0.922397 0.632703
vt 0.915878 0.601297
vt 0.921168 0.601453
vt 0.926457 0.601625
vt 0.931954 0.602534
vt 0.928945 0.616584
vt 0.753287 0.887803
vt 0.758847 0.888183
vt 0.758831 0.907275
vt 0.753512 0.906850
vt 0.747728 0.906123
vt 0.747656 0.888041
vt 0.743724 0.906384
vt 0.743368 0.889816
vt 0.753725 0.925636
vt 0.748147 0.925170
vt 0.050620 0.856226
vt 0.058349 0.871158
vt 0.053129 0.872473
vt 0.045921 0.859106
vt 0.597282 0.922987
vt 0.596322 0.917829
vt 0.609627 0.911112
vt 0.612903 0.915305
vt 0.060513 0.888201
vt 0.055388 0.887724
vt 0.581610 0.922896
vt 0.583098 0.918023
vt 0.584085 0.914275
vt 0.595451 0.914046
vt 0.568250 0.916218
vt 0.571561 0.912467
vt 0.573860 0.909617
vt 0.925238 0.361150
vt 0.921237 0.362441
vt 0.919750 0.348434
vt 0.924372 0.348771
vt 0.566206 0.899782
vt 0.920717 0.334680
vt 0.925238 0.336298
vt 0.563674 0.886690
vt 0.571211 0.886495
vt 0.580710 0.886268
vt 0.592825 0.877824
vt 0.590403 0.886987
vt 0.603939 0.882184
vt 0.600115 0.890012
vt 0.609857 0.886134
vt 0.608609 0.893538
vt 0.615046 0.896488
vt 0.607262 0.908141
vt 0.229151 0.906485
vt 0.228734 0.893030
vt 0.234123 0.892588
vt 0.234109 0.907360
vt 0.229377 0.918484
vt 0.225098 0.916244
vt 0.225098 0.882117
vt 0.229401 0.879321
vt 0.618906 0.898605
vt 0.625830 0.884453
vt 0.623336 0.900841
vt 0.621323 0.870242
vt 0.933820 0.618144
vt 0.933335 0.632589
vt 0.928180 0.632555
vt 0.936494 0.605549
vt 0.934018 0.646752
vt 0.928904 0.648652
vt 0.923211 0.649238
vt 0.931404 0.663480
vt 0.925601 0.664269
vt 0.919855 0.664729
vt 0.435332 0.871863
vt 0.441327 0.871280
vt 0.440627 0.887099
vt 0.434614 0.887803
vt 0.428641 0.888508
vt 0.429384 0.872425
vt 0.435010 0.905092
vt 0.428747 0.905798
vt 0.423486 0.906883
vt 0.422527 0.889220
vt 0.424041 0.872853
vt 0.429940 0.921198
vt 0.425342 0.922987
vt 0.598938 0.926658
vt 0.615015 0.919167
vt 0.619011 0.923568
vt 0.600640 0.931972
vt 0.626946 0.906403
vt 0.632592 0.909039
vt 0.632849 0.890763
vt 0.638604 0.891651
vt 0.645415 0.893041
vt 0.811786 0.799171
vt 0.806969 0.797286
vt 0.809586 0.779632
vt 0.814930 0.783329
vt 0.913141 0.373697
vt 0.911216 0.357616
vt 0.916147 0.357343
vt 0.918484 0.373142
vt 0.222868 0.927223
vt 0.216665 0.927395
vt 0.217431 0.908210
vt 0.222868 0.911487
vt 0.913774 0.340343
vt 0.918484 0.340861
vt 0.501622 0.790167
vt 0.502315 0.773823
vt 0.507697 0.772907
vt 0.507036 0.789370
vt 0.512919 0.772102
vt 0.512497 0.788713
vt 0.436217 0.920498
vt 0.441038 0.904495
vt 0.442208 0.919978
vt 0.447212 0.903966
vt 0.448182 0.919098
vt 0.446855 0.886877
vt 0.452280 0.887721
vt 0.452489 0.903084
vt 0.447341 0.871091
vt 0.452489 0.873033
vt 0.597054 0.852691
vt 0.596613 0.857940
vt 0.581524 0.858221
vt 0.580086 0.853254
vt 0.936494 0.660314
vt 0.612050 0.859331
vt 0.610526 0.864124
vt 0.140906 0.908339
vt 0.146730 0.907018
vt 0.150830 0.915346
vt 0.145796 0.918484
vt 0.569978 0.864425
vt 0.566585 0.860642
vt 0.562893 0.874144
vt 0.557954 0.872242
vt 0.849733 0.890522
vt 0.854744 0.892034
vt 0.853037 0.905181
vt 0.847783 0.905724
vt 0.841492 0.906016
vt 0.843605 0.889374
vt 0.849969 0.875141
vt 0.855451 0.878124
vt 0.850342 0.921522
vt 0.844440 0.922987
vt 0.204278 0.927489
vt 0.204547 0.910575
vt 0.210768 0.910704
vt 0.210412 0.927479
vt 0.517773 0.787957
vt 0.517773 0.771328
vt 0.205137 0.892602
vt 0.058348 0.904037
vt 0.052776 0.902275
vt 0.205480 0.878771
vt 0.050973 0.918484
vt 0.045921 0.915279
vt 0.557954 0.903487
vt 0.562644 0.901485
vt 0.855451 0.919216
vt 0.559829 0.887064
vt 0.222847 0.891441
vt 0.806969 0.763422
vt 0.811864 0.764325
vt 0.063178 0.871107
vt 0.065284 0.887711
vt 0.758571 0.924385
vt 0.764470 0.888805
vt 0.764427 0.906657
vt 0.769906 0.889285
vt 0.769858 0.906518
vt 0.910735 0.601092
vt 0.930173 0.027014
vt 0.925981 0.025927
vt 0.703728 0.667702
vt 0.702944 0.653508
vt 0.708552 0.654437
vt 0.709124 0.668256
vt 0.702400 0.638759
vt 0.708305 0.639760
vt 0.702603 0.625275
vt 0.708324 0.626148
vt 0.325120 0.652642
vt 0.325423 0.635733
vt 0.331302 0.636551
vt 0.325722 0.621352
vt 0.331417 0.621787
vt 0.335393 0.622416
vt 0.335344 0.637555
vt 0.331380 0.609817
vt 0.335427 0.610197
vt 0.896806 0.638031
vt 0.896461 0.625826
vt 0.901184 0.626283
vt 0.901099 0.638754
vt 0.043618 0.859100
vt 0.045024 0.869670
vt 0.038782 0.868476
vt 0.038315 0.858264
vt 0.032584 0.867066
vt 0.031925 0.856806
vt 0.364896 0.668085
vt 0.364896 0.660028
vt 0.371347 0.661901
vt 0.371446 0.669984
vt 0.370960 0.679858
vt 0.364911 0.678236
vt 0.038419 0.876123
vt 0.032662 0.875480
vt 0.027670 0.874282
vt 0.027377 0.864515
vt 0.037492 0.881986
vt 0.032091 0.882465
vt 0.027466 0.881657
vt 0.252083 0.415084
vt 0.241018 0.415464
vt 0.238991 0.410647
vt 0.249880 0.410654
vt 0.223653 0.413367
vt 0.222358 0.409394
vt 0.044935 0.876774
vt 0.043248 0.881506
vt 0.330249 0.600015
vt 0.334909 0.600372
vt 0.325990 0.609732
vt 0.325526 0.599817
vt 0.688959 0.414789
vt 0.691038 0.410297
vt 0.699991 0.411713
vt 0.698376 0.416140
vt 0.321375 0.609840
vt 0.321061 0.600777
vt 0.712916 0.411876
vt 0.712445 0.417176
vt 0.731666 0.411829
vt 0.732543 0.416937
vt 0.733015 0.422825
vt 0.759268 0.416844
vt 0.759404 0.423098
vt 0.759650 0.426900
vt 0.733739 0.427022
vt 0.846586 0.604439
vt 0.820675 0.604669
vt 0.820490 0.598974
vt 0.845504 0.599309
vt 0.820354 0.593666
vt 0.844978 0.594658
vt 0.869652 0.595068
vt 0.288793 0.430738
vt 0.313469 0.431400
vt 0.313726 0.437064
vt 0.289716 0.436343
vt 0.314037 0.442930
vt 0.290236 0.442350
vt 0.268432 0.441392
vt 0.290617 0.448543
vt 0.268926 0.448033
vt 0.248029 0.446677
vt 0.248634 0.439182
vt 0.225358 0.445165
vt 0.226174 0.436580
vt 0.201798 0.444539
vt 0.201940 0.435159
vt 0.202272 0.429052
vt 0.201929 0.422914
vt 0.178924 0.434115
vt 0.178826 0.427511
vt 0.178768 0.421681
vt 0.178583 0.415671
vt 0.201478 0.416878
vt 0.200891 0.411190
vt 0.178382 0.410264
vt 0.178712 0.443674
vt 0.201542 0.454984
vt 0.224782 0.455314
vt 0.224334 0.465010
vt 0.247261 0.455595
vt 0.246860 0.465060
vt 0.246587 0.473235
vt 0.269011 0.465099
vt 0.268974 0.473353
vt 0.268941 0.479569
vt 0.291607 0.473448
vt 0.291781 0.479741
vt 0.291914 0.485623
vt 0.315461 0.479757
vt 0.315639 0.485634
vt 0.315784 0.490936
vt 0.292030 0.490875
vt 0.339561 0.485320
vt 0.339772 0.490653
vt 0.315471 0.156981
vt 0.339459 0.156868
vt 0.339465 0.162195
vt 0.362854 0.157560
vt 0.362856 0.162678
vt 0.362863 0.168846
vt 0.386146 0.162543
vt 0.386168 0.168752
vt 0.386203 0.175038
vt 0.409937 0.168803
vt 0.409896 0.175061
vt 0.409853 0.183296
vt 0.433245 0.175224
vt 0.433285 0.183084
vt 0.433321 0.193523
vt 0.456690 0.182915
vt 0.456816 0.193627
vt 0.456976 0.210792
vt 0.480395 0.193596
vt 0.480630 0.210996
vt 0.480886 0.234557
vt 0.504554 0.211221
vt 0.504857 0.234871
vt 0.505092 0.259964
vt 0.529063 0.235081
vt 0.529278 0.260184
vt 0.529428 0.285399
vt 0.553608 0.260367
vt 0.553723 0.285576
vt 0.553787 0.310832
vt 0.578114 0.285717
vt 0.578158 0.310995
vt 0.578159 0.336122
vt 0.602602 0.311123
vt 0.602601 0.336278
vt 0.602566 0.357975
vt 0.627048 0.336359
vt 0.626961 0.358263
vt 0.626853 0.373239
vt 0.651490 0.358278
vt 0.651418 0.373307
vt 0.651365 0.384113
vt 0.676085 0.373294
vt 0.676058 0.384180
vt 0.676086 0.392260
vt 0.701004 0.384214
vt 0.700959 0.392181
vt 0.700893 0.398019
vt 0.725715 0.392478
vt 0.725575 0.398470
vt 0.725430 0.404599
vt 0.750788 0.398690
vt 0.750764 0.404680
vt 0.750727 0.408770
vt 0.725420 0.408844
vt 0.776330 0.404833
vt 0.776325 0.409085
vt 0.158933 0.151316
vt 0.133335 0.150940
vt 0.133427 0.145319
vt 0.107712 0.149854
vt 0.107895 0.144193
vt 0.108080 0.138250
vt 0.083338 0.142900
vt 0.083199 0.136831
vt 0.083112 0.129502
vt 0.059688 0.135565
vt 0.059313 0.126995
vt 0.059403 0.115340
vt 0.041578 0.124330
vt 0.042269 0.111493
vt 0.043943 0.094490
vt 0.060663 0.100120
vt 0.048068 0.075241
vt 0.064508 0.081124
vt 0.056132 0.056458
vt 0.070161 0.061699
vt 0.037361 0.070495
vt 0.032498 0.089771
vt 0.024114 0.086156
vt 0.030700 0.108244
vt 0.022220 0.105567
vt 0.016342 0.103557
vt 0.021341 0.120804
vt 0.015177 0.119776
vt 0.009423 0.118733
vt 0.003877 0.117793
vt 0.014601 0.131031
vt 0.009079 0.130490
vt 0.004217 0.129805
vt 0.868831 0.613567
vt 0.008791 0.138933
vt 0.004032 0.138375
vt 0.877353 0.613726
vt 0.876759 0.618201
vt 0.033768 0.497512
vt 0.028930 0.497483
vt 0.028930 0.490899
vt 0.033142 0.491606
vt 0.008638 0.146047
vt 0.014180 0.139362
vt 0.014087 0.146264
vt 0.014092 0.151831
vt 0.008635 0.151771
vt 0.901033 0.406606
vt 0.895576 0.406630
vt 0.895943 0.400204
vt 0.901270 0.400247
vt 0.896047 0.393483
vt 0.901570 0.393381
vt 0.906985 0.393126
vt 0.197830 0.907847
vt 0.202227 0.907392
vt 0.201618 0.912915
vt 0.197894 0.913982
vt 0.901899 0.384977
vt 0.907471 0.384849
vt 0.197779 0.900673
vt 0.202607 0.900673
vt 0.887141 0.638198
vt 0.880543 0.638306
vt 0.881668 0.630039
vt 0.888084 0.630008
vt 0.891306 0.638087
vt 0.891470 0.649222
vt 0.886323 0.649406
vt 0.879622 0.649584
vt 0.872851 0.649853
vt 0.885387 0.666233
vt 0.878577 0.666363
vt 0.871593 0.666531
vt 0.861221 0.666894
vt 0.877601 0.688981
vt 0.870239 0.689107
vt 0.859798 0.689444
vt 0.846389 0.690197
vt 0.869485 0.713126
vt 0.859249 0.713257
vt 0.846428 0.713761
vt 0.847130 0.737269
vt 0.833917 0.714622
vt 0.859389 0.736939
vt 0.859945 0.760362
vt 0.869480 0.736924
vt 0.869879 0.760414
vt 0.870089 0.784096
vt 0.876802 0.737031
vt 0.876951 0.760598
vt 0.877131 0.784323
vt 0.877191 0.807097
vt 0.883622 0.760811
vt 0.883885 0.784567
vt 0.884008 0.807325
vt 0.883511 0.826094
vt 0.889712 0.784842
vt 0.889625 0.807571
vt 0.889182 0.826473
vt 0.888653 0.838317
vt 0.910089 0.196451
vt 0.909476 0.215357
vt 0.903909 0.215081
vt 0.903750 0.196536
vt 0.903345 0.184702
vt 0.909405 0.184602
vt 0.897153 0.196684
vt 0.896876 0.184882
vt 0.889986 0.196830
vt 0.889948 0.185147
vt 0.889835 0.176241
vt 0.879493 0.185398
vt 0.879403 0.176331
vt 0.879400 0.170277
vt 0.865184 0.176426
vt 0.864787 0.170278
vt 0.864460 0.163866
vt 0.864155 0.158467
vt 0.844133 0.170242
vt 0.843710 0.163895
vt 0.843304 0.158567
vt 0.843619 0.491746
vt 0.820306 0.163833
vt 0.820051 0.158393
vt 0.820366 0.491554
vt 0.820068 0.486221
vt 0.796846 0.491821
vt 0.796677 0.486076
vt 0.796554 0.480026
vt 0.772962 0.486009
vt 0.772995 0.480015
vt 0.773088 0.473619
vt 0.749024 0.479430
vt 0.749205 0.473229
vt 0.749379 0.464890
vt 0.724758 0.472362
vt 0.724832 0.464128
vt 0.724891 0.455459
vt 0.700585 0.463297
vt 0.700693 0.454442
vt 0.700867 0.446468
vt 0.676440 0.453597
vt 0.676505 0.445757
vt 0.651560 0.453049
vt 0.651583 0.445294
vt 0.626473 0.452506
vt 0.626421 0.445090
vt 0.626385 0.439402
vt 0.600988 0.444797
vt 0.600582 0.439178
vt 0.575585 0.444635
vt 0.575049 0.439194
vt 0.550901 0.444831
vt 0.550450 0.439210
vt 0.526828 0.444913
vt 0.526618 0.439186
vt 0.502797 0.445396
vt 0.502604 0.439655
vt 0.502420 0.433919
vt 0.502272 0.428697
vt 0.478580 0.440478
vt 0.478325 0.434603
vt 0.477622 0.429119
vt 0.680829 0.593458
vt 0.454856 0.435230
vt 0.453994 0.429700
vt 0.704460 0.593309
vt 0.432580 0.435886
vt 0.432525 0.430128
vt 0.725936 0.592758
vt 0.409455 0.436631
vt 0.409745 0.430989
vt 0.748719 0.592618
vt 0.386747 0.437214
vt 0.386858 0.431708
vt 0.771605 0.592803
vt 0.771313 0.597057
vt 0.771043 0.602401
vt 0.795503 0.593158
vt 0.795200 0.597963
vt 0.794762 0.603668
vt 0.794557 0.607788
vt 0.770920 0.606133
vt 0.785564 0.427726
vt 0.785777 0.423702
vt 0.809425 0.424257
vt 0.809579 0.419853
vt 0.828275 0.425019
vt 0.786133 0.418993
vt 0.786532 0.413343
vt 0.758975 0.412171
vt 0.508776 0.882669
vt 0.513747 0.882580
vt 0.509071 0.910239
vt 0.510666 0.855345
vt 0.516353 0.855157
vt 0.511592 0.836590
vt 0.517676 0.836874
vt 0.510486 0.933601
vt 0.362958 0.431691
vt 0.362919 0.437397
vt 0.338278 0.437236
vt 0.338102 0.431565
vt 0.362904 0.443231
vt 0.338404 0.443108
vt 0.362899 0.449163
vt 0.338538 0.449036
vt 0.314319 0.448925
vt 0.338712 0.456805
vt 0.314632 0.456671
vt 0.291019 0.456289
vt 0.314949 0.465300
vt 0.291358 0.465134
vt 0.269019 0.455944
vt 0.315235 0.473367
vt 0.338908 0.465245
vt 0.339123 0.473166
vt 0.339348 0.479369
vt 0.363052 0.472595
vt 0.363085 0.478837
vt 0.363140 0.484816
vt 0.386502 0.478845
vt 0.386466 0.484849
vt 0.386445 0.490530
vt 0.363171 0.490235
vt 0.410213 0.484741
vt 0.410296 0.490487
vt 0.386130 0.157282
vt 0.409980 0.157507
vt 0.409976 0.162654
vt 0.433123 0.157654
vt 0.433165 0.162720
vt 0.433205 0.168925
vt 0.456234 0.162340
vt 0.456410 0.168632
vt 0.456550 0.174941
vt 0.479970 0.168519
vt 0.480075 0.174790
vt 0.480213 0.183072
vt 0.503862 0.175276
vt 0.504037 0.183733
vt 0.504252 0.193807
vt 0.528401 0.184278
vt 0.528593 0.194869
vt 0.528805 0.211345
vt 0.553080 0.194806
vt 0.553257 0.211643
vt 0.553447 0.235305
vt 0.577810 0.211879
vt 0.577927 0.235460
vt 0.578034 0.260493
vt 0.602425 0.235438
vt 0.602505 0.260554
vt 0.602568 0.285819
vt 0.626996 0.260566
vt 0.627052 0.285886
vt 0.627074 0.311218
vt 0.651577 0.285928
vt 0.651597 0.311293
vt 0.651564 0.336435
vt 0.676204 0.311338
vt 0.676198 0.336481
vt 0.676147 0.358297
vt 0.700974 0.336563
vt 0.701013 0.358366
vt 0.701018 0.373363
vt 0.725850 0.358744
vt 0.725870 0.373829
vt 0.725832 0.384588
vt 0.750736 0.374726
vt 0.750782 0.384929
vt 0.750796 0.392754
vt 0.775937 0.385077
vt 0.776104 0.392576
vt 0.776240 0.398665
vt 0.801259 0.391981
vt 0.801534 0.398157
vt 0.801861 0.404227
vt 0.825983 0.398063
vt 0.826088 0.404172
vt 0.826204 0.408627
vt 0.801955 0.408418
vt 0.849141 0.404934
vt 0.849293 0.408959
vt 0.083466 0.148911
vt 0.060378 0.148230
vt 0.060090 0.141907
vt 0.041431 0.147463
vt 0.041460 0.140864
vt 0.041443 0.134169
vt 0.029458 0.140098
vt 0.029605 0.132706
vt 0.029914 0.122294
vt 0.020969 0.131666
vt 0.020715 0.139706
vt 0.029296 0.146710
vt 0.020715 0.146495
vt 0.029187 0.151924
vt 0.020674 0.151834
vt 0.888996 0.406162
vt 0.880483 0.405971
vt 0.880438 0.399571
vt 0.889230 0.399893
vt 0.880325 0.393046
vt 0.889451 0.393313
vt 0.889491 0.385170
vt 0.896034 0.385080
vt 0.880166 0.385156
vt 0.879997 0.374192
vt 0.889368 0.373964
vt 0.868010 0.392871
vt 0.867903 0.385030
vt 0.867806 0.374429
vt 0.867676 0.358010
vt 0.879968 0.357721
vt 0.849447 0.384699
vt 0.849650 0.374044
vt 0.849721 0.358513
vt 0.849507 0.335488
vt 0.867753 0.335183
vt 0.825757 0.373983
vt 0.825622 0.359233
vt 0.825309 0.335735
vt 0.824909 0.310686
vt 0.849137 0.310463
vt 0.800483 0.359406
vt 0.800223 0.335997
vt 0.799919 0.310883
vt 0.799563 0.285710
vt 0.824469 0.285652
vt 0.775291 0.336229
vt 0.775051 0.311069
vt 0.774775 0.285783
vt 0.774454 0.260477
vt 0.799127 0.260522
vt 0.750307 0.311229
vt 0.750093 0.285857
vt 0.749863 0.260484
vt 0.749621 0.235193
vt 0.774090 0.235204
vt 0.725438 0.285913
vt 0.725263 0.260505
vt 0.725069 0.235123
vt 0.724875 0.211950
vt 0.749378 0.211969
vt 0.700657 0.260526
vt 0.700511 0.235150
vt 0.700371 0.211772
vt 0.700286 0.195922
vt 0.724718 0.195937
vt 0.675973 0.235210
vt 0.675903 0.211845
vt 0.675895 0.195182
vt 0.675939 0.184562
vt 0.700225 0.184868
vt 0.651354 0.211758
vt 0.651299 0.195299
vt 0.651267 0.184240
vt 0.651247 0.175421
vt 0.675999 0.175879
vt 0.626726 0.195197
vt 0.626624 0.183905
vt 0.626513 0.175188
vt 0.626408 0.168838
vt 0.651244 0.169121
vt 0.602216 0.183923
vt 0.602161 0.175471
vt 0.602078 0.168868
vt 0.601974 0.162382
vt 0.626307 0.162494
vt 0.577586 0.175926
vt 0.577503 0.169118
vt 0.577398 0.162493
vt 0.577273 0.158053
vt 0.601858 0.157848
vt 0.552717 0.169239
vt 0.552606 0.162651
vt 0.552458 0.157959
vt 0.552780 0.488909
vt 0.552602 0.482555
vt 0.577452 0.482457
vt 0.577596 0.488705
vt 0.528036 0.162692
vt 0.527892 0.157894
vt 0.528214 0.489203
vt 0.528045 0.483015
vt 0.527857 0.476451
vt 0.552401 0.475849
vt 0.503820 0.489608
vt 0.503654 0.483603
vt 0.503496 0.477171
vt 0.503344 0.469978
vt 0.527637 0.469151
vt 0.479882 0.484093
vt 0.479698 0.477905
vt 0.479505 0.471009
vt 0.479283 0.462531
vt 0.503175 0.461390
vt 0.456293 0.478070
vt 0.456161 0.471556
vt 0.455961 0.463249
vt 0.455709 0.454601
vt 0.479030 0.453651
vt 0.433120 0.471798
vt 0.432984 0.463696
vt 0.432852 0.455244
vt 0.432720 0.447808
vt 0.455476 0.447109
vt 0.409930 0.464157
vt 0.409827 0.455799
vt 0.409717 0.448426
vt 0.409590 0.442387
vt 0.432592 0.441740
vt 0.386643 0.456293
vt 0.386673 0.448927
vt 0.386699 0.442938
vt 0.362931 0.456646
vt 0.386608 0.464559
vt 0.362995 0.464909
vt 0.386554 0.472405
vt 0.410032 0.472124
vt 0.410124 0.478625
vt 0.433238 0.478176
vt 0.433343 0.484253
vt 0.456379 0.484172
vt 0.456419 0.489868
vt 0.433441 0.489906
vt 0.480070 0.489928
vt 0.456102 0.157397
vt 0.479752 0.157604
vt 0.479877 0.162286
vt 0.503500 0.157868
vt 0.503626 0.162584
vt 0.503731 0.168879
vt 0.528139 0.169153
vt 0.528254 0.175692
vt 0.552827 0.175900
vt 0.552947 0.184410
vt 0.577649 0.184208
vt 0.577702 0.193933
vt 0.602273 0.194650
vt 0.602337 0.211746
vt 0.626822 0.211729
vt 0.626914 0.235326
vt 0.651433 0.235248
vt 0.651516 0.260556
vt 0.676071 0.260545
vt 0.676156 0.285944
vt 0.700785 0.285939
vt 0.700893 0.311352
vt 0.725604 0.311329
vt 0.725753 0.336629
vt 0.750502 0.336513
vt 0.750656 0.359170
vt 0.775535 0.359306
vt 0.775779 0.375682
vt 0.800736 0.374708
vt 0.800982 0.384459
vt 0.825837 0.384178
vt 0.825905 0.391810
vt 0.849250 0.392501
vt 0.849158 0.398775
vt 0.868117 0.399271
vt 0.868217 0.405504
vt 0.041454 0.152312
vt 0.060532 0.152504
vt 0.455253 0.441126
vt 0.478792 0.446414
vt 0.502988 0.452549
vt 0.527076 0.451739
vt 0.527366 0.460504
vt 0.551362 0.451533
vt 0.551792 0.459996
vt 0.552145 0.468468
vt 0.576616 0.459982
vt 0.576998 0.468457
vt 0.577267 0.475878
vt 0.601846 0.469411
vt 0.601996 0.476600
vt 0.602084 0.482903
vt 0.626554 0.477323
vt 0.626561 0.483543
vt 0.626562 0.489493
vt 0.602179 0.489012
vt 0.651519 0.484050
vt 0.651555 0.490041
vt 0.626242 0.157938
vt 0.651236 0.157965
vt 0.651246 0.162806
vt 0.676104 0.158357
vt 0.676081 0.163264
vt 0.676043 0.169591
vt 0.700281 0.163605
vt 0.700228 0.169940
vt 0.700209 0.176284
vt 0.724439 0.170177
vt 0.724502 0.176543
vt 0.724600 0.184981
vt 0.748850 0.176400
vt 0.749020 0.184875
vt 0.749163 0.195214
vt 0.773198 0.185032
vt 0.773414 0.195596
vt 0.773703 0.211678
vt 0.797560 0.195829
vt 0.798024 0.211896
vt 0.798593 0.235310
vt 0.822558 0.212490
vt 0.823324 0.235711
vt 0.823962 0.260653
vt 0.848009 0.236164
vt 0.848583 0.260853
vt 0.848856 0.285600
vt 0.868063 0.261067
vt 0.868187 0.285576
vt 0.868024 0.310245
vt 0.881297 0.285560
vt 0.881040 0.310046
vt 0.880379 0.334879
vt 0.890391 0.309890
vt 0.889927 0.334618
vt 0.889536 0.357473
vt 0.896913 0.334420
vt 0.896624 0.357269
vt 0.896196 0.373867
vt 0.902944 0.357059
vt 0.902361 0.373776
vt 0.908598 0.356848
vt 0.908011 0.373717
vt 0.891017 0.666087
vt 0.889908 0.688839
vt 0.884204 0.688917
vt 0.903644 0.334243
vt 0.909506 0.334086
vt 0.904225 0.309740
vt 0.909951 0.309698
vt 0.897355 0.309788
vt 0.897619 0.285573
vt 0.904516 0.285612
vt 0.890574 0.285556
vt 0.890625 0.261425
vt 0.897529 0.261581
vt 0.880908 0.261246
vt 0.880619 0.236886
vt 0.890249 0.237219
vt 0.867665 0.236535
vt 0.867105 0.213243
vt 0.880128 0.213701
vt 0.847062 0.212945
vt 0.846041 0.195357
vt 0.866390 0.196329
vt 0.821833 0.195260
vt 0.821351 0.185123
vt 0.845357 0.185142
vt 0.797224 0.185232
vt 0.796966 0.176281
vt 0.820942 0.176418
vt 0.773013 0.176184
vt 0.772861 0.169919
vt 0.796780 0.170096
vt 0.748690 0.170041
vt 0.748534 0.163985
vt 0.772746 0.163574
vt 0.724388 0.163887
vt 0.724376 0.158653
vt 0.748426 0.158679
vt 0.700299 0.158604
vt 0.700619 0.490165
vt 0.700557 0.484414
vt 0.724700 0.484786
vt 0.724696 0.490444
vt 0.676424 0.490101
vt 0.676409 0.484236
vt 0.676396 0.478038
vt 0.700547 0.478292
vt 0.651504 0.477799
vt 0.651510 0.470768
vt 0.676380 0.471193
vt 0.626542 0.470390
vt 0.626516 0.461530
vt 0.651536 0.462019
vt 0.601617 0.460700
vt 0.601318 0.451930
vt 0.576140 0.451567
vt 0.676391 0.462516
vt 0.700541 0.471774
vt 0.724723 0.478773
vt 0.748857 0.485417
vt 0.772983 0.491490
vt 0.748744 0.491063
vt 0.772668 0.158362
vt 0.796533 0.158139
vt 0.796647 0.163947
vt 0.820609 0.170241
vt 0.844663 0.176360
vt 0.865721 0.185400
vt 0.879695 0.196794
vt 0.890148 0.214283
vt 0.897392 0.214727
vt 0.897413 0.237545
vt 0.903978 0.237843
vt 0.904154 0.261745
vt 0.909629 0.238085
vt 0.909918 0.261902
vt 0.910274 0.285670
vt 0.888997 0.737248
vt 0.889594 0.761024
vt 0.883346 0.737150
vt 0.883531 0.713207
vt 0.889298 0.713221
vt 0.876937 0.713163
vt 0.321330 0.621127
vt 0.708873 0.614329
vt 0.703504 0.613519
vt 0.541423 0.955226
vt 0.557904 0.955312
vt 0.558690 0.961731
vt 0.541280 0.962179
vt 0.559532 0.967148
vt 0.541343 0.967384
vt 0.527570 0.967460
vt 0.518399 0.412413
vt 0.536619 0.412253
vt 0.537173 0.417913
vt 0.558294 0.412484
vt 0.558773 0.418248
vt 0.559158 0.424191
vt 0.537779 0.423101
vt 0.581958 0.418243
vt 0.581800 0.423446
vt 0.732767 0.680849
vt 0.732207 0.703427
vt 0.726763 0.703368
vt 0.731069 0.726280
vt 0.725751 0.725865
vt 0.719544 0.725526
vt 0.725694 0.747623
vt 0.719933 0.747519
vt 0.714805 0.747327
vt 0.714038 0.725335
vt 0.319210 0.734571
vt 0.319669 0.753936
vt 0.314564 0.753511
vt 0.314296 0.734274
vt 0.318383 0.769906
vt 0.313978 0.768334
vt 0.379592 0.663852
vt 0.373982 0.663831
vt 0.732395 0.747799
vt 0.730578 0.767812
vt 0.646305 0.422698
vt 0.646353 0.417628
vt 0.660287 0.417923
vt 0.660941 0.424130
vt 0.731146 0.782505
vt 0.626193 0.423999
vt 0.626570 0.417377
vt 0.626817 0.411701
vt 0.646290 0.412216
vt 0.604727 0.422633
vt 0.604713 0.417706
vt 0.604946 0.411842
vt 0.627763 0.966749
vt 0.628203 0.961305
vt 0.649849 0.962205
vt 0.649611 0.967573
vt 0.582056 0.412408
vt 0.604923 0.966671
vt 0.604711 0.961830
vt 0.604545 0.955981
vt 0.628927 0.955131
vt 0.581194 0.966954
vt 0.580604 0.962027
vt 0.580159 0.956090
vt 0.650248 0.955667
vt 0.668014 0.948784
vt 0.668206 0.956480
vt 0.668651 0.963116
vt 0.682622 0.967354
vt 0.669091 0.968010
vt 0.781289 0.823115
vt 0.785664 0.824862
vt 0.783840 0.832575
vt 0.779189 0.831878
vt 0.659830 0.412460
vt 0.669487 0.411757
vt 0.670439 0.417329
vt 0.773728 0.831768
vt 0.780841 0.841459
vt 0.775628 0.841944
vt 0.771036 0.841014
vt 0.769601 0.831989
vt 0.670854 0.422102
vt 0.157328 0.688312
vt 0.161726 0.690260
vt 0.161981 0.706148
vt 0.157242 0.704865
vt 0.152052 0.703235
vt 0.152986 0.685996
vt 0.162085 0.725377
vt 0.156593 0.724706
vt 0.151082 0.723968
vt 0.699481 0.921511
vt 0.699898 0.940738
vt 0.695236 0.940226
vt 0.694722 0.920934
vt 0.694206 0.905869
vt 0.699944 0.906521
vt 0.687680 0.920610
vt 0.687245 0.904654
vt 0.687091 0.895878
vt 0.688112 0.938909
vt 0.680219 0.937771
vt 0.680347 0.919794
vt 0.679769 0.902778
vt 0.668955 0.936592
vt 0.698012 0.956641
vt 0.785664 0.840192
vt 0.839993 0.425237
vt 0.844376 0.420884
vt 0.846446 0.424580
vt 0.717871 0.625850
vt 0.712723 0.641643
vt 0.713138 0.626391
vt 0.711881 0.614484
vt 0.316479 0.613511
vt 0.316545 0.628800
vt 0.311325 0.629193
vt 0.311432 0.614261
vt 0.310101 0.602691
vt 0.315015 0.601681
vt 0.711421 0.870089
vt 0.723000 0.867467
vt 0.723878 0.871231
vt 0.713798 0.874186
vt 0.348934 0.619710
vt 0.347292 0.630148
vt 0.737886 0.867347
vt 0.738291 0.871465
vt 0.924712 0.472977
vt 0.921264 0.483962
vt 0.915828 0.484005
vt 0.920269 0.472644
vt 0.756471 0.867704
vt 0.756855 0.873076
vt 0.569550 0.639904
vt 0.568755 0.658425
vt 0.777038 0.868316
vt 0.777188 0.873539
vt 0.567492 0.678709
vt 0.561205 0.678666
vt 0.566536 0.700098
vt 0.560510 0.699939
vt 0.310129 0.647903
vt 0.315961 0.647659
vt 0.712491 0.660409
vt 0.912925 0.230048
vt 0.916059 0.228459
vt 0.093989 0.864130
vt 0.101213 0.860034
vt 0.159834 0.676217
vt 0.159834 0.684361
vt 0.154973 0.683482
vt 0.155082 0.677691
vt 0.154021 0.935255
vt 0.696570 0.860214
vt 0.695786 0.870381
vt 0.688118 0.879137
vt 0.687703 0.884580
vt 0.687019 0.890015
vt 0.757048 0.800068
vt 0.279489 0.952075
vt 0.047387 0.489097
vt 0.047070 0.156552
vt 0.063357 0.156754
vt 0.063132 0.161613
vt 0.047027 0.161772
vt 0.062933 0.167350
vt 0.047100 0.167620
vt 0.062687 0.173308
vt 0.047170 0.173571
vt 0.062328 0.181361
vt 0.083925 0.173344
vt 0.083249 0.181383
vt 0.082276 0.193279
vt 0.106702 0.181893
vt 0.106016 0.193257
vt 0.105142 0.210587
vt 0.081203 0.210896
vt 0.104213 0.234076
vt 0.080203 0.234493
vt 0.103415 0.259031
vt 0.079362 0.259320
vt 0.102854 0.283956
vt 0.078732 0.284038
vt 0.102535 0.308844
vt 0.078355 0.308691
vt 0.102436 0.333668
vt 0.078212 0.333299
vt 0.102515 0.355811
vt 0.126861 0.333920
vt 0.126919 0.356322
vt 0.127007 0.371191
vt 0.150966 0.356472
vt 0.151037 0.371451
vt 0.151100 0.382122
vt 0.174930 0.371896
vt 0.175084 0.382347
vt 0.175236 0.390579
vt 0.151159 0.390366
vt 0.175356 0.396378
vt 0.151228 0.396135
vt 0.175473 0.402412
vt 0.151304 0.402188
vt 0.175581 0.407042
vt 0.151400 0.406854
vt 0.758255 0.154290
vt 0.734074 0.154172
vt 0.733990 0.148856
vt 0.709953 0.153421
vt 0.710122 0.148141
vt 0.710197 0.142340
vt 0.687061 0.147444
vt 0.687020 0.141615
vt 0.686982 0.135679
vt 0.664110 0.142048
vt 0.663866 0.136183
vt 0.663596 0.126304
vt 0.640716 0.136477
vt 0.640532 0.126416
vt 0.640356 0.113680
vt 0.617470 0.126039
vt 0.617450 0.113273
vt 0.617432 0.094814
vt 0.594653 0.112633
vt 0.594756 0.094239
vt 0.595003 0.070580
vt 0.571929 0.093568
vt 0.572412 0.069898
vt 0.572964 0.051736
vt 0.549616 0.069283
vt 0.550358 0.051105
vt 0.550999 0.039077
vt 0.573457 0.039895
vt 0.551603 0.029655
vt 0.573964 0.030628
vt 0.552150 0.022361
vt 0.528604 0.029006
vt 0.529135 0.022078
vt 0.529649 0.015748
vt 0.552659 0.015911
vt 0.530183 0.009825
vt 0.553201 0.009801
vt 0.550941 0.585707
vt 0.527925 0.585464
vt 0.528356 0.580916
vt 0.504250 0.585957
vt 0.504709 0.581780
vt 0.505189 0.575400
vt 0.528788 0.574450
vt 0.505715 0.569665
vt 0.529242 0.568558
vt 0.528368 0.561284
vt 0.504831 0.562018
vt 0.528776 0.555526
vt 0.550590 0.547781
vt 0.563911 0.540207
vt 0.573789 0.533085
vt 0.576140 0.539146
vt 0.479959 0.561976
vt 0.480490 0.576220
vt 0.480137 0.582343
vt 0.455292 0.583029
vt 0.454011 0.740632
vt 0.454441 0.762135
vt 0.449845 0.761587
vt 0.449736 0.739721
vt 0.457564 0.006283
vt 0.457331 0.009965
vt 0.432577 0.009951
vt 0.432760 0.005752
vt 0.457014 0.016085
vt 0.432334 0.016117
vt 0.407738 0.015934
vt 0.407539 0.021823
vt 0.383125 0.021566
vt 0.432107 0.022048
vt 0.431833 0.029221
vt 0.407310 0.028964
vt 0.456706 0.022063
vt 0.456345 0.029265
vt 0.455928 0.038351
vt 0.431490 0.038280
vt 0.481233 0.021856
vt 0.480811 0.028944
vt 0.480321 0.038120
vt 0.479719 0.050248
vt 0.455426 0.050295
vt 0.504981 0.028737
vt 0.504392 0.038189
vt 0.503716 0.050398
vt 0.502931 0.068644
vt 0.478979 0.068589
vt 0.527973 0.038529
vt 0.527279 0.050700
vt 0.526488 0.068866
vt 0.525773 0.092611
vt 0.502193 0.092371
vt 0.548964 0.093033
vt 0.548617 0.111934
vt 0.525390 0.111601
vt 0.571670 0.112148
vt 0.571543 0.125130
vt 0.548476 0.124987
vt 0.594618 0.125381
vt 0.594558 0.135343
vt 0.571486 0.135145
vt 0.617493 0.135932
vt 0.617538 0.142176
vt 0.594478 0.141799
vt 0.640851 0.142481
vt 0.640976 0.148234
vt 0.617566 0.147960
vt 0.664371 0.147822
vt 0.664637 0.153262
vt 0.641043 0.153613
vt 0.687119 0.152933
vt 0.222543 0.406493
vt 0.222456 0.401487
vt 0.245056 0.402094
vt 0.245023 0.406778
vt 0.199705 0.406945
vt 0.199563 0.402130
vt 0.199213 0.396134
vt 0.222346 0.395640
vt 0.222254 0.389868
vt 0.245360 0.390394
vt 0.245229 0.396202
vt 0.198952 0.390394
vt 0.198693 0.382309
vt 0.222160 0.382220
vt 0.222077 0.371811
vt 0.245554 0.371694
vt 0.245495 0.382578
vt 0.198533 0.372054
vt 0.198402 0.356264
vt 0.222010 0.356238
vt 0.174793 0.356391
vt 0.174742 0.334180
vt 0.198397 0.334165
vt 0.150930 0.334125
vt 0.151005 0.309044
vt 0.174817 0.309082
vt 0.126933 0.308965
vt 0.127196 0.283900
vt 0.151227 0.283858
vt 0.151605 0.258633
vt 0.175313 0.258530
vt 0.175009 0.283830
vt 0.127658 0.258804
vt 0.128309 0.233735
vt 0.152138 0.233428
vt 0.152729 0.210320
vt 0.176146 0.210219
vt 0.175707 0.233266
vt 0.129093 0.210468
vt 0.129819 0.193414
vt 0.153233 0.193960
vt 0.130342 0.182619
vt 0.107284 0.173845
vt 0.084488 0.167264
vt 0.199147 0.233237
vt 0.198859 0.258502
vt 0.222307 0.258512
vt 0.222148 0.283816
vt 0.198630 0.283815
vt 0.222044 0.309106
vt 0.198474 0.309093
vt 0.221994 0.334184
vt 0.245524 0.309127
vt 0.245516 0.334254
vt 0.245539 0.356500
vt 0.268865 0.334328
vt 0.268836 0.356735
vt 0.268790 0.372077
vt 0.292047 0.356913
vt 0.292002 0.372472
vt 0.291997 0.383339
vt 0.268711 0.383093
vt 0.292014 0.391493
vt 0.268623 0.391303
vt 0.292031 0.397240
vt 0.268582 0.397018
vt 0.292041 0.403195
vt 0.268583 0.402976
vt 0.292068 0.407434
vt 0.268613 0.407365
vt 0.315318 0.403118
vt 0.315365 0.407509
vt 0.617588 0.153458
vt 0.594292 0.153175
vt 0.594395 0.147549
vt 0.571530 0.152952
vt 0.571466 0.147437
vt 0.571442 0.141623
vt 0.548421 0.147752
vt 0.548433 0.141894
vt 0.548443 0.134994
vt 0.525120 0.141909
vt 0.525168 0.134817
vt 0.525236 0.124651
vt 0.501508 0.134328
vt 0.501585 0.124218
vt 0.501771 0.111222
vt 0.477419 0.123876
vt 0.477713 0.111094
vt 0.478222 0.092312
vt 0.453473 0.111097
vt 0.454027 0.092434
vt 0.454765 0.068595
vt 0.429804 0.092648
vt 0.430464 0.068807
vt 0.431054 0.050308
vt 0.406130 0.069180
vt 0.406663 0.050051
vt 0.407032 0.037872
vt 0.382316 0.049459
vt 0.382645 0.037644
vt 0.382907 0.028780
vt 0.358303 0.037618
vt 0.358542 0.028722
vt 0.333984 0.037788
vt 0.333661 0.049833
vt 0.309248 0.050139
vt 0.358015 0.049212
vt 0.357484 0.070160
vt 0.333141 0.070454
vt 0.381790 0.069696
vt 0.381234 0.093623
vt 0.356965 0.094056
vt 0.405551 0.093093
vt 0.405156 0.111691
vt 0.380821 0.112159
vt 0.429316 0.111284
vt 0.428986 0.123929
vt 0.404939 0.123963
vt 0.453101 0.123786
vt 0.452817 0.133860
vt 0.428737 0.134019
vt 0.477232 0.133995
vt 0.477119 0.141014
vt 0.452609 0.140933
vt 0.501478 0.141504
vt 0.501447 0.147508
vt 0.477040 0.147120
vt 0.525059 0.147757
vt 0.524982 0.153205
vt 0.501390 0.153038
vt 0.548406 0.153172
vt 0.361251 0.407628
vt 0.361321 0.403453
vt 0.384744 0.403394
vt 0.384674 0.407649
vt 0.338129 0.407420
vt 0.338205 0.403054
vt 0.338317 0.397094
vt 0.361442 0.397436
vt 0.315232 0.397188
vt 0.315195 0.391410
vt 0.338374 0.391273
vt 0.338442 0.383498
vt 0.361693 0.383595
vt 0.361555 0.391630
vt 0.315184 0.383427
vt 0.315215 0.372903
vt 0.338543 0.372817
vt 0.315292 0.356925
vt 0.292126 0.334344
vt 0.268891 0.309159
vt 0.245582 0.283827
vt 0.384917 0.391474
vt 0.384818 0.397349
vt 0.408459 0.397217
vt 0.408345 0.403353
vt 0.432757 0.403626
vt 0.432680 0.407922
vt 0.408267 0.407751
vt 0.457315 0.407942
vt 0.476977 0.152749
vt 0.452343 0.152624
vt 0.452453 0.146985
vt 0.428365 0.152575
vt 0.428465 0.146956
vt 0.428578 0.140980
vt 0.404748 0.140765
vt 0.404818 0.133917
vt 0.380349 0.133770
vt 0.380551 0.124058
vt 0.356354 0.124244
vt 0.356587 0.112421
vt 0.332276 0.112492
vt 0.332615 0.094419
vt 0.308140 0.094798
vt 0.308684 0.070867
vt 0.284212 0.071256
vt 0.505495 0.021854
vt 0.481617 0.015771
vt 0.505997 0.015650
vt 0.482017 0.009814
vt 0.506509 0.009906
vt 0.454740 0.783413
vt 0.449736 0.783214
vt 0.156778 0.853959
vt 0.145957 0.863708
vt 0.156412 0.848045
vt 0.137588 0.871378
vt 0.137514 0.865895
vt 0.130844 0.872597
vt 0.130665 0.867723
vt 0.125031 0.873723
vt 0.130556 0.877757
vt 0.124591 0.877963
vt 0.119972 0.877948
vt 0.119961 0.874202
vt 0.910302 0.033134
vt 0.137295 0.876511
vt 0.116596 0.873907
vt 0.902231 0.504562
vt 0.896236 0.497046
vt 0.900010 0.497090
vt 0.055358 0.858575
vt 0.927489 0.821173
vt 0.920690 0.821683
vt 0.258692 0.416611
vt 0.264888 0.414426
vt 0.265064 0.419903
vt 0.258341 0.421925
vt 0.118573 0.839560
vt 0.117041 0.831965
vt 0.272443 0.411711
vt 0.272417 0.417515
vt 0.280450 0.410189
vt 0.280779 0.415325
vt 0.281466 0.421588
vt 0.272477 0.423269
vt 0.265950 0.424372
vt 0.782038 0.628081
vt 0.781954 0.619636
vt 0.787382 0.620310
vt 0.787915 0.627994
vt 0.275387 0.807639
vt 0.291503 0.412525
vt 0.292524 0.419135
vt 0.782172 0.608982
vt 0.787915 0.610377
vt 0.306039 0.410035
vt 0.306702 0.415858
vt 0.307388 0.422963
vt 0.293989 0.425164
vt 0.925238 0.240877
vt 0.919483 0.239529
vt 0.322814 0.413763
vt 0.322619 0.420657
vt 0.336316 0.424518
vt 0.322465 0.425474
vt 0.310435 0.771502
vt 0.316131 0.773251
vt 0.317417 0.784646
vt 0.310435 0.785664
vt 0.349195 0.423565
vt 0.339191 0.807978
vt 0.352086 0.807609
vt 0.363898 0.807562
vt 0.121723 0.883738
vt 0.127392 0.883812
vt 0.934243 0.419433
vt 0.934243 0.429977
vt 0.927990 0.428220
vt 0.928016 0.419473
vt 0.895249 0.725767
vt 0.902201 0.725371
vt 0.114319 0.823947
vt 0.108057 0.660633
vt 0.908525 0.834276
vt 0.908217 0.822479
vt 0.913665 0.823481
vt 0.913982 0.835190
vt 0.908160 0.808480
vt 0.913763 0.809280
vt 0.376498 0.811129
vt 0.392908 0.810361
vt 0.392926 0.816345
vt 0.376101 0.817458
vt 0.392937 0.822675
vt 0.375947 0.823616
vt 0.393010 0.830385
vt 0.376016 0.831496
vt 0.393246 0.841694
vt 0.376433 0.842371
vt 0.393701 0.853315
vt 0.377349 0.853046
vt 0.410404 0.815766
vt 0.409900 0.809971
vt 0.425800 0.809280
vt 0.425514 0.815614
vt 0.443723 0.807964
vt 0.443071 0.815117
vt 0.462834 0.807319
vt 0.462226 0.813446
vt 0.461468 0.821685
vt 0.475656 0.811547
vt 0.474447 0.819825
vt 0.422949 0.425022
vt 0.407038 0.424478
vt 0.913982 0.794331
vt 0.908518 0.793453
vt 0.406589 0.749658
vt 0.396119 0.769190
vt 0.406705 0.728953
vt 0.902353 0.096192
vt 0.907472 0.096127
vt 0.907645 0.116198
vt 0.902566 0.116877
vt 0.163418 0.676430
vt 0.168648 0.675846
vt 0.168839 0.692455
vt 0.163823 0.693366
vt 0.910177 0.115611
vt 0.915237 0.115461
vt 0.916052 0.128145
vt 0.911458 0.132225
vt 0.909021 0.096204
vt 0.915315 0.095937
vt 0.921952 0.115666
vt 0.922487 0.095942
vt 0.026750 0.003843
vt 0.021682 0.004265
vt 0.645842 0.729214
vt 0.659298 0.733534
vt 0.645429 0.729585
vt 0.496614 0.886968
vt 0.496614 0.877112
vt 0.496619 0.876973
vt 0.497512 0.877578
vt 0.544787 0.494433
vt 0.544787 0.499764
vt 0.540580 0.497315
vt 0.541164 0.491306
vt 0.628242 0.665585
vt 0.640162 0.667258
vt 0.918484 0.203795
vt 0.912523 0.205247
vt 0.639046 0.663283
vt 0.797528 0.936063
vt 0.797108 0.924351
vt 0.805925 0.925014
vt 0.805925 0.936494
vt 0.240243 0.615736
vt 0.232852 0.616825
vt 0.631946 0.694824
vt 0.641720 0.692855
vt 0.641025 0.701218
vt 0.454857 0.878825
vt 0.454857 0.871403
vt 0.461249 0.872130
vt 0.461493 0.880214
vt 0.048226 0.690979
vt 0.048260 0.685706
vt 0.049526 0.679986
vt 0.049526 0.693366
vt 0.682896 0.692301
vt 0.693366 0.492093
vt 0.692309 0.499537
vt 0.687762 0.499764
vt 0.687762 0.492883
vt 0.954556 0.914926
vt 0.953385 0.908438
vt 0.955389 0.922526
vt 0.939480 0.921630
vt 0.938428 0.914156
vt 0.955866 0.932492
vt 0.940645 0.931413
vt 0.925393 0.920259
vt 0.956465 0.941656
vt 0.941836 0.940670
vt 0.920736 0.569144
vt 0.920219 0.583779
vt 0.914257 0.587560
vt 0.913267 0.571259
vt 0.913267 0.557977
vt 0.919760 0.555356
vt 0.964606 0.943174
vt 0.915783 0.918526
vt 0.938308 0.906880
vt 0.938310 0.901006
vt 0.951857 0.901066
vt 0.937645 0.894072
vt 0.877438 0.899629
vt 0.882215 0.897604
vt 0.963654 0.901698
vt 0.926765 0.892810
vt 0.915252 0.405214
vt 0.921818 0.403785
vt 0.706970 0.868958
vt 0.706970 0.857652
vt 0.713626 0.857021
vt 0.712596 0.867401
vt 0.944737 0.878335
vt 0.935169 0.873851
vt 0.944700 0.874438
vt 0.715675 0.824256
vt 0.715675 0.815913
vt 0.722631 0.814177
vt 0.721464 0.823401
vt 0.721392 0.829856
vt 0.716505 0.830688
vt 0.185850 0.605338
vt 0.187482 0.598620
vt 0.927489 0.684678
vt 0.926604 0.695053
vt 0.921620 0.695617
vt 0.922186 0.684937
vt 0.922193 0.674762
vt 0.926997 0.674743
vt 0.011256 0.865587
vt 0.008408 0.866707
vt 0.008408 0.853994
vt 0.010975 0.854658
vt 0.921620 0.669242
vt 0.926143 0.669344
vt 0.944374 0.847939
vt 0.944164 0.852780
vt 0.100741 0.891706
vt 0.096140 0.892583
vt 0.097903 0.884342
vt 0.101303 0.886216
vt 0.910827 0.859523
vt 0.914538 0.855473
vt 0.959948 0.848779
vt 0.516767 0.617123
vt 0.300771 0.772332
vt 0.477697 0.639644
vt 0.470453 0.499519
vt 0.465234 0.499764
vt 0.465234 0.493839
vt 0.470498 0.495687
vt 0.859953 0.412103
vt 0.859953 0.419190
vt 0.452366 0.612401
vt 0.469711 0.649846
vt 0.884873 0.921853
vt 0.889219 0.920809
vt 0.889219 0.927591
vt 0.883775 0.929740
vt 0.389455 0.785664
vt 0.383778 0.785225
vt 0.383778 0.778855
vt 0.389335 0.779901
vt 0.470804 0.650496
vt 0.039487 0.493366
vt 0.042640 0.491466
vt 0.042773 0.497512
vt 0.038497 0.497512
vt 0.502231 0.728894
vt 0.508768 0.728127
vt 0.508634 0.734882
vt 0.502231 0.736138
vt 0.974832 0.893106
vt 0.929780 0.159834
vt 0.929803 0.154898
vt 0.936494 0.150943
vt 0.936494 0.159824
vt 0.866314 0.015758
vt 0.873461 0.014581
vt 0.819348 0.013507
vt 0.812555 0.013355
vt 0.906217 0.878779
vt 0.905923 0.875711
vt 0.754148 0.927625
vt 0.754148 0.936494
vt 0.745884 0.935698
vt 0.748098 0.929237
vt 0.534582 0.649594
vt 0.521351 0.635674
vt 0.536857 0.644537
vt 0.075064 0.930040
vt 0.078792 0.938745
vt 0.071989 0.938745
vt 0.072235 0.934997
vt 0.042039 0.913982
vt 0.038327 0.906319
vt 0.901483 0.887816
vt 0.667184 0.893721
vt 0.667184 0.881521
vt 0.669966 0.885063
vt 0.670854 0.892538
vt 0.903795 0.948153
vt 0.911317 0.947850
vt 0.918484 0.058734
vt 0.918484 0.073725
vt 0.913103 0.074289
vt 0.913321 0.060068
vt 0.924894 0.030583
vt 0.927517 0.029485
vt 0.925942 0.184597
vt 0.920959 0.183725
vt 0.483574 0.769457
vt 0.470080 0.769746
vt 0.038704 0.027409
vt 0.031589 0.031517
vt 0.934243 0.333054
vt 0.934083 0.339350
vt 0.927245 0.344432
vt 0.927192 0.333054
vt 0.318272 0.649028
vt 0.321906 0.649238
vt 0.709850 0.725832
vt 0.710612 0.733068
vt 0.707217 0.732760
vt 0.705175 0.723004
vt 0.704523 0.720892
vt 0.709899 0.720329
vt 0.711375 0.741421
vt 0.707864 0.741238
vt 0.900531 0.149472
vt 0.899775 0.157583
vt 0.897099 0.156476
vt 0.897401 0.148499
vt 0.897607 0.141765
vt 0.902726 0.140210
vt 0.143452 0.611107
vt 0.145988 0.611392
vt 0.146327 0.624553
vt 0.143252 0.624444
vt 0.318392 0.640567
vt 0.318272 0.627437
vt 0.321657 0.627690
vt 0.321920 0.640925
vt 0.001172 0.858290
vt 0.004596 0.858166
vt 0.006964 0.874588
vt 0.003364 0.875025
vt 0.711250 0.754296
vt 0.709765 0.770013
vt 0.706176 0.769813
vt 0.707580 0.753927
vt 0.707874 0.783332
vt 0.704523 0.783413
vt 0.146186 0.641298
vt 0.145648 0.655801
vt 0.141998 0.655581
vt 0.142692 0.641142
vt 0.145190 0.666696
vt 0.141397 0.666825
vt 0.009551 0.888722
vt 0.011256 0.899795
vt 0.007322 0.899712
vt 0.006004 0.889331
vt 0.008569 0.908620
vt 0.005844 0.906997
vt 0.049526 0.003716
vt 0.046979 0.010583
vt 0.044446 0.010689
vt 0.046470 0.002454
vt 0.903628 0.666323
vt 0.907228 0.666072
vt 0.907228 0.675356
vt 0.903571 0.675345
vt 0.049526 0.016663
vt 0.047561 0.018009
vt 0.348934 0.770972
vt 0.348226 0.778509
vt 0.344888 0.778545
vt 0.345439 0.770394
vt 0.146327 0.674573
vt 0.142855 0.675356
vt 0.348934 0.787087
vt 0.345688 0.787915
vt 0.051279 0.739229
vt 0.051777 0.748606
vt 0.048372 0.748002
vt 0.048725 0.739722
vt 0.001967 0.913982
vt 0.001172 0.911044
vt 0.050188 0.758930
vt 0.046691 0.758487
vt 0.589811 0.631010
vt 0.589064 0.641165
vt 0.586057 0.641630
vt 0.587094 0.631578
vt 0.587548 0.622834
vt 0.589605 0.622916
vt 0.588699 0.653513
vt 0.585692 0.653788
vt 0.172527 0.605462
vt 0.173341 0.617222
vt 0.170293 0.616884
vt 0.169116 0.605896
vt 0.167123 0.595709
vt 0.170578 0.595130
vt 0.171916 0.627645
vt 0.168630 0.628013
vt 0.049872 0.770637
vt 0.051777 0.783413
vt 0.048061 0.781987
vt 0.046921 0.770827
vt 0.604156 0.512512
vt 0.555154 0.876976
vt 0.558177 0.879843
vt 0.557973 0.885024
vt 0.555285 0.884341
vt 0.608374 0.510968
vt 0.611697 0.509360
vt 0.611172 0.505532
vt 0.120840 0.736460
vt 0.122951 0.736309
vt 0.927490 0.095291
vt 0.931991 0.092575
vt 0.079352 0.916209
vt 0.132974 0.685000
vt 0.137063 0.686256
vt 0.398997 0.783413
vt 0.761183 0.834797
vt 0.765080 0.828197
vt 0.765123 0.827855
vt 0.766643 0.831112
vt 0.767655 0.840292
vt 0.765396 0.844195
vt 0.146327 0.497441
vt 0.143292 0.497512
vt 0.143117 0.494275
vt 0.146327 0.491730
vt 0.589811 0.491046
vt 0.589811 0.504266
vt 0.583370 0.503350
vt 0.585417 0.493818
vt 0.339929 0.499223
vt 0.338248 0.499764
vt 0.135071 0.799441
vt 0.132662 0.801423
vt 0.132662 0.797137
vt 0.134899 0.794411
vt 0.914275 0.079618
vt 0.921926 0.079383
vt 0.484005 0.787777
vt 0.475264 0.787915
vt 0.302428 0.833566
vt 0.309472 0.836242
vt 0.109684 0.868415
vt 0.106384 0.867306
vt 0.106614 0.864485
vt 0.110308 0.862143
vt 0.098732 0.636420
vt 0.094866 0.641588
vt 0.797303 0.839473
vt 0.798048 0.830461
vt 0.800672 0.827938
vt 0.801423 0.835841
vt 0.801423 0.839695
vt 0.798442 0.843700
vt 0.558294 0.747979
vt 0.554778 0.749645
vt 0.554244 0.744761
vt 0.558294 0.741718
vt 0.020746 0.890212
vt 0.020746 0.883799
vt 0.024516 0.880966
vt 0.024763 0.886963
vt 0.024109 0.892285
vt 0.022456 0.898224
vt 0.020821 0.876489
vt 0.023574 0.873832
vt 0.051919 0.562624
vt 0.056280 0.558894
vt 0.055315 0.566513
vt 0.051760 0.569550
vt 0.022671 0.867502
vt 0.024644 0.868408
vt 0.425474 0.745569
vt 0.421961 0.745776
vt 0.421449 0.737398
vt 0.424810 0.737514
vt 0.022528 0.835614
vt 0.026157 0.835190
vt 0.021817 0.827804
vt 0.025057 0.827256
vt 0.501640 0.882618
vt 0.503775 0.874739
vt 0.506517 0.874525
vt 0.504753 0.882853
vt 0.139574 0.808157
vt 0.138738 0.810427
vt 0.130824 0.808901
vt 0.131504 0.806118
vt 0.420862 0.728772
vt 0.421701 0.720500
vt 0.424943 0.720912
vt 0.424357 0.729034
vt 0.422536 0.713284
vt 0.425187 0.712820
vt 0.226249 0.614574
vt 0.225802 0.606969
vt 0.229340 0.607059
vt 0.229621 0.614174
vt 0.020727 0.820031
vt 0.023839 0.819486
vt 0.123221 0.807053
vt 0.124478 0.804378
vt 0.226059 0.599122
vt 0.229621 0.599339
vt 0.117864 0.801424
vt 0.120062 0.800368
vt 0.151253 0.641816
vt 0.154097 0.643217
vt 0.149341 0.648342
vt 0.147687 0.645304
vt 0.117141 0.793195
vt 0.120280 0.793395
vt 0.151890 0.634752
vt 0.155332 0.634870
vt 0.415019 0.645179
vt 0.418617 0.645272
vt 0.418721 0.652488
vt 0.415181 0.652844
vt 0.150510 0.626059
vt 0.154096 0.625530
vt 0.414983 0.635620
vt 0.418426 0.635738
vt 0.119909 0.784061
vt 0.123151 0.785230
vt 0.415424 0.623384
vt 0.418422 0.623534
vt 0.124557 0.772931
vt 0.127846 0.774527
vt 0.147687 0.614431
vt 0.151079 0.613999
vt 0.131009 0.758649
vt 0.133824 0.760400
vt 0.083294 0.632736
vt 0.082433 0.648219
vt 0.078825 0.647900
vt 0.080015 0.632112
vt 0.416532 0.607485
vt 0.418721 0.607615
vt 0.082243 0.662184
vt 0.078611 0.662211
vt 0.152442 0.910976
vt 0.151724 0.897916
vt 0.154810 0.898432
vt 0.155332 0.911731
vt 0.137495 0.746360
vt 0.139574 0.748116
vt 0.151559 0.888838
vt 0.154962 0.889149
vt 0.402931 0.643839
vt 0.401857 0.633905
vt 0.404844 0.633590
vt 0.405214 0.643761
vt 0.082382 0.672150
vt 0.078933 0.672324
vt 0.401076 0.626603
vt 0.404613 0.626187
vt 0.155332 0.882327
vt 0.151873 0.882236
vt 0.558294 0.891470
vt 0.555154 0.891414
vt 0.917491 0.530566
vt 0.922876 0.530675
vt 0.911427 0.768629
vt 0.918155 0.768457
vt 0.922987 0.753348
vt 0.922987 0.768441
vt 0.920823 0.025327
vt 0.912975 0.039789
vt 0.914662 0.024870
vt 0.858542 0.901762
vt 0.864456 0.902231
vt 0.864266 0.913982
vt 0.858429 0.913697
vt 0.906967 0.709324
vt 0.913072 0.709022
vt 0.918250 0.694935
vt 0.918484 0.709263
vt 0.911012 0.530794
vt 0.911293 0.516304
vt 0.918295 0.516159
vt 0.907394 0.754412
vt 0.922987 0.516299
vt 0.801406 0.692686
vt 0.565496 0.778911
vt 0.560882 0.778552
vt 0.911662 0.053249
vt 0.750827 0.799171
vt 0.741946 0.797684
vt 0.310981 0.424865
vt 0.315051 0.426144
vt 0.315166 0.428188
vt 0.310981 0.429977
vt 0.614632 0.537898
vt 0.042773 0.572579
vt 0.041650 0.576304
vt 0.039262 0.576210
vt 0.039262 0.568136
vt 0.237896 0.887224
vt 0.237954 0.887093
vt 0.236065 0.891470
vt 0.234594 0.887534
vt 0.350037 0.928905
vt 0.357430 0.935165
vt 0.279277 0.851160
vt 0.374085 0.732983
vt 0.377420 0.733060
vt 0.289749 0.857248
vt 0.287835 0.861912
vt 0.490084 0.766091
vt 0.493010 0.768656
vt 0.081043 0.794115
vt 0.073326 0.796920
vt 0.018010 0.619835
vt 0.017904 0.620884
vt 0.016651 0.620230
vt 0.024763 0.497512
vt 0.021627 0.497512
vt 0.022654 0.490962
vt 0.767357 0.827273
vt 0.767655 0.827658
vt 0.081790 0.693366
vt 0.083294 0.692029
vt 0.798291 0.844195
vt 0.797742 0.842818
vt 0.032888 0.544787
vt 0.032888 0.526860
vt 0.033768 0.541506
vt 0.015448 0.414218
vt 0.015448 0.408805
vt 0.015758 0.413936
vt 0.015758 0.495323
vt 0.014504 0.497512
vt 0.014504 0.490662
vt 0.258680 0.410894
vt 0.261138 0.411858
vt 0.258680 0.414218
vt 0.031305 0.036845
vt 0.031517 0.037199
vt 0.031305 0.038270
vt 0.565032 0.497924
vt 0.570345 0.498550
vt 0.576742 0.501182
vt 0.897855 0.139071
vt 0.897099 0.132067
vt 0.152996 0.600399
vt 0.162085 0.595782
vt 0.162085 0.605569
vt 0.421308 0.765404
vt 0.421116 0.763621
vt 0.506517 0.910365
vt 0.506062 0.911627
vt 0.054028 0.011256
vt 0.051726 0.009253
vt 0.054028 0.008223
vt 0.167123 0.634835
vt 0.170187 0.633948
vt 0.592847 0.561414
vt 0.599086 0.559671
vt 0.599938 0.566477
vt 0.611744 0.560579
vt 0.621195 0.498365
vt 0.625252 0.499038
vt 0.623627 0.505129
vt 0.609387 0.507017
vt 0.061380 0.411967
vt 0.061380 0.408230
vt 0.063033 0.408628
vt 0.256047 0.414218
vt 0.253214 0.409851
vt 0.256635 0.409851
vt 0.553011 0.613050
vt 0.552692 0.607066
vt 0.558294 0.607187
vt 0.558294 0.614574
vt 0.456183 0.739729
vt 0.369195 0.740686
vt 0.542536 0.787916
vt 0.533394 0.784264
vt 0.542536 0.776272
vt 0.174318 0.785664
vt 0.174318 0.774582
vt 0.177844 0.783192
vt 0.333029 0.733583
vt 0.335427 0.725690
vt 0.335427 0.742892
vt 0.331928 0.737451
vt 0.234594 0.882836
vt 0.238367 0.884742
vt 0.236143 0.877426
vt 0.238626 0.883711
vt 0.924129 0.553602
vt 0.931150 0.553836
vt 0.928861 0.558654
vt 0.927592 0.557962
vt 0.931991 0.557000
vt 0.924129 0.567299
vt 0.014453 0.391102
vt 0.015758 0.392809
vt 0.014453 0.396209
vt 0.617186 0.531755
vt 0.615840 0.531855
vt 0.616304 0.527621
vt 0.053388 0.555047
vt 0.051760 0.553990
vt 0.054827 0.548395
vt 0.615051 0.528913
vt 0.281398 0.423717
vt 0.281398 0.427726
vt 0.278341 0.425935
vt 0.472741 0.426012
vt 0.469809 0.427725
vt 0.484934 0.427726
vt 0.484934 0.419329
vt 0.485584 0.424707
vt 0.486256 0.426714
vt 0.461399 0.776276
vt 0.457721 0.775364
vt 0.460210 0.783413
vt 0.457014 0.782237
vt 0.008547 0.913445
vt 0.004601 0.913576
vt 0.013507 0.917313
vt 0.284724 0.423873
vt 0.285901 0.426668
vt 0.284312 0.427726
vt 0.284312 0.425745
vt 0.150406 0.841275
vt 0.147707 0.843740
vt 0.146853 0.837496
vt 0.150830 0.839751
vt 0.149505 0.843916
vt 0.146853 0.848697
vt 0.502036 0.913982
vt 0.015729 0.624453
vt 0.018010 0.628081
vt 0.110308 0.873461
vt 0.108161 0.868578
vt 0.011256 0.157583
vt 0.008853 0.155664
vt 0.010712 0.155839
vt 0.011256 0.154754
vt 0.290403 0.424147
vt 0.290258 0.426059
vt 0.289748 0.426094
vt 0.289559 0.424285
vt 0.067536 0.411826
vt 0.067021 0.411871
vt 0.067093 0.410214
vt 0.066956 0.410138
vt 0.001188 0.013507
vt 0.001377 0.011628
vt 0.001493 0.011523
vt 0.001851 0.013132
vt 0.044719 0.002251
vt 0.045002 0.002067
vt 0.044430 0.000755
vt 0.045024 0.000755
vt 0.290403 0.427726
vt 0.289303 0.426151
vt 0.066170 0.410257
vt 0.066811 0.408550
vt 0.067094 0.408623
vt 0.066174 0.410266
vt 0.013490 0.000659
vt 0.013507 0.000768
vt 0.013507 0.002251
vt 0.013210 0.002148
vt 0.288821 0.424406
vt 0.065904 0.411967
vt 0.066803 0.410345
vt 0.066376 0.411926
vt 0.067536 0.408747
vt 0.001188 0.011409
vt 0.002251 0.012916
vt 0.001357 0.007826
vt 0.001879 0.007375
vt 0.002251 0.008413
vt 0.001184 0.009005
vt 0.000985 0.008856
vt 0.000985 0.007592
vt 0.000985 0.006908
vt 0.001998 0.096644
vt 0.001777 0.096586
vt 0.002251 0.096479
vt 0.002251 0.096801
vt 0.019888 0.036628
vt 0.019873 0.036411
vt 0.020117 0.036873
vt 0.019919 0.036922
vt 0.020261 0.037884
vt 0.019873 0.038270
vt 0.001854 0.096195
vt 0.002251 0.096179
vt 0.001927 0.095825
vt 0.002251 0.095883
vt 0.002251 0.095683
vt 0.002027 0.095319
vt 0.081043 0.153081
vt 0.080925 0.152947
vt 0.081043 0.152638
vt 0.071451 0.000971
vt 0.071552 0.001057
vt 0.071028 0.001092
vt 0.070885 0.000737
vt 0.072038 0.000937
vt 0.072027 0.001371
vt 0.072038 0.002251
vt 0.071458 0.001789
vt 0.066865 0.002251
vt 0.066982 0.001726
vt 0.067536 0.001706
vt 0.067481 0.002135
vt 0.067231 0.001241
vt 0.067536 0.001227
vt 0.067322 0.000793
vt 0.067529 0.000799
vt 0.066693 0.001168
vt 0.067060 0.000880
vt 0.066321 0.001733
vt 0.007689 0.001551
vt 0.007599 0.001274
vt 0.008209 0.001159
vt 0.007833 0.001763
vt 0.007536 0.000505
vt 0.008238 0.000505
vt 0.009005 0.000505
vt 0.008695 0.001347
vt 0.008363 0.002251
vt 0.029265 0.004502
vt 0.028992 0.003747
vt 0.028955 0.003447
vt 0.028994 0.003185
vt 0.029265 0.002500
vt 0.074207 0.152560
vt 0.074234 0.152769
vt 0.074068 0.152885
vt 0.073942 0.152748
vt 0.073813 0.152608
vt 0.073961 0.152425
vt 0.073996 0.152257
vt 0.074259 0.152438
vt 0.073722 0.152346
vt 0.073743 0.152287
vt 0.078672 0.152595
vt 0.078673 0.152830
vt 0.078541 0.152810
vt 0.078541 0.152557
vt 0.074016 0.152192
vt 0.074289 0.152160
vt 0.078654 0.153081
vt 0.078541 0.153065
vt 0.013361 0.164207
vt 0.013423 0.164102
vt 0.013461 0.164322
vt 0.013404 0.164303
vt 0.013507 0.164050
vt 0.013507 0.164337
vt 0.083174 0.152996
vt 0.083215 0.152768
vt 0.083294 0.152755
vt 0.083294 0.153081
vt 0.073669 0.152453
vt 0.078750 0.153040
vt 0.078792 0.152867
vt 0.078777 0.152958
vt 0.074267 0.152912
vt 0.074289 0.153081
vt 0.002006 0.116629
vt 0.002251 0.116628
vt 0.002251 0.116807
vt 0.001930 0.116766
vt 0.001833 0.116623
vt 0.002251 0.117062
vt 0.002251 0.111397
vt 0.002251 0.112559
vt 0.001967 0.112461
vt 0.002058 0.111449
vt 0.001776 0.112395
vt 0.001869 0.111500
vt 0.001598 0.112334
vt 0.001681 0.111551
vt 0.001422 0.112273
vt 0.001493 0.111602
vt 0.001248 0.112212
vt 0.001261 0.111665
vt 0.001117 0.112167
vt 0.002210 0.134700
vt 0.002251 0.135005
vt 0.002124 0.135071
vt 0.002137 0.134715
vt 0.062770 0.002399
vt 0.063033 0.002500
vt 0.062690 0.003466
vt 0.062529 0.003340
vt 0.062343 0.003154
vt 0.062930 0.004232
vt 0.062788 0.004221
vt 0.062710 0.003922
vt 0.063033 0.004460
vt 0.062879 0.004502
vt 0.064835 0.152486
vt 0.064950 0.152509
vt 0.064910 0.152805
vt 0.064785 0.152747
vt 0.087685 0.152985
vt 0.087796 0.152851
vt 0.087796 0.153081
vt 0.064688 0.152471
vt 0.064714 0.152315
vt 0.064857 0.152315
vt 0.064664 0.152670
vt 0.073581 0.152279
vt 0.065148 0.151992
vt 0.064967 0.152155
vt 0.064938 0.151949
vt 0.064735 0.152147
vt 0.064750 0.151994
vt 0.064545 0.152102
vt 0.064622 0.152000
vt 0.064403 0.152144
vt 0.064214 0.152124
vt 0.064214 0.151977
vt 0.064378 0.152282
vt 0.064214 0.152266
vt 0.064377 0.152424
vt 0.064214 0.152407
vt 0.064543 0.152302
vt 0.064540 0.152445
vt 0.064534 0.152595
vt 0.064373 0.152566
vt 0.155155 0.155147
vt 0.155332 0.155107
vt 0.155332 0.155332
vt 0.155202 0.155280
vt 0.064330 0.152761
vt 0.064214 0.152685
vt 0.064214 0.152549
vt 0.064436 0.152831
vt 0.064561 0.152912
vt 0.064687 0.152994
vt 0.064861 0.153081
vt 0.065000 0.152746
vt 0.002243 0.091586
vt 0.002128 0.091833
vt 0.002046 0.091768
vt 0.002042 0.092092
vt 0.001896 0.091947
vt 0.002251 0.091897
vt 0.002251 0.092299
vt 0.065040 0.152426
vt 0.150674 0.155228
vt 0.150707 0.154925
vt 0.150830 0.155165
vt 0.150830 0.155332
vt 0.065284 0.151831
vt 0.076540 0.000860
vt 0.076540 0.002113
vt 0.075982 0.002177
vt 0.076004 0.001166
vt 0.011757 0.063033
vt 0.011846 0.062410
vt 0.012855 0.062279
vt 0.013039 0.062719
vt 0.013469 0.061363
vt 0.013507 0.061628
vt 0.012626 0.061760
vt 0.012428 0.061089
vt 0.011757 0.061204
vt 0.011928 0.061835
vt 0.075336 0.002251
vt 0.075416 0.001501
vt 0.021511 0.047352
vt 0.021808 0.047574
vt 0.021158 0.048105
vt 0.021093 0.047585
vt 0.021546 0.046950
vt 0.021956 0.046896
vt 0.021113 0.047063
vt 0.051500 0.409644
vt 0.051060 0.409645
vt 0.051424 0.408620
vt 0.051719 0.409121
vt 0.001053 0.003034
vt 0.001312 0.002467
vt 0.001594 0.002943
vt 0.001323 0.003517
vt 0.051720 0.410242
vt 0.051399 0.410672
vt 0.000958 0.004032
vt 0.001710 0.003908
vt 0.001401 0.004502
vt 0.051777 0.411316
vt 0.051461 0.411967
vt 0.051068 0.410755
vt 0.050646 0.409453
vt 0.051777 0.013507
vt 0.051398 0.013459
vt 0.051613 0.012459
vt 0.051777 0.012301
vt 0.051160 0.408342
vt 0.051552 0.407570
vt 0.051777 0.408101
vt 0.051502 0.011669
vt 0.051744 0.011451
vt 0.051230 0.012702
vt 0.051115 0.012013
vt 0.050824 0.012920
vt 0.050709 0.012374
vt 0.050395 0.013206
vt 0.050308 0.012721
vt 0.021024 0.046549
vt 0.020621 0.047214
vt 0.020614 0.046740
vt 0.020618 0.047724
vt 0.020617 0.048274
vt 0.021332 0.048449
vt 0.020616 0.048874
vt 0.021543 0.048729
vt 0.020614 0.049526
vt 0.022129 0.047707
vt 0.001373 0.001491
vt 0.001683 0.001960
vt 0.000958 0.002102
vt 0.001996 0.002455
vt 0.002251 0.002845
vt 0.002027 0.003286
vt 0.051082 0.013443
vt 0.022512 0.047899
vt 0.002251 0.105709
vt 0.002141 0.105804
vt 0.002052 0.104623
vt 0.002251 0.104578
vt 0.033768 0.036019
vt 0.033125 0.034995
vt 0.032931 0.035058
vt 0.033768 0.035670
vt 0.033768 0.033775
vt 0.033768 0.034091
vt 0.032996 0.034185
vt 0.033003 0.033884
vt 0.032375 0.033968
vt 0.032520 0.033995
vt 0.032976 0.034445
vt 0.032172 0.034082
vt 0.032939 0.034688
vt 0.032039 0.034172
vt 0.032827 0.034918
vt 0.031911 0.034292
vt 0.032760 0.035088
vt 0.001577 0.105770
vt 0.001891 0.104683
vt 0.001748 0.105806
vt 0.033768 0.035533
vt 0.033768 0.035266
vt 0.033768 0.035009
vt 0.033768 0.034640
vt 0.033768 0.034359
vt 0.019632 0.021220
vt 0.019513 0.020565
vt 0.019705 0.020527
vt 0.019896 0.021003
vt 0.020159 0.021300
vt 0.019980 0.021618
vt 0.019570 0.022258
vt 0.019502 0.021737
vt 0.019206 0.021533
vt 0.019254 0.021143
vt 0.019242 0.020618
vt 0.002251 0.141703
vt 0.002246 0.141825
vt 0.002078 0.141619
vt 0.002251 0.141313
vt 0.019393 0.022509
vt 0.019373 0.022139
vt 0.019118 0.021906
vt 0.019374 0.022512
vt 0.019014 0.022239
vt 0.004502 0.155198
vt 0.004361 0.155332
vt 0.004361 0.154883
vt 0.004453 0.154935
vt 0.069552 0.152087
vt 0.069674 0.152602
vt 0.069141 0.152585
vt 0.069353 0.152120
vt 0.069787 0.153081
vt 0.068915 0.153081
vt 0.019023 0.021856
vt 0.019036 0.021443
vt 0.019026 0.021086
vt 0.019014 0.020663
vt 0.011053 0.054028
vt 0.010714 0.053784
vt 0.010839 0.053500
vt 0.011146 0.053676
vt 0.010932 0.053200
vt 0.011236 0.053334
vt 0.010968 0.052840
vt 0.011256 0.052954
vt 0.010967 0.052455
vt 0.011244 0.052570
vt 0.010969 0.052071
vt 0.011232 0.052180
vt 0.024745 0.002251
vt 0.024480 0.002132
vt 0.024487 0.001743
vt 0.024754 0.001867
vt 0.024543 0.001367
vt 0.024763 0.001472
vt 0.001447 0.079211
vt 0.001651 0.079172
vt 0.001776 0.079637
vt 0.001484 0.079705
vt 0.001792 0.080224
vt 0.001478 0.080357
vt 0.001925 0.080705
vt 0.001447 0.081043
vt 0.002179 0.080065
vt 0.002251 0.080475
vt 0.002100 0.079620
vt 0.024435 0.000730
vt 0.024763 0.000931
vt 0.024170 0.001143
vt 0.024178 0.001565
vt 0.010685 0.051522
vt 0.010975 0.051685
vt 0.010685 0.051920
vt 0.010685 0.052312
vt 0.010685 0.052702
vt 0.010685 0.053087
vt 0.020242 0.020397
vt 0.020261 0.020485
vt 0.020117 0.020764
vt 0.019979 0.020473
vt 0.011010 0.068635
vt 0.011081 0.069228
vt 0.011101 0.069350
vt 0.011010 0.069787
vt 0.002183 0.122882
vt 0.002223 0.123127
vt 0.002233 0.123306
vt 0.002251 0.123473
vt 0.002237 0.123699
vt 0.002183 0.123815
vt 0.062648 0.003544
vt 0.002124 0.134329
vt 0.065265 0.152331
vt 0.011256 0.068915
s 1
usemtl tripo_mat_1af6d367-e117-4839-b9d1-a93357244973
f 1/1 382/2 383/3 384/4
f 1/5 384/6 385/7 386/8
f 1/9 386/10 387/11 382/12
f 2/13 388/14 389/15 390/16
f 2/17 390/18 391/19 392/20
f 2/21 392/22 393/23 388/24
f 3/25 392/20 391/19 394/26
f 3/27 395/28 396/29 397/30
f 3/27 394/31 398/32 395/28
f 3/33 399/34 393/23 392/22
f 3/27 397/30 400/35 399/36
f 4/37 396/29 395/28 401/38
f 4/39 402/40 403/41 396/42
f 4/43 401/44 404/45 402/46
f 5/47 6/48 405/49 406/50
f 5/51 407/52 408/53 6/54
f 5/47 409/55 410/56 407/57
f 5/47 406/50 411/58 412/59
f 5/47 412/59 413/60 409/55
f 6/48 408/61 414/62 405/49
f 7/63 415/64 56/65 416/66
f 7/63 417/67 418/68 415/64
f 7/69 416/70 419/71 417/72
f 8/73 420/74 416/66 56/65
f 8/75 421/76 422/77 423/78
f 8/73 423/79 424/80 425/81
f 8/73 56/65 426/82 421/83
f 9/84 427/85 428/86 429/87
f 9/88 430/89 431/90 432/91
f 9/84 429/87 433/92 430/93
f 9/88 432/91 434/94 435/95
f 9/88 435/95 436/96 427/97
f 10/98 437/99 438/100 439/101
f 10/98 439/101 440/102 441/103
f 10/98 441/103 442/104 434/105
f 10/98 443/106 444/107 437/99
f 10/108 434/94 432/91 443/109
f 11/110 445/111 446/112 14/113
f 11/114 14/115 447/116 448/117
f 11/114 448/117 12/118 449/119
f 11/114 450/120 13/121 445/122
f 11/114 449/119 451/123 450/120
f 12/118 448/117 452/124 453/125
f 12/118 454/126 455/127 449/119
f 12/118 456/128 457/129 454/126
f 12/130 453/131 458/132 456/133
f 13/121 450/120 59/134 28/135
f 14/115 446/136 459/137 447/116
f 15/138 460/139 461/140 462/141
f 15/142 462/143 463/144 464/145
f 15/146 464/147 465/148 460/149
f 16/150 466/151 467/152 468/153
f 16/154 469/155 470/156 471/157
f 16/158 468/159 472/160 469/161
f 17/162 473/163 474/164 475/165
f 17/162 475/165 476/166 477/167
f 17/162 477/167 478/168 473/163
f 18/169 479/170 480/171 67/172
f 18/173 67/174 481/175 482/176
f 18/177 482/178 19/179 483/180
f 18/177 484/181 485/182 479/183
f 18/177 483/180 486/184 484/181
f 19/179 21/185 487/186 483/180
f 19/179 26/187 488/188 21/185
f 19/179 482/178 489/189 26/187
f 20/190 490/191 491/192 84/193
f 20/190 484/181 486/184 490/191
f 20/190 83/194 485/182 484/181
f 22/195 492/196 493/197 23/198
f 22/195 494/199 495/200 492/196
f 22/201 23/202 24/203 494/204
f 23/198 493/197 52/205 55/206
f 24/207 496/208 497/209 487/186
f 25/210 61/211 62/212 498/213
f 25/210 498/213 493/197 492/196
f 25/210 492/196 495/200 27/214
f 25/210 27/214 499/215 500/216
f 25/210 500/216 28/135 61/211
f 26/187 501/217 459/137 502/218
f 26/219 502/220 29/221 488/222
f 27/214 495/200 488/188 29/223
f 27/214 29/223 502/218 499/215
f 28/224 503/225 62/226 61/227
f 28/135 500/216 445/122 13/121
f 30/228 504/229 505/230 36/231
f 30/232 31/233 32/234 504/235
f 30/232 36/236 506/237 31/233
f 31/238 506/239 34/240 32/241
f 32/242 34/243 35/244 504/245
f 33/246 507/247 508/248 50/249
f 33/246 50/249 51/250 509/251
f 34/252 506/237 510/253 511/254
f 34/252 511/254 512/255 508/248
f 34/252 508/248 507/247 35/256
f 35/256 507/247 37/257 513/258
f 36/236 514/259 510/253 506/237
f 36/236 505/260 515/261 516/262
f 37/257 509/251 517/263 518/264
f 37/257 507/247 33/246 509/251
f 37/257 518/264 519/265 141/266
f 38/267 39/268 520/269 521/270
f 38/267 521/270 515/261 505/260
f 38/267 35/256 513/258 39/268
f 38/267 505/260 504/235 35/256
f 39/268 522/271 523/272 520/269
f 39/268 141/266 524/273 522/271
f 40/274 525/275 526/276 139/277
f 40/274 519/265 518/264 525/275
f 40/278 139/279 527/280 519/281
f 41/282 528/283 137/284 529/285
f 41/286 530/287 44/288 528/289
f 41/290 529/291 531/292 530/293
f 42/294 135/295 43/296 532/297
f 42/298 47/299 425/81 533/300
f 42/298 532/301 45/302 47/299
f 43/303 135/304 137/305 528/306
f 43/307 528/289 44/288 532/308
f 44/309 530/293 534/310 535/311
f 44/309 536/312 45/302 532/301
f 46/313 535/311 537/314 538/315
f 46/313 538/315 48/316 49/317
f 46/313 536/312 44/309 535/311
f 48/316 539/318 540/319 541/320
f 48/316 541/320 542/321 543/322
f 49/317 544/323 545/324 46/313
f 50/249 508/248 512/255 546/325
f 50/249 546/325 542/321 541/320
f 50/249 541/320 540/319 51/250
f 51/326 540/327 517/328 509/329
f 52/330 60/331 547/332 55/333
f 52/334 493/335 498/336 60/337
f 53/338 548/339 549/340 54/341
f 53/342 550/343 547/344 548/345
f 53/346 54/347 551/348 552/349
f 53/342 514/259 553/350 550/343
f 53/342 552/351 510/253 514/259
f 54/352 549/353 554/354 551/355
f 55/206 547/344 550/343 496/208
f 56/356 415/357 555/358 426/359
f 57/360 556/361 557/362 558/363
f 57/360 559/364 560/365 556/361
f 57/360 561/366 451/123 559/364
f 57/367 558/368 562/369 58/370
f 57/371 58/372 563/373 561/374
f 59/134 450/120 451/123 561/366
f 59/134 564/375 503/376 28/135
f 59/134 561/366 563/377 565/378
f 59/379 565/380 566/381 564/382
f 60/383 567/384 548/345 547/344
f 60/383 498/213 62/212 503/376
f 60/383 503/376 564/375 567/384
f 63/385 568/386 569/387 570/388
f 63/389 570/390 571/391 572/392
f 63/389 572/392 573/393 568/394
f 64/395 574/396 575/397 576/398
f 64/395 576/398 577/399 578/400
f 64/395 578/400 579/401 574/396
f 65/402 580/403 472/160 468/159
f 65/404 581/405 582/406 580/407
f 65/408 468/153 467/152 581/409
f 583/410 584/411 585/412 586/413
f 66/414 585/415 584/416 587/417
f 66/418 587/419 588/420 589/421
f 66/418 589/421 590/422 591/423
f 67/424 480/425 592/426 481/427
f 68/428 593/429 594/430 595/431
f 68/428 596/432 597/433 598/434
f 68/428 598/434 599/435 593/429
f 68/428 600/436 601/437 596/432
f 68/428 595/431 602/438 600/436
f 69/439 603/440 604/441 605/442
f 69/439 605/442 606/443 607/444
f 70/445 608/446 609/447 610/448
f 70/445 610/448 611/449 612/450
f 70/445 613/451 614/452 608/446
f 71/453 615/454 616/455 617/456
f 71/457 70/445 612/450 618/458
f 71/457 619/459 613/451 70/445
f 71/457 617/460 620/461 619/459
f 71/453 618/462 621/463 615/454
f 72/464 622/465 623/466 624/467
f 72/464 625/468 626/469 627/470
f 72/464 624/467 628/471 625/468
f 73/472 629/473 630/474 631/475
f 73/476 632/477 633/478 629/479
f 73/472 631/475 634/480 632/481
f 74/482 638/483 639/484 635/485
f 74/486 75/487 640/488 638/489
f 75/490 641/491 642/492 640/493
f 75/494 74/482 643/495 641/496
f 76/497 644/498 645/499 646/500
f 76/497 647/501 648/502 644/498
f 76/497 646/500 649/503 647/501
f 77/504 650/505 651/506 652/507
f 77/504 653/508 654/509 650/505
f 77/504 652/507 655/510 653/508
f 78/511 656/512 657/513 658/514
f 78/511 652/507 651/506 656/512
f 78/511 658/514 655/510 652/507
f 79/515 659/516 660/517 661/518
f 79/519 662/520 663/521 664/522
f 80/523 81/524 665/525 666/526
f 82/527 381/528 667/529 668/530
f 82/527 669/531 670/532 381/528
f 83/194 671/533 672/534 485/182
f 83/194 20/190 669/531 671/533
f 84/193 670/532 669/531 20/190
f 84/193 491/192 673/535 85/536
f 84/193 85/536 674/537 670/532
f 85/536 673/535 675/538 676/539
f 85/536 676/539 677/540 674/537
f 86/541 678/542 679/543 680/544
f 87/545 681/546 189/547 188/548
f 87/545 86/549 682/550 681/546
f 88/551 683/552 684/553 685/554
f 89/555 686/556 687/557 688/558
f 89/555 88/559 689/560 690/561
f 90/562 91/563 691/564 692/565
f 92/566 693/567 694/568 695/569
f 92/570 695/571 696/572 93/573
f 92/570 93/573 697/574 698/575
f 92/566 698/576 699/577 693/567
f 93/573 696/572 700/578 701/579
f 93/580 701/581 702/582 703/583
f 93/584 703/585 704/586 697/587
f 94/588 705/589 706/590 100/591
f 94/592 707/593 699/577 698/576
f 94/594 698/595 697/587 705/596
f 94/592 708/597 709/598 707/593
f 94/592 100/599 710/600 708/597
f 95/601 711/602 712/603 713/604
f 95/601 714/605 715/606 716/607
f 95/601 716/607 717/608 718/609
f 95/610 718/611 719/612 711/613
f 96/614 720/615 721/616 722/617
f 96/614 723/618 724/619 720/615
f 96/614 722/617 716/607 715/606
f 96/620 725/621 726/622 723/623
f 97/624 727/625 728/626 729/627
f 97/624 729/627 730/628 731/629
f 97/624 732/630 733/631 727/625
f 97/624 731/629 734/632 735/633
f 97/624 735/633 736/634 732/630
f 98/635 737/636 738/637 739/638
f 98/639 739/640 198/641 740/642
f 98/639 740/642 741/643 737/644
f 99/645 742/646 743/647 744/648
f 99/649 745/650 746/651 742/652
f 99/653 747/654 748/655 745/656
f 99/645 749/657 750/658 747/659
f 99/645 744/648 751/660 749/657
f 100/661 706/662 747/654 750/663
f 100/599 750/664 752/665 734/632
f 101/666 753/667 754/668 755/669
f 101/666 756/670 757/671 753/667
f 101/666 755/669 758/672 756/670
f 102/673 759/674 760/675 761/676
f 102/677 762/678 763/679 759/680
f 102/677 764/681 765/682 762/678
f 102/673 761/676 766/683 764/684
f 103/685 767/686 768/687 769/688
f 103/689 769/690 770/691 771/692
f 103/693 771/694 772/695 767/696
f 104/697 771/692 770/691 773/698
f 104/699 774/700 772/695 771/694
f 104/701 773/702 775/703 774/704
f 105/705 767/696 772/695 776/706
f 105/707 777/708 768/687 767/686
f 105/709 776/710 778/711 777/712
f 106/713 774/704 775/703 779/714
f 106/715 776/706 772/695 774/700
f 106/716 779/717 778/711 776/710
f 107/718 780/719 781/720 782/721
f 107/718 782/721 783/722 108/723
f 109/724 784/725 785/726 91/563
f 109/724 786/727 787/728 784/725
f 109/724 108/723 783/722 786/727
f 110/729 788/730 789/731 790/732
f 110/733 791/734 792/735 788/736
f 110/733 793/737 111/738 791/734
f 110/729 790/732 794/739 793/740
f 111/738 793/737 795/741 116/742
f 111/743 116/744 115/745 114/746
f 111/747 794/748 790/749 791/750
f 112/751 795/752 793/740 794/739
f 113/753 796/754 797/755 112/756
f 5667/757 112/758 797/759 798/760
f 116/744 795/761 117/762 115/745
f 118/763 799/764 800/765 119/766
f 119/767 801/768 123/769 118/770
f 119/771 800/772 124/773 802/774
f 119/771 802/774 122/775 803/776
f 120/777 804/778 805/779 806/780
f 120/781 806/782 803/783 121/784
f 121/785 803/786 807/787 808/788
f 123/789 809/790 810/791 118/792
f 124/793 811/794 812/795 813/796
f 125/797 814/798 815/799 816/800
f 125/801 817/802 818/803 819/804
f 125/801 820/805 821/806 817/802
f 125/797 819/807 822/808 814/798
f 126/809 824/810 825/811 826/812
f 126/813 826/814 827/815 828/816
f 126/817 828/818 829/819 824/820
f 127/821 830/822 831/823 832/824
f 127/825 832/826 833/827 834/828
f 127/829 834/830 835/831 830/832
f 128/833 132/834 836/835 129/836
f 128/833 129/836 837/837 838/838
f 128/839 131/840 133/841 132/842
f 130/843 839/844 840/845 841/846
f 843/847 844/848 839/844 130/843
f 130/843 841/846 842/849 843/847
f 131/840 128/839 845/850 846/851
f 131/852 846/853 847/854 133/855
f 132/834 848/856 849/857 836/835
f 850/858 851/859 852/860 853/861
f 133/855 847/854 853/861 852/860
f 134/862 854/863 855/864 856/865
f 134/866 857/867 858/868 859/869
f 134/866 859/869 860/870 861/871
f 134/866 861/871 862/872 854/873
f 134/874 856/875 863/876 857/877
f 135/878 42/298 864/879 865/880
f 135/878 865/880 866/881 867/882
f 135/883 867/884 529/285 137/284
f 136/885 868/886 869/887 870/888
f 136/885 870/888 871/889 872/890
f 136/891 872/892 864/879 868/893
f 138/894 140/895 873/896 531/897
f 138/898 874/899 139/277 140/900
f 138/898 875/901 876/902 874/899
f 138/898 867/882 866/881 875/901
f 138/898 531/292 529/291 867/882
f 139/277 874/899 877/903 527/904
f 140/900 139/277 526/276 873/905
f 142/906 878/907 146/908 879/909
f 142/906 880/910 143/911 881/912
f 142/906 879/909 882/913 880/910
f 143/911 883/914 884/915 881/912
f 144/916 883/917 885/918 886/919
f 144/920 887/921 884/915 883/914
f 144/922 886/923 888/924 887/925
f 145/926 146/927 878/928 889/929
f 145/930 889/931 890/932 891/933
f 145/934 892/935 879/936 146/937
f 147/938 892/939 145/930 893/940
f 147/938 894/941 895/942 896/943
f 147/938 897/944 898/945 894/941
f 147/938 896/943 899/946 892/939
f 147/947 893/948 900/949 897/950
f 148/951 901/952 902/953 903/954
f 148/955 904/956 905/957 901/958
f 148/955 903/959 150/960 904/956
f 149/961 906/962 895/942 894/941
f 149/963 894/964 898/965 907/966
f 149/963 907/966 908/967 906/968
f 150/969 903/970 909/971 151/972
f 150/960 895/973 906/974 904/956
f 150/975 151/976 153/977 910/978
f 150/979 910/980 896/943 895/942
f 151/981 909/982 911/983 153/984
f 152/985 882/913 899/946 912/986
f 152/987 913/988 886/989 885/990
f 152/991 885/992 880/993 882/994
f 152/987 914/995 915/996 913/988
f 152/985 912/986 916/997 914/998
f 153/999 917/1000 918/1001 916/997
f 153/999 911/1002 919/1003 917/1000
f 153/999 916/997 912/986 910/980
f 920/1004 921/1005 922/1006 923/1007
f 154/1008 924/1009 925/1010 926/1011
f 154/1008 927/1012 664/1013 928/1014
f 154/1008 928/1014 929/1015 924/1009
f 154/1008 926/1011 930/1016 931/1017
f 154/1008 931/1017 932/1018 927/1012
f 155/1019 933/1020 934/1021 935/1022
f 155/1019 935/1022 936/1023 937/1024
f 155/1019 937/1024 938/1025 933/1020
f 156/1026 939/1027 940/1028 941/1029
f 156/1030 941/1031 942/1032 170/1033
f 157/1034 943/1035 944/1036 158/1037
f 157/1038 158/1039 945/1040 174/1041
f 157/1042 174/1043 173/1044 946/1045
f 157/1046 946/1047 175/1048 176/1049
f 158/1050 159/1051 947/1052 948/1053
f 158/1054 944/1055 949/1056 159/1057
f 159/1058 950/1059 180/1060 947/1061
f 159/1062 171/1063 951/1064 950/1065
f 160/1066 952/1067 177/1068 176/1069
f 160/1070 179/1071 953/1072 954/1073
f 161/1074 178/1075 955/1076 956/1077
f 161/1078 956/1079 957/1080 958/1081
f 161/1082 958/1083 953/1072 179/1071
f 161/1084 959/1085 190/1086 178/1087
f 162/1088 960/1089 961/1090 962/1091
f 162/1092 962/1093 963/1094 165/1095
f 162/1092 964/1096 965/1097 966/1098
f 162/1092 966/1098 967/1099 960/1100
f 162/1092 165/1095 968/1101 964/1096
f 163/1102 969/1103 970/1104 164/1105
f 163/1102 164/1105 971/1106 972/1107
f 163/1108 972/1109 973/1110 969/1111
f 164/1112 970/1113 974/1114 167/1115
f 164/1112 167/1115 168/1116 975/1117
f 165/1095 976/1118 977/1119 978/1120
f 165/1095 978/1120 979/1121 968/1101
f 166/1122 980/1123 981/1124 982/1125
f 166/1122 983/1126 984/1127 980/1123
f 166/1128 985/1129 986/1130 983/1131
f 166/1128 982/1132 987/1133 975/1134
f 166/1128 975/1134 168/1135 985/1129
f 167/1136 989/1137 985/1129 168/1135
f 169/1138 990/1139 991/1140 992/1141
f 169/1138 992/1141 993/1142 994/1143
f 169/1138 994/1143 942/1032 941/1031
f 169/1144 941/1029 940/1028 995/1145
f 169/1144 995/1145 996/1146 990/1147
f 170/1148 185/1149 997/1150 156/1151
f 170/1033 942/1032 998/1152 999/1153
f 172/1154 1000/1155 1001/1156 186/1157
f 172/1158 187/1159 1002/1160 1003/1161
f 173/1162 188/548 189/547 946/1163
f 174/1164 945/1165 182/1166 1004/1167
f 174/1168 1004/1169 1005/1170 176/1171
f 180/1172 950/1173 181/1174 183/1175
f 180/1060 183/1176 1000/1177 947/1061
f 184/1178 1006/1179 1007/1180 1008/1181
f 184/1182 997/1183 185/1184 1009/1185
f 184/1178 1009/1186 1010/1187 1006/1179
f 187/1159 1011/1188 1012/1189 1002/1160
f 187/1190 1007/1180 691/564 1011/1191
f 189/1192 681/1193 5720/1194 1013/1195
f 191/1196 1014/1197 1015/1198 1016/1199
f 1017/1200 1018/1201 1014/1202 191/1203
f 191/1204 1016/1205 192/1206 1017/1207
f 192/1208 1016/1199 1019/1209 1020/1210
f 193/1211 1020/1210 1021/1212 1022/1213
f 194/1214 1023/1215 1024/1216 1025/1217
f 194/1214 1025/1217 1026/1218 1027/1219
f 194/1214 1027/1219 1028/1220 1023/1215
f 195/1221 1029/1222 1030/1223 1031/1224
f 195/1225 1031/1226 1032/1227 1033/1228
f 195/1221 1033/1229 1034/1230 1035/1231
f 196/1232 1028/1233 1036/1234 197/1235
f 196/1236 1037/1237 1023/1215 1028/1220
f 196/1236 197/1238 1039/1239 1040/1240
f 197/1238 1036/1241 1041/1242 1039/1239
f 198/641 1042/1243 1043/1244 740/642
f 198/641 739/640 1044/1245 1045/1246
f 198/1247 1046/1248 1047/1249 1042/1250
f 198/641 1045/1246 1048/1251 1046/1252
f 199/1253 1046/1254 1048/1255 1049/1256
f 199/1257 1049/1258 1050/1259 1051/1260
f 199/1261 1051/1262 1047/1249 1046/1248
f 1052/1263 1053/1264 1054/1265 203/1266
f 201/1267 1055/1268 1056/1269 200/1270
f 200/1271 1057/1272 1058/1273 201/1274
f 200/1270 1056/1269 1059/1275 1057/1276
f 201/1274 1040/1240 1039/1239 1060/1277
f 202/1278 1057/1279 1059/1280 208/1281
f 202/1282 208/1283 1061/1284 1062/1285
f 202/1286 1063/1287 1058/1273 1057/1272
f 203/1266 1064/1288 1047/1289 1051/1260
f 203/1266 1063/1287 202/1286 1052/1263
f 203/1266 1051/1260 1050/1259 1063/1287
f 204/1290 1065/1291 1066/1292 1064/1288
f 204/1293 1064/1294 203/1295 1054/1296
f 204/1290 1067/1297 1068/1298 1065/1291
f 204/1299 1054/1300 1069/1301 1070/1302
f 205/1303 1071/1304 1072/1305 1073/1306
f 205/1307 1074/1308 1075/1309 1076/1310
f 205/1303 1073/1306 1077/1311 1074/1312
f 205/1303 1076/1313 1078/1314 1071/1304
f 206/1315 1079/1316 1080/1317 1081/1318
f 206/1319 1081/1320 1055/1321 1082/1322
f 206/1319 1082/1322 1083/1323 210/1324
f 206/1319 210/1324 1084/1325 1085/1326
f 206/1319 1085/1326 1086/1327 1079/1328
f 207/1329 1069/1330 1054/1265 1053/1264
f 207/1329 1053/1264 1062/1331 1087/1332
f 207/1333 1087/1334 1088/1335 1069/1336
f 208/1337 1059/1338 1089/1339 1061/1340
f 209/1341 1081/1320 1080/1342 1089/1339
f 209/1341 1089/1339 1059/1338 1056/1343
f 209/1341 1056/1343 1055/1321 1081/1320
f 210/1344 1083/1345 1090/1346 1084/1347
f 211/1348 1090/1349 1083/1323 1091/1350
f 211/1351 1091/1352 1041/1353 1092/1354
f 211/1348 1092/1355 1093/1356 1094/1357
f 211/1348 1094/1357 1095/1358 1096/1359
f 211/1348 1096/1359 1097/1360 1090/1349
f 212/1361 1098/1362 1099/1363 1100/1364
f 225/1365 1101/1366 1102/1367 1103/1368
f 212/1361 225/1365 1103/1368 1098/1362
f 213/1369 1104/1370 1105/1371 1106/1372
f 214/1373 215/1374 1107/1375 1108/1376
f 214/1377 1108/1378 222/1379 223/1380
f 215/1381 214/1382 223/1383 1109/1384
f 215/1385 1109/1386 1110/1387 1107/1388
f 216/1389 1111/1390 1112/1391 1113/1392
f 216/1389 1114/1393 1115/1394 1111/1390
f 217/1395 220/1396 1116/1397 219/1398
f 217/1399 219/1400 1117/1401 1118/1402
f 217/1399 1118/1402 1119/1403 220/1404
f 218/1405 1120/1406 1121/1407 1122/1408
f 218/1405 1122/1408 1123/1409 1124/1410
f 219/1400 1124/1410 1123/1409 1125/1411
f 219/1400 1125/1411 1126/1412 1117/1401
f 219/1398 1116/1397 1127/1413 1124/1414
f 220/1415 1119/1416 1102/1417 1128/1418
f 221/1419 1129/1420 1130/1421 1131/1422
f 221/1423 286/1424 1132/1425 1133/1426
f 221/1427 1131/1428 285/1429 286/1430
f 222/1431 1108/1432 1134/1433 1135/1434
f 222/1435 1135/1436 1136/1437 1137/1438
f 222/1435 1138/1439 1139/1440 223/1441
f 222/1435 1137/1438 1140/1442 1138/1439
f 223/1441 1111/1390 1115/1394 1109/1443
f 223/1441 1139/1440 1112/1391 1111/1390
f 224/1444 1141/1445 1107/1375 1110/1446
f 224/1444 1110/1446 1098/1362 1103/1368
f 225/1365 212/1361 1142/1447 1101/1366
f 226/1448 1143/1449 1144/1450 1145/1451
f 226/1452 1145/1453 1146/1454 1147/1455
f 226/1456 1147/1457 1148/1458 1143/1459
f 227/1460 195/1221 1035/1231 228/1461
f 227/1462 1149/1463 1150/1464 1151/1465
f 227/1462 1152/1466 1153/1467 1149/1463
f 227/1460 228/1461 1154/1468 1152/1469
f 228/1461 1155/1470 1156/1471 1154/1468
f 227/1460 1157/1472 1029/1222 195/1221
f 227/1473 1151/1474 1158/1475 1159/1476
f 227/1477 1159/1478 1160/1479 1157/1480
f 229/1481 1161/1482 1162/1483 1163/1484
f 229/1481 231/1485 1164/1486 1161/1482
f 229/1481 1163/1484 1165/1487 231/1485
f 230/1488 1164/1489 231/1490 1166/1491
f 230/1488 216/1492 1113/1493 1164/1489
f 230/1494 1166/1495 1114/1393 216/1389
f 231/1496 233/1497 232/1498 1166/1499
f 232/1500 233/1501 264/1502 1167/1503
f 232/1504 1099/1363 1168/1505 1169/1506
f 232/1504 1167/1507 1100/1364 1099/1363
f 233/1508 231/1485 1165/1487 1170/1509
f 233/1508 1170/1509 1171/1510 1172/1511
f 233/1512 1172/1513 1173/1514 264/1515
f 234/1516 1174/1517 1175/1518 1176/1519
f 234/1516 235/1520 1177/1521 251/1522
f 234/1516 1176/1519 1178/1523 235/1520
f 234/1524 251/1525 1179/1526 1174/1527
f 235/1520 1178/1523 1180/1528 1177/1521
f 236/1529 1181/1530 238/1531 239/1532
f 236/1533 1182/1534 1183/1535 1181/1536
f 236/1533 239/1537 1184/1538 1182/1534
f 237/1539 1185/1540 1186/1541 1187/1542
f 237/1543 1187/1544 1184/1545 239/1546
f 237/1543 239/1546 1188/1547 1185/1548
f 238/1531 1181/1530 1189/1549 1190/1550
f 238/1551 1190/1552 1191/1553 1192/1554
f 238/1551 1192/1554 1193/1555 1194/1556
f 238/1557 1194/1558 1188/1547 239/1546
f 240/1559 1195/1560 1196/1561 1197/1562
f 240/1563 1198/1564 1199/1565 1195/1566
f 241/1567 1200/1568 1201/1569 1202/1570
f 241/1567 1202/1570 1203/1571 1204/1572
f 241/1567 242/1573 1205/1574 1200/1568
f 242/1573 1206/1575 1207/1576 1205/1574
f 242/1573 1208/1577 1209/1578 1206/1575
f 242/1573 1210/1579 1211/1580 1208/1577
f 242/1573 241/1567 1212/1581 1210/1579
f 243/1582 1213/1583 1214/1584 1215/1585
f 243/1582 1216/1586 1217/1587 1213/1583
f 243/1582 1215/1585 1218/1588 1216/1586
f 244/1589 1219/1590 1220/1591 1221/1592
f 244/1589 1222/1593 1223/1594 1219/1590
f 244/1589 1224/1595 1225/1596 1222/1593
f 244/1589 1221/1592 1226/1597 1227/1598
f 245/1599 1228/1600 1229/1601 1230/1602
f 245/1603 1230/1604 1231/1605 1232/1606
f 245/1607 1233/1608 1234/1609 1235/1610
f 245/1607 1235/1610 1236/1611 1228/1612
f 246/1613 1237/1614 1238/1615 1239/1616
f 246/1613 1240/1617 1241/1618 1237/1614
f 246/1613 1239/1616 1242/1619 1240/1617
f 247/1620 1243/1621 1179/1622 251/1623
f 247/1624 251/1625 1244/1626 248/1627
f 247/1620 248/1628 1245/1629 1243/1621
f 248/1628 1244/1630 1246/1631 1245/1629
f 249/1632 1244/1633 251/1634 250/1635
f 250/1636 251/1522 1177/1521 1247/1637
f 252/1638 262/1639 1245/1629 1246/1631
f 252/1638 1248/1640 1249/1641 1250/1642
f 252/1643 1250/1644 255/1645 262/1646
f 253/1647 254/1648 1251/1649 1252/1650
f 253/1651 1253/1652 267/1653 254/1654
f 253/1647 1252/1650 268/1655 1253/1656
f 254/1648 1254/1657 1250/1642 1249/1641
f 254/1648 267/1658 258/1659 1254/1657
f 255/1660 1250/1642 1254/1657 1255/1661
f 255/1645 1255/1662 1256/1663 262/1646
f 256/1664 1184/1538 1187/1542 1256/1665
f 256/1664 1256/1665 1255/1661 1257/1666
f 256/1664 1258/1667 1182/1534 1184/1538
f 256/1664 1257/1666 1259/1668 1258/1667
f 257/1669 1197/1670 1260/1671 261/1672
f 257/1669 261/1672 259/1673 1261/1674
f 257/1669 1261/1674 240/1563 1197/1670
f 258/1659 1257/1666 1255/1661 1254/1657
f 258/1675 267/1676 1259/1677 1257/1678
f 259/1673 1262/1679 1263/1680 1261/1674
f 259/1673 1264/1681 260/1682 1262/1679
f 260/1682 1264/1681 1259/1668 267/1658
f 261/1672 1260/1671 1183/1535 1265/1683
f 262/1684 1256/1685 1187/1686 1186/1687
f 263/1688 1266/1689 1267/1690 1268/1691
f 1269/1692 1270/1693 1271/1694 1272/1695
f 220/1696 1128/1697 1273/1698 1116/1699
f 265/1700 1274/1701 1275/1702 1276/1703
f 265/1700 1276/1703 1277/1704 1278/1705
f 265/1700 1278/1705 1279/1706 1280/1707
f 240/1563 1261/1674 1263/1680 1198/1564
f 266/1708 1253/1709 268/1710 1281/1711
f 268/1655 1252/1650 1282/1712 1283/1713
f 268/1655 1283/1713 1284/1714 1266/1689
f 1285/1715 1286/1716 1287/1717 1288/1718
f 269/1719 1289/1720 1288/1718 1287/1717
f 1248/1640 1290/1721 1289/1720 269/1719
f 269/1719 1287/1717 1249/1641 1248/1640
f 270/1722 1130/1421 1291/1723 1292/1724
f 270/1722 1292/1724 1293/1725 278/1726
f 270/1727 1294/1728 1295/1729 1296/1730
f 270/1722 1296/1731 1131/1422 1130/1421
f 271/1732 1297/1733 1298/1734 1299/1735
f 271/1736 293/1737 1300/1738 1297/1739
f 271/1732 300/1740 294/1741 293/1742
f 272/1743 1298/1734 1301/1744 276/1745
f 272/1743 1302/1746 1299/1735 1298/1734
f 272/1747 276/1748 1303/1749 1302/1750
f 273/1751 294/1741 295/1752 296/1753
f 273/1751 296/1753 1304/1754 274/1755
f 273/1751 274/1755 1305/1756 1306/1757
f 274/1755 1304/1754 1307/1758 1308/1759
f 274/1760 1308/1761 1309/1762 320/1763
f 274/1760 320/1763 321/1764 1305/1765
f 275/1766 1305/1767 321/1768 1310/1769
f 275/1770 1311/1771 1306/1757 1305/1756
f 275/1770 337/1772 1312/1773 1311/1771
f 276/1745 1313/1774 1314/1775 1315/1776
f 276/1745 1315/1776 1316/1777 1303/1778
f 277/1779 1317/1780 1318/1781 279/1782
f 277/1779 279/1782 1319/1783 1320/1784
f 277/1785 290/1786 1321/1787 1317/1788
f 277/1785 1322/1789 1323/1790 290/1786
f 278/1791 327/1792 1324/1793 1325/1794
f 278/1726 1293/1725 1326/1795 1327/1796
f 278/1797 1327/1798 1328/1799 327/1800
f 279/1801 1329/1802 284/1803 281/1804
f 279/1805 281/1806 1330/1807 1319/1808
f 280/1809 1329/1810 1331/1811 1332/1812
f 280/1813 1332/1814 1333/1815 287/1816
f 280/1813 287/1816 1296/1731 1295/1817
f 280/1818 1334/1819 284/1820 1329/1821
f 281/1822 284/1823 1334/1824 1330/1825
f 282/1826 1335/1827 283/1828 1336/1829
f 282/1830 1336/1831 1295/1729 1294/1728
f 283/1832 1335/1833 1319/1808 1330/1807
f 283/1828 1330/1825 1334/1824 1336/1829
f 285/1834 1131/1835 1296/1836 287/1837
f 285/1838 287/1816 1132/1839 286/1840
f 287/1816 1333/1815 1337/1841 1132/1839
f 288/1842 1338/1843 1339/1844 1340/1845
f 288/1846 1340/1847 354/1848 1341/1849
f 289/1850 1340/1845 1339/1844 1342/1851
f 289/1852 1343/1853 354/1848 1340/1847
f 1344/1854 1345/1855 1346/1856 1347/1857
f 290/1858 1323/1859 1348/1860 1321/1861
f 291/1862 279/1782 1318/1781 1349/1863
f 291/1864 1331/1811 1329/1810 279/1865
f 291/1864 1349/1866 1350/1867 1331/1811
f 292/1868 300/1869 1351/1870 1352/1871
f 292/1868 1352/1871 303/1872 1353/1873
f 292/1874 295/1752 294/1741 300/1740
f 292/1874 1353/1875 1354/1876 295/1752
f 293/1742 294/1741 298/1877 1300/1878
f 295/1879 1354/1880 299/1881 1355/1882
f 296/1753 1356/1883 1357/1884 1304/1754
f 296/1753 295/1752 1355/1885 1356/1883
f 297/1886 1358/1887 1280/1707 1279/1706
f 297/1888 1279/1889 1359/1890 1360/1891
f 298/1877 294/1741 273/1751 1306/1757
f 299/1892 307/1893 1361/1894 1355/1885
f 299/1895 1354/1896 1362/1897 307/1898
f 300/1740 271/1732 1363/1899 1351/1900
f 301/1901 1364/1902 1365/1903 302/1904
f 301/1901 1366/1905 1367/1906 1368/1907
f 301/1901 302/1904 1362/1908 1366/1905
f 302/1909 1365/1910 1369/1911 1370/1912
f 302/1913 1361/1914 307/1898 1362/1897
f 302/1913 1370/1915 1371/1916 1361/1914
f 303/1872 1367/1917 1366/1918 1353/1873
f 303/1919 1352/1920 1372/1921 1367/1906
f 304/1922 1371/1923 1370/1924 1373/1925
f 304/1922 1357/1884 1356/1883 1371/1923
f 304/1922 1373/1925 306/1926 1374/1927
f 304/1928 1375/1929 1376/1930 1357/1931
f 304/1928 1374/1932 1377/1933 1375/1929
f 305/1934 1378/1935 1379/1936 1380/1937
f 305/1934 1381/1938 1382/1939 1378/1935
f 305/1934 1383/1940 310/1941 1381/1938
f 306/1926 1384/1942 1385/1943 1386/1944
f 306/1945 1386/1946 1387/1947 1374/1948
f 306/1949 1388/1950 1389/1951 1384/1952
f 308/1953 1390/1954 1391/1955 1392/1956
f 308/1953 1392/1956 1393/1957 1369/1958
f 308/1959 1369/1911 1365/1910 1390/1960
f 309/1961 310/1962 1394/1963 1395/1964
f 309/1965 1396/1966 1397/1967 310/1941
f 309/1965 1395/1968 1398/1969 1396/1966
f 310/1941 1383/1940 1399/1970 1400/1971
f 311/1972 1401/1973 1395/1964 1394/1963
f 311/1974 1394/1975 1402/1976 1403/1977
f 311/1972 1403/1978 1404/1979 1401/1973
f 312/1980 1402/1981 1400/1982 1405/1983
f 312/1984 1405/1985 1406/1986 1407/1987
f 312/1984 1408/1988 1403/1977 1402/1976
f 312/1984 1407/1987 1409/1989 1410/1990
f 312/1984 1410/1990 336/1991 1408/1988
f 313/1992 1411/1993 1406/1994 1405/1995
f 313/1996 1399/1997 1412/1998 1411/1999
f 314/2000 1413/2001 1414/2002 1415/2003
f 314/2004 1416/2005 1417/2006 1413/2007
f 314/2004 1415/2008 1418/2009 1419/2010
f 314/2004 1419/2010 1420/2011 1421/2012
f 314/2004 1421/2012 1422/2013 1416/2005
f 315/2014 1423/2015 1424/2016 1425/2017
f 315/2018 1426/2019 1427/2020 1423/2021
f 315/2022 1425/2023 1428/2024 1426/2025
f 316/2026 1429/2027 336/2028 1430/2029
f 316/2030 1431/2031 1432/2032 1429/2033
f 316/2030 1430/2034 1433/2035 1431/2031
f 317/2036 1434/2037 326/2038 1435/2039
f 317/2040 1404/2041 1436/2042 1434/2043
f 317/2036 1435/2039 1401/2044 1404/2045
f 318/2046 1375/2047 1377/2048 1437/2049
f 318/2050 1438/2051 1376/2052 1375/2053
f 318/2054 1437/2055 1439/2056 1438/2057
f 319/2058 1438/2057 1439/2056 325/2059
f 319/2060 1307/1758 1376/2052 1438/2051
f 319/2060 325/2061 1308/1759 1307/1758
f 320/2062 1309/2063 1310/2064 321/2065
f 322/2066 1440/2067 1432/2068 1431/2069
f 322/2070 325/2061 1439/2071 1440/2072
f 322/2070 1431/2031 1433/2035 323/2073
f 323/2073 1441/2074 1442/2075 1443/2076
f 323/2073 1433/2035 1444/2077 1441/2074
f 1443/2078 1442/2079 1445/2080 325/2081
f 324/2082 1310/2064 1309/2063 1445/2083
f 324/2084 1445/2080 1442/2079 1446/2085
f 324/2086 1446/2087 275/1766 1310/1769
f 325/2061 1445/2083 1309/2063 1308/1759
f 325/2061 322/2070 323/2073 1443/2076
f 326/2038 1434/2037 1432/2088 1440/2089
f 326/2090 1440/2072 1439/2071 1437/2091
f 326/2090 1447/2092 1398/1969 1435/2093
f 326/2090 1437/2091 1377/2094 1447/2092
f 327/2095 1328/2096 1448/2097 1324/2098
f 328/2099 1323/1859 1322/2100 1449/2101
f 328/2102 1449/2103 1450/2104 1451/2105
f 328/2099 1452/2106 1348/1860 1323/1859
f 328/2107 348/2108 1453/2109 1452/2110
f 329/2111 1454/2112 1455/2113 1456/2114
f 329/2115 349/2116 1457/2117 1454/2118
f 329/2119 1456/2120 1458/2121 349/2122
f 330/2123 1459/2124 1460/2125 352/2126
f 330/2127 1461/2128 1462/2129 1459/2130
f 330/2131 352/2132 353/2133 1461/2134
f 1463/2135 1461/2136 353/2137 1464/2138
f 331/2139 1465/2140 1328/2141 1327/1796
f 331/2139 1466/2142 1467/2143 1465/2140
f 331/2139 1327/1796 1326/1795 1468/2144
f 332/2145 1469/2146 1455/2113 1454/2112
f 332/2147 333/2148 347/2149 1469/2150
f 333/2151 1467/2143 1466/2142 347/2152
f 333/2153 1457/2154 1470/2155 1467/2156
f 333/2157 332/2158 1454/2118 1457/2117
f 334/2159 1471/2160 1472/2161 1473/2162
f 334/2159 1474/2163 1475/2164 1476/2165
f 334/2159 1476/2165 338/2166 1471/2160
f 334/2159 1477/2167 1478/2168 1474/2163
f 334/2159 1473/2162 1479/2169 1477/2167
f 335/2170 1480/2171 1481/2172 1482/2173
f 335/2170 1482/2173 1483/2174 1484/2175
f 335/2170 1484/2175 1485/2176 1480/2171
f 336/2028 1486/2177 1487/2178 1430/2029
f 336/2028 1429/2027 1436/2179 1408/2180
f 336/1991 1410/1990 1488/2181 1486/2182
f 337/1772 1483/2174 1482/2173 1489/2183
f 338/2166 1490/2184 1491/2185 1492/2186
f 338/2166 1476/2165 1493/2187 1494/2188
f 338/2166 1492/2186 1495/2189 1471/2160
f 338/2166 1494/2188 1496/2190 1490/2184
f 339/2191 1497/2192 1498/2193 379/2194
f 339/2191 379/2194 1499/2195 1500/2196
f 339/2191 1500/2196 1501/2197 1502/2198
f 340/2199 341/2200 1503/2201 1504/2202
f 341/2203 1505/2204 1506/2205 1507/2206
f 342/2207 1508/2208 1469/2150 347/2149
f 342/2209 1509/2210 1510/2211 1511/2212
f 342/2209 347/2152 1512/2213 1509/2210
f 342/2209 1511/2212 1505/2214 1508/2215
f 343/2216 1506/2217 1513/2218 1514/2219
f 343/2216 1514/2219 1515/2220 1516/2221
f 343/2216 1516/2221 1517/2222 1518/2223
f 343/2216 1518/2223 1507/2224 1506/2217
f 344/2225 345/2226 356/2227 1503/2201
f 344/2225 1503/2201 341/2200 1507/2224
f 344/2225 1507/2224 1518/2223 345/2226
f 345/2228 1518/2229 1517/2230 356/2231
f 346/2232 1519/2233 1520/2234 1521/2235
f 346/2232 1521/2235 1466/2142 331/2139
f 346/2232 331/2139 1468/2144 1519/2233
f 347/2236 1466/2237 1521/2238 1512/2239
f 348/2108 1522/2240 1523/2241 1453/2109
f 349/2122 1458/2121 1523/2242 1522/2243
f 350/2244 1524/2245 1525/2246 1526/2247
f 350/2248 1527/2249 1528/2250 1524/2251
f 350/2252 1451/2253 1529/2254 1470/2255
f 351/2256 1530/2257 1531/2258 1532/2259
f 351/2260 1532/2261 1533/2262 353/2263
f 351/2264 353/2265 352/2266 1530/2267
f 352/2266 1534/2268 1535/2269 1530/2267
f 352/2266 1460/2270 1536/2271 1534/2268
f 353/2265 1533/2272 1339/1844 1338/1843
f 353/2265 1338/1843 1537/2273 1464/2274
f 354/2275 1538/2276 1539/2277 1341/2278
f 354/2275 1345/2279 1540/2280 1538/2276
f 355/2281 1541/2282 1542/2283 1543/2284
f 355/2281 1544/2285 1347/2286 1346/2287
f 356/2227 1545/2288 1532/2289 1531/2290
f 356/2227 1517/2222 1546/2291 1545/2288
f 356/2292 1531/2293 1504/2294 1503/2295
f 357/2296 1547/2297 1548/2298 1549/2299
f 357/2296 1549/2299 1550/2300 1551/2301
f 357/2296 1551/2301 1552/2302 1553/2303
f 357/2296 1553/2303 1096/1359 1095/1358
f 357/2304 1095/2305 1554/2306 1547/2307
f 358/2308 1555/2309 1556/2310 1557/2311
f 358/2308 1557/2311 1558/2312 1552/2302
f 358/2313 1552/2314 1551/2315 1555/2316
f 359/2317 1559/2318 375/2319 1560/2320
f 359/2321 1560/2322 1561/2323 360/2324
f 359/2325 360/2326 1067/2327 1559/2328
f 360/2329 1561/2330 1562/2331 1563/2332
f 360/2329 1564/2333 1565/2334 1566/2335
f 360/2329 1566/2335 1068/1298 1067/1297
f 1567/2336 1561/2323 1560/2322 372/2337
f 361/2338 1568/2339 1569/2340 1570/2341
f 361/2338 1571/2342 1572/2343 1568/2339
f 362/2344 1573/2345 1574/2346 1575/2347
f 362/2344 1575/2347 1576/2348 1577/2349
f 363/2350 1578/2351 1579/2352 1580/2353
f 363/2350 1580/2353 1581/2354 376/2355
f 369/2356 1582/2357 1583/2358 365/2359
f 364/2360 377/2361 370/2362 1583/2363
f 364/2364 1584/2365 1585/2366 377/2367
f 364/2368 1583/2358 1582/2357 1584/2369
f 365/2370 1583/2363 370/2362 1586/2371
f 366/2372 1587/2373 1588/2374 1589/2375
f 368/2376 1562/2331 1590/2377 1572/2343
f 369/2356 1591/2378 1592/2379 1593/2380
f 369/2356 365/2359 1586/2381 1591/2378
f 370/2382 377/2383 1594/2384 1595/2385
f 371/2386 1596/2387 1597/2388 1598/2389
f 371/2386 373/2390 1599/2391 1596/2387
f 372/2392 1600/2393 1590/2377 1567/2394
f 372/2395 1560/2396 375/2397 374/2398
f 360/2329 1563/2332 1598/2389 1564/2333
f 372/2399 1602/2400 1078/2401 1603/2402
f 372/2392 1603/2403 1604/2404 1600/2393
f 374/2405 375/2406 1605/2407 1606/2408
f 375/2319 1607/2409 1608/2410 1605/2411
f 375/2319 1559/2318 1070/2412 1607/2409
f 376/2413 1576/2414 1575/2415 1609/2416
f 376/2355 1581/2354 1610/2417 1576/2418
f 376/2355 1609/2419 1611/2420 1612/2421
f 1613/2422 1610/2417 1593/2380 1614/2423
f 377/2383 378/2424 1615/2425 1594/2384
f 377/2383 1585/2426 1616/2427 378/2424
f 378/2424 1616/2427 1617/2428 1615/2425
f 379/2429 1618/2430 1619/2431 1499/2432
f 379/2194 1498/2193 1620/2433 1621/2434
f 379/2435 1621/2436 1622/2437 1618/2438
f 380/2439 1623/2440 1624/2441 1625/2442
f 380/2443 1626/2444 1627/2445 1623/2446
f 380/2447 1625/2448 1628/2449 1626/2450
f 381/528 670/532 674/537 1629/2451
f 381/528 1629/2451 1630/2452 1631/2453
f 1631/2453 1630/2452 1633/2454 1634/2455
f 1631/2453 1634/2455 589/421 588/420
f 1631/2453 588/420 667/529 381/528
f 1634/2455 1633/2454 1635/2456 1636/2457
f 1634/2455 1636/2457 590/422 589/421
f 1636/2457 1635/2456 1637/2458 1638/2459
f 1636/2457 1638/2459 1639/2460 590/422
f 1639/2461 1640/2462 1641/2463 1642/2464
f 1639/2460 1642/2465 591/423 590/422
f 1639/2461 1638/2466 1643/2467 1640/2462
f 1643/2467 1644/2468 1645/2469 1640/2462
f 1643/2467 1638/2466 1637/2470 1646/2471
f 1643/2467 1646/2471 1647/2472 1644/2468
f 1647/2473 1648/2474 1649/2475 1644/2476
f 1647/2472 1646/2471 1650/2477 961/2478
f 1647/2479 961/1090 960/1089 1648/2480
f 1650/2477 1646/2471 1637/2470 923/2481
f 1650/2482 923/2483 922/2484 1651/2485
f 1650/2482 1651/2485 962/1091 961/1090
f 1651/2485 922/2484 1652/2486 1653/2487
f 1651/2488 1653/2489 963/2490 962/2491
f 1653/2487 1652/2486 1654/2492 1655/2493
f 1653/2489 1655/2494 1656/2495 963/2490
f 1656/2496 976/2497 165/2498 963/2499
f 1656/2495 1655/2494 1657/2500 1658/2501
f 1656/2495 1658/2501 1659/2502 976/2503
f 1659/2504 1660/2505 977/1119 976/1118
f 1659/2502 1658/2501 1661/2506 1662/2507
f 1659/2504 1662/2508 1663/2509 1660/2505
f 1663/2510 1664/2511 1665/2512 1660/2513
f 1663/2514 1662/2515 1666/2516 919/2517
f 1663/2509 919/1003 911/1002 1664/2518
f 1666/2519 1662/2507 1661/2506 1667/2520
f 1666/2519 1667/2520 1668/2521 1669/2522
f 1666/2516 1669/2523 917/2524 919/2517
f 1669/2522 1668/2521 1670/2525 1671/2526
f 1669/2522 1671/2526 918/2527 917/2528
f 1671/2526 1670/2525 1672/2529 1673/2530
f 1671/2526 1673/2530 1674/2531 918/2527
f 1674/2532 914/998 916/997 918/1001
f 1674/2531 1673/2530 1675/2533 1676/2534
f 1674/2532 1676/2535 915/2536 914/998
f 1676/2534 1675/2533 1677/2537 1678/2538
f 1676/2535 1678/2539 1679/2540 915/2536
f 1679/2541 1680/2542 913/988 915/996
f 1679/2543 1678/2544 1681/2545 1682/2546
f 1679/2541 1682/2547 1683/2548 1680/2542
f 1683/2548 1684/2549 888/2550 1680/2542
f 1683/2551 1682/2552 1685/2553 1686/2554
f 1683/2548 1686/2555 1687/2556 1684/2549
f 1687/2557 1688/2558 1689/2559 1684/2560
f 1687/2556 1686/2555 1690/2561 1691/2562
f 1687/2557 1691/2563 1692/2564 1688/2558
f 1692/2565 851/2566 1693/2567 1688/2568
f 1692/2564 1691/2563 1694/2569 1695/2570
f 1692/2565 1695/2571 852/2572 851/2566
f 1695/2570 1694/2569 1696/2573 1697/2574
f 1695/2570 1697/2574 133/855 852/860
f 1697/2574 1696/2573 1698/2575 1699/2576
f 1697/2577 1699/2578 132/842 133/841
f 1699/2576 1698/2575 1700/2579 1701/2580
f 1699/2576 1701/2580 848/856 132/834
f 1701/2580 1700/2579 863/2581 856/865
f 1701/2580 856/865 855/864 848/856
f 1700/2582 1698/2583 1702/2584 1703/2585
f 1700/2582 1703/2585 1704/2586 863/2587
f 1704/2588 1705/2589 857/867 863/2590
f 1704/2586 1703/2585 870/888 869/887
f 1704/2588 869/2591 1706/2592 1705/2589
f 1706/2592 424/2593 1707/2594 1705/2589
f 1706/2595 869/2596 868/893 533/300
f 1706/2595 533/300 425/81 424/80
f 1707/2594 1708/2597 1709/2598 858/868
f 1707/2594 858/868 857/867 1705/2589
f 1707/2599 424/80 423/79 1708/2600
f 1709/2598 1710/2601 1711/2602 1712/2603
f 1709/2598 1712/2603 859/869 858/868
f 1709/2598 1708/2597 1713/2604 1710/2601
f 1713/2604 1714/2605 1715/2606 1710/2601
f 1713/2607 1708/2600 423/79 422/2608
f 1713/2607 422/2608 1716/2609 1714/2610
f 1716/2609 1717/2611 1718/2612 1714/2610
f 1716/2613 422/77 421/76 1719/2614
f 1716/2613 1719/2614 1720/2615 1717/2616
f 1720/2617 1719/2618 1721/2619 1722/2620
f 1720/2621 1722/2622 388/2623 393/2624
f 1720/2615 393/23 399/34 1717/2616
f 1722/2625 1721/2626 1723/2627 1724/2628
f 1722/2620 1724/2629 389/15 388/14
f 1724/2629 1723/2630 1725/2631 1726/2632
f 1724/2629 1726/2632 1727/2633 389/15
f 1727/2633 1726/2632 1728/2634 1729/2635
f 1727/2636 1729/2637 1730/2638 1731/2639
f 1727/2636 1731/2639 390/2640 389/2641
f 1731/2642 1730/2643 1732/2644 1733/2645
f 1731/2642 1733/2645 391/2646 390/16
f 1733/2647 1732/2648 1734/2649 1735/2650
f 1733/2647 1735/2650 394/26 391/19
f 1735/2651 1734/2652 1736/2653 1737/2654
f 1735/2651 1737/2654 398/32 394/31
f 1737/2654 1736/2653 1738/2655 1739/2656
f 1737/2654 1739/2656 1740/2657 398/32
f 1740/2658 1739/2659 1741/2660 1742/2661
f 1740/2658 1742/2661 404/45 401/44
f 1740/2657 401/38 395/28 398/32
f 1742/2661 1741/2660 1743/2662 1744/2663
f 1742/2661 1744/2663 1745/2664 404/45
f 1745/2664 1744/2663 1746/2665 1747/2666
f 1745/2664 1747/2666 407/2667 410/2668
f 1745/2664 410/2668 402/46 404/45
f 1747/2666 1746/2665 1748/2669 1749/2670
f 1747/2666 1749/2670 408/2671 407/2667
f 1749/2670 1748/2669 1750/2672 1751/2673
f 1749/2670 1751/2673 414/2674 408/2671
f 1751/2673 1750/2672 1752/2675 1753/2676
f 1751/2673 1753/2676 1754/2677 414/2674
f 1754/2677 1753/2676 1755/2678 1756/2679
f 1754/2680 1756/2681 1757/2682 1758/2683
f 1754/2680 1758/2683 405/49 414/62
f 1758/2683 1757/2682 1759/2684 1760/2685
f 1758/2683 1760/2685 406/50 405/49
f 1760/2685 1759/2684 1761/2686 1762/2687
f 1760/2685 1762/2687 411/58 406/50
f 1762/2687 1761/2686 1763/2688 1764/2689
f 1762/2687 1764/2689 1765/2690 411/58
f 1765/2690 1764/2689 1766/2691 1767/2692
f 1765/2690 1767/2692 1768/2693 1769/2694
f 1765/2690 1769/2694 412/59 411/58
f 1769/2694 1768/2693 1770/2695 1771/2696
f 1769/2694 1771/2696 413/60 412/59
f 1771/2696 1770/2695 1772/2697 1773/2698
f 1771/2696 1773/2698 1774/2699 413/60
f 1774/2699 403/41 409/55 413/60
f 1774/2699 1773/2698 400/2700 397/2701
f 1774/2699 397/2701 396/42 403/41
f 1773/2698 1772/2697 1718/2702 400/2700
f 1772/2697 1770/2695 1775/2703 1715/2606
f 1772/2697 1715/2606 1714/2605 1718/2702
f 1775/2703 1770/2695 1768/2693 1776/2704
f 1775/2703 1776/2704 1777/2705 1711/2602
f 1775/2703 1711/2602 1710/2601 1715/2606
f 1777/2705 1776/2704 1778/2706 1779/2707
f 1777/2705 1779/2707 1780/2708 1781/2709
f 1777/2705 1781/2709 1712/2603 1711/2602
f 1781/2709 1780/2708 1782/2710 860/870
f 1781/2709 860/870 859/869 1712/2603
f 1782/2710 1780/2708 1783/2711 1784/2712
f 1782/2710 1784/2712 1785/2713 1786/2714
f 1782/2710 1786/2714 861/871 860/870
f 1786/2714 1785/2713 1787/2715 1788/2716
f 1786/2714 1788/2716 862/872 861/871
f 1788/2716 1787/2715 1789/2717 1790/2718
f 1788/2716 1790/2718 1791/2719 862/872
f 1791/2719 1790/2718 1792/2720 841/846
f 1791/2719 841/846 840/845 1793/2721
f 1791/2719 1793/2721 854/873 862/872
f 1793/2722 840/2723 1794/2724 1795/2725
f 1793/2722 1795/2725 855/864 854/863
f 1795/2725 1794/2724 1796/2726 849/857
f 1795/2725 849/857 848/856 855/864
f 1796/2726 1794/2724 1797/2727 1798/2728
f 1796/2726 1798/2728 1799/2729 1800/2730
f 1796/2726 1800/2730 836/835 849/857
f 1800/2730 1799/2729 1801/2731 837/837
f 1800/2730 837/837 129/836 836/835
f 1801/2732 1802/2733 1803/2734 1804/2735
f 1801/2731 1804/2736 838/838 837/837
f 1801/2732 1799/2737 1805/2738 1802/2733
f 1805/2738 1806/2739 1807/2740 1802/2733
f 1805/2738 1799/2737 1798/2741 1808/2742
f 1805/2738 1808/2742 1809/2743 1806/2739
f 1809/2743 1810/2744 1811/2745 1806/2739
f 1809/2743 1808/2742 1812/2746 1813/2747
f 1809/2743 1813/2747 1814/2748 1810/2744
f 1814/2748 1815/2749 1816/2750 1810/2744
f 1814/2748 1813/2747 1817/2751 1818/2752
f 1814/2748 1818/2752 1819/2753 1815/2749
f 1819/2754 1818/2755 1820/2756 1821/2757
f 1819/2754 1821/2757 1822/2758 1823/2759
f 1819/2754 1823/2759 1824/2760 1815/2761
f 1824/2762 1825/2763 1826/2764 1827/2765
f 1824/2762 1827/2765 1816/2750 1815/2749
f 1824/2760 1823/2759 1828/2766 1825/2767
f 1828/2766 1823/2759 1822/2758 1829/2768
f 1828/2766 1829/2768 1830/2769 825/811
f 1828/2766 825/811 824/810 1825/2767
f 1830/2769 1829/2768 1831/2770 1832/2771
f 1830/2769 1832/2771 815/2772 1833/2773
f 1830/2769 1833/2773 826/812 825/811
f 1833/2774 815/2775 814/2776 1834/2777
f 1833/2774 1834/2777 827/815 826/814
f 1834/2777 814/2776 822/2778 1835/2779
f 1834/2777 1835/2779 1836/2780 827/815
f 1836/2780 1835/2779 1837/2781 1838/2782
f 1836/2780 1838/2782 1839/2783 1840/2784
f 1836/2780 1840/2784 828/816 827/815
f 1840/2785 1839/2786 1841/2787 1842/2788
f 1840/2785 1842/2788 829/819 828/818
f 1842/2788 1841/2787 1843/2789 1844/2790
f 1842/2788 1844/2790 1826/2764 829/819
f 1844/2790 1843/2789 1845/2791 1846/2792
f 1844/2790 1846/2792 1827/2765 1826/2764
f 1846/2792 1845/2791 1847/2793 1848/2794
f 1846/2792 1848/2794 1816/2750 1827/2765
f 1848/2794 1847/2793 1849/2795 1811/2745
f 1848/2794 1811/2745 1810/2744 1816/2750
f 1849/2795 1847/2793 1850/2796 1851/2797
f 1849/2795 1851/2797 1852/2798 1807/2740
f 1849/2795 1807/2740 1806/2739 1811/2745
f 1852/2798 1851/2797 1853/2799 1854/2800
f 1852/2798 1854/2800 1855/2801 1803/2734
f 1852/2798 1803/2734 1802/2733 1807/2740
f 1855/2801 1854/2800 1856/2802 1857/2803
f 1855/2801 1857/2803 1858/2804 1859/2805
f 1855/2801 1859/2805 1804/2735 1803/2734
f 1859/2806 1858/2807 1860/2808 1861/2809
f 1859/2806 1861/2809 838/838 1804/2736
f 1861/2809 1860/2808 1862/2810 845/2811
f 1861/2809 845/2811 128/833 838/838
f 1862/2810 1860/2808 1863/2812 1864/2813
f 1862/2814 1864/2815 1865/2816 1866/2817
f 1862/2814 1866/2817 846/2818 845/2819
f 1866/2817 1865/2816 1867/2820 1868/2821
f 1866/2822 1868/2823 847/854 846/853
f 1868/2824 1867/2825 1869/2826 1870/2827
f 1868/2824 1870/2827 853/2828 847/2829
f 1870/2830 1869/2831 1871/2832 1872/2833
f 1870/2830 1872/2833 850/858 853/861
f 1872/2833 1871/2832 1873/2834 1693/2835
f 1872/2833 1693/2835 851/859 850/858
f 1873/2834 1871/2832 881/912 884/915
f 1873/2836 884/2837 887/925 1689/2838
f 1873/2836 1689/2838 1688/2568 1693/2567
f 1871/2832 1869/2831 142/906 881/912
f 1869/2831 1867/2839 878/907 142/906
f 1867/2840 1865/2841 889/929 878/928
f 1865/2842 1864/2813 890/932 889/931
f 1864/2813 1863/2812 1874/2843 890/932
f 1874/2843 1875/2844 1876/2845 1877/2846
f 1874/2843 1877/2846 891/933 890/932
f 1874/2843 1863/2812 1878/2847 1875/2844
f 1878/2848 1879/2849 1880/2850 1875/2851
f 1878/2847 1863/2812 1860/2808 1858/2807
f 1878/2848 1858/2804 1857/2803 1879/2849
f 1880/2850 1881/2852 1882/2853 1883/2854
f 1880/2850 1883/2854 1876/2855 1875/2851
f 1880/2850 1879/2849 1884/2856 1881/2852
f 1884/2856 1885/2857 1886/2858 1881/2852
f 1884/2856 1879/2849 1857/2803 1856/2802
f 1884/2856 1856/2802 1887/2859 1885/2857
f 1887/2859 1888/2860 1889/2861 1885/2857
f 1887/2859 1856/2802 1854/2800 1853/2799
f 1887/2859 1853/2799 1890/2862 1888/2860
f 1890/2862 1891/2863 1892/2864 1888/2860
f 1890/2862 1853/2799 1851/2797 1850/2796
f 1890/2862 1850/2796 1893/2865 1891/2863
f 1893/2865 1894/2866 1895/2867 1891/2863
f 1893/2865 1850/2796 1847/2793 1845/2791
f 1893/2865 1845/2791 1843/2789 1894/2866
f 1895/2867 1896/2868 1897/2869 1898/2870
f 1895/2867 1898/2870 1892/2864 1891/2863
f 1895/2867 1894/2866 1899/2871 1896/2868
f 1899/2871 1900/2872 1901/2873 1896/2868
f 1899/2871 1894/2866 1843/2789 1841/2787
f 1899/2871 1841/2787 1839/2786 1900/2872
f 1901/2873 1902/2874 1903/2875 1904/2876
f 1901/2873 1904/2876 1897/2869 1896/2868
f 1901/2877 1900/2878 1905/2879 1902/2880
f 1905/2879 1906/2881 1907/2882 1902/2880
f 1905/2879 1900/2878 1839/2783 1838/2782
f 1905/2879 1838/2782 1837/2781 1906/2881
f 1907/2882 1908/2883 1909/2884 1910/2885
f 1907/2882 1910/2885 1903/2886 1902/2880
f 1907/2882 1906/2881 1911/2887 1908/2883
f 1911/2888 1912/2889 1913/2890 1908/2891
f 1911/2887 1906/2881 1837/2781 1914/2892
f 1911/2888 1914/2893 1915/2894 1912/2889
f 1915/2895 1916/2896 1917/2897 1912/2898
f 1915/2899 1914/2900 822/808 819/807
f 1915/2895 819/804 818/803 1916/2896
f 1917/2897 1918/2901 1919/2902 1920/2903
f 1917/2897 1920/2903 1913/2904 1912/2898
f 1917/2897 1916/2896 1921/2905 1918/2901
f 1921/2905 1922/2906 1923/2907 1918/2901
f 1921/2905 1916/2896 818/803 1924/2908
f 1921/2905 1924/2908 1925/2909 1922/2906
f 1925/2909 1926/2910 1927/2911 1922/2906
f 1925/2909 1924/2908 1928/2912 1929/2913
f 1925/2909 1929/2913 1930/2914 1926/2910
f 1930/2914 1931/2915 1932/2916 1926/2910
f 1930/2914 1929/2913 1933/2917 1934/2918
f 1930/2914 1934/2918 1935/2919 1931/2915
f 1935/2920 1936/2921 1937/2922 1931/2923
f 1935/2920 1934/2924 1938/2925 1939/2926
f 1935/2920 1939/2926 1940/2927 1936/2921
f 1940/2927 1941/2928 1942/2929 1936/2921
f 1940/2927 1939/2926 1943/2930 1944/2931
f 1940/2927 1944/2931 1945/2932 1941/2928
f 1945/2932 1946/2933 1947/2934 1941/2928
f 1945/2932 1944/2931 843/847 842/849
f 1945/2932 842/849 1948/2935 1946/2933
f 1948/2935 1792/2720 1949/2936 1950/2937
f 1948/2935 1950/2937 1951/2938 1946/2933
f 1948/2935 842/849 841/846 1792/2720
f 1951/2938 1950/2937 1952/2939 1953/2940
f 1951/2938 1953/2940 1954/2941 1955/2942
f 1951/2938 1955/2942 1947/2934 1946/2933
f 1955/2942 1954/2941 1956/2943 1957/2944
f 1955/2942 1957/2944 1958/2945 1947/2934
f 1958/2945 1957/2944 1959/2946 1960/2947
f 1958/2945 1960/2947 1961/2948 1942/2929
f 1958/2945 1942/2929 1941/2928 1947/2934
f 1961/2949 1960/2950 1962/2951 1963/2952
f 1961/2949 1963/2952 1964/2953 1937/2954
f 1961/2948 1937/2922 1936/2921 1942/2929
f 1964/2953 1963/2952 1965/2955 1966/2956
f 1964/2953 1966/2956 1967/2957 1932/2916
f 1964/2953 1932/2916 1931/2915 1937/2954
f 1967/2957 1966/2956 1968/2958 1969/2959
f 1967/2957 1969/2959 1970/2960 1927/2911
f 1967/2957 1927/2911 1926/2910 1932/2916
f 1970/2960 1969/2959 1971/2961 1972/2962
f 1970/2960 1972/2962 1973/2963 1923/2907
f 1970/2960 1923/2907 1922/2906 1927/2911
f 1973/2963 1972/2962 1974/2964 1975/2965
f 1973/2963 1975/2965 1976/2966 1919/2902
f 1973/2963 1919/2902 1918/2901 1923/2907
f 1976/2966 1975/2965 1977/2967 1978/2968
f 1976/2966 1978/2968 1979/2969 1980/2970
f 1976/2966 1980/2970 1920/2903 1919/2902
f 1980/2970 1979/2969 1981/2971 1982/2972
f 1980/2970 1982/2972 1913/2904 1920/2903
f 1982/2973 1981/2974 1983/2975 1909/2884
f 1982/2976 1909/2977 1908/2891 1913/2890
f 1983/2975 1981/2974 1984/2978 1985/2979
f 1983/2975 1985/2979 1986/2980 1987/2981
f 1983/2975 1987/2981 1910/2885 1909/2884
f 1987/2981 1986/2980 1988/2982 1989/2983
f 1987/2981 1989/2983 1903/2886 1910/2885
f 1989/2984 1988/2985 1990/2986 1991/2987
f 1989/2984 1991/2987 1904/2876 1903/2875
f 1991/2987 1990/2986 1992/2988 1993/2989
f 1991/2987 1993/2989 1897/2869 1904/2876
f 1993/2989 1992/2988 1994/2990 1995/2991
f 1993/2989 1995/2991 1898/2870 1897/2869
f 1995/2991 1994/2990 1996/2992 1997/2993
f 1995/2991 1997/2993 1892/2864 1898/2870
f 1997/2993 1996/2992 1998/2994 1889/2861
f 1997/2993 1889/2861 1888/2860 1892/2864
f 1998/2994 1996/2992 1999/2995 2000/2996
f 1998/2994 2000/2996 2001/2997 1886/2858
f 1998/2994 1886/2858 1885/2857 1889/2861
f 2001/2997 2000/2996 2002/2998 2003/2999
f 2001/2997 2003/2999 2004/3000 1882/2853
f 2001/2997 1882/2853 1881/2852 1886/2858
f 2004/3000 2003/2999 2005/3001 2006/3002
f 2004/3000 2006/3002 2007/3003 2008/3004
f 2004/3000 2008/3004 1883/2854 1882/2853
f 2008/3004 2007/3003 2009/3005 2010/3006
f 2008/3004 2010/3006 1876/2855 1883/2854
f 2010/3007 2009/3008 2011/3009 2012/3010
f 2010/3007 2012/3010 1877/2846 1876/2845
f 2012/3010 2011/3009 2013/3011 2014/3012
f 2012/3010 2014/3012 891/933 1877/2846
f 2014/3012 2013/3011 900/3013 893/940
f 2014/3012 893/940 145/930 891/933
f 2013/3011 2011/3009 2015/3014 2016/3015
f 2013/3011 2016/3015 2017/3016 900/3013
f 2017/3016 2016/3015 2018/3017 2019/3018
f 2017/3019 2019/3020 980/1123 984/1127
f 2017/3019 984/1127 897/3021 900/3022
f 2019/3018 2018/3017 2020/3023 2021/3024
f 2019/3018 2021/3024 981/3025 980/3026
f 2021/3024 2020/3023 993/1142 992/1141
f 2021/3024 992/1141 991/1140 981/3025
f 2020/3023 2022/3027 2023/3028 993/1142
f 2020/3023 2018/3017 2024/3029 2022/3027
f 2024/3030 2025/3031 2026/3032 2022/3033
f 2024/3029 2018/3017 2016/3015 2015/3014
f 2024/3029 2015/3014 2027/3034 2025/3035
f 2027/3036 2028/3037 2029/3038 2025/3031
f 2027/3034 2015/3014 2011/3009 2009/3008
f 2027/3036 2009/3005 2007/3003 2028/3037
f 2029/3038 2030/3039 2031/3040 2032/3041
f 2029/3038 2032/3041 2026/3032 2025/3031
f 2029/3038 2028/3037 2033/3042 2030/3039
f 2033/3042 2034/3043 2035/3044 2030/3039
f 2033/3042 2028/3037 2007/3003 2006/3002
f 2033/3042 2006/3002 2005/3001 2034/3043
f 2035/3044 2036/3045 2037/3046 2038/3047
f 2035/3044 2038/3047 2031/3040 2030/3039
f 2035/3044 2034/3043 2039/3048 2036/3045
f 2039/3048 2040/3049 2041/3050 2036/3045
f 2039/3048 2034/3043 2005/3001 2042/3051
f 2039/3048 2042/3051 2043/3052 2040/3049
f 2043/3052 2044/3053 2045/3054 2040/3049
f 2043/3052 2042/3051 2002/2998 2046/3055
f 2043/3052 2046/3055 2047/3056 2044/3053
f 2047/3056 2048/3057 2049/3058 2044/3053
f 2047/3056 2046/3055 1999/2995 2050/3059
f 2047/3056 2050/3059 2051/3060 2048/3057
f 2051/3060 2052/3061 2053/3062 2048/3057
f 2051/3060 2050/3059 1994/2990 1992/2988
f 2051/3060 1992/2988 1990/2986 2052/3061
f 2053/3062 2054/3063 2055/3064 2056/3065
f 2053/3062 2056/3065 2049/3058 2048/3057
f 2053/3062 2052/3061 2057/3066 2054/3063
f 2057/3067 2058/3068 2059/3069 2054/3070
f 2057/3066 2052/3061 1990/2986 1988/2985
f 2057/3067 1988/2982 1986/2980 2058/3068
f 2059/3069 2060/3071 2061/3072 2062/3073
f 2059/3069 2062/3073 2055/3074 2054/3070
f 2059/3069 2058/3068 2063/3075 2060/3071
f 2063/3075 2064/3076 2065/3077 2060/3071
f 2063/3075 2058/3068 1986/2980 1985/2979
f 2063/3075 1985/2979 1984/2978 2064/3076
f 2065/3078 2066/3079 2067/3080 2068/3081
f 2065/3077 2068/3082 2061/3072 2060/3071
f 2065/3078 2064/3083 2069/3084 2066/3079
f 2069/3084 2070/3085 2071/3086 2066/3079
f 2069/3084 2064/3083 1984/3087 2072/3088
f 2069/3084 2072/3088 2073/3089 2070/3085
f 2073/3089 2074/3090 2075/3091 2070/3085
f 2073/3089 2072/3088 1979/2969 1978/2968
f 2073/3089 1978/2968 1977/2967 2074/3090
f 2075/3091 2076/3092 2077/3093 2078/3094
f 2075/3091 2078/3094 2071/3086 2070/3085
f 2075/3091 2074/3090 2079/3095 2076/3092
f 2079/3095 2080/3096 2081/3097 2076/3092
f 2079/3095 2074/3090 1977/2967 2082/3098
f 2079/3095 2082/3098 2083/3099 2080/3096
f 2083/3099 2084/3100 2085/3101 2080/3096
f 2083/3099 2082/3098 1974/2964 2086/3102
f 2083/3099 2086/3102 2087/3103 2084/3100
f 2087/3103 2088/3104 2089/3105 2084/3100
f 2087/3103 2086/3102 1971/2961 2090/3106
f 2087/3103 2090/3106 2091/3107 2088/3104
f 2091/3107 2092/3108 2093/3109 2088/3104
f 2091/3107 2090/3106 1968/2958 2094/3110
f 2091/3107 2094/3110 2095/3111 2092/3108
f 2095/3111 2096/3112 2097/3113 2092/3108
f 2095/3111 2094/3110 1965/2955 2098/3114
f 2095/3111 2098/3114 2099/3115 2096/3112
f 2099/3115 2100/3116 2101/3117 2096/3112
f 2099/3115 2098/3114 1962/2951 2102/3118
f 2099/3115 2102/3118 2103/3119 2100/3116
f 2103/3119 2104/3120 2105/3121 2100/3116
f 2103/3119 2102/3118 1959/3122 2106/3123
f 2103/3119 2106/3123 2107/3124 2104/3120
f 2107/3124 2108/3125 2109/3126 2104/3120
f 2107/3127 2106/3128 1956/2943 2110/3129
f 2107/3127 2110/3129 2111/3130 2108/3131
f 2111/3130 2112/3132 2113/3133 831/823
f 2111/3130 831/823 830/822 2108/3131
f 2111/3130 2110/3129 2114/3134 2112/3132
f 2114/3134 2115/3135 2116/3136 2112/3132
f 2114/3134 2110/3129 1956/2943 1954/2941
f 2114/3134 1954/2941 1953/2940 2115/3135
f 2116/3136 2117/3137 2118/3138 2119/3139
f 2116/3136 2119/3139 2113/3133 2112/3132
f 2116/3136 2115/3135 2120/3140 2117/3137
f 2120/3140 2121/3141 2122/3142 2117/3137
f 2120/3140 2115/3135 1953/2940 1952/2939
f 2120/3140 1952/2939 2123/3143 2121/3141
f 2123/3143 2124/3144 2125/3145 2121/3141
f 2123/3143 1952/2939 1950/2937 1949/2936
f 2123/3143 1949/2936 1789/2717 2124/3144
f 2125/3145 2126/3146 2127/3147 2128/3148
f 2125/3145 2128/3148 2122/3142 2121/3141
f 2125/3145 2124/3144 2129/3149 2126/3146
f 2129/3149 2130/3150 2131/3151 2126/3146
f 2129/3149 2124/3144 1789/2717 1787/2715
f 2129/3149 1787/2715 1785/2713 2130/3150
f 2131/3151 2132/3152 2133/3153 2134/3154
f 2131/3151 2134/3154 2127/3147 2126/3146
f 2131/3151 2130/3150 2135/3155 2132/3152
f 2135/3155 2136/3156 2137/3157 2132/3152
f 2135/3155 2130/3150 1785/2713 1784/2712
f 2135/3155 1784/2712 1783/2711 2136/3156
f 2137/3157 2138/3158 2139/3159 2140/3160
f 2137/3157 2140/3160 2133/3153 2132/3152
f 2137/3157 2136/3156 2141/3161 2138/3158
f 2141/3161 2142/3162 2143/3163 2138/3158
f 2141/3161 2136/3156 1783/2711 2144/3164
f 2141/3161 2144/3164 2145/3165 2142/3162
f 2145/3165 1766/2691 2146/3166 2142/3162
f 2145/3165 2144/3164 1779/2707 1778/2706
f 2145/3165 1778/2706 1767/2692 1766/2691
f 2146/3166 1763/2688 2147/3167 2148/3168
f 2146/3166 2148/3168 2143/3163 2142/3162
f 2146/3166 1766/2691 1764/2689 1763/2688
f 2148/3168 2147/3167 2149/3169 2150/3170
f 2148/3168 2150/3170 2151/3171 2143/3163
f 2151/3171 2150/3170 2152/3172 2153/3173
f 2151/3171 2153/3173 2154/3174 2139/3159
f 2151/3171 2139/3159 2138/3158 2143/3163
f 2154/3174 2153/3173 2155/3175 2156/3176
f 2154/3174 2156/3176 2157/3177 2158/3178
f 2154/3174 2158/3178 2140/3160 2139/3159
f 2158/3178 2157/3177 2159/3179 2160/3180
f 2158/3178 2160/3180 2133/3153 2140/3160
f 2160/3180 2159/3179 2161/3181 2162/3182
f 2160/3180 2162/3182 2134/3154 2133/3153
f 2162/3182 2161/3181 2163/3183 2164/3184
f 2162/3182 2164/3184 2127/3147 2134/3154
f 2164/3184 2163/3183 2165/3185 2166/3186
f 2164/3184 2166/3186 2128/3148 2127/3147
f 2166/3186 2165/3185 2167/3187 2168/3188
f 2166/3186 2168/3188 2122/3142 2128/3148
f 2168/3188 2167/3187 2169/3189 2118/3138
f 2168/3188 2118/3138 2117/3137 2122/3142
f 2169/3190 2167/3191 2170/3192 2171/3193
f 2169/3190 2171/3193 2172/3194 2173/3195
f 2169/3189 2173/3196 2119/3139 2118/3138
f 2173/3195 2172/3194 2174/3197 2175/3198
f 2173/3196 2175/3199 2113/3133 2119/3139
f 2175/3198 2174/3197 833/827 832/826
f 2175/3199 832/824 831/823 2113/3133
f 2174/3197 2172/3194 2176/3200 2177/3201
f 2174/3197 2177/3201 2178/3202 833/827
f 2178/3202 2177/3201 2179/3203 2180/3204
f 2178/3202 2180/3204 2181/3205 2182/3206
f 2178/3202 2182/3206 834/828 833/827
f 2182/3207 2181/3208 2183/3209 2184/3210
f 2182/3207 2184/3210 835/831 834/830
f 2184/3210 2183/3209 2185/3211 2186/3212
f 2184/3210 2186/3212 2109/3126 835/831
f 2186/3212 2185/3211 2187/3213 2105/3121
f 2186/3212 2105/3121 2104/3120 2109/3126
f 2187/3213 2185/3211 2188/3214 2189/3215
f 2187/3213 2189/3215 2190/3216 2101/3117
f 2187/3213 2101/3117 2100/3116 2105/3121
f 2190/3216 2189/3215 2191/3217 2192/3218
f 2190/3216 2192/3218 2193/3219 2097/3113
f 2190/3216 2097/3113 2096/3112 2101/3117
f 2193/3219 2192/3218 2194/3220 2195/3221
f 2193/3219 2195/3221 2196/3222 2093/3109
f 2193/3219 2093/3109 2092/3108 2097/3113
f 2196/3222 2195/3221 2197/3223 2198/3224
f 2196/3222 2198/3224 2199/3225 2089/3105
f 2196/3222 2089/3105 2088/3104 2093/3109
f 2199/3225 2198/3224 2200/3226 2201/3227
f 2199/3225 2201/3227 2202/3228 2085/3101
f 2199/3225 2085/3101 2084/3100 2089/3105
f 2202/3228 2201/3227 2203/3229 2204/3230
f 2202/3228 2204/3230 2205/3231 2081/3097
f 2202/3228 2081/3097 2080/3096 2085/3101
f 2205/3231 2204/3230 2206/3232 2207/3233
f 2205/3231 2207/3233 2208/3234 2077/3093
f 2205/3231 2077/3093 2076/3092 2081/3097
f 2208/3234 2207/3233 2209/3235 2210/3236
f 2208/3234 2210/3236 2211/3237 2212/3238
f 2208/3234 2212/3238 2078/3094 2077/3093
f 2212/3238 2211/3237 2213/3239 2214/3240
f 2212/3238 2214/3240 2071/3086 2078/3094
f 2214/3240 2213/3239 2215/3241 2067/3080
f 2214/3240 2067/3080 2066/3079 2071/3086
f 2215/3241 2213/3239 2216/3242 2217/3243
f 2215/3241 2217/3243 2218/3244 2219/3245
f 2215/3241 2219/3245 2068/3081 2067/3080
f 2219/3246 2218/3247 2220/3248 2221/3249
f 2219/3246 2221/3249 2061/3072 2068/3082
f 2221/3249 2220/3248 2222/3250 2223/3251
f 2221/3249 2223/3251 2062/3073 2061/3072
f 2223/3251 2222/3250 2224/3252 2225/3253
f 2223/3251 2225/3253 2055/3074 2062/3073
f 2225/3254 2224/3255 2226/3256 2227/3257
f 2225/3254 2227/3257 2056/3065 2055/3064
f 2227/3257 2226/3256 2228/3258 2229/3259
f 2227/3257 2229/3259 2049/3058 2056/3065
f 2229/3259 2228/3258 2230/3260 2045/3054
f 2229/3259 2045/3054 2044/3053 2049/3058
f 2230/3260 2228/3258 2231/3261 2232/3262
f 2230/3260 2232/3262 2233/3263 2041/3050
f 2230/3260 2041/3050 2040/3049 2045/3054
f 2233/3263 2232/3262 2234/3264 2235/3265
f 2233/3263 2235/3265 2236/3266 2037/3046
f 2233/3263 2037/3046 2036/3045 2041/3050
f 2236/3266 2235/3265 2237/3267 2238/3268
f 2236/3266 2238/3268 2239/3269 2240/3270
f 2236/3266 2240/3270 2038/3047 2037/3046
f 2240/3270 2239/3269 2241/3271 2242/3272
f 2240/3270 2242/3272 2031/3040 2038/3047
f 2242/3272 2241/3271 2243/3273 2244/3274
f 2242/3272 2244/3274 2032/3041 2031/3040
f 2244/3274 2243/3273 2245/3275 2246/3276
f 2244/3274 2246/3276 2026/3032 2032/3041
f 2246/3276 2245/3275 2247/3277 2023/3278
f 2246/3276 2023/3278 2022/3033 2026/3032
f 2247/3277 2245/3275 2248/3279 998/3280
f 2247/3281 998/1152 942/1032 994/1143
f 2247/3281 994/1143 993/1142 2023/3028
f 2248/3279 2249/3282 1009/1186 185/3283
f 2248/3279 185/3283 999/3284 998/3280
f 2248/3279 2245/3275 2243/3273 2249/3282
f 2249/3282 2250/3285 1010/1187 1009/1186
f 2249/3282 2243/3273 2241/3271 2250/3285
f 2250/3285 690/561 689/560 1010/1187
f 2250/3285 2241/3271 2239/3269 690/561
f 2239/3269 2238/3268 89/555 690/561
f 2238/3268 2237/3267 686/556 89/555
f 2235/3265 2234/3264 780/719 2237/3267
f 2234/3264 2251/3286 781/720 780/719
f 2234/3264 2232/3262 2231/3261 2251/3286
f 2251/3286 2252/3287 812/795 781/720
f 2251/3286 2231/3261 2253/3288 2252/3287
f 2253/3288 2254/3289 2255/3290 2252/3287
f 2253/3288 2231/3261 2228/3258 2226/3256
f 2253/3288 2226/3256 2224/3255 2254/3289
f 2255/3291 2256/3292 2257/3293 813/3294
f 2255/3290 813/796 812/795 2252/3287
f 2255/3291 2254/3295 2258/3296 2256/3292
f 2258/3296 2259/3297 2260/3298 2256/3292
f 2258/3296 2254/3295 2224/3252 2222/3250
f 2258/3296 2222/3250 2220/3248 2259/3297
f 2260/3298 2261/3299 2262/3300 2263/3301
f 2260/3298 2263/3301 2257/3293 2256/3292
f 2260/3298 2259/3297 2264/3302 2261/3299
f 2264/3303 2265/3304 2266/3305 2261/3306
f 2264/3302 2259/3297 2220/3248 2218/3247
f 2264/3303 2218/3244 2217/3243 2265/3304
f 2266/3305 2267/3307 2268/3308 2269/3309
f 2266/3310 2269/3311 2262/3312 2261/3313
f 2266/3305 2265/3304 2270/3314 2267/3307
f 2270/3314 2271/3315 2272/3316 2267/3307
f 2270/3314 2265/3304 2217/3243 2216/3242
f 2270/3314 2216/3242 2273/3317 2271/3315
f 2273/3317 2274/3318 2275/3319 2271/3315
f 2273/3317 2216/3242 2213/3239 2211/3237
f 2273/3317 2211/3237 2210/3236 2274/3318
f 2275/3319 2276/3320 2277/3321 2278/3322
f 2275/3319 2278/3322 2272/3316 2271/3315
f 2275/3319 2274/3318 2279/3323 2276/3320
f 2279/3323 2280/3324 2281/3325 2276/3320
f 2279/3323 2274/3318 2210/3236 2209/3235
f 2279/3323 2209/3235 2282/3326 2280/3324
f 2282/3326 2283/3327 2284/3328 2280/3324
f 2282/3326 2209/3235 2207/3233 2206/3232
f 2282/3326 2206/3232 2285/3329 2283/3327
f 2285/3329 2286/3330 2287/3331 2283/3327
f 2285/3329 2206/3232 2204/3230 2203/3229
f 2285/3329 2203/3229 2288/3332 2286/3330
f 2288/3332 2289/3333 2290/3334 2286/3330
f 2288/3332 2203/3229 2201/3227 2200/3226
f 2288/3332 2200/3226 2291/3335 2289/3333
f 2291/3335 2292/3336 2293/3337 2289/3333
f 2291/3335 2200/3226 2198/3224 2197/3223
f 2291/3335 2197/3223 2294/3338 2292/3336
f 2294/3338 2295/3339 2296/3340 2292/3336
f 2294/3338 2197/3223 2195/3221 2194/3220
f 2294/3338 2194/3220 2297/3341 2295/3339
f 2297/3341 2298/3342 2299/3343 2295/3339
f 2297/3341 2194/3220 2192/3218 2191/3217
f 2297/3341 2191/3217 2300/3344 2298/3342
f 2300/3344 2301/3345 2302/3346 2298/3342
f 2300/3344 2191/3217 2189/3215 2188/3214
f 2300/3344 2188/3214 2303/3347 2301/3345
f 2303/3347 2304/3348 2305/3349 2301/3345
f 2303/3347 2188/3214 2185/3211 2183/3209
f 2303/3347 2183/3209 2181/3208 2304/3348
f 2305/3350 2306/3351 2307/3352 2308/3353
f 2305/3349 2308/3354 2302/3346 2301/3345
f 2305/3350 2304/3355 2309/3356 2306/3351
f 2309/3356 2310/3357 2311/3358 2306/3351
f 2309/3356 2304/3355 2181/3205 2180/3204
f 2309/3356 2180/3204 2179/3203 2310/3357
f 2311/3358 2312/3359 2313/3360 2314/3361
f 2311/3358 2314/3361 2307/3352 2306/3351
f 2311/3358 2310/3357 2315/3362 2312/3359
f 2315/3362 2316/3363 2317/3364 2312/3359
f 2315/3362 2310/3357 2179/3203 2318/3365
f 2315/3362 2318/3365 2319/3366 2316/3363
f 2319/3366 2320/3367 2321/3368 2316/3363
f 2319/3366 2318/3365 2176/3200 2322/3369
f 2319/3366 2322/3369 2323/3370 2320/3367
f 2323/3370 2324/3371 2325/3372 2320/3367
f 2323/3370 2322/3369 2171/3193 2170/3192
f 2323/3370 2170/3192 2326/3373 2324/3371
f 2326/3373 2327/3374 2328/3375 2324/3371
f 2326/3373 2170/3192 2167/3191 2165/3376
f 2326/3373 2165/3376 2163/3377 2327/3374
f 2328/3375 2329/3378 2330/3379 2331/3380
f 2328/3375 2331/3380 2325/3372 2324/3371
f 2328/3375 2327/3374 2332/3381 2329/3378
f 2332/3381 2333/3382 2334/3383 2329/3378
f 2332/3381 2327/3374 2163/3377 2161/3384
f 2332/3381 2161/3384 2159/3385 2333/3382
f 2334/3383 2335/3386 2336/3387 2337/3388
f 2334/3383 2337/3388 2330/3379 2329/3378
f 2334/3383 2333/3382 2338/3389 2335/3386
f 2338/3389 2339/3390 2340/3391 2335/3386
f 2338/3389 2333/3382 2159/3385 2157/3392
f 2338/3389 2157/3392 2156/3393 2339/3390
f 2340/3391 2341/3394 2342/3395 2343/3396
f 2340/3391 2343/3396 2336/3387 2335/3386
f 2340/3391 2339/3390 2344/3397 2341/3394
f 2344/3397 2345/3398 2346/3399 2341/3394
f 2344/3397 2339/3390 2156/3393 2155/3400
f 2344/3397 2155/3400 2347/3401 2345/3398
f 2347/3401 2348/3402 2349/3403 2345/3398
f 2347/3404 2155/3175 2153/3173 2152/3172
f 2347/3404 2152/3172 2350/3405 2348/3406
f 2350/3405 2351/3407 2352/3408 2348/3406
f 2350/3405 2152/3172 2150/3170 2149/3169
f 2350/3405 2149/3169 2353/3409 2351/3407
f 2353/3409 2354/3410 2355/3411 2351/3407
f 2353/3409 2149/3169 2147/3167 2356/3412
f 2353/3409 2356/3412 2357/3413 2354/3410
f 2357/3413 2358/3414 2359/3415 2354/3410
f 2357/3413 2356/3412 1761/2686 1759/2684
f 2357/3413 1759/2684 1757/2682 2358/3414
f 2359/3415 2360/3416 386/8 385/7
f 2359/3415 385/7 2355/3411 2354/3410
f 2359/3415 2358/3414 2361/3417 2360/3416
f 2361/3418 1756/2679 1755/2678 2362/3419
f 2361/3418 2362/3419 2363/3420 2360/3421
f 2361/3417 2358/3414 1757/2682 1756/2681
f 2363/3420 2362/3419 2364/3422 2365/3423
f 2363/3420 2365/3423 2366/3424 387/11
f 2363/3420 387/11 386/10 2360/3421
f 2366/3424 2365/3423 2367/3425 2368/3426
f 2366/3424 2368/3426 2369/3427 2370/3428
f 2366/3424 2370/3428 382/12 387/11
f 2370/3429 2369/3430 2371/3431 2372/3432
f 2370/3429 2372/3432 383/3 382/2
f 2372/3432 2371/3431 2373/3433 2374/3434
f 2372/3432 2374/3434 2375/3435 383/3
f 2375/3435 2374/3434 2376/3436 2377/3437
f 2375/3435 2377/3437 2352/3438 2378/3439
f 2375/3435 2378/3439 384/4 383/3
f 2378/3440 2352/3408 2351/3407 2355/3411
f 2378/3440 2355/3411 385/7 384/6
f 2377/3437 2376/3436 2379/3441 2349/3403
f 2377/3437 2349/3403 2348/3402 2352/3438
f 2379/3441 2376/3436 2380/3442 2381/3443
f 2379/3441 2381/3443 2382/3444 2346/3399
f 2379/3441 2346/3399 2345/3398 2349/3403
f 2382/3444 2381/3443 2383/3445 2384/3446
f 2382/3444 2384/3446 2385/3447 2342/3395
f 2382/3444 2342/3395 2341/3394 2346/3399
f 2385/3447 2384/3446 2386/3448 2387/3449
f 2385/3447 2387/3449 2388/3450 2389/3451
f 2385/3447 2389/3451 2343/3396 2342/3395
f 2389/3451 2388/3450 2390/3452 2391/3453
f 2389/3451 2391/3453 2336/3387 2343/3396
f 2391/3453 2390/3452 2392/3454 2393/3455
f 2391/3453 2393/3455 2337/3388 2336/3387
f 2393/3455 2392/3454 2394/3456 2395/3457
f 2393/3455 2395/3457 2330/3379 2337/3388
f 2395/3457 2394/3456 2396/3458 2397/3459
f 2395/3457 2397/3459 2331/3380 2330/3379
f 2397/3459 2396/3458 2398/3460 2399/3461
f 2397/3459 2399/3461 2325/3372 2331/3380
f 2399/3461 2398/3460 2400/3462 2321/3368
f 2399/3461 2321/3368 2320/3367 2325/3372
f 2400/3462 2398/3460 2401/3463 2402/3464
f 2400/3462 2402/3464 2403/3465 2317/3364
f 2400/3462 2317/3364 2316/3363 2321/3368
f 2403/3465 2402/3464 2404/3466 2405/3467
f 2403/3465 2405/3467 2406/3468 2313/3360
f 2403/3465 2313/3360 2312/3359 2317/3364
f 2406/3468 2405/3467 2407/3469 2408/3470
f 2406/3468 2408/3470 2409/3471 2410/3472
f 2406/3468 2410/3472 2314/3361 2313/3360
f 2410/3472 2409/3471 2411/3473 2412/3474
f 2410/3472 2412/3474 2307/3352 2314/3361
f 2412/3474 2411/3473 2413/3475 2414/3476
f 2412/3474 2414/3476 2308/3353 2307/3352
f 2414/3477 2413/3478 2415/3479 2416/3480
f 2414/3477 2416/3480 2302/3346 2308/3354
f 2416/3480 2415/3479 2417/3481 2299/3343
f 2416/3480 2299/3343 2298/3342 2302/3346
f 2417/3481 2415/3479 2418/3482 2419/3483
f 2417/3481 2419/3483 2420/3484 2296/3340
f 2417/3481 2296/3340 2295/3339 2299/3343
f 2420/3484 2419/3483 2421/3485 2422/3486
f 2420/3484 2422/3486 2423/3487 2293/3337
f 2420/3484 2293/3337 2292/3336 2296/3340
f 2423/3487 2422/3486 2424/3488 2425/3489
f 2423/3487 2425/3489 2426/3490 2290/3334
f 2423/3487 2290/3334 2289/3333 2293/3337
f 2426/3490 2425/3489 2427/3491 2428/3492
f 2426/3490 2428/3492 2429/3493 2287/3331
f 2426/3490 2287/3331 2286/3330 2290/3334
f 2429/3493 2428/3492 2430/3494 2431/3495
f 2429/3493 2431/3495 2432/3496 2284/3328
f 2429/3493 2284/3328 2283/3327 2287/3331
f 2432/3496 2431/3495 2433/3497 2434/3498
f 2432/3496 2434/3498 2435/3499 2281/3325
f 2432/3496 2281/3325 2280/3324 2284/3328
f 2435/3499 2434/3498 2436/3500 2437/3501
f 2435/3499 2437/3501 2438/3502 2277/3321
f 2435/3499 2277/3321 2276/3320 2281/3325
f 2438/3502 2437/3501 2439/3503 2440/3504
f 2438/3502 2440/3504 2441/3505 2442/3506
f 2438/3502 2442/3506 2278/3322 2277/3321
f 2442/3506 2441/3505 2443/3507 2444/3508
f 2442/3506 2444/3508 2272/3316 2278/3322
f 2444/3508 2443/3507 2445/3509 2268/3308
f 2444/3508 2268/3308 2267/3307 2272/3316
f 2445/3509 2443/3507 2446/3510 2447/3511
f 2445/3509 2447/3511 2448/3512 2449/3513
f 2445/3509 2449/3513 2269/3309 2268/3308
f 2449/3514 2448/3515 2450/3516 2451/3517
f 2449/3514 2451/3517 2262/3300 2269/3518
f 2451/3517 2450/3516 2452/3519 2453/3520
f 2451/3517 2453/3520 2263/3301 2262/3300
f 2452/3519 2450/3516 2454/3521 2455/3522
f 2452/3519 2455/3522 2456/3523 2457/3524
f 2452/3519 2457/3524 2458/3525 2453/3520
f 2457/3526 2456/3527 2459/3528 2460/3529
f 2457/3526 2460/3529 2461/3530 2458/3531
f 2461/3530 2460/3529 2462/3532 2463/3533
f 2461/3530 2463/3533 2464/3534 2465/3535
f 2461/3530 2465/3535 799/3536 2458/3531
f 2465/3535 2464/3534 2466/3537 2467/3538
f 2465/3535 2467/3538 800/3539 799/3536
f 2467/3538 2466/3537 782/721 811/794
f 2467/3538 811/794 124/793 800/3539
f 2466/3537 2464/3534 2468/3540 2469/3541
f 2466/3537 2469/3541 783/722 782/721
f 2469/3541 2468/3540 2470/3542 2471/3543
f 2469/3541 2471/3543 786/727 783/722
f 2471/3543 2470/3542 2472/3544 2473/3545
f 2471/3543 2473/3545 787/728 786/727
f 2473/3545 2472/3544 2474/3546 2475/3547
f 2473/3545 2475/3547 2476/3548 787/728
f 2476/3548 2475/3547 2477/3549 2478/3550
f 2476/3548 2478/3550 2479/3551 2480/3552
f 2476/3548 2480/3552 784/725 787/728
f 2480/3553 2479/3554 2481/3555 2482/3556
f 2480/3553 2482/3556 785/3557 784/3558
f 2481/3555 2479/3554 1012/1189 1011/1188
f 2479/3551 2478/3550 2483/3559 1012/3560
f 2483/3559 2478/3550 2477/3549 2484/3561
f 2483/3559 2484/3561 2485/3562 2486/3563
f 2483/3559 2486/3563 1002/3564 1012/3560
f 2484/3561 2477/3549 2487/3565 1019/1209
f 2484/3561 1019/1209 1016/1199 2485/3562
f 2487/3565 2474/3546 2488/3566 2489/3567
f 2487/3565 2489/3567 1020/1210 1019/1209
f 2487/3565 2477/3549 2475/3547 2474/3546
f 2489/3567 2490/3568 1021/1212 1020/1210
f 2489/3567 2488/3566 2491/3569 2490/3568
f 2491/3569 2492/3570 2493/3571 2490/3568
f 2491/3569 2488/3566 2494/3572 2495/3573
f 2491/3569 2495/3573 2496/3574 2492/3570
f 2496/3574 2497/3575 2498/3576 2492/3570
f 2496/3574 2495/3573 2499/3577 2500/3578
f 2496/3574 2500/3578 2501/3579 2497/3575
f 2501/3579 2502/3580 2503/3581 2497/3575
f 2501/3579 2500/3578 2504/3582 2505/3583
f 2501/3579 2505/3583 2506/3584 2502/3580
f 2506/3584 2507/3585 2508/3586 2502/3580
f 2506/3584 2505/3583 2509/3587 2510/3588
f 2506/3584 2510/3588 2511/3589 2507/3585
f 2511/3589 2512/3590 2513/3591 2507/3585
f 2511/3589 2510/3588 2514/3592 2515/3593
f 2511/3589 2515/3593 2516/3594 2512/3590
f 2516/3594 2517/3595 2518/3596 2512/3590
f 2516/3597 2515/3598 2519/3599 2520/3600
f 2516/3597 2520/3600 2521/3601 2517/3602
f 2521/3601 2522/3603 2523/3604 2517/3602
f 2521/3601 2520/3600 2524/3605 2525/3606
f 2521/3601 2525/3606 2526/3607 2522/3603
f 2526/3607 2527/3608 2528/3609 2522/3603
f 2526/3607 2525/3606 2529/3610 2530/3611
f 2526/3607 2530/3611 2531/3612 2527/3608
f 2531/3612 2532/3613 2533/3614 2527/3608
f 2531/3615 2530/3616 2534/3617 2535/3618
f 2531/3615 2535/3618 2536/3619 2532/3620
f 2536/3619 2537/3621 2538/3622 2532/3620
f 2536/3619 2535/3618 2539/3623 2540/3624
f 2536/3619 2540/3624 2541/3625 2537/3621
f 2541/3625 2542/3626 2543/3627 2537/3621
f 2541/3625 2540/3624 2544/3628 2545/3629
f 2541/3625 2545/3629 2546/3630 2542/3626
f 2546/3630 2547/3631 2548/3632 2542/3626
f 2546/3630 2545/3629 2549/3633 2550/3634
f 2546/3630 2550/3634 2551/3635 2547/3631
f 2551/3635 2552/3636 2553/3637 2547/3631
f 2551/3635 2550/3634 2554/3638 2555/3639
f 2551/3635 2555/3639 2556/3640 2552/3636
f 2556/3640 2557/3641 2558/3642 2552/3636
f 2556/3640 2555/3639 2559/3643 2560/3644
f 2556/3640 2560/3644 2561/3645 2557/3641
f 2561/3645 2562/3646 2563/3647 2557/3641
f 2561/3645 2560/3644 2564/3648 2565/3649
f 2561/3645 2565/3649 2566/3650 2562/3646
f 2566/3650 2567/3651 2568/3652 2569/3653
f 2566/3650 2569/3653 2570/3654 2562/3646
f 2566/3650 2565/3649 2571/3655 2567/3651
f 2571/3655 2572/3656 2573/3657 2567/3651
f 2571/3655 2565/3649 2564/3648 2574/3658
f 2571/3655 2574/3658 2575/3659 2572/3656
f 2575/3659 2576/3660 2577/3661 2572/3656
f 2575/3659 2574/3658 2578/3662 2579/3663
f 2575/3659 2579/3663 2580/3664 2576/3660
f 2580/3664 2581/3665 2582/3666 2576/3660
f 2580/3664 2579/3663 2583/3667 2584/3668
f 2580/3664 2584/3668 2585/3669 2581/3665
f 2585/3669 2586/3670 2587/3671 2581/3665
f 2585/3669 2584/3668 2588/3672 2589/3673
f 2585/3669 2589/3673 2590/3674 2586/3670
f 2590/3674 2591/3675 2592/3676 2586/3670
f 2590/3674 2589/3673 2593/3677 2594/3678
f 2590/3674 2594/3678 2595/3679 2591/3675
f 2595/3679 2596/3680 2597/3681 2591/3675
f 2595/3679 2594/3678 2598/3682 2599/3683
f 2595/3679 2599/3683 2600/3684 2596/3680
f 2600/3685 2601/3686 2602/3687 2596/3688
f 2600/3684 2599/3683 2603/3689 2604/3690
f 2600/3685 2604/3691 2605/3692 2601/3686
f 2605/3692 2606/3693 2607/3694 2601/3686
f 2605/3692 2604/3691 2608/3695 2609/3696
f 2605/3692 2609/3696 2610/3697 2606/3693
f 2610/3697 2611/3698 2612/3699 2606/3693
f 2610/3697 2609/3696 2613/3700 2614/3701
f 2610/3697 2614/3701 2615/3702 2611/3698
f 2615/3702 2616/3703 2617/3704 2611/3698
f 2615/3702 2614/3701 2618/3705 2619/3706
f 2615/3702 2619/3706 2620/3707 2616/3703
f 2620/3707 2621/3708 2622/3709 2616/3703
f 2620/3707 2619/3706 2623/3710 2624/3711
f 2620/3707 2624/3711 2625/3712 2621/3708
f 2625/3712 2626/3713 2627/3714 2621/3708
f 2625/3712 2624/3711 2628/3715 2629/3716
f 2625/3712 2629/3716 2630/3717 2626/3713
f 2630/3717 2631/3718 2632/3719 2626/3713
f 2630/3717 2629/3716 2633/3720 2634/3721
f 2630/3717 2634/3721 2635/3722 2631/3718
f 2635/3722 2636/3723 2637/3724 2631/3718
f 2635/3722 2634/3721 2638/3725 2639/3726
f 2635/3722 2639/3726 2640/3727 2636/3723
f 2640/3727 2641/3728 2642/3729 2636/3723
f 2640/3727 2639/3726 2643/3730 2644/3731
f 2640/3727 2644/3731 2645/3732 2641/3728
f 2645/3732 2646/3733 2647/3734 2641/3728
f 2645/3732 2644/3731 2648/3735 2649/3736
f 2645/3732 2649/3736 2650/3737 2646/3733
f 2650/3737 2651/3738 2652/3739 2646/3733
f 2650/3737 2649/3736 2653/3740 2654/3741
f 2650/3737 2654/3741 2655/3742 2651/3738
f 2655/3742 2656/3743 2657/3744 2651/3738
f 2655/3742 2654/3741 2658/3745 2659/3746
f 2655/3742 2659/3746 2660/3747 2656/3743
f 2660/3747 2661/3748 2662/3749 2656/3743
f 2660/3747 2659/3746 2663/3750 2664/3751
f 2660/3747 2664/3751 2665/3752 2661/3748
f 2665/3752 2666/3753 2667/3754 2661/3748
f 2665/3752 2664/3751 2668/3755 2669/3756
f 2665/3752 2669/3756 2670/3757 2666/3753
f 2670/3757 2671/3758 2672/3759 2666/3753
f 2670/3757 2669/3756 2673/3760 2674/3761
f 2670/3757 2674/3761 2675/3762 2671/3758
f 2675/3762 2676/3763 2677/3764 2671/3758
f 2675/3762 2674/3761 2678/3765 2679/3766
f 2675/3762 2679/3766 2680/3767 2676/3763
f 2680/3767 2681/3768 2682/3769 2676/3763
f 2680/3767 2679/3766 2683/3770 2684/3771
f 2680/3767 2684/3771 2685/3772 2681/3768
f 2685/3772 2686/3773 2687/3774 2681/3768
f 2685/3772 2684/3771 2688/3775 2689/3776
f 2685/3772 2689/3776 2690/3777 2686/3773
f 2690/3778 2691/3779 2692/3780 2686/3781
f 2690/3777 2689/3776 2693/3782 2694/3783
f 2690/3778 2694/3784 2695/3785 2691/3779
f 2695/3785 2696/3786 2697/3787 2691/3779
f 2695/3785 2694/3784 2698/3788 2699/3789
f 2695/3785 2699/3789 2700/3790 2696/3786
f 2700/3790 2701/3791 2702/3792 2696/3786
f 2700/3790 2699/3789 2703/3793 2704/3794
f 2700/3790 2704/3794 2705/3795 2701/3791
f 2705/3795 2706/3796 2707/3797 2701/3791
f 2705/3795 2704/3794 2367/3425 2708/3798
f 2705/3795 2708/3798 2709/3799 2706/3796
f 2709/3799 2710/3800 2711/3801 2706/3796
f 2709/3799 2708/3798 2364/3422 2712/3802
f 2709/3799 2712/3802 1752/2675 2710/3800
f 2712/3802 2364/3422 2362/3419 1755/2678
f 2712/3802 1755/2678 1753/2676 1752/2675
f 2711/3801 2713/3803 2714/3804 2715/3805
f 2711/3801 2715/3805 2707/3797 2706/3796
f 2711/3801 2710/3800 2716/3806 2713/3803
f 2716/3806 2717/3807 2718/3808 2713/3803
f 2716/3806 2710/3800 1752/2675 1750/2672
f 2716/3806 1750/2672 1748/2669 2717/3807
f 2718/3808 2719/3809 2720/3810 2721/3811
f 2718/3808 2721/3811 2714/3804 2713/3803
f 2718/3808 2717/3807 2722/3812 2719/3809
f 2722/3812 1743/2662 2723/3813 2719/3809
f 2722/3812 2717/3807 1748/2669 1746/2665
f 2722/3812 1746/2665 1744/2663 1743/2662
f 2723/3813 2724/3814 2725/3815 2726/3816
f 2723/3813 2726/3816 2720/3810 2719/3809
f 2723/3813 1743/2662 1741/2660 2724/3814
f 2726/3816 2725/3815 2727/3817 2728/3818
f 2726/3816 2728/3818 2729/3819 2720/3810
f 2729/3819 2728/3818 2730/3820 2731/3821
f 2729/3819 2731/3821 2732/3822 2733/3823
f 2729/3819 2733/3823 2721/3811 2720/3810
f 2733/3823 2732/3822 2734/3824 2735/3825
f 2733/3823 2735/3825 2714/3804 2721/3811
f 2735/3825 2734/3824 2736/3826 2737/3827
f 2735/3825 2737/3827 2715/3805 2714/3804
f 2737/3827 2736/3826 2738/3828 2739/3829
f 2737/3827 2739/3829 2707/3797 2715/3805
f 2739/3829 2738/3828 2740/3830 2702/3792
f 2739/3829 2702/3792 2701/3791 2707/3797
f 2740/3830 2738/3828 2741/3831 2742/3832
f 2740/3830 2742/3832 2743/3833 2697/3787
f 2740/3830 2697/3787 2696/3786 2702/3792
f 2743/3833 2742/3832 2744/3834 2745/3835
f 2743/3833 2745/3835 2746/3836 2692/3780
f 2743/3833 2692/3780 2691/3779 2697/3787
f 2746/3836 2745/3835 2747/3837 2748/3838
f 2746/3836 2748/3838 2749/3839 2687/3840
f 2746/3836 2687/3840 2686/3781 2692/3780
f 2749/3839 2748/3838 2750/3841 2751/3842
f 2749/3843 2751/3844 2752/3845 2682/3769
f 2749/3843 2682/3769 2681/3768 2687/3774
f 2752/3845 2751/3844 2753/3846 2754/3847
f 2752/3845 2754/3847 2755/3848 2677/3764
f 2752/3845 2677/3764 2676/3763 2682/3769
f 2755/3848 2754/3847 2756/3849 2757/3850
f 2755/3848 2757/3850 2758/3851 2672/3759
f 2755/3848 2672/3759 2671/3758 2677/3764
f 2758/3851 2757/3850 2759/3852 2760/3853
f 2758/3851 2760/3853 2761/3854 2667/3754
f 2758/3851 2667/3754 2666/3753 2672/3759
f 2761/3854 2760/3853 2762/3855 2763/3856
f 2761/3854 2763/3856 2764/3857 2662/3749
f 2761/3854 2662/3749 2661/3748 2667/3754
f 2764/3857 2763/3856 2765/3858 2766/3859
f 2764/3857 2766/3859 2767/3860 2657/3744
f 2764/3857 2657/3744 2656/3743 2662/3749
f 2767/3860 2766/3859 2768/3861 2769/3862
f 2767/3860 2769/3862 2770/3863 2652/3739
f 2767/3860 2652/3739 2651/3738 2657/3744
f 2770/3863 2769/3862 2771/3864 2772/3865
f 2770/3863 2772/3865 2773/3866 2647/3734
f 2770/3863 2647/3734 2646/3733 2652/3739
f 2773/3866 2772/3865 2774/3867 2775/3868
f 2773/3866 2775/3868 2776/3869 2642/3729
f 2773/3866 2642/3729 2641/3728 2647/3734
f 2776/3869 2775/3868 2777/3870 2778/3871
f 2776/3869 2778/3871 2779/3872 2637/3724
f 2776/3869 2637/3724 2636/3723 2642/3729
f 2779/3872 2778/3871 2780/3873 2781/3874
f 2779/3872 2781/3874 2782/3875 2632/3719
f 2779/3872 2632/3719 2631/3718 2637/3724
f 2782/3875 2781/3874 2783/3876 2784/3877
f 2782/3875 2784/3877 2785/3878 2627/3714
f 2782/3875 2627/3714 2626/3713 2632/3719
f 2785/3878 2784/3877 2786/3879 2787/3880
f 2785/3878 2787/3880 2788/3881 2622/3709
f 2785/3878 2622/3709 2621/3708 2627/3714
f 2788/3881 2787/3880 2789/3882 2790/3883
f 2788/3881 2790/3883 2791/3884 2617/3704
f 2788/3881 2617/3704 2616/3703 2622/3709
f 2791/3884 2790/3883 2792/3885 2793/3886
f 2791/3884 2793/3886 2794/3887 2612/3699
f 2791/3884 2612/3699 2611/3698 2617/3704
f 2794/3887 2793/3886 2795/3888 2796/3889
f 2794/3887 2796/3889 2797/3890 2607/3694
f 2794/3887 2607/3694 2606/3693 2612/3699
f 2797/3890 2796/3889 2798/3891 2799/3892
f 2797/3890 2799/3892 2800/3893 2602/3687
f 2797/3890 2602/3687 2601/3686 2607/3694
f 2800/3893 2799/3892 2801/3894 2802/3895
f 2800/3893 2802/3895 2803/3896 2597/3897
f 2800/3893 2597/3897 2596/3688 2602/3687
f 2803/3896 2802/3895 2804/3898 2805/3899
f 2803/3900 2805/3901 2806/3902 2592/3676
f 2803/3900 2592/3676 2591/3675 2597/3681
f 2806/3902 2805/3901 2807/3903 2808/3904
f 2806/3902 2808/3904 2809/3905 2587/3671
f 2806/3902 2587/3671 2586/3670 2592/3676
f 2809/3905 2808/3904 2810/3906 2811/3907
f 2809/3905 2811/3907 2812/3908 2582/3666
f 2809/3905 2582/3666 2581/3665 2587/3671
f 2812/3908 2811/3907 2813/3909 2814/3910
f 2812/3908 2814/3910 2815/3911 2577/3661
f 2812/3908 2577/3661 2576/3660 2582/3666
f 2815/3911 2814/3910 2816/3912 2817/3913
f 2815/3911 2817/3913 2818/3914 2573/3657
f 2815/3911 2573/3657 2572/3656 2577/3661
f 2818/3914 2817/3913 2819/3915 2820/3916
f 2818/3914 2820/3916 2821/3917 2568/3652
f 2818/3914 2568/3652 2567/3651 2573/3657
f 2821/3917 2820/3916 2822/3918 2823/3919
f 2821/3917 2823/3919 2824/3920 2825/3921
f 2821/3917 2825/3921 2569/3653 2568/3652
f 2825/3921 2824/3920 2826/3922 2827/3923
f 2825/3921 2827/3923 2570/3654 2569/3653
f 2827/3923 2826/3922 2828/3924 2829/3925
f 2827/3923 2829/3925 2830/3926 2570/3654
f 2830/3926 2829/3925 2831/3927 2832/3928
f 2830/3926 2832/3928 2833/3929 2563/3647
f 2830/3926 2563/3647 2562/3646 2570/3654
f 2833/3929 2832/3928 2834/3930 2835/3931
f 2833/3929 2835/3931 2836/3932 2558/3642
f 2833/3929 2558/3642 2557/3641 2563/3647
f 2836/3932 2835/3931 2837/3933 2838/3934
f 2836/3932 2838/3934 2839/3935 2553/3637
f 2836/3932 2553/3637 2552/3636 2558/3642
f 2839/3935 2838/3934 2840/3936 2841/3937
f 2839/3935 2841/3937 2842/3938 2548/3632
f 2839/3935 2548/3632 2547/3631 2553/3637
f 2842/3938 2841/3937 2843/3939 2844/3940
f 2842/3938 2844/3940 2845/3941 2543/3627
f 2842/3938 2543/3627 2542/3626 2548/3632
f 2845/3942 2844/3943 2846/3944 2847/3945
f 2845/3942 2847/3945 2848/3946 2538/3947
f 2845/3941 2538/3622 2537/3621 2543/3627
f 2848/3946 2847/3945 2849/3948 2850/3949
f 2848/3946 2850/3949 2851/3950 2533/3614
f 2848/3946 2533/3614 2532/3613 2538/3947
f 2851/3950 2850/3949 2852/3951 2853/3952
f 2851/3950 2853/3952 2854/3953 2528/3609
f 2851/3950 2528/3609 2527/3608 2533/3614
f 2854/3954 2853/3955 2855/3956 2856/3957
f 2854/3954 2856/3957 2857/3958 2523/3959
f 2854/3953 2523/3604 2522/3603 2528/3609
f 2857/3958 2856/3957 2858/3960 2859/3961
f 2857/3958 2859/3961 2860/3962 2518/3596
f 2857/3958 2518/3596 2517/3595 2523/3959
f 2860/3962 2859/3961 2861/3963 2862/3964
f 2860/3962 2862/3964 2863/3965 2513/3591
f 2860/3962 2513/3591 2512/3590 2518/3596
f 2863/3965 2862/3964 2864/3966 2865/3967
f 2863/3965 2865/3967 2866/3968 2508/3586
f 2863/3965 2508/3586 2507/3585 2513/3591
f 2866/3968 2865/3967 2867/3969 2868/3970
f 2866/3968 2868/3970 2869/3971 2503/3581
f 2866/3968 2503/3581 2502/3580 2508/3586
f 2869/3971 2868/3970 2870/3972 2871/3973
f 2869/3971 2871/3973 2872/3974 2498/3576
f 2869/3971 2498/3576 2497/3575 2503/3581
f 2872/3974 2871/3973 2873/3975 2874/3976
f 2872/3974 2874/3976 2875/3977 2493/3571
f 2872/3974 2493/3571 2492/3570 2498/3576
f 2875/3977 2874/3976 2876/3978 2877/3979
f 2875/3977 2877/3979 1022/1213 1021/1212
f 2875/3977 1021/1212 2490/3568 2493/3571
f 2877/3980 2876/3981 2878/3982 2879/3983
f 2877/3979 2879/3984 2880/3985 1022/1213
f 2879/3983 2878/3982 2881/3986 2882/3987
f 2879/3983 2882/3987 2883/3988 2880/3989
f 2883/3990 2882/3991 2884/3992 2885/3993
f 2883/3990 2885/3993 957/1080 956/1079
f 2883/3988 956/1077 955/1076 2880/3989
f 2885/3993 2884/3992 2886/3994 2887/3995
f 2885/3993 2887/3995 2888/3996 957/1080
f 2888/3997 2887/3998 2889/3999 2890/4000
f 2888/3997 2890/4000 2891/4001 2892/4002
f 2888/3996 2892/4003 958/1081 957/1080
f 2892/4002 2891/4001 2893/4004 2894/4005
f 2892/4003 2894/4006 953/4007 958/1081
f 2894/4008 2893/4009 2895/4010 2896/4011
f 2894/4006 2896/4012 954/4013 953/4007
f 2896/4011 2895/4010 2897/4014 2898/4015
f 2896/4012 2898/4016 943/4017 954/4013
f 2898/4015 2897/4014 2899/4018 2900/4019
f 2898/4016 2900/4020 944/4021 943/4017
f 2900/4019 2899/4018 2901/4022 2902/4023
f 2900/4020 2902/4024 949/4025 944/4021
f 2902/4024 2901/4026 2903/4027 2904/4028
f 2902/4024 2904/4028 939/4029 949/4025
f 2904/4028 2903/4027 936/4030 2905/4031
f 2904/4028 2905/4031 940/4032 939/4029
f 2905/4033 936/4034 935/4035 2906/4036
f 2905/4031 2906/4037 995/4038 940/4032
f 2906/4036 935/4035 934/4039 2907/4040
f 2906/4036 2907/4040 996/1146 995/1145
f 2907/4041 934/4042 2908/4043 2909/4044
f 2907/4041 2909/4044 2910/4045 996/4046
f 2910/4045 2909/4044 2911/4047 2912/4048
f 2910/4049 2912/4050 2913/4051 2914/4052
f 2910/4049 2914/4052 990/1139 996/4053
f 2914/4052 2913/4051 2915/4054 2916/4055
f 2914/4052 2916/4055 991/1140 990/1139
f 2916/4056 2915/4057 987/4058 982/4059
f 2916/4055 982/4060 981/3025 991/1140
f 2915/4054 2913/4051 968/1101 979/1121
f 2915/4061 979/4062 971/4063 987/4064
f 2913/4051 2912/4050 964/1096 968/1101
f 2912/4065 2911/4066 965/4067 964/4068
f 2911/4047 2917/4069 2918/4070 965/4071
f 2911/4047 2909/4044 2908/4043 2917/4069
f 2918/4072 2919/4073 2920/4074 2921/4075
f 2918/4070 2921/4076 966/4077 965/4071
f 2918/4078 2917/4079 2922/4080 2919/4081
f 2922/4080 2923/4082 2924/4083 2919/4081
f 2922/4080 2917/4079 2908/4084 2925/4085
f 2922/4080 2925/4085 2926/4086 2923/4082
f 2926/4086 2927/4087 2928/4088 2923/4082
f 2926/4086 2925/4085 933/1020 938/1025
f 2926/4086 938/1025 2929/4089 2927/4087
f 2929/4089 2930/4090 2931/4091 2927/4087
f 2929/4089 938/1025 937/1024 2932/4092
f 2929/4089 2932/4092 2933/4093 2930/4090
f 2933/4093 2934/4094 2935/4095 2930/4090
f 2933/4093 2932/4092 2903/4096 2901/4097
f 2933/4093 2901/4097 2899/4098 2934/4094
f 2935/4095 693/567 699/577 2936/4099
f 2935/4095 2936/4099 2931/4091 2930/4090
f 2935/4095 2934/4094 694/568 693/567
f 2936/4099 699/577 707/593 2937/4100
f 2936/4099 2937/4100 2938/4101 2931/4091
f 2938/4101 2937/4100 2939/4102 2940/4103
f 2938/4101 2940/4103 2941/4104 2928/4088
f 2938/4101 2928/4088 2927/4087 2931/4091
f 2941/4104 2940/4103 2942/4105 2943/4106
f 2941/4104 2943/4106 2944/4107 2924/4083
f 2941/4104 2924/4083 2923/4082 2928/4088
f 2944/4107 2943/4106 2945/4108 2946/4109
f 2944/4107 2946/4109 2947/4110 2920/4111
f 2944/4107 2920/4111 2919/4081 2924/4083
f 2947/4110 2946/4109 2948/4112 2949/4113
f 2947/4114 2949/4115 2950/4116 2951/4117
f 2947/4114 2951/4117 2921/4075 2920/4074
f 2951/4118 2950/4119 2952/4120 967/4121
f 2951/4118 967/4121 966/4077 2921/4076
f 2952/4120 2950/4119 2953/4122 2954/4123
f 2952/4120 2954/4123 1649/4124 1648/4125
f 2952/4120 1648/4125 960/4126 967/4121
f 2954/4123 2953/4122 2955/4127 2956/4128
f 2954/4123 2956/4128 2957/4129 1649/4124
f 2957/4129 2956/4128 2958/4130 2959/4131
f 2957/4132 2959/4133 2960/4134 1645/4135
f 2957/4132 1645/4135 1644/2476 1649/2475
f 2960/4134 2959/4133 2961/4136 2962/4137
f 2960/4138 2962/4139 2963/4140 1641/2463
f 2960/4138 1641/2463 1640/2462 1645/2469
f 2963/4140 2962/4139 2964/4141 2965/4142
f 2963/4140 2965/4142 2966/4143 2967/4144
f 2963/4140 2967/4144 1642/2464 1641/2463
f 2967/4145 2966/4146 2968/4147 2969/4148
f 2967/4145 2969/4148 591/423 1642/2465
f 2969/4148 2968/4147 2970/4149 2971/4150
f 2969/4148 2971/4150 66/418 591/423
f 2971/4151 2970/4152 2972/4153 2973/4154
f 2971/4151 2973/4154 585/4155 66/4156
f 2973/4157 2972/4158 2974/4159 2975/4160
f 2973/4157 2975/4160 586/413 585/412
f 2975/4160 2974/4159 2976/4161 2977/4162
f 2975/4160 2977/4162 2978/4163 586/413
f 2978/4163 2979/4164 583/410 586/413
f 2978/4163 2977/4162 2980/4165 2981/4166
f 2978/4167 2981/4168 2982/4169 2979/4170
f 2982/4171 2983/4172 2984/4173 2979/4174
f 2982/4169 2981/4168 2985/4175 2986/4176
f 2982/4171 2986/4177 2987/4178 2983/4172
f 2987/4179 672/534 2988/4180 2983/4181
f 2987/4182 2986/4183 480/4184 479/4185
f 2987/4179 479/183 485/182 672/534
f 2988/4180 668/530 667/529 2989/4186
f 2988/4180 2989/4186 2984/4187 2983/4181
f 2988/4180 672/534 671/533 668/530
f 2989/4186 667/529 588/420 587/419
f 2989/4186 587/419 584/4188 2984/4187
f 2986/4189 2985/4190 592/426 480/425
f 2985/4190 2981/4166 2980/4165 2990/4191
f 2985/4190 2990/4191 2991/4192 592/426
f 2991/4192 2990/4191 2992/4193 2993/4194
f 2991/4195 2993/4196 2994/4197 2995/4198
f 2991/4192 2995/4199 481/427 592/426
f 2995/4200 2994/4201 2996/4202 489/4203
f 2995/4200 489/4203 482/176 481/175
f 2996/4202 2994/4201 460/149 465/148
f 2996/4204 465/4205 2997/4206 501/217
f 2996/4204 501/217 26/187 489/189
f 2997/4207 465/148 464/147 452/4208
f 2997/4206 452/124 448/117 447/116
f 2997/4206 447/116 459/137 501/217
f 2994/4197 2993/4196 461/140 460/139
f 2993/4194 2992/4193 2998/4209 461/4210
f 2998/4209 2992/4193 2999/4211 3000/4212
f 2998/4213 3000/4214 3001/4215 3002/4216
f 2998/4213 3002/4216 462/141 461/140
f 3002/4217 3001/4218 3003/4219 3004/4220
f 3002/4217 3004/4220 463/144 462/143
f 3004/4221 3003/4222 3005/4223 458/132
f 3004/4221 458/132 453/131 463/4224
f 3005/4223 3003/4222 467/152 466/151
f 3005/4225 466/4226 474/164 3006/4227
f 3005/4225 3006/4227 456/128 458/4228
f 3006/4227 474/164 473/163 3007/4229
f 3006/4227 3007/4229 457/129 456/128
f 3007/4229 473/163 478/168 3008/4230
f 3007/4229 3008/4230 3009/4231 457/129
f 3009/4231 3008/4230 3010/4232 3011/4233
f 3009/4231 3011/4233 3012/4234 3013/4235
f 3009/4231 3013/4235 454/126 457/129
f 3013/4235 3012/4234 3014/4236 3015/4237
f 3013/4235 3015/4237 455/127 454/126
f 3015/4237 3014/4236 3016/4238 560/365
f 3015/4237 560/365 559/364 455/127
f 3016/4239 3014/4240 3017/4241 3018/4242
f 3016/4238 3018/4243 3019/4244 3020/4245
f 3016/4238 3020/4245 556/361 560/365
f 3020/4245 3019/4244 2727/4246 3021/4247
f 3020/4245 3021/4247 557/362 556/361
f 3021/4247 2727/4246 2725/4248 3022/4249
f 3021/4247 3022/4249 3023/4250 557/362
f 3023/4250 3024/4251 558/363 557/362
f 3023/4250 3022/4249 1738/2655 1736/2653
f 3023/4250 1736/2653 1734/2652 3024/4251
f 3024/4252 3025/4253 562/369 558/368
f 3024/4252 1734/2649 1732/2648 3025/4253
f 3025/4254 3026/4255 573/4256 562/4257
f 3025/4254 1732/2644 1730/2643 3026/4255
f 3026/4258 3027/4259 568/4260 573/4261
f 3026/4258 1730/2638 1729/2637 3027/4259
f 3027/4262 3028/4263 569/387 568/386
f 3027/4262 1729/2635 1728/2634 3028/4263
f 3028/4263 3029/4264 3030/4265 569/387
f 3028/4263 1728/2634 3031/4266 3029/4264
f 3031/4266 3032/4267 3033/4268 3029/4264
f 3031/4266 1728/2634 1726/2632 1725/2631
f 3031/4266 1725/2631 3034/4269 3032/4267
f 3034/4269 418/68 3035/4270 3032/4267
f 3034/4269 1725/2631 1723/2630 555/4271
f 3034/4269 555/4271 415/64 418/68
f 3035/4270 3036/4272 3037/4273 3038/4274
f 3035/4270 3038/4274 3033/4268 3032/4267
f 3035/4270 418/68 417/67 3036/4272
f 3038/4274 3037/4273 3039/4275 3040/4276
f 3038/4274 3040/4276 3041/4277 3033/4268
f 3041/4277 3040/4276 3042/4278 3043/4279
f 3041/4277 3043/4279 3044/4280 3030/4265
f 3041/4277 3030/4265 3029/4264 3033/4268
f 3044/4281 3043/4282 3045/4283 3046/4284
f 3044/4281 3046/4284 571/391 570/390
f 3044/4280 570/388 569/387 3030/4265
f 3046/4285 3045/4286 566/4287 565/378
f 3046/4285 565/378 563/377 571/4288
f 3045/4286 3047/4289 3048/4290 566/4287
f 3045/4283 3043/4282 3042/4291 3047/4292
f 3048/4293 549/340 548/339 567/4294
f 3048/4293 567/4294 564/4295 566/4296
f 3048/4290 3047/4289 554/354 549/353
f 3047/4289 3042/4278 3049/4297 554/354
f 3049/4297 3050/4298 551/355 554/354
f 3049/4297 3042/4278 3040/4276 3039/4275
f 3049/4299 3039/4300 3051/4301 3050/4302
f 3051/4303 3052/4304 3053/4305 3050/4306
f 3051/4301 3039/4300 3037/4307 3054/4308
f 3051/4303 3054/4309 3055/4310 3052/4304
f 3055/4310 546/4311 512/4312 3052/4304
f 3055/4313 3054/4314 3056/4315 3057/4316
f 3055/4310 3057/4317 542/4318 546/4311
f 3057/4317 3056/4319 419/4320 3058/4321
f 3057/4317 3058/4321 543/4322 542/4318
f 3056/4323 3054/4308 3037/4307 3036/4324
f 3056/4323 3036/4324 417/72 419/71
f 3053/4305 511/4325 510/4326 552/349
f 3053/4305 552/349 551/348 3050/4306
f 3053/4305 3052/4304 512/4312 511/4325
f 3022/4249 2725/4248 2724/4327 1738/2655
f 3019/4328 3018/4242 3059/4329 2730/3820
f 3019/4328 2730/3820 2728/3818 2727/3817
f 3059/4329 3018/4242 3017/4241 3060/4330
f 3059/4329 3060/4330 3061/4331 3062/4332
f 3059/4329 3062/4332 2731/3821 2730/3820
f 3062/4332 3061/4331 3063/4333 3064/4334
f 3062/4332 3064/4334 2732/3822 2731/3821
f 3064/4334 3063/4333 3065/4335 3066/4336
f 3064/4334 3066/4336 2734/3824 2732/3822
f 3066/4336 3065/4335 3067/4337 3068/4338
f 3066/4336 3068/4338 2736/3826 2734/3824
f 3068/4338 3067/4337 3069/4339 2741/3831
f 3068/4338 2741/3831 2738/3828 2736/3826
f 3069/4339 3067/4337 3070/4340 3071/4341
f 3069/4339 3071/4341 3072/4342 2744/3834
f 3069/4339 2744/3834 2742/3832 2741/3831
f 3072/4342 3071/4341 3073/4343 3074/4344
f 3072/4342 3074/4344 3075/4345 2747/3837
f 3072/4342 2747/3837 2745/3835 2744/3834
f 3075/4345 3074/4344 3076/4346 3077/4347
f 3075/4345 3077/4347 3078/4348 2750/3841
f 3075/4345 2750/3841 2748/3838 2747/3837
f 3078/4348 3077/4347 3079/4349 3080/4350
f 3078/4348 3080/4350 3081/4351 2753/4352
f 3078/4348 2753/4352 2751/3842 2750/3841
f 3081/4351 3080/4350 3082/4353 3083/4354
f 3081/4355 3083/4356 3084/4357 2756/3849
f 3081/4355 2756/3849 2754/3847 2753/3846
f 3084/4357 3083/4356 3085/4358 3086/4359
f 3084/4357 3086/4359 3087/4360 2759/3852
f 3084/4357 2759/3852 2757/3850 2756/3849
f 3087/4360 3086/4359 3088/4361 3089/4362
f 3087/4360 3089/4362 3090/4363 2762/3855
f 3087/4360 2762/3855 2760/3853 2759/3852
f 3090/4363 3089/4362 3091/4364 3092/4365
f 3090/4363 3092/4365 3093/4366 2765/3858
f 3090/4363 2765/3858 2763/3856 2762/3855
f 3093/4366 3092/4365 3094/4367 3095/4368
f 3093/4366 3095/4368 3096/4369 2768/3861
f 3093/4366 2768/3861 2766/3859 2765/3858
f 3096/4369 3095/4368 3097/4370 3098/4371
f 3096/4369 3098/4371 3099/4372 2771/3864
f 3096/4369 2771/3864 2769/3862 2768/3861
f 3099/4372 3098/4371 3100/4373 3101/4374
f 3099/4372 3101/4374 3102/4375 2774/3867
f 3099/4372 2774/3867 2772/3865 2771/3864
f 3102/4375 3101/4374 3103/4376 3104/4377
f 3102/4375 3104/4377 3105/4378 2777/3870
f 3102/4375 2777/3870 2775/3868 2774/3867
f 3105/4378 3104/4377 3106/4379 3107/4380
f 3105/4378 3107/4380 3108/4381 2780/3873
f 3105/4378 2780/3873 2778/3871 2777/3870
f 3108/4381 3107/4380 3109/4382 3110/4383
f 3108/4381 3110/4383 3111/4384 2783/3876
f 3108/4381 2783/3876 2781/3874 2780/3873
f 3111/4384 3110/4383 3112/4385 3113/4386
f 3111/4384 3113/4386 3114/4387 2786/3879
f 3111/4384 2786/3879 2784/3877 2783/3876
f 3114/4387 3113/4386 3115/4388 3116/4389
f 3114/4387 3116/4389 3117/4390 2789/3882
f 3114/4387 2789/3882 2787/3880 2786/3879
f 3117/4390 3116/4389 3118/4391 3119/4392
f 3117/4390 3119/4392 3120/4393 2792/3885
f 3117/4390 2792/3885 2790/3883 2789/3882
f 3120/4393 3119/4392 3121/4394 3122/4395
f 3120/4393 3122/4395 3123/4396 2795/3888
f 3120/4393 2795/3888 2793/3886 2792/3885
f 3123/4396 3122/4395 3124/4397 3125/4398
f 3123/4396 3125/4398 3126/4399 2798/3891
f 3123/4396 2798/3891 2796/3889 2795/3888
f 3126/4399 3125/4398 3127/4400 3128/4401
f 3126/4399 3128/4401 3129/4402 2801/3894
f 3126/4399 2801/3894 2799/3892 2798/3891
f 3129/4402 3128/4401 3130/4403 3131/4404
f 3129/4402 3131/4404 3132/4405 2804/3898
f 3129/4402 2804/3898 2802/3895 2801/3894
f 3132/4405 3131/4404 3133/4406 3134/4407
f 3132/4405 3134/4407 3135/4408 2807/4409
f 3132/4405 2807/4409 2805/3899 2804/3898
f 3135/4408 3134/4407 3136/4410 3137/4411
f 3135/4412 3137/4413 3138/4414 2810/3906
f 3135/4412 2810/3906 2808/3904 2807/3903
f 3138/4414 3137/4413 3139/4415 3140/4416
f 3138/4414 3140/4416 3141/4417 2813/3909
f 3138/4414 2813/3909 2811/3907 2810/3906
f 3141/4417 3140/4416 3142/4418 3143/4419
f 3141/4417 3143/4419 3144/4420 2816/3912
f 3141/4417 2816/3912 2814/3910 2813/3909
f 3144/4420 3143/4419 3145/4421 3146/4422
f 3144/4420 3146/4422 3147/4423 2819/3915
f 3144/4420 2819/3915 2817/3913 2816/3912
f 3147/4423 3146/4422 3148/4424 3149/4425
f 3147/4423 3149/4425 3150/4426 2822/3918
f 3147/4423 2822/3918 2820/3916 2819/3915
f 3150/4426 3149/4425 3151/4427 3152/4428
f 3150/4426 3152/4428 3153/4429 3154/4430
f 3150/4426 3154/4430 2823/3919 2822/3918
f 3154/4430 3153/4429 3155/4431 3156/4432
f 3154/4430 3156/4432 2824/3920 2823/3919
f 3156/4432 3155/4431 1214/1584 3157/4433
f 3156/4432 3157/4433 2826/3922 2824/3920
f 3157/4433 1214/1584 1213/1583 3158/4434
f 3157/4433 3158/4434 2828/3924 2826/3922
f 3158/4434 1213/1583 1217/1587 3159/4435
f 3158/4434 3159/4435 3160/4436 2828/3924
f 3160/4436 3159/4435 3161/4437 3162/4438
f 3160/4436 3162/4438 3163/4439 2831/3927
f 3160/4436 2831/3927 2829/3925 2828/3924
f 3163/4439 3162/4438 3164/4440 3165/4441
f 3163/4439 3165/4441 3166/4442 2834/3930
f 3163/4439 2834/3930 2832/3928 2831/3927
f 3166/4442 3165/4441 3167/4443 3168/4444
f 3166/4442 3168/4444 3169/4445 2837/3933
f 3166/4442 2837/3933 2835/3931 2834/3930
f 3169/4445 3168/4444 3170/4446 3171/4447
f 3169/4445 3171/4447 3172/4448 2840/3936
f 3169/4445 2840/3936 2838/3934 2837/3933
f 3172/4449 3171/4450 3173/4451 3174/4452
f 3172/4453 3174/4454 3175/4455 2843/4456
f 3172/4448 2843/3939 2841/3937 2840/3936
f 3175/4455 3174/4454 3176/4457 3177/4458
f 3175/4455 3177/4458 3178/4459 2846/3944
f 3175/4455 2846/3944 2844/3943 2843/4456
f 3178/4459 3177/4458 3179/4460 3180/4461
f 3178/4459 3180/4461 3181/4462 2849/3948
f 3178/4459 2849/3948 2847/3945 2846/3944
f 3181/4463 3180/4464 3182/4465 3183/4466
f 3181/4463 3183/4466 3184/4467 2852/4468
f 3181/4462 2852/3951 2850/3949 2849/3948
f 3184/4467 3183/4466 3185/4469 3186/4470
f 3184/4467 3186/4470 3187/4471 2855/3956
f 3184/4467 2855/3956 2853/3955 2852/4468
f 3187/4471 3186/4470 3188/4472 3189/4473
f 3187/4471 3189/4473 3190/4474 2858/3960
f 3187/4471 2858/3960 2856/3957 2855/3956
f 3190/4474 3189/4473 3191/4475 3192/4476
f 3190/4474 3192/4476 3193/4477 2861/3963
f 3190/4474 2861/3963 2859/3961 2858/3960
f 3193/4477 3192/4476 3194/4478 3195/4479
f 3193/4477 3195/4479 3196/4480 2864/3966
f 3193/4477 2864/3966 2862/3964 2861/3963
f 3196/4480 3195/4479 3197/4481 3198/4482
f 3196/4480 3198/4482 3199/4483 2867/3969
f 3196/4480 2867/3969 2865/3967 2864/3966
f 3199/4483 3198/4482 3200/4484 3201/4485
f 3199/4483 3201/4485 3202/4486 2870/3972
f 3199/4483 2870/3972 2868/3970 2867/3969
f 3202/4486 3201/4485 3203/4487 713/4488
f 3202/4486 713/4488 712/4489 2873/3975
f 3202/4486 2873/3975 2871/3973 2870/3972
f 3203/4487 3204/4490 3205/4491 714/4492
f 3203/4493 714/605 95/601 713/604
f 3203/4487 3201/4485 3200/4484 3204/4490
f 3205/4494 3206/4495 3207/4496 3208/4497
f 3205/4494 3208/4497 715/606 714/605
f 3205/4491 3204/4490 3209/4498 3206/4499
f 3209/4498 3210/4500 3211/4501 3206/4499
f 3209/4498 3204/4490 3200/4484 3212/4502
f 3209/4498 3212/4502 3213/4503 3210/4500
f 3213/4503 3214/4504 3215/4505 3210/4500
f 3213/4503 3212/4502 3197/4481 3216/4506
f 3213/4503 3216/4506 3217/4507 3214/4504
f 3217/4507 3218/4508 3219/4509 3214/4504
f 3217/4507 3216/4506 3194/4478 3220/4510
f 3217/4507 3220/4510 3221/4511 3218/4508
f 3221/4511 3222/4512 3223/4513 3218/4508
f 3221/4511 3220/4510 3191/4475 3224/4514
f 3221/4511 3224/4514 3225/4515 3222/4512
f 3225/4515 3226/4516 3227/4517 3222/4512
f 3225/4515 3224/4514 3188/4472 3228/4518
f 3225/4515 3228/4518 3229/4519 3226/4516
f 3229/4519 3230/4520 3231/4521 3226/4516
f 3229/4519 3228/4518 3185/4469 3232/4522
f 3229/4519 3232/4522 3233/4523 3230/4520
f 3233/4523 3234/4524 3235/4525 3230/4520
f 3233/4523 3232/4522 3182/4465 3236/4526
f 3233/4523 3236/4526 3237/4527 3234/4524
f 3237/4527 3238/4528 3239/4529 3234/4524
f 3237/4527 3236/4526 3179/4530 3240/4531
f 3237/4532 3240/4533 3241/4534 3238/4535
f 3241/4534 3242/4536 3243/4537 3238/4535
f 3241/4534 3240/4533 3176/4457 3244/4538
f 3241/4534 3244/4538 3245/4539 3242/4536
f 3245/4539 3246/4540 3247/4541 3242/4536
f 3245/4539 3244/4538 3173/4542 3248/4543
f 3245/4539 3248/4543 3249/4544 3246/4540
f 3249/4544 3250/4545 3251/4546 3246/4540
f 3249/4547 3248/4548 3170/4549 3252/4550
f 3249/4547 3252/4550 3253/4551 3250/4552
f 3253/4551 3254/4553 3255/4554 3250/4552
f 3253/4555 3252/4556 3167/4443 3256/4557
f 3253/4555 3256/4557 3257/4558 3254/4559
f 3257/4558 3258/4560 3259/4561 3254/4559
f 3257/4558 3256/4557 3164/4440 3260/4562
f 3257/4558 3260/4562 3261/4563 3258/4560
f 3261/4563 3262/4564 3263/4565 3258/4560
f 3261/4563 3260/4562 3161/4437 3264/4566
f 3261/4563 3264/4566 3265/4567 3262/4564
f 3265/4567 3266/4568 3267/4569 3262/4564
f 3265/4567 3264/4566 1217/1587 1216/1586
f 3265/4567 1216/1586 1218/1588 3266/4568
f 3267/4569 3268/4570 3263/4565 3262/4564
f 3267/4569 3266/4568 3269/4571 3270/4572
f 3267/4569 3270/4572 3271/4573 3268/4570
f 3271/4573 3272/4574 3273/4575 3268/4570
f 3271/4573 3270/4572 3274/4576 3275/4577
f 3271/4573 3275/4577 3276/4578 3272/4574
f 3276/4579 3277/4580 3278/4581 3272/4582
f 3276/4578 3275/4577 3279/4583 3280/4584
f 3276/4585 3280/4586 3281/4587 3277/4588
f 3281/4589 3282/4590 3283/4591 3277/4592
f 3281/4593 3280/4584 3284/4594 3285/4595
f 3281/4589 3285/4596 3286/4597 3282/4590
f 3286/4597 3287/4598 1234/1609 3282/4590
f 3286/4597 3285/4596 3288/4599 3289/4600
f 3286/4597 3289/4600 3290/4601 3287/4598
f 3290/4601 3291/4602 3292/4603 3287/4598
f 3290/4601 3289/4600 3293/4604 3294/4605
f 3290/4601 3294/4605 3295/4606 3291/4602
f 3295/4606 3294/4605 3296/4607 3297/4608
f 3295/4606 3297/4608 3298/4609 3299/4610
f 3295/4606 3299/4610 3300/4611 3291/4602
f 3300/4611 3301/4612 3292/4603 3291/4602
f 3300/4611 3299/4610 3302/4613 3303/4614
f 3300/4611 3303/4614 3304/4615 3301/4612
f 3304/4615 3305/4616 1236/1611 3301/4612
f 3304/4615 3303/4614 3306/4617 3307/4618
f 3304/4615 3307/4618 3308/4619 3305/4616
f 3308/4619 3309/4620 3310/4621 3305/4616
f 3308/4619 3307/4618 3311/4622 3312/4623
f 3308/4619 3312/4623 3313/4624 3309/4620
f 3313/4624 3314/4625 3315/4626 3309/4620
f 3313/4624 3312/4623 3316/4627 3317/4628
f 3313/4624 3317/4628 3318/4629 3314/4625
f 3318/4630 3319/4631 3320/4632 3321/4633
f 3318/4634 3321/4635 3322/4636 3314/4637
f 3318/4629 3317/4628 3323/4638 3319/4639
f 3323/4638 3324/4640 3325/4641 3319/4639
f 3323/4638 3317/4628 3316/4627 3326/4642
f 3323/4638 3326/4642 3327/4643 3324/4640
f 3327/4643 3328/4644 3329/4645 3324/4640
f 3327/4643 3326/4642 3330/4646 3331/4647
f 3327/4643 3331/4647 3332/4648 3328/4644
f 3332/4648 3333/4649 3334/4650 3328/4644
f 3332/4648 3331/4647 3335/4651 3336/4652
f 3332/4648 3336/4652 3337/4653 3333/4649
f 3337/4653 3338/4654 3339/4655 3333/4649
f 3337/4653 3336/4652 3340/4656 3341/4657
f 3337/4653 3341/4657 3342/4658 3338/4654
f 3342/4658 3343/4659 3344/4660 3338/4654
f 3342/4658 3341/4657 3345/4661 3346/4662
f 3342/4658 3346/4662 3347/4663 3343/4659
f 3347/4663 3348/4664 3349/4665 3343/4659
f 3347/4663 3346/4662 3350/4666 3351/4667
f 3347/4663 3351/4667 3352/4668 3348/4664
f 3352/4668 3353/4669 3354/4670 3348/4664
f 3352/4668 3351/4667 3355/4671 3356/4672
f 3352/4668 3356/4672 3357/4673 3353/4669
f 3357/4673 1628/2449 3358/4674 3353/4669
f 3357/4673 3356/4672 3359/4675 3360/4676
f 3357/4673 3360/4676 1626/2450 1628/2449
f 3360/4677 3359/4678 3361/4679 3362/4680
f 3360/4677 3362/4680 1627/2445 1626/2444
f 3362/4680 3361/4679 3363/4681 3364/4682
f 3362/4680 3364/4682 3365/4683 1627/2445
f 3365/4683 3366/4684 1623/2446 1627/2445
f 3365/4683 3364/4682 3367/4685 3368/4686
f 3365/4683 3368/4686 3369/4687 3366/4684
f 3369/4688 3370/4689 3371/4690 3366/4691
f 3369/4687 3368/4686 3372/4692 3373/4693
f 3369/4688 3373/4694 3374/4695 3370/4689
f 3374/4695 3375/4696 3376/4697 3370/4689
f 3374/4695 3373/4694 3377/4698 3378/4699
f 3374/4695 3378/4699 3379/4700 3375/4696
f 3379/4700 3380/4701 3381/4702 3375/4696
f 3379/4700 3378/4699 3382/4703 3383/4704
f 3379/4700 3383/4704 3384/4705 3380/4701
f 3384/4705 3385/4706 3386/4707 3380/4701
f 3384/4705 3383/4704 3387/4708 3388/4709
f 3384/4705 3388/4709 3389/4710 3385/4706
f 3389/4710 3390/4711 3391/4712 3385/4706
f 3389/4710 3388/4709 3392/4713 3393/4714
f 3389/4710 3393/4714 3394/4715 3390/4711
f 3394/4715 3395/4716 3396/4717 3390/4711
f 3394/4715 3393/4714 3397/4718 3398/4719
f 3394/4715 3398/4719 3399/4720 3395/4716
f 3399/4720 3400/4721 3401/4722 3395/4716
f 3399/4720 3398/4719 3402/4723 3403/4724
f 3399/4720 3403/4724 3404/4725 3400/4721
f 3404/4725 3405/4726 3406/4727 3400/4721
f 3404/4725 3403/4724 3407/4728 3408/4729
f 3404/4725 3408/4729 3409/4730 3405/4726
f 3409/4730 1493/4731 3410/4732 3405/4726
f 3409/4730 3408/4729 3411/4733 3412/4734
f 3409/4730 3412/4734 1494/4735 1493/4731
f 3412/4734 3411/4733 3413/4736 3414/4737
f 3412/4734 3414/4737 1496/4738 1494/4735
f 3414/4737 3413/4736 3415/4739 3416/4740
f 3414/4737 3416/4740 3417/4741 1496/4738
f 3417/4742 3418/4743 1490/2184 1496/2190
f 3417/4741 3416/4740 3419/4744 3420/4745
f 3417/4742 3420/4746 3421/4747 3418/4743
f 3421/4747 3422/4748 3423/4749 3418/4743
f 3421/4747 3420/4746 3424/4750 1497/2192
f 3421/4747 1497/2192 339/2191 3422/4748
f 3424/4751 3420/4745 3419/4744 3425/4752
f 3424/4751 3425/4752 3426/4753 3427/4754
f 3424/4750 3427/4755 1498/2193 1497/2192
f 3427/4754 3426/4753 3428/4756 3429/4757
f 3427/4755 3429/4758 1620/2433 1498/2193
f 3429/4757 3428/4756 3430/4759 3431/4760
f 3429/4758 3431/4761 3432/4762 1620/2433
f 3432/4762 3433/4763 1621/2434 1620/2433
f 3432/4762 3431/4761 3434/4764 3435/4765
f 3432/4762 3435/4765 3436/4766 3433/4763
f 3436/4767 3437/4768 3438/4769 3433/4770
f 3436/4766 3435/4765 620/461 617/460
f 3436/4767 617/456 616/455 3437/4768
f 3438/4769 3439/4771 3440/4772 1622/2437
f 3438/4769 1622/2437 1621/2436 3433/4770
f 3438/4769 3437/4768 3441/4773 3439/4771
f 3441/4774 3442/4775 3443/4776 3439/4777
f 3441/4773 3437/4768 616/455 3444/4778
f 3441/4774 3444/4779 3445/4780 3442/4775
f 3445/4781 3446/4782 3447/4783 3442/4784
f 3445/4780 3444/4779 3448/4785 3449/4786
f 3445/4781 3449/4787 3450/4788 3446/4782
f 3450/4788 3451/4789 3452/4790 3446/4782
f 3450/4791 3449/4792 3453/4793 3454/4794
f 3450/4788 3454/4795 3455/4796 3451/4789
f 3455/4797 3454/4798 3456/4799 3457/4800
f 3455/4797 3457/4800 606/4801 605/4802
f 3455/4803 605/4804 604/4805 3451/4806
f 3457/4800 3456/4799 3458/4807 3459/4808
f 3457/4809 3459/4810 3460/4811 606/443
f 3460/4811 3459/4810 3461/4812 1565/2334
f 3460/4811 1565/2334 1564/2333 3462/4813
f 3460/4811 3462/4813 607/444 606/443
f 3462/4813 1564/2333 1598/2389 1597/2388
f 3462/4813 1597/2388 3463/4814 607/444
f 3463/4814 1597/2388 1596/2387 3464/4815
f 3463/4814 3464/4815 3465/4816 603/440
f 3463/4814 603/440 69/439 607/444
f 3465/4816 3464/4815 3466/4817 3467/4818
f 3465/4819 3467/4820 3468/4821 3469/4822
f 3465/4816 3469/4823 604/441 603/440
f 3469/4823 3468/4824 3470/4825 3452/4826
f 3469/4823 3452/4826 3451/4827 604/441
f 3470/4825 3468/4824 370/2382 1595/2385
f 3470/4828 1595/4829 3471/4830 3447/4831
f 3470/4832 3447/4783 3446/4782 3452/4790
f 3471/4833 1595/4834 1594/4835 3472/4836
f 3471/4833 3472/4836 3473/4837 3443/4838
f 3471/4833 3443/4838 3442/4784 3447/4783
f 3473/4837 3472/4836 3474/4839 3475/4840
f 3473/4841 3475/4842 3476/4843 3440/4844
f 3473/4841 3440/4844 3439/4777 3443/4776
f 3476/4845 1618/2438 1622/2437 3440/4772
f 3476/4843 3475/4842 3477/4846 3478/4847
f 3476/4843 3478/4847 1619/4848 1618/4849
f 3478/4847 3477/4846 3479/4850 3480/4851
f 3478/4852 3480/4853 3481/4854 1619/2431
f 3481/4854 3482/4855 1499/2432 1619/2431
f 3481/4854 3480/4853 3483/4856 3484/4857
f 3481/4858 3484/4859 3485/4860 3482/4861
f 3485/4862 3486/4863 3487/4864 3482/4865
f 3485/4860 3484/4859 3488/4866 3489/4867
f 3485/4862 3489/4868 3490/4869 3486/4863
f 3490/4869 3491/4870 3492/4871 3486/4863
f 3490/4869 3489/4868 3493/4872 3494/4873
f 3490/4869 3494/4873 3495/4874 3491/4870
f 3495/4875 3496/4876 3497/4877 3491/4878
f 3495/4874 3494/4873 3498/4879 3499/4880
f 3495/4875 3499/4881 3500/4882 3496/4876
f 3500/4882 3501/4883 3502/4884 3496/4876
f 3500/4882 3499/4881 3503/4885 3504/4886
f 3500/4882 3504/4886 3505/4887 3501/4883
f 3505/4888 3506/4889 3507/4890 3501/4891
f 3505/4892 3504/4893 3508/4894 3509/4895
f 3505/4888 3509/4896 3510/4897 3506/4889
f 3510/4898 3511/4899 3512/4900 3506/4901
f 3510/4897 3509/4896 3513/4902 3514/4903
f 3510/4898 3514/4904 3515/4905 3511/4899
f 3515/4906 3516/4907 3517/4908 3511/4909
f 3515/4905 3514/4904 3518/4910 3519/4911
f 3515/4906 3519/4912 3520/4913 3516/4907
f 3520/4913 1112/1391 1139/1440 3516/4907
f 3520/4913 3519/4912 3521/4914 3522/4915
f 3520/4913 3522/4915 1113/1392 1112/1391
f 3522/4915 3521/4914 1162/1483 1161/1482
f 3522/4915 1161/1482 1164/1486 1113/1392
f 3521/4916 3519/4911 3518/4910 3523/4917
f 3521/4916 3523/4917 3524/4918 1162/4919
f 3524/4918 3523/4917 3525/4920 3526/4921
f 3524/4922 3526/4923 3527/4924 3528/4925
f 3524/4922 3528/4925 1163/4926 1162/4927
f 3528/4925 3527/4924 3529/4928 3530/4929
f 3528/4925 3530/4929 1165/4930 1163/4926
f 3530/4929 3531/4931 1170/4932 1165/4930
f 3530/4929 3529/4928 3532/4933 3531/4931
f 3532/4933 3533/4934 3534/4935 3531/4931
f 3532/4936 3529/4937 3535/4938 3536/4939
f 3532/4936 3536/4939 3537/4940 3533/4941
f 3537/4940 3538/4942 3539/4943 3533/4941
f 3537/4944 3536/4945 3540/4946 3541/4947
f 3537/4944 3541/4947 3542/4948 3538/4949
f 3542/4950 3543/4951 3544/4952 3538/4953
f 3542/4948 3541/4947 3545/4954 3546/4955
f 3542/4950 3546/4956 1201/4957 3543/4951
f 3546/4958 3545/4959 3547/4960 3548/4961
f 3546/4958 3548/4961 1202/1570 1201/1569
f 3548/4961 3547/4960 3549/4962 3550/4963
f 3548/4961 3550/4963 1203/1571 1202/1570
f 3550/4963 3549/4962 3551/4964 3552/4965
f 3550/4963 3552/4965 3553/4966 1203/1571
f 3553/4966 3554/4967 1204/1572 1203/1571
f 3553/4968 3552/4969 3555/4970 3556/4971
f 3553/4968 3556/4971 3557/4972 3554/4973
f 3557/4972 3558/4974 3559/4975 3554/4973
f 3557/4972 3556/4971 3560/4976 3561/4977
f 3557/4972 3561/4977 3562/4978 3558/4974
f 3562/4978 3563/4979 3564/4980 3558/4974
f 3562/4978 3561/4977 3565/4981 3566/4982
f 3562/4978 3566/4982 3567/4983 3563/4979
f 3567/4983 3568/4984 3569/4985 3563/4979
f 3567/4983 3566/4982 3570/4986 3571/4987
f 3567/4983 3571/4987 3572/4988 3568/4984
f 3572/4988 3573/4989 3574/4990 3568/4984
f 3572/4988 3571/4987 3575/4991 3576/4992
f 3572/4988 3576/4992 3577/4993 3573/4989
f 3577/4993 3578/4994 1238/1615 3573/4989
f 3577/4993 3576/4992 3579/4995 3580/4996
f 3577/4993 3580/4996 3581/4997 3578/4994
f 3581/4997 3582/4998 3583/4999 3578/4994
f 3581/4997 3580/4996 3584/5000 3585/5001
f 3581/4997 3585/5001 3586/5002 3582/4998
f 3586/5002 3585/5001 3587/5003 3588/5004
f 3586/5002 3588/5004 1231/5005 3589/5006
f 3586/5002 3589/5006 3590/5007 3582/4998
f 3590/5007 3591/5008 3583/4999 3582/4998
f 3590/5007 3589/5006 3592/5009 3593/5010
f 3590/5007 3593/5010 3594/5011 3591/5008
f 3594/5011 3595/5012 1242/1619 3591/5008
f 3594/5013 3593/5014 3596/5015 1226/1597
f 3594/5013 1226/1597 1221/1592 3595/5016
f 3596/5015 3593/5014 3592/5017 3597/5018
f 3596/5015 3597/5018 3598/5019 3599/5020
f 3596/5015 3599/5020 1227/1598 1226/1597
f 3599/5020 3598/5019 3600/5021 3601/5022
f 3599/5020 3601/5022 3602/5023 1227/1598
f 3602/5023 1224/1595 244/1589 1227/1598
f 3602/5023 3601/5022 3603/5024 3604/5025
f 3602/5023 3604/5025 3605/5026 1224/1595
f 3605/5026 3606/5027 1225/1596 1224/1595
f 3605/5026 3604/5025 3607/5028 3608/5029
f 3605/5026 3608/5029 3609/5030 3606/5027
f 3609/5030 3610/5031 3611/5032 3612/5033
f 3609/5030 3612/5033 3613/5034 3606/5027
f 3609/5030 3608/5029 3614/5035 3610/5031
f 3614/5035 3615/5036 3616/5037 3610/5031
f 3614/5035 3608/5029 3607/5028 3617/5038
f 3614/5035 3617/5038 3618/5039 3615/5036
f 3618/5039 3619/5040 3620/5041 3615/5036
f 3618/5039 3617/5038 3621/5042 3622/5043
f 3618/5039 3622/5043 3623/5044 3619/5040
f 3623/5044 3624/5045 3625/5046 3619/5040
f 3623/5044 3622/5043 3626/5047 3627/5048
f 3623/5044 3627/5048 3628/5049 3624/5045
f 3628/5049 3629/5050 3630/5051 3624/5045
f 3628/5052 3627/5053 3631/5054 3632/5055
f 3628/5052 3632/5055 3633/5056 3629/5057
f 3633/5056 3634/5058 3635/5059 3629/5057
f 3633/5060 3632/5061 3636/5062 3637/5063
f 3633/5060 3637/5063 3638/5064 3634/5065
f 3638/5064 3639/5066 3640/5067 3634/5065
f 3638/5064 3637/5063 3641/5068 3642/5069
f 3638/5064 3642/5069 3643/5070 3639/5066
f 3643/5070 3644/5071 1424/2016 3639/5066
f 3643/5070 3642/5069 3645/5072 3646/5073
f 3643/5070 3646/5073 3647/5074 3644/5071
f 3647/5074 3648/5075 3649/5076 3644/5071
f 3647/5074 3646/5073 3650/5077 3651/5078
f 3647/5074 3651/5078 3652/5079 3648/5075
f 3652/5079 3653/5080 3654/5081 3648/5075
f 3652/5079 3651/5078 3655/5082 3656/5083
f 3652/5079 3656/5083 3657/5084 3653/5080
f 3657/5084 3656/5083 3658/5085 3659/5086
f 3657/5087 3659/5088 3660/5089 3661/5090
f 3657/5087 3661/5090 3662/5091 3653/5092
f 3662/5091 3663/5093 3654/5094 3653/5092
f 3662/5091 3661/5090 3664/5095 3665/5096
f 3662/5091 3665/5096 3666/5097 3663/5093
f 3666/5097 3667/5098 3668/5099 3663/5093
f 3666/5097 3665/5096 3669/5100 3670/5101
f 3666/5097 3670/5101 3671/5102 3667/5098
f 3671/5102 3672/5103 3673/5104 3667/5098
f 3671/5102 3670/5101 3674/5105 3675/5106
f 3671/5102 3675/5106 3676/5107 3672/5103
f 3676/5107 3677/5108 3678/5109 3672/5103
f 3676/5107 3675/5106 3679/5110 3680/5111
f 3676/5107 3680/5111 3681/5112 3677/5108
f 3681/5113 1416/2005 1422/2013 3677/5114
f 3681/5112 3680/5111 3682/5115 3683/5116
f 3681/5113 3683/5117 1417/2006 1416/2005
f 3683/5116 3682/5115 3684/5118 3685/5119
f 3683/5117 3685/5120 3686/5121 1417/2006
f 3686/5121 3687/5122 1413/2007 1417/2006
f 3686/5121 3685/5120 3688/5123 3689/5124
f 3686/5121 3689/5124 3690/5125 3687/5122
f 3690/5125 3691/5126 3692/5127 3687/5122
f 3690/5125 3689/5124 3693/5128 3694/5129
f 3690/5125 3694/5129 3695/5130 3691/5126
f 3695/5131 3696/5132 3697/5133 3691/5134
f 3695/5130 3694/5129 1474/2163 1478/2168
f 3695/5131 1478/5135 3698/5136 3696/5132
f 3698/5136 3699/5137 3700/5138 3696/5132
f 3698/5136 1478/5135 1477/5139 3701/5140
f 3698/5136 3701/5140 3702/5141 3699/5137
f 3702/5142 3703/5143 3704/5144 3699/5145
f 3702/5146 3701/5147 3705/5148 3706/5149
f 3702/5142 3706/5150 3707/5151 3703/5143
f 3707/5152 3708/5153 3709/5154 3703/5155
f 3707/5151 3706/5150 3710/5156 3711/5157
f 3707/5152 3711/5158 3712/5159 3708/5153
f 3712/5159 3713/5160 3714/5161 3708/5153
f 3712/5159 3711/5158 3715/5162 3716/5163
f 3712/5159 3716/5163 3717/5164 3713/5160
f 3717/5165 1315/1776 1314/1775 3713/5166
f 3717/5164 3716/5163 3718/5167 3719/5168
f 3717/5165 3719/5169 1316/1777 1315/1776
f 3719/5168 3718/5167 3720/5170 3721/5171
f 3719/5169 3721/5172 1274/1701 1316/1777
f 3721/5171 3720/5170 3722/5173 3723/5174
f 3721/5172 3723/5175 1275/1702 1274/1701
f 3723/5174 3722/5173 3724/5176 3725/5177
f 3723/5175 3725/5178 3726/5179 1275/1702
f 3726/5179 3727/5180 1276/1703 1275/1702
f 3726/5179 3725/5178 3728/5181 3729/5182
f 3726/5179 3729/5182 3730/5183 3727/5180
f 3730/5183 1268/1691 1267/1690 3727/5180
f 3730/5183 3729/5182 1198/1564 1263/1680
f 3730/5183 1263/1680 1262/1679 1268/1691
f 3729/5182 3728/5181 1199/1565 1198/1564
f 3728/5184 3725/5177 3724/5176 3731/5185
f 3728/5184 3731/5185 3732/5186 1199/5187
f 3732/5186 3731/5185 3733/5188 3734/5189
f 3732/5186 3734/5189 3735/5190 3736/5191
f 3732/5192 3736/5193 1195/1566 1199/1565
f 3736/5194 3735/5195 3737/5196 3738/5197
f 3736/5193 3738/5198 1196/5199 1195/1566
f 3738/5198 1190/5200 1189/5201 1196/5199
f 3738/5197 3737/5196 1191/1553 1190/1552
f 3737/5202 3735/5203 3739/5204 3740/5205
f 3737/5196 3740/5206 3741/5207 1191/1553
f 3741/5207 3742/5208 1192/1554 1191/1553
f 3741/5209 3740/5210 3743/5211 3744/5212
f 3741/5209 3744/5212 3745/5213 3742/5214
f 3745/5213 3746/5215 3747/5216 3742/5214
f 3745/5217 3744/5218 3748/5219 3749/5220
f 3745/5217 3749/5220 3750/5221 3746/5222
f 3750/5223 3751/5224 3752/5225 3746/5226
f 3750/5227 3749/5228 3753/5229 3754/5230
f 3750/5223 3754/5231 3755/5232 3751/5224
f 3755/5232 3756/5233 3757/5234 3751/5224
f 3755/5235 3754/5236 3758/5237 3759/5238
f 3755/5235 3759/5238 1223/1594 3756/5239
f 3759/5238 3758/5237 3760/5240 3761/5241
f 3759/5238 3761/5241 1219/1590 1223/1594
f 3761/5241 3760/5240 3762/5242 3763/5243
f 3761/5241 3763/5243 1220/1591 1219/1590
f 3763/5244 3762/5245 3764/5246 3765/5247
f 3763/5244 3765/5247 3766/5248 1220/5249
f 3766/5248 3595/5012 1221/5250 1220/5249
f 3766/5248 3765/5247 1241/1618 1240/1617
f 3766/5248 1240/1617 1242/1619 3595/5012
f 3765/5247 3764/5246 3767/5251 1241/1618
f 3767/5251 3764/5246 3768/5252 3569/4985
f 3767/5251 3569/4985 3568/4984 3574/4990
f 3767/5251 3574/4990 1237/1614 1241/1618
f 3768/5252 3764/5246 3762/5245 3769/5253
f 3768/5252 3769/5253 3770/5254 3564/4980
f 3768/5252 3564/4980 3563/4979 3569/4985
f 3770/5254 3769/5253 3771/5255 3772/5256
f 3770/5257 3772/5258 3773/5259 3559/5260
f 3770/5254 3559/4975 3558/4974 3564/4980
f 3773/5259 3772/5258 3774/5261 1212/1581
f 3773/5259 1212/1581 241/1567 1204/1572
f 3773/5259 1204/1572 3554/4967 3559/5260
f 3774/5261 3775/5262 3753/5263 3776/5264
f 3774/5261 3776/5264 1210/1579 1212/1581
f 3774/5261 3772/5258 3771/5265 3775/5262
f 3776/5266 3753/5267 3749/5268 3748/5269
f 3776/5264 3748/5270 1211/1580 1210/1579
f 3775/5262 3758/5237 3754/5236 3753/5263
f 3775/5262 3771/5265 3760/5240 3758/5237
f 3771/5255 3769/5253 3762/5245 3760/5271
f 3757/5234 3777/5272 3778/5273 3779/5274
f 3757/5234 3779/5274 3752/5225 3751/5224
f 3757/5234 3756/5233 3780/5275 3777/5272
f 3780/5275 3756/5233 1223/5276 1222/5277
f 3780/5278 1222/1593 1225/1596 3781/5279
f 3780/5280 3781/5281 3782/5282 3777/5283
f 3782/5284 3783/5285 3778/5273 3777/5272
f 3782/5286 3781/5287 3613/5288 3784/5289
f 3782/5290 3784/5291 3785/5292 3783/5293
f 3785/5294 3786/5295 3787/5296 3783/5297
f 3785/5292 3784/5291 3788/5298 3789/5299
f 3785/5292 3789/5299 3790/5300 3786/5301
f 3790/5302 3791/5303 3792/5304 3793/5305
f 3790/5302 3793/5305 3794/5306 3786/5307
f 3790/5300 3789/5299 3795/5308 3791/5309
f 3795/5308 3796/5310 3797/5311 3791/5309
f 3795/5308 3789/5299 3788/5298 3798/5312
f 3795/5308 3798/5312 3799/5313 3796/5310
f 3799/5314 3800/5315 3801/5316 3796/5317
f 3799/5318 3798/5319 3611/5032 3802/5320
f 3799/5318 3802/5320 3803/5321 3800/5322
f 3803/5321 3804/5323 3805/5324 3800/5322
f 3803/5321 3802/5320 3616/5037 3806/5325
f 3803/5321 3806/5325 3807/5326 3804/5323
f 3807/5326 3808/5327 3809/5328 3804/5323
f 3807/5326 3806/5325 3620/5041 3810/5329
f 3807/5326 3810/5329 3811/5330 3808/5327
f 3811/5330 3812/5331 1420/2011 3808/5327
f 3811/5330 3810/5329 3625/5046 3813/5332
f 3811/5330 3813/5332 3814/5333 3812/5331
f 3814/5333 3815/5334 3816/5335 3812/5331
f 3814/5333 3813/5332 3630/5051 3817/5336
f 3814/5333 3817/5336 3818/5337 3815/5334
f 3818/5337 3819/5338 3820/5339 3815/5334
f 3818/5337 3817/5336 3635/5340 3821/5341
f 3818/5337 3821/5341 1427/2020 3819/5338
f 3821/5342 3635/5059 3634/5058 3640/5343
f 3821/5341 3640/5344 1423/2021 1427/2020
f 3820/5339 3822/5345 3678/5346 3823/5347
f 3820/5339 3823/5347 3816/5335 3815/5334
f 3820/5339 3819/5338 3824/5348 3822/5345
f 3824/5349 3825/5350 3673/5104 3822/5351
f 3824/5348 3819/5338 1427/2020 1426/2019
f 3824/5349 1426/2025 1428/2024 3825/5350
f 3825/5350 1428/2024 3826/5352 3668/5099
f 3825/5350 3668/5099 3667/5098 3673/5104
f 3826/5352 1428/2024 1425/2023 3649/5353
f 3826/5354 3649/5076 3648/5075 3654/5081
f 3826/5352 3654/5094 3663/5093 3668/5099
f 3823/5347 3678/5346 3677/5114 1422/2013
f 3823/5347 1422/2013 1421/2012 3816/5335
f 3822/5351 3673/5104 3672/5103 3678/5109
f 3817/5336 3630/5051 3629/5050 3635/5340
f 3816/5335 1421/2012 1420/2011 3812/5331
f 3813/5332 3625/5046 3624/5045 3630/5051
f 3810/5329 3620/5041 3619/5040 3625/5046
f 3809/5328 1419/2010 1418/2009 3827/5355
f 3809/5328 3827/5355 3805/5324 3804/5323
f 3809/5328 3808/5327 1420/2011 1419/2010
f 3827/5356 1418/5357 3828/5358 3829/5359
f 3827/5360 3829/5361 3830/5362 3805/5363
f 3830/5364 3829/5365 3831/5366 3832/5367
f 3830/5364 3832/5367 3833/5368 3801/5369
f 3830/5362 3801/5316 3800/5315 3805/5363
f 3833/5370 3832/5371 3834/5372 3835/5373
f 3833/5370 3835/5373 3836/5374 3797/5375
f 3833/5368 3797/5311 3796/5310 3801/5369
f 3836/5376 3835/5377 3837/5378 3838/5379
f 3836/5376 3838/5379 3839/5380 3792/5381
f 3836/5374 3792/5304 3791/5303 3797/5375
f 3839/5380 3838/5379 3840/5382 3841/5383
f 3839/5380 3841/5383 3842/5384 3843/5385
f 3839/5380 3843/5385 3793/5386 3792/5381
f 3843/5387 3842/5388 1247/5389 3844/5390
f 3843/5385 3844/5391 3794/5392 3793/5386
f 3844/5390 1247/5389 1177/5393 1180/5394
f 3844/5391 1180/5395 3845/5396 3794/5392
f 3845/5396 1180/5395 1178/5397 3846/5398
f 3845/5396 3846/5398 3847/5399 3787/5400
f 3845/5401 3787/5402 3786/5403 3794/5404
f 3847/5405 3846/5406 3848/5407 3849/5408
f 3847/5409 3849/5410 3779/5411 3778/5412
f 3847/5409 3778/5412 3783/5297 3787/5296
f 3849/5408 3848/5407 3850/5413 3851/5414
f 3849/5410 3851/5415 3752/5416 3779/5411
f 3851/5414 3850/5413 1193/1555 3747/5417
f 3851/5415 3747/5216 3746/5215 3752/5416
f 3850/5413 3848/5407 1176/5418 1175/5419
f 3850/5413 1175/5419 1194/1556 1193/1555
f 3848/5407 3846/5406 1178/5420 1176/5418
f 3841/5421 3840/5422 3852/5423 1290/1721
f 3841/5421 1290/1721 1248/1640 3842/5424
f 3852/5423 1379/1936 3853/5425 3854/5426
f 3852/5423 3854/5426 1289/1720 1290/1721
f 3852/5423 3840/5422 1380/1937 1379/1936
f 3854/5426 3853/5425 3855/5427 3856/5428
f 3854/5426 3856/5428 1288/1718 1289/1720
f 3856/5428 3855/5427 1364/1902 3857/5429
f 3856/5428 3857/5429 1285/1715 1288/1718
f 3857/5429 1364/1902 301/1901 3858/5430
f 3857/5429 3858/5430 1286/1716 1285/1715
f 3858/5430 301/1901 1368/1907 3859/5431
f 3858/5430 3859/5431 3860/5432 1286/1716
f 3860/5432 3859/5431 3861/5433 1282/1712
f 3860/5432 1282/1712 1252/1650 1251/1649
f 3860/5432 1251/1649 1287/1717 1286/1716
f 3861/5433 3859/5431 1368/1907 3862/5434
f 3861/5433 3862/5434 3863/5435 3864/5436
f 3861/5433 3864/5436 1283/1713 1282/1712
f 3864/5436 3863/5435 1359/5437 3865/5438
f 3864/5436 3865/5438 1284/1714 1283/1713
f 3865/5438 1359/5437 1279/1706 1278/1705
f 3865/5438 1278/1705 1277/1704 1284/1714
f 3863/5439 3862/5440 1372/5441 3866/5442
f 3863/5443 3866/5444 1360/1891 1359/1890
f 3866/5445 1372/1921 1352/1920 1351/1900
f 3866/5445 1351/1900 1363/1899 1360/5446
f 3862/5434 1368/1907 1367/1906 1372/1921
f 3855/5427 1390/1954 1365/1903 1364/1902
f 3855/5427 3853/5425 1391/1955 1390/1954
f 3853/5447 1379/5448 1378/5449 1391/5450
f 3840/5382 3838/5379 3837/5378 1380/5451
f 3837/5452 3867/5453 305/1934 1380/1937
f 3837/5378 3835/5377 3834/5454 3867/5455
f 3867/5453 3868/5456 1383/1940 305/1934
f 3867/5455 3834/5454 3869/5457 3868/5458
f 3869/5457 3870/5459 1412/1998 3868/5458
f 3869/5460 3834/5372 3832/5371 3831/5461
f 3869/5460 3831/5461 3871/5462 3870/5463
f 3871/5464 3872/5465 3873/5466 3870/5467
f 3871/5468 3831/5469 3829/5470 3828/5471
f 3871/5472 3828/5473 3874/5474 3872/5475
f 3874/5474 3875/5476 3876/5477 3872/5475
f 3874/5478 3828/5358 1418/5357 1415/5479
f 3874/5480 1415/2003 1414/2002 3875/5481
f 3876/5482 3877/5483 3873/5466 3872/5465
f 3876/5477 3875/5476 3878/5484 3879/5485
f 3876/5482 3879/5486 3880/5487 3877/5483
f 3880/5488 1407/5489 1406/5490 3877/5491
f 3880/5492 3879/5493 3881/5494 3882/5495
f 3880/5488 3882/5496 1409/5497 1407/5489
f 3882/5498 3881/5499 3700/5500 3883/5501
f 3882/5496 3883/5502 3884/5503 1409/5497
f 3884/5504 1488/5505 1410/5506 1409/5507
f 3884/5503 3883/5502 3704/5508 3885/5509
f 3884/5503 3885/5509 3886/5510 1488/5511
f 3886/5512 3887/5513 1486/2182 1488/2181
f 3886/5514 3885/5515 3709/5516 3888/5517
f 3886/5512 3888/5518 3889/5519 3887/5513
f 3889/5520 1480/5521 1485/5522 3887/5523
f 3889/5519 3888/5518 3714/5524 3890/5525
f 3889/5519 3890/5525 1481/2172 1480/2171
f 3890/5525 3714/5524 3713/5166 1314/1775
f 3890/5525 1314/1775 1313/1774 1481/2172
f 3888/5517 3709/5516 3708/5526 3714/5527
f 3887/5523 1485/5522 1487/2178 1486/2177
f 3885/5509 3704/5508 3703/5528 3709/5529
f 3883/5501 3700/5500 3699/5145 3704/5144
f 3881/5530 3879/5485 3878/5484 3697/5531
f 3881/5532 3697/5133 3696/5132 3700/5138
f 3878/5533 3875/5481 1414/2002 3692/5534
f 3878/5533 3692/5534 3691/5134 3697/5133
f 3877/5491 1406/5490 1411/5535 3873/5536
f 3873/5537 1411/1999 1412/1998 3870/5459
f 3868/5456 1412/5538 1399/1970 1383/1940
f 3806/5325 3616/5037 3615/5036 3620/5041
f 3802/5320 3611/5032 3610/5031 3616/5037
f 3798/5319 3788/5539 3612/5033 3611/5032
f 3788/5539 3784/5540 3613/5034 3612/5033
f 3781/5279 1225/1596 3606/5027 3613/5034
f 3748/5219 3744/5218 3743/5541 1211/5542
f 3747/5417 1193/1555 1192/1554 3742/5208
f 3743/5543 3740/5544 3739/5545 3891/5546
f 3743/5543 3891/5546 1208/5547 1211/5548
f 3891/5546 3739/5545 3892/5549 3893/5550
f 3891/5551 3893/5552 1209/5553 1208/5554
f 3893/5552 3892/5555 3894/5556 3895/5557
f 3893/5552 3895/5557 3896/5558 1209/5553
f 3896/5558 3895/5557 3897/5559 3898/5560
f 3896/5561 3898/5562 3899/5563 3900/5564
f 3896/5561 3900/5564 1206/1575 1209/1578
f 3900/5564 3899/5563 3901/5565 3902/5566
f 3900/5564 3902/5566 1207/1576 1206/1575
f 3902/5567 3901/5568 3903/5569 3904/5570
f 3902/5571 3904/5572 3905/5573 1207/5574
f 3905/5573 3904/5572 3906/5575 3907/5576
f 3905/5573 3907/5576 3908/5577 3909/5578
f 3905/5573 3909/5578 1205/5579 1207/5574
f 3909/5580 3908/5581 3910/5582 3911/5583
f 3909/5580 3911/5583 1200/5584 1205/5585
f 3911/5583 3910/5582 3544/5586 3543/5587
f 3911/5588 3543/4951 1201/4957 1200/5589
f 3910/5590 3908/5591 3912/5592 3913/5593
f 3910/5590 3913/5593 3914/5594 3544/5595
f 3914/5596 3913/5597 3915/5598 3916/5599
f 3914/5596 3916/5599 3917/5600 3539/5601
f 3914/5594 3539/4943 3538/4942 3544/5595
f 3917/5600 3916/5599 3918/5602 3919/5603
f 3917/5600 3919/5603 1171/5604 3534/4935
f 3917/5600 3534/4935 3533/4934 3539/5601
f 3919/5605 3918/5606 3920/5607 3921/5608
f 3919/5605 3921/5608 1172/1511 1171/1510
f 3921/5609 3920/5610 1270/1693 3922/5611
f 3921/5612 3922/5613 1173/5614 1172/5615
f 3922/5616 1270/5617 1269/5618 3923/5619
f 3922/5616 3923/5619 3924/5620 1173/5621
f 3924/5620 3923/5619 3925/5622 3926/5623
f 3924/5620 3926/5623 1100/1364 1167/1507
f 3924/5620 1167/1507 264/5624 1173/5621
f 3926/5625 3925/5626 3927/5627 1142/5628
f 3926/5623 1142/1447 212/1361 1100/1364
f 3927/5629 3928/5630 3929/5631 3930/5632
f 3927/5629 3930/5632 1101/1366 1142/1447
f 3927/5627 3925/5626 1272/5633 3928/5634
f 3930/5632 3929/5631 1273/5635 1128/5636
f 3930/5632 1128/5636 1102/1367 1101/1366
f 3929/5631 3931/5637 3932/5638 1273/5635
f 3929/5631 3928/5630 3933/5639 3931/5637
f 3933/5639 3934/5640 3935/5641 3931/5637
f 3933/5639 3928/5630 1272/5642 1271/5643
f 3933/5639 1271/5643 3936/5644 3934/5640
f 3936/5644 3937/5645 3938/5646 3934/5640
f 3936/5647 1271/1694 1270/1693 3920/5610
f 3936/5644 3920/5607 3918/5606 3937/5645
f 3938/5648 3939/5649 3940/5650 3941/5651
f 3938/5646 3941/5652 3935/5641 3934/5640
f 3938/5648 3937/5653 3915/5654 3939/5649
f 3941/5651 3940/5650 3942/5655 1120/5656
f 3941/5652 1120/1406 218/1405 3935/5641
f 3942/5655 3943/5657 3944/5658 3945/5659
f 3942/5655 3945/5659 1121/5660 1120/5656
f 3942/5655 3940/5650 3946/5661 3943/5657
f 3946/5662 3907/5663 3906/5664 3943/5665
f 3946/5661 3940/5650 3939/5649 3912/5666
f 3946/5662 3912/5592 3908/5591 3907/5663
f 3945/5659 3944/5658 3947/5667 3948/5668
f 3945/5659 3948/5668 3949/5669 1121/5660
f 3949/5669 3948/5668 3950/5670 1291/5671
f 3949/5672 1291/1723 1130/1421 1129/1420
f 3949/5672 1129/1420 1122/1408 1121/1407
f 3950/5670 3951/5673 3952/5674 3953/5675
f 3950/5670 3953/5675 1292/5676 1291/5671
f 3950/5670 3948/5668 3947/5667 3951/5673
f 3953/5675 3952/5674 3954/5677 3955/5678
f 3953/5675 3955/5678 1293/5679 1292/5676
f 3955/5678 3954/5677 3956/5680 3957/5681
f 3955/5678 3957/5681 1326/5682 1293/5679
f 3957/5681 3956/5680 3958/5683 3959/5684
f 3957/5681 3959/5684 1468/5685 1326/5682
f 3959/5686 3958/5687 3960/5688 3961/5689
f 3959/5684 3961/5690 1519/5691 1468/5685
f 3961/5689 3960/5688 3962/5692 3963/5693
f 3961/5694 3963/5695 1520/5696 1519/5697
f 3963/5698 3962/5699 3964/5700 3965/5701
f 3963/5695 3965/5702 3966/5703 1520/5696
f 3966/5704 1512/5705 1521/5706 1520/5707
f 3966/5703 3965/5702 3967/5708 3968/5709
f 3966/5703 3968/5709 1509/5710 1512/5711
f 3968/5712 3967/5713 3969/5714 3970/5715
f 3968/5709 3970/5716 1510/5717 1509/5710
f 3970/5715 3969/5714 3971/5718 3972/5719
f 3970/5716 3972/5720 3973/5721 1510/5717
f 3973/5722 1513/5723 1511/5724 1510/5725
f 3973/5721 3972/5720 3974/5726 3975/5727
f 3973/5721 3975/5727 1514/5728 1513/5729
f 3975/5730 3974/5731 3976/5732 3977/5733
f 3975/5730 3977/5733 1515/5734 1514/5735
f 3977/5733 3976/5732 3978/5736 3979/5737
f 3977/5733 3979/5737 3980/5738 1515/5734
f 3980/5739 3981/5740 1516/2221 1515/2220
f 3980/5741 3979/5742 3982/5743 3983/5744
f 3980/5739 3983/5745 3984/5746 3981/5740
f 3984/5746 3985/5747 1546/2291 3981/5740
f 3984/5746 3983/5745 3986/5748 1542/2283
f 3984/5746 1542/2283 1541/2282 3985/5747
f 3986/5749 3983/5744 3982/5743 3987/5750
f 3986/5749 3987/5750 3988/5751 3989/5752
f 3986/5748 3989/5753 1543/2284 1542/2283
f 3989/5752 3988/5751 3512/5754 3990/5755
f 3989/5753 3990/5756 1140/1442 1543/2284
f 3990/5756 3512/5757 3511/4909 3517/4908
f 3990/5756 3517/4908 1138/1439 1140/1442
f 3988/5758 3987/5759 3991/5760 3507/5761
f 3988/5758 3507/5761 3506/4901 3512/4900
f 3991/5760 3987/5759 3982/5762 3992/5763
f 3991/5764 3992/5765 3993/5766 3502/5767
f 3991/5764 3502/5767 3501/4891 3507/4890
f 3993/5766 3992/5765 3978/5768 3994/5769
f 3993/5770 3994/5771 3995/5772 3497/4877
f 3993/5770 3497/4877 3496/4876 3502/4884
f 3995/5773 3994/5774 3996/5775 3997/5776
f 3995/5772 3997/5777 3998/5778 3492/5779
f 3995/5772 3492/5779 3491/4878 3497/4877
f 3998/5778 3997/5777 3999/5780 1501/5781
f 3998/5782 1501/2197 1500/2196 3487/4864
f 3998/5782 3487/4864 3486/4863 3492/4871
f 3999/5783 4000/5784 3971/5785 4001/5786
f 3999/5787 4001/5788 1502/5789 1501/5790
f 3999/5783 3997/5791 3996/5792 4000/5784
f 4001/5786 3971/5785 3969/5793 4002/5794
f 4001/5788 4002/5795 4003/5796 1502/5789
f 4003/5796 4002/5795 4004/5797 4005/5798
f 4003/5796 4005/5798 3423/5799 3422/5800
f 4003/5796 3422/5800 339/5801 1502/5789
f 4005/5798 4004/5797 3964/5802 4006/5803
f 4005/5798 4006/5803 1491/5804 3423/5799
f 4006/5803 3964/5802 3962/5805 4007/5806
f 4006/5803 4007/5806 1492/5807 1491/5804
f 4007/5808 3962/5809 3960/5810 4008/5811
f 4007/5806 4008/5812 1495/5813 1492/5807
f 4008/5811 3960/5810 3958/5814 4009/5815
f 4008/5816 4009/5817 4010/5818 1495/5819
f 4010/5820 1472/2161 1471/2160 1495/2189
f 4010/5818 4009/5817 4011/5821 4012/5822
f 4010/5823 4012/5824 4013/5825 1472/5826
f 4013/5827 4014/5828 1473/2162 1472/2161
f 4013/5825 4012/5824 4015/5829 4016/5830
f 4013/5827 4016/5831 4017/5832 4014/5828
f 4017/5832 4018/5833 4019/5834 4014/5828
f 4017/5832 4016/5831 4020/5835 4021/5836
f 4017/5832 4021/5836 4022/5837 4018/5833
f 4022/5838 4023/5839 4024/5840 4018/5841
f 4022/5837 4021/5836 4025/5842 4026/5843
f 4022/5838 4026/5844 4027/5845 4023/5839
f 4027/5845 4028/5846 4029/5847 4023/5839
f 4027/5845 4026/5844 4030/5848 4031/5849
f 4027/5845 4031/5849 4032/5850 4028/5846
f 4032/5851 4033/5852 4034/5853 4028/5854
f 4032/5850 4031/5849 3897/5559 4035/5855
f 4032/5851 4035/5856 4036/5857 4033/5852
f 4036/5858 3724/5176 3722/5173 4033/5859
f 4036/5857 4035/5856 3894/5860 3733/5861
f 4036/5858 3733/5188 3731/5185 3724/5176
f 4035/5855 3897/5559 3895/5557 3894/5556
f 4034/5862 3720/5170 3718/5167 4037/5863
f 4034/5853 4037/5864 4029/5865 4028/5854
f 4034/5862 4033/5859 3722/5173 3720/5170
f 4037/5863 3718/5167 3716/5163 3715/5162
f 4037/5864 3715/5866 4038/5867 4029/5865
f 4038/5867 3715/5866 3711/5157 3710/5156
f 4038/5868 3710/5869 4039/5870 4024/5840
f 4038/5868 4024/5840 4023/5839 4029/5847
f 4039/5870 3710/5869 3706/5149 3705/5148
f 4039/5870 3705/5148 1479/5871 4019/5872
f 4039/5870 4019/5872 4018/5841 4024/5840
f 4031/5849 4030/5848 3898/5560 3897/5559
f 4030/5873 4026/5843 4025/5842 4040/5874
f 4030/5873 4040/5874 3899/5563 3898/5562
f 4040/5874 4025/5842 4041/5875 4042/5876
f 4040/5874 4042/5876 3901/5565 3899/5563
f 4042/5877 4041/5878 4043/5879 4044/5880
f 4042/5877 4044/5880 3903/5569 3901/5568
f 4044/5881 4043/5882 4045/5883 4046/5884
f 4044/5881 4046/5884 4047/5885 3903/5886
f 4047/5887 4046/5888 3947/5889 3944/5890
f 4047/5887 3944/5890 3943/5665 3906/5664
f 4047/5885 3906/5575 3904/5572 3903/5886
f 4046/5888 4045/5891 3951/5892 3947/5889
f 4045/5883 4043/5882 4048/5893 4049/5894
f 4045/5891 4049/5895 3952/5896 3951/5892
f 4049/5894 4048/5893 4015/5897 4050/5898
f 4049/5895 4050/5899 3954/5900 3952/5896
f 4050/5898 4015/5897 4012/5822 4011/5821
f 4050/5899 4011/5901 3956/5902 3954/5900
f 4048/5903 4020/5904 4016/5830 4015/5829
f 4048/5903 4043/5879 4041/5878 4020/5904
f 4041/5875 4025/5842 4021/5836 4020/5835
f 4019/5834 1479/2169 1473/2162 4014/5828
f 4011/5901 4009/5815 3958/5814 3956/5902
f 4004/5905 3967/5906 3965/5701 3964/5700
f 4004/5905 4002/5794 3969/5793 3967/5906
f 4000/5907 3974/5908 3972/5719 3971/5718
f 4000/5784 3996/5792 3976/5909 3974/5910
f 3996/5792 3994/5769 3978/5768 3976/5909
f 3992/5763 3982/5762 3979/5737 3978/5736
f 3985/5911 4051/5912 1545/5913 1546/5914
f 3985/5747 1541/2282 1342/1851 4051/5915
f 4051/5915 1533/2272 1532/2289 1545/2288
f 4051/5915 1342/1851 1339/1844 1533/2272
f 3981/5740 1546/2291 1517/2222 1516/2221
f 3939/5649 3915/5654 3913/5916 3912/5666
f 3937/5917 3918/5602 3916/5599 3915/5598
f 3935/5641 218/1405 3932/5638 3931/5637
f 3925/5622 3923/5619 1269/5618 1272/5642
f 3894/5860 3892/5918 3734/5919 3733/5861
f 3892/5918 3739/5204 3735/5203 3734/5919
f 3727/5180 1267/1690 1277/1704 1276/1703
f 3705/5148 3701/5147 1477/5920 1479/5871
f 3694/5129 3693/5128 1475/2164 1474/2163
f 3693/5128 3689/5124 3688/5123 4052/5921
f 3693/5128 4052/5921 3410/5922 1475/2164
f 4052/5923 3688/5924 4053/5925 3406/4727
f 4052/5923 3406/4727 3405/4726 3410/4732
f 4053/5925 3688/5924 3685/5119 3684/5118
f 4053/5925 3684/5118 4054/5926 3401/4722
f 4053/5925 3401/4722 3400/4721 3406/4727
f 4054/5926 3684/5118 3682/5115 4055/5927
f 4054/5926 4055/5927 4056/5928 3396/4717
f 4054/5926 3396/4717 3395/4716 3401/4722
f 4056/5928 4055/5927 3679/5110 4057/5929
f 4056/5928 4057/5929 4058/5930 3391/4712
f 4056/5928 3391/4712 3390/4711 3396/4717
f 4058/5930 4057/5929 3674/5105 4059/5931
f 4058/5930 4059/5931 4060/5932 3386/4707
f 4058/5930 3386/4707 3385/4706 3391/4712
f 4060/5932 4059/5931 3669/5100 4061/5933
f 4060/5932 4061/5933 4062/5934 3381/4702
f 4060/5932 3381/4702 3380/4701 3386/4707
f 4062/5934 4061/5933 3664/5095 4063/5935
f 4062/5934 4063/5935 4064/5936 3376/4697
f 4062/5934 3376/4697 3375/4696 3381/4702
f 4064/5936 4063/5935 3660/5089 4065/5937
f 4064/5936 4065/5937 1624/2441 3371/4690
f 4064/5936 3371/4690 3370/4689 3376/4697
f 4065/5937 3660/5089 3659/5088 4066/5938
f 4065/5937 4066/5938 1625/2442 1624/2441
f 4066/5939 3659/5086 3658/5085 3358/4674
f 4066/5939 3358/4674 1628/2449 1625/2448
f 4063/5935 3664/5095 3661/5090 3660/5089
f 4061/5933 3669/5100 3665/5096 3664/5095
f 4059/5931 3674/5105 3670/5101 3669/5100
f 4057/5929 3679/5110 3675/5106 3674/5105
f 4055/5927 3682/5115 3680/5111 3679/5110
f 3692/5534 1414/2002 1413/2001 3687/5940
f 3658/5085 3656/5083 3655/5082 3354/4670
f 3658/5085 3354/4670 3353/4669 3358/4674
f 3655/5082 3651/5078 3650/5077 3349/4665
f 3655/5082 3349/4665 3348/4664 3354/4670
f 3650/5077 3646/5073 3645/5072 3344/4660
f 3650/5077 3344/4660 3343/4659 3349/4665
f 3649/5076 1425/2017 1424/2016 3644/5071
f 3645/5072 3642/5069 3641/5068 3339/4655
f 3645/5072 3339/4655 3338/4654 3344/4660
f 3641/5068 3637/5063 3636/5062 3334/4650
f 3641/5068 3334/4650 3333/4649 3339/4655
f 3640/5067 3639/5066 1424/2016 1423/2015
f 3636/5062 3632/5061 3631/5941 3329/4645
f 3636/5062 3329/4645 3328/4644 3334/4650
f 3631/5054 3627/5053 3626/5942 3325/5943
f 3631/5941 3325/4641 3324/4640 3329/4645
f 3626/5047 3622/5043 3621/5042 3320/5944
f 3626/5942 3320/4632 3319/4631 3325/5943
f 3621/5042 3617/5038 3607/5028 4067/5945
f 3621/5042 4067/5945 3321/4635 3320/5944
f 4067/5945 3607/5028 3604/5025 3603/5024
f 4067/5945 3603/5024 3322/4636 3321/4635
f 3603/5024 3601/5022 3600/5021 3322/4636
f 3600/5021 3598/5019 4068/5946 3315/5947
f 3600/5021 3315/5947 3314/4637 3322/4636
f 4068/5946 3598/5019 3597/5018 1229/1601
f 4068/5948 1229/5949 1228/1612 3310/4621
f 4068/5948 3310/4621 3309/4620 3315/4626
f 3597/5018 3592/5017 1230/1602 1229/1601
f 3592/5009 3589/5006 1231/5005 1230/5950
f 3591/5008 1242/1619 1239/1616 3583/4999
f 3588/5951 3587/5952 4069/5953 4070/5954
f 3588/5955 4070/5956 1232/5957 1231/5958
f 4070/5956 4069/5959 4071/5960 4072/5961
f 4070/5956 4072/5961 4073/5962 1232/5957
f 4073/5962 4072/5961 4074/5963 4075/5964
f 4073/5962 4075/5964 3283/5965 1233/5966
f 4073/5962 1233/5966 245/5967 1232/5957
f 4075/5964 4074/5963 4076/5968 3278/4581
f 4075/5964 3278/4581 3277/4580 3283/5965
f 4076/5968 4074/5963 4077/5969 4078/5970
f 4076/5968 4078/5970 4079/5971 3273/5972
f 4076/5968 3273/5972 3272/4582 3278/4581
f 4079/5971 4078/5970 4080/5973 3259/5974
f 4079/5975 3259/4561 3258/4560 3263/4565
f 4079/5975 3263/4565 3268/4570 3273/4575
f 4080/5976 4078/5977 4077/5978 4081/5979
f 4080/5976 4081/5979 4082/5980 3255/5981
f 4080/5973 3255/4554 3254/4553 3259/5974
f 4082/5980 4081/5979 4083/5982 4084/5983
f 4082/5980 4084/5983 4085/5984 3251/4546
f 4082/5980 3251/4546 3250/4545 3255/5981
f 4085/5984 4084/5983 4086/5985 4087/5986
f 4085/5984 4087/5986 4088/5987 3247/4541
f 4085/5984 3247/4541 3246/4540 3251/4546
f 4088/5988 4087/5989 4089/5990 4090/5991
f 4088/5988 4090/5991 4091/5992 3243/5993
f 4088/5987 3243/4537 3242/4536 3247/4541
f 4091/5992 4090/5991 4092/5994 4093/5995
f 4091/5992 4093/5995 4094/5996 3239/4529
f 4091/5992 3239/4529 3238/4528 3243/5993
f 4094/5996 4093/5995 4095/5997 4096/5998
f 4094/5996 4096/5998 4097/5999 3235/4525
f 4094/5996 3235/4525 3234/4524 3239/4529
f 4097/5999 4096/5998 4098/6000 4099/6001
f 4097/5999 4099/6001 4100/6002 3231/4521
f 4097/5999 3231/4521 3230/4520 3235/4525
f 4100/6002 4099/6001 4101/6003 4102/6004
f 4100/6002 4102/6004 4103/6005 3227/4517
f 4100/6002 3227/4517 3226/4516 3231/4521
f 4103/6005 4102/6004 4104/6006 4105/6007
f 4103/6005 4105/6007 4106/6008 3223/4513
f 4103/6005 3223/4513 3222/4512 3227/4517
f 4106/6008 4105/6007 4107/6009 4108/6010
f 4106/6008 4108/6010 4109/6011 3219/4509
f 4106/6008 3219/4509 3218/4508 3223/4513
f 4109/6011 4108/6010 4110/6012 4111/6013
f 4109/6011 4111/6013 4112/6014 3215/4505
f 4109/6011 3215/4505 3214/4504 3219/4509
f 4112/6015 4111/6016 4113/6017 4114/6018
f 4112/6015 4114/6018 4115/6019 3211/6020
f 4112/6014 3211/4501 3210/4500 3215/4505
f 4115/6019 4114/6018 1034/1230 4116/6021
f 4115/6019 4116/6021 4117/6022 3207/4496
f 4115/6019 3207/4496 3206/4495 3211/6020
f 4117/6022 4116/6021 4118/6023 4119/6024
f 4117/6022 4119/6024 4120/6025 4121/6026
f 4117/6022 4121/6026 3208/4497 3207/4496
f 4121/6026 4120/6025 4122/6027 4123/6028
f 4123/6028 4122/6027 726/6029 725/6030
f 4122/6031 4120/6032 4124/6033 766/6034
f 4122/6031 766/6034 761/6035 726/6036
f 4124/6037 4125/6038 4126/6039 4127/6040
f 4124/6037 4127/6040 764/6041 766/6042
f 4124/6033 4120/6032 4119/6043 4125/6044
f 4127/6045 4126/6046 4128/6047 4129/6048
f 4127/6045 4129/6048 765/6049 764/6050
f 4129/6048 4128/6047 4130/6051 4131/6052
f 4129/6048 4131/6052 738/637 765/6049
f 4131/6053 4130/6054 4132/6055 1044/1245
f 4131/6053 1044/1245 739/640 738/6056
f 4132/6055 4133/6057 4134/6058 4135/6059
f 4132/6055 4135/6059 1045/1246 1044/1245
f 4132/6055 4130/6054 4136/6060 4133/6057
f 4136/6061 4137/6062 4138/6063 4133/6064
f 4136/6061 4130/6051 4128/6047 4139/6065
f 4136/6061 4139/6065 4140/6066 4137/6062
f 4140/6066 4141/6067 4142/6068 4137/6062
f 4140/6069 4139/6070 4143/6071 4144/6072
f 4140/6069 4144/6072 4145/6073 4141/6074
f 4145/6073 4146/6075 4147/6076 4141/6074
f 4145/6077 4144/6078 1032/6079 1031/6080
f 4145/6081 1031/6082 1030/6083 4146/6084
f 4147/6085 4146/6086 4148/6087 4149/6088
f 4147/6089 4149/6090 4150/6091 4151/6092
f 4147/6093 4151/6094 4142/6068 4141/6067
f 4151/6095 4150/6096 1026/6097 1025/6098
f 4151/6094 1025/6099 1024/6100 4142/6068
f 4150/6101 4149/6102 4152/6103 4153/6104
f 4150/6096 4153/6105 4154/6106 1026/6097
f 4154/6106 4153/6105 4155/6107 1093/6108
f 4154/6109 1093/1356 1092/1355 4156/6110
f 4154/6109 4156/6110 1027/1219 1026/1218
f 4156/6111 1092/6112 1041/6113 1036/6114
f 4156/6110 1036/1241 1028/1220 1027/1219
f 4155/6107 4157/6115 4158/6116 4159/6117
f 4155/6107 4159/6117 1094/6118 1093/6108
f 4155/6119 4153/6104 4152/6103 4157/6120
f 4159/6117 4158/6116 4160/6121 1554/6122
f 4159/6117 1554/6122 1095/6123 1094/6118
f 4160/6124 4161/6125 4162/6126 4163/6127
f 4160/6121 4163/6128 1547/6129 1554/6122
f 4160/6124 4158/6130 4164/6131 4161/6125
f 4164/6132 4165/6133 4166/6134 4161/6135
f 4164/6131 4158/6130 4157/6136 4167/6137
f 4164/6132 4167/6138 4168/6139 4165/6133
f 4168/6140 4169/6141 4170/6142 4165/6143
f 4168/6139 4167/6138 4171/6144 4172/6145
f 4168/6140 4172/6146 4173/6147 4169/6141
f 4173/6147 4174/6148 4175/6149 4169/6141
f 4173/6147 4172/6146 4176/6150 4177/6151
f 4173/6147 4177/6151 4178/6152 4174/6148
f 4178/6152 4179/6153 4180/6154 4174/6148
f 4178/6152 4177/6151 1029/1222 1157/1472
f 4178/6155 1157/1480 1160/1479 4179/6156
f 4180/6157 4181/6158 4182/6159 4183/6160
f 4180/6154 4183/6161 4175/6149 4174/6148
f 4180/6157 4179/6162 4184/6163 4181/6158
f 4184/6164 3525/6165 4185/6166 4181/6167
f 4184/6163 4179/6162 1160/6168 4186/6169
f 4184/6164 4186/6170 3526/6171 3525/6165
f 4186/6172 1160/1479 1159/1478 4187/6173
f 4186/6170 4187/6174 3527/6175 3526/6171
f 4187/6174 3535/4938 3529/4937 3527/6175
f 4187/6176 1159/6177 1158/6178 3535/6179
f 4185/6180 3518/6181 3514/6182 3513/6183
f 4185/6166 3513/6184 4182/6185 4181/6167
f 4185/6186 3525/4920 3523/4917 3518/4910
f 4183/6160 4182/6159 3508/6187 4188/6188
f 4183/6161 4188/6189 4189/6190 4175/6149
f 4189/6190 4188/6189 3503/6191 4190/6192
f 4189/6190 4190/6192 4191/6193 4170/6142
f 4189/6190 4170/6142 4169/6141 4175/6149
f 4191/6193 4190/6192 3498/4879 4192/6194
f 4191/6195 4192/6196 4193/6197 4166/6198
f 4191/6195 4166/6198 4165/6199 4170/6200
f 4193/6201 4192/6202 3493/6203 4194/6204
f 4193/6201 4194/6204 4195/6205 4162/6206
f 4193/6201 4162/6206 4161/6135 4166/6134
f 4195/6205 4194/6204 3488/6207 4196/6208
f 4195/6209 4196/6210 4197/6211 4198/6212
f 4195/6209 4198/6212 4163/6127 4162/6126
f 4198/6213 4197/6214 4199/6215 1548/6216
f 4198/6213 1548/6216 1547/6129 4163/6128
f 4199/6215 4197/6214 4200/6217 4201/6218
f 4199/6215 4201/6218 4202/6219 4203/6220
f 4199/6221 4203/6222 1549/6223 1548/6224
f 4203/6225 4202/6226 4204/6227 4205/6228
f 4203/6225 4205/6228 1550/2300 1549/2299
f 4205/6228 4204/6227 4206/6229 4207/6230
f 4205/6228 4207/6230 4208/6231 1550/2300
f 4208/6231 4207/6230 4209/6232 4210/6233
f 4208/6234 4210/6235 1556/6236 1555/6237
f 4208/6231 1555/2309 1551/2301 1550/2300
f 4210/6233 4209/6232 4211/6238 4212/6239
f 4210/6240 4212/6241 4213/6242 1556/6243
f 4213/6244 4212/6245 4214/6246 4215/6247
f 4213/6248 4215/6249 4216/6250 4217/6251
f 4213/6248 4217/6251 1557/2311 1556/2310
f 4217/6251 4216/6250 1076/1313 1075/6252
f 4217/6251 1075/6252 1558/2312 1557/2311
f 4216/6250 4215/6249 1604/2404 1603/2403
f 4216/6250 1603/2403 1078/1314 1076/1313
f 4215/6247 4214/6246 1569/6253 1604/6254
f 4214/6255 4212/6239 4211/6238 4218/6256
f 4214/6255 4218/6256 1570/2341 1569/2340
f 4218/6257 4211/6258 1612/6259 1611/6260
f 4207/6261 4206/6262 1578/6263 4209/6264
f 4206/6229 4204/6227 4219/6265 4220/6266
f 4206/6229 4220/6266 1579/2352 1578/2351
f 4220/6266 4219/6265 1616/2427 1585/2426
f 4220/6267 1585/6268 1584/6269 1579/6270
f 4219/6265 4221/6271 1617/2428 1616/2427
f 4219/6265 4204/6227 4202/6226 4221/6271
f 4221/6272 4222/6273 4223/6274 1617/6275
f 4221/6272 4202/6219 4201/6218 4222/6273
f 4223/6276 3477/6277 3475/6278 3474/6279
f 4223/6274 3474/6280 1615/6281 1617/6275
f 4223/6274 4222/6273 3479/6282 3477/6283
f 4222/6273 4201/6218 4200/6217 3479/6282
f 4200/6284 3483/6285 3480/4851 3479/4850
f 4200/6284 4197/6211 4196/6210 3483/6285
f 4196/6208 3488/6207 3484/4857 3483/4856
f 4194/6204 3493/6203 3489/6286 3488/6207
f 4192/6194 3498/4879 3494/4873 3493/4872
f 4190/6192 3503/6191 3499/4880 3498/4879
f 4188/6188 3508/6187 3504/4886 3503/4885
f 4182/6287 3513/6288 3509/4895 3508/4894
f 4177/6151 4176/6150 1030/1223 1029/1222
f 4176/6289 4172/6145 4171/6144 4148/6290
f 4176/6289 4148/6290 4146/6291 1030/6292
f 4171/6293 4167/6137 4157/6136 4152/6294
f 4171/6295 4152/6296 4149/6088 4148/6087
f 4144/6297 4143/6298 4224/6299 1032/1227
f 4224/6299 4143/6298 4126/6039 4125/6038
f 4224/6300 4125/6044 4119/6043 4118/6301
f 4224/6299 4118/6302 1033/1228 1032/1227
f 4143/6071 4139/6070 4128/6303 4126/6304
f 4142/6068 1024/6100 4138/6063 4137/6062
f 4138/6305 1024/1216 1023/1215 1037/1237
f 4138/6305 1037/1237 4134/6058 4133/6057
f 4135/6059 4134/6058 1038/6306 4225/6307
f 4135/6059 4225/6307 1048/1251 1045/1246
f 4225/6307 1038/6306 196/1236 4226/6308
f 4225/6309 4226/6310 1049/1256 1048/1255
f 4226/6308 196/1236 1040/1240 4227/6311
f 4226/6308 4227/6311 1050/1259 1049/1258
f 4227/6311 1040/1240 201/1274 1058/1273
f 4227/6311 1058/1273 1063/1287 1050/1259
f 4134/6058 1037/1237 196/1236 1038/6306
f 4118/6023 4116/6021 1034/1230 1033/1229
f 4114/6018 4113/6017 1035/1231 1034/1230
f 4113/6017 4228/6312 228/1461 1035/1231
f 4113/6017 4111/6016 4110/6313 4228/6312
f 4228/6312 4229/6314 1155/1470 228/1461
f 4228/6315 4110/6012 4230/6316 4229/6317
f 4230/6316 4231/6318 3551/6319 4229/6317
f 4230/6316 4110/6012 4108/6010 4107/6009
f 4230/6316 4107/6009 4232/6320 4231/6318
f 4232/6320 4233/6321 3555/4970 4231/6318
f 4232/6320 4107/6009 4105/6007 4104/6006
f 4232/6320 4104/6006 4234/6322 4233/6321
f 4234/6322 4235/6323 3560/4976 4233/6321
f 4234/6322 4104/6006 4102/6004 4101/6003
f 4234/6322 4101/6003 4236/6324 4235/6323
f 4236/6324 4237/6325 3565/4981 4235/6323
f 4236/6324 4101/6003 4099/6001 4098/6000
f 4236/6324 4098/6000 4238/6326 4237/6325
f 4238/6326 4239/6327 3570/4986 4237/6325
f 4238/6326 4098/6000 4096/5998 4095/5997
f 4238/6326 4095/5997 4240/6328 4239/6327
f 4240/6328 4241/6329 3575/4991 4239/6327
f 4240/6328 4095/5997 4093/5995 4092/5994
f 4240/6328 4092/5994 4242/6330 4241/6329
f 4242/6330 4243/6331 3579/4995 4241/6329
f 4242/6330 4092/5994 4090/5991 4089/5990
f 4242/6330 4089/5990 4244/6332 4243/6331
f 4244/6332 4245/6333 3584/5000 4243/6331
f 4244/6332 4089/5990 4087/5989 4086/6334
f 4244/6332 4086/6334 4246/6335 4245/6333
f 4246/6335 4069/6336 3587/5003 4245/6333
f 4246/6337 4086/5985 4084/5983 4083/5982
f 4246/6337 4083/5982 4071/6338 4069/6339
f 4245/6333 3587/5003 3585/5001 3584/5000
f 4243/6331 3584/5000 3580/4996 3579/4995
f 4241/6329 3579/4995 3576/4992 3575/4991
f 4239/6327 3575/4991 3571/4987 3570/4986
f 4237/6325 3570/4986 3566/4982 3565/4981
f 4235/6323 3565/4981 3561/4977 3560/4976
f 4233/6321 3560/4976 3556/4971 3555/4970
f 4231/6318 3555/4970 3552/4969 3551/6319
f 4229/6314 3551/4964 3549/4962 1155/1470
f 4083/5982 4081/5979 4077/5978 4071/6338
f 4077/5969 4074/5963 4072/5961 4071/5960
f 3583/4999 1239/1616 1238/1615 3578/4994
f 3574/4990 3573/4989 1238/1615 1237/1614
f 3549/4962 3547/4960 1156/1471 1155/1470
f 3547/4960 3545/4959 4247/6340 1156/1471
f 4247/6341 3545/6342 3541/6343 3540/6344
f 4247/6345 3540/6346 1158/6178 1151/6347
f 4247/6340 1151/6348 1150/6349 1156/1471
f 3540/6346 3536/6350 3535/6179 1158/6178
f 3534/4935 1171/5604 1170/4932 3531/4931
f 3517/4908 3516/4907 1139/1440 1138/1439
f 3487/4864 1500/2196 1499/2195 3482/4865
f 3474/4839 3472/4836 1594/4835 1615/6351
f 3468/4821 3467/4820 1586/2371 370/2362
f 3467/4818 3466/4817 1591/2378 1586/2381
f 3466/4817 1599/2391 1592/2379 1591/2378
f 3466/4817 3464/4815 1596/2387 1599/2391
f 3461/6352 4248/6353 4249/6354 4250/6355
f 3461/4812 4250/6356 1566/2335 1565/2334
f 3461/6357 3459/4808 3458/4807 4248/6358
f 4250/6356 4249/6359 4251/6360 4252/6361
f 4250/6356 4252/6361 1068/1298 1566/2335
f 4252/6361 4251/6360 4253/6362 4254/6363
f 4252/6361 4254/6363 1065/1291 1068/1298
f 4254/6363 4253/6362 4255/6364 4256/6365
f 4254/6363 4256/6365 1066/1292 1065/1291
f 4256/6365 4255/6364 4257/6366 1043/1244
f 4256/6365 1043/1244 1042/1243 1066/1292
f 4257/6367 4258/6368 763/6369 741/6370
f 4257/6366 741/643 740/642 1043/1244
f 4257/6367 4255/6371 4259/6372 4258/6368
f 4259/6373 4260/6374 4261/6375 4258/6376
f 4259/6372 4255/6371 4253/6377 4262/6378
f 4259/6373 4262/6379 4263/6380 4260/6374
f 4263/6381 4264/6382 4265/6383 4260/6384
f 4263/6380 4262/6379 4266/6385 4267/6386
f 4263/6387 4267/6388 4268/6389 4264/6390
f 4268/6389 4269/6391 4270/6392 4264/6390
f 4268/6389 4267/6388 4271/6393 4272/6394
f 4268/6389 4272/6394 4273/6395 4269/6391
f 4273/6396 4274/6397 4275/6398 4269/6399
f 4273/6400 4272/6401 4276/6402 4277/6403
f 4273/6396 4277/6404 4278/6405 4274/6397
f 4278/6405 4279/6406 4280/6407 4274/6397
f 4278/6405 4277/6404 4281/6408 4282/6409
f 4278/6405 4282/6409 4283/6410 4279/6406
f 4283/6410 4284/6411 4285/6412 4279/6406
f 4283/6410 4282/6409 4286/6413 4287/6414
f 4283/6410 4287/6414 4288/6415 4284/6411
f 4288/6416 4289/6417 4290/6418 4284/6419
f 4288/6416 4287/6420 611/6421 4291/6422
f 4288/6416 4291/6422 4292/6423 4289/6417
f 4292/6423 629/6424 633/6425 4289/6417
f 4292/6423 4291/6422 4293/6426 4294/6427
f 4292/6428 4294/6429 630/6430 629/6431
f 4294/6429 4293/6432 4295/6433 4296/6434
f 4294/6429 4296/6434 4297/6435 630/6430
f 4297/6436 4298/6437 631/475 630/474
f 4297/6435 4296/6434 4299/6438 4300/6439
f 4297/6436 4300/6440 4301/6441 4298/6437
f 4301/6441 4302/6442 4303/6443 4298/6437
f 4301/6441 4300/6440 4304/6444 4305/6445
f 4301/6441 4305/6445 4306/6446 4302/6442
f 4306/6446 4307/6447 627/470 4302/6442
f 4306/6446 4305/6445 4308/6448 4309/6449
f 4306/6446 4309/6449 4310/6450 4307/6447
f 4310/6450 4311/6451 4312/6452 4307/6447
f 4310/6450 4309/6449 4313/6453 602/438
f 4310/6450 602/438 595/431 4311/6451
f 4313/6453 4309/6449 4308/6448 4314/6454
f 4313/6453 4314/6454 4315/6455 4316/6456
f 4313/6453 4316/6456 600/436 602/438
f 4316/6456 4315/6455 579/401 4317/6457
f 4316/6456 4317/6457 601/437 600/436
f 4317/6457 579/401 578/400 4318/6458
f 4317/6457 4318/6458 4319/6459 601/437
f 4319/6459 4318/6458 4320/6460 4321/6461
f 4319/6459 4321/6461 4322/6462 4323/6463
f 4319/6459 4323/6463 596/432 601/437
f 4323/6463 4322/6462 4324/6464 4325/6465
f 4323/6463 4325/6465 597/433 596/432
f 4325/6465 4324/6464 4326/6466 4327/6467
f 4325/6465 4327/6467 4328/6468 597/433
f 4328/6468 4329/6469 598/434 597/433
f 4328/6468 4327/6467 2948/4112 4330/6470
f 4328/6468 4330/6470 4331/6471 4329/6469
f 4331/6471 929/1015 4332/6472 4329/6469
f 4331/6471 4330/6470 2945/4108 4333/6473
f 4331/6471 4333/6473 924/1009 929/1015
f 4333/6473 2945/4108 2943/4106 2942/4105
f 4333/6473 2942/4105 925/1010 924/1009
f 4332/6472 4334/6474 4335/6475 599/435
f 4332/6472 599/435 598/434 4329/6469
f 4332/6472 929/1015 928/1014 4334/6474
f 4335/6475 4336/6476 4337/6477 4338/6478
f 4335/6475 4338/6478 593/429 599/435
f 4335/6479 4334/6480 663/6481 4336/6482
f 4338/6478 4337/6477 4339/6483 4340/6484
f 4338/6478 4340/6484 594/430 593/429
f 4340/6484 4339/6483 4341/6485 4342/6486
f 4340/6484 4342/6486 4343/6487 594/430
f 4343/6487 4342/6486 4344/6488 4345/6489
f 4343/6487 4345/6489 4312/6452 4311/6451
f 4343/6487 4311/6451 595/431 594/430
f 4345/6489 4344/6488 4346/6490 622/465
f 4345/6489 622/465 72/464 4312/6452
f 4346/6490 4347/6491 4348/6492 4349/6493
f 4346/6490 4349/6493 623/466 622/465
f 4346/6490 4344/6488 4350/6494 4347/6491
f 4350/6495 4351/6496 4352/6497 4347/6498
f 4350/6494 4344/6488 4342/6486 4341/6485
f 4350/6495 4341/6499 4353/6500 4351/6496
f 4353/6500 4354/6501 4355/6502 4351/6496
f 4353/6500 4341/6499 4339/6503 4356/6504
f 4353/6500 4356/6504 4357/6505 4354/6501
f 4357/6505 4358/6506 4359/6507 4354/6501
f 4357/6505 4356/6504 4360/6508 4361/6509
f 4357/6505 4361/6509 4362/6510 4358/6506
f 4362/6510 4363/6511 4364/6512 4358/6506
f 4362/6513 4361/6514 4365/6515 4366/6516
f 4362/6513 4366/6516 4367/6517 4363/6518
f 4367/6517 4368/6519 4369/6520 4363/6518
f 4367/6517 4366/6516 4370/6521 4371/6522
f 4367/6523 4371/6524 4372/6525 4368/6526
f 4372/6527 4373/6528 4374/6529 4368/6530
f 4372/6525 4371/6524 4375/6531 4376/6532
f 4372/6527 4376/6533 4377/6534 4373/6528
f 4377/6534 4378/6535 4379/6536 4373/6528
f 4377/6534 4376/6533 4380/6537 4381/6538
f 4377/6534 4381/6538 4382/6539 4378/6535
f 4382/6539 656/512 651/506 4378/6535
f 4382/6540 4381/6541 4383/6542 4384/6543
f 4382/6539 4384/6544 657/513 656/512
f 4384/6543 4383/6542 4385/6545 4386/6546
f 4384/6544 4386/6547 4387/6548 657/513
f 4387/6548 4388/6549 658/514 657/513
f 4387/6548 4386/6547 648/502 647/501
f 4387/6548 647/501 649/503 4388/6549
f 4388/6549 649/503 4389/6550 4390/6551
f 4388/6549 4390/6551 655/510 658/514
f 4390/6551 4389/6550 637/6552 4391/6553
f 4390/6551 4391/6553 653/508 655/510
f 4391/6553 637/6552 636/6554 4392/6555
f 4391/6553 4392/6555 654/509 653/508
f 4392/6555 636/6554 635/485 4393/6556
f 4392/6555 4393/6556 4394/6557 654/509
f 4394/6558 4393/6559 4395/6560 4374/6561
f 4394/6558 4374/6561 4373/6562 4379/6563
f 4394/6557 4379/6536 650/505 654/509
f 4395/6560 4393/6559 635/6564 639/6565
f 4395/6566 639/484 4396/6567 4369/6568
f 4395/6566 4369/6568 4368/6530 4374/6529
f 4396/6567 639/484 638/483 4397/6569
f 4396/6570 4397/6571 4398/6572 4364/6512
f 4396/6570 4364/6512 4363/6511 4369/6573
f 4398/6572 4397/6571 4399/6574 4400/6575
f 4398/6572 4400/6575 4401/6576 4359/6507
f 4398/6572 4359/6507 4358/6506 4364/6512
f 4401/6576 4400/6575 4402/6577 4403/6578
f 4401/6576 4403/6578 4404/6579 4355/6502
f 4401/6576 4355/6502 4354/6501 4359/6507
f 4404/6580 4403/6581 4405/6582 4406/6583
f 4404/6580 4406/6583 4407/6584 4352/6585
f 4404/6579 4352/6497 4351/6496 4355/6502
f 4407/6584 4406/6583 4408/6586 4409/6587
f 4407/6584 4409/6587 4410/6588 4348/6589
f 4407/6584 4348/6589 4347/6590 4352/6585
f 4410/6588 4409/6587 4411/6591 4412/6592
f 4410/6593 4412/6594 4413/6595 4414/6596
f 4410/6593 4414/6596 4349/6493 4348/6492
f 4414/6596 4413/6595 729/627 728/626
f 4414/6596 728/626 623/466 4349/6493
f 4413/6595 4412/6594 4415/6597 4416/6598
f 4413/6595 4416/6598 730/628 729/627
f 4416/6598 4415/6597 4417/6599 4418/6600
f 4416/6598 4418/6600 4419/6601 730/628
f 4419/6601 4418/6600 931/1017 930/1016
f 4419/6601 930/1016 708/597 710/600
f 4419/6601 710/600 731/629 730/628
f 4418/6600 4417/6599 932/1018 931/1017
f 4417/6602 4420/6603 4421/6604 932/6605
f 4417/6606 4415/6607 4422/6608 4420/6609
f 4422/6610 4423/6611 4424/6612 4420/6613
f 4422/6608 4415/6607 4412/6614 4411/6615
f 4422/6616 4411/6617 4425/6618 4423/6619
f 4425/6618 4426/6620 4427/6621 4423/6619
f 4425/6622 4411/6591 4409/6587 4408/6586
f 4425/6622 4408/6586 4428/6623 4426/6624
f 4428/6623 4429/6625 4430/6626 4426/6624
f 4428/6623 4408/6586 4406/6583 4405/6582
f 4428/6623 4405/6582 4431/6627 4429/6625
f 4431/6627 4432/6628 4433/6629 4429/6625
f 4431/6627 4405/6582 4403/6581 4402/6630
f 4431/6627 4402/6630 4434/6631 4432/6628
f 4434/6632 642/6633 4435/6634 4432/6635
f 4434/6636 4402/6577 4400/6575 4399/6574
f 4434/6632 4399/6637 640/6638 642/6633
f 4435/6639 645/6640 644/6641 4436/6642
f 4435/6634 4436/6643 4433/6644 4432/6635
f 4435/6639 642/492 641/491 645/6640
f 4436/6643 644/498 648/502 4437/6645
f 4436/6643 4437/6645 4438/6646 4433/6644
f 4438/6647 4437/6648 4385/6649 4439/6650
f 4438/6647 4439/6650 4440/6651 4430/6652
f 4438/6647 4430/6652 4429/6653 4433/6654
f 4440/6651 4439/6650 4441/6655 4442/6656
f 4440/6657 4442/6658 4443/6659 4427/6660
f 4440/6661 4427/6621 4426/6620 4430/6662
f 4443/6659 4442/6658 4444/6663 665/525
f 4443/6659 665/525 81/524 4424/6612
f 4443/6659 4424/6612 4423/6611 4427/6660
f 4444/6664 4380/6665 4376/6532 4375/6531
f 4444/6663 4375/6666 666/526 665/525
f 4444/6664 4442/6667 4441/6668 4380/6665
f 4441/6669 4383/6670 4381/6538 4380/6537
f 4441/6655 4439/6650 4385/6649 4383/6671
f 4437/6645 648/502 4386/6547 4385/6672
f 4424/6612 81/524 4421/6673 4420/6613
f 4421/6604 4445/6674 927/6675 932/6605
f 4399/6637 4397/6569 638/483 640/6638
f 4389/6550 649/503 646/500 643/495
f 4389/6550 643/495 74/482 637/6552
f 4379/6536 4378/6535 651/506 650/505
f 4375/6531 4371/6524 4370/6676 666/6677
f 4366/6516 4365/6515 4446/6678 4370/6521
f 4365/6515 4361/6514 4360/6679 4447/6680
f 4365/6515 4447/6680 662/520 4446/6678
f 4447/6680 4360/6679 4337/6681 4336/6682
f 4447/6680 4336/6682 663/521 662/520
f 4360/6508 4356/6504 4339/6503 4337/6683
f 4334/6480 928/6684 664/6685 663/6481
f 4330/6470 2948/4112 2946/4109 2945/4108
f 4327/6467 4326/6466 2949/4113 2948/4112
f 4326/6686 4324/6687 2955/6688 2953/6689
f 4326/6686 2953/6689 2950/4116 2949/4115
f 4324/6687 4322/6690 4448/6691 2955/6688
f 4448/6691 4322/6690 4321/6692 4449/6693
f 4448/6694 4449/6695 4450/6696 2958/4130
f 4448/6694 2958/4130 2956/4128 2955/4127
f 4450/6696 4449/6695 4451/6697 4452/6698
f 4450/6696 4452/6698 4453/6699 2961/6700
f 4450/6696 2961/6700 2959/4131 2958/4130
f 4453/6699 4452/6698 4454/6701 4455/6702
f 4453/6703 4455/6704 4456/6705 2964/6706
f 4453/6703 2964/6706 2962/4137 2961/4136
f 4456/6705 4455/6704 427/97 436/96
f 4456/6707 436/6708 4457/6709 4458/6710
f 4456/6707 4458/6710 2965/4142 2964/4141
f 4458/6710 4457/6709 4459/6711 4460/6712
f 4458/6710 4460/6712 2966/4143 2965/4142
f 4460/6713 4459/6714 471/6715 470/6716
f 4460/6713 470/6716 2968/6717 2966/6718
f 4459/6711 4457/6709 4461/6719 4462/6720
f 4459/6711 4462/6720 476/6721 471/6722
f 4462/6720 4461/6719 442/6723 4463/6724
f 4462/6720 4463/6724 477/6725 476/6721
f 4463/6726 442/104 441/103 4464/6727
f 4463/6726 4464/6727 478/6728 477/6729
f 4464/6727 441/103 440/102 3010/6730
f 4464/6727 3010/6730 3008/6731 478/6728
f 4461/6719 435/6732 434/6733 442/6723
f 4461/6719 4457/6709 436/6708 435/6732
f 4455/6702 4454/6701 428/6734 427/6735
f 4454/6701 4465/6736 4466/6737 428/6734
f 4454/6701 4452/6698 4451/6697 4465/6736
f 4466/6738 576/6739 575/6740 4467/6741
f 4466/6738 4467/6741 429/87 428/86
f 4466/6737 4465/6736 577/6742 576/6743
f 4467/6741 575/6740 4468/6744 4469/6745
f 4467/6741 4469/6745 433/92 429/87
f 4469/6745 4468/6744 4470/6746 4471/6747
f 4469/6745 4471/6747 4472/6748 433/92
f 4472/6748 4471/6747 4473/6749 4474/6750
f 4472/6748 4474/6750 4475/6751 4476/6752
f 4472/6748 4476/6752 430/93 433/92
f 4476/6753 4475/6754 4477/6755 4478/6756
f 4476/6753 4478/6756 431/90 430/89
f 4478/6756 4477/6755 4479/6757 4480/6758
f 4478/6756 4480/6758 4481/6759 431/90
f 4481/6760 4480/6761 4482/6762 4483/6763
f 4481/6760 4483/6763 444/107 443/106
f 4481/6759 443/109 432/91 431/90
f 4483/6763 4482/6762 4484/6764 4485/6765
f 4483/6763 4485/6765 4486/6766 444/107
f 4486/6766 4485/6765 4487/6767 4488/6768
f 4486/6766 4488/6768 4489/6769 4490/6770
f 4486/6766 4490/6770 437/99 444/107
f 4490/6770 4489/6769 4491/6771 4492/6772
f 4490/6770 4492/6772 438/100 437/99
f 4492/6772 4491/6771 4493/6773 4494/6774
f 4492/6772 4494/6774 4495/6775 438/100
f 4495/6775 4496/6776 439/101 438/100
f 4495/6775 4494/6774 4497/6777 4498/6778
f 4495/6775 4498/6778 4499/6779 4496/6776
f 4499/6779 4500/6780 4501/6781 4496/6776
f 4499/6779 4498/6778 3061/4331 3060/4330
f 4499/6779 3060/4330 3017/4241 4500/6780
f 4501/6781 3011/6782 3010/6730 440/102
f 4501/6781 440/102 439/101 4496/6776
f 4501/6781 4500/6780 3012/6783 3011/6782
f 4500/6780 3017/4241 3014/4240 3012/6783
f 4498/6778 4497/6777 3063/4333 3061/4331
f 4497/6777 4494/6774 4493/6773 4502/6784
f 4497/6777 4502/6784 3065/4335 3063/4333
f 4502/6784 4493/6773 4503/6785 3070/4340
f 4502/6784 3070/4340 3067/4337 3065/4335
f 4503/6785 4493/6773 4491/6771 4504/6786
f 4503/6785 4504/6786 4505/6787 3073/4343
f 4503/6785 3073/4343 3071/4341 3070/4340
f 4505/6787 4504/6786 4506/6788 4507/6789
f 4505/6787 4507/6789 4508/6790 3076/4346
f 4505/6787 3076/4346 3074/4344 3073/4343
f 4508/6790 4507/6789 4509/6791 4510/6792
f 4508/6790 4510/6792 4511/6793 3079/4349
f 4508/6790 3079/4349 3077/4347 3076/4346
f 4511/6793 4510/6792 4512/6794 4513/6795
f 4511/6793 4513/6795 4514/6796 3082/4353
f 4511/6793 3082/4353 3080/4350 3079/4349
f 4514/6796 4513/6795 4515/6797 4516/6798
f 4514/6796 4516/6798 4517/6799 3085/6800
f 4514/6796 3085/6800 3083/4354 3082/4353
f 4517/6799 4516/6798 4518/6801 4519/6802
f 4517/6803 4519/6804 4520/6805 3088/4361
f 4517/6803 3088/4361 3086/4359 3085/4358
f 4520/6805 4519/6804 4521/6806 4522/6807
f 4520/6805 4522/6807 4523/6808 3091/4364
f 4520/6805 3091/4364 3089/4362 3088/4361
f 4523/6808 4522/6807 4524/6809 4525/6810
f 4523/6808 4525/6810 4526/6811 3094/4367
f 4523/6808 3094/4367 3092/4365 3091/4364
f 4526/6811 4525/6810 4527/6812 4528/6813
f 4526/6811 4528/6813 4529/6814 3097/4370
f 4526/6811 3097/4370 3095/4368 3094/4367
f 4529/6814 4528/6813 4530/6815 4531/6816
f 4529/6814 4531/6816 4532/6817 3100/4373
f 4529/6814 3100/4373 3098/4371 3097/4370
f 4532/6817 4531/6816 4533/6818 4534/6819
f 4532/6817 4534/6819 4535/6820 3103/4376
f 4532/6817 3103/4376 3101/4374 3100/4373
f 4535/6820 4534/6819 4536/6821 4537/6822
f 4535/6820 4537/6822 4538/6823 3106/4379
f 4535/6820 3106/4379 3104/4377 3103/4376
f 4538/6823 4537/6822 4539/6824 4540/6825
f 4538/6823 4540/6825 4541/6826 3109/4382
f 4538/6823 3109/4382 3107/4380 3106/4379
f 4541/6826 4540/6825 4542/6827 4543/6828
f 4541/6826 4543/6828 4544/6829 3112/4385
f 4541/6826 3112/4385 3110/4383 3109/4382
f 4544/6829 4543/6828 4545/6830 4546/6831
f 4544/6829 4546/6831 4547/6832 3115/4388
f 4544/6829 3115/4388 3113/4386 3112/4385
f 4547/6832 4546/6831 4548/6833 4549/6834
f 4547/6832 4549/6834 4550/6835 3118/4391
f 4547/6832 3118/4391 3116/4389 3115/4388
f 4550/6835 4549/6834 4551/6836 4552/6837
f 4550/6835 4552/6837 4553/6838 3121/4394
f 4550/6835 3121/4394 3119/4392 3118/4391
f 4553/6838 4552/6837 4554/6839 4555/6840
f 4553/6838 4555/6840 4556/6841 3124/4397
f 4553/6838 3124/4397 3122/4395 3121/4394
f 4556/6841 4555/6840 4557/6842 4558/6843
f 4556/6841 4558/6843 4559/6844 3127/4400
f 4556/6841 3127/4400 3125/4398 3124/4397
f 4559/6844 4558/6843 4560/6845 4561/6846
f 4559/6844 4561/6846 4562/6847 3130/4403
f 4559/6844 3130/4403 3128/4401 3127/4400
f 4562/6847 4561/6846 4563/6848 4564/6849
f 4562/6847 4564/6849 4565/6850 3133/4406
f 4562/6847 3133/4406 3131/4404 3130/4403
f 4565/6850 4564/6849 4566/6851 4567/6852
f 4565/6850 4567/6852 4568/6853 3136/4410
f 4565/6850 3136/4410 3134/4407 3133/4406
f 4568/6853 4567/6852 4569/6854 4570/6855
f 4568/6853 4570/6855 4571/6856 3139/6857
f 4568/6853 3139/6857 3137/4411 3136/4410
f 4571/6856 4570/6855 4572/6858 4573/6859
f 4571/6860 4573/6861 4574/6862 3142/4418
f 4571/6860 3142/4418 3140/4416 3139/4415
f 4574/6862 4573/6861 4575/6863 4576/6864
f 4574/6862 4576/6864 4577/6865 3145/4421
f 4574/6862 3145/4421 3143/4419 3142/4418
f 4577/6865 4576/6864 4578/6866 4579/6867
f 4577/6865 4579/6867 4580/6868 3148/4424
f 4577/6865 3148/4424 3146/4422 3145/4421
f 4580/6868 4579/6867 4581/6869 4582/6870
f 4580/6868 4582/6870 4583/6871 3151/4427
f 4580/6868 3151/4427 3149/4425 3148/4424
f 4583/6871 4582/6870 4584/6872 4585/6873
f 4583/6871 4585/6873 4586/6874 4587/6875
f 4583/6871 4587/6875 3152/4428 3151/4427
f 4587/6875 4586/6874 4588/6876 4589/6877
f 4587/6875 4589/6877 3153/4429 3152/4428
f 4589/6877 4588/6876 4590/6878 4591/6879
f 4589/6877 4591/6879 3155/4431 3153/4429
f 4591/6879 4590/6878 1218/1588 1215/1585
f 4591/6879 1215/1585 1214/1584 3155/4431
f 4590/6878 3269/4571 3266/4568 1218/1588
f 4590/6878 4588/6876 4592/6880 3269/4571
f 4592/6880 3274/4576 3270/4572 3269/4571
f 4592/6880 4588/6876 4586/6874 4593/6881
f 4592/6880 4593/6881 4594/6882 3274/4576
f 4594/6882 3279/4583 3275/4577 3274/4576
f 4594/6882 4593/6881 4595/6883 4596/6884
f 4594/6882 4596/6884 4597/6885 3279/4583
f 4597/6885 3284/4594 3280/4584 3279/4583
f 4597/6885 4596/6884 4598/6886 4599/6887
f 4597/6885 4599/6887 4600/6888 3284/4594
f 4600/6888 3288/6889 3285/4595 3284/4594
f 4600/6888 4599/6887 4601/6890 4602/6891
f 4600/6888 4602/6891 4603/6892 3288/6889
f 4603/6893 3293/4604 3289/4600 3288/4599
f 4603/6892 4602/6891 4604/6894 4605/6895
f 4603/6893 4605/6896 4606/6897 3293/4604
f 4606/6898 4605/6899 1144/6900 1143/6901
f 4606/6897 1143/1459 1148/1458 3296/4607
f 4606/6897 3296/4607 3294/4605 3293/4604
f 4605/6895 4604/6894 4607/6902 1144/1450
f 4607/6902 4604/6894 4608/6903 4609/6904
f 4607/6902 4609/6904 4610/6905 4611/6906
f 4607/6902 4611/6906 1145/1451 1144/1450
f 4611/6907 4610/6908 4612/6909 4613/6910
f 4611/6907 4613/6910 1146/1454 1145/1453
f 4613/6910 4612/6909 4614/6911 4615/6912
f 4613/6910 4615/6912 4616/6913 1146/1454
f 4616/6914 4617/6915 1147/6916 1146/6917
f 4616/6913 4615/6912 4618/6918 4619/6919
f 4616/6914 4619/6920 4620/6921 4617/6915
f 4620/6922 4621/6923 4622/6924 4617/6925
f 4620/6922 4619/6926 4623/6927 4624/6928
f 4620/6922 4624/6928 4625/6929 4621/6923
f 4625/6929 4626/6930 3298/4609 4621/6923
f 4625/6929 4624/6928 4627/6931 4628/6932
f 4625/6929 4628/6932 4629/6933 4626/6930
f 4629/6933 4630/6934 3302/4613 4626/6930
f 4629/6933 4628/6932 4631/6935 4632/6936
f 4629/6933 4632/6936 4633/6937 4630/6934
f 4633/6937 4634/6938 3306/4617 4630/6934
f 4633/6937 4632/6936 4635/6939 4636/6940
f 4633/6937 4636/6940 4637/6941 4634/6938
f 4637/6941 4638/6942 3330/4646 4639/6943
f 4637/6941 4639/6943 3311/4622 4634/6938
f 4637/6941 4636/6940 4640/6944 4638/6942
f 4640/6944 4641/6945 3335/4651 4638/6942
f 4640/6944 4636/6940 4635/6939 4642/6946
f 4640/6944 4642/6946 4643/6947 4641/6945
f 4643/6947 4644/6948 3340/4656 4641/6945
f 4643/6947 4642/6946 4645/6949 4646/6950
f 4643/6947 4646/6950 4647/6951 4644/6948
f 4647/6951 4648/6952 3345/4661 4644/6948
f 4647/6951 4646/6950 4649/6953 4650/6954
f 4647/6951 4650/6954 4651/6955 4648/6952
f 4651/6955 4652/6956 3350/4666 4648/6952
f 4651/6955 4650/6954 4653/6957 4654/6958
f 4651/6955 4654/6958 4655/6959 4652/6956
f 4655/6959 4656/6960 3355/4671 4652/6956
f 4655/6961 4654/6962 4657/6963 4658/6964
f 4655/6961 4658/6964 4659/6965 4656/6966
f 4659/6965 3361/4679 3359/4678 4656/6966
f 4659/6965 4658/6964 4660/6967 4661/6968
f 4659/6965 4661/6968 3363/4681 3361/4679
f 4661/6968 4660/6967 4662/6969 4663/6970
f 4661/6968 4663/6970 4664/6971 3363/4681
f 4664/6971 3367/4685 3364/4682 3363/4681
f 4664/6971 4663/6970 4665/6972 4666/6973
f 4664/6971 4666/6973 4667/6974 3367/4685
f 4667/6974 3372/4692 3368/4686 3367/4685
f 4667/6974 4666/6973 4668/6975 4669/6976
f 4667/6974 4669/6976 4670/6977 3372/4692
f 4670/6977 3377/6978 3373/4693 3372/4692
f 4670/6977 4669/6976 4671/6979 4672/6980
f 4670/6977 4672/6980 4673/6981 3377/6978
f 4673/6982 3382/4703 3378/4699 3377/4698
f 4673/6981 4672/6980 4674/6983 4675/6984
f 4673/6982 4675/6985 4676/6986 3382/4703
f 4676/6986 3387/4708 3383/4704 3382/4703
f 4676/6986 4675/6985 4677/6987 4678/6988
f 4676/6986 4678/6988 4679/6989 3387/4708
f 4679/6989 3392/4713 3388/4709 3387/4708
f 4679/6989 4678/6988 4680/6990 4681/6991
f 4679/6989 4681/6991 4682/6992 3392/4713
f 4682/6992 3397/4718 3393/4714 3392/4713
f 4682/6992 4681/6991 4683/6993 4684/6994
f 4682/6992 4684/6994 4685/6995 3397/4718
f 4685/6995 3402/4723 3398/4719 3397/4718
f 4685/6995 4684/6994 4686/6996 4687/6997
f 4685/6995 4687/6997 4688/6998 3402/4723
f 4688/6998 3407/4728 3403/4724 3402/4723
f 4688/6998 4687/6997 4689/6999 4690/7000
f 4688/6998 4690/7000 4691/7001 3407/4728
f 4691/7001 3411/4733 3408/4729 3407/4728
f 4691/7001 4690/7000 4692/7002 4693/7003
f 4691/7001 4693/7003 3413/4736 3411/4733
f 4693/7003 4692/7002 4694/7004 4695/7005
f 4693/7003 4695/7005 3415/4739 3413/4736
f 4695/7005 4694/7004 4696/7006 4697/7007
f 4695/7005 4697/7007 4698/7008 3415/4739
f 4698/7008 3419/4744 3416/4740 3415/4739
f 4698/7008 4697/7007 4699/7009 4700/7010
f 4698/7008 4700/7010 3425/4752 3419/4744
f 4700/7010 4699/7009 4701/7011 4702/7012
f 4700/7010 4702/7012 3426/4753 3425/4752
f 4702/7012 4701/7011 4703/7013 4704/7014
f 4702/7012 4704/7014 3428/4756 3426/4753
f 4704/7014 4703/7013 4705/7015 4706/7016
f 4704/7014 4706/7016 3430/4759 3428/4756
f 4706/7016 4705/7015 4707/7017 4708/7018
f 4706/7016 4708/7018 4709/7019 3430/4759
f 4709/7019 3434/7020 3431/4760 3430/4759
f 4709/7019 4708/7018 4710/7021 4711/7022
f 4709/7019 4711/7022 4712/7023 3434/7020
f 4712/7024 620/461 3435/4765 3434/4764
f 4712/7023 4711/7022 4713/7025 4714/7026
f 4712/7024 4714/7027 619/459 620/461
f 4714/7026 4713/7025 4715/7028 4716/7029
f 4714/7027 4716/7030 613/451 619/459
f 4716/7029 4715/7028 4717/7031 4718/7032
f 4716/7030 4718/7033 614/452 613/451
f 4718/7032 4717/7031 4719/7034 4720/7035
f 4718/7033 4720/7036 4721/7037 614/452
f 4721/7037 4722/7038 608/446 614/452
f 4721/7037 4720/7036 4723/7039 4724/7040
f 4721/7037 4724/7040 4725/7041 4722/7038
f 4725/7041 4726/7042 4727/7043 4722/7038
f 4725/7041 4724/7040 4477/6755 4475/6754
f 4725/7044 4475/6751 4474/6750 4726/7045
f 4727/7046 4728/7047 4295/6433 609/7048
f 4727/7043 609/447 608/446 4722/7038
f 4727/7046 4726/7045 4729/7049 4728/7047
f 4729/7049 4730/7050 4299/6438 4728/7047
f 4729/7049 4726/7045 4474/6750 4473/6749
f 4729/7049 4473/6749 4731/7051 4730/7050
f 4731/7052 4732/7053 4304/6444 4730/7054
f 4731/7051 4473/6749 4471/6747 4470/6746
f 4731/7052 4470/7055 4733/7056 4732/7053
f 4733/7056 4314/6454 4308/6448 4732/7053
f 4733/7056 4470/7055 4468/7057 4734/7058
f 4733/7056 4734/7058 4315/6455 4314/6454
f 4734/7058 4468/7057 575/397 574/396
f 4734/7058 574/396 579/401 4315/6455
f 4732/7053 4308/6448 4305/6445 4304/6444
f 4730/7054 4304/6444 4300/6440 4299/7059
f 4728/7047 4299/6438 4296/6434 4295/6433
f 4724/7040 4723/7039 4479/6757 4477/6755
f 4723/7060 4720/7035 4719/7034 4735/7061
f 4723/7060 4735/7061 4736/7062 4479/7063
f 4736/7062 4735/7061 4737/7064 4738/7065
f 4736/7062 4738/7065 4484/6764 4482/6762
f 4736/7062 4482/6762 4480/6761 4479/7063
f 4738/7065 4737/7064 4739/7066 4740/7067
f 4738/7065 4740/7067 4741/7068 4484/6764
f 4741/7068 4740/7067 4742/7069 4743/7070
f 4741/7068 4743/7070 4744/7071 4487/6767
f 4741/7068 4487/6767 4485/6765 4484/6764
f 4744/7071 4743/7070 4745/7072 4746/7073
f 4744/7071 4746/7073 4509/6791 4747/7074
f 4744/7071 4747/7074 4488/6768 4487/6767
f 4747/7074 4509/6791 4507/6789 4506/6788
f 4747/7074 4506/6788 4489/6769 4488/6768
f 4746/7073 4745/7072 4748/7075 4512/6794
f 4746/7073 4512/6794 4510/6792 4509/6791
f 4748/7075 4745/7072 4749/7076 4750/7077
f 4748/7075 4750/7077 4751/7078 4515/6797
f 4748/7075 4515/6797 4513/6795 4512/6794
f 4751/7078 4750/7077 4752/7079 4753/7080
f 4751/7078 4753/7080 4754/7081 4518/6801
f 4751/7078 4518/6801 4516/6798 4515/6797
f 4754/7081 4753/7080 4755/7082 4756/7083
f 4754/7081 4756/7083 4757/7084 4521/7085
f 4754/7081 4521/7085 4519/6802 4518/6801
f 4757/7084 4756/7083 4758/7086 4759/7087
f 4757/7088 4759/7089 4760/7090 4524/6809
f 4757/7088 4524/6809 4522/6807 4521/6806
f 4760/7090 4759/7089 4761/7091 4762/7092
f 4760/7090 4762/7092 4763/7093 4527/6812
f 4760/7090 4527/6812 4525/6810 4524/6809
f 4763/7093 4762/7092 4764/7094 4765/7095
f 4763/7093 4765/7095 4766/7096 4530/6815
f 4763/7093 4530/6815 4528/6813 4527/6812
f 4766/7096 4765/7095 4767/7097 4768/7098
f 4766/7096 4768/7098 4769/7099 4533/6818
f 4766/7096 4533/6818 4531/6816 4530/6815
f 4769/7099 4768/7098 4770/7100 4771/7101
f 4769/7099 4771/7101 4772/7102 4536/6821
f 4769/7099 4536/6821 4534/6819 4533/6818
f 4772/7102 4771/7101 4773/7103 4774/7104
f 4772/7102 4774/7104 4775/7105 4539/6824
f 4772/7102 4539/6824 4537/6822 4536/6821
f 4775/7105 4774/7104 4776/7106 4777/7107
f 4775/7105 4777/7107 4778/7108 4542/6827
f 4775/7105 4542/6827 4540/6825 4539/6824
f 4778/7108 4777/7107 4779/7109 4780/7110
f 4778/7108 4780/7110 4781/7111 4545/6830
f 4778/7108 4545/6830 4543/6828 4542/6827
f 4781/7111 4780/7110 4782/7112 4783/7113
f 4781/7111 4783/7113 4784/7114 4548/6833
f 4781/7111 4548/6833 4546/6831 4545/6830
f 4784/7114 4783/7113 4785/7115 4786/7116
f 4784/7114 4786/7116 4787/7117 4551/6836
f 4784/7114 4551/6836 4549/6834 4548/6833
f 4787/7117 4786/7116 4788/7118 4789/7119
f 4787/7117 4789/7119 4790/7120 4554/6839
f 4787/7117 4554/6839 4552/6837 4551/6836
f 4790/7120 4789/7119 4791/7121 4792/7122
f 4790/7120 4792/7122 4793/7123 4557/6842
f 4790/7120 4557/6842 4555/6840 4554/6839
f 4793/7123 4792/7122 4794/7124 4795/7125
f 4793/7123 4795/7125 4796/7126 4560/6845
f 4793/7123 4560/6845 4558/6843 4557/6842
f 4796/7126 4795/7125 4797/7127 4798/7128
f 4796/7126 4798/7128 4799/7129 4563/6848
f 4796/7126 4563/6848 4561/6846 4560/6845
f 4799/7129 4798/7128 4800/7130 4801/7131
f 4799/7129 4801/7131 4802/7132 4566/6851
f 4799/7129 4566/6851 4564/6849 4563/6848
f 4802/7132 4801/7131 4803/7133 4804/7134
f 4802/7132 4804/7134 4805/7135 4569/6854
f 4802/7132 4569/6854 4567/6852 4566/6851
f 4805/7135 4804/7134 4806/7136 4807/7137
f 4805/7135 4807/7137 4808/7138 4572/6858
f 4805/7135 4572/6858 4570/6855 4569/6854
f 4808/7138 4807/7137 4809/7139 4810/7140
f 4808/7138 4810/7140 4811/7141 4575/7142
f 4808/7138 4575/7142 4573/6859 4572/6858
f 4811/7141 4810/7140 4812/7143 4813/7144
f 4811/7145 4813/7146 4814/7147 4578/6866
f 4811/7145 4578/6866 4576/6864 4575/6863
f 4814/7147 4813/7146 4815/7148 4816/7149
f 4814/7147 4816/7149 4817/7150 4581/6869
f 4814/7147 4581/6869 4579/6867 4578/6866
f 4817/7150 4816/7149 4818/7151 4819/7152
f 4817/7150 4819/7152 4820/7153 4584/6872
f 4817/7150 4584/6872 4582/6870 4581/6869
f 4820/7153 4598/6886 4596/6884 4595/6883
f 4820/7153 4595/6883 4585/6873 4584/6872
f 4820/7153 4819/7152 4821/7154 4598/6886
f 4821/7154 4601/6890 4599/6887 4598/6886
f 4821/7154 4819/7152 4818/7151 4822/7155
f 4821/7154 4822/7155 4608/6903 4601/6890
f 4822/7155 4818/7151 4823/7156 4824/7157
f 4822/7155 4824/7157 4609/6904 4608/6903
f 4824/7157 4823/7156 4825/7158 4826/7159
f 4824/7157 4826/7159 4610/6905 4609/6904
f 4826/7160 4825/7161 4827/7162 4828/7163
f 4826/7160 4828/7163 4612/6909 4610/6908
f 4828/7163 4827/7162 4829/7164 4830/7165
f 4828/7163 4830/7165 4614/6911 4612/6909
f 4830/7165 4831/7166 4832/7167 4614/6911
f 4830/7165 4829/7164 4833/7168 4831/7166
f 4833/7168 4834/7169 4835/7170 4831/7166
f 4833/7168 4829/7164 4836/7171 4837/7172
f 4833/7168 4837/7172 4838/7173 4834/7169
f 4838/7173 4839/7174 4840/7175 4834/7169
f 4838/7173 4837/7172 4841/7176 4842/7177
f 4838/7173 4842/7177 4843/7178 4839/7174
f 4843/7178 4844/7179 4845/7180 4839/7174
f 4843/7178 4842/7177 4846/7181 4847/7182
f 4843/7178 4847/7182 4848/7183 4844/7179
f 4848/7183 4849/7184 4850/7185 4844/7179
f 4848/7183 4847/7182 4851/7186 4852/7187
f 4848/7183 4852/7187 4853/7188 4849/7184
f 4853/7188 4854/7189 4855/7190 4849/7184
f 4853/7188 4852/7187 4856/7191 4857/7192
f 4853/7188 4857/7192 4858/7193 4854/7189
f 4858/7193 4859/7194 4860/7195 4854/7189
f 4858/7193 4857/7192 4861/7196 4862/7197
f 4858/7193 4862/7197 4863/7198 4859/7194
f 4863/7198 4864/7199 4865/7200 4859/7194
f 4863/7198 4862/7197 4866/7201 4867/7202
f 4863/7198 4867/7202 4868/7203 4864/7199
f 4868/7203 4869/7204 4870/7205 4864/7199
f 4868/7203 4867/7202 4871/7206 4872/7207
f 4868/7203 4872/7207 4873/7208 4869/7204
f 4873/7208 4874/7209 4875/7210 4869/7204
f 4873/7208 4872/7207 4876/7211 4877/7212
f 4873/7208 4877/7212 4878/7213 4874/7209
f 4878/7213 4879/7214 4880/7215 4874/7209
f 4878/7213 4877/7212 4881/7216 4882/7217
f 4878/7213 4882/7217 4883/7218 4879/7214
f 4883/7218 4884/7219 4885/7220 4879/7214
f 4883/7218 4882/7217 4886/7221 4887/7222
f 4883/7218 4887/7222 4888/7223 4884/7219
f 4888/7223 4889/7224 4890/7225 4884/7219
f 4888/7223 4887/7222 4891/7226 4892/7227
f 4888/7223 4892/7227 4893/7228 4889/7224
f 4893/7228 4894/7229 4895/7230 4889/7224
f 4893/7228 4892/7227 4896/7231 4897/7232
f 4893/7228 4897/7232 4898/7233 4894/7229
f 4898/7233 4899/7234 4900/7235 4894/7229
f 4898/7233 4897/7232 4901/7236 4902/7237
f 4898/7233 4902/7237 4903/7238 4899/7234
f 4903/7239 4904/7240 4905/7241 4899/7242
f 4903/7238 4902/7237 4906/7243 4907/7244
f 4903/7239 4907/7245 4908/7246 4904/7240
f 4908/7246 4909/7247 4910/7248 4904/7240
f 4908/7246 4907/7245 4911/7249 4912/7250
f 4908/7246 4912/7250 4913/7251 4909/7247
f 4913/7251 4914/7252 4915/7253 4909/7247
f 4913/7251 4912/7250 4916/7254 4917/7255
f 4913/7251 4917/7255 4918/7256 4914/7252
f 4918/7256 4919/7257 4920/7258 4914/7252
f 4918/7256 4917/7255 4921/7259 4922/7260
f 4918/7256 4922/7260 4923/7261 4919/7257
f 4923/7261 4924/7262 4925/7263 4919/7257
f 4923/7261 4922/7260 4926/7264 4927/7265
f 4923/7261 4927/7265 4928/7266 4924/7262
f 4928/7266 4929/7267 4930/7268 4924/7262
f 4928/7266 4927/7265 4931/7269 4932/7270
f 4928/7266 4932/7270 4933/7271 4929/7267
f 4933/7271 4934/7272 4935/7273 4929/7267
f 4933/7271 4932/7270 4936/7274 4937/7275
f 4933/7271 4937/7275 4938/7276 4934/7272
f 4938/7276 4719/7034 4717/7031 4934/7272
f 4938/7276 4937/7275 4739/7066 4737/7064
f 4938/7276 4737/7064 4735/7061 4719/7034
f 4937/7275 4936/7274 4939/7277 4739/7066
f 4939/7277 4936/7274 4940/7278 4941/7279
f 4939/7277 4941/7279 4749/7076 4742/7069
f 4939/7277 4742/7069 4740/7067 4739/7066
f 4941/7279 4940/7278 4942/7280 4752/7079
f 4941/7279 4752/7079 4750/7077 4749/7076
f 4942/7280 4940/7278 4931/7269 4943/7281
f 4942/7280 4943/7281 4944/7282 4755/7082
f 4942/7280 4755/7082 4753/7080 4752/7079
f 4944/7282 4943/7281 4926/7264 4945/7283
f 4944/7282 4945/7283 4946/7284 4758/7086
f 4944/7282 4758/7086 4756/7083 4755/7082
f 4946/7284 4945/7283 4921/7259 4947/7285
f 4946/7284 4947/7285 4948/7286 4761/7287
f 4946/7284 4761/7287 4759/7087 4758/7086
f 4948/7286 4947/7285 4916/7254 4949/7288
f 4948/7289 4949/7290 4950/7291 4764/7094
f 4948/7289 4764/7094 4762/7092 4761/7091
f 4950/7291 4949/7290 4911/7292 4951/7293
f 4950/7291 4951/7293 4952/7294 4767/7097
f 4950/7291 4767/7097 4765/7095 4764/7094
f 4952/7294 4951/7293 4906/7243 4953/7295
f 4952/7294 4953/7295 4954/7296 4770/7100
f 4952/7294 4770/7100 4768/7098 4767/7097
f 4954/7296 4953/7295 4901/7236 4955/7297
f 4954/7296 4955/7297 4956/7298 4773/7103
f 4954/7296 4773/7103 4771/7101 4770/7100
f 4956/7298 4955/7297 4896/7231 4957/7299
f 4956/7298 4957/7299 4958/7300 4776/7106
f 4956/7298 4776/7106 4774/7104 4773/7103
f 4958/7300 4957/7299 4891/7226 4959/7301
f 4958/7300 4959/7301 4960/7302 4779/7109
f 4958/7300 4779/7109 4777/7107 4776/7106
f 4960/7302 4959/7301 4886/7221 4961/7303
f 4960/7302 4961/7303 4962/7304 4782/7112
f 4960/7302 4782/7112 4780/7110 4779/7109
f 4962/7304 4961/7303 4881/7216 4963/7305
f 4962/7304 4963/7305 4964/7306 4785/7115
f 4962/7304 4785/7115 4783/7113 4782/7112
f 4964/7306 4963/7305 4876/7211 4965/7307
f 4964/7306 4965/7307 4966/7308 4788/7118
f 4964/7306 4788/7118 4786/7116 4785/7115
f 4966/7308 4965/7307 4871/7206 4967/7309
f 4966/7308 4967/7309 4968/7310 4791/7121
f 4966/7308 4791/7121 4789/7119 4788/7118
f 4968/7310 4967/7309 4866/7201 4969/7311
f 4968/7310 4969/7311 4970/7312 4794/7124
f 4968/7310 4794/7124 4792/7122 4791/7121
f 4970/7312 4969/7311 4861/7196 4971/7313
f 4970/7312 4971/7313 4972/7314 4797/7127
f 4970/7312 4797/7127 4795/7125 4794/7124
f 4972/7314 4971/7313 4856/7191 4973/7315
f 4972/7314 4973/7315 4974/7316 4800/7130
f 4972/7314 4800/7130 4798/7128 4797/7127
f 4974/7316 4973/7315 4851/7186 4975/7317
f 4974/7316 4975/7317 4976/7318 4803/7133
f 4974/7316 4803/7133 4801/7131 4800/7130
f 4976/7318 4975/7317 4846/7181 4977/7319
f 4976/7318 4977/7319 4978/7320 4806/7136
f 4976/7318 4806/7136 4804/7134 4803/7133
f 4978/7320 4977/7319 4841/7176 4979/7321
f 4978/7320 4979/7321 4980/7322 4809/7139
f 4978/7320 4809/7139 4807/7137 4806/7136
f 4980/7322 4979/7321 4836/7171 4981/7323
f 4980/7322 4981/7323 4982/7324 4812/7143
f 4980/7322 4812/7143 4810/7140 4809/7139
f 4982/7324 4981/7323 4827/7162 4825/7161
f 4982/7325 4825/7158 4823/7156 4815/7148
f 4982/7325 4815/7148 4813/7146 4812/7326
f 4981/7323 4836/7171 4829/7164 4827/7162
f 4979/7321 4841/7176 4837/7172 4836/7171
f 4977/7319 4846/7181 4842/7177 4841/7176
f 4975/7317 4851/7186 4847/7182 4846/7181
f 4973/7315 4856/7191 4852/7187 4851/7186
f 4971/7313 4861/7196 4857/7192 4856/7191
f 4969/7311 4866/7201 4862/7197 4861/7196
f 4967/7309 4871/7206 4867/7202 4866/7201
f 4965/7307 4876/7211 4872/7207 4871/7206
f 4963/7305 4881/7216 4877/7212 4876/7211
f 4961/7303 4886/7221 4882/7217 4881/7216
f 4959/7301 4891/7226 4887/7222 4886/7221
f 4957/7299 4896/7231 4892/7227 4891/7226
f 4955/7297 4901/7236 4897/7232 4896/7231
f 4953/7295 4906/7243 4902/7237 4901/7236
f 4951/7293 4911/7292 4907/7244 4906/7243
f 4949/7288 4916/7254 4912/7250 4911/7249
f 4947/7285 4921/7259 4917/7255 4916/7254
f 4945/7283 4926/7264 4922/7260 4921/7259
f 4943/7281 4931/7269 4927/7265 4926/7264
f 4940/7278 4936/7274 4932/7270 4931/7269
f 4935/7273 4715/7028 4713/7025 4983/7327
f 4935/7273 4983/7327 4930/7268 4929/7267
f 4935/7273 4934/7272 4717/7031 4715/7028
f 4983/7327 4713/7025 4711/7022 4710/7021
f 4983/7327 4710/7021 4984/7328 4930/7268
f 4984/7328 4710/7021 4708/7018 4707/7017
f 4984/7328 4707/7017 4985/7329 4925/7263
f 4984/7328 4925/7263 4924/7262 4930/7268
f 4985/7329 4707/7017 4705/7015 4986/7330
f 4985/7329 4986/7330 4987/7331 4920/7258
f 4985/7329 4920/7258 4919/7257 4925/7263
f 4987/7331 4986/7330 4988/7332 4989/7333
f 4987/7331 4989/7333 4990/7334 4915/7253
f 4987/7331 4915/7253 4914/7252 4920/7258
f 4990/7334 4989/7333 4991/7335 4992/7336
f 4990/7334 4992/7336 4993/7337 4910/7248
f 4990/7334 4910/7248 4909/7247 4915/7253
f 4993/7337 4992/7336 4994/7338 4995/7339
f 4993/7337 4995/7339 4996/7340 4905/7241
f 4993/7337 4905/7241 4904/7240 4910/7248
f 4996/7340 4995/7339 4997/7341 4998/7342
f 4996/7340 4998/7342 4999/7343 4900/7344
f 4996/7340 4900/7344 4899/7242 4905/7241
f 4999/7343 4998/7342 5000/7345 5001/7346
f 4999/7347 5001/7348 5002/7349 4895/7230
f 4999/7347 4895/7230 4894/7229 4900/7235
f 5002/7349 5001/7348 5003/7350 5004/7351
f 5002/7349 5004/7351 5005/7352 4890/7225
f 5002/7349 4890/7225 4889/7224 4895/7230
f 5005/7352 5004/7351 5006/7353 5007/7354
f 5005/7352 5007/7354 5008/7355 4885/7220
f 5005/7352 4885/7220 4884/7219 4890/7225
f 5008/7355 5007/7354 5009/7356 5010/7357
f 5008/7355 5010/7357 5011/7358 4880/7215
f 5008/7355 4880/7215 4879/7214 4885/7220
f 5011/7358 5010/7357 5012/7359 5013/7360
f 5011/7358 5013/7360 5014/7361 4875/7210
f 5011/7358 4875/7210 4874/7209 4880/7215
f 5014/7361 5013/7360 5015/7362 5016/7363
f 5014/7361 5016/7363 5017/7364 4870/7205
f 5014/7361 4870/7205 4869/7204 4875/7210
f 5017/7364 5016/7363 5018/7365 5019/7366
f 5017/7364 5019/7366 5020/7367 4865/7200
f 5017/7364 4865/7200 4864/7199 4870/7205
f 5020/7367 5019/7366 5021/7368 5022/7369
f 5020/7367 5022/7369 5023/7370 4860/7195
f 5020/7367 4860/7195 4859/7194 4865/7200
f 5023/7370 5022/7369 5024/7371 5025/7372
f 5023/7370 5025/7372 5026/7373 4855/7190
f 5023/7370 4855/7190 4854/7189 4860/7195
f 5026/7373 5025/7372 5027/7374 5028/7375
f 5026/7373 5028/7375 5029/7376 4850/7185
f 5026/7373 4850/7185 4849/7184 4855/7190
f 5029/7376 5028/7375 5030/7377 5031/7378
f 5029/7376 5031/7378 5032/7379 4845/7180
f 5029/7376 4845/7180 4844/7179 4850/7185
f 5032/7379 5031/7378 5033/7380 5034/7381
f 5032/7379 5034/7381 5035/7382 4840/7175
f 5032/7379 4840/7175 4839/7174 4845/7180
f 5035/7382 5034/7381 5036/7383 5037/7384
f 5035/7382 5037/7384 5038/7385 4835/7170
f 5035/7382 4835/7170 4834/7169 4840/7175
f 5038/7385 5037/7384 5039/7386 5040/7387
f 5038/7385 5040/7387 4618/6918 4832/7167
f 5038/7385 4832/7167 4831/7166 4835/7170
f 5040/7387 5039/7386 5041/7388 4623/7389
f 5040/7387 4623/7389 4619/6919 4618/6918
f 5041/7390 5042/7391 5043/7392 4627/6931
f 5041/7390 4627/6931 4624/6928 4623/6927
f 5041/7388 5039/7386 5044/7393 5042/7394
f 5044/7393 5045/7395 5046/7396 5042/7394
f 5044/7393 5039/7386 5037/7384 5036/7383
f 5044/7393 5036/7383 5047/7397 5045/7395
f 5047/7397 5048/7398 5049/7399 5045/7395
f 5047/7397 5036/7383 5034/7381 5033/7380
f 5047/7397 5033/7380 5050/7400 5048/7398
f 5050/7400 5051/7401 5052/7402 5048/7398
f 5050/7400 5033/7380 5031/7378 5030/7377
f 5050/7400 5030/7377 5053/7403 5051/7401
f 5053/7403 5054/7404 5055/7405 5051/7401
f 5053/7403 5030/7377 5028/7375 5027/7374
f 5053/7403 5027/7374 5056/7406 5054/7404
f 5056/7406 5057/7407 5058/7408 5054/7404
f 5056/7406 5027/7374 5025/7372 5024/7371
f 5056/7406 5024/7371 5059/7409 5057/7407
f 5059/7409 5060/7410 5061/7411 5057/7407
f 5059/7409 5024/7371 5022/7369 5021/7368
f 5059/7409 5021/7368 5062/7412 5060/7410
f 5062/7412 5063/7413 5064/7414 5060/7410
f 5062/7412 5021/7368 5019/7366 5018/7365
f 5062/7412 5018/7365 5065/7415 5063/7413
f 5065/7415 5066/7416 5067/7417 5063/7413
f 5065/7415 5018/7365 5016/7363 5015/7362
f 5065/7415 5015/7362 5068/7418 5066/7416
f 5068/7418 5069/7419 5070/7420 5066/7416
f 5068/7418 5015/7362 5013/7360 5012/7359
f 5068/7418 5012/7359 5071/7421 5069/7419
f 5071/7421 5072/7422 5073/7423 5069/7419
f 5071/7421 5012/7359 5010/7357 5009/7356
f 5071/7421 5009/7356 5074/7424 5072/7422
f 5074/7424 5075/7425 5076/7426 5072/7422
f 5074/7424 5009/7356 5007/7354 5006/7353
f 5074/7424 5006/7353 5077/7427 5075/7425
f 5077/7428 5078/7429 5079/7430 5075/7431
f 5077/7427 5006/7353 5004/7351 5003/7350
f 5077/7428 5003/7432 5080/7433 5078/7429
f 5080/7433 5081/7434 5082/7435 5078/7429
f 5080/7433 5003/7432 5001/7346 5000/7345
f 5080/7433 5000/7345 5083/7436 5081/7434
f 5083/7436 5084/7437 5085/7438 5081/7434
f 5083/7436 5000/7345 4998/7342 4997/7341
f 5083/7436 4997/7341 5086/7439 5084/7437
f 5086/7439 5087/7440 5088/7441 5084/7437
f 5086/7439 4997/7341 4995/7339 4994/7338
f 5086/7439 4994/7338 5089/7442 5087/7440
f 5089/7442 5090/7443 4696/7006 5087/7440
f 5089/7442 4994/7338 4992/7336 4991/7335
f 5089/7442 4991/7335 5091/7444 5090/7443
f 5091/7444 4701/7011 4699/7009 5090/7443
f 5091/7444 4991/7335 4989/7333 4988/7332
f 5091/7444 4988/7332 4703/7013 4701/7011
f 5090/7443 4699/7009 4697/7007 4696/7006
f 5088/7441 4694/7004 4692/7002 5092/7445
f 5088/7441 5092/7445 5085/7438 5084/7437
f 5088/7441 5087/7440 4696/7006 4694/7004
f 5092/7445 4692/7002 4690/7000 4689/6999
f 5092/7445 4689/6999 5093/7446 5085/7438
f 5093/7446 4689/6999 4687/6997 4686/6996
f 5093/7446 4686/6996 5094/7447 5082/7435
f 5093/7446 5082/7435 5081/7434 5085/7438
f 5094/7447 4686/6996 4684/6994 4683/6993
f 5094/7447 4683/6993 5095/7448 5079/7430
f 5094/7447 5079/7430 5078/7429 5082/7435
f 5095/7448 4683/6993 4681/6991 4680/6990
f 5095/7448 4680/6990 5096/7449 5076/7450
f 5095/7448 5076/7450 5075/7431 5079/7430
f 5096/7449 4680/6990 4678/6988 4677/6987
f 5096/7451 4677/7452 5097/7453 5073/7423
f 5096/7451 5073/7423 5072/7422 5076/7426
f 5097/7453 4677/7452 4675/6984 4674/6983
f 5097/7453 4674/6983 5098/7454 5070/7420
f 5097/7453 5070/7420 5069/7419 5073/7423
f 5098/7454 4674/6983 4672/6980 4671/6979
f 5098/7454 4671/6979 5099/7455 5067/7417
f 5098/7454 5067/7417 5066/7416 5070/7420
f 5099/7455 4671/6979 4669/6976 4668/6975
f 5099/7455 4668/6975 5100/7456 5064/7414
f 5099/7455 5064/7414 5063/7413 5067/7417
f 5100/7456 4668/6975 4666/6973 4665/6972
f 5100/7456 4665/6972 5101/7457 5061/7411
f 5100/7456 5061/7411 5060/7410 5064/7414
f 5101/7457 4665/6972 4663/6970 4662/6969
f 5101/7457 4662/6969 5102/7458 5058/7408
f 5101/7457 5058/7408 5057/7407 5061/7411
f 5102/7458 4662/6969 4660/6967 5103/7459
f 5102/7458 5103/7459 5104/7460 5055/7405
f 5102/7458 5055/7405 5054/7404 5058/7408
f 5104/7460 5103/7459 4657/6963 5105/7461
f 5104/7460 5105/7461 5106/7462 5052/7402
f 5104/7460 5052/7402 5051/7401 5055/7405
f 5106/7462 5105/7461 4653/7463 5107/7464
f 5106/7462 5107/7464 5108/7465 5049/7399
f 5106/7462 5049/7399 5048/7398 5052/7402
f 5108/7466 5107/7467 4649/6953 5109/7468
f 5108/7466 5109/7468 5110/7469 5046/7470
f 5108/7465 5046/7396 5045/7395 5049/7399
f 5110/7469 5109/7468 4645/6949 5111/7471
f 5110/7469 5111/7471 4631/6935 5043/7392
f 5110/7469 5043/7392 5042/7391 5046/7470
f 5111/7471 4645/6949 4642/6946 4635/6939
f 5111/7471 4635/6939 4632/6936 4631/6935
f 5109/7468 4649/6953 4646/6950 4645/6949
f 5107/7467 4653/6957 4650/6954 4649/6953
f 5105/7461 4657/6963 4654/6962 4653/7463
f 5103/7459 4660/6967 4658/6964 4657/6963
f 5043/7392 4631/6935 4628/6932 4627/6931
f 4988/7332 4986/7330 4705/7015 4703/7013
f 4832/7167 4618/6918 4615/6912 4614/6911
f 4823/7156 4818/7151 4816/7149 4815/7148
f 4749/7076 4745/7072 4743/7070 4742/7069
f 4656/6960 3359/4675 3356/4672 3355/4671
f 4652/6956 3355/4671 3351/4667 3350/4666
f 4648/6952 3350/4666 3346/4662 3345/4661
f 4644/6948 3345/4661 3341/4657 3340/4656
f 4641/6945 3340/4656 3336/4652 3335/4651
f 4639/6943 3330/4646 3326/4642 3316/4627
f 4639/6943 3316/4627 3312/4623 3311/4622
f 4638/6942 3335/4651 3331/4647 3330/4646
f 4634/6938 3311/4622 3307/4618 3306/4617
f 4630/6934 3306/4617 3303/4614 3302/4613
f 4626/6930 3302/4613 3299/4610 3298/4609
f 4622/6924 3297/4608 3296/4607 1148/1458
f 4622/6924 1148/1458 1147/1457 4617/6925
f 4622/6924 4621/6923 3298/4609 3297/4608
f 4608/6903 4604/6894 4602/6891 4601/6890
f 4595/6883 4593/6881 4586/6874 4585/6873
f 4506/6788 4504/6786 4491/6771 4489/6769
f 4465/6736 4451/6697 4320/7472 577/6742
f 4451/7473 4449/6693 4321/6692 4320/7474
f 4320/6460 4318/6458 578/400 577/399
f 4312/6452 72/464 627/470 4307/6447
f 4303/6443 626/469 5112/7475 634/480
f 4303/6443 634/480 631/475 4298/6437
f 4303/6443 4302/6442 627/470 626/469
f 5112/7475 626/469 625/468 5113/7476
f 5112/7475 5113/7476 5114/7477 5115/7478
f 5112/7475 5115/7478 632/481 634/480
f 5115/7478 5114/7477 5116/7479 5117/7480
f 5115/7478 5117/7480 633/7481 632/481
f 5117/7482 5116/7483 5118/7484 4290/6418
f 5117/7482 4290/6418 4289/6417 633/6425
f 5118/7484 5116/7483 5119/7485 5120/7486
f 5118/7484 5120/7486 5121/7487 4285/7488
f 5118/7484 4285/7488 4284/6419 4290/6418
f 5121/7487 5120/7486 5122/7489 5123/7490
f 5121/7491 5123/7492 5124/7493 4280/6407
f 5121/7491 4280/6407 4279/6406 4285/6412
f 5124/7493 5123/7492 5125/7494 5126/7495
f 5124/7493 5126/7495 5127/7496 4275/6398
f 5124/7493 4275/6398 4274/6397 4280/6407
f 5127/7496 5126/7495 5128/7497 5129/7498
f 5127/7496 5129/7498 5130/7499 4270/7500
f 5127/7496 4270/7500 4269/6399 4275/6398
f 5130/7499 5129/7498 720/615 724/619
f 5130/7501 724/7502 5131/7503 4265/7504
f 5130/7501 4265/7504 4264/6390 4270/6392
f 5131/7503 724/7502 723/7505 760/7506
f 5131/7507 760/675 759/674 4261/7508
f 5131/7507 4261/7508 4260/6384 4265/6383
f 5129/7498 5128/7497 721/616 720/615
f 5128/7497 5132/7509 5133/7510 721/616
f 5128/7497 5126/7495 5125/7494 5132/7509
f 5133/7511 5134/7512 5135/7513 5136/7514
f 5133/7510 5136/7515 722/617 721/616
f 5133/7511 5132/7516 5137/7517 5134/7512
f 5137/7517 5138/7518 5139/7519 5134/7512
f 5137/7517 5132/7516 5125/7520 5140/7521
f 5137/7517 5140/7521 5141/7522 5138/7518
f 5141/7523 5142/7524 5143/7525 5138/7526
f 5141/7522 5140/7521 5122/7489 5144/7527
f 5141/7523 5144/7528 5145/7529 5142/7524
f 5145/7529 5146/7530 5147/7531 5142/7524
f 5145/7529 5144/7528 5119/7532 5148/7533
f 5145/7529 5148/7533 5149/7534 5146/7530
f 5149/7534 628/471 733/631 5146/7530
f 5149/7534 5148/7533 5114/7477 5113/7476
f 5149/7534 5113/7476 625/468 628/471
f 5148/7533 5119/7532 5116/7479 5114/7477
f 5147/7531 732/630 736/634 5150/7535
f 5147/7531 5150/7535 5143/7525 5142/7524
f 5147/7531 5146/7530 733/631 732/630
f 5150/7535 736/634 5151/7536 5152/7537
f 5150/7535 5152/7537 5153/7538 5143/7525
f 5153/7538 5152/7537 756/670 758/672
f 5153/7538 758/672 5154/7539 5139/7540
f 5153/7538 5139/7540 5138/7526 5143/7525
f 5154/7541 758/7542 755/7543 5155/7544
f 5154/7545 5155/7546 5156/7547 5135/7513
f 5154/7545 5135/7513 5134/7512 5139/7519
f 5156/7548 5155/7544 5157/7549 5158/7550
f 5156/7548 5158/7550 718/7551 717/7552
f 5156/7547 717/7553 5136/7514 5135/7513
f 5158/7554 5157/7555 5159/7556 5160/7557
f 5158/7554 5160/7557 719/7558 718/7559
f 5160/7557 5159/7556 5161/7560 5162/7561
f 5160/7557 5162/7561 2881/7562 719/7558
f 5162/7561 5161/7560 2886/3994 2884/3992
f 5162/7561 2884/3992 2882/3991 2881/7562
f 5161/7563 5159/7564 5163/7565 5164/7566
f 5161/7563 5164/7566 5165/7567 2886/7568
f 5165/7567 5164/7566 5166/7569 751/7570
f 5165/7567 751/7570 744/7571 2889/3999
f 5165/7567 2889/3999 2887/3998 2886/7568
f 5166/7569 5167/7572 5168/7573 5169/7574
f 5166/7569 5169/7574 749/7575 751/7570
f 5166/7569 5164/7566 5163/7565 5167/7572
f 5169/7574 5168/7573 5170/7576 752/665
f 5169/7574 752/665 750/664 749/7575
f 5170/7576 5151/7536 736/634 735/633
f 5170/7576 735/633 734/632 752/665
f 5170/7576 5168/7573 757/671 5151/7536
f 5168/7573 5167/7572 753/667 757/671
f 5167/7572 5163/7565 754/668 753/667
f 5163/7565 5159/7564 5157/7577 754/668
f 5157/7549 5155/7544 755/7543 754/7578
f 5152/7537 5151/7536 757/671 756/670
f 5144/7527 5122/7489 5120/7486 5119/7485
f 5140/7521 5125/7520 5123/7490 5122/7489
f 5136/7515 717/608 716/607 722/617
f 4295/6433 4293/6432 610/7579 609/7048
f 4293/6432 4291/7580 611/7581 610/7579
f 4287/6414 4286/6413 612/450 611/449
f 4286/6413 4282/6409 4281/6408 5171/7582
f 4286/6413 5171/7582 618/458 612/450
f 5171/7582 4281/6408 5172/7583 5173/7584
f 5171/7582 5173/7584 621/7585 618/458
f 5173/7586 5172/7587 5174/7588 5175/7589
f 5173/7586 5175/7589 5176/7590 621/7591
f 5176/7592 5175/7593 5177/7594 3453/7595
f 5176/7592 3453/7595 3449/4786 3448/4785
f 5176/7596 3448/7597 615/454 621/463
f 5177/7594 5175/7593 5174/7598 5178/7599
f 5177/7600 5178/7601 3458/7602 3456/7603
f 5177/7600 3456/7603 3454/4794 3453/4793
f 5178/7599 5174/7598 5179/7604 5180/7605
f 5178/7606 5180/7607 4248/6358 3458/4807
f 5180/7605 5179/7604 4271/7608 5181/7609
f 5180/7607 5181/7610 4249/7611 4248/6358
f 5181/7609 4271/7608 4267/6386 4266/6385
f 5181/7610 4266/7612 4251/7613 4249/7611
f 5179/7614 4276/7615 4272/6394 4271/6393
f 5179/7614 5174/7588 5172/7587 4276/7615
f 5172/7583 4281/6408 4277/6404 4276/7616
f 4266/7612 4262/6378 4253/6377 4251/7613
f 4261/6375 759/680 763/679 4258/6376
f 3448/7597 3444/4778 616/455 615/454
f 3423/4749 1491/2185 1490/2184 3418/4743
f 3410/5922 1493/2187 1476/2165 1475/2164
f 3371/4690 1624/2441 1623/2440 3366/4691
f 3310/4621 1228/1612 1236/1611 3305/4616
f 3301/4612 1236/1611 1235/1610 3292/4603
f 3292/4603 1235/1610 1234/1609 3287/4598
f 3283/4591 3282/4590 1234/1609 1233/1608
f 3264/4566 3161/4437 3159/4435 1217/1587
f 3260/4562 3164/4440 3162/4438 3161/4437
f 3256/4557 3167/4443 3165/4441 3164/4440
f 3252/4556 3170/4446 3168/4444 3167/4443
f 3248/4548 3173/4451 3171/4450 3170/4549
f 3244/4538 3176/4457 3174/4454 3173/4542
f 3240/4533 3179/4460 3177/4458 3176/4457
f 3236/4526 3182/4465 3180/4464 3179/4530
f 3232/4522 3185/4469 3183/4466 3182/4465
f 3228/4518 3188/4472 3186/4470 3185/4469
f 3224/4514 3191/4475 3189/4473 3188/4472
f 3220/4510 3194/4478 3192/4476 3191/4475
f 3216/4506 3197/4481 3195/4479 3194/4478
f 3212/4502 3200/4484 3198/4482 3197/4481
f 3003/4219 3001/4218 581/7617 467/7618
f 3001/4215 3000/4214 582/7619 581/7620
f 3000/4212 2999/4211 2976/4161 582/406
f 2999/4211 2980/4165 2977/4162 2976/4161
f 2999/4211 2992/4193 2990/4191 2980/4165
f 2984/7621 584/7622 583/7623 2979/7624
f 2976/4161 2974/4159 580/407 582/406
f 2974/4159 2972/4158 472/7625 580/407
f 2972/4153 2970/4152 469/161 472/160
f 2970/4149 2968/4147 470/156 469/155
f 2942/4105 2940/4103 2939/4102 925/1010
f 2939/4102 709/598 926/1011 925/1010
f 2939/4102 2937/4100 707/593 709/598
f 2934/4094 2899/4098 2897/7626 694/568
f 2932/4092 937/1024 936/1023 2903/4096
f 2925/4085 2908/4084 934/1021 933/1020
f 2897/7626 2895/7627 695/569 694/568
f 2895/7627 2893/4004 696/7628 695/569
f 2893/4004 2891/4001 700/7629 696/7628
f 2891/4001 2890/4000 743/7630 700/7629
f 2890/4000 2889/3999 744/7571 743/7630
f 2881/3986 2878/3982 711/602 719/7631
f 2878/3982 2876/3981 712/603 711/602
f 2876/3978 2874/3976 2873/3975 712/4489
f 2724/4327 1741/7632 1739/2656 1738/2655
f 2708/3798 2367/3425 2365/3423 2364/3422
f 2704/3794 2703/3793 2368/3426 2367/3425
f 2703/3793 2699/3789 2698/3788 5182/7633
f 2703/3793 5182/7633 2369/3427 2368/3426
f 5182/7634 2698/7635 5183/7636 5184/7637
f 5182/7634 5184/7637 2371/3431 2369/3430
f 5184/7637 5183/7636 5185/7638 5186/7639
f 5184/7637 5186/7639 2373/3433 2371/3431
f 5186/7639 5185/7638 5187/7640 5188/7641
f 5186/7639 5188/7641 2380/3442 2373/3433
f 5188/7641 5187/7640 5189/7642 2383/3445
f 5188/7641 2383/3445 2381/3443 2380/3442
f 5189/7642 5187/7640 5190/7643 5191/7644
f 5189/7642 5191/7644 5192/7645 2386/3448
f 5189/7642 2386/3448 2384/3446 2383/3445
f 5192/7645 5191/7644 5193/7646 5194/7647
f 5192/7645 5194/7647 5195/7648 5196/7649
f 5192/7645 5196/7649 2387/3449 2386/3448
f 5196/7649 5195/7648 5197/7650 5198/7651
f 5196/7649 5198/7651 2388/3450 2387/3449
f 5198/7651 5197/7650 5199/7652 5200/7653
f 5198/7651 5200/7653 2390/3452 2388/3450
f 5200/7653 5199/7652 5201/7654 5202/7655
f 5200/7653 5202/7655 2392/3454 2390/3452
f 5202/7655 5201/7654 5203/7656 5204/7657
f 5202/7655 5204/7657 2394/3456 2392/3454
f 5204/7657 5203/7656 5205/7658 5206/7659
f 5204/7657 5206/7659 2396/3458 2394/3456
f 5206/7659 5205/7658 5207/7660 2401/3463
f 5206/7659 2401/3463 2398/3460 2396/3458
f 5207/7660 5205/7658 5208/7661 5209/7662
f 5207/7660 5209/7662 5210/7663 2404/3466
f 5207/7660 2404/3466 2402/3464 2401/3463
f 5210/7663 5209/7662 5211/7664 5212/7665
f 5210/7663 5212/7665 5213/7666 2407/3469
f 5210/7663 2407/3469 2405/3467 2404/3466
f 5213/7666 5212/7665 5214/7667 5215/7668
f 5213/7666 5215/7668 5216/7669 5217/7670
f 5213/7666 5217/7670 2408/3470 2407/3469
f 5217/7670 5216/7669 5218/7671 5219/7672
f 5217/7670 5219/7672 2409/3471 2408/3470
f 5219/7672 5218/7671 5220/7673 5221/7674
f 5219/7672 5221/7674 2411/3473 2409/3471
f 5221/7674 5220/7673 5222/7675 5223/7676
f 5221/7674 5223/7676 2413/3475 2411/3473
f 5223/7677 5222/7678 5224/7679 2418/3482
f 5223/7677 2418/3482 2415/3479 2413/3478
f 5224/7679 5222/7678 5225/7680 5226/7681
f 5224/7679 5226/7681 5227/7682 2421/3485
f 5224/7679 2421/3485 2419/3483 2418/3482
f 5227/7682 5226/7681 5228/7683 5229/7684
f 5227/7682 5229/7684 5230/7685 2424/3488
f 5227/7682 2424/3488 2422/3486 2421/3485
f 5230/7685 5229/7684 5231/7686 5232/7687
f 5230/7685 5232/7687 5233/7688 2427/3491
f 5230/7685 2427/3491 2425/3489 2424/3488
f 5233/7688 5232/7687 5234/7689 5235/7690
f 5233/7688 5235/7690 5236/7691 2430/3494
f 5233/7688 2430/3494 2428/3492 2427/3491
f 5236/7691 5235/7690 5237/7692 5238/7693
f 5236/7691 5238/7693 5239/7694 2433/3497
f 5236/7691 2433/3497 2431/3495 2430/3494
f 5239/7694 5238/7693 5240/7695 5241/7696
f 5239/7694 5241/7696 5242/7697 2436/3500
f 5239/7694 2436/3500 2434/3498 2433/3497
f 5242/7697 5241/7696 5243/7698 5244/7699
f 5242/7697 5244/7699 5245/7700 2439/3503
f 5242/7697 2439/3503 2437/3501 2436/3500
f 5245/7700 5244/7699 5246/7701 5247/7702
f 5245/7700 5247/7702 5248/7703 5249/7704
f 5245/7700 5249/7704 2440/3504 2439/3503
f 5249/7704 5248/7703 5250/7705 5251/7706
f 5249/7704 5251/7706 2441/3505 2440/3504
f 5251/7706 5250/7705 5252/7707 2446/3510
f 5251/7706 2446/3510 2443/3507 2441/3505
f 5252/7707 5250/7705 5253/7708 5254/7709
f 5252/7707 5254/7709 5255/7710 5256/7711
f 5252/7707 5256/7711 2447/3511 2446/3510
f 5256/7711 5255/7710 5257/7712 5258/7713
f 5256/7711 5258/7713 2448/3512 2447/3511
f 5258/7714 5257/7715 5259/7716 2454/3521
f 5258/7714 2454/3521 2450/3516 2448/3515
f 5259/7716 5257/7715 5260/7717 5261/7718
f 5259/7716 5261/7718 5262/7719 5263/7720
f 5259/7716 5263/7720 2455/3522 2454/3521
f 5263/7720 5262/7719 5264/7721 5265/7722
f 5263/7720 5265/7722 2456/3523 2455/3522
f 5265/7723 5264/7724 2514/3592 5266/7725
f 5265/7723 5266/7725 2459/3528 2456/3527
f 5266/7725 2514/3592 2510/3588 2509/3587
f 5266/7725 2509/3587 5267/7726 2459/3528
f 5267/7726 2509/3587 2505/3583 2504/3582
f 5267/7726 2504/3582 5268/7727 2462/3532
f 5267/7726 2462/3532 2460/3529 2459/3528
f 5268/7727 2504/3582 2500/3578 2499/3577
f 5268/7727 2499/3577 5269/7728 5270/7729
f 5268/7727 5270/7729 2463/3533 2462/3532
f 5270/7729 5269/7728 2470/3542 2468/3540
f 5270/7729 2468/3540 2464/3534 2463/3533
f 5269/7728 2499/3577 2495/3573 2494/3572
f 5269/7728 2494/3572 2472/3544 2470/3542
f 5264/7724 2519/7730 2515/3593 2514/3592
f 5264/7721 5262/7719 5271/7731 2519/3599
f 5271/7731 2524/3605 2520/3600 2519/3599
f 5271/7731 5262/7719 5261/7718 5272/7732
f 5271/7731 5272/7732 5273/7733 2524/3605
f 5273/7733 2529/3610 2525/3606 2524/3605
f 5273/7734 5272/7735 5274/7736 5275/7737
f 5273/7738 5275/7739 5276/7740 2529/7741
f 5276/7740 2534/3617 2530/3616 2529/7741
f 5276/7740 5275/7739 5277/7742 5278/7743
f 5276/7740 5278/7743 5279/7744 2534/3617
f 5279/7744 5280/7745 5281/7746 2539/3623
f 5279/7744 2539/3623 2535/3618 2534/3617
f 5279/7744 5278/7743 5282/7747 5280/7745
f 5282/7747 5283/7748 5284/7749 5280/7745
f 5282/7747 5278/7743 5277/7742 5285/7750
f 5282/7747 5285/7750 5286/7751 5283/7748
f 5286/7751 5287/7752 5288/7753 5283/7748
f 5286/7751 5285/7750 5289/7754 5290/7755
f 5286/7751 5290/7755 5291/7756 5287/7752
f 5291/7756 5292/7757 5293/7758 5287/7752
f 5291/7756 5290/7755 5294/7759 5295/7760
f 5291/7756 5295/7760 5296/7761 5292/7757
f 5296/7761 5297/7762 5298/7763 5292/7757
f 5296/7761 5295/7760 5299/7764 5300/7765
f 5296/7761 5300/7765 5301/7766 5297/7762
f 5301/7766 5302/7767 5303/7768 5297/7762
f 5301/7766 5300/7765 5247/7702 5246/7701
f 5301/7766 5246/7701 5304/7769 5302/7767
f 5304/7769 5305/7770 5306/7771 5302/7767
f 5304/7769 5246/7701 5244/7699 5243/7698
f 5304/7769 5243/7698 5307/7772 5305/7770
f 5307/7772 5308/7773 5309/7774 5305/7770
f 5307/7772 5243/7698 5241/7696 5240/7695
f 5307/7772 5240/7695 5310/7775 5308/7773
f 5310/7775 5311/7776 5312/7777 5308/7773
f 5310/7775 5240/7695 5238/7693 5237/7692
f 5310/7775 5237/7692 5313/7778 5311/7776
f 5313/7778 5314/7779 5315/7780 5311/7776
f 5313/7778 5237/7692 5235/7690 5234/7689
f 5313/7778 5234/7689 5316/7781 5314/7779
f 5316/7781 5317/7782 5318/7783 5314/7779
f 5316/7781 5234/7689 5232/7687 5231/7686
f 5316/7781 5231/7686 5319/7784 5317/7782
f 5319/7784 5320/7785 5321/7786 5317/7782
f 5319/7784 5231/7686 5229/7684 5228/7683
f 5319/7784 5228/7683 5322/7787 5320/7785
f 5322/7788 5323/7789 5324/7790 5320/7791
f 5322/7787 5228/7683 5226/7681 5225/7680
f 5322/7788 5225/7792 5325/7793 5323/7789
f 5325/7793 5326/7794 5327/7795 5323/7789
f 5325/7793 5225/7792 5222/7675 5220/7673
f 5325/7793 5220/7673 5218/7671 5326/7794
f 5327/7795 5328/7796 5329/7797 5330/7798
f 5327/7795 5330/7798 5324/7790 5323/7789
f 5327/7795 5326/7794 5331/7799 5328/7796
f 5331/7799 5332/7800 5333/7801 5328/7796
f 5331/7799 5326/7794 5218/7671 5216/7669
f 5331/7799 5216/7669 5215/7668 5332/7800
f 5333/7801 5334/7802 5335/7803 5336/7804
f 5333/7801 5336/7804 5329/7797 5328/7796
f 5333/7801 5332/7800 5337/7805 5334/7802
f 5337/7805 5338/7806 5339/7807 5334/7802
f 5337/7805 5332/7800 5215/7668 5214/7667
f 5337/7805 5214/7667 5340/7808 5338/7806
f 5340/7808 5341/7809 5342/7810 5338/7806
f 5340/7808 5214/7667 5212/7665 5211/7664
f 5340/7808 5211/7664 5343/7811 5341/7809
f 5343/7811 5344/7812 5345/7813 5341/7809
f 5343/7811 5211/7664 5209/7662 5208/7661
f 5343/7811 5208/7661 5346/7814 5344/7812
f 5346/7814 5347/7815 5348/7816 5344/7812
f 5346/7814 5208/7661 5205/7658 5203/7656
f 5346/7814 5203/7656 5201/7654 5347/7815
f 5348/7816 5349/7817 5350/7818 5351/7819
f 5348/7816 5351/7819 5345/7813 5344/7812
f 5348/7816 5347/7815 5352/7820 5349/7817
f 5352/7820 5353/7821 5354/7822 5349/7817
f 5352/7820 5347/7815 5201/7654 5199/7652
f 5352/7820 5199/7652 5197/7650 5353/7821
f 5354/7822 5355/7823 5356/7824 5357/7825
f 5354/7822 5357/7825 5350/7818 5349/7817
f 5354/7822 5353/7821 5358/7826 5355/7823
f 5358/7826 5359/7827 5360/7828 5355/7823
f 5358/7826 5353/7821 5197/7650 5195/7648
f 5358/7826 5195/7648 5194/7647 5359/7827
f 5360/7828 2678/3765 2674/3761 2673/3760
f 5360/7828 2673/3760 5356/7824 5355/7823
f 5360/7828 5359/7827 5361/7829 2678/3765
f 5361/7829 2683/3770 2679/3766 2678/3765
f 5361/7829 5359/7827 5194/7647 5193/7646
f 5361/7829 5193/7646 5362/7830 2683/3770
f 5362/7830 2688/3775 2684/3771 2683/3770
f 5362/7830 5193/7646 5191/7644 5190/7643
f 5362/7830 5190/7643 5363/7831 2688/3775
f 5363/7831 2693/3782 2689/3776 2688/3775
f 5363/7831 5190/7643 5187/7640 5185/7638
f 5363/7831 5185/7638 5183/7636 2693/3782
f 5357/7825 5356/7824 2668/3755 5364/7832
f 5357/7825 5364/7832 5365/7833 5350/7818
f 5365/7833 5364/7832 2663/3750 5366/7834
f 5365/7833 5366/7834 5367/7835 5368/7836
f 5365/7833 5368/7836 5351/7819 5350/7818
f 5368/7836 5367/7835 5369/7837 5370/7838
f 5368/7836 5370/7838 5345/7813 5351/7819
f 5370/7838 5369/7837 5371/7839 5342/7810
f 5370/7838 5342/7810 5341/7809 5345/7813
f 5371/7839 5369/7837 5372/7840 5373/7841
f 5371/7839 5373/7841 5374/7842 5339/7807
f 5371/7839 5339/7807 5338/7806 5342/7810
f 5374/7842 5373/7841 5375/7843 5376/7844
f 5374/7842 5376/7844 5377/7845 5335/7803
f 5374/7842 5335/7803 5334/7802 5339/7807
f 5377/7845 5376/7844 5378/7846 5379/7847
f 5377/7845 5379/7847 5380/7848 5381/7849
f 5377/7845 5381/7849 5336/7804 5335/7803
f 5381/7849 5380/7848 5382/7850 5383/7851
f 5381/7849 5383/7851 5329/7797 5336/7804
f 5383/7851 5382/7850 5384/7852 5385/7853
f 5383/7851 5385/7853 5330/7798 5329/7797
f 5385/7853 5384/7852 5386/7854 5387/7855
f 5385/7853 5387/7855 5324/7790 5330/7798
f 5387/7855 5386/7854 5388/7856 5321/7857
f 5387/7855 5321/7857 5320/7791 5324/7790
f 5388/7856 5386/7854 5389/7858 5390/7859
f 5388/7860 5390/7861 5391/7862 5318/7783
f 5388/7860 5318/7783 5317/7782 5321/7786
f 5391/7862 5390/7861 5392/7863 5393/7864
f 5391/7862 5393/7864 5394/7865 5315/7780
f 5391/7862 5315/7780 5314/7779 5318/7783
f 5394/7865 5393/7864 5395/7866 5396/7867
f 5394/7865 5396/7867 5397/7868 5312/7777
f 5394/7865 5312/7777 5311/7776 5315/7780
f 5397/7868 5396/7867 5398/7869 5399/7870
f 5397/7868 5399/7870 5400/7871 5309/7774
f 5397/7868 5309/7774 5308/7773 5312/7777
f 5400/7871 5399/7870 5401/7872 5402/7873
f 5400/7871 5402/7873 5403/7874 5306/7771
f 5400/7871 5306/7771 5305/7770 5309/7774
f 5403/7874 5402/7873 5404/7875 5405/7876
f 5403/7874 5405/7876 5406/7877 5303/7768
f 5403/7874 5303/7768 5302/7767 5306/7771
f 5406/7877 5405/7876 5407/7878 5408/7879
f 5406/7877 5408/7879 5409/7880 5298/7763
f 5406/7877 5298/7763 5297/7762 5303/7768
f 5409/7880 5408/7879 5410/7881 5411/7882
f 5409/7880 5411/7882 5412/7883 5293/7758
f 5409/7880 5293/7758 5292/7757 5298/7763
f 5412/7883 5411/7882 5413/7884 5414/7885
f 5412/7883 5414/7885 5415/7886 5288/7753
f 5412/7883 5288/7753 5287/7752 5293/7758
f 5415/7886 5414/7885 5416/7887 5417/7888
f 5415/7886 5417/7888 5418/7889 5284/7749
f 5415/7886 5284/7749 5283/7748 5288/7753
f 5418/7889 5417/7888 5419/7890 5420/7891
f 5418/7889 5420/7891 2544/3628 5281/7746
f 5418/7889 5281/7746 5280/7745 5284/7749
f 5420/7891 5419/7890 5421/7892 2549/3633
f 5420/7891 2549/3633 2545/3629 2544/3628
f 5421/7892 5422/7893 5423/7894 2554/3638
f 5421/7892 2554/3638 2550/3634 2549/3633
f 5421/7892 5419/7890 5424/7895 5422/7893
f 5424/7895 5425/7896 5426/7897 5422/7893
f 5424/7895 5419/7890 5417/7888 5416/7887
f 5424/7895 5416/7887 5427/7898 5425/7896
f 5427/7898 5428/7899 5429/7900 5425/7896
f 5427/7898 5416/7887 5414/7885 5413/7884
f 5427/7898 5413/7884 5430/7901 5428/7899
f 5430/7901 5431/7902 5432/7903 5428/7899
f 5430/7901 5413/7884 5411/7882 5410/7881
f 5430/7901 5410/7881 5433/7904 5431/7902
f 5433/7904 5434/7905 5435/7906 5431/7902
f 5433/7904 5410/7881 5408/7879 5407/7878
f 5433/7904 5407/7878 5436/7907 5434/7905
f 5436/7907 5437/7908 5438/7909 5434/7905
f 5436/7907 5407/7878 5405/7876 5404/7875
f 5436/7907 5404/7875 5439/7910 5437/7908
f 5439/7910 5440/7911 5441/7912 5437/7908
f 5439/7910 5404/7875 5402/7873 5401/7872
f 5439/7910 5401/7872 5442/7913 5440/7911
f 5442/7913 5443/7914 5444/7915 5440/7911
f 5442/7913 5401/7872 5399/7870 5398/7869
f 5442/7913 5398/7869 5445/7916 5443/7914
f 5445/7916 5446/7917 5447/7918 5443/7914
f 5445/7916 5398/7869 5396/7867 5395/7866
f 5445/7916 5395/7866 5448/7919 5446/7917
f 5448/7920 5449/7921 5450/7922 5446/7923
f 5448/7919 5395/7866 5393/7864 5392/7863
f 5448/7920 5392/7924 5451/7925 5449/7921
f 5451/7925 5452/7926 5453/7927 5449/7921
f 5451/7925 5392/7924 5390/7859 5389/7858
f 5451/7925 5389/7858 5454/7928 5452/7926
f 5454/7928 5455/7929 5456/7930 5452/7926
f 5454/7928 5389/7858 5386/7854 5384/7852
f 5454/7928 5384/7852 5382/7850 5455/7929
f 5456/7930 5457/7931 5458/7932 5459/7933
f 5456/7930 5459/7933 5453/7927 5452/7926
f 5456/7930 5455/7929 5460/7934 5457/7931
f 5460/7934 5461/7935 5462/7936 5457/7931
f 5460/7934 5455/7929 5382/7850 5380/7848
f 5460/7934 5380/7848 5379/7847 5461/7935
f 5462/7936 2638/3725 2634/3721 2633/3720
f 5462/7936 2633/3720 5458/7932 5457/7931
f 5462/7936 5461/7935 5463/7937 2638/3725
f 5463/7937 2643/3730 2639/3726 2638/3725
f 5463/7937 5461/7935 5379/7847 5378/7846
f 5463/7937 5378/7846 5464/7938 2643/3730
f 5464/7938 2648/3735 2644/3731 2643/3730
f 5464/7938 5378/7846 5376/7844 5375/7843
f 5464/7938 5375/7843 5465/7939 2648/3735
f 5465/7939 2653/3740 2649/3736 2648/3735
f 5465/7939 5375/7843 5373/7841 5372/7840
f 5465/7939 5372/7840 5466/7940 2653/3740
f 5466/7940 2658/3745 2654/3741 2653/3740
f 5466/7940 5372/7840 5369/7837 5367/7835
f 5466/7940 5367/7835 5366/7834 2658/3745
f 5459/7933 5458/7932 2628/3715 5467/7941
f 5459/7933 5467/7941 5468/7942 5453/7927
f 5468/7942 5467/7941 2623/3710 5469/7943
f 5468/7942 5469/7943 5470/7944 5450/7922
f 5468/7942 5450/7922 5449/7921 5453/7927
f 5470/7944 5469/7943 2618/3705 5471/7945
f 5470/7944 5471/7945 5472/7946 5447/7947
f 5470/7944 5447/7947 5446/7923 5450/7922
f 5472/7946 5471/7945 2613/3700 5473/7948
f 5472/7949 5473/7950 5474/7951 5444/7915
f 5472/7949 5444/7915 5443/7914 5447/7918
f 5474/7951 5473/7950 2608/7952 5475/7953
f 5474/7951 5475/7953 5476/7954 5441/7912
f 5474/7951 5441/7912 5440/7911 5444/7915
f 5476/7954 5475/7953 2603/3689 5477/7955
f 5476/7954 5477/7955 5478/7956 5438/7909
f 5476/7954 5438/7909 5437/7908 5441/7912
f 5478/7956 5477/7955 2598/3682 5479/7957
f 5478/7956 5479/7957 5480/7958 5435/7906
f 5478/7956 5435/7906 5434/7905 5438/7909
f 5480/7958 5479/7957 2593/3677 5481/7959
f 5480/7958 5481/7959 5482/7960 5432/7903
f 5480/7958 5432/7903 5431/7902 5435/7906
f 5482/7960 5481/7959 2588/3672 5483/7961
f 5482/7960 5483/7961 5484/7962 5429/7900
f 5482/7960 5429/7900 5428/7899 5432/7903
f 5484/7962 5483/7961 2583/3667 5485/7963
f 5484/7962 5485/7963 5486/7964 5426/7897
f 5484/7962 5426/7897 5425/7896 5429/7900
f 5486/7964 5485/7963 2578/3662 5487/7965
f 5486/7964 5487/7965 2559/3643 5423/7894
f 5486/7964 5423/7894 5422/7893 5426/7897
f 5487/7965 2578/3662 2574/3658 2564/3648
f 5487/7965 2564/3648 2560/3644 2559/3643
f 5485/7963 2583/3667 2579/3663 2578/3662
f 5483/7961 2588/3672 2584/3668 2583/3667
f 5481/7959 2593/3677 2589/3673 2588/3672
f 5479/7957 2598/3682 2594/3678 2593/3677
f 5477/7955 2603/3689 2599/3683 2598/3682
f 5475/7953 2608/7952 2604/3690 2603/3689
f 5473/7948 2613/3700 2609/3696 2608/3695
f 5471/7945 2618/3705 2614/3701 2613/3700
f 5469/7943 2623/3710 2619/3706 2618/3705
f 5467/7941 2628/3715 2624/3711 2623/3710
f 5458/7932 2633/3720 2629/3716 2628/3715
f 5423/7894 2559/3643 2555/3639 2554/3638
f 5366/7834 2663/3750 2659/3746 2658/3745
f 5364/7832 2668/3755 2664/3751 2663/3750
f 5356/7824 2673/3760 2669/3756 2668/3755
f 5300/7765 5299/7764 5248/7703 5247/7702
f 5299/7764 5295/7760 5294/7759 5253/7708
f 5299/7764 5253/7708 5250/7705 5248/7703
f 5294/7759 5290/7755 5289/7754 5488/7966
f 5294/7759 5488/7966 5254/7709 5253/7708
f 5488/7966 5289/7754 5489/7967 5490/7968
f 5488/7966 5490/7968 5255/7710 5254/7709
f 5490/7968 5489/7967 5274/7969 5260/7970
f 5490/7968 5260/7970 5257/7712 5255/7710
f 5489/7967 5289/7754 5285/7750 5277/7742
f 5489/7967 5277/7742 5275/7739 5274/7969
f 5281/7746 2544/3628 2540/3624 2539/3623
f 5274/7736 5272/7735 5261/7971 5260/7972
f 5183/7636 2698/7635 2694/3783 2693/3782
f 2494/3572 2488/3566 2474/3546 2472/3544
f 2380/3442 2376/3436 2374/3434 2373/3433
f 2356/3412 2147/3167 1763/2688 1761/2686
f 2322/3369 2176/3200 2172/3194 2171/3193
f 2318/3365 2179/3203 2177/3201 2176/3200
f 2144/3164 1783/2711 1780/2708 1779/2707
f 2109/3126 2108/3125 830/832 835/831
f 2106/3128 1959/2946 1957/2944 1956/2943
f 2102/3118 1962/2951 1960/2950 1959/3122
f 2098/3114 1965/2955 1963/2952 1962/2951
f 2094/3110 1968/2958 1966/2956 1965/2955
f 2090/3106 1971/2961 1969/2959 1968/2958
f 2086/3102 1974/2964 1972/2962 1971/2961
f 2082/3098 1977/2967 1975/2965 1974/2964
f 2072/3088 1984/3087 1981/2971 1979/2969
f 2050/3059 1999/2995 1996/2992 1994/2990
f 2046/3055 2002/2998 2000/2996 1999/2995
f 2042/3051 2005/3001 2003/2999 2002/2998
f 1949/2936 1792/2720 1790/2718 1789/2717
f 1944/2931 1943/2930 5491/7973 843/847
f 5491/7973 1943/2930 5492/7974 1820/2756
f 5491/7973 1820/2756 1818/2755 1817/7975
f 5491/7973 1817/7975 844/848 843/847
f 5492/7974 1943/2930 1939/2926 1938/2925
f 5492/7974 1938/2925 5493/7976 5494/7977
f 5492/7974 5494/7977 1821/2757 1820/2756
f 5494/7977 5493/7976 5495/7978 5496/7979
f 5494/7977 5496/7979 1822/2758 1821/2757
f 5496/7979 5495/7978 5497/7980 1831/2770
f 5496/7979 1831/2770 1829/2768 1822/2758
f 5497/7980 5495/7978 5498/7981 821/7982
f 5497/7980 821/7982 820/7983 823/7984
f 5497/7980 823/7984 1832/2771 1831/2770
f 5498/7985 1933/2917 1929/2913 1928/2912
f 5498/7985 1928/2912 817/802 821/806
f 5498/7981 5495/7978 5493/7976 1933/7986
f 5493/7976 1938/2925 1934/2924 1933/7986
f 1928/2912 1924/2908 818/803 817/802
f 1914/2892 1837/2781 1835/2779 822/2778
f 1832/2771 823/7984 816/7987 815/2772
f 1826/2764 1825/2763 824/820 829/819
f 1817/2751 1813/2747 1812/2746 844/7988
f 1812/2746 1808/2742 1798/2741 1797/7989
f 1812/2746 1797/7989 839/7990 844/7988
f 1797/2727 1794/2724 840/2723 839/7991
f 1778/2706 1776/2704 1768/2693 1767/2692
f 1723/2627 1721/2626 426/7992 555/7993
f 1721/2619 1719/2618 421/83 426/82
f 1718/2612 1717/2611 399/36 400/35
f 1703/7994 1702/7995 871/7996 870/7997
f 1702/7998 1698/2575 1696/2573 5499/7999
f 1702/7995 5499/8000 5500/8001 871/7996
f 5500/8001 5499/8000 5501/8002 5502/8003
f 5500/8001 5502/8003 5503/8004 5504/8005
f 5500/8001 5504/8005 872/8006 871/7996
f 5504/8007 5503/8008 866/8009 865/8010
f 5504/8011 865/880 864/879 872/892
f 5503/8004 5502/8003 5505/8012 5506/8013
f 5503/8008 5506/8014 875/8015 866/8009
f 5506/8013 5505/8012 1685/8016 5507/8017
f 5506/8013 5507/8017 876/8018 875/8019
f 5507/8020 1685/8021 1682/2546 1681/2545
f 5507/8017 1681/8022 5508/8023 876/8018
f 5508/8023 1681/8022 1678/2538 1677/2537
f 5508/8023 1677/2537 5509/8024 877/8025
f 5508/8026 877/8027 874/8028 876/8029
f 5509/8024 1677/2537 1675/2533 5510/8030
f 5509/8031 5510/8032 522/271 524/273
f 5509/8031 524/273 527/904 877/903
f 5510/8030 1675/2533 1673/2530 1672/2529
f 5510/8032 1672/8033 523/272 522/271
f 5505/8034 1690/8035 1686/2554 1685/2553
f 5505/8036 5502/8037 5501/8038 1690/8039
f 5501/8040 1694/8041 1691/2562 1690/2561
f 5501/8042 5499/7999 1696/2573 1694/2569
f 1689/2838 887/925 888/924 1684/8043
f 1680/2542 888/2550 886/989 913/988
f 1672/8044 1670/8045 5511/8046 523/8047
f 5511/8046 1670/8045 1668/8048 5512/8049
f 5511/8050 5512/8051 5513/8052 5514/8053
f 5511/8050 5514/8053 520/269 523/272
f 5514/8053 5513/8052 5515/8054 5516/8055
f 5514/8053 5516/8055 521/270 520/269
f 5516/8055 5515/8054 5517/8056 5518/8057
f 5516/8055 5518/8057 515/261 521/270
f 5518/8057 5517/8056 5519/8058 5520/8059
f 5518/8057 5520/8059 516/262 515/261
f 5520/8059 5519/8058 5521/8060 5522/8061
f 5520/8059 5522/8061 553/350 516/262
f 5522/8061 5521/8060 497/209 496/208
f 5522/8061 496/208 550/343 553/350
f 5521/8060 5519/8058 491/192 490/191
f 5521/8060 490/191 486/184 497/209
f 5519/8058 5517/8056 673/535 491/192
f 5517/8056 5515/8054 675/538 673/535
f 5515/8054 5513/8052 5523/8062 675/538
f 5523/8062 5524/8063 5525/8064 5526/8065
f 5523/8062 5526/8065 676/539 675/538
f 5523/8062 5513/8052 5512/8051 5524/8063
f 5526/8065 5525/8064 1657/8066 5527/8067
f 5526/8065 5527/8067 677/540 676/539
f 5527/8067 1657/8066 1655/8068 1654/8069
f 5527/8067 1654/8069 5528/8070 677/540
f 5528/8070 1654/8069 1652/8071 5529/8072
f 5528/8070 5529/8072 1630/2452 1629/2451
f 5528/8070 1629/2451 674/537 677/540
f 5529/8072 1652/8071 922/1006 921/1005
f 5529/8072 921/1005 1633/2454 1630/2452
f 5525/8073 1661/2506 1658/2501 1657/2500
f 5525/8073 5524/8074 1667/2520 1661/2506
f 5524/8075 5512/8049 1668/8048 1667/8076
f 1665/2512 5530/8077 969/1111 973/1110
f 1665/2512 973/1110 977/8078 1660/2513
f 1665/2512 1664/2511 5531/8079 5530/8077
f 5531/8080 902/8081 5532/8082 5530/8083
f 5531/8079 1664/2511 911/983 909/982
f 5531/8080 909/971 903/970 902/8081
f 5532/8084 5533/8085 974/8086 970/8087
f 5532/8082 970/1104 969/1103 5530/8083
f 5532/8084 902/953 901/952 5533/8085
f 5533/8088 5534/8089 988/8090 974/8091
f 5533/8088 901/8092 905/8093 5534/8089
f 5534/8089 5535/8094 989/1137 988/8090
f 5534/8089 905/8093 908/8095 5535/8094
f 5535/8094 986/1130 985/1129 989/1137
f 5535/8096 908/967 907/966 986/8097
f 1637/2458 1635/2456 920/1004 923/1007
f 1635/2456 1633/2454 921/1005 920/1004
f 1614/2423 1587/8098 1577/8099 1613/2422
f 1614/2423 1593/2380 1592/2379 1601/8100
f 1614/8101 1601/8102 5536/8103 1587/8104
f 1613/8105 1577/8106 1576/8107 1610/8108
f 1608/2410 1086/1327 1072/1305 1605/2411
f 1608/2410 1607/2409 1088/8109 5537/8110
f 1608/2410 5537/8110 1079/1328 1086/1327
f 5537/8111 1088/1335 1087/1334 5538/8112
f 5537/8111 5538/8112 1080/1317 1079/1316
f 5538/8113 1087/1332 1062/1331 1061/1340
f 5538/8113 1061/1340 1089/1339 1080/1342
f 1607/2409 1070/2412 1069/1330 1088/8109
f 1605/8114 1072/8115 1071/8116 1606/8117
f 1604/6254 1569/6253 1568/8118 1600/8119
f 1601/8100 1592/2379 1599/2391 373/2390
f 372/2392 374/8120 1606/8121 1602/8122
f 1602/8122 1606/8121 1071/1304 1078/1314
f 1600/8123 1568/8124 1572/8125 1590/8126
f 1590/2377 1562/2331 1561/2330 1567/2394
f 1584/2369 1582/2357 1580/2353 1579/2352
f 4211/6238 4209/6232 1578/2351 363/2350
f 1612/2421 4211/6238 363/2350 376/2355
f 1581/2354 1580/2353 1582/2357 369/2356
f 1581/2354 369/2356 1593/2380 1610/2417
f 366/8127 362/8128 1577/8129 1587/8130
f 1559/2318 1067/1297 204/1290 1070/2412
f 1558/2312 1075/6252 1074/1312 5541/8131
f 1558/8132 5541/8133 1553/8134 1552/8135
f 5541/8131 1074/1312 1077/1311 1097/1360
f 5541/8131 1097/1360 1096/1359 1553/2303
f 1544/2285 5542/8136 5543/8137 1347/2286
f 1544/2285 355/2281 1137/1438 1136/1437
f 1544/2285 1136/1437 5544/8138 5542/8136
f 5544/8138 5545/8139 5546/8140 5542/8136
f 5544/8138 1136/1437 1135/1436 5547/8141
f 5544/8138 5547/8141 5548/8142 5545/8139
f 5548/8142 1126/1412 5549/8143 5545/8139
f 5548/8142 5547/8141 5550/8144 5551/8145
f 5548/8142 5551/8145 1117/1401 1126/1412
f 5551/8146 5550/8147 1106/8148 1105/8149
f 5551/8146 1105/8149 1118/8150 1117/8151
f 5550/8144 5547/8141 1135/1436 1134/8152
f 5549/8143 1133/8153 1132/1839 1337/1841
f 5549/8143 1337/1841 5546/8140 5545/8139
f 5549/8143 1126/1412 1125/1411 1133/8153
f 5546/8140 1337/1841 1333/1815 5552/8154
f 5546/8140 5552/8154 5543/8137 5542/8136
f 5552/8154 1333/1815 1332/1814 5553/8155
f 5552/8154 5553/8155 5554/8156 5543/8137
f 5554/8156 5553/8155 1350/8157 1540/2280
f 5554/8158 1540/8159 1345/1855 1344/1854
f 5554/8156 1344/8160 1347/2286 5543/8137
f 5553/8155 1332/1814 1331/8161 1350/8157
f 355/2281 1543/2284 1140/1442 1137/1438
f 1540/8162 1350/1867 1349/1866 1538/8163
f 1539/8164 1318/8165 1317/8166 5555/8167
f 1539/2277 5555/8168 1537/2273 1341/2278
f 1539/2277 1538/2276 1349/1863 1318/1781
f 5555/8168 1317/1780 1321/8169 5556/8170
f 5555/8168 5556/8170 1464/2274 1537/2273
f 5556/8171 1321/8172 1348/8173 5557/8174
f 5556/8171 5557/8174 1463/8175 1464/8176
f 5557/8177 1348/1860 1452/2106 1462/2129
f 5557/8177 1462/2129 1461/2128 1463/8178
f 1537/2273 1338/1843 288/1842 1341/2278
f 1536/8179 1458/8180 1456/8181 5558/8182
f 1536/8179 5558/8182 5559/8183 1534/8184
f 1536/8185 1460/8186 1523/8187 1458/8188
f 5560/8189 1535/8190 1534/8184 5559/8183
f 5561/8191 1455/2113 1469/2146 1508/2215
f 5561/8191 1508/2215 1505/2214 341/2200
f 5561/8191 5558/8192 1456/2114 1455/2113
f 1531/2290 1530/2267 1535/2269 1504/2202
f 1529/8193 1451/2105 1450/2104 1448/8194
f 1529/8193 1448/8194 1328/8195 1465/8196
f 1529/8197 1465/2140 1467/2143 1470/8198
f 1523/2241 1460/2125 1459/2124 1453/2109
f 1513/2218 1506/2217 1505/2214 1511/2212
f 340/2199 1504/2202 1535/2269 5560/8199
f 1487/8200 1444/2077 1433/2035 1430/2034
f 1487/8200 1485/2176 1484/2175 1444/2077
f 1484/2175 1483/2174 1441/2074 1444/2077
f 1482/2173 1481/2172 1313/1774 1489/2183
f 1462/8201 1452/2110 1453/2109 1459/2124
f 1447/2092 1377/2094 1374/1927 1387/8202
f 1447/8203 1387/8204 1396/8205 1398/8206
f 1436/2042 1404/2041 1403/1977 1408/1988
f 1436/2042 1429/2033 1432/2032 1434/2043
f 1435/8207 1398/8208 1395/1964 1401/1973
f 313/8209 1405/1985 1400/1971 1399/1970
f 1402/1976 1394/1975 310/1941 1400/1971
f 1397/1967 1396/1966 1387/8202 1386/1944
f 1397/1967 1386/1944 1385/1943 1389/8210
f 1393/8211 1373/8212 1370/8213 1369/8214
f 1393/8215 1392/8216 1382/8217 1388/8218
f 1393/1957 1388/8219 306/1926 1373/1925
f 1392/1956 1391/1955 1378/1935 1382/1939
f 1389/8220 1388/8221 1382/8222 1381/8223
f 1389/8210 1381/1938 310/1941 1397/1967
f 1376/8224 1307/8225 1304/8226 1357/8227
f 1371/1923 1356/1883 1355/1885 1361/1894
f 1366/1905 1362/1908 1354/1876 1353/1875
f 1363/1899 271/1732 1299/1735 1358/1887
f 1363/1899 1358/1887 297/1886 1360/5446
f 1358/1887 1299/1735 1302/1746 1280/1707
f 298/1877 1306/1757 1311/1771 1300/1878
f 1345/2279 354/2275 1343/8228 1346/2287
f 1343/8229 289/8230 1342/8231 1541/8232
f 1343/8228 1541/2282 355/2281 1346/2287
f 1336/8233 1334/1819 280/1818 1295/8234
f 1324/1793 5562/8235 1320/8236 1325/1794
f 1319/1783 1335/8237 1325/8238 1320/1784
f 1322/8239 277/8240 1320/8241 5562/8242
f 1316/1777 1274/1701 265/1700 1303/1778
f 1312/1773 337/1772 5563/8243 1301/1744
f 1312/1773 1301/1744 1298/1734 1297/1733
f 1312/1773 1297/1733 1300/1878 1311/1771
f 1446/8244 1442/2075 1441/2074 1483/2174
f 1446/8244 1483/2174 337/1772 275/1770
f 5564/8245 1489/2183 1313/1774 276/1745
f 5564/8246 276/8247 1301/8248 5563/8249
f 5564/8245 5563/8243 337/1772 1489/2183
f 1303/1749 265/8250 1280/8251 1302/1750
f 1294/8252 270/1722 278/1726 1325/8238
f 1294/8253 1325/8254 1335/8255 282/8256
f 1287/1717 1251/1649 254/1648 1249/1641
f 1284/1714 1277/1704 1267/1690 1266/1689
f 1273/5635 3932/5638 1127/8257 1116/8258
f 1265/1683 1258/1667 1259/1668 1264/1681
f 1265/1683 1183/1535 1182/1534 1258/1667
f 261/1672 1265/1683 1264/1681 259/1673
f 1260/8259 1197/8260 1196/8261 1189/8262
f 1260/1671 1189/5201 1181/1536 1183/1535
f 262/1684 1186/1687 1243/8263 1245/8264
f 1243/1621 1186/1541 1185/1540 1179/1622
f 1194/1558 1175/8265 1174/8266 1188/1547
f 1188/8267 1174/8268 1179/1622 1185/1540
f 1168/1505 1099/1363 1098/1362 1110/1446
f 1168/1505 1110/1446 1109/1443 1115/1394
f 1168/1505 1115/1394 1114/1393 1169/1506
f 1169/1506 1114/1393 1166/1495 232/1504
f 1141/1445 1134/8152 1108/1376 1107/1375
f 1133/8153 1125/1411 1123/1409 221/1419
f 1129/1420 221/1419 1123/1409 1122/1408
f 1127/8257 3932/5638 218/1405 1124/1410
f 1119/1403 1118/1402 1105/1371 1104/1370
f 1119/1416 1104/8269 1103/8270 1102/1417
f 224/1444 1103/1368 1104/1370 213/1369
f 1097/1360 1077/1311 1084/1325 1090/1349
f 1091/1350 1083/1323 1082/1322 1060/1277
f 1091/1350 1060/1277 1039/1239 1041/1242
f 1086/1327 1085/1326 1073/1306 1072/1305
f 1085/1326 1084/1325 1077/1311 1073/1306
f 1082/8271 1055/8272 201/8273 1060/8274
f 1066/1292 1042/1243 1047/1289 1064/1288
f 202/1286 1062/1331 1053/1264 1052/1263
f 1018/1201 1017/1200 5565/8275 5566/8276
f 1018/8277 5566/8278 5567/8279 5568/8280
f 1018/8277 5568/8280 952/8281 1014/8282
f 5567/8279 5566/8278 5569/8283 5570/8284
f 5567/8285 5570/8286 5571/8287 5565/8288
f 5567/8285 5565/8288 1017/8289 5568/8290
f 5571/8291 5570/8292 5572/8293 5573/8294
f 5571/8295 5573/8296 5574/8297 5569/8298
f 5571/8295 5569/8298 5566/8276 5565/8275
f 5574/8299 5573/8300 5575/8301 5576/8302
f 5574/8303 5576/8304 5577/8305 5572/8306
f 5574/8303 5572/8306 5570/8284 5569/8283
f 5577/8305 5576/8304 5578/8307 5579/8308
f 5577/8309 5579/8310 5580/8311 5575/8312
f 5577/8309 5575/8312 5573/8294 5572/8293
f 5580/8311 5579/8310 5581/8313 5582/8314
f 5580/8315 5582/8316 5583/8317 5578/8318
f 5580/8315 5578/8318 5576/8302 5575/8301
f 5583/8317 5582/8316 5584/8319 5585/8320
f 5583/8321 5585/8322 5586/8323 5581/8324
f 5583/8325 5581/8326 5579/8327 5578/8328
f 5586/8323 5585/8322 5587/8329 5588/8330
f 5586/8331 5588/8332 5589/8333 5584/8334
f 5586/8335 5584/8336 5582/8314 5581/8313
f 5589/8333 5588/8332 5590/8337 5591/8338
f 5589/8339 5591/8340 5592/8341 5587/8342
f 5589/8343 5587/8344 5585/8320 5584/8319
f 5592/8341 5591/8340 5593/8345 5594/8346
f 5592/8347 5594/8348 5595/8349 5590/8350
f 5592/8347 5590/8350 5588/8351 5587/8352
f 5595/8349 5594/8348 5596/8353 5597/8354
f 5595/8355 5597/8356 5598/8357 5593/8358
f 5595/8355 5593/8358 5591/8359 5590/8360
f 5598/8357 5597/8356 796/8361 798/8362
f 5598/8363 798/8364 797/8365 5596/8366
f 5598/8363 5596/8366 5594/8346 5593/8345
f 5597/8354 5596/8353 797/755 796/754
f 1016/1199 1015/1198 186/8367 2485/3562
f 5720/8368 681/8369 682/8370 678/8371
f 1011/1191 691/564 91/563 785/726
f 2486/3563 1001/8372 1003/8373 1002/3564
f 1010/1187 689/560 692/565 1006/1179
f 1006/1179 692/565 691/564 1007/1180
f 183/1175 1003/8373 1001/8372 1000/8374
f 1000/1155 172/1154 948/8375 947/8376
f 186/8367 1001/8372 2486/3563 2485/3562
f 987/1133 971/1106 164/1105 975/1134
f 986/1130 907/8377 898/8378 983/1131
f 984/1127 983/1126 898/8379 897/3021
f 979/4062 978/8380 972/8381 971/4063
f 978/8382 977/8078 973/1110 972/1109
f 5599/8383 178/8384 190/8385 179/8386
f 5599/8383 179/8386 160/8387 176/8388
f 176/8389 177/8390 160/8391 954/8392
f 157/8393 176/8394 954/8395 943/8396
f 951/8397 999/8398 185/1149 170/1148
f 951/8399 170/8400 181/8401 950/8402
f 930/1016 926/1011 709/598 708/597
f 912/986 899/946 896/943 910/980
f 908/8095 905/8093 904/8403 906/8404
f 899/946 882/913 879/909 892/939
f 885/918 883/917 143/8405 880/8406
f 873/905 526/276 5600/8407 534/310
f 873/905 534/310 530/293 531/292
f 5600/8407 526/276 525/275 5601/8408
f 5600/8407 5601/8408 539/318 537/314
f 5600/8407 537/314 535/311 534/310
f 5601/8408 525/275 518/264 517/263
f 5601/8408 517/263 540/319 539/318
f 868/893 864/879 42/298 533/300
f 5603/8409 5602/8410 5604/8411 807/8412
f 812/795 811/794 782/721 781/720
f 121/785 808/788 5605/8413 5606/8414
f 121/8415 5606/8416 5607/8417 5605/8418
f 5605/8418 808/8419 5608/8420 121/8415
f 5607/8421 5606/8422 5609/8423 5610/8424
f 5607/8425 5610/8426 5611/8427 5609/8428
f 5607/8425 5609/8428 5606/8429 5605/8430
f 5611/8427 5610/8426 5612/8431 5613/8432
f 5611/8433 5612/8434 5610/8435 5609/8436
f 5612/8431 684/8437 687/8438 5613/8432
f 792/8439 789/8440 5615/8441 5616/8442
f 792/735 5616/8443 5617/8444 788/736
f 792/8439 791/750 790/749 789/8440
f 5617/8444 5616/8443 5618/8445 5619/8446
f 5617/8447 5619/8448 5620/8449 5615/8450
f 5617/8447 5615/8450 789/731 788/730
f 5620/8451 5619/8452 5621/8453 5622/8454
f 5620/8455 5622/8456 5623/8457 5618/8458
f 5620/8455 5618/8458 5616/8442 5615/8441
f 5623/8457 5622/8456 5624/8459 5625/8460
f 5623/8461 5625/8462 5626/8463 5621/8464
f 5623/8465 5621/8466 5619/8446 5618/8445
f 5626/8467 5624/8468 5622/8454 5621/8453
f 5626/8463 5625/8462 5627/8469 5628/8470
f 5626/8467 5628/8471 5629/8472 5624/8468
f 5629/8473 5627/8474 5625/8475 5624/8476
f 5629/8472 5628/8471 5630/8477 5631/8478
f 5629/8473 5631/8479 5632/8480 5627/8474
f 5632/8481 5630/8482 5628/8483 5627/8484
f 5632/8480 5631/8479 5633/8485 5634/8486
f 5632/8481 5634/8487 5635/8488 5630/8482
f 5635/8489 5633/8490 5631/8478 5630/8477
f 5635/8488 5634/8487 5636/8491 5637/8492
f 5635/8489 5637/8493 5638/8494 5633/8490
f 5638/8495 5636/8496 5634/8486 5633/8485
f 5638/8494 5637/8493 5639/8497 5640/8498
f 5638/8499 5640/8500 5641/8501 5636/8502
f 5641/8503 5639/8504 5637/8492 5636/8491
f 5641/8501 5640/8500 5642/8505 5643/8506
f 5641/8507 5643/8508 5644/8509 5639/8510
f 5644/8511 5642/8512 5640/8498 5639/8497
f 5644/8509 5643/8508 5645/8513 5646/8514
f 5644/8515 5646/8516 5647/8517 5642/8518
f 5647/8519 5645/8520 5643/8506 5642/8505
f 5647/8517 5646/8516 5648/8521 680/8522
f 5647/8519 680/544 679/543 5645/8520
f 5648/8523 5646/8514 5645/8513 679/8524
f 5648/8525 679/8526 678/8371 682/8370
f 5648/8521 682/550 86/549 680/8522
f 779/714 775/703 5649/8527 5650/8528
f 779/717 5650/8529 5651/8530 778/711
f 5651/8530 5650/8529 704/586 703/585
f 5651/8530 703/585 702/8531 5652/8532
f 5651/8530 5652/8532 777/712 778/711
f 5652/8533 702/582 746/8534 5653/8535
f 5652/8533 5653/8535 768/687 777/708
f 5653/8536 746/651 745/650 5654/8537
f 5653/8536 5654/8537 769/8538 768/8539
f 5654/8540 745/656 748/655 5655/8541
f 5654/8540 5655/8541 770/691 769/690
f 5655/8541 748/655 5656/8542 5657/8543
f 5655/8541 5657/8543 773/698 770/691
f 5657/8544 5656/8545 5658/8546 5649/8527
f 5657/8544 5649/8527 775/703 773/702
f 5658/8546 5656/8545 706/590 705/589
f 5658/8547 705/596 697/587 704/586
f 5658/8546 704/8548 5650/8528 5649/8527
f 5656/8542 748/655 747/654 706/662
f 765/6049 738/637 737/636 762/8549
f 763/6369 762/8550 737/8551 741/6370
f 761/676 760/675 723/623 726/622
f 746/8534 702/582 701/581 742/8552
f 743/647 742/646 701/8553 700/8554
f 734/632 731/629 710/600 100/599
f 733/631 628/471 624/467 727/625
f 728/626 727/625 624/467 623/466
f 5659/8555 5660/8556 5661/8557 5662/8558
f 686/556 2237/3267 780/719 107/718
f 686/556 107/718 5613/8559 687/557
f 5663/8560 5668/8561 5669/8562 1632/8563
f 5664/8564 5665/8565 86/8566 87/8567
f 671/533 669/531 82/527 668/530
f 4446/6678 662/520 79/519
f 646/500 645/499 641/496 643/495
f 572/8568 571/4288 563/377 58/8569
f 572/8568 58/8569 562/4257 573/4256
f 559/364 451/123 449/119 455/127
f 553/350 514/259 36/236 516/262
f 545/324 5666/8570 536/312 46/313
f 538/315 537/314 539/318 48/316
f 527/904 524/273 141/266 519/265
f 513/258 37/257 141/266 39/268
f 502/218 459/137 446/136 499/215
f 500/216 499/215 446/136 445/122
f 497/209 486/184 483/180 487/186
f 494/199 24/207 487/186 21/185
f 494/199 21/185 488/188 495/200
f 476/166 475/165 16/154 471/157
f 475/165 474/164 466/4226 16/154
f 464/147 463/8571 453/8572 452/4208
f 3058/8573 419/8574 416/66 420/74
f 3058/8573 420/74 47/299 543/322
f 420/74 8/73 425/81 47/299
f 47/299 45/302 536/312 5666/8570
f 410/56 409/55 403/41 402/40
f 74/482 635/485 636/6554 637/6552
f 125/797 816/800 823/8575 820/8576
f 167/1136 974/8091 988/8090 989/1137
f 55/8577 496/8578 24/203 23/202
f 122/8579 802/8580 810/8581
f 160/8582 177/8583 952/8584
f 190/8385 959/8585 161/8586 179/8386
f 5720/8587 678/542 86/541 5665/8588
f 804/8589 120/8590 121/8415 5608/8420
f 1141/1445 224/1444 213/1369 1106/1372
f 1106/1372 5550/8144 1134/8152 1141/1445
f 1154/8591 1156/8592 1150/8593
f 659/8594 79/8595 661/8596
f 683/8597 88/8598 685/8599
f 1527/8600 350/8601 1526/8602
f 5539/8603 367/8604 5540/8605
f 193/1211 1022/1213 2880/3985 955/8606
f 193/1211 955/8606 178/8607 5599/8608
f 192/1208 1020/1210 193/1211 5599/8608
f 5568/8290 1017/8289 192/8609
f 5568/8290 192/8609 5599/8610
f 5568/8611 5599/8612 176/8613
f 794/748 111/747 114/8614 112/8615
f 114/8616 115/8617 112/751
f 5667/8618 113/8619 112/8620
f 5667/8621 798/8362 796/8361 113/8622
f 2453/8623 2458/3531 799/3536 118/8624
f 2257/3293 2263/3301 2453/3520 118/8625
f 124/793 813/796 2257/8626 118/8624
f 1003/8373 183/1175 181/1174 171/8627 156/8628 997/8629 184/1178 1008/1181 1007/1180 187/1190 172/8630
f 170/1033 999/1153 951/1064
f 170/1033 951/1064 171/1063
f 170/8631 171/8632 181/8633
f 171/8634 939/8635 156/8636
f 171/8637 159/8638 949/8639 939/8640
f 1248/1640 252/1638 1246/1631 1244/1630 249/8641
f 250/1636 1247/1637 3842/8642
f 250/8643 3842/8644 1248/8645
f 250/8646 1248/8647 249/8648
f 544/8649 543/8650 47/8651 5666/8652
f 544/323 49/317 48/316 543/322
f 5664/8564 87/8567 188/8653 1013/8654
f 188/8653 946/8655 189/8656 1013/8654
f 188/8657 173/8658 175/8659 946/8660
f 173/8658 174/8661 176/8662 175/8659
f 90/8663 88/8664 89/8665
f 90/562 692/565 689/560 88/559
f 688/558 684/8666 5672/8667 5671/8668
f 107/718 108/723 5672/8667 684/8666
f 89/555 688/558 5671/8668 90/562
f 5613/8669 107/8670 684/8671
f 5613/8669 684/8671 5612/8434
f 5613/8669 5612/8434 5611/8433
f 5671/8668 5672/8667 108/723 5673/8672
f 108/723 109/724 91/563 5673/8672
f 91/563 90/562 5671/8668 5673/8672
f 725/6030 3208/4497 4121/6026 4123/6028
f 725/6030 96/614 715/606 3208/4497
f 5608/8673 808/8674 807/8675
f 5608/8676 807/8677 803/783
f 5608/8676 803/783 806/782
f 1573/8678 362/8679 366/8680 1589/8681
f 1601/8682 1570/8683 4218/6257 1611/6260
f 373/2390 371/2386 1598/2389 368/2376
f 1601/8682 1571/8684 361/8685 1570/8683
f 1601/8100 373/2390 368/2376 1571/2342
f 368/2376 1572/2343 1571/2342
f 1322/8686 1448/2097 1450/8687
f 1322/8686 5562/8688 1324/2098 1448/2097
f 5614/8689 5602/8690 5675/8691 5674/8692
f 5674/8693 5603/8694 807/8695 5604/8696
f 5674/8693 5675/8697 5670/8698 5603/8694
f 112/751 115/8617 117/8699 795/752
f 118/8700 810/8581 802/8580 124/8701
f 368/2376 1598/2389 1563/2332 1562/2331
f 5602/8410 5603/8409 5670/8702 5675/8703
f 5602/8704 5614/8705 5674/8706 5604/8707
f 5676/8708 5680/8709 5681/8710 5682/8711
f 5677/8712 5683/8713 5684/8714 5685/8715
f 5678/8716 5685/8717 5684/8718 5688/8719
f 5679/8720 5686/8721 5681/8722 5680/8723
f 5686/8724 5687/8725 5681/8710
f 5687/8726 5686/8727 5688/8728 5689/8729
f 5687/8730 5689/8731 5690/8732 5691/8733
f 5687/8725 5691/8734 5682/8711 5681/8710
f 5690/8735 5689/8729 5692/8736 5693/8737
f 5693/8737 5692/8736 5684/8714 5683/8713
f 5692/8736 5689/8729 5688/8728 5694/8738
f 5692/8739 5694/8740 5688/8719 5684/8718
f 5695/8741 5696/8742 5697/8743 5698/8744
f 5695/8741 5698/8744 5699/8745 5700/8746
f 5695/8741 5700/8746 5701/8747 5696/8742
f 5702/8748 5703/8749 5704/8750 5705/8751
f 5956/8752 5706/8753 5707/8754 5708/8755
f 5707/8754 5709/8756 5710/8757 5708/8755
f 5704/8750 5703/8749 5711/8758 5712/8759
f 5711/8758 5713/8760 5714/8761 5712/8759
f 5715/8762 5714/8761 5713/8760 5716/8763
f 5703/8764 5702/8765 5705/8766
f 5717/8767 5718/8768 5719/8769 5720/8770
f 5717/8767 5721/8771 5722/8772 5718/8768
f 5722/8772 5723/8773 5724/8774 5718/8768
f 5721/8775 5725/8776 5726/8777 5727/8778
f 5726/8777 5725/8776 5728/8779 5729/8780
f 5729/8780 5728/8779 5730/8781 5731/8782
f 5730/8781 5728/8779 5732/8783 5733/8784
f 5732/8783 5728/8779 5725/8776 5734/8785
f 5721/8771 5717/8767 5720/8770
f 5734/8785 5725/8776 5721/8775
f 5907/8786 5735/8787 5736/8788 5737/8789
f 5736/8788 5735/8787 5738/8790 5739/8791
f 5736/8788 5739/8791 5740/8792 5741/8793
f 5736/8788 5741/8793 5742/8794 5737/8789
f 5738/8795 5735/8796 5907/8797 5737/8798 5742/8799
f 5743/8800 5904/8801 5744/8802 5745/8803
f 5743/8800 5745/8803 5746/8804 5747/8805
f 5743/8800 5747/8805 5748/8806 5749/8807
f 5748/8806 5747/8805 5750/8808 5751/8809
f 5748/8810 5751/8811 5752/8812 5753/8813
f 5748/8806 5753/8814 5754/8815 5749/8807
f 5752/8812 5751/8811 5755/8816 5756/8817
f 5756/8818 5755/8819 5757/8820 5758/8821
f 5757/8820 5755/8819 5759/8822 5760/8823
f 5760/8824 5759/8825 5761/8826 5762/8827
f 5763/8828 5750/8808 5747/8805 5746/8804
f 5759/8829 5755/8816 5751/8811 5750/8830 5761/8831
f 5744/8802 5904/8801 5764/8832 5765/8833
f 5898/8834 5766/8835 5767/8836 5765/8837
f 5898/8834 5765/8837 5764/8838
f 5768/8839 5765/8837 5767/8836
f 5769/8840 5770/8841 5771/8842 5772/8843
f 5772/8843 5771/8842 5773/8844 5774/8845
f 5774/8845 5773/8844 5775/8846 5776/8847
f 5776/8847 5775/8846 5777/8848 5778/8849
f 5778/8849 5777/8848 5779/8850 5780/8851
f 5780/8851 5779/8850 5781/8852
f 5878/8853 5782/8854 5792/8855 5783/8856
f 5786/8857 5787/8858 5785/8859 5788/8860 5789/8861
f 5792/8862 5782/8863 5878/8864 5785/8859 5787/8858
f 5782/8863 5792/8862 5791/8865 5790/8866
f 5793/8867 5826/8868 5794/8869 5795/8870
f 5793/8871 5797/8872 5838/8873
f 5793/8867 5838/8874 5799/8875 5797/8876
f 5793/8867 5795/8870 5800/8877 5838/8874
f 5763/8828 5761/8878 5750/8808
f 5801/8879 5802/8880 5796/8881
f 5802/8880 5797/8876 5799/8875 5804/8882
f 5802/8880 5804/8882 5834/8883 5796/8881
f 5834/8883 5804/8882 5805/8884 5808/8885
f 5808/8885 5805/8884 5807/8886 5809/8887 5810/8888
f 5809/8887 5807/8886 5811/8889 5812/8890
f 5811/8889 5813/8891 5814/8892 5812/8890
f 5811/8889 5807/8886 5805/8884 5815/8893
f 5811/8889 5815/8893 5816/8894 5813/8891
f 5816/8894 5817/8895 5818/8896 5813/8891
f 5816/8894 5815/8893 5799/8875 5838/8874
f 5816/8897 5838/8898 5800/8899 5817/8900
f 5818/8896 5819/8901 5820/8902 5821/8903
f 5818/8896 5821/8903 5814/8892 5813/8891
f 5818/8896 5817/8895 5822/8904 5819/8901
f 5822/8904 5817/8895 5800/8877 5823/8905
f 5823/8905 5800/8877 5795/8870 5824/8906
f 5824/8906 5795/8870 5794/8869 5825/8907
f 5825/8907 5794/8869 5833/8908
f 5825/8909 5827/8910 5828/8911
f 5828/8911 5827/8910 5829/8912 5830/8913
f 5829/8912 5827/8910 5831/8914 5832/8915
f 5831/8914 5827/8910 5825/8909
f 5803/8916 5833/8908 5794/8869 5826/8868
f 5815/8893 5805/8884 5804/8882 5799/8875
f 5836/8917 5837/8918 5835/8919 5798/8920
f 5798/8921 5801/8879 5796/8881
f 5840/8922 5843/8923 5844/8924 5845/8925
f 5841/8926 5846/8927 5844/8928 5843/8929
f 5842/8930 5847/8931 5848/8932 5849/8933
f 5839/8934 5849/8933 5848/8932 5850/8935
f 5850/8935 5848/8932 5844/8928 5846/8927
f 5848/8936 5847/8937 5845/8925 5844/8924
f 5851/8938 5853/8939 5854/8940 5855/8941
f 5851/8938 5856/8942 5857/8943 5853/8939
f 5851/8938 5855/8941 5858/8944 5856/8942
f 5852/8945 5859/8946 5860/8947 5861/8948
f 5852/8949 5861/8950 5862/8951 5863/8952
f 5852/8945 5863/8953 5864/8954 5859/8946
f 5864/8955 5863/8952 5865/8956 5866/8957
f 5864/8954 5866/8958 5867/8959 5868/8960
f 5864/8954 5868/8960 5869/8961 5859/8946
f 5869/8962 5870/8963 5871/8964 5872/8965
f 5869/8961 5872/8966 5860/8947 5859/8946
f 5872/8966 5873/8967 5874/8968 5860/8947
f 5872/8965 5871/8964 5875/8969 5873/8970
f 5875/8969 5871/8964 5857/8971 5876/8972
f 5876/8972 5857/8971 5856/8973 5877/8974
f 5877/8974 5856/8973 5858/8975 5887/8976
f 5887/8977 5858/8944 5888/8978 5879/8979
f 5888/8978 5858/8944 5855/8941 5880/8980
f 5880/8980 5855/8941 5854/8940 5881/8981
f 5881/8981 5854/8940 5882/8982 5883/8983
f 5883/8983 5882/8982 5884/8984 5885/8985
f 5882/8982 5854/8940 5853/8939 5870/8986
f 5874/8987 5886/8988 5861/8950 5860/8989
f 5886/8988 5887/8990 5862/8951 5861/8950
f 5887/8990 5879/8991 5888/8992 5862/8951
f 5888/8992 5865/8956 5863/8952 5862/8951
f 5871/8964 5870/8963 5853/8993 5857/8971
f 5884/8984 5882/8982 5870/8986 5869/8994
f 5806/8995 5891/8996 5892/8997 5893/8998
f 5889/8999 5893/9000 5892/9001 5894/9002
f 5890/9003 5895/9004 5896/9005 5897/9006
f 5891/9007 5806/9008 5896/9005 5899/9009 5900/9010
f 5900/9010 5899/9009 5901/9011 5902/9012
f 5902/9012 5901/9011 5903/9013 5906/9014
f 5906/9014 5903/9013 5905/9015
f 5906/9016 5905/9017 5902/9018
f 5902/9018 5905/9017 5892/8997 5891/8996
f 5905/9015 5908/9019 5894/9002 5892/9001
f 5905/9015 5909/9020 5908/9019
f 5909/9020 5905/9015 5903/9013 5910/9021
f 5910/9021 5903/9013 5901/9011 5911/9022
f 5911/9022 5901/9011 5899/9009 5912/9023
f 5912/9023 5899/9009 5896/9005 5895/9004
f 5913/9024 5915/9025 5916/9026 5917/9027
f 5913/9024 5917/9027 5918/9028 5919/9029
f 5913/9024 5919/9029 5920/9030 5921/9031
f 5913/9024 5921/9031 5922/9032 5923/9033
f 5913/9024 5923/9033 5924/9034 5915/9025
f 5914/9035 5926/9036 5927/9037 5928/9038
f 5914/9039 5928/9040 5921/9031 5920/9030
f 5928/9040 5930/9041 5922/9032 5921/9031
f 5928/9040 5927/9042 5931/9043 5930/9041
f 5931/9044 5932/9045 5933/9046 5930/9047
f 5931/9048 5934/9049 5935/9050 5932/9051
f 5935/9050 5934/9049 5936/9052 5937/9053
f 5933/9054 5938/9055 5922/9032 5930/9041
f 5938/9055 5939/9056 5923/9033 5922/9032
f 5939/9056 5940/9057 5924/9034 5923/9033
f 5918/9058 5917/9059 5941/9060 5942/9061
f 5942/9061 5941/9060 5943/9062 5944/9063
f 5944/9063 5943/9062 5945/9064 5946/9065
f 5946/9065 5945/9064 5947/9066 5948/9067
f 5948/9067 5947/9066 5949/9068 5950/9069
f 5950/9070 5949/9071 5951/9072 5952/9073
f 5952/9073 5951/9072 5953/9074 5954/9075
f 5954/9076 5953/9077 5955/9078 5902/9079
f 5902/9079 5955/9078 5957/9080 5958/9081
f 5958/9081 5957/9080 5959/9082 5960/9083
f 5959/9082 5957/9080 5961/9084 5962/9085
f 5961/9084 5957/9080 5955/9078 5963/9086
f 5963/9087 5955/9088 5953/9074 5964/9089
f 5964/9089 5953/9074 5951/9072 5965/9090
f 5965/9091 5951/9092 5949/9068 5966/9093
f 5966/9093 5949/9068 5947/9066 5967/9094
f 5967/9094 5947/9066 5945/9064 5968/9095
f 5968/9095 5945/9064 5943/9062 5969/9096
f 5969/9097 5943/9098 5941/9099 5970/9100
f 5970/9100 5941/9099 5917/9027 5916/9026
f 5925/9101 5926/9102 5914/9103 5920/9104
f 5766/9105 5898/9106 5764/9107 5904/9108 5743/9109 5749/9110
f 5878/8864 5784/9111 5785/8859
f 5878/8853 5783/8856 5784/9112
f 5785/8859 5784/9111 5788/8860
f 1525/9113 5833/8908 5803/8916
f 5806/9008 5897/9006 5896/9005
f 5926/9102 5925/9101 5929/9114
f 5803/8916 5826/8868 5793/8867 5838/8874
f 5798/8921 5796/8881 5834/8883 5808/8885 5810/8888
