# This file uses centimeters as units for non-parametric coordinates.

mtllib OBJ_Door_01.mtl
g default
v 2.283830 1.122511 -2.988465
v 2.283830 2.207142 -2.988465
v 2.283830 3.271262 -2.988465
v 2.296315 4.176938 -2.988465
v 2.047478 4.784467 -2.988204
v 1.509948 5.325511 -2.988204
v 1.034794 5.498489 -2.988204
v 0.559642 5.640259 -2.988203
v -0.016053 5.671209 -2.988203
v -0.591746 5.640259 -2.988204
v -1.066900 5.498489 -2.988204
v -1.542053 5.325511 -2.988204
v -2.079583 4.784467 -2.988204
v -2.328420 4.176938 -2.988465
v -2.315935 3.271262 -2.988465
v -2.315935 2.207142 -2.988465
v -2.315935 1.122511 -2.988465
v 2.283830 0.147481 -2.988465
v -2.315935 0.147481 -2.988465
v -2.315935 1.122511 -3.138293
v -2.315935 0.147481 -3.138293
v -2.315935 2.207142 -3.138293
v -2.315935 3.271262 -3.138290
v -2.328416 4.177009 -3.138293
v -2.079580 4.784941 -3.138158
v -1.542053 5.325936 -3.138219
v -1.066900 5.498677 -3.138118
v -0.591746 5.640256 -3.138029
v -0.016053 5.671209 -3.138031
v 2.283830 1.122511 -3.138293
v 2.283830 0.147481 -3.138293
v 2.283830 2.207142 -3.138293
v 2.283830 3.271262 -3.138290
v 2.296310 4.177009 -3.138293
v 2.047475 4.784941 -3.138158
v 1.509948 5.325936 -3.138219
v 1.034794 5.498677 -3.138118
v 0.559642 5.640256 -3.138029
v -3.291325 1.122511 -3.138434
v -3.291325 0.147481 -3.138434
v -3.291325 2.207142 -3.138434
v -3.291325 3.271262 -3.138434
v -3.299616 4.176638 -3.138434
v -3.011444 4.963855 -3.138153
v -2.426246 5.666225 -3.138083
v -1.680780 6.072220 -3.138105
v -0.833175 6.290294 -3.138170
v -0.016053 6.333261 -3.138176
v 3.259219 1.122511 -3.138434
v 3.259219 0.147481 -3.138434
v 3.259219 2.207142 -3.138434
v 3.259219 3.271262 -3.138433
v 3.267512 4.176638 -3.138435
v 2.979342 4.963855 -3.138133
v 2.394141 5.666225 -3.138029
v 1.648675 6.072220 -3.138090
v 0.801068 6.290294 -3.138169
v 3.197825 0.147481 -3.233517
v 3.188499 0.147481 -3.242469
v 3.174543 0.147481 -3.248450
v -3.206649 1.122511 -3.248450
v -3.220604 1.122511 -3.242469
v -3.229929 1.122511 -3.233517
v -3.229929 0.147481 -3.233517
v -3.220604 0.147481 -3.242469
v -3.206649 0.147481 -3.248450
v -3.206649 2.207142 -3.248450
v -3.220604 2.207142 -3.242469
v -3.229929 2.207142 -3.233517
v -3.206649 3.271262 -3.248450
v -3.220604 3.271262 -3.242469
v -3.229929 3.271262 -3.233517
v -3.214879 4.170518 -3.248450
v -3.228844 4.171527 -3.242469
v -3.238175 4.172201 -3.233517
v -2.931521 4.944656 -3.248184
v -2.944693 4.947834 -3.242201
v -2.953494 4.949953 -3.233246
v -2.359105 5.631749 -3.248155
v -2.370169 5.637459 -3.242166
v -2.377564 5.641265 -3.233208
v -1.636467 6.025187 -3.248163
v -1.643770 6.032952 -3.242178
v -1.648649 6.038135 -3.233221
v -0.813529 6.236828 -3.248188
v -0.816766 6.245639 -3.242206
v -0.818929 6.251529 -3.233255
v -0.016053 6.278759 -3.248191
v -0.016053 6.287740 -3.242209
v -0.016053 6.293741 -3.233257
v 3.174543 1.122511 -3.248450
v 3.188499 1.122511 -3.242469
v 3.197825 1.122511 -3.233517
v 3.197825 2.207142 -3.233517
v 3.188499 2.207142 -3.242469
v 3.174543 2.207142 -3.248450
v 3.197822 3.271262 -3.233517
v 3.188497 3.271262 -3.242469
v 3.174543 3.271262 -3.248450
v 3.206070 4.172201 -3.233517
v 3.196739 4.171527 -3.242469
v 3.182775 4.170518 -3.248450
v 2.921381 4.949950 -3.233241
v 2.912578 4.947832 -3.242195
v 2.899406 4.944654 -3.248179
v 2.345439 5.641256 -3.233191
v 2.338044 5.637448 -3.242151
v 2.326980 5.631738 -3.248138
v 1.616542 6.038131 -3.233217
v 1.611661 6.032949 -3.242174
v 1.604359 6.025183 -3.248159
v 0.786823 6.251528 -3.233255
v 0.784661 6.245639 -3.242206
v 0.781422 6.236828 -3.248188
v -2.376970 0.147481 -3.233518
v -2.386213 0.147481 -3.242440
v -2.400074 0.147481 -3.248415
v -0.613629 5.693240 -3.248153
v -0.610024 5.684511 -3.242178
v -0.607620 5.678693 -3.233255
v -0.016053 5.710500 -3.233255
v -0.016053 5.716450 -3.242179
v -0.016053 5.725372 -3.248153
v 2.367966 0.147481 -3.248415
v 2.354106 0.147481 -3.242440
v 2.344865 0.147481 -3.233518
v -2.400074 1.122511 -3.248415
v -2.386213 1.122511 -3.242440
v -2.376970 1.122511 -3.233518
v -2.376970 2.207142 -3.233517
v -2.386213 2.207142 -3.242440
v -2.400074 2.207142 -3.248415
v -2.376972 3.271262 -3.233517
v -2.386215 3.271262 -3.242439
v -2.400075 3.271262 -3.248414
v -2.389518 4.181935 -3.233516
v -2.398769 4.182679 -3.242438
v -2.412647 4.183790 -3.248413
v -2.136123 4.801096 -3.233313
v -2.144688 4.803525 -3.242228
v -2.157532 4.807146 -3.248198
v -1.585278 5.355428 -3.233341
v -1.591822 5.359879 -3.242253
v -1.601644 5.366534 -3.248220
v -1.094796 5.533623 -3.233297
v -1.099022 5.538909 -3.242215
v -1.105363 5.546825 -3.248186
v 0.575516 5.678693 -3.233255
v 0.577919 5.684511 -3.242178
v 0.581523 5.693240 -3.248153
v 2.344865 1.122511 -3.233518
v 2.354106 1.122511 -3.242440
v 2.367966 1.122511 -3.248415
v 2.367966 2.207142 -3.248415
v 2.354106 2.207142 -3.242440
v 2.344865 2.207142 -3.233517
v 2.367970 3.271262 -3.248414
v 2.354106 3.271262 -3.242439
v 2.344865 3.271262 -3.233517
v 2.380540 4.183790 -3.248413
v 2.366666 4.182679 -3.242438
v 2.357413 4.181935 -3.233516
v 2.125428 4.807146 -3.248198
v 2.112581 4.803525 -3.242228
v 2.104018 4.801096 -3.233313
v 1.569538 5.366534 -3.248220
v 1.559716 5.359879 -3.242253
v 1.553171 5.355428 -3.233341
v 1.073258 5.546825 -3.248186
v 1.066915 5.538909 -3.242215
v 1.062690 5.533623 -3.233297
v -2.571527 1.122511 -3.371572
v -2.549836 1.122511 -3.368328
v -2.532623 1.122511 -3.359263
v -2.571527 2.207142 -3.371572
v -2.549836 2.207142 -3.368328
v -2.532623 2.207142 -3.359263
v -2.571527 0.147481 -3.371572
v -2.549836 0.147481 -3.368328
v -2.532623 0.147481 -3.359263
v -2.571531 3.271262 -3.371572
v -2.549842 3.271262 -3.368328
v -2.532628 3.271262 -3.359263
v -2.584294 4.197522 -3.371565
v -2.562578 4.195784 -3.368323
v -2.545344 4.194408 -3.359257
v -2.316451 4.851829 -3.371311
v -2.296335 4.846183 -3.368068
v -2.280374 4.841699 -3.359003
v -1.723155 5.448793 -3.371310
v -1.707768 5.438390 -3.368073
v -1.695563 5.430131 -3.359004
v -1.183755 5.644738 -3.371310
v -1.173831 5.632353 -3.368067
v -1.165958 5.622522 -3.359003
v -0.658223 5.801213 -3.371310
v -0.652579 5.787552 -3.368070
v -0.648102 5.776712 -3.359001
v -0.016053 5.835742 -3.371310
v -0.016053 5.821778 -3.368067
v -0.016053 5.810697 -3.359001
v 0.626119 5.801212 -3.371310
v 0.620475 5.787552 -3.368070
v 0.615997 5.776713 -3.359001
v 2.539420 1.122511 -3.371572
v 2.517729 1.122511 -3.368328
v 2.500516 1.122511 -3.359263
v 2.539420 2.207142 -3.371572
v 2.517729 2.207142 -3.368328
v 2.500516 2.207142 -3.359263
v 2.539420 0.147481 -3.371572
v 2.517729 0.147481 -3.368328
v 2.500516 0.147481 -3.359263
v 2.539426 3.271262 -3.371572
v 2.517737 3.271262 -3.368328
v 2.500522 3.271262 -3.359263
v 2.552188 4.197522 -3.371565
v 2.530473 4.195784 -3.368323
v 2.513239 4.194408 -3.359257
v 2.284343 4.851828 -3.371311
v 2.264228 4.846183 -3.368070
v 2.248270 4.841699 -3.359004
v 1.691049 5.448792 -3.371310
v 1.675659 5.438390 -3.368073
v 1.663459 5.430132 -3.359006
v 1.151649 5.644738 -3.371310
v 1.141724 5.632353 -3.368067
v 1.133851 5.622522 -3.359004
v -3.073246 1.122511 -3.359262
v -3.055939 1.122511 -3.368329
v -3.034177 1.122511 -3.371572
v -3.073246 0.147481 -3.359262
v -3.055939 0.147481 -3.368329
v -3.034177 0.147481 -3.371572
v -3.073246 2.207142 -3.359262
v -3.055939 2.207142 -3.368329
v -3.034177 2.207142 -3.371572
v -3.073246 3.271262 -3.359262
v -3.055939 3.271262 -3.368329
v -3.034177 3.271262 -3.371572
v -3.081385 4.160859 -3.359259
v -3.064070 4.159606 -3.368328
v -3.042289 4.158028 -3.371570
v -2.805624 4.914239 -3.359006
v -2.789295 4.910293 -3.368076
v -2.768757 4.905325 -3.371318
v -2.253371 5.577109 -3.358999
v -2.239662 5.570019 -3.368070
v -2.222416 5.561096 -3.371310
v -1.566674 5.950946 -3.358999
v -1.557622 5.941317 -3.368070
v -1.546237 5.929202 -3.371310
v -0.782580 6.152592 -3.359001
v -0.778565 6.141667 -3.368070
v -0.773514 6.127924 -3.371310
v -0.016053 6.192895 -3.359001
v -0.016053 6.181757 -3.368068
v -0.016053 6.167748 -3.371310
v 0.750472 6.152591 -3.359001
v 0.746460 6.141666 -3.368070
v 0.741408 6.127923 -3.371310
v 3.041143 1.122511 -3.359262
v 3.023836 1.122511 -3.368329
v 3.002072 1.122511 -3.371572
v 3.041143 2.207142 -3.359262
v 3.023836 2.207142 -3.368329
v 3.002072 2.207142 -3.371572
v 3.041143 0.147481 -3.359262
v 3.023836 0.147481 -3.368329
v 3.002072 0.147481 -3.371572
v 3.041140 3.271262 -3.359262
v 3.023833 3.271262 -3.368329
v 3.002069 3.271262 -3.371572
v 3.049280 4.160859 -3.359260
v 3.031964 4.159606 -3.368328
v 3.010184 4.158028 -3.371570
v 2.773492 4.914233 -3.359006
v 2.757161 4.910287 -3.368076
v 2.736623 4.905317 -3.371318
v 2.221199 5.577076 -3.358999
v 2.207488 5.569985 -3.368071
v 2.190241 5.561061 -3.371310
v 1.534557 5.950935 -3.359000
v 1.525504 5.941305 -3.368070
v 1.514117 5.929190 -3.371310
v 3.259219 0.147481 -0.808065
v 3.259219 1.122511 -0.808065
v 3.259219 2.207142 -0.808065
v 3.259219 3.271262 -0.808065
v 3.267512 4.176638 -0.808065
v 2.979342 4.963855 -0.808065
v 2.394141 5.666225 -0.808065
v 1.648675 6.072220 -0.808065
v 0.801068 6.290294 -0.808065
v -0.016053 6.333261 -0.808065
v -0.833175 6.290294 -0.808065
v -1.680780 6.072220 -0.808065
v -2.426246 5.666225 -0.808065
v -3.011444 4.963855 -0.808065
v -3.299616 4.176638 -0.808065
v -3.291325 3.271262 -0.808065
v -3.291325 2.207142 -0.808065
v -3.291325 1.122511 -0.808065
v -3.291325 0.147481 -0.808065
v -2.315935 0.147481 -0.808065
v -2.315935 1.122511 -0.808065
v -2.315935 2.207142 -0.808065
v -2.315935 3.271262 -0.808065
v -2.328418 4.176974 -0.808065
v -2.079582 4.784705 -0.808065
v -1.542053 5.325722 -0.808065
v -1.066900 5.498584 -0.808065
v -0.591746 5.640258 -0.808065
v -0.016053 5.671209 -0.808065
v 0.559642 5.640258 -0.808065
v 1.034794 5.498584 -0.808065
v 1.509948 5.325722 -0.808065
v 2.047477 4.784705 -0.808065
v 2.296313 4.176974 -0.808065
v 2.283830 3.271262 -0.808065
v 2.283830 2.207142 -0.808065
v 2.283830 1.122511 -0.808065
v 2.283830 0.147481 -0.808065
v 2.283830 1.122511 1.372334
v 2.283830 2.207142 1.372334
v 2.283830 3.271262 1.372334
v 2.296315 4.176938 1.372334
v 2.047478 4.784467 1.372073
v 1.509948 5.325511 1.372073
v 1.034794 5.498489 1.372073
v 0.559642 5.640259 1.372072
v -0.016053 5.671209 1.372072
v -0.591746 5.640259 1.372073
v -1.066900 5.498489 1.372073
v -1.542053 5.325511 1.372073
v -2.079583 4.784467 1.372073
v -2.328420 4.176938 1.372334
v -2.315935 3.271262 1.372334
v -2.315935 2.207142 1.372334
v -2.315935 1.122511 1.372334
v 2.283830 0.147481 1.372334
v -2.315935 0.147481 1.372334
v -2.315935 1.122511 1.522162
v -2.315935 0.147481 1.522162
v -2.315935 2.207142 1.522162
v -2.315935 3.271262 1.522159
v -2.328416 4.177009 1.522162
v -2.079580 4.784941 1.522027
v -1.542053 5.325936 1.522088
v -1.066900 5.498677 1.521987
v -0.591746 5.640256 1.521899
v -0.016053 5.671209 1.521900
v 2.283830 1.122511 1.522162
v 2.283830 0.147481 1.522162
v 2.283830 2.207142 1.522162
v 2.283830 3.271262 1.522159
v 2.296310 4.177009 1.522162
v 2.047475 4.784941 1.522027
v 1.509948 5.325936 1.522088
v 1.034794 5.498677 1.521987
v 0.559642 5.640256 1.521899
v -3.291325 1.122511 1.522303
v -3.291325 0.147481 1.522303
v -3.291325 2.207142 1.522303
v -3.291325 3.271262 1.522303
v -3.299616 4.176638 1.522303
v -3.011444 4.963855 1.522022
v -2.426246 5.666225 1.521953
v -1.680780 6.072220 1.521974
v -0.833175 6.290294 1.522039
v -0.016053 6.333261 1.522045
v 3.259219 1.122511 1.522303
v 3.259219 0.147481 1.522303
v 3.259219 2.207142 1.522303
v 3.259219 3.271262 1.522302
v 3.267512 4.176638 1.522304
v 2.979342 4.963855 1.522002
v 2.394141 5.666225 1.521899
v 1.648675 6.072220 1.521959
v 0.801068 6.290294 1.522038
v 3.197825 0.147481 1.617386
v 3.188499 0.147481 1.626339
v 3.174543 0.147481 1.632319
v -3.206649 1.122511 1.632319
v -3.220604 1.122511 1.626339
v -3.229929 1.122511 1.617386
v -3.229929 0.147481 1.617386
v -3.220604 0.147481 1.626339
v -3.206649 0.147481 1.632319
v -3.206649 2.207142 1.632319
v -3.220604 2.207142 1.626338
v -3.229929 2.207142 1.617386
v -3.206649 3.271262 1.632319
v -3.220604 3.271262 1.626338
v -3.229929 3.271262 1.617386
v -3.214879 4.170518 1.632319
v -3.228844 4.171527 1.626338
v -3.238175 4.172201 1.617386
v -2.931521 4.944656 1.632053
v -2.944693 4.947834 1.626070
v -2.953494 4.949953 1.617115
v -2.359105 5.631749 1.632024
v -2.370169 5.637459 1.626036
v -2.377564 5.641265 1.617077
v -1.636467 6.025187 1.632033
v -1.643770 6.032952 1.626047
v -1.648649 6.038135 1.617091
v -0.813529 6.236828 1.632058
v -0.816766 6.245639 1.626076
v -0.818929 6.251529 1.617124
v -0.016053 6.278759 1.632060
v -0.016053 6.287740 1.626078
v -0.016053 6.293741 1.617127
v 3.174543 1.122511 1.632319
v 3.188499 1.122511 1.626339
v 3.197825 1.122511 1.617386
v 3.197825 2.207142 1.617386
v 3.188499 2.207142 1.626338
v 3.174543 2.207142 1.632319
v 3.197822 3.271262 1.617386
v 3.188497 3.271262 1.626338
v 3.174543 3.271262 1.632319
v 3.206070 4.172201 1.617386
v 3.196739 4.171527 1.626338
v 3.182775 4.170518 1.632319
v 2.921381 4.949950 1.617110
v 2.912578 4.947832 1.626064
v 2.899406 4.944654 1.632048
v 2.345439 5.641256 1.617060
v 2.338044 5.637448 1.626020
v 2.326980 5.631738 1.632007
v 1.616542 6.038131 1.617087
v 1.611661 6.032949 1.626043
v 1.604359 6.025183 1.632029
v 0.786823 6.251528 1.617124
v 0.784661 6.245639 1.626076
v 0.781422 6.236828 1.632058
v -2.376970 0.147481 1.617388
v -2.386213 0.147481 1.626309
v -2.400074 0.147481 1.632284
v -0.613629 5.693240 1.632023
v -0.610024 5.684511 1.626047
v -0.607620 5.678693 1.617125
v -0.016053 5.710500 1.617125
v -0.016053 5.716450 1.626048
v -0.016053 5.725372 1.632023
v 2.367966 0.147481 1.632284
v 2.354106 0.147481 1.626309
v 2.344865 0.147481 1.617388
v -2.400074 1.122511 1.632284
v -2.386213 1.122511 1.626309
v -2.376970 1.122511 1.617388
v -2.376970 2.207142 1.617386
v -2.386213 2.207142 1.626309
v -2.400074 2.207142 1.632284
v -2.376972 3.271262 1.617386
v -2.386215 3.271262 1.626308
v -2.400075 3.271262 1.632283
v -2.389518 4.181935 1.617385
v -2.398769 4.182679 1.626307
v -2.412647 4.183790 1.632282
v -2.136123 4.801096 1.617182
v -2.144688 4.803525 1.626097
v -2.157532 4.807146 1.632067
v -1.585278 5.355428 1.617210
v -1.591822 5.359879 1.626122
v -1.601644 5.366534 1.632089
v -1.094796 5.533623 1.617166
v -1.099022 5.538909 1.626084
v -1.105363 5.546825 1.632056
v 0.575516 5.678693 1.617125
v 0.577919 5.684511 1.626047
v 0.581523 5.693240 1.632023
v 2.344865 1.122511 1.617388
v 2.354106 1.122511 1.626309
v 2.367966 1.122511 1.632284
v 2.367966 2.207142 1.632284
v 2.354106 2.207142 1.626309
v 2.344865 2.207142 1.617386
v 2.367970 3.271262 1.632283
v 2.354106 3.271262 1.626308
v 2.344865 3.271262 1.617386
v 2.380540 4.183790 1.632282
v 2.366666 4.182679 1.626307
v 2.357413 4.181935 1.617385
v 2.125428 4.807146 1.632067
v 2.112581 4.803525 1.626097
v 2.104018 4.801096 1.617182
v 1.569538 5.366534 1.632089
v 1.559716 5.359879 1.626122
v 1.553171 5.355428 1.617210
v 1.073258 5.546825 1.632056
v 1.066915 5.538909 1.626084
v 1.062690 5.533623 1.617166
v -2.571527 1.122511 1.755441
v -2.549836 1.122511 1.752197
v -2.532623 1.122511 1.743132
v -2.571527 2.207142 1.755441
v -2.549836 2.207142 1.752197
v -2.532623 2.207142 1.743132
v -2.571527 0.147481 1.755441
v -2.549836 0.147481 1.752197
v -2.532623 0.147481 1.743132
v -2.571531 3.271262 1.755441
v -2.549842 3.271262 1.752197
v -2.532628 3.271262 1.743132
v -2.584294 4.197522 1.755434
v -2.562578 4.195784 1.752192
v -2.545344 4.194408 1.743126
v -2.316451 4.851829 1.755181
v -2.296335 4.846183 1.751938
v -2.280374 4.841699 1.742872
v -1.723155 5.448793 1.755180
v -1.707768 5.438390 1.751942
v -1.695563 5.430131 1.742873
v -1.183755 5.644738 1.755180
v -1.173831 5.632353 1.751936
v -1.165958 5.622522 1.742872
v -0.658223 5.801213 1.755180
v -0.652579 5.787552 1.751939
v -0.648102 5.776712 1.742871
v -0.016053 5.835742 1.755180
v -0.016053 5.821778 1.751936
v -0.016053 5.810697 1.742871
v 0.626119 5.801212 1.755180
v 0.620475 5.787552 1.751939
v 0.615997 5.776713 1.742871
v 2.539420 1.122511 1.755441
v 2.517729 1.122511 1.752197
v 2.500516 1.122511 1.743132
v 2.539420 2.207142 1.755441
v 2.517729 2.207142 1.752197
v 2.500516 2.207142 1.743132
v 2.539420 0.147481 1.755441
v 2.517729 0.147481 1.752197
v 2.500516 0.147481 1.743132
v 2.539426 3.271262 1.755441
v 2.517737 3.271262 1.752197
v 2.500522 3.271262 1.743132
v 2.552188 4.197522 1.755434
v 2.530473 4.195784 1.752192
v 2.513239 4.194408 1.743126
v 2.284343 4.851828 1.755181
v 2.264228 4.846183 1.751939
v 2.248270 4.841699 1.742873
v 1.691049 5.448792 1.755180
v 1.675659 5.438390 1.751942
v 1.663459 5.430132 1.742875
v 1.151649 5.644738 1.755180
v 1.141724 5.632353 1.751936
v 1.133851 5.622522 1.742873
v -3.073246 1.122511 1.743131
v -3.055939 1.122511 1.752198
v -3.034177 1.122511 1.755441
v -3.073246 0.147481 1.743131
v -3.055939 0.147481 1.752198
v -3.034177 0.147481 1.755441
v -3.073246 2.207142 1.743131
v -3.055939 2.207142 1.752198
v -3.034177 2.207142 1.755441
v -3.073246 3.271262 1.743131
v -3.055939 3.271262 1.752198
v -3.034177 3.271262 1.755441
v -3.081385 4.160859 1.743128
v -3.064070 4.159606 1.752197
v -3.042289 4.158028 1.755440
v -2.805624 4.914239 1.742875
v -2.789295 4.910293 1.751945
v -2.768757 4.905325 1.755187
v -2.253371 5.577109 1.742868
v -2.239662 5.570019 1.751939
v -2.222416 5.561096 1.755180
v -1.566674 5.950946 1.742868
v -1.557622 5.941317 1.751939
v -1.546237 5.929202 1.755180
v -0.782580 6.152592 1.742869
v -0.778565 6.141667 1.751939
v -0.773514 6.127924 1.755180
v -0.016053 6.192895 1.742869
v -0.016053 6.181757 1.751937
v -0.016053 6.167748 1.755180
v 0.750472 6.152591 1.742869
v 0.746460 6.141666 1.751939
v 0.741408 6.127923 1.755180
v 3.041143 1.122511 1.743131
v 3.023836 1.122511 1.752198
v 3.002072 1.122511 1.755441
v 3.041143 2.207142 1.743131
v 3.023836 2.207142 1.752198
v 3.002072 2.207142 1.755441
v 3.041143 0.147481 1.743131
v 3.023836 0.147481 1.752198
v 3.002072 0.147481 1.755441
v 3.041140 3.271262 1.743131
v 3.023833 3.271262 1.752198
v 3.002069 3.271262 1.755441
v 3.049280 4.160859 1.743129
v 3.031964 4.159606 1.752197
v 3.010184 4.158028 1.755440
v 2.773492 4.914233 1.742875
v 2.757161 4.910287 1.751945
v 2.736623 4.905317 1.755187
v 2.221199 5.577076 1.742868
v 2.207488 5.569985 1.751940
v 2.190241 5.561061 1.755180
v 1.534557 5.950935 1.742868
v 1.525504 5.941305 1.751939
v 1.514117 5.929190 1.755180
vt 0.273056 0.548569
vt 0.270920 0.521081
vt 0.274695 0.520769
vt 0.276826 0.548243
vt 0.209993 0.796365
vt 0.205802 0.823333
vt 0.268923 0.496455
vt 0.272698 0.496143
vt 0.277546 0.520531
vt 0.279674 0.547992
vt 0.275117 0.575716
vt 0.278863 0.575323
vt 0.264266 0.804214
vt 0.260155 0.831477
vt 0.202024 0.847671
vt 0.213955 0.770096
vt 0.275550 0.495907
vt 0.277870 0.520504
vt 0.428993 0.772086
vt 0.281697 0.575022
vt 0.277110 0.599098
vt 0.280915 0.598758
vt 0.268277 0.777286
vt 0.268002 0.804811
vt 0.263897 0.832060
vt 0.256388 0.855895
vt 0.216904 0.748074
vt 0.454569 0.690842
vt 0.443057 0.729489
vt 0.429588 0.772273
vt 0.415780 0.814062
vt 0.283743 0.598324
vt 0.277774 0.616171
vt 0.281587 0.616059
vt 0.271949 0.754109
vt 0.271985 0.777948
vt 0.270824 0.805267
vt 0.266724 0.832503
vt 0.260132 0.856478
vt 0.218605 0.732163
vt 0.455164 0.691029
vt 0.449872 0.731635
vt 0.436404 0.774419
vt 0.416376 0.814249
vt 0.404760 0.850057
vt 0.284361 0.615496
vt 0.277842 0.636014
vt 0.281657 0.636085
vt 0.273842 0.737128
vt 0.275720 0.754722
vt 0.274790 0.778453
vt 0.271145 0.805319
vt 0.148948 0.729378
vt 0.262959 0.856919
vt 0.219978 0.713618
vt 0.461980 0.693175
vt 0.514795 0.558320
vt 0.513006 0.649512
vt 0.423195 0.816393
vt 0.405344 0.850282
vt 0.388325 0.872279
vt 0.284384 0.635659
vt 0.275339 0.717342
vt 0.277637 0.737514
vt 0.278510 0.755358
vt 0.275110 0.778511
vt 0.161839 0.772344
vt 0.148353 0.729566
vt 0.263280 0.856969
vt 0.462747 0.693416
vt 0.511252 0.738981
vt 0.411996 0.852967
vt 0.388850 0.872577
vt 0.361760 0.890745
vt 0.279149 0.717546
vt 0.280363 0.738275
vt 0.278824 0.755435
vt 0.175070 0.814314
vt 0.155025 0.774492
vt 0.141538 0.731714
vt 0.136228 0.691111
vt 0.510820 0.816755
vt 0.394738 0.876356
vt 0.281838 0.718166
vt 0.280662 0.738379
vt 0.186118 0.850342
vt 0.168252 0.816461
vt 0.154258 0.774734
vt 0.140770 0.731956
vt 0.129413 0.693259
vt 0.487503 0.871105
vt 0.366467 0.896048
vt 0.362151 0.891129
vt 0.282125 0.718255
vt 0.202621 0.872630
vt 0.179467 0.853030
vt 0.167485 0.816703
vt 0.076276 0.474844
vt 0.437310 0.920285
vt 0.196735 0.876412
vt 0.178715 0.853322
vt 0.229329 0.891171
vt 0.225015 0.896091
vt 0.196059 0.876804
vt 0.224512 0.896600
vt 0.258722 0.856426
vt 0.254978 0.855843
vt 0.258748 0.831431
vt 0.262491 0.832015
vt 0.200477 0.847598
vt 0.215431 0.525286
vt 0.262911 0.804187
vt 0.266647 0.804791
vt 0.265318 0.832459
vt 0.261549 0.856867
vt 0.268373 0.496436
vt 0.270374 0.521057
vt 0.217663 0.552502
vt 0.267016 0.777331
vt 0.270722 0.778007
vt 0.269470 0.805250
vt 0.261870 0.856917
vt 0.148947 0.729342
vt 0.272149 0.496125
vt 0.274149 0.520743
vt 0.272564 0.548530
vt 0.219792 0.579058
vt 0.270769 0.754363
vt 0.274542 0.754980
vt 0.273525 0.778517
vt 0.269791 0.805303
vt 0.136228 0.691074
vt 0.148352 0.729530
vt 0.275000 0.495888
vt 0.277001 0.520505
vt 0.276333 0.548197
vt 0.274723 0.575611
vt 0.221388 0.601471
vt 0.272801 0.737427
vt 0.276593 0.737821
vt 0.277330 0.755620
vt 0.273844 0.778576
vt 0.161838 0.772308
vt 0.141537 0.731678
vt 0.129413 0.693223
vt 0.454569 0.690830
vt 0.277324 0.520477
vt 0.279182 0.547942
vt 0.278468 0.575204
vt 0.276812 0.598790
vt 0.222127 0.617496
vt 0.274425 0.717642
vt 0.278238 0.717859
vt 0.279315 0.738590
vt 0.277644 0.755697
vt 0.175068 0.814278
vt 0.155023 0.774456
vt 0.077323 0.556823
vt 0.128646 0.693465
vt 0.455164 0.691017
vt 0.443057 0.729478
vt 0.428994 0.772074
vt 0.281300 0.574897
vt 0.280619 0.598447
vt 0.277618 0.615829
vt 0.222493 0.636079
vt 0.280923 0.718489
vt 0.279613 0.738694
vt 0.186115 0.850306
vt 0.168250 0.816425
vt 0.154256 0.774698
vt 0.461980 0.693163
vt 0.449873 0.731623
vt 0.429590 0.772262
vt 0.415782 0.814050
vt 0.283446 0.598009
vt 0.281429 0.615709
vt 0.277812 0.635679
vt 0.281209 0.718580
vt 0.202615 0.872597
vt 0.179464 0.852994
vt 0.167483 0.816668
vt 0.516405 0.476341
vt 0.450640 0.731865
vt 0.436406 0.774407
vt 0.416378 0.814238
vt 0.404763 0.850047
vt 0.284198 0.615138
vt 0.281631 0.635738
vt 0.196728 0.876378
vt 0.178712 0.853286
vt 0.513015 0.649511
vt 0.423197 0.816382
vt 0.405347 0.850271
vt 0.388331 0.872271
vt 0.284355 0.635302
vt 0.229318 0.891145
vt 0.225002 0.896064
vt 0.196052 0.876770
vt 0.511265 0.738980
vt 0.411999 0.852956
vt 0.388857 0.872569
vt 0.361771 0.890743
vt 0.224500 0.896573
vt 0.510837 0.816754
vt 0.394746 0.876347
vt 0.487521 0.871104
vt 0.366479 0.896045
vt 0.362162 0.891128
vt 0.437328 0.920284
vt 0.390576 0.478822
vt 0.388080 0.478362
vt 0.386615 0.500292
vt 0.384119 0.499831
vt 0.330037 0.848208
vt 0.087764 0.696703
vt 0.382241 0.524112
vt 0.379745 0.523640
vt 0.326756 0.826554
vt 0.386900 0.500345
vt 0.381714 0.840546
vt 0.088381 0.696464
vt 0.120154 0.780408
vt 0.377958 0.547392
vt 0.375473 0.546864
vt 0.323110 0.802379
vt 0.378452 0.818959
vt 0.103714 0.736089
vt 0.384223 0.840166
vt 0.095429 0.693737
vt 0.120771 0.780169
vt 0.136886 0.823654
vt 0.374041 0.566965
vt 0.371590 0.566371
vt 0.319569 0.778506
vt 0.374854 0.795020
vt 0.380962 0.818579
vt 0.110762 0.733362
vt 0.384510 0.840123
vt 0.033681 0.475380
vt 0.127819 0.777442
vt 0.137503 0.823415
vt 0.150899 0.860364
vt 0.371520 0.584949
vt 0.369105 0.584303
vt 0.316710 0.757956
vt 0.371339 0.771670
vt 0.377364 0.794629
vt 0.493220 0.710126
vt 0.111556 0.733055
vt 0.502472 0.668652
vt 0.035888 0.648569
vt 0.144554 0.820688
vt 0.151503 0.860091
vt 0.173283 0.888736
vt 0.369623 0.604489
vt 0.367249 0.603894
vt 0.314565 0.738528
vt 0.368092 0.752047
vt 0.373840 0.771223
vt 0.377650 0.794584
vt 0.492577 0.709972
vt 0.495123 0.666892
vt 0.037026 0.738045
vt 0.158360 0.856858
vt 0.173833 0.888399
vt 0.205320 0.911381
vt 0.368670 0.622616
vt 0.366343 0.622190
vt 0.313014 0.717203
vt 0.366190 0.734044
vt 0.370560 0.751532
vt 0.374125 0.771172
vt 0.481569 0.755937
vt 0.485227 0.708212
vt 0.494295 0.666693
vt 0.037278 0.812733
vt 0.179972 0.884205
vt 0.239749 0.922538
vt 0.312348 0.697417
vt 0.364972 0.714402
vt 0.368625 0.733476
vt 0.370842 0.751468
vt 0.470772 0.801033
vt 0.474220 0.754177
vt 0.557392 0.559152
vt 0.061030 0.875567
vt 0.210618 0.905815
vt 0.205765 0.910975
vt 0.364661 0.696087
vt 0.367364 0.713884
vt 0.368897 0.733396
vt 0.461804 0.839252
vt 0.463420 0.799273
vt 0.473392 0.753978
vt 0.107631 0.930648
vt 0.242980 0.916219
vt 0.240026 0.922083
vt 0.367000 0.695737
vt 0.367623 0.713806
vt 0.443461 0.870293
vt 0.454576 0.836965
vt 0.462592 0.799075
vt 0.367248 0.695682
vt 0.436817 0.866957
vt 0.453760 0.836718
vt 0.414837 0.896936
vt 0.409337 0.892472
vt 0.436060 0.866611
vt 0.382369 0.912527
vt 0.378657 0.907112
vt 0.408706 0.892014
vt 0.377991 0.818973
vt 0.380501 0.818593
vt 0.383742 0.840180
vt 0.381232 0.840559
vt 0.374458 0.795039
vt 0.376968 0.794649
vt 0.380787 0.818550
vt 0.503117 0.668832
vt 0.335110 0.468997
vt 0.331120 0.490535
vt 0.326666 0.514591
vt 0.371060 0.771733
vt 0.373563 0.771289
vt 0.377254 0.794604
vt 0.492579 0.709998
vt 0.502474 0.668678
vt 0.386637 0.478316
vt 0.382696 0.499786
vt 0.378388 0.523593
vt 0.322360 0.538406
vt 0.367959 0.752312
vt 0.370427 0.751792
vt 0.373848 0.771238
vt 0.481573 0.755963
vt 0.485230 0.708238
vt 0.495125 0.666918
vt 0.389133 0.478777
vt 0.385192 0.500247
vt 0.380883 0.524064
vt 0.374234 0.546776
vt 0.318979 0.559116
vt 0.366160 0.734320
vt 0.368596 0.733747
vt 0.370708 0.751727
vt 0.470777 0.801060
vt 0.474223 0.754203
vt 0.484402 0.708040
vt 0.558996 0.477179
vt 0.389418 0.478830
vt 0.103099 0.736370
vt 0.120155 0.780450
vt 0.376721 0.547301
vt 0.370503 0.566085
vt 0.316496 0.578527
vt 0.365041 0.714633
vt 0.367435 0.714112
vt 0.368868 0.733667
vt 0.461809 0.839279
vt 0.463425 0.799300
vt 0.473395 0.754005
vt 0.088383 0.696505
vt 0.103716 0.736131
vt 0.120772 0.780211
vt 0.136887 0.823697
vt 0.372954 0.566686
vt 0.368121 0.584010
vt 0.314610 0.599786
vt 0.364872 0.696203
vt 0.367214 0.695854
vt 0.367695 0.714033
vt 0.443464 0.870319
vt 0.454581 0.836992
vt 0.462597 0.799101
vt 0.095432 0.693778
vt 0.110764 0.733404
vt 0.127820 0.777484
vt 0.137504 0.823458
vt 0.150899 0.860406
vt 0.370537 0.584661
vt 0.366363 0.603650
vt 0.313500 0.619435
vt 0.367462 0.695798
vt 0.436821 0.866983
vt 0.453765 0.836745
vt 0.096226 0.693471
vt 0.034728 0.557375
vt 0.035896 0.648577
vt 0.144554 0.820730
vt 0.151503 0.860134
vt 0.173285 0.888778
vt 0.368739 0.604249
vt 0.365596 0.622065
vt 0.414836 0.896960
vt 0.409339 0.892497
vt 0.436064 0.866637
vt 0.037037 0.738053
vt 0.158360 0.856901
vt 0.173835 0.888441
vt 0.205325 0.911419
vt 0.367924 0.622490
vt 0.382365 0.912546
vt 0.378655 0.907130
vt 0.408709 0.892038
vt 0.037293 0.812741
vt 0.179972 0.884246
vt 0.239757 0.922571
vt 0.061046 0.875575
vt 0.210620 0.905855
vt 0.205769 0.911013
vt 0.107644 0.930657
vt 0.242986 0.916252
vt 0.240033 0.922116
vt 0.277343 0.649102
vt 0.281105 0.649256
vt 0.220677 0.701227
vt 0.283726 0.648970
vt 0.276957 0.661929
vt 0.280746 0.662073
vt 0.275785 0.704251
vt 0.221250 0.689038
vt 0.340855 0.896354
vt 0.283379 0.661938
vt 0.276336 0.676805
vt 0.280110 0.676953
vt 0.276324 0.691430
vt 0.279548 0.704369
vt 0.221776 0.674825
vt 0.283654 0.661912
vt 0.282701 0.677054
vt 0.279506 0.691845
vt 0.275719 0.691695
vt 0.276776 0.676548
vt 0.280114 0.691560
vt 0.282141 0.704843
vt 0.222170 0.660626
vt 0.295735 0.901795
vt 0.320416 0.901238
vt 0.341105 0.896771
vt 0.282119 0.692182
vt 0.278785 0.704654
vt 0.275023 0.704513
vt 0.277233 0.661652
vt 0.280551 0.676672
vt 0.282730 0.691884
vt 0.282415 0.704910
vt 0.222400 0.648433
vt 0.295735 0.902239
vt 0.271196 0.900805
vt 0.343851 0.902216
vt 0.321962 0.906941
vt 0.281374 0.705143
vt 0.277463 0.648817
vt 0.281022 0.661775
vt 0.283143 0.676759
vt 0.271209 0.900822
vt 0.295736 0.908032
vt 0.271054 0.901244
vt 0.281647 0.705210
vt 0.392225 0.936198
vt 0.348270 0.948938
vt 0.281226 0.648948
vt 0.283652 0.661627
vt 0.283414 0.676768
vt 0.271068 0.901261
vt 0.250377 0.896804
vt 0.294707 0.951589
vt 0.269510 0.906947
vt 0.250364 0.896782
vt 0.283842 0.648647
vt 0.283926 0.661601
vt 0.295749 0.902251
vt 0.269524 0.906965
vt 0.247633 0.902249
vt 0.241163 0.948572
vt 0.247620 0.902227
vt 0.340867 0.896357
vt 0.320430 0.901245
vt 0.295751 0.908044
vt 0.269343 0.907550
vt 0.247311 0.902804
vt 0.247298 0.902781
vt 0.341118 0.896774
vt 0.321977 0.906948
vt 0.295751 0.908636
vt 0.343865 0.902218
vt 0.322159 0.907533
vt 0.392244 0.936198
vt 0.365002 0.677079
vt 0.367320 0.676951
vt 0.312793 0.639584
vt 0.365366 0.659133
vt 0.367674 0.659171
vt 0.367564 0.676929
vt 0.365104 0.641183
vt 0.312390 0.658356
vt 0.365714 0.641228
vt 0.368026 0.641433
vt 0.367915 0.659175
vt 0.346429 0.921923
vt 0.367417 0.641386
vt 0.364885 0.659132
vt 0.312196 0.677176
vt 0.276788 0.927054
vt 0.311753 0.925644
vt 0.344564 0.915992
vt 0.276798 0.927075
vt 0.367192 0.659168
vt 0.364651 0.677038
vt 0.276891 0.926581
vt 0.311345 0.919543
vt 0.378228 0.906578
vt 0.344352 0.915386
vt 0.276901 0.926601
vt 0.311794 0.926120
vt 0.366968 0.676908
vt 0.277949 0.920454
vt 0.311303 0.918919
vt 0.277956 0.920475
vt 0.311763 0.925651
vt 0.367211 0.676886
vt 0.278078 0.919825
vt 0.165067 0.961615
vt 0.230551 0.978402
vt 0.311352 0.919550
vt 0.346437 0.921916
vt 0.165048 0.961609
vt 0.294623 0.981917
vt 0.344569 0.915986
vt 0.358718 0.978838
vt 0.378230 0.906559
vt 0.074433 0.474861
vt 0.075478 0.556847
vt 0.035531 0.475356
vt 0.076641 0.648049
vt 0.036576 0.557343
vt 0.077781 0.737528
vt 0.037739 0.648545
vt 0.077677 0.815450
vt 0.038876 0.738021
vt 0.100760 0.870289
vt 0.039128 0.812575
vt 0.151017 0.920212
vt 0.062772 0.875121
vt 0.196453 0.936602
vt 0.109092 0.929869
vt 0.240682 0.949750
vt 0.166012 0.960562
vt 0.294703 0.952795
vt 0.230961 0.977213
vt 0.348743 0.950120
vt 0.294607 0.980705
vt 0.393061 0.937274
vt 0.358276 0.977648
vt 0.438608 0.921196
vt 0.423338 0.961443
vt 0.489205 0.871618
vt 0.480472 0.931143
vt 0.512664 0.816939
vt 0.527162 0.876711
vt 0.513095 0.739017
vt 0.551232 0.814328
vt 0.514850 0.649549
vt 0.551996 0.739778
vt 0.516639 0.558356
vt 0.553748 0.650311
vt 0.518248 0.476379
vt 0.555537 0.559119
vt 0.557146 0.477142
vt 0.518249 0.476377
vt 0.557147 0.477139
vt 0.516644 0.558354
vt 0.555543 0.559116
vt 0.514859 0.649547
vt 0.553757 0.650308
vt 0.513108 0.739015
vt 0.552009 0.739774
vt 0.512680 0.816937
vt 0.551248 0.814324
vt 0.489223 0.871616
vt 0.527178 0.876708
vt 0.438627 0.921196
vt 0.480485 0.931139
vt 0.393080 0.937274
vt 0.423356 0.961442
vt 0.348763 0.950121
vt 0.358296 0.977649
vt 0.294722 0.952797
vt 0.294627 0.980708
vt 0.240701 0.949753
vt 0.230981 0.977216
vt 0.196472 0.936605
vt 0.166031 0.960567
vt 0.151036 0.920217
vt 0.109105 0.929878
vt 0.100778 0.870295
vt 0.062787 0.875129
vt 0.077693 0.815457
vt 0.039143 0.812583
vt 0.077792 0.737534
vt 0.038888 0.738030
vt 0.076648 0.648056
vt 0.037746 0.648553
vt 0.075481 0.556853
vt 0.036578 0.557351
vt 0.074432 0.474867
vt 0.035529 0.475365
vt 0.344357 0.915379
vt 0.424314 0.962496
vt 0.481941 0.931928
vt 0.528916 0.877165
vt 0.553097 0.814495
vt 0.553859 0.739811
vt 0.484399 0.708014
vt 0.558997 0.477175
vt 0.555607 0.650344
vt 0.311310 0.918926
vt 0.278085 0.919845
vt 0.243335 0.915648
vt 0.211183 0.905316
vt 0.180676 0.883803
vt 0.159136 0.856547
vt 0.145348 0.820423
vt 0.128615 0.777176
vt 0.111558 0.733097
vt 0.033679 0.475389
vt 0.348290 0.948940
vt 0.344187 0.902772
vt 0.366982 0.896554
vt 0.395422 0.876738
vt 0.412751 0.853247
vt 0.423964 0.816624
vt 0.514800 0.558318
vt 0.462747 0.693404
vt 0.437173 0.774648
vt 0.294726 0.951591
vt 0.241182 0.948575
vt 0.197315 0.935535
vt 0.152340 0.919315
vt 0.102484 0.869794
vt 0.079537 0.815286
vt 0.079636 0.737511
vt 0.078492 0.648032
vt 0.128646 0.693501
vt 0.077325 0.556830
vt 0.320288 0.900806
vt 0.284120 0.648599
vt 0.284646 0.635233
vt 0.284504 0.615056
vt 0.283765 0.597955
vt 0.281623 0.574862
vt 0.279506 0.547913
vt 0.275324 0.495862
vt 0.442462 0.729290
vt 0.283002 0.691929
vt 0.250627 0.896387
vt 0.229719 0.890785
vt 0.203146 0.872332
vt 0.186702 0.850117
vt 0.175666 0.814126
vt 0.162435 0.772156
vt 0.136823 0.690923
vt 0.267045 0.832553
vt 0.295749 0.901808
vt 0.367434 0.659172
vt 0.346603 0.922371
vt 0.382704 0.912941
vt 0.415331 0.897279
vt 0.444052 0.870552
vt 0.462440 0.839441
vt 0.471416 0.801187
vt 0.482213 0.756091
vt 0.503116 0.668806
vt 0.381249 0.818535
vt 0.367659 0.641416
vt 0.368171 0.622554
vt 0.368996 0.604336
vt 0.370806 0.584751
vt 0.373232 0.566760
vt 0.377005 0.547361
vt 0.381168 0.524118
vt 0.087766 0.696744
vt 0.385477 0.500300
vt 0.204253 0.823254
vt 0.213420 0.500733
vt 0.208440 0.796269
vt 0.212476 0.769936
vt 0.215683 0.747696
vt 0.217575 0.731766
vt 0.219279 0.713258
vt 0.220076 0.700929
vt 0.220725 0.688751
vt 0.221355 0.674560
vt 0.221854 0.660347
vt 0.222161 0.648149
vt 0.222356 0.635739
vt 0.222323 0.617144
vt 0.221773 0.601151
vt 0.220418 0.578974
vt 0.218359 0.552488
vt 0.216122 0.525288
vt 0.214107 0.500741
vt 0.329430 0.848200
vt 0.326141 0.826544
vt 0.322472 0.802356
vt 0.318942 0.778414
vt 0.316235 0.757604
vt 0.314384 0.738123
vt 0.313190 0.716814
vt 0.312719 0.697140
vt 0.312667 0.676978
vt 0.312874 0.658202
vt 0.313292 0.639386
vt 0.314100 0.619161
vt 0.315409 0.599407
vt 0.317652 0.578144
vt 0.320427 0.558796
vt 0.323952 0.538349
vt 0.328267 0.514604
vt 0.332697 0.490560
vt 0.336679 0.469024
vt 0.230531 0.978398
vt 0.243329 0.915615
vt 0.211181 0.905277
vt 0.180675 0.883761
vt 0.159136 0.856504
vt 0.145348 0.820380
vt 0.034726 0.557366
vt 0.096223 0.693429
vt 0.128613 0.777134
vt 0.294603 0.981915
vt 0.358698 0.978837
vt 0.424295 0.962497
vt 0.481927 0.931932
vt 0.528900 0.877168
vt 0.553081 0.814499
vt 0.553846 0.739814
vt 0.555598 0.650348
vt 0.557387 0.559156
vt 0.494297 0.666720
vt 0.269328 0.907532
vt 0.197296 0.935531
vt 0.152322 0.919310
vt 0.102466 0.869788
vt 0.079522 0.815280
vt 0.079625 0.737505
vt 0.140770 0.731920
vt 0.076278 0.474837
vt 0.078485 0.648026
vt 0.295736 0.908624
vt 0.322144 0.907526
vt 0.344173 0.902770
vt 0.366970 0.896557
vt 0.395415 0.876748
vt 0.412748 0.853258
vt 0.423962 0.816635
vt 0.437171 0.774660
vt 0.516404 0.476343
vt 0.450640 0.731877
vt 0.282391 0.692228
vt 0.250615 0.896365
vt 0.229708 0.890759
vt 0.203140 0.872299
vt 0.186699 0.850082
vt 0.175664 0.814090
vt 0.162433 0.772120
vt 0.136823 0.690887
vt 0.265639 0.832509
vt 0.320274 0.900799
vt 0.284004 0.648923
vt 0.284676 0.635591
vt 0.284667 0.615414
vt 0.284062 0.598271
vt 0.282020 0.574986
vt 0.279997 0.547963
vt 0.275874 0.495880
vt 0.442461 0.729302
vt 0.282972 0.677064
vt 0.311785 0.926113
vt 0.368268 0.641463
vt 0.368916 0.622679
vt 0.369879 0.604576
vt 0.371789 0.585038
vt 0.374320 0.567039
vt 0.378242 0.547452
vt 0.382526 0.524167
vt 0.390861 0.478875
vt 0.103097 0.736328
vt 0.346595 0.922378
vt 0.382700 0.912960
vt 0.415331 0.897303
vt 0.444055 0.870579
vt 0.462444 0.839468
vt 0.471420 0.801214
vt 0.482216 0.756117
vt 0.384029 0.840137
vt 0.493223 0.710152
vn 1.000000 0.000000 0.000000
vn 1.000000 0.000000 0.000000
vn 0.970354 0.000000 -0.241688
vn 0.970353 0.000000 -0.241690
vn 0.999980 0.006337 0.000008
vn 0.970331 0.006149 -0.241704
vn 0.988010 -0.154390 -0.000274
vn 0.957091 -0.151225 -0.247199
vn 0.825170 -0.564883 -0.001464
vn 0.801173 -0.553541 -0.227407
vn 0.576235 -0.817282 -0.002078
vn 0.560337 -0.803956 -0.199190
vn 0.314230 -0.949346 -0.001264
vn 0.309023 -0.935562 -0.170962
vn 0.162116 -0.986772 -0.000265
vn 0.158604 -0.973355 -0.165605
vn 0.000000 -1.000000 0.000016
vn 0.000000 -0.987114 -0.160021
vn -0.970353 0.000000 -0.241690
vn -1.000000 0.000000 0.000000
vn -1.000000 0.000000 0.000000
vn -0.970353 0.000000 -0.241690
vn 1.000000 0.000000 0.000000
vn 0.970354 0.000000 -0.241688
vn -1.000000 0.000000 0.000000
vn -0.970353 0.000000 -0.241691
vn -0.999980 0.006337 0.000008
vn -0.970331 0.006149 -0.241702
vn -0.988010 -0.154389 -0.000276
vn -0.957092 -0.151223 -0.247199
vn -0.825170 -0.564883 -0.001465
vn -0.801172 -0.553542 -0.227407
vn -0.576235 -0.817282 -0.002080
vn -0.560337 -0.803956 -0.199189
vn -0.314230 -0.949346 -0.001263
vn -0.309024 -0.935562 -0.170960
vn -0.158604 -0.973355 -0.165606
vn -0.162116 -0.986772 -0.000265
vn -0.827014 0.000000 -0.562182
vn -0.539931 0.000000 -0.841709
vn -0.539931 0.000000 -0.841709
vn -0.827014 0.000000 -0.562182
vn -0.621140 0.000000 -0.783699
vn -0.621140 0.000000 -0.783699
vn 0.827014 0.000000 -0.562182
vn 0.539938 0.000000 -0.841705
vn 0.539939 0.000000 -0.841704
vn 0.827014 0.000000 -0.562182
vn 0.621143 0.000000 -0.783698
vn 0.621142 0.000000 -0.783698
vn -0.990742 0.000000 -0.135755
vn -0.990742 0.000000 -0.135755
vn -0.990742 0.000000 -0.135755
vn -0.827014 0.000000 -0.562182
vn -0.990739 -0.004171 -0.135719
vn -0.826997 -0.003473 -0.562196
vn -0.978091 0.160913 -0.132077
vn -0.816848 0.137050 -0.560336
vn -0.857078 0.500366 -0.122683
vn -0.727669 0.433317 -0.531728
vn -0.638230 0.762110 -0.108862
vn -0.553535 0.677242 -0.484708
vn -0.364500 0.926418 -0.094279
vn -0.324700 0.841322 -0.432143
vn -0.154867 0.983952 -0.088628
vn -0.139609 0.902057 -0.408414
vn 0.000000 0.996210 -0.086979
vn 0.000000 0.916292 -0.400510
vn 0.990742 0.000000 -0.135757
vn 0.990742 0.000000 -0.135757
vn 0.990742 0.000000 -0.135757
vn 0.827014 0.000000 -0.562182
vn 0.826998 -0.003474 -0.562195
vn 0.990739 -0.004171 -0.135719
vn 0.816849 0.137058 -0.560333
vn 0.978091 0.160911 -0.132085
vn 0.727657 0.433342 -0.531723
vn 0.857077 0.500362 -0.122705
vn 0.553536 0.677242 -0.484708
vn 0.638229 0.762108 -0.108882
vn 0.324719 0.841312 -0.432147
vn 0.364498 0.926417 -0.094300
vn 0.139614 0.902057 -0.408413
vn 0.154866 0.983951 -0.088634
vn -0.539927 0.000000 -0.841712
vn -0.621140 0.000000 -0.783699
vn -0.539712 -0.002264 -0.841847
vn -0.621145 -0.002599 -0.783691
vn -0.542990 0.089145 -0.834994
vn -0.611154 0.096779 -0.785573
vn -0.498199 0.290831 -0.816833
vn -0.561158 0.317970 -0.764197
vn -0.398792 0.475305 -0.784251
vn -0.452354 0.520506 -0.724189
vn -0.247227 0.627940 -0.737950
vn -0.277767 0.689095 -0.669323
vn -0.108816 0.691444 -0.714188
vn -0.121413 0.757866 -0.641013
vn 0.000001 0.707653 -0.706560
vn 0.000000 0.775673 -0.631135
vn 0.539939 0.000000 -0.841704
vn 0.621143 0.000000 -0.783698
vn 0.539735 -0.002265 -0.841832
vn 0.621144 -0.002600 -0.783692
vn 0.543008 0.089150 -0.834982
vn 0.611144 0.096786 -0.785580
vn 0.498198 0.290847 -0.816827
vn 0.561118 0.317979 -0.764222
vn 0.398805 0.475316 -0.784238
vn 0.452320 0.520462 -0.724242
vn 0.247246 0.627947 -0.737938
vn 0.277776 0.689050 -0.669366
vn 0.108823 0.691455 -0.714176
vn 0.121417 0.757858 -0.641022
vn 0.149926 -0.899790 -0.409756
vn 0.111349 -0.683658 -0.721258
vn 0.000000 -0.705867 -0.708344
vn 0.000000 -0.917024 -0.398831
vn 0.120825 -0.760864 -0.637563
vn 0.000000 -0.779000 -0.627024
vn 0.828928 0.000000 -0.559355
vn 0.541911 0.000000 -0.840436
vn 0.541914 0.000001 -0.840434
vn 0.828927 0.000001 -0.559356
vn 0.623702 0.000000 -0.781663
vn 0.623700 0.000001 -0.781664
vn -0.623701 0.000000 -0.781663
vn -0.541950 0.000000 -0.840410
vn -0.541941 0.000001 -0.840416
vn -0.623699 0.000001 -0.781665
vn -0.828934 0.000000 -0.559347
vn -0.828933 0.000000 -0.559348
vn 0.828928 0.000000 -0.559355
vn 0.828932 0.005265 -0.559324
vn 0.817808 -0.125439 -0.561654
vn 0.705047 -0.473870 -0.527595
vn 0.512844 -0.712789 -0.478460
vn 0.285714 -0.860740 -0.421300
vn -0.149927 -0.899789 -0.409758
vn -0.828933 0.000000 -0.559348
vn -0.828937 0.005266 -0.559317
vn -0.817811 -0.125439 -0.561650
vn -0.705048 -0.473871 -0.527592
vn -0.512844 -0.712791 -0.478455
vn -0.285715 -0.860741 -0.421298
vn -0.111349 -0.683659 -0.721257
vn -0.120826 -0.760864 -0.637563
vn 0.541911 0.000000 -0.840436
vn 0.623702 0.000000 -0.781663
vn 0.542234 0.003447 -0.840220
vn 0.623655 0.003973 -0.781690
vn 0.524804 -0.082998 -0.847167
vn 0.617422 -0.101949 -0.779998
vn 0.467173 -0.321693 -0.823567
vn 0.540582 -0.383823 -0.748633
vn 0.357476 -0.512150 -0.780969
vn 0.396057 -0.589022 -0.704409
vn 0.214412 -0.649245 -0.729732
vn 0.236863 -0.721195 -0.650978
vn -0.623701 0.000000 -0.781663
vn -0.541949 0.000000 -0.840411
vn -0.542250 0.003447 -0.840210
vn -0.623654 0.003973 -0.781691
vn -0.524824 -0.083000 -0.847155
vn -0.617421 -0.101949 -0.779998
vn -0.467182 -0.321700 -0.823559
vn -0.540582 -0.383823 -0.748633
vn -0.357480 -0.512155 -0.780964
vn -0.396056 -0.589022 -0.704409
vn -0.214412 -0.649242 -0.729734
vn -0.236864 -0.721194 -0.650979
vn 0.127775 -0.757877 -0.639763
vn 0.000000 -0.778727 -0.627363
vn 0.625023 0.000000 -0.780606
vn 0.625021 0.000001 -0.780608
vn 0.625022 0.000000 -0.780607
vn 0.625035 0.003999 -0.780586
vn 0.614982 -0.094049 -0.782913
vn 0.546367 -0.362066 -0.755242
vn 0.415377 -0.568296 -0.710283
vn 0.239720 -0.719819 -0.651455
vn -0.127775 -0.757876 -0.639763
vn -0.625022 0.000000 -0.780607
vn -0.625020 0.000001 -0.780609
vn -0.625022 0.000000 -0.780607
vn -0.625032 0.003999 -0.780589
vn -0.614978 -0.094048 -0.782916
vn -0.546369 -0.362066 -0.755241
vn -0.415380 -0.568296 -0.710281
vn -0.239720 -0.719818 -0.651458
vn 0.006700 0.000000 -0.999978
vn 0.301680 0.000000 -0.953409
vn 0.301677 0.000000 -0.953410
vn 0.006700 0.000000 -0.999978
vn 0.301680 0.000001 -0.953409
vn 0.006700 0.000000 -0.999978
vn 0.302163 0.001940 -0.953254
vn 0.006831 0.000047 -0.999977
vn 0.282235 -0.044292 -0.958322
vn 0.005290 -0.000570 -0.999986
vn 0.256846 -0.173304 -0.950787
vn 0.004590 -0.002690 -0.999986
vn 0.209626 -0.293578 -0.932668
vn 0.004147 -0.005166 -0.999978
vn 0.131295 -0.395710 -0.908942
vn 0.002270 -0.006697 -0.999975
vn 0.068457 -0.414002 -0.907698
vn 0.001230 -0.006723 -0.999977
vn 0.000000 -0.436331 -0.899786
vn 0.000000 -0.008129 -0.999967
vn -0.068457 -0.414008 -0.907696
vn -0.001230 -0.006723 -0.999977
vn -0.006699 0.000000 -0.999978
vn -0.301672 0.000000 -0.953412
vn -0.301673 0.000001 -0.953411
vn -0.006699 0.000000 -0.999978
vn -0.302161 0.001940 -0.953255
vn -0.006831 0.000047 -0.999977
vn -0.301670 0.000000 -0.953413
vn -0.006699 0.000000 -0.999978
vn -0.282236 -0.044290 -0.958322
vn -0.005290 -0.000570 -0.999986
vn -0.256845 -0.173301 -0.950788
vn -0.004590 -0.002690 -0.999986
vn -0.209624 -0.293577 -0.932668
vn -0.004147 -0.005166 -0.999978
vn -0.131295 -0.395707 -0.908943
vn -0.002270 -0.006697 -0.999975
vn -0.622512 0.000000 -0.782610
vn -0.622512 0.000000 -0.782610
vn -0.622512 0.000000 -0.782610
vn -0.622505 -0.002597 -0.782612
vn -0.616194 0.103907 -0.780710
vn -0.559742 0.337029 -0.757034
vn -0.438834 0.544247 -0.714996
vn -0.266457 0.699785 -0.662798
vn -0.116281 0.761869 -0.637209
vn 0.000000 0.777891 -0.628399
vn 0.622515 0.000000 -0.782608
vn 0.622514 0.000000 -0.782609
vn 0.622514 0.000000 -0.782609
vn 0.622503 -0.002597 -0.782613
vn 0.616181 0.103914 -0.780720
vn 0.559691 0.337033 -0.757070
vn 0.438796 0.544199 -0.715057
vn 0.266464 0.699743 -0.662840
vn 0.116285 0.761861 -0.637217
vn -0.006697 0.000000 -0.999978
vn -0.006697 0.000000 -0.999978
vn -0.006697 0.000000 -0.999978
vn -0.006609 -0.000025 -0.999978
vn -0.008397 0.001596 -0.999963
vn -0.008036 0.005284 -0.999954
vn -0.005711 0.007566 -0.999955
vn -0.003837 0.010753 -0.999935
vn -0.001581 0.011076 -0.999937
vn 0.000000 0.010681 -0.999943
vn 0.006697 0.000000 -0.999978
vn 0.006697 0.000000 -0.999978
vn 0.006697 0.000000 -0.999978
vn 0.006609 -0.000025 -0.999978
vn 0.008397 0.001596 -0.999963
vn 0.008036 0.005285 -0.999954
vn 0.005712 0.007566 -0.999955
vn 0.003837 0.010753 -0.999935
vn 0.001581 0.011076 -0.999937
vn -0.300541 0.000000 -0.953769
vn -0.300538 0.000000 -0.953770
vn -0.300542 0.000000 -0.953768
vn -0.300231 -0.001248 -0.953866
vn -0.311938 0.051758 -0.948692
vn -0.289151 0.171874 -0.941728
vn -0.234376 0.285183 -0.929375
vn -0.149915 0.387836 -0.909455
vn -0.066982 0.433192 -0.898809
vn 0.000000 0.444233 -0.895911
vn 0.066987 0.433194 -0.898808
vn 0.300538 0.000000 -0.953770
vn 0.300539 0.000000 -0.953770
vn 0.300230 -0.001248 -0.953866
vn 0.300534 0.000000 -0.953771
vn 0.311933 0.051762 -0.948693
vn 0.289128 0.171880 -0.941734
vn 0.234352 0.285153 -0.929390
vn 0.149921 0.387814 -0.909464
vn 1.000000 0.000000 0.000000
vn 1.000000 0.000000 0.000000
vn 1.000000 -0.000000 0.000000
vn 0.999991 -0.004211 0.000000
vn 0.986604 0.163134 0.000000
vn 0.862660 0.505784 0.000000
vn 0.640006 0.768369 0.000000
vn 0.364748 0.931106 0.000000
vn 0.154913 0.987928 0.000000
vn -0.000000 1.000000 0.000000
vn -0.154914 0.987928 0.000000
vn -0.364749 0.931106 0.000000
vn -0.640007 0.768369 0.000000
vn -0.862660 0.505785 0.000000
vn -0.986604 0.163136 0.000000
vn -0.999991 -0.004210 0.000000
vn -1.000000 0.000000 0.000000
vn -1.000000 0.000000 0.000000
vn -1.000000 0.000000 0.000000
vn 1.000000 0.000000 0.000000
vn 1.000000 0.000000 0.000000
vn 1.000000 0.000000 0.000000
vn 0.999980 0.006338 0.000000
vn 0.988023 -0.154307 0.000000
vn 0.825156 -0.564905 0.000000
vn 0.576199 -0.817309 -0.000000
vn 0.314315 -0.949319 0.000000
vn 0.162143 -0.986767 0.000000
vn 0.000000 -1.000000 0.000000
vn -0.162142 -0.986767 -0.000000
vn -0.314315 -0.949319 -0.000000
vn -0.576199 -0.817309 -0.000000
vn -0.825156 -0.564905 0.000000
vn -0.988023 -0.154306 0.000000
vn -0.999980 0.006338 0.000000
vn -1.000000 0.000000 0.000000
vn -1.000000 0.000000 0.000000
vn -1.000000 0.000000 0.000000
vn 1.000000 0.000000 0.000000
vn 0.970353 0.000000 0.241690
vn 0.970354 0.000000 0.241688
vn 1.000000 0.000000 0.000000
vn 0.999980 0.006337 -0.000008
vn 0.970331 0.006149 0.241704
vn 0.988010 -0.154390 0.000274
vn 0.957091 -0.151225 0.247199
vn 0.825170 -0.564883 0.001464
vn 0.801173 -0.553541 0.227407
vn 0.576235 -0.817282 0.002078
vn 0.560337 -0.803956 0.199190
vn 0.314230 -0.949346 0.001264
vn 0.309023 -0.935562 0.170962
vn 0.162116 -0.986772 0.000265
vn 0.158604 -0.973355 0.165605
vn 0.000000 -1.000000 -0.000016
vn 0.000000 -0.987114 0.160021
vn -0.970353 0.000000 0.241690
vn -0.970353 0.000000 0.241690
vn -1.000000 0.000000 0.000000
vn -1.000000 0.000000 0.000000
vn 1.000000 0.000000 0.000000
vn 0.970354 0.000000 0.241688
vn -1.000000 0.000000 0.000000
vn -0.970353 0.000000 0.241691
vn -0.999980 0.006337 -0.000008
vn -0.970331 0.006149 0.241702
vn -0.988010 -0.154389 0.000276
vn -0.957092 -0.151223 0.247199
vn -0.825170 -0.564883 0.001465
vn -0.801172 -0.553542 0.227407
vn -0.576235 -0.817282 0.002080
vn -0.560337 -0.803956 0.199189
vn -0.314230 -0.949346 0.001263
vn -0.309024 -0.935562 0.170960
vn -0.162116 -0.986772 0.000265
vn -0.158604 -0.973355 0.165606
vn -0.827014 0.000000 0.562182
vn -0.827014 0.000000 0.562182
vn -0.539931 0.000000 0.841709
vn -0.539931 0.000000 0.841709
vn -0.621140 0.000000 0.783699
vn -0.621140 0.000000 0.783699
vn 0.827014 0.000000 0.562182
vn 0.827014 0.000000 0.562182
vn 0.539939 0.000000 0.841704
vn 0.539938 0.000000 0.841705
vn 0.621142 0.000000 0.783698
vn 0.621143 0.000000 0.783698
vn -0.990742 0.000000 0.135755
vn -0.990742 0.000000 0.135755
vn -0.827014 0.000000 0.562182
vn -0.990742 0.000000 0.135755
vn -0.826997 -0.003473 0.562196
vn -0.990739 -0.004171 0.135719
vn -0.816848 0.137050 0.560336
vn -0.978091 0.160913 0.132077
vn -0.727669 0.433317 0.531728
vn -0.857078 0.500366 0.122683
vn -0.553535 0.677242 0.484708
vn -0.638230 0.762110 0.108862
vn -0.324700 0.841322 0.432143
vn -0.364500 0.926418 0.094279
vn -0.139609 0.902057 0.408414
vn -0.154867 0.983952 0.088628
vn 0.000000 0.916292 0.400510
vn 0.000000 0.996210 0.086979
vn 0.990742 0.000000 0.135757
vn 0.990742 0.000000 0.135757
vn 0.827014 0.000000 0.562182
vn 0.990742 0.000000 0.135757
vn 0.990739 -0.004171 0.135719
vn 0.826998 -0.003474 0.562195
vn 0.978091 0.160911 0.132085
vn 0.816849 0.137058 0.560333
vn 0.857077 0.500362 0.122705
vn 0.727657 0.433342 0.531723
vn 0.638229 0.762108 0.108882
vn 0.553536 0.677242 0.484708
vn 0.364498 0.926417 0.094300
vn 0.324719 0.841312 0.432147
vn 0.154866 0.983951 0.088634
vn 0.139614 0.902057 0.408413
vn -0.621140 0.000000 0.783699
vn -0.539927 0.000000 0.841712
vn -0.621145 -0.002599 0.783691
vn -0.539712 -0.002264 0.841847
vn -0.611154 0.096779 0.785573
vn -0.542990 0.089145 0.834994
vn -0.561158 0.317970 0.764197
vn -0.498199 0.290831 0.816833
vn -0.452354 0.520506 0.724189
vn -0.398792 0.475305 0.784251
vn -0.277767 0.689095 0.669323
vn -0.247227 0.627940 0.737950
vn -0.121413 0.757866 0.641013
vn -0.108816 0.691444 0.714188
vn 0.000000 0.775673 0.631135
vn 0.000001 0.707653 0.706560
vn 0.539939 0.000000 0.841704
vn 0.621143 0.000000 0.783698
vn 0.539735 -0.002265 0.841832
vn 0.621144 -0.002600 0.783692
vn 0.543008 0.089150 0.834982
vn 0.611144 0.096786 0.785580
vn 0.498198 0.290847 0.816827
vn 0.561118 0.317979 0.764222
vn 0.398805 0.475316 0.784238
vn 0.452320 0.520462 0.724242
vn 0.247246 0.627947 0.737938
vn 0.277776 0.689050 0.669366
vn 0.108823 0.691455 0.714176
vn 0.121417 0.757858 0.641022
vn 0.149926 -0.899790 0.409756
vn 0.000000 -0.917024 0.398831
vn 0.000000 -0.705867 0.708344
vn 0.111349 -0.683658 0.721258
vn 0.000000 -0.779000 0.627024
vn 0.120825 -0.760864 0.637563
vn 0.828928 0.000000 0.559355
vn 0.828927 0.000001 0.559356
vn 0.541914 0.000001 0.840434
vn 0.541911 0.000000 0.840436
vn 0.623700 0.000001 0.781664
vn 0.623702 0.000000 0.781663
vn -0.623701 0.000000 0.781663
vn -0.623699 0.000001 0.781665
vn -0.541941 0.000001 0.840416
vn -0.541950 0.000000 0.840411
vn -0.828933 0.000000 0.559348
vn -0.828934 0.000000 0.559347
vn 0.828928 0.000000 0.559355
vn 0.828932 0.005265 0.559324
vn 0.817808 -0.125439 0.561654
vn 0.705047 -0.473870 0.527595
vn 0.512844 -0.712789 0.478460
vn 0.285714 -0.860740 0.421300
vn -0.149927 -0.899789 0.409758
vn -0.828933 0.000000 0.559348
vn -0.828937 0.005266 0.559317
vn -0.817811 -0.125439 0.561650
vn -0.705048 -0.473871 0.527592
vn -0.512844 -0.712791 0.478455
vn -0.285715 -0.860741 0.421298
vn -0.111349 -0.683659 0.721257
vn -0.120826 -0.760864 0.637563
vn 0.541911 0.000000 0.840436
vn 0.623702 0.000000 0.781663
vn 0.542234 0.003447 0.840220
vn 0.623655 0.003973 0.781690
vn 0.524804 -0.082998 0.847167
vn 0.617422 -0.101949 0.779998
vn 0.467173 -0.321693 0.823567
vn 0.540582 -0.383823 0.748633
vn 0.357476 -0.512150 0.780969
vn 0.396057 -0.589022 0.704409
vn 0.214412 -0.649245 0.729732
vn 0.236863 -0.721195 0.650978
vn -0.623701 0.000000 0.781663
vn -0.541949 0.000000 0.840411
vn -0.623654 0.003973 0.781691
vn -0.542250 0.003447 0.840210
vn -0.617421 -0.101949 0.779998
vn -0.524824 -0.083000 0.847155
vn -0.540582 -0.383823 0.748633
vn -0.467182 -0.321700 0.823559
vn -0.396056 -0.589022 0.704409
vn -0.357480 -0.512155 0.780964
vn -0.236864 -0.721194 0.650979
vn -0.214412 -0.649242 0.729734
vn 0.000000 -0.778727 0.627363
vn 0.127775 -0.757877 0.639763
vn 0.625021 0.000001 0.780608
vn 0.625023 0.000000 0.780606
vn 0.625022 0.000000 0.780607
vn 0.625035 0.003999 0.780586
vn 0.614982 -0.094049 0.782913
vn 0.546367 -0.362066 0.755242
vn 0.415377 -0.568296 0.710283
vn 0.239720 -0.719819 0.651455
vn -0.127775 -0.757876 0.639763
vn -0.625022 0.000000 0.780607
vn -0.625020 0.000001 0.780609
vn -0.625022 0.000000 0.780607
vn -0.625032 0.003999 0.780589
vn -0.614978 -0.094048 0.782916
vn -0.546369 -0.362066 0.755241
vn -0.415380 -0.568296 0.710281
vn -0.239720 -0.719818 0.651458
vn 0.006700 0.000000 0.999978
vn 0.006700 0.000000 0.999978
vn 0.301677 0.000000 0.953410
vn 0.301680 0.000000 0.953409
vn 0.301680 0.000001 0.953409
vn 0.006700 0.000000 0.999978
vn 0.302163 0.001940 0.953254
vn 0.006831 0.000047 0.999977
vn 0.282235 -0.044292 0.958322
vn 0.005290 -0.000570 0.999986
vn 0.256846 -0.173304 0.950787
vn 0.004590 -0.002690 0.999986
vn 0.209626 -0.293578 0.932668
vn 0.004147 -0.005166 0.999978
vn 0.131295 -0.395710 0.908942
vn 0.002270 -0.006697 0.999975
vn 0.068457 -0.414002 0.907698
vn 0.001230 -0.006723 0.999977
vn 0.000000 -0.436331 0.899786
vn 0.000000 -0.008129 0.999967
vn -0.068457 -0.414007 0.907696
vn -0.001230 -0.006723 0.999977
vn -0.006699 0.000000 0.999978
vn -0.006699 0.000000 0.999978
vn -0.301673 0.000001 0.953411
vn -0.301672 0.000000 0.953412
vn -0.006831 0.000047 0.999977
vn -0.302161 0.001940 0.953255
vn -0.301670 0.000000 0.953413
vn -0.006699 0.000000 0.999978
vn -0.005290 -0.000570 0.999986
vn -0.282236 -0.044290 0.958322
vn -0.004590 -0.002690 0.999986
vn -0.256845 -0.173301 0.950788
vn -0.004147 -0.005166 0.999978
vn -0.209624 -0.293577 0.932668
vn -0.002270 -0.006697 0.999975
vn -0.131295 -0.395707 0.908943
vn -0.622512 0.000000 0.782610
vn -0.622512 0.000000 0.782610
vn -0.622512 0.000000 0.782610
vn -0.622505 -0.002597 0.782612
vn -0.616194 0.103907 0.780710
vn -0.559742 0.337029 0.757034
vn -0.438834 0.544247 0.714996
vn -0.266457 0.699785 0.662798
vn -0.116281 0.761869 0.637209
vn 0.000000 0.777891 0.628399
vn 0.622514 0.000000 0.782609
vn 0.622515 0.000000 0.782608
vn 0.622514 0.000000 0.782609
vn 0.622503 -0.002597 0.782613
vn 0.616181 0.103914 0.780720
vn 0.559691 0.337033 0.757070
vn 0.438796 0.544199 0.715056
vn 0.266464 0.699743 0.662839
vn 0.116285 0.761862 0.637217
vn -0.006697 0.000000 0.999978
vn -0.006697 0.000000 0.999978
vn -0.006697 0.000000 0.999978
vn -0.006609 -0.000025 0.999978
vn -0.008397 0.001596 0.999963
vn -0.008036 0.005284 0.999954
vn -0.005711 0.007566 0.999955
vn -0.003837 0.010753 0.999935
vn 0.000000 0.010681 0.999943
vn -0.001581 0.011076 0.999937
vn 0.006697 0.000000 0.999978
vn 0.006697 0.000000 0.999978
vn 0.006697 0.000000 0.999978
vn 0.006609 -0.000025 0.999978
vn 0.008397 0.001596 0.999963
vn 0.008036 0.005285 0.999954
vn 0.005712 0.007566 0.999955
vn 0.003837 0.010753 0.999935
vn 0.001581 0.011076 0.999937
vn -0.300538 0.000000 0.953770
vn -0.300541 0.000000 0.953769
vn -0.300542 0.000000 0.953769
vn -0.300231 -0.001248 0.953866
vn -0.311938 0.051758 0.948692
vn -0.289151 0.171874 0.941728
vn -0.234376 0.285183 0.929375
vn -0.149915 0.387836 0.909455
vn -0.066982 0.433192 0.898809
vn 0.000000 0.444233 0.895911
vn 0.066987 0.433194 0.898808
vn 0.300539 0.000000 0.953770
vn 0.300538 0.000000 0.953770
vn 0.300230 -0.001248 0.953866
vn 0.300534 0.000000 0.953771
vn 0.311933 0.051762 0.948693
vn 0.289128 0.171880 0.941734
vn 0.234352 0.285153 0.929390
vn 0.149921 0.387814 0.909464
s 1
g door_1_:pCube1
usemtl lambert1SG
f 16/1/1 17/2/2 20/3/3 22/4/4
f 15/11/5 16/1/1 22/4/4 23/12/6
f 14/21/7 15/11/5 23/12/6 24/22/8
f 13/33/9 14/21/7 24/22/8 25/34/10
f 12/47/11 13/33/9 25/34/10 26/48/12
f 11/415/13 12/47/11 26/48/12 27/416/14
f 10/419/15 11/415/13 27/416/14 28/420/16
f 9/425/17 10/419/15 28/420/16 29/426/18
f 31/106/19 18/107/20 1/108/21 30/109/22
f 19/7/23 21/8/24 20/3/3 17/2/2
f 2/112/25 32/113/26 30/109/22 1/108/21
f 3/119/27 33/120/28 32/113/26 2/112/25
f 4/128/29 34/129/30 33/120/28 3/119/27
f 5/139/31 35/140/32 34/129/30 4/128/29
f 6/152/33 36/153/34 35/140/32 5/139/31
f 7/443/35 37/442/36 36/153/34 6/152/33
f 9/425/17 29/426/18 38/432/37 8/433/38
f 8/433/38 38/432/37 37/442/36 7/443/35
f 63/314/39 62/319/40 65/797/41 64/315/42
f 62/798/40 61/327/43 66/328/44 65/320/41
f 93/213/45 92/220/46 95/787/47 94/217/48
f 92/789/46 91/228/49 96/231/50 95/223/47
f 39/313/51 63/314/39 64/315/42 40/316/52
f 63/314/39 39/313/51 41/317/53 69/318/54
f 69/318/54 41/317/53 42/324/55 72/325/56
f 72/325/56 42/324/55 43/333/57 75/334/58
f 75/334/58 43/333/57 44/344/59 78/345/60
f 78/345/60 44/344/59 45/357/61 81/358/62
f 81/358/62 45/357/61 46/370/63 84/371/64
f 84/371/64 46/370/63 47/490/65 87/491/66
f 87/491/66 47/490/65 48/493/67 90/494/68
f 49/214/69 93/213/45 94/217/48 51/218/70
f 93/213/45 49/214/69 50/212/71 58/211/72
f 51/218/70 94/217/48 97/224/73 52/225/74
f 52/225/74 97/224/73 100/233/75 53/234/76
f 53/234/76 100/233/75 103/244/77 54/245/78
f 54/245/78 103/244/77 106/256/79 55/257/80
f 55/257/80 106/256/79 109/268/81 56/269/82
f 56/269/82 109/268/81 112/499/83 57/498/84
f 90/494/68 48/493/67 57/498/84 112/499/83
f 61/327/43 62/798/40 68/796/85 67/336/86
f 62/319/40 63/314/39 69/318/54 68/326/85
f 67/336/86 68/796/85 71/795/87 70/347/88
f 68/326/85 69/318/54 72/325/56 71/335/87
f 70/347/88 71/795/87 74/794/89 73/360/90
f 71/335/87 72/325/56 75/334/58 74/346/89
f 73/360/90 74/794/89 77/793/91 76/373/92
f 74/346/89 75/334/58 78/345/60 77/359/91
f 76/373/92 77/793/91 80/792/93 79/395/94
f 77/359/91 78/345/60 81/358/62 80/372/93
f 79/395/94 80/792/93 83/791/95 82/403/96
f 80/372/93 81/358/62 84/371/64 83/384/95
f 82/403/96 83/791/95 86/790/97 85/501/98
f 83/384/95 84/371/64 87/491/66 86/495/97
f 85/501/98 86/790/97 89/780/99 88/506/100
f 86/495/97 87/491/66 90/494/68 89/500/99
f 58/211/72 59/788/101 92/220/46 93/213/45
f 59/216/101 60/222/102 91/228/49 92/789/46
f 94/217/48 95/787/47 98/786/103 97/224/73
f 95/223/47 96/231/50 99/242/104 98/232/103
f 97/224/73 98/786/103 101/785/105 100/233/75
f 98/232/103 99/242/104 102/254/106 101/243/105
f 100/233/75 101/785/105 104/784/107 103/244/77
f 101/243/105 102/254/106 105/266/108 104/255/107
f 103/244/77 104/784/107 107/783/109 106/256/79
f 104/255/107 105/266/108 108/289/110 107/267/109
f 106/256/79 107/783/109 110/782/111 109/268/81
f 107/267/109 108/289/110 111/298/112 110/279/111
f 109/268/81 110/782/111 113/781/113 112/499/83
f 110/279/111 111/298/112 114/511/114 113/505/113
f 88/506/100 89/780/99 113/505/113 114/511/114
f 89/500/99 90/494/68 112/499/83 113/781/113
f 120/424/115 119/430/116 122/779/117 121/431/118
f 119/770/116 118/439/119 123/449/120 122/438/117
f 129/9/121 128/18/122 131/776/123 130/10/124
f 128/778/122 127/29/125 132/30/126 131/19/123
f 153/133/127 152/123/128 155/767/129 154/143/130
f 152/769/128 151/114/131 156/121/132 155/131/129
f 28/420/16 120/424/115 121/431/118 29/426/18
f 20/3/3 129/9/121 130/10/124 22/4/4
f 129/9/121 20/3/3 21/8/24 115/17/133
f 22/4/4 130/10/124 133/20/134 23/12/6
f 23/12/6 133/20/134 136/32/135 24/22/8
f 24/22/8 136/32/135 139/46/136 25/34/10
f 25/34/10 139/46/136 142/62/137 26/48/12
f 26/48/12 142/62/137 145/418/138 27/416/14
f 27/416/14 145/418/138 120/424/115 28/420/16
f 29/426/18 121/431/118 148/441/139 38/432/37
f 151/114/131 30/109/22 32/113/26 156/121/132
f 30/109/22 151/114/131 126/115/140 31/106/19
f 156/121/132 32/113/26 33/120/28 159/130/141
f 159/130/141 33/120/28 34/129/30 162/141/142
f 162/141/142 34/129/30 35/140/32 165/154/143
f 165/154/143 35/140/32 36/153/34 168/167/144
f 168/167/144 36/153/34 37/442/36 171/453/145
f 171/453/145 37/442/36 38/432/37 148/441/139
f 121/431/118 122/779/117 149/761/146 148/441/139
f 122/438/117 123/449/120 150/459/147 149/450/146
f 115/17/133 116/777/148 128/18/122 129/9/121
f 116/28/148 117/41/149 127/29/125 128/778/122
f 130/10/124 131/776/123 134/775/150 133/20/134
f 131/19/123 132/30/126 135/44/151 134/31/150
f 133/20/134 134/775/150 137/774/152 136/32/135
f 134/31/150 135/44/151 138/60/153 137/45/152
f 136/32/135 137/774/152 140/773/154 139/46/136
f 137/45/152 138/60/153 141/73/155 140/61/154
f 139/46/136 140/773/154 143/772/156 142/62/137
f 140/61/154 141/73/155 144/93/157 143/74/156
f 142/62/137 143/772/156 146/771/158 145/418/138
f 143/74/156 144/93/157 147/440/159 146/423/158
f 118/439/119 119/770/116 146/423/158 147/440/159
f 119/430/116 120/424/115 145/418/138 146/771/158
f 124/132/160 125/768/161 152/123/128 153/133/127
f 125/122/161 126/115/140 151/114/131 152/769/128
f 154/143/130 155/767/129 158/766/162 157/156/163
f 155/131/129 156/121/132 159/130/141 158/142/162
f 157/156/163 158/766/162 161/765/164 160/169/165
f 158/142/162 159/130/141 162/141/142 161/155/164
f 160/169/165 161/765/164 164/764/166 163/180/167
f 161/155/164 162/141/142 165/154/143 164/168/166
f 163/180/167 164/764/166 167/763/168 166/197/169
f 164/168/166 165/154/143 168/167/144 167/179/168
f 166/197/169 167/763/168 170/762/170 169/470/171
f 167/179/168 168/167/144 171/453/145 170/460/170
f 148/441/139 149/761/146 170/460/170 171/453/145
f 149/450/146 150/459/147 169/470/171 170/762/170
f 118/439/119 198/452/172 201/458/173 123/449/120
f 127/29/125 174/42/174 177/43/175 132/30/126
f 174/42/174 127/29/125 117/41/149 180/56/176
f 132/30/126 177/43/175 183/59/177 135/44/151
f 135/44/151 183/59/177 186/72/178 138/60/153
f 138/60/153 186/72/178 189/83/179 141/73/155
f 141/73/155 189/83/179 192/92/180 144/93/157
f 144/93/157 192/92/180 195/451/181 147/440/159
f 147/440/159 195/451/181 198/452/172 118/439/119
f 123/449/120 201/458/173 204/469/182 150/459/147
f 207/144/183 153/133/127 154/143/130 210/157/184
f 153/133/127 207/144/183 213/145/185 124/132/160
f 210/157/184 154/143/130 157/156/163 216/170/186
f 216/170/186 157/156/163 160/169/165 219/181/187
f 219/181/187 160/169/165 163/180/167 222/190/188
f 222/190/188 163/180/167 166/197/169 225/198/189
f 225/198/189 166/197/169 169/470/171 228/477/190
f 228/477/190 169/470/171 150/459/147 204/469/182
f 172/566/191 173/57/192 179/759/193 178/568/194
f 173/760/192 174/42/174 180/56/176 179/70/193
f 174/42/174 173/760/192 176/758/195 177/43/175
f 173/57/192 172/566/191 175/564/196 176/58/195
f 177/43/175 176/758/195 182/757/197 183/59/177
f 176/58/195 175/564/196 181/562/198 182/71/197
f 183/59/177 182/757/197 185/756/199 186/72/178
f 182/71/197 181/562/198 184/560/200 185/82/199
f 186/72/178 185/756/199 188/755/201 189/83/179
f 185/82/199 184/560/200 187/558/202 188/91/201
f 189/83/179 188/755/201 191/754/203 192/92/180
f 188/91/201 187/558/202 190/556/204 191/99/203
f 192/92/180 191/754/203 194/753/205 195/451/181
f 191/99/203 190/556/204 193/554/206 194/461/205
f 195/451/181 194/753/205 197/752/207 198/452/172
f 194/461/205 193/554/206 196/552/208 197/462/207
f 198/452/172 197/752/207 200/751/209 201/458/173
f 197/462/207 196/552/208 199/550/210 200/468/209
f 201/458/173 200/751/209 203/742/211 204/469/182
f 200/468/209 199/550/210 202/548/212 203/476/211
f 205/534/213 206/158/214 209/750/215 208/536/216
f 206/748/214 207/144/183 210/157/184 209/171/215
f 208/536/216 209/750/215 215/747/217 214/538/218
f 209/171/215 210/157/184 216/170/186 215/182/217
f 207/144/183 206/748/214 212/159/219 213/145/185
f 206/158/214 205/534/213 211/533/220 212/749/219
f 214/538/218 215/747/217 218/746/221 217/540/222
f 215/182/217 216/170/186 219/181/187 218/191/221
f 217/540/222 218/746/221 221/745/223 220/542/224
f 218/191/221 219/181/187 222/190/188 221/199/223
f 220/542/224 221/745/223 224/744/225 223/544/226
f 221/199/223 222/190/188 225/198/189 224/204/225
f 223/544/226 224/744/225 227/743/227 226/546/228
f 224/204/225 225/198/189 228/477/190 227/483/227
f 204/469/182 203/742/211 227/483/227 228/477/190
f 203/476/211 202/548/212 226/546/228 227/743/227
f 61/327/43 229/337/229 232/338/230 66/328/44
f 229/337/229 61/327/43 67/336/86 235/348/231
f 235/348/231 67/336/86 70/347/88 238/361/232
f 238/361/232 70/347/88 73/360/90 241/374/233
f 241/374/233 73/360/90 76/373/92 244/385/234
f 244/385/234 76/373/92 79/395/94 247/396/235
f 247/396/235 79/395/94 82/403/96 250/404/236
f 250/404/236 82/403/96 85/501/98 253/507/237
f 253/507/237 85/501/98 88/506/100 256/512/238
f 91/228/49 262/238/239 265/241/240 96/231/50
f 262/238/239 91/228/49 60/222/102 268/230/241
f 96/231/50 265/241/240 271/253/242 99/242/104
f 99/242/104 271/253/242 274/265/243 102/254/106
f 102/254/106 274/265/243 277/278/244 105/266/108
f 105/266/108 277/278/244 280/288/245 108/289/110
f 108/289/110 280/288/245 283/297/246 111/298/112
f 111/298/112 283/297/246 259/518/247 114/511/114
f 256/512/238 88/506/100 114/511/114 259/518/247
f 231/569/248 172/566/191 178/568/194 234/570/249
f 172/566/191 231/569/248 237/567/250 175/564/196
f 175/564/196 237/567/250 240/565/251 181/562/198
f 181/562/198 240/565/251 243/563/252 184/560/200
f 184/560/200 243/563/252 246/561/253 187/558/202
f 187/558/202 246/561/253 249/559/254 190/556/204
f 190/556/204 249/559/254 252/557/255 193/554/206
f 196/552/208 255/555/256 258/553/257 199/550/210
f 193/554/206 252/557/255 255/555/256 196/552/208
f 264/537/258 270/535/259 211/533/220 205/534/213
f 205/534/213 208/536/216 267/539/260 264/537/258
f 208/536/216 214/538/218 273/541/261 267/539/260
f 214/538/218 217/540/222 276/543/262 273/541/261
f 217/540/222 220/542/224 279/545/263 276/543/262
f 220/542/224 223/544/226 282/547/264 279/545/263
f 223/544/226 226/546/228 285/549/265 282/547/264
f 202/548/212 199/550/210 258/553/257 261/551/266
f 226/546/228 202/548/212 261/551/266 285/549/265
f 229/337/229 230/349/267 233/741/268 232/338/230
f 230/740/267 231/569/248 234/570/249 233/350/268
f 231/569/248 230/740/267 236/739/269 237/567/250
f 230/349/267 229/337/229 235/348/231 236/362/269
f 237/567/250 236/739/269 239/738/270 240/565/251
f 236/362/269 235/348/231 238/361/232 239/375/270
f 240/565/251 239/738/270 242/737/271 243/563/252
f 239/375/270 238/361/232 241/374/233 242/386/271
f 243/563/252 242/737/271 245/736/272 246/561/253
f 242/386/271 241/374/233 244/385/234 245/397/272
f 246/561/253 245/736/272 248/735/273 249/559/254
f 245/397/272 244/385/234 247/396/235 248/405/273
f 249/559/254 248/735/273 251/734/274 252/557/255
f 248/405/273 247/396/235 250/404/236 251/513/274
f 252/557/255 251/734/274 254/733/275 255/555/256
f 251/513/274 250/404/236 253/507/237 254/514/275
f 255/555/256 254/733/275 257/732/276 258/553/257
f 254/514/275 253/507/237 256/512/238 257/519/276
f 258/553/257 257/732/276 260/723/277 261/551/266
f 257/519/276 256/512/238 259/518/247 260/523/277
f 262/238/239 263/250/278 266/731/279 265/241/240
f 263/729/278 264/537/258 267/539/260 266/252/279
f 265/241/240 266/731/279 272/728/280 271/253/242
f 266/252/279 267/539/260 273/541/261 272/264/280
f 264/537/258 263/729/278 269/240/281 270/535/259
f 263/250/278 262/238/239 268/230/241 269/730/281
f 271/253/242 272/728/280 275/727/282 274/265/243
f 272/264/280 273/541/261 276/543/262 275/277/282
f 274/265/243 275/727/282 278/726/283 277/278/244
f 275/277/282 276/543/262 279/545/263 278/287/283
f 277/278/244 278/726/283 281/725/284 280/288/245
f 278/287/283 279/545/263 282/547/264 281/296/284
f 280/288/245 281/725/284 284/724/285 283/297/246
f 281/296/284 282/547/264 285/549/265 284/528/285
f 261/551/266 260/723/277 284/528/285 285/549/265
f 260/523/277 259/518/247 283/297/246 284/724/285
f 49/214/69 287/721/286 286/722/287 50/212/71
f 51/218/70 288/720/288 287/721/286 49/214/69
f 52/225/74 289/719/289 288/720/288 51/218/70
f 53/234/76 290/718/290 289/719/289 52/225/74
f 54/245/78 291/717/291 290/718/290 53/234/76
f 55/257/80 292/716/292 291/717/291 54/245/78
f 56/269/82 293/715/293 292/716/292 55/257/80
f 57/498/84 294/714/294 293/715/293 56/269/82
f 48/493/67 295/713/295 294/714/294 57/498/84
f 47/490/65 296/712/296 295/713/295 48/493/67
f 46/370/63 297/711/297 296/712/296 47/490/65
f 45/357/61 298/710/298 297/711/297 46/370/63
f 44/344/59 299/709/299 298/710/298 45/357/61
f 43/333/57 300/708/300 299/709/299 44/344/59
f 42/324/55 301/707/301 300/708/300 43/333/57
f 41/317/53 302/706/302 301/707/301 42/324/55
f 39/313/51 303/705/303 302/706/302 41/317/53
f 40/316/52 304/704/304 303/705/303 39/313/51
f 306/702/305 305/703/306 19/7/23 17/2/2
f 307/701/307 306/702/305 17/2/2 16/1/1
f 308/700/308 307/701/307 16/1/1 15/11/5
f 309/699/309 308/700/308 15/11/5 14/21/7
f 310/698/310 309/699/309 14/21/7 13/33/9
f 311/697/311 310/698/310 13/33/9 12/47/11
f 312/696/312 311/697/311 12/47/11 11/415/13
f 313/695/313 312/696/312 11/415/13 10/419/15
f 314/694/314 313/695/313 10/419/15 9/425/17
f 315/693/315 314/694/314 9/425/17 8/433/38
f 316/692/316 315/693/315 8/433/38 7/443/35
f 317/691/317 316/692/316 7/443/35 6/152/33
f 318/690/318 317/691/317 6/152/33 5/139/31
f 319/689/319 318/690/318 5/139/31 4/128/29
f 320/688/320 319/689/319 4/128/29 3/119/27
f 321/687/321 320/688/320 3/119/27 2/112/25
f 322/685/322 321/687/321 2/112/25 1/108/21
f 323/110/323 322/685/322 1/108/21 18/107/20
f 339/13/324 345/24/325 343/25/326 340/14/327
f 338/23/328 346/36/329 345/24/325 339/13/324
f 337/35/330 347/50/331 346/36/329 338/23/328
f 336/49/332 348/64/333 347/50/331 337/35/330
f 335/63/334 349/75/335 348/64/333 336/49/332
f 334/421/336 350/428/337 349/75/335 335/63/334
f 333/427/338 351/435/339 350/428/337 334/421/336
f 332/434/340 352/445/341 351/435/339 333/427/338
f 354/124/342 353/125/343 324/117/344 341/116/345
f 342/26/346 340/14/327 343/25/326 344/39/347
f 325/126/348 324/117/344 353/125/343 355/136/349
f 326/137/350 325/126/348 355/136/349 356/149/351
f 327/150/352 326/137/350 356/149/351 357/164/353
f 328/165/354 327/150/352 357/164/353 358/177/355
f 329/178/356 328/165/354 358/177/355 359/189/357
f 330/454/358 329/178/356 359/189/357 360/463/359
f 332/434/340 331/444/360 361/455/361 352/445/341
f 331/444/360 330/454/358 360/463/359 361/455/361
f 386/340/362 387/339/363 388/351/364 385/684/365
f 385/352/365 388/683/364 389/363/366 384/364/367
f 416/237/368 417/248/369 418/261/370 415/675/371
f 415/249/371 418/673/370 419/274/372 414/262/373
f 362/330/374 363/329/375 387/339/363 386/340/362
f 386/340/362 392/341/376 364/331/377 362/330/374
f 392/341/376 395/354/378 365/342/379 364/331/377
f 395/354/378 398/367/380 366/355/381 365/342/379
f 398/367/380 401/381/382 367/368/383 366/355/381
f 401/381/382 404/393/384 368/382/385 367/368/383
f 404/393/384 407/402/386 369/394/387 368/382/385
f 407/402/386 410/502/388 370/496/389 369/394/387
f 410/502/388 413/509/390 371/503/391 370/496/389
f 372/227/392 374/236/393 417/248/369 416/237/368
f 416/237/368 381/229/394 373/221/395 372/227/392
f 374/236/393 375/247/396 420/260/397 417/248/369
f 375/247/396 376/259/398 423/272/399 420/260/397
f 376/259/398 377/271/400 426/282/401 423/272/399
f 377/271/400 378/281/402 429/291/403 426/282/401
f 378/281/402 379/290/404 432/299/405 429/291/403
f 379/290/404 380/510/406 435/517/407 432/299/405
f 413/509/390 435/517/407 380/510/406 371/503/391
f 384/364/367 390/365/408 391/353/409 385/352/365
f 385/684/365 391/682/409 392/341/376 386/340/362
f 390/365/408 393/379/410 394/366/411 391/353/409
f 391/682/409 394/681/411 395/354/378 392/341/376
f 393/379/410 396/391/412 397/380/413 394/366/411
f 394/681/411 397/680/413 398/367/380 395/354/378
f 396/391/412 399/400/414 400/392/415 397/380/413
f 397/680/413 400/679/415 401/381/382 398/367/380
f 399/400/414 402/411/416 403/401/417 400/392/415
f 400/679/415 403/678/417 404/393/384 401/381/382
f 402/411/416 405/414/418 406/408/419 403/401/417
f 403/678/417 406/677/419 407/402/386 404/393/384
f 405/414/418 408/515/420 409/508/421 406/408/419
f 406/677/419 409/676/421 410/502/388 407/402/386
f 408/515/420 411/521/422 412/516/423 409/508/421
f 409/676/421 412/666/423 413/509/390 410/502/388
f 381/229/394 416/237/368 415/675/371 382/239/424
f 382/674/424 415/249/371 414/262/373 383/251/425
f 417/248/369 420/260/397 421/273/426 418/261/370
f 418/673/370 421/672/426 422/284/427 419/274/372
f 420/260/397 423/272/399 424/283/428 421/273/426
f 421/672/426 424/671/428 425/293/429 422/284/427
f 423/272/399 426/282/401 427/292/430 424/283/428
f 424/671/428 427/670/430 428/301/431 425/293/429
f 426/282/401 429/291/403 430/300/432 427/292/430
f 427/670/430 430/669/432 431/307/433 428/301/431
f 429/291/403 432/299/405 433/304/434 430/300/432
f 430/669/432 433/668/434 434/310/435 431/307/433
f 432/299/405 435/517/407 436/522/436 433/304/434
f 433/668/434 436/667/436 437/527/437 434/310/435
f 411/521/422 437/527/437 436/667/436 412/516/423
f 412/666/423 436/522/436 435/517/407 413/509/390
f 443/446/438 444/456/439 445/465/440 442/656/441
f 442/457/441 445/665/440 446/473/442 441/466/443
f 452/38/444 453/37/445 454/52/446 451/664/447
f 451/53/447 454/662/446 455/67/448 450/68/449
f 476/161/450 477/174/451 478/162/452 475/655/453
f 475/147/453 478/653/452 479/148/454 474/135/455
f 351/435/339 352/445/341 444/456/439 443/446/438
f 343/25/326 345/24/325 453/37/445 452/38/444
f 452/38/444 438/54/456 344/39/347 343/25/326
f 345/24/325 346/36/329 456/51/457 453/37/445
f 346/36/329 347/50/331 459/65/458 456/51/457
f 347/50/331 348/64/333 462/76/459 459/65/458
f 348/64/333 349/75/335 465/84/460 462/76/459
f 349/75/335 350/428/337 468/436/461 465/84/460
f 350/428/337 351/435/339 443/446/438 468/436/461
f 352/445/341 361/455/361 471/464/462 444/456/439
f 474/135/455 479/148/454 355/136/349 353/125/343
f 353/125/343 354/124/342 449/134/463 474/135/455
f 479/148/454 482/163/464 356/149/351 355/136/349
f 482/163/464 485/176/465 357/164/353 356/149/351
f 485/176/465 488/188/466 358/177/355 357/164/353
f 488/188/466 491/196/467 359/189/357 358/177/355
f 491/196/467 494/471/468 360/463/359 359/189/357
f 494/471/468 471/464/462 361/455/361 360/463/359
f 444/456/439 471/464/462 472/472/469 445/465/440
f 445/665/440 472/647/469 473/479/470 446/473/442
f 438/54/456 452/38/444 451/664/447 439/69/471
f 439/663/471 451/53/447 450/68/449 440/81/472
f 453/37/445 456/51/457 457/66/473 454/52/446
f 454/662/446 457/661/473 458/78/474 455/67/448
f 456/51/457 459/65/458 460/77/475 457/66/473
f 457/661/473 460/660/475 461/86/476 458/78/474
f 459/65/458 462/76/459 463/85/477 460/77/475
f 460/660/475 463/659/477 464/95/478 461/86/476
f 462/76/459 465/84/460 466/94/479 463/85/477
f 463/659/477 466/658/479 467/102/480 464/95/478
f 465/84/460 468/436/461 469/447/481 466/94/479
f 466/658/479 469/657/481 470/467/482 467/102/480
f 441/466/443 470/467/482 469/657/481 442/457/441
f 442/656/441 469/447/481 468/436/461 443/446/438
f 447/160/483 476/161/450 475/655/453 448/146/484
f 448/654/484 475/147/453 474/135/455 449/134/463
f 477/174/451 480/186/485 481/175/486 478/162/452
f 478/653/452 481/652/486 482/163/464 479/148/454
f 480/186/485 483/194/487 484/187/488 481/175/486
f 481/652/486 484/651/488 485/176/465 482/163/464
f 483/194/487 486/202/489 487/195/490 484/187/488
f 484/651/488 487/650/490 488/188/466 485/176/465
f 486/202/489 489/209/491 490/203/492 487/195/490
f 487/650/490 490/649/492 491/196/467 488/188/466
f 489/209/491 492/484/493 493/478/494 490/203/492
f 490/649/492 493/648/494 494/471/468 491/196/467
f 471/464/462 494/471/468 493/648/494 472/472/469
f 472/647/469 493/478/494 492/484/493 473/479/470
f 441/466/443 446/473/442 524/480/495 521/474/496
f 450/68/449 455/67/448 500/79/497 497/80/498
f 497/80/498 503/90/499 440/81/472 450/68/449
f 455/67/448 458/78/474 506/87/500 500/79/497
f 458/78/474 461/86/476 509/96/501 506/87/500
f 461/86/476 464/95/478 512/100/502 509/96/501
f 464/95/478 467/102/480 515/103/503 512/100/502
f 467/102/480 470/467/482 518/475/504 515/103/503
f 470/467/482 441/466/443 521/474/496 518/475/504
f 446/473/442 473/479/470 527/485/505 524/480/495
f 530/173/506 533/185/507 477/174/451 476/161/450
f 476/161/450 447/160/483 536/172/508 530/173/506
f 533/185/507 539/193/509 480/186/485 477/174/451
f 539/193/509 542/201/510 483/194/487 480/186/485
f 542/201/510 545/206/511 486/202/489 483/194/487
f 545/206/511 548/208/512 489/209/491 486/202/489
f 548/208/512 551/487/513 492/484/493 489/209/491
f 551/487/513 527/485/505 473/479/470 492/484/493
f 495/605/514 501/607/515 502/98/516 496/646/517
f 496/89/517 502/645/516 503/90/499 497/80/498
f 497/80/498 500/79/497 499/88/518 496/89/517
f 496/646/517 499/644/518 498/603/519 495/605/514
f 500/79/497 506/87/500 505/97/520 499/88/518
f 499/644/518 505/643/520 504/601/521 498/603/519
f 506/87/500 509/96/501 508/101/522 505/97/520
f 505/643/520 508/642/522 507/599/523 504/601/521
f 509/96/501 512/100/502 511/104/524 508/101/522
f 508/642/522 511/641/524 510/597/525 507/599/523
f 512/100/502 515/103/503 514/105/526 511/104/524
f 511/641/524 514/640/526 513/595/527 510/597/525
f 515/103/503 518/475/504 517/482/528 514/105/526
f 514/640/526 517/639/528 516/593/529 513/595/527
f 518/475/504 521/474/496 520/481/530 517/482/528
f 517/639/528 520/638/530 519/591/531 516/593/529
f 521/474/496 524/480/495 523/486/532 520/481/530
f 520/638/530 523/637/532 522/589/533 519/591/531
f 524/480/495 527/485/505 526/488/534 523/486/532
f 523/637/532 526/628/534 525/587/535 522/589/533
f 528/573/536 531/575/537 532/192/538 529/634/539
f 529/184/539 532/636/538 533/185/507 530/173/506
f 531/575/537 537/577/540 538/200/541 532/192/538
f 532/636/538 538/633/541 539/193/509 533/185/507
f 530/173/506 536/172/508 535/635/542 529/184/539
f 529/634/539 535/183/542 534/571/543 528/573/536
f 537/577/540 540/579/544 541/205/545 538/200/541
f 538/633/541 541/632/545 542/201/510 539/193/509
f 540/579/544 543/581/546 544/207/547 541/205/545
f 541/632/545 544/631/547 545/206/511 542/201/510
f 543/581/546 546/583/548 547/210/549 544/207/547
f 544/631/547 547/630/549 548/208/512 545/206/511
f 546/583/548 549/585/550 550/489/551 547/210/549
f 547/630/549 550/629/551 551/487/513 548/208/512
f 527/485/505 551/487/513 550/629/551 526/488/534
f 526/628/534 550/489/551 549/585/550 525/587/535
f 384/364/367 389/363/366 555/376/552 552/377/553
f 552/377/553 558/378/554 390/365/408 384/364/367
f 558/378/554 561/390/555 393/379/410 390/365/408
f 561/390/555 564/399/556 396/391/412 393/379/410
f 564/399/556 567/407/557 399/400/414 396/391/412
f 567/407/557 570/410/558 402/411/416 399/400/414
f 570/410/558 573/413/559 405/414/418 402/411/416
f 573/413/559 576/520/560 408/515/420 405/414/418
f 576/520/560 579/526/561 411/521/422 408/515/420
f 414/262/373 419/274/372 588/285/562 585/275/563
f 585/275/563 591/263/564 383/251/425 414/262/373
f 419/274/372 422/284/427 594/294/565 588/285/562
f 422/284/427 425/293/429 597/302/566 594/294/565
f 425/293/429 428/301/431 600/305/567 597/302/566
f 428/301/431 431/307/433 603/308/568 600/305/567
f 431/307/433 434/310/435 606/311/569 603/308/568
f 434/310/435 437/527/437 582/530/570 606/311/569
f 579/526/561 582/530/570 437/527/437 411/521/422
f 554/606/571 557/608/572 501/607/515 495/605/514
f 495/605/514 498/603/519 560/604/573 554/606/571
f 498/603/519 504/601/521 563/602/574 560/604/573
f 504/601/521 507/599/523 566/600/575 563/602/574
f 507/599/523 510/597/525 569/598/576 566/600/575
f 510/597/525 513/595/527 572/596/577 569/598/576
f 513/595/527 516/593/529 575/594/578 572/596/577
f 519/591/531 522/589/533 581/590/579 578/592/580
f 516/593/529 519/591/531 578/592/580 575/594/578
f 587/574/581 528/573/536 534/571/543 593/572/582
f 528/573/536 587/574/581 590/576/583 531/575/537
f 531/575/537 590/576/583 596/578/584 537/577/540
f 537/577/540 596/578/584 599/580/585 540/579/544
f 540/579/544 599/580/585 602/582/586 543/581/546
f 543/581/546 602/582/586 605/584/587 546/583/548
f 546/583/548 605/584/587 608/586/588 549/585/550
f 525/587/535 584/588/589 581/590/579 522/589/533
f 549/585/550 608/586/588 584/588/589 525/587/535
f 552/377/553 555/376/552 556/387/590 553/626/591
f 553/388/591 556/627/590 557/608/572 554/606/571
f 554/606/571 560/604/573 559/389/592 553/388/591
f 553/626/591 559/625/592 558/378/554 552/377/553
f 560/604/573 563/602/574 562/398/593 559/389/592
f 559/625/592 562/624/593 561/390/555 558/378/554
f 563/602/574 566/600/575 565/406/594 562/398/593
f 562/624/593 565/623/594 564/399/556 561/390/555
f 566/600/575 569/598/576 568/409/595 565/406/594
f 565/623/594 568/622/595 567/407/557 564/399/556
f 569/598/576 572/596/577 571/412/596 568/409/595
f 568/622/595 571/621/596 570/410/558 567/407/557
f 572/596/577 575/594/578 574/524/597 571/412/596
f 571/621/596 574/620/597 573/413/559 570/410/558
f 575/594/578 578/592/580 577/525/598 574/524/597
f 574/620/597 577/619/598 576/520/560 573/413/559
f 578/592/580 581/590/579 580/529/599 577/525/598
f 577/619/598 580/618/599 579/526/561 576/520/560
f 581/590/579 584/588/589 583/531/600 580/529/599
f 580/618/599 583/609/600 582/530/570 579/526/561
f 585/275/563 588/285/562 589/295/601 586/615/602
f 586/286/602 589/617/601 590/576/583 587/574/581
f 588/285/562 594/294/565 595/303/603 589/295/601
f 589/617/601 595/614/603 596/578/584 590/576/583
f 587/574/581 593/572/582 592/616/604 586/286/602
f 586/615/602 592/276/604 591/263/564 585/275/563
f 594/294/565 597/302/566 598/306/605 595/303/603
f 595/614/603 598/613/605 599/580/585 596/578/584
f 597/302/566 600/305/567 601/309/606 598/306/605
f 598/613/605 601/612/606 602/582/586 599/580/585
f 600/305/567 603/308/568 604/312/607 601/309/606
f 601/612/606 604/611/607 605/584/587 602/582/586
f 603/308/568 606/311/569 607/532/608 604/312/607
f 604/611/607 607/610/608 608/586/588 605/584/587
f 584/588/589 608/586/588 607/610/608 583/531/600
f 583/609/600 607/532/608 606/311/569 582/530/570
f 372/227/392 373/221/395 286/215/287 287/219/286
f 374/236/393 372/227/392 287/219/286 288/226/288
f 375/247/396 374/236/393 288/226/288 289/235/289
f 376/259/398 375/247/396 289/235/289 290/246/290
f 377/271/400 376/259/398 290/246/290 291/258/291
f 378/281/402 377/271/400 291/258/291 292/270/292
f 379/290/404 378/281/402 292/270/292 293/280/293
f 380/510/406 379/290/404 293/280/293 294/504/294
f 371/503/391 380/510/406 294/504/294 295/497/295
f 370/496/389 371/503/391 295/497/295 296/492/296
f 369/394/387 370/496/389 296/492/296 297/383/297
f 368/382/385 369/394/387 297/383/297 298/369/298
f 367/368/383 368/382/385 298/369/298 299/356/299
f 366/355/381 367/368/383 299/356/299 300/343/300
f 365/342/379 366/355/381 300/343/300 301/332/301
f 364/331/377 365/342/379 301/332/301 302/323/302
f 362/330/374 364/331/377 302/323/302 303/322/303
f 363/329/375 362/330/374 303/322/303 304/321/304
f 306/6/305 340/14/327 342/26/346 305/15/306
f 307/5/307 339/13/324 340/14/327 306/6/305
f 308/16/308 338/23/328 339/13/324 307/5/307
f 309/27/309 337/35/330 338/23/328 308/16/308
f 310/40/310 336/49/332 337/35/330 309/27/309
f 311/55/311 335/63/334 336/49/332 310/40/310
f 312/417/312 334/421/336 335/63/334 311/55/311
f 313/422/313 333/427/338 334/421/336 312/417/312
f 314/429/314 332/434/340 333/427/338 313/422/313
f 315/437/315 331/444/360 332/434/340 314/429/314
f 316/448/316 330/454/358 331/444/360 315/437/315
f 317/166/317 329/178/356 330/454/358 316/448/316
f 318/151/318 328/165/354 329/178/356 317/166/317
f 319/138/319 327/150/352 328/165/354 318/151/318
f 320/127/320 326/137/350 327/150/352 319/138/319
f 321/118/321 325/126/348 326/137/350 320/127/320
f 322/111/322 324/117/344 325/126/348 321/118/321
f 323/686/323 341/116/345 324/117/344 322/111/322
g default
v 2.101878 5.624977 -5.222459
v 2.183760 5.613039 -5.220960
v 2.217676 5.584219 -5.220339
v 2.210127 5.554331 -4.808029
v 2.175997 5.582524 -4.796984
v 2.094026 5.594202 -4.793652
v 2.201706 5.417094 -4.348146
v 2.167414 5.442645 -4.328250
v 2.085378 5.453228 -4.321250
v 2.193348 5.250881 -3.891653
v 2.158850 5.272336 -3.860505
v 2.076728 5.281223 -3.848846
v 2.183815 4.726752 -3.371015
v 2.149138 4.738397 -3.330121
v 2.066942 4.743222 -3.314426
v 2.179369 4.133756 -3.128233
v 2.144602 4.137539 -3.084075
v 2.062306 4.139106 -3.067033
v 2.179596 3.238700 -3.140627
v 2.144860 3.238573 -3.096482
v 2.062639 3.238521 -3.079441
v 2.179596 2.180383 -3.140627
v 2.144860 2.180383 -3.096482
v 2.062640 2.180383 -3.079441
v 2.179596 1.101849 -3.140627
v 2.144860 1.101849 -3.096482
v 2.062640 1.101849 -3.079441
v 2.179596 0.098724 -3.140627
v 2.144860 0.070005 -3.096482
v 2.062639 0.058109 -3.079441
v 2.217676 0.098724 -5.220339
v 1.687226 0.098724 -5.230051
v 1.763786 0.058109 -3.084914
v 1.682243 0.070005 -3.104952
v 1.649146 0.098724 -3.150340
v 1.649146 1.101955 -3.150340
v 1.682243 1.101880 -3.104952
v 1.763786 1.101849 -3.084914
v 1.649146 2.180548 -3.150340
v 1.682243 2.180431 -3.104952
v 1.763786 2.180383 -3.084914
v 1.649146 3.238700 -3.150340
v 1.682243 3.238573 -3.104952
v 1.763786 3.238521 -3.084914
v 1.648920 4.134043 -3.137970
v 1.682031 4.137626 -3.092555
v 1.763610 4.139110 -3.072502
v 1.653370 4.727117 -3.381004
v 1.686523 4.738524 -3.338670
v 1.768091 4.743248 -3.319898
v 1.662897 5.250906 -3.901366
v 1.696233 5.272360 -3.868975
v 1.777874 5.281247 -3.854318
v 1.671256 5.417105 -4.357859
v 1.704798 5.442656 -4.336716
v 1.786523 5.453239 -4.326722
v 1.679676 5.554331 -4.817742
v 1.713379 5.582524 -4.805455
v 1.795173 5.594202 -4.799124
v 1.803024 5.624977 -5.227931
v 1.721142 5.613039 -5.229430
v 1.687226 5.584219 -5.230051
v 2.095888 0.098724 -5.258179
v 2.095888 5.584219 -5.258179
v 1.814221 0.098724 -5.263337
v 1.814221 5.584219 -5.263337
v 2.157108 0.098724 -5.257058
v 2.157108 5.584219 -5.257058
v 1.751050 0.098724 -5.264493
v 1.751050 5.584219 -5.264493
v 1.934960 0.058109 -3.081779
v 1.934961 1.101849 -3.081779
v 1.934961 2.180383 -3.081779
v 1.934960 3.238521 -3.081779
v 1.934706 4.139108 -3.069369
v 1.939265 4.743235 -3.316763
v 1.949049 5.281235 -3.851183
v 1.957699 5.453234 -4.323588
v 1.966348 5.594202 -4.795990
v 1.974199 5.624977 -5.224797
v 1.976803 5.584219 -5.260360
v 1.976803 0.098724 -5.260360
vt 0.538843 0.010102
vt 0.539315 0.019279
vt 0.471652 0.018786
vt 0.471545 0.009604
vt 0.598646 0.010548
vt 0.599573 0.019728
vt 0.539210 0.033581
vt 0.471545 0.033080
vt 0.370784 0.018022
vt 0.370858 0.008850
vt 0.537567 0.006293
vt 0.471149 0.005798
vt 0.599467 0.034031
vt 0.596271 0.006731
vt 0.539068 0.052757
vt 0.471403 0.052247
vt 0.370677 0.032325
vt 0.252269 0.017138
vt 0.252337 0.007966
vt 0.370900 0.005050
vt 0.599326 0.053206
vt 0.471168 0.061422
vt 0.538471 0.061925
vt 0.370534 0.051500
vt 0.252162 0.031441
vt 0.131469 0.016238
vt 0.131538 0.007065
vt 0.252365 0.004166
vt 0.598262 0.062371
vt 0.370471 0.060673
vt 0.470739 0.065220
vt 0.537165 0.065715
vt 0.252019 0.050616
vt 0.131363 0.030540
vt 0.014567 0.015366
vt 0.015968 0.006203
vt 0.131566 0.003266
vt 0.595831 0.066153
vt 0.251956 0.059789
vt 0.370457 0.064472
vt 0.131220 0.049716
vt 0.014461 0.029669
vt 0.019213 0.002428
vt 0.131155 0.058888
vt 0.251941 0.063589
vt 0.014318 0.048844
vt 0.015581 0.058027
vt 0.131135 0.062688
vt 0.018770 0.061850
vt 0.625837 0.438752
vt 0.011444 0.434171
vt 0.011495 0.427313
vt 0.625889 0.431894
vt 0.011547 0.420455
vt 0.625940 0.425036
vt 0.629094 0.434977
vt 0.011646 0.407115
vt 0.626039 0.411696
vt 0.630499 0.425814
vt 0.011782 0.388902
vt 0.626175 0.393484
vt 0.630606 0.411512
vt 0.011835 0.381826
vt 0.626228 0.386407
vt 0.630749 0.392336
vt 0.011887 0.374749
vt 0.626280 0.379330
vt 0.629480 0.383154
vt 0.057644 0.340252
vt 0.057613 0.344332
vt 0.043907 0.344229
vt 0.044092 0.340151
vt 0.057566 0.350694
vt 0.043860 0.350591
vt 0.028808 0.344117
vt 0.029110 0.340039
vt 0.057657 0.338562
vt 0.044478 0.338464
vt 0.057502 0.359223
vt 0.043796 0.359120
vt 0.028761 0.350479
vt 0.013709 0.344004
vt 0.014160 0.339928
vt 0.029779 0.338354
vt 0.043920 0.363202
vt 0.057472 0.363303
vt 0.028697 0.359008
vt 0.013661 0.350366
vt 0.015188 0.338245
vt 0.028938 0.363090
vt 0.044281 0.364894
vt 0.057459 0.364992
vt 0.013598 0.358895
vt 0.013988 0.362978
vt 0.029581 0.364785
vt 0.014991 0.364676
vt 0.014192 0.065662
vt 0.628585 0.070243
vt 0.625017 0.099847
vt 0.609399 0.132779
vt 0.590539 0.165444
vt 0.531555 0.202420
vt 0.465008 0.219371
vt 0.364765 0.217733
vt 0.246230 0.216849
vt 0.125431 0.215948
vt 0.013077 0.215111
vt 0.013043 0.219846
vt 0.627435 0.224427
vt 0.626321 0.373876
vt 0.513956 0.373038
vt 0.393150 0.372137
vt 0.274634 0.371254
vt 0.174346 0.371395
vt 0.108050 0.353435
vt 0.049663 0.315604
vt 0.031293 0.282662
vt 0.016169 0.249500
vn 0.646782 0.759751 0.066718
vn 0.646782 0.759751 0.066718
vn 0.646782 0.759751 0.066718
vn 0.646782 0.759751 0.066718
vn 0.143079 0.986974 0.073554
vn 0.143079 0.986974 0.073554
vn 0.143079 0.986974 0.073554
vn 0.143079 0.986974 0.073554
vn 0.999832 0.000000 0.018307
vn 0.999833 0.000000 0.018307
vn 0.999833 0.000000 0.018307
vn 0.999833 0.000000 0.018307
vn 0.999833 0.000000 0.018307
vn 0.999833 0.000000 0.018307
vn 0.999833 0.000000 0.018307
vn 0.999832 0.000000 0.018307
vn 0.999832 0.000000 0.018307
vn 0.999832 0.000000 0.018307
vn 0.999832 0.000000 0.018307
vn 0.662788 0.714127 0.225244
vn 0.662788 0.714127 0.225244
vn 0.662788 0.714127 0.225244
vn 0.662788 0.714127 0.225244
vn 0.146530 0.947161 0.285333
vn 0.146530 0.947161 0.285333
vn 0.146530 0.947161 0.285333
vn 0.146530 0.947161 0.285333
vn 0.670219 0.693346 0.264724
vn 0.670219 0.693346 0.264724
vn 0.670219 0.693346 0.264724
vn 0.670219 0.693346 0.264724
vn 0.148837 0.928306 0.340727
vn 0.148837 0.928306 0.340727
vn 0.148837 0.928306 0.340727
vn 0.148837 0.928306 0.340727
vn 0.734230 0.471680 0.488287
vn 0.734230 0.471680 0.488287
vn 0.734230 0.471680 0.488287
vn 0.734230 0.471680 0.488287
vn 0.174340 0.692352 0.700182
vn 0.174340 0.692352 0.700182
vn 0.174340 0.692352 0.700182
vn 0.174340 0.692352 0.700182
vn 0.773334 0.235244 0.588740
vn 0.773334 0.235244 0.588740
vn 0.773334 0.235244 0.588740
vn 0.773334 0.235244 0.588740
vn 0.195134 0.370399 0.908145
vn 0.195134 0.370399 0.908145
vn 0.195134 0.370399 0.908145
vn 0.195134 0.370399 0.908145
vn 0.785595 -0.008340 0.618685
vn 0.785595 -0.008340 0.618685
vn 0.785595 -0.008340 0.618685
vn 0.785595 -0.008340 0.618685
vn 0.202721 -0.013436 0.979144
vn 0.202721 -0.013436 0.979144
vn 0.202721 -0.013436 0.979144
vn 0.202721 -0.013436 0.979144
vn 0.785884 0.000000 0.618374
vn 0.785884 0.000000 0.618374
vn 0.785884 0.000000 0.618374
vn 0.785884 0.000000 0.618374
vn 0.202934 0.000000 0.979192
vn 0.202934 0.000000 0.979192
vn 0.202934 0.000000 0.979192
vn 0.202934 0.000000 0.979192
vn 0.785885 0.000000 0.618373
vn 0.785885 0.000000 0.618373
vn 0.785885 0.000000 0.618373
vn 0.785885 0.000000 0.618373
vn 0.202936 0.000000 0.979192
vn 0.202936 0.000000 0.979192
vn 0.202936 0.000000 0.979192
vn 0.202936 0.000000 0.979192
vn 0.785883 0.000000 0.618375
vn 0.785883 0.000000 0.618375
vn 0.785883 0.000000 0.618375
vn 0.785883 0.000000 0.618375
vn 0.202934 0.000000 0.979192
vn 0.202934 0.000000 0.979192
vn 0.202934 0.000000 0.979192
vn 0.202934 0.000000 0.979192
vn -0.807991 0.000000 0.589195
vn -0.807991 0.000000 0.589195
vn -0.807991 0.000000 0.589195
vn -0.807991 0.000000 0.589195
vn -0.238644 0.000000 0.971107
vn -0.238644 0.000000 0.971107
vn -0.238644 0.000000 0.971107
vn -0.238644 0.000000 0.971107
vn -0.001310 0.997435 0.071561
vn -0.001310 0.997435 0.071561
vn -0.001310 0.997435 0.071561
vn -0.001310 0.997435 0.071561
vn -0.005219 0.958260 0.285851
vn -0.005219 0.958260 0.285851
vn -0.005215 0.958259 0.285855
vn -0.005215 0.958259 0.285855
vn -0.006215 0.939676 0.342008
vn -0.006215 0.939676 0.342008
vn -0.006209 0.939675 0.342014
vn -0.006209 0.939674 0.342014
vn -0.012934 0.704803 0.709286
vn -0.012934 0.704803 0.709285
vn -0.012928 0.704802 0.709286
vn -0.012928 0.704802 0.709286
vn -0.016925 0.379014 0.925236
vn -0.016925 0.379014 0.925236
vn -0.016922 0.379017 0.925235
vn -0.016922 0.379017 0.925235
vn -0.018305 -0.013782 0.999737
vn -0.018305 -0.013782 0.999737
vn -0.018305 -0.013782 0.999737
vn -0.018305 -0.013782 0.999737
vn -0.018307 0.000000 0.999832
vn -0.018307 0.000000 0.999832
vn -0.018307 0.000000 0.999832
vn -0.018307 0.000000 0.999832
vn -0.018307 0.000000 0.999832
vn -0.018307 0.000000 0.999832
vn -0.018307 0.000000 0.999832
vn -0.018307 0.000000 0.999832
vn -0.018307 0.000000 0.999832
vn -0.018307 0.000000 0.999832
vn -0.018307 0.000000 0.999832
vn -0.018307 0.000000 0.999832
vn -0.999833 0.000000 -0.018307
vn -0.999833 0.000000 -0.018307
vn -0.999833 0.000000 -0.018307
vn -0.999833 0.000000 -0.018307
vn -0.999833 0.000000 -0.018307
vn -0.999832 0.000000 -0.018307
vn -0.999832 0.000000 -0.018307
vn -0.999833 0.000000 -0.018307
vn -0.999833 0.000000 -0.018307
vn -0.999833 0.000000 -0.018307
vn -0.999833 0.000000 -0.018307
vn -0.807993 0.000000 0.589193
vn -0.807993 0.000000 0.589193
vn -0.807993 0.000000 0.589193
vn -0.807993 0.000000 0.589193
vn -0.238644 0.000000 0.971107
vn -0.238644 0.000000 0.971107
vn -0.238644 0.000000 0.971107
vn -0.238644 0.000000 0.971107
vn -0.807993 0.000000 0.589193
vn -0.807993 0.000000 0.589193
vn -0.807993 0.000000 0.589193
vn -0.807993 0.000000 0.589193
vn -0.238644 0.000000 0.971107
vn -0.238644 0.000000 0.971107
vn -0.238644 0.000000 0.971107
vn -0.238644 0.000000 0.971107
vn -0.807836 -0.008332 0.589348
vn -0.807836 -0.008332 0.589348
vn -0.807836 -0.008332 0.589348
vn -0.807836 -0.008332 0.589348
vn -0.238542 -0.013438 0.971039
vn -0.238542 -0.013438 0.971039
vn -0.238542 -0.013438 0.971039
vn -0.238542 -0.013438 0.971039
vn -0.794520 0.235291 0.559800
vn -0.794520 0.235291 0.559800
vn -0.794520 0.235291 0.559800
vn -0.794520 0.235291 0.559800
vn -0.228360 0.370430 0.900352
vn -0.228360 0.370430 0.900352
vn -0.228360 0.370430 0.900352
vn -0.228360 0.370430 0.900352
vn -0.751472 0.471813 0.461174
vn -0.751472 0.471813 0.461174
vn -0.751472 0.471813 0.461174
vn -0.751472 0.471813 0.461174
vn -0.199758 0.692372 0.693338
vn -0.199758 0.692372 0.693338
vn -0.199758 0.692373 0.693338
vn -0.199758 0.692372 0.693338
vn -0.679439 0.693370 0.240001
vn -0.679439 0.693370 0.240001
vn -0.679439 0.693370 0.240001
vn -0.679439 0.693370 0.240001
vn -0.161194 0.928316 0.335031
vn -0.161194 0.928316 0.335031
vn -0.161194 0.928316 0.335031
vn -0.161194 0.928316 0.335031
vn -0.670592 0.714129 0.200813
vn -0.670592 0.714129 0.200813
vn -0.670592 0.714129 0.200813
vn -0.670592 0.714129 0.200813
vn -0.156878 0.947167 0.279756
vn -0.156878 0.947167 0.279756
vn -0.156878 0.947167 0.279756
vn -0.156878 0.947167 0.279756
vn -0.648788 0.759753 0.042996
vn -0.648788 0.759753 0.042996
vn -0.648788 0.759753 0.042996
vn -0.648788 0.759753 0.042996
vn -0.145676 0.986974 0.068268
vn -0.145676 0.986974 0.068268
vn -0.145676 0.986974 0.068268
vn -0.145676 0.986974 0.068268
vn 0.518423 0.000000 -0.855124
vn 0.518423 0.000000 -0.855124
vn 0.296717 0.000000 -0.954966
vn 0.296717 0.000000 -0.954966
vn 0.018307 0.000000 -0.999832
vn 0.018307 0.000000 -0.999832
vn 0.018307 0.000000 -0.999832
vn 0.018307 0.000000 -0.999832
vn -0.253536 0.000000 -0.967326
vn -0.253536 0.000000 -0.967326
vn 0.018307 0.000000 -0.999832
vn 0.018307 0.000000 -0.999832
vn -0.474908 0.000000 -0.880035
vn -0.474908 0.000000 -0.880035
vn 0.071411 0.699973 -0.710590
vn 0.071411 0.699973 -0.710590
vn 0.071411 0.699973 -0.710590
vn 0.071411 0.699973 -0.710590
vn -0.044349 0.697835 -0.714884
vn -0.044349 0.697835 -0.714884
vn -0.044349 0.697835 -0.714884
vn -0.044349 0.697835 -0.714884
vn 0.013787 0.657895 -0.752983
vn 0.013787 0.657892 -0.752986
vn 0.013787 0.657892 -0.752986
vn 0.013787 0.657895 -0.752983
vn 0.446170 0.509228 -0.735948
vn 0.446170 0.509228 -0.735948
vn 0.446170 0.509228 -0.735948
vn -0.411184 0.500350 -0.761957
vn -0.411184 0.500350 -0.761957
vn -0.411184 0.500350 -0.761957
vn -0.018307 0.000000 0.999832
vn -0.018307 0.000000 0.999832
vn -0.018307 0.000000 0.999832
vn -0.018307 0.000000 0.999832
vn -0.018307 0.000000 0.999832
vn -0.018307 0.000000 0.999832
vn -0.018305 -0.013782 0.999737
vn -0.018305 -0.013782 0.999737
vn -0.016918 0.379021 0.925234
vn -0.016918 0.379021 0.925234
vn -0.012920 0.704802 0.709287
vn -0.012920 0.704802 0.709287
vn -0.006202 0.939672 0.342020
vn -0.006202 0.939672 0.342020
vn -0.005211 0.958257 0.285861
vn -0.005211 0.958257 0.285861
vn -0.001310 0.997435 0.071561
vn -0.001310 0.997435 0.071561
vn 0.013787 0.657887 -0.752991
vn 0.013787 0.657887 -0.752991
s off
g polySurface1
usemtl lambert1SG
f 611/875/609 610/867/610 613/870/611 612/876/612
f 610/867/613 609/868/614 614/869/615 613/870/616
f 639/895/617 611/896/618 612/897/619 615/898/620 618/899/621 621/900/622 624/901/623 627/902/624 630/903/625 633/904/626 636/905/627
f 612/876/628 613/870/629 616/874/630 615/882/631
f 613/870/632 614/869/633 617/873/634 616/874/635
f 615/882/636 616/874/637 619/881/638 618/887/639
f 616/874/640 617/873/641 620/880/642 619/881/643
f 618/812/644 619/803/645 622/799/646 621/809/647
f 619/803/648 620/804/649 623/800/650 622/799/651
f 621/809/652 622/799/653 625/802/654 624/810/655
f 622/799/656 623/800/657 626/801/658 625/802/659
f 624/810/660 625/802/661 628/808/662 627/818/663
f 625/802/664 626/801/665 629/807/666 628/808/667
f 627/818/668 628/808/669 631/817/670 630/826/671
f 628/808/672 629/807/673 632/816/674 631/817/675
f 630/826/676 631/817/677 634/825/678 633/835/679
f 631/817/680 632/816/681 635/824/682 634/825/683
f 633/835/684 634/825/685 637/834/686 636/841/687
f 634/825/688 635/824/689 638/833/690 637/834/691
f 643/847/692 642/845/693 645/842/694 644/846/695
f 642/845/696 641/844/697 646/839/698 645/842/699
s 1
f 687/872/700 688/871/701 668/877/702 667/878/703
s 2
f 667/878/704 664/885/705 686/879/706 687/872/707
s 3
f 664/885/708 661/891/709 685/886/710 686/879/711
s 4
f 661/819/712 658/813/713 684/805/714 685/811/715
s 5
f 658/813/716 655/814/717 683/806/718 684/805/719
s 6
f 655/814/720 652/822/721 682/815/722 683/806/723
s 7
f 652/822/724 649/831/725 681/823/726 682/815/727
s 8
f 649/831/728 646/839/729 680/832/730 681/823/731
s 9
f 646/839/732 641/844/733 679/840/734 680/832/735
s off
f 670/906/736 640/907/737 643/908/738 644/909/739 647/910/740 650/911/741 653/912/742 656/913/743 659/914/744 662/915/745 665/916/746
f 644/846/747 645/842/748 648/837/749 647/843/750
f 645/842/751 646/839/752 649/831/753 648/837/754
f 647/843/755 648/837/756 651/828/757 650/838/758
f 648/837/759 649/831/760 652/822/761 651/828/762
f 650/838/763 651/828/764 654/820/765 653/829/766
f 651/828/767 652/822/768 655/814/769 654/820/770
f 653/829/771 654/820/772 657/821/773 656/830/774
f 654/820/775 655/814/776 658/813/777 657/821/778
f 656/830/779 657/821/780 660/827/781 659/836/782
f 657/821/783 658/813/784 661/819/785 660/827/786
f 659/894/787 660/892/788 663/888/789 662/893/790
f 660/892/791 661/891/792 664/885/793 663/888/794
f 662/893/795 663/888/796 666/883/797 665/889/798
f 663/888/799 664/885/800 667/878/801 666/883/802
f 665/889/803 666/883/804 669/884/805 670/890/806
f 666/883/807 667/878/808 668/877/809 669/884/810
s 10
f 611/848/811 639/849/812 675/850/813 676/851/814
f 689/856/815 690/855/816 673/858/817 674/859/818
f 674/859/818 673/858/817 677/861/819 678/862/820
f 676/851/814 675/850/813 671/852/821 672/853/822
f 678/862/820 677/861/819 640/864/823 670/865/824
s off
f 609/857/825 610/854/826 676/851/827 672/853/828
f 669/866/829 668/863/830 674/859/831 678/862/832
s 12
f 668/863/833 688/860/834 689/856/835 674/859/836
s off
f 610/854/837 611/848/838 676/851/839
f 669/866/840 678/862/841 670/865/842
s 9
f 680/832/735 679/840/734 638/833/843 635/824/844
s 8
f 681/823/731 680/832/730 635/824/845 632/816/846
s 7
f 682/815/727 681/823/726 632/816/847 629/807/848
s 6
f 683/806/723 682/815/722 629/807/849 626/801/850
s 5
f 684/805/719 683/806/718 626/801/851 623/800/852
s 4
f 685/811/715 684/805/714 623/800/853 620/804/854
s 3
f 686/879/711 685/886/710 620/880/855 617/873/856
s 2
f 687/872/707 686/879/706 617/873/857 614/869/858
s 1
f 609/868/859 688/871/701 687/872/700 614/869/860
s 12
f 689/856/835 688/860/834 609/857/861 672/853/862
s 10
f 672/853/822 671/852/821 690/855/816 689/856/815
g default
v -3.004132 5.624977 -5.053794
v -3.077422 5.613039 -5.017249
v -3.107779 5.584219 -5.002112
v -2.923764 5.554331 -4.633066
v -2.888201 5.582524 -4.637763
v -2.812753 5.594202 -4.669981
v -2.718516 5.417094 -4.221440
v -2.679002 5.442645 -4.218212
v -2.601920 5.453228 -4.247150
v -2.514782 5.250881 -3.812847
v -2.470246 5.272336 -3.799548
v -2.391084 5.281223 -3.824314
v -2.282419 4.726752 -3.346840
v -2.233534 4.738397 -3.324819
v -2.152570 4.743222 -3.345972
v -2.174065 4.133756 -3.129534
v -2.123694 4.137539 -3.104604
v -2.042061 4.139106 -3.124584
v -2.179596 3.238700 -3.140627
v -2.129259 3.238573 -3.115695
v -2.047695 3.238521 -3.135645
v -2.179596 2.180383 -3.140627
v -2.129259 2.180383 -3.115695
v -2.047696 2.180383 -3.135645
v -2.179596 1.101849 -3.140627
v -2.129259 1.101849 -3.115695
v -2.047696 1.101849 -3.135645
v -2.179596 0.098724 -3.140627
v -2.129259 0.070005 -3.115695
v -2.047695 0.058109 -3.135645
v -3.107779 0.098724 -5.002112
v -2.632990 0.098724 -5.238854
v -1.780200 0.058109 -3.269024
v -1.715185 0.070005 -3.322163
v -1.704806 0.098724 -3.377369
v -1.704806 1.101955 -3.377369
v -1.715185 1.101880 -3.322163
v -1.780200 1.101849 -3.269024
v -1.704806 2.180548 -3.377369
v -1.715185 2.180431 -3.322163
v -1.780200 2.180383 -3.269024
v -1.704806 3.238700 -3.377369
v -1.715185 3.238573 -3.322163
v -1.780200 3.238521 -3.269024
v -1.699286 4.134043 -3.366297
v -1.709665 4.137626 -3.311061
v -1.774708 4.139110 -3.257893
v -1.807753 4.727117 -3.583830
v -1.819495 4.738524 -3.531357
v -1.885078 4.743248 -3.479350
v -2.039992 5.250906 -4.049589
v -2.056172 5.272360 -4.006016
v -2.123589 5.281247 -3.957694
v -2.243727 5.417105 -4.458182
v -2.264927 5.442656 -4.424677
v -2.334425 5.453239 -4.380530
v -2.448974 5.554331 -4.869808
v -2.474126 5.582524 -4.844231
v -2.545259 5.594202 -4.803360
v -2.736638 5.624977 -5.187173
v -2.663348 5.613039 -5.223717
v -2.632990 5.584219 -5.238854
v -3.014075 0.098724 -5.088621
v -3.014075 5.584219 -5.088621
v -2.761964 0.098724 -5.214330
v -2.761964 5.584219 -5.214330
v -3.068871 0.098724 -5.061299
v -3.068871 5.584219 -5.061299
v -2.705421 0.098724 -5.242524
v -2.705421 5.584219 -5.242524
v -1.933414 0.058109 -3.192629
v -1.933414 1.101849 -3.192628
v -1.933414 2.180383 -3.192628
v -1.933414 3.238521 -3.192629
v -1.927851 4.139108 -3.181533
v -2.038290 4.743235 -3.402955
v -2.276803 5.281235 -3.881298
v -2.487639 5.453234 -4.304134
v -2.698472 5.594202 -4.726965
v -2.889851 5.624977 -5.110777
v -2.907486 5.584219 -5.141770
v -2.907486 0.098724 -5.141770
vt 0.538456 0.061926
vt 0.471158 0.061420
vt 0.471402 0.052241
vt 0.539065 0.052757
vt 0.537124 0.065715
vt 0.470706 0.065220
vt 0.370471 0.060673
vt 0.370534 0.051500
vt 0.539173 0.038454
vt 0.471509 0.037947
vt 0.598259 0.062371
vt 0.599323 0.053206
vt 0.370457 0.064472
vt 0.595828 0.066153
vt 0.251951 0.059789
vt 0.252019 0.050617
vt 0.370641 0.037197
vt 0.599431 0.038904
vt 0.539318 0.019279
vt 0.471652 0.018780
vt 0.251922 0.063589
vt 0.131151 0.058888
vt 0.131220 0.049716
vt 0.252126 0.036314
vt 0.370784 0.018022
vt 0.599575 0.019728
vt 0.471555 0.009602
vt 0.538857 0.010102
vt 0.131123 0.062688
vt 0.015581 0.058027
vt 0.014318 0.048844
vt 0.131326 0.035413
vt 0.252269 0.017138
vt 0.370858 0.008850
vt 0.598648 0.010548
vt 0.471182 0.005798
vt 0.537608 0.006293
vt 0.018770 0.061850
vt 0.014424 0.034541
vt 0.131469 0.016238
vt 0.252342 0.007966
vt 0.370900 0.005050
vt 0.596274 0.006731
vt 0.014567 0.015366
vt 0.131541 0.007065
vt 0.252384 0.004167
vt 0.015968 0.006203
vt 0.131578 0.003266
vt 0.019213 0.002428
vt 0.626280 0.379330
vt 0.626229 0.386188
vt 0.011836 0.381607
vt 0.011887 0.374749
vt 0.629480 0.383154
vt 0.626178 0.393046
vt 0.011785 0.388465
vt 0.630749 0.392336
vt 0.626079 0.406386
vt 0.011686 0.401805
vt 0.630642 0.406639
vt 0.625943 0.424599
vt 0.011550 0.420018
vt 0.630499 0.425814
vt 0.625890 0.431676
vt 0.011497 0.427094
vt 0.629094 0.434977
vt 0.625837 0.438752
vt 0.011444 0.434171
vt 0.013739 0.339924
vt 0.027290 0.340026
vt 0.027415 0.344107
vt 0.013709 0.344004
vt 0.013752 0.338234
vt 0.026930 0.338333
vt 0.042273 0.340137
vt 0.042514 0.344219
vt 0.027367 0.350468
vt 0.013661 0.350366
vt 0.041630 0.338442
vt 0.057223 0.340249
vt 0.057614 0.344332
vt 0.042466 0.350581
vt 0.027304 0.358997
vt 0.013598 0.358895
vt 0.056221 0.338551
vt 0.057566 0.350693
vt 0.042403 0.359110
vt 0.027119 0.363076
vt 0.013567 0.362975
vt 0.057503 0.359223
vt 0.042101 0.363188
vt 0.026733 0.364763
vt 0.013554 0.364665
vt 0.057051 0.363299
vt 0.041432 0.364873
vt 0.056023 0.364982
vt 0.627436 0.224426
vt 0.626321 0.373875
vt 0.513968 0.373038
vt 0.393169 0.372137
vt 0.274634 0.371253
vt 0.174378 0.371396
vt 0.108091 0.353454
vt 0.049665 0.315603
vt 0.031294 0.282661
vt 0.016169 0.249499
vt 0.013042 0.219845
vt 0.628585 0.070244
vt 0.625017 0.099848
vt 0.609401 0.132780
vt 0.590541 0.165445
vt 0.531596 0.202401
vt 0.465040 0.219370
vt 0.364765 0.217734
vt 0.246249 0.216850
vt 0.125443 0.215949
vt 0.013078 0.215112
vt 0.014192 0.065663
vn -0.555325 0.759756 0.338208
vn -0.555325 0.759756 0.338208
vn -0.555325 0.759756 0.338208
vn -0.555325 0.759756 0.338208
vn -0.097584 0.986974 0.127908
vn -0.097584 0.986974 0.127908
vn -0.097584 0.986974 0.127908
vn -0.097584 0.986974 0.127908
vn -0.894919 0.000000 0.446229
vn -0.894919 0.000000 0.446229
vn -0.894919 0.000000 0.446229
vn -0.894919 0.000000 0.446229
vn -0.894919 0.000000 0.446229
vn -0.894919 0.000000 0.446229
vn -0.894919 0.000000 0.446229
vn -0.894919 0.000000 0.446229
vn -0.894919 0.000000 0.446229
vn -0.894919 0.000000 0.446229
vn -0.894919 0.000000 0.446229
vn -0.501652 0.714128 0.488227
vn -0.501652 0.714129 0.488227
vn -0.501652 0.714128 0.488227
vn -0.501652 0.714129 0.488227
vn -0.009682 0.947160 0.320614
vn -0.009682 0.947160 0.320614
vn -0.009682 0.947160 0.320614
vn -0.009682 0.947160 0.320614
vn -0.491393 0.693347 0.527070
vn -0.491393 0.693348 0.527070
vn -0.491393 0.693348 0.527070
vn -0.491393 0.693348 0.527070
vn 0.012052 0.928308 0.371617
vn 0.012052 0.928308 0.371618
vn 0.012052 0.928308 0.371617
vn 0.012052 0.928308 0.371617
vn -0.453107 0.471684 0.756445
vn -0.453107 0.471684 0.756445
vn -0.453107 0.471684 0.756445
vn -0.453107 0.471684 0.756445
vn 0.143496 0.692351 0.707149
vn 0.143496 0.692351 0.707149
vn 0.143496 0.692351 0.707149
vn 0.143496 0.692351 0.707149
vn -0.445246 0.235245 0.863953
vn -0.445246 0.235245 0.863953
vn -0.445246 0.235245 0.863953
vn -0.445246 0.235245 0.863953
vn 0.214095 0.370400 0.903862
vn 0.214095 0.370400 0.903862
vn 0.214095 0.370400 0.903862
vn 0.214095 0.370400 0.903862
vn -0.443447 -0.008340 0.896262
vn -0.443447 -0.008340 0.896262
vn -0.443447 -0.008340 0.896262
vn -0.443447 -0.008340 0.896262
vn 0.237759 -0.013436 0.971231
vn 0.237759 -0.013436 0.971231
vn 0.237759 -0.013436 0.971231
vn 0.237759 -0.013436 0.971231
vn -0.443838 0.000000 0.896107
vn -0.443838 0.000000 0.896107
vn -0.443838 0.000000 0.896107
vn -0.443838 0.000000 0.896107
vn 0.237583 0.000001 0.971367
vn 0.237583 0.000001 0.971367
vn 0.237583 0.000001 0.971367
vn 0.237583 0.000001 0.971367
vn -0.443840 0.000000 0.896106
vn -0.443840 0.000000 0.896106
vn -0.443840 0.000000 0.896106
vn -0.443840 0.000000 0.896106
vn 0.237581 0.000000 0.971368
vn 0.237581 0.000000 0.971368
vn 0.237581 0.000000 0.971368
vn 0.237581 0.000000 0.971368
vn -0.443837 0.000000 0.896108
vn -0.443837 0.000000 0.896108
vn -0.443837 0.000000 0.896108
vn -0.443837 0.000000 0.896108
vn 0.237583 -0.000001 0.971367
vn 0.237583 -0.000001 0.971367
vn 0.237583 -0.000001 0.971367
vn 0.237583 -0.000001 0.971367
vn 0.982783 0.000000 0.184762
vn 0.982783 0.000000 0.184762
vn 0.982783 0.000000 0.184762
vn 0.982783 0.000000 0.184762
vn 0.632841 0.000000 0.774282
vn 0.632841 0.000000 0.774282
vn 0.632841 0.000000 0.774282
vn 0.632841 0.000000 0.774282
vn 0.031938 0.997435 0.064052
vn 0.031938 0.997435 0.064052
vn 0.031938 0.997435 0.064052
vn 0.031938 0.997435 0.064052
vn 0.127561 0.958260 0.255865
vn 0.127562 0.958258 0.255869
vn 0.127562 0.958258 0.255869
vn 0.127561 0.958259 0.255865
vn 0.152596 0.939677 0.306141
vn 0.152594 0.939675 0.306148
vn 0.152594 0.939675 0.306148
vn 0.152597 0.939677 0.306141
vn 0.316509 0.704803 0.634882
vn 0.316504 0.704803 0.634885
vn 0.316504 0.704803 0.634885
vn 0.316509 0.704803 0.634882
vn 0.412922 0.379013 0.828158
vn 0.412919 0.379016 0.828158
vn 0.412919 0.379016 0.828158
vn 0.412922 0.379013 0.828158
vn 0.446187 -0.013781 0.894834
vn 0.446187 -0.013781 0.894834
vn 0.446187 -0.013781 0.894834
vn 0.446187 -0.013781 0.894834
vn 0.446229 0.000000 0.894919
vn 0.446229 -0.000000 0.894919
vn 0.446229 -0.000000 0.894919
vn 0.446229 0.000000 0.894919
vn 0.446229 0.000000 0.894919
vn 0.446229 0.000000 0.894919
vn 0.446229 0.000000 0.894919
vn 0.446229 0.000000 0.894919
vn 0.446229 0.000000 0.894919
vn 0.446229 0.000000 0.894919
vn 0.446229 0.000000 0.894919
vn 0.446229 0.000000 0.894919
vn 0.894919 0.000000 -0.446229
vn 0.894919 0.000000 -0.446229
vn 0.894919 0.000000 -0.446229
vn 0.894919 0.000000 -0.446229
vn 0.894919 0.000000 -0.446229
vn 0.894919 0.000000 -0.446229
vn 0.894919 0.000000 -0.446229
vn 0.894919 0.000000 -0.446229
vn 0.894919 0.000000 -0.446229
vn 0.894919 0.000000 -0.446229
vn 0.894919 0.000000 -0.446229
vn 0.982783 0.000000 0.184762
vn 0.982783 0.000000 0.184762
vn 0.982783 0.000000 0.184762
vn 0.982783 0.000000 0.184762
vn 0.632841 0.000000 0.774282
vn 0.632841 0.000000 0.774282
vn 0.632841 0.000000 0.774282
vn 0.632841 0.000000 0.774282
vn 0.982783 0.000000 0.184761
vn 0.982783 0.000000 0.184761
vn 0.982783 0.000000 0.184761
vn 0.982783 0.000000 0.184761
vn 0.632841 0.000000 0.774282
vn 0.632841 0.000000 0.774282
vn 0.632841 0.000000 0.774282
vn 0.632841 0.000000 0.774282
vn 0.982709 -0.008332 0.184969
vn 0.982709 -0.008332 0.184969
vn 0.982709 -0.008332 0.184969
vn 0.982709 -0.008332 0.184969
vn 0.632717 -0.013437 0.774266
vn 0.632717 -0.013437 0.774267
vn 0.632717 -0.013437 0.774267
vn 0.632717 -0.013437 0.774266
vn 0.957985 0.235296 0.164014
vn 0.957985 0.235296 0.164014
vn 0.957985 0.235296 0.164014
vn 0.957985 0.235296 0.164014
vn 0.593147 0.370430 0.714814
vn 0.593147 0.370430 0.714814
vn 0.593147 0.370430 0.714814
vn 0.593147 0.370430 0.714814
vn 0.876730 0.471816 0.093457
vn 0.876730 0.471816 0.093457
vn 0.876730 0.471816 0.093457
vn 0.876730 0.471816 0.093457
vn 0.478352 0.692370 0.540188
vn 0.478352 0.692370 0.540188
vn 0.478352 0.692370 0.540188
vn 0.478352 0.692370 0.540188
vn 0.716640 0.693367 -0.075299
vn 0.716640 0.693367 -0.075299
vn 0.716640 0.693367 -0.075299
vn 0.716640 0.693367 -0.075299
vn 0.289529 0.928318 0.233237
vn 0.289529 0.928318 0.233237
vn 0.289529 0.928318 0.233237
vn 0.289529 0.928318 0.233237
vn 0.691803 0.714133 -0.106877
vn 0.691803 0.714133 -0.106877
vn 0.691803 0.714133 -0.106877
vn 0.691803 0.714133 -0.106877
vn 0.261882 0.947167 0.185182
vn 0.261882 0.947167 0.185182
vn 0.261882 0.947167 0.185182
vn 0.261882 0.947167 0.185182
vn 0.604290 0.759757 -0.240006
vn 0.604290 0.759757 -0.240006
vn 0.604290 0.759757 -0.240006
vn 0.604290 0.759757 -0.240006
vn 0.160878 0.986974 -0.000967
vn 0.160878 0.986974 -0.000967
vn 0.160878 0.986974 -0.000967
vn 0.160878 0.986974 -0.000967
vn -0.835611 0.000000 -0.549321
vn -0.678333 0.000000 -0.734754
vn -0.678333 0.000000 -0.734754
vn -0.835611 0.000000 -0.549321
vn -0.446229 0.000000 -0.894919
vn -0.446229 0.000000 -0.894919
vn -0.446229 0.000000 -0.894919
vn -0.446229 0.000000 -0.894919
vn -0.186801 0.000000 -0.982398
vn -0.186801 0.000000 -0.982398
vn -0.446229 0.000000 -0.894919
vn -0.446229 0.000000 -0.894919
vn 0.050599 0.000000 -0.998719
vn 0.050599 0.000000 -0.998719
vn -0.369869 0.699977 -0.610925
vn -0.369869 0.699977 -0.610925
vn -0.369869 0.699977 -0.610925
vn -0.369869 0.699977 -0.610925
vn -0.267191 0.697839 -0.664552
vn -0.267191 0.697839 -0.664552
vn -0.267191 0.697839 -0.664552
vn -0.267191 0.697839 -0.664552
vn -0.336058 0.657899 -0.673969
vn -0.336058 0.657899 -0.673969
vn -0.336058 0.657898 -0.673969
vn -0.336058 0.657898 -0.673969
vn -0.719167 0.509199 -0.472773
vn -0.719167 0.509199 -0.472773
vn -0.719167 0.509199 -0.472773
vn 0.043807 0.500336 -0.864723
vn 0.043807 0.500336 -0.864723
vn 0.043807 0.500336 -0.864723
vn 0.446229 0.000000 0.894919
vn 0.446229 0.000000 0.894919
vn 0.446229 0.000000 0.894919
vn 0.446229 0.000000 0.894919
vn 0.446229 -0.000000 0.894919
vn 0.446229 -0.000000 0.894919
vn 0.446187 -0.013781 0.894834
vn 0.446187 -0.013781 0.894834
vn 0.412915 0.379020 0.828158
vn 0.412915 0.379020 0.828158
vn 0.316496 0.704802 0.634889
vn 0.316496 0.704802 0.634889
vn 0.152590 0.939672 0.306157
vn 0.152590 0.939672 0.306157
vn 0.127563 0.958257 0.255875
vn 0.127563 0.958257 0.255875
vn 0.031938 0.997435 0.064052
vn 0.031938 0.997435 0.064052
vn -0.336058 0.657897 -0.673970
vn -0.336058 0.657897 -0.673970
s off
g polySurface2
usemtl lambert1SG
f 693/989/863 694/990/864 695/986/865 692/985/866
f 692/985/867 695/986/868 696/987/869 691/988/870
f 721/1013/871 718/1014/872 715/1015/873 712/1016/874 709/1017/875 706/1018/876 703/1019/877 700/1020/878 697/1021/879 694/1022/880 693/1023/881
f 694/990/882 697/995/883 698/991/884 695/986/885
f 695/986/886 698/991/887 699/992/888 696/987/889
f 697/995/890 700/1001/891 701/996/892 698/991/893
f 698/991/894 701/996/895 702/997/896 699/992/897
f 700/930/898 703/921/899 704/917/900 701/927/901
f 701/927/902 704/917/903 705/920/904 702/928/905
f 703/921/906 706/922/907 707/918/908 704/917/909
f 704/917/910 707/918/911 708/919/912 705/920/913
f 706/922/914 709/929/915 710/923/916 707/918/917
f 707/918/918 710/923/919 711/924/920 708/919/921
f 709/929/922 712/937/923 713/931/924 710/923/925
f 710/923/926 713/931/927 714/932/928 711/924/929
f 712/937/930 715/945/931 716/938/932 713/931/933
f 713/931/934 716/938/935 717/939/936 714/932/937
f 715/945/938 718/954/939 719/946/940 716/938/941
f 716/938/942 719/946/943 720/947/944 717/939/945
f 725/965/946 726/964/947 727/961/948 724/963/949
f 724/963/950 727/961/951 728/956/952 723/960/953
s 1
f 769/993/954 749/999/955 750/1000/956 770/994/957
s 2
f 749/999/958 769/993/959 768/998/960 746/1003/961
s 3
f 746/1003/962 768/998/963 767/1002/964 743/1006/965
s 4
f 743/942/966 767/934/967 766/925/968 740/935/969
s 5
f 740/935/970 766/925/971 765/926/972 737/936/973
s 6
f 737/936/974 765/926/975 764/933/976 734/941/977
s 7
f 734/941/978 764/933/979 763/940/980 731/949/981
s 8
f 731/949/982 763/940/983 762/948/984 728/956/985
s 9
f 728/956/986 762/948/987 761/955/988 723/960/989
s off
f 752/1024/990 747/1025/991 744/1026/992 741/1027/993 738/1028/994 735/1029/995 732/1030/996 729/1031/997 726/1032/998 725/1033/999 722/1034/1000
f 726/964/1001 729/962/1002 730/957/1003 727/961/1004
f 727/961/1005 730/957/1006 731/949/1007 728/956/1008
f 729/962/1009 732/958/1010 733/950/1011 730/957/1012
f 730/957/1013 733/950/1014 734/941/1015 731/949/1016
f 732/958/1017 735/952/1018 736/943/1019 733/950/1020
f 733/950/1021 736/943/1022 737/936/1023 734/941/1024
f 735/952/1025 738/953/1026 739/944/1027 736/943/1028
f 736/943/1029 739/944/1030 740/935/1031 737/936/1032
f 738/953/1033 741/959/1034 742/951/1035 739/944/1036
f 739/944/1037 742/951/1038 743/942/1039 740/935/1040
f 741/1012/1041 744/1011/1042 745/1007/1043 742/1010/1044
f 742/1010/1045 745/1007/1046 746/1003/1047 743/1006/1048
f 744/1011/1049 747/1008/1050 748/1004/1051 745/1007/1052
f 745/1007/1053 748/1004/1054 749/999/1055 746/1003/1056
f 747/1008/1057 752/1009/1058 751/1005/1059 748/1004/1060
f 748/1004/1061 751/1005/1062 750/1000/1063 749/999/1064
s 10
f 693/966/1065 758/967/1066 757/968/1067 721/969/1068
f 771/974/1069 756/977/1070 755/978/1071 772/975/1072
f 756/977/1070 760/980/1073 759/981/1074 755/978/1071
f 758/967/1066 754/971/1075 753/972/1076 757/968/1067
f 760/980/1073 752/983/1077 722/984/1078 759/981/1074
s off
f 691/973/1079 754/971/1080 758/967/1081 692/970/1082
f 751/982/1083 760/980/1084 756/977/1085 750/979/1086
s 12
f 750/979/1087 756/977/1088 771/974/1089 770/976/1090
s off
f 692/970/1091 758/967/1092 693/966/1093
f 751/982/1094 752/983/1095 760/980/1096
s 9
f 762/948/987 717/939/1097 720/947/1098 761/955/988
s 8
f 763/940/983 714/932/1099 717/939/1100 762/948/984
s 7
f 764/933/979 711/924/1101 714/932/1102 763/940/980
s 6
f 765/926/975 708/919/1103 711/924/1104 764/933/976
s 5
f 766/925/971 705/920/1105 708/919/1106 765/926/972
s 4
f 767/934/967 702/928/1107 705/920/1108 766/925/968
s 3
f 768/998/963 699/992/1109 702/997/1110 767/1002/964
s 2
f 769/993/959 696/987/1111 699/992/1112 768/998/960
s 1
f 691/988/1113 696/987/1114 769/993/954 770/994/957
s 12
f 771/974/1089 754/971/1115 691/973/1116 770/976/1090
s 10
f 754/971/1075 771/974/1069 772/975/1072 753/972/1076
g default
v -3.162830 2.077903 -5.455774
v -2.788875 2.055670 -4.720896
v -2.748979 3.668098 -4.642494
v -3.186799 3.648574 -5.502878
v -3.201165 4.654723 -4.942414
v -3.189436 4.671067 -4.943898
v -3.195685 4.688602 -4.954816
v -3.201785 4.675961 -4.965548
v -3.209353 4.658087 -4.957781
v -3.209327 4.614575 -4.948291
v -3.421704 3.623346 -5.365643
v -3.422345 3.641185 -5.377832
v -3.413775 3.648574 -5.387377
v -3.586612 2.912696 -5.700077
v -3.582657 2.928281 -5.681941
v -3.586612 2.943865 -5.700077
v -3.579721 2.951091 -5.711650
v -3.583684 2.928281 -5.719404
v -3.579721 2.905470 -5.711650
v -3.351282 2.904290 -5.826113
v -3.355435 2.928281 -5.834274
v -3.351282 2.952271 -5.826113
v -2.960958 4.666172 -5.059066
v -2.967268 4.683292 -5.071466
v -2.973578 4.666172 -5.083866
v -2.823870 2.912696 -4.201170
v -2.810456 2.905470 -4.199927
v -2.806652 2.927857 -4.191475
v -2.810477 2.949912 -4.198134
v -2.823592 2.943348 -4.200128
v -2.836202 2.928281 -4.215042
v -2.998193 3.642871 -4.533379
v -2.988716 3.660710 -4.525685
v -2.975956 3.668098 -4.526994
v -2.583458 2.904290 -4.317221
v -2.579305 2.928281 -4.309059
v -2.583458 2.952271 -4.317221
v -3.397735 2.103130 -5.318540
v -3.398375 2.085291 -5.330729
v -3.389806 2.077903 -5.340274
v -3.201165 1.201838 -4.942414
v -3.209327 1.241986 -4.948291
v -3.209272 1.201838 -4.958347
v -3.201170 1.185495 -4.966956
v -3.195314 1.169576 -4.955421
v -3.189436 1.185495 -4.943898
v -2.973578 1.190389 -5.083866
v -2.967268 1.173269 -5.071466
v -2.960958 1.190389 -5.059066
v -3.038089 2.080898 -4.611780
v -3.028611 2.063059 -4.604085
v -3.015852 2.055670 -4.605395
v -3.203542 4.676141 -4.950991
v -3.589303 2.928281 -5.709921
v -2.817420 2.928046 -4.192678
v -3.203426 1.181925 -4.951294
v -3.155784 2.928281 -4.975537
v -3.155905 4.255929 -4.975774
v -3.157051 4.266688 -4.974979
v -3.159989 4.271145 -4.973397
v -2.991964 3.500164 -4.640864
v -2.988733 3.498773 -4.643524
v -2.988217 3.495416 -4.646241
v -2.865684 2.928281 -4.395041
v -2.863722 2.928277 -4.398542
v -2.864932 2.928269 -4.403968
v -3.018302 2.221450 -4.692118
v -3.014818 2.222944 -4.694637
v -3.013979 2.226549 -4.696867
v -3.159989 1.554905 -4.973397
v -3.157051 1.559456 -4.974979
v -3.155906 1.570442 -4.975775
v -3.318776 2.237483 -5.282823
v -3.314723 2.238940 -5.284064
v -3.312379 2.242456 -5.283270
v -3.477349 2.928281 -5.597059
v -3.473359 2.928277 -5.596573
v -3.469672 2.928268 -5.592376
v -3.339828 3.513946 -5.324607
v -3.335807 3.512575 -5.325618
v -3.333305 3.509268 -5.324392
v -3.209219 4.284840 -4.948077
v -3.208187 4.275156 -4.948792
v -3.205543 4.271145 -4.950216
v -3.039095 3.504437 -4.613757
v -3.038629 3.501416 -4.616203
v -3.035722 3.500164 -4.618597
v -2.911914 2.928292 -4.363827
v -2.913003 2.928284 -4.368711
v -2.911238 2.928281 -4.371860
v -3.065564 2.216861 -4.665772
v -3.064808 2.220106 -4.667780
v -3.061672 2.221450 -4.670048
v -3.209219 1.540922 -4.948077
v -3.208187 1.550810 -4.948792
v -3.205543 1.554905 -4.950216
v -3.368079 2.233009 -5.260263
v -3.365969 2.236173 -5.259548
v -3.362321 2.237483 -5.260665
v -3.529812 2.928292 -5.578093
v -3.526494 2.928284 -5.574315
v -3.522903 2.928281 -5.573878
v -3.389563 3.518156 -5.302482
v -3.387310 3.515179 -5.301377
v -3.383691 3.513946 -5.302287
vt 0.700534 0.856788
vt 0.698058 0.861098
vt 0.697485 0.613345
vt 0.700371 0.611563
vt 0.697921 0.864147
vt 0.700028 0.861142
vt 0.636071 0.858738
vt 0.636071 0.613345
vt 0.697686 0.445148
vt 0.700433 0.443405
vt 0.636071 0.862866
vt 0.636071 0.445432
vt 0.697690 0.439647
vt 0.699935 0.439647
vt 0.636071 0.439647
vt 0.697686 0.434146
vt 0.700433 0.435889
vt 0.636071 0.433862
vt 0.697485 0.234579
vt 0.700371 0.236361
vt 0.636071 0.234579
vt 0.697772 0.019376
vt 0.700455 0.023317
vt 0.636071 0.020556
vt 0.697775 0.015537
vt 0.699970 0.018515
vt 0.636071 0.016428
vt 0.636094 0.443280
vt 0.638695 0.444863
vt 0.639096 0.618053
vt 0.636211 0.616272
vt 0.638789 0.439545
vt 0.636606 0.439590
vt 0.700511 0.445432
vt 0.700511 0.618053
vt 0.638810 0.859918
vt 0.636127 0.855977
vt 0.700511 0.439647
vt 0.636149 0.435889
vt 0.638896 0.434146
vt 0.700511 0.858738
vt 0.638661 0.864147
vt 0.636554 0.861142
vt 0.700511 0.433862
vt 0.636211 0.231000
vt 0.639096 0.229218
vt 0.700511 0.862866
vt 0.700511 0.229218
vt 0.636127 0.023317
vt 0.638810 0.019376
vt 0.700511 0.020556
vt 0.638807 0.015537
vt 0.636612 0.018515
vt 0.700511 0.016428
vt 0.712138 0.671543
vt 0.711333 0.670468
vt 0.711408 0.485286
vt 0.712394 0.485622
vt 0.711333 0.347712
vt 0.712138 0.347713
vt 0.724234 0.485622
vt 0.724464 0.671543
vt 0.711424 0.177622
vt 0.712449 0.177261
vt 0.724464 0.347713
vt 0.725188 0.672510
vt 0.725120 0.485924
vt 0.711333 0.017622
vt 0.712138 0.016525
vt 0.724184 0.177261
vt 0.725188 0.347714
vt 0.724464 0.016525
vt 0.725106 0.176937
vt 0.725188 0.015537
vt 0.724383 0.016525
vt 0.725188 0.017622
vt 0.725104 0.181479
vt 0.724097 0.181128
vt 0.725188 0.347712
vt 0.724383 0.347713
vt 0.712315 0.181128
vt 0.712057 0.016525
vt 0.725117 0.488615
vt 0.724142 0.488945
vt 0.712057 0.347713
vt 0.711333 0.015537
vt 0.711409 0.180812
vt 0.725188 0.670468
vt 0.724383 0.671543
vt 0.712274 0.488945
vt 0.711333 0.347714
vt 0.712057 0.671543
vt 0.711397 0.489243
vt 0.711333 0.672510
vt 0.860283 0.030384
vt 0.861593 0.019891
vt 0.934448 0.265116
vt 0.932723 0.269418
vt 0.858900 0.020702
vt 0.860249 0.015537
vt 0.990401 0.433274
vt 0.987623 0.437032
vt 0.921760 0.294784
vt 0.860246 0.109899
vt 0.788266 0.264709
vt 0.786541 0.260407
vt 0.990401 0.440790
vt 0.991946 0.437032
vt 0.969598 0.437029
vt 0.860272 0.112234
vt 0.921450 0.295502
vt 0.802218 0.298092
vt 0.733013 0.437032
vt 0.730072 0.433398
vt 0.926273 0.640318
vt 0.924547 0.636016
vt 0.914432 0.604696
vt 0.968844 0.437031
vt 0.802523 0.298821
vt 0.758838 0.437029
vt 0.730235 0.440790
vt 0.728612 0.437088
vt 0.861665 0.853362
vt 0.860283 0.843680
vt 0.860246 0.771592
vt 0.914185 0.603933
vt 0.759587 0.437031
vt 0.811246 0.608590
vt 0.801875 0.641377
vt 0.800149 0.645679
vt 0.860283 0.858164
vt 0.860272 0.769207
vt 0.811470 0.607807
vt 0.858900 0.853362
vt 0.860198 0.114547
vt 0.860227 0.117141
vt 0.803030 0.300538
vt 0.802692 0.299729
vt 0.921082 0.296400
vt 0.920737 0.297198
vt 0.860186 0.437302
vt 0.760979 0.437305
vt 0.760146 0.437303
vt 0.968088 0.437303
vt 0.967251 0.437305
vt 0.811817 0.606524
vt 0.811569 0.607393
vt 0.913873 0.603536
vt 0.913599 0.602688
vt 0.860228 0.764743
vt 0.860198 0.767393
vn -0.890966 0.032643 0.452896
vn -0.954129 0.088123 0.286133
vn -0.958118 0.094061 0.270484
vn -0.905249 0.015661 0.424593
vn -0.880149 0.325332 -0.345684
vn -0.433702 0.418329 -0.798063
vn -0.437891 0.418272 -0.795802
vn -0.880149 0.325332 -0.345684
vn -0.917988 -0.002043 0.396603
vn -0.961192 -0.098916 0.257536
vn -0.959656 -0.097459 0.263745
vn -0.905785 -0.016291 0.423423
vn -0.853683 -0.362011 -0.374396
vn -0.431428 -0.447113 -0.783556
vn -0.431776 -0.449445 -0.782029
vn -0.853626 -0.362476 -0.374078
vn -0.431428 -0.447113 -0.783556
vn -0.439223 -0.358109 -0.823918
vn -0.425486 -0.356630 -0.831731
vn -0.425479 -0.356630 -0.831735
vn -0.439223 0.358108 -0.823918
vn -0.428756 0.459107 -0.778067
vn -0.425480 0.356626 -0.831736
vn -0.425486 0.356626 -0.831733
vn -0.865546 -0.003219 0.500819
vn -0.779879 0.094976 0.618683
vn -0.780668 0.095620 0.617587
vn -0.878071 0.013698 0.478334
vn -0.219206 0.361448 0.906258
vn 0.378292 0.454949 0.806174
vn 0.377926 0.455025 0.806303
vn -0.219422 0.362402 0.905825
vn -0.890880 -0.035155 0.452876
vn -0.779725 -0.090933 0.619484
vn -0.776768 -0.098229 0.622080
vn -0.876479 -0.015309 0.481197
vn -0.206948 -0.321614 0.923979
vn 0.390649 -0.401082 0.828569
vn 0.387693 -0.400905 0.830042
vn -0.205146 -0.320495 0.924769
vn -0.411903 0.418476 -0.809453
vn -0.411903 0.418476 -0.809453
vn -0.437891 0.418272 -0.795802
vn -0.433702 0.418329 -0.798063
vn -0.428756 0.459107 -0.778067
vn -0.429084 0.462214 -0.776044
vn -0.402813 0.462684 -0.789725
vn -0.402815 0.462684 -0.789724
vn 0.409836 0.423375 0.807953
vn 0.409831 0.423375 0.807956
vn 0.385503 0.423521 0.819767
vn 0.382624 0.423423 0.821165
vn 0.378292 0.454949 0.806174
vn 0.403815 0.455191 0.793558
vn 0.403815 0.455191 0.793558
vn 0.377926 0.455025 0.806303
vn -0.411638 -0.424672 -0.806355
vn -0.411643 -0.424671 -0.806353
vn -0.435627 -0.424903 -0.793528
vn -0.438332 -0.424753 -0.792117
vn -0.431428 -0.447113 -0.783556
vn -0.405816 -0.449873 -0.795568
vn -0.405814 -0.449873 -0.795568
vn -0.431776 -0.449445 -0.782029
vn 0.414562 -0.400823 0.816994
vn 0.414567 -0.400823 0.816991
vn 0.387693 -0.400905 0.830042
vn 0.390649 -0.401082 0.828569
vn 0.374334 -0.468500 0.800239
vn 0.372447 -0.471014 0.799643
vn 0.399223 -0.471441 0.786362
vn 0.399222 -0.471440 0.786362
vn -0.905249 0.015661 0.424593
vn -0.958118 0.094061 0.270484
vn -0.960465 0.100470 0.259639
vn -0.917988 -0.002043 0.396603
vn -0.852700 0.371916 -0.366853
vn -0.429084 0.462214 -0.776044
vn -0.428756 0.459107 -0.778067
vn -0.852790 0.371218 -0.367352
vn -0.325884 0.661136 -0.675795
vn -0.325884 0.661136 -0.675795
vn -0.347455 0.645805 -0.679861
vn -0.347450 0.645808 -0.679860
vn 0.370254 0.607201 0.703007
vn 0.370254 0.607201 0.703007
vn 0.353598 0.618666 0.701585
vn 0.353564 0.618689 0.701581
vn 0.385503 0.423521 0.819767
vn -0.221532 0.335738 0.915535
vn -0.220530 0.335316 0.915931
vn 0.382624 0.423423 0.821165
vn -0.785174 0.093495 0.612176
vn -0.890966 0.032643 0.452896
vn -0.878071 0.013698 0.478334
vn -0.780668 0.095620 0.617587
vn 0.432243 0.343296 0.833855
vn 0.432243 0.343296 0.833855
vn 0.424306 0.349951 0.835164
vn 0.424306 0.349951 0.835164
vn 0.404668 -0.371307 0.835688
vn 0.374334 -0.468500 0.800239
vn 0.421386 -0.362885 0.831113
vn 0.421381 -0.362878 0.831119
vn -0.905785 -0.016291 0.423423
vn -0.959656 -0.097459 0.263745
vn -0.957587 -0.093679 0.272490
vn -0.890880 -0.035155 0.452876
vn -0.870359 -0.336207 -0.359778
vn -0.438332 -0.424753 -0.792117
vn -0.435627 -0.424903 -0.793528
vn -0.870699 -0.337078 -0.358137
vn 0.360062 -0.630630 0.687504
vn 0.360062 -0.630630 0.687504
vn 0.348126 -0.630655 0.693601
vn 0.348152 -0.630655 0.693588
vn -0.343834 -0.630630 -0.695761
vn -0.343834 -0.630630 -0.695761
vn -0.355765 -0.630651 -0.689717
vn -0.355790 -0.630651 -0.689704
vn 0.374334 -0.468500 0.800239
vn -0.208904 -0.378157 0.901862
vn -0.209011 -0.378478 0.901703
vn 0.372447 -0.471014 0.799643
vn -0.776544 -0.103360 0.621527
vn -0.865546 -0.003219 0.500819
vn -0.876479 -0.015309 0.481197
vn -0.776768 -0.098229 0.622080
vn -0.954129 0.088123 0.286133
vn -0.890966 0.032643 0.452896
vn -0.785174 0.093495 0.612176
vn -0.868319 0.102871 0.485222
vn -0.221532 0.335738 0.915535
vn 0.385503 0.423521 0.819767
vn -0.307419 0.370550 0.876463
vn -0.307419 0.370550 0.876463
vn -0.902499 0.415319 -0.114046
vn -0.902499 0.415319 -0.114046
vn -0.902499 0.415319 -0.114046
vn -0.902499 0.415319 -0.114046
vn -0.439223 -0.358109 -0.823918
vn -0.431428 -0.447113 -0.783556
vn -0.853683 -0.362011 -0.374396
vn -0.856946 -0.329998 -0.395911
vn -0.961192 -0.098916 0.257536
vn -0.917988 -0.002043 0.396603
vn -0.960465 0.100470 0.259639
vn -0.972922 0.000000 0.231133
vn -0.852790 0.371218 -0.367352
vn -0.428756 0.459107 -0.778067
vn -0.439223 0.358108 -0.823918
vn -0.856946 0.329998 -0.395911
vn -0.779879 0.094976 0.618683
vn -0.865546 -0.003219 0.500819
vn -0.776544 -0.103360 0.621527
vn -0.765760 -0.014902 0.642954
vn -0.208904 -0.378157 0.901862
vn 0.374334 -0.468500 0.800239
vn 0.404668 -0.371307 0.835688
vn -0.201246 -0.355212 0.912866
vn -0.204341 0.297566 0.932577
vn 0.378292 0.454949 0.806174
vn -0.219206 0.361448 0.906258
vn -0.204341 0.297566 0.932577
vn -0.344829 -0.404078 0.847239
vn 0.390649 -0.401082 0.828569
vn -0.206948 -0.321614 0.923979
vn -0.344829 -0.404078 0.847239
vn -0.779725 -0.090933 0.619484
vn -0.890880 -0.035155 0.452876
vn -0.885876 -0.109587 0.450793
vn -0.870699 -0.337078 -0.358137
vn -0.435627 -0.424903 -0.793528
vn -0.887891 -0.404069 -0.219951
vn -0.887891 -0.404069 -0.219951
vn -0.432292 -0.434943 -0.789904
vn -0.744584 -0.394938 -0.538162
vn -0.744587 -0.394957 -0.538144
vn -0.436354 -0.434885 -0.787699
vn -0.977535 -0.151549 0.146487
vn -0.891273 -0.007170 0.453410
vn -0.893374 -0.002282 0.449308
vn -0.977619 -0.151307 0.146176
vn -0.893374 -0.002282 0.449308
vn -0.891273 -0.007170 0.453410
vn -0.891244 0.000000 0.453524
vn -0.896379 0.000563 0.443288
vn -0.893374 -0.002282 0.449308
vn -0.891244 0.000000 0.453524
vn -0.891244 0.000000 0.453524
vn -0.896379 0.000563 0.443288
vn -0.891244 0.000000 0.453524
vn -0.887753 0.003899 0.460304
vn -0.891244 0.000000 0.453524
vn -0.891244 0.000000 0.453524
vn -0.889210 0.002273 0.457494
vn -0.887753 0.003899 0.460304
vn -0.891244 0.000000 0.453524
vn -0.886130 0.000449 0.463436
vn -0.889210 0.002273 0.457494
vn -0.891244 0.000000 0.453524
vn -0.889243 -0.002287 0.457429
vn -0.886130 0.000449 0.463436
vn -0.891244 0.000000 0.453524
vn -0.891273 -0.007170 0.453410
vn -0.889243 -0.002287 0.457429
vn -0.891244 0.000000 0.453524
vn -0.436354 -0.434885 -0.787699
vn -0.744587 -0.394957 -0.538144
vn -0.799471 0.044700 -0.599040
vn -0.480109 0.044379 -0.876086
vn -0.977619 -0.151307 0.146176
vn -0.893374 -0.002282 0.449308
vn -0.896379 0.000563 0.443288
vn -0.990788 0.017077 0.134338
vn -0.480109 0.044379 -0.876086
vn -0.799471 0.044700 -0.599040
vn -0.728300 0.392589 -0.561651
vn -0.436657 0.427025 -0.791821
vn -0.990788 0.017077 0.134338
vn -0.896379 0.000563 0.443288
vn -0.979768 0.158366 0.122375
vn -0.979744 0.158427 0.122488
vn -0.436657 0.427025 -0.791821
vn -0.728300 0.392589 -0.561651
vn -0.728298 0.392624 -0.561630
vn -0.432771 0.427079 -0.793922
vn -0.979744 0.158427 0.122488
vn -0.979768 0.158366 0.122375
vn -0.979609 0.158768 0.123124
vn -0.979609 0.158768 0.123124
vn 0.380850 0.453835 0.805598
vn 0.010317 0.415429 0.909567
vn 0.010290 0.415420 0.909572
vn 0.376654 0.453777 0.807601
vn -0.684537 0.164843 0.710096
vn -0.887753 0.003899 0.460304
vn -0.889210 0.002273 0.457494
vn -0.684203 0.164559 0.710483
vn 0.376654 0.453777 0.807601
vn 0.010290 0.415420 0.909572
vn 0.010264 0.415412 0.909575
vn 0.379651 0.453820 0.806172
vn -0.684203 0.164559 0.710483
vn -0.889210 0.002273 0.457494
vn -0.886130 0.000449 0.463436
vn -0.699436 0.013782 0.714563
vn 0.376873 -0.461938 0.802857
vn -0.012407 -0.418811 0.907989
vn -0.012349 -0.418782 0.908003
vn 0.373702 -0.461887 0.804368
vn -0.699436 0.013782 0.714563
vn -0.886130 0.000449 0.463436
vn -0.889243 -0.002287 0.457429
vn -0.697838 -0.159384 0.698297
vn -0.891273 -0.007170 0.453410
vn -0.698031 -0.159594 0.698056
vn -0.697838 -0.159384 0.698297
vn -0.889243 -0.002287 0.457429
vn -0.012305 -0.418760 0.908013
vn 0.377989 -0.461949 0.802326
vn 0.373702 -0.461887 0.804368
vn -0.012349 -0.418782 0.908003
vn -0.917988 -0.002043 0.396603
vn -0.889324 0.000182 0.457277
vn -0.887169 -0.004631 0.461421
vn -0.905249 0.015661 0.424593
vn -0.905249 0.015661 0.424593
vn -0.887169 -0.004631 0.461421
vn -0.891272 -0.001345 0.453468
vn -0.890966 0.032643 0.452896
vn -0.865546 -0.003219 0.500819
vn -0.878071 0.013698 0.478334
vn -0.894652 -0.003664 0.446750
vn -0.892821 0.000182 0.450412
vn -0.878071 0.013698 0.478334
vn -0.890966 0.032643 0.452896
vn -0.891272 -0.001345 0.453468
vn -0.894652 -0.003664 0.446750
vn -0.917988 -0.002043 0.396603
vn -0.905785 -0.016291 0.423423
vn -0.886921 0.004800 0.461896
vn -0.889324 0.000182 0.457277
vn -0.905785 -0.016291 0.423423
vn -0.890880 -0.035155 0.452876
vn -0.890556 0.000769 0.454873
vn -0.886921 0.004800 0.461896
vn -0.865546 -0.003219 0.500819
vn -0.892821 0.000182 0.450412
vn -0.891244 0.000000 0.453524
vn -0.876479 -0.015309 0.481197
vn -0.876479 -0.015309 0.481197
vn -0.891244 0.000000 0.453524
vn -0.890556 0.000769 0.454873
vn -0.890880 -0.035155 0.452876
vn -0.433804 -0.434923 -0.789086
vn -0.437909 -0.434861 -0.786849
vn -0.432292 -0.434943 -0.789904
vn -0.436354 -0.434885 -0.787699
vn -0.483840 0.044383 -0.874031
vn -0.433804 -0.434923 -0.789086
vn -0.436354 -0.434885 -0.787699
vn -0.480109 0.044379 -0.876086
vn -0.434279 0.427057 -0.793110
vn -0.483840 0.044383 -0.874031
vn -0.480109 0.044379 -0.876086
vn -0.436657 0.427025 -0.791821
vn -0.438333 0.426997 -0.790910
vn -0.434279 0.427057 -0.793110
vn -0.436657 0.427025 -0.791821
vn -0.432771 0.427079 -0.793922
vn 0.379163 0.453813 0.806405
vn 0.374873 0.453747 0.808445
vn 0.380850 0.453835 0.805598
vn 0.376654 0.453777 0.807601
vn 0.375932 0.453766 0.807943
vn 0.379163 0.453813 0.806405
vn 0.376654 0.453777 0.807601
vn 0.379651 0.453820 0.806172
vn 0.376301 -0.461927 0.803132
vn 0.372937 -0.461872 0.804731
vn 0.376873 -0.461938 0.802857
vn 0.373702 -0.461887 0.804368
vn 0.372015 -0.461860 0.805164
vn 0.376301 -0.461927 0.803132
vn 0.373702 -0.461887 0.804368
vn 0.377989 -0.461949 0.802326
vn -0.891272 -0.001345 0.453468
vn -0.977734 -0.151298 0.145415
vn -0.977656 -0.151515 0.145709
vn -0.894652 -0.003664 0.446750
vn -0.744628 -0.394964 -0.538083
vn -0.437909 -0.434861 -0.786849
vn -0.433804 -0.434923 -0.789086
vn -0.744617 -0.394950 -0.538108
vn -0.894652 -0.003664 0.446750
vn -0.977656 -0.151515 0.145709
vn -0.990735 0.016297 0.134824
vn -0.892821 0.000182 0.450412
vn -0.744617 -0.394950 -0.538108
vn -0.433804 -0.434923 -0.789086
vn -0.483840 0.044383 -0.874031
vn -0.799447 0.045305 -0.599026
vn -0.892821 0.000182 0.450412
vn -0.990735 0.016297 0.134824
vn -0.979789 0.158773 0.121679
vn -0.979810 0.158718 0.121580
vn -0.799447 0.045305 -0.599026
vn -0.483840 0.044383 -0.874031
vn -0.434279 0.427057 -0.793110
vn -0.728313 0.392586 -0.561637
vn -0.979810 0.158718 0.121580
vn -0.979789 0.158773 0.121679
vn -0.979928 0.158408 0.121027
vn -0.979928 0.158408 0.121027
vn -0.728313 0.392586 -0.561637
vn -0.434279 0.427057 -0.793110
vn -0.438333 0.426997 -0.790910
vn -0.728318 0.392558 -0.561649
vn -0.890556 0.000769 0.454873
vn -0.683402 0.164563 0.711253
vn -0.683732 0.164843 0.710870
vn -0.886921 0.004800 0.461896
vn 0.010277 0.415415 0.909574
vn 0.374873 0.453747 0.808445
vn 0.379163 0.453813 0.806405
vn 0.010283 0.415419 0.909572
vn -0.886921 0.004800 0.461896
vn -0.683732 0.164843 0.710870
vn -0.699739 0.012928 0.714282
vn -0.889324 0.000182 0.457277
vn 0.010283 0.415419 0.909572
vn 0.379163 0.453813 0.806405
vn 0.375932 0.453766 0.807943
vn 0.010289 0.415425 0.909569
vn -0.889324 0.000182 0.457277
vn -0.699739 0.012928 0.714282
vn -0.697518 -0.159586 0.698571
vn -0.887169 -0.004631 0.461421
vn -0.012348 -0.418744 0.908020
vn 0.372937 -0.461872 0.804731
vn 0.376301 -0.461927 0.803132
vn -0.012377 -0.418776 0.908005
vn 0.372015 -0.461860 0.805164
vn -0.012400 -0.418802 0.907993
vn -0.012377 -0.418776 0.908005
vn 0.376301 -0.461927 0.803132
vn -0.697361 -0.159397 0.698770
vn -0.891272 -0.001345 0.453468
vn -0.887169 -0.004631 0.461421
vn -0.697518 -0.159586 0.698571
vn -0.885876 -0.109587 0.450793
vn -0.890880 -0.035155 0.452876
vn -0.957587 -0.093679 0.272490
s off
g door_1_:pCube2
usemtl lambert1SG
f 782/1129/1117 781/1130/1118 784/1131/1119 783/1132/1120
f 781/1035/1121 780/1036/1122 785/1037/1123 784/1038/1124
f 787/1136/1125 786/1141/1126 811/1149/1127 810/1150/1128
f 786/1051/1129 791/1050/1130 812/1053/1131 811/1054/1132
f 791/1050/1133 790/1047/1134 793/1049/1135 792/1052/1136
f 790/1047/1137 789/1043/1138 794/1046/1139 793/1049/1140
f 803/1147/1141 802/1148/1142 805/1140/1143 804/1139/1144
f 802/1062/1145 801/1063/1146 806/1064/1147 805/1065/1148
f 814/1158/1149 813/1168/1150 823/1164/1151 822/1163/1152
f 813/1083/1153 818/1084/1154 824/1080/1155 823/1079/1156
f 797/1041/1157 776/1042/1158 785/1037/1159 780/1036/1160
f 789/1043/1161 785/1037/1162 776/1042/1163 794/1046/1164
f 775/1069/1165 795/1075/1166 778/1070/1167 806/1064/1168
f 801/1063/1169 809/1068/1170 775/1069/1171 806/1064/1172
f 773/1055/1173 819/1058/1174 816/1056/1175 812/1053/1176
f 791/1050/1177 792/1052/1178 773/1055/1179 812/1053/1180
f 821/1085/1181 774/1082/1182 824/1080/1183 818/1084/1184
f 799/1074/1185 824/1080/1186 774/1082/1187 807/1078/1188
f 783/1132/1189 784/1131/1190 788/1135/1191 787/1136/1192
f 784/1038/1193 785/1037/1194 789/1043/1195 788/1044/1196
f 780/1036/1197 779/1039/1198 796/1045/1199 797/1041/1200
f 779/1076/1201 778/1070/1202 795/1075/1203 796/1081/1204
f 778/1070/1205 777/1071/1206 805/1065/1207 806/1064/1208
f 777/1133/1209 782/1129/1210 804/1139/1211 805/1140/1212
f 801/1063/1213 800/1066/1214 808/1072/1215 809/1068/1216
f 800/1066/1217 799/1074/1218 807/1078/1219 808/1072/1220
f 810/1150/1221 811/1149/1222 815/1157/1223 814/1158/1224
f 811/1054/1225 812/1053/1226 816/1056/1227 815/1057/1228
f 818/1084/1229 817/1086/1230 820/1088/1231 821/1085/1232
f 817/1059/1233 816/1056/1234 819/1058/1235 820/1061/1236
f 799/1074/1237 798/1073/1238 823/1079/1239 824/1080/1240
f 798/1155/1241 803/1147/1242 822/1163/1243 823/1164/1244
f 781/1130/1245 782/1129/1246 777/1133/1247 825/1134/1248
f 777/1071/1249 778/1070/1250 779/1076/1251 825/1077/1252
f 779/1039/1253 780/1036/1254 781/1035/1255 825/1040/1256
f 790/1047/1257 791/1050/1258 786/1051/1259 826/1048/1260
f 786/1141/1261 787/1136/1262 788/1135/1263 826/1142/1264
f 788/1044/1265 789/1043/1266 790/1047/1267 826/1048/1268
f 802/1148/1269 803/1147/1270 798/1155/1271 827/1156/1272
f 798/1073/1273 799/1074/1274 800/1066/1275 827/1067/1276
f 800/1066/1277 801/1063/1278 802/1062/1279 827/1067/1280
f 817/1086/1281 818/1084/1282 813/1083/1283 828/1087/1284
f 813/1168/1285 814/1158/1286 828/1165/1287
f 815/1057/1288 816/1056/1289 817/1059/1290 828/1060/1291
f 832/1089/1292 831/1090/1293 834/1091/1294 833/1092/1295
f 831/1169/1296 830/1170/1297 835/1171/1298 834/1172/1299
f 835/1171/1300 830/1170/1301 829/1175/1302
f 838/1176/1303 835/1171/1304 829/1175/1305
f 841/1180/1306 838/1176/1307 829/1175/1308
f 844/1184/1309 841/1180/1310 829/1175/1311
f 847/1183/1312 844/1184/1313 829/1175/1314
f 850/1179/1315 847/1183/1316 829/1175/1317
f 853/1174/1318 850/1179/1319 829/1175/1320
f 830/1170/1321 853/1174/1322 829/1175/1323
f 833/1092/1324 834/1091/1325 837/1093/1326 836/1094/1327
f 834/1172/1328 835/1171/1329 838/1176/1330 837/1177/1331
f 836/1094/1332 837/1093/1333 840/1097/1334 839/1098/1335
f 837/1177/1336 838/1176/1337 841/1180/1338 840/1181/1339
f 839/1098/1340 840/1097/1341 843/1102/1342 842/1103/1343
f 840/1181/1344 841/1180/1345 844/1184/1346 843/1185/1347
f 842/1109/1348 843/1110/1349 846/1111/1350 845/1112/1351
f 843/1185/1352 844/1184/1353 847/1183/1354 846/1182/1355
f 845/1112/1356 846/1111/1357 849/1113/1358 848/1114/1359
f 846/1182/1360 847/1183/1361 850/1179/1362 849/1178/1363
f 848/1114/1364 849/1113/1365 852/1117/1366 851/1118/1367
f 849/1178/1368 850/1179/1369 853/1174/1370 852/1173/1371
f 830/1170/1372 831/1169/1373 852/1173/1374 853/1174/1375
f 831/1122/1376 832/1123/1377 851/1118/1378 852/1117/1379
f 787/1136/1380 872/1143/1381 875/1137/1382 783/1132/1383
f 783/1132/1384 875/1137/1385 854/1138/1386 782/1129/1387
f 803/1147/1388 804/1139/1389 857/1146/1390 860/1154/1391
f 804/1139/1392 782/1129/1393 854/1138/1394 857/1146/1395
f 787/1136/1396 810/1150/1397 869/1151/1398 872/1143/1399
f 810/1150/1400 814/1158/1401 866/1159/1402 869/1151/1403
f 803/1147/1404 860/1154/1405 863/1162/1406 822/1163/1407
f 822/1163/1408 863/1162/1409 866/1159/1410 814/1158/1411
f 859/1095/1412 856/1096/1413 832/1089/1414 833/1092/1415
f 862/1099/1416 859/1095/1417 833/1092/1418 836/1094/1419
f 865/1104/1420 862/1099/1421 836/1094/1422 839/1098/1423
f 868/1106/1424 865/1104/1425 839/1098/1426 842/1103/1427
f 871/1115/1428 868/1116/1429 842/1109/1430 845/1112/1431
f 874/1119/1432 871/1115/1433 845/1112/1434 848/1114/1435
f 877/1124/1436 874/1119/1437 848/1114/1438 851/1118/1439
f 856/1126/1440 877/1124/1441 851/1118/1442 832/1123/1443
f 854/1138/1444 855/1144/1445 858/1153/1446 857/1146/1447
f 855/1100/1448 856/1096/1449 859/1095/1450 858/1101/1451
f 857/1146/1452 858/1153/1453 861/1161/1454 860/1154/1455
f 858/1101/1456 859/1095/1457 862/1099/1458 861/1105/1459
f 860/1154/1460 861/1161/1461 864/1167/1462 863/1162/1463
f 861/1105/1464 862/1099/1465 865/1104/1466 864/1107/1467
f 863/1162/1468 864/1167/1469 867/1166/1470 866/1159/1471
f 864/1107/1472 865/1104/1473 868/1106/1474 867/1108/1475
f 866/1159/1476 867/1166/1477 870/1160/1478 869/1151/1479
f 867/1120/1480 868/1116/1481 871/1115/1482 870/1121/1483
f 869/1151/1484 870/1160/1485 873/1152/1486 872/1143/1487
f 870/1121/1488 871/1115/1489 874/1119/1490 873/1125/1491
f 872/1143/1492 873/1152/1493 876/1145/1494 875/1137/1495
f 873/1125/1496 874/1119/1497 877/1124/1498 876/1127/1499
f 856/1126/1500 855/1128/1501 876/1127/1502 877/1124/1503
f 855/1144/1504 854/1138/1505 875/1137/1506 876/1145/1507
f 828/1165/1508 814/1158/1509 815/1157/1510
