# This file uses centimeters as units for non-parametric coordinates.

mtllib cactus.mtl
g default
v -0.918563 1.591591 -0.091865
v -0.917327 1.592262 -0.091120
v -0.916901 1.592621 -0.090200
v -0.587648 1.589702 -0.078942
v -0.587436 1.590373 -0.078245
v -0.587394 1.590724 -0.077321
v -1.134439 1.593257 -0.095850
v -1.134513 1.592917 -0.096820
v -1.134861 1.592278 -0.097545
v -0.915126 1.583321 -0.116708
v -0.915507 1.583747 -0.115695
v -0.916360 1.583802 -0.114907
v -1.132319 1.584993 -0.120422
v -1.131885 1.585017 -0.121314
v -1.131657 1.584695 -0.122233
v -0.908633 1.534997 -0.201506
v -0.907790 1.535685 -0.201064
v -0.907532 1.536372 -0.200145
v -0.580895 1.534321 -0.187629
v -0.580947 1.533655 -0.188369
v -0.581188 1.532759 -0.188733
v -1.121282 1.538851 -0.206270
v -1.121356 1.538197 -0.207014
v -1.121761 1.537320 -0.207390
v -0.905165 1.519199 -0.220612
v -0.905672 1.519820 -0.219882
v -0.906899 1.520116 -0.219000
v -1.119718 1.522744 -0.224899
v -1.119254 1.522446 -0.225773
v -1.119024 1.521778 -0.226529
v -0.898546 1.447082 -0.277053
v -0.897686 1.447878 -0.276937
v -0.897425 1.448868 -0.276355
v -0.575579 1.446727 -0.263878
v -0.575645 1.445820 -0.264298
v -0.575908 1.444854 -0.264244
v -1.110903 1.451254 -0.282415
v -1.110873 1.450345 -0.282821
v -1.110962 1.449349 -0.282746
v -0.895552 1.426240 -0.287537
v -0.896068 1.427116 -0.287118
v -0.897348 1.427728 -0.286400
v -1.109470 1.430341 -0.292255
v -1.108958 1.429707 -0.292984
v -1.108716 1.428711 -0.293428
v -0.891670 1.341513 -0.306892
v -0.890817 1.342275 -0.307133
v -0.890536 1.343405 -0.307031
v -0.572581 1.341221 -0.294526
v -0.572660 1.340224 -0.294523
v -0.572925 1.339374 -0.294068
v -1.102473 1.345773 -0.312916
v -1.102577 1.344784 -0.312925
v -1.102995 1.343967 -0.312515
v -0.889563 1.318815 -0.307082
v -0.890084 1.319800 -0.307079
v -0.891433 1.320667 -0.306658
v -1.101939 1.323273 -0.312454
v -1.101475 1.322371 -0.312874
v -1.101430 1.321237 -0.312842
v -0.889188 1.234333 -0.286497
v -0.888354 1.234919 -0.287039
v -0.888051 1.235959 -0.287440
v -0.571637 1.233794 -0.274844
v -0.571727 1.232903 -0.274415
v -0.571989 1.232304 -0.273667
v -1.098423 1.238314 -0.293152
v -1.098704 1.237447 -0.292754
v -1.099173 1.236880 -0.292067
v -0.888032 1.213036 -0.276141
v -0.888367 1.214033 -0.276734
v -0.889265 1.214833 -0.276851
v -1.099166 1.217818 -0.282495
v -1.098629 1.216800 -0.282512
v -1.098436 1.215787 -0.282012
v -0.890100 1.141839 -0.218914
v -0.889281 1.142167 -0.219642
v -0.888964 1.142935 -0.220427
v -0.572912 1.140830 -0.207741
v -0.573014 1.140193 -0.206993
v -0.573274 1.139906 -0.206085
v -1.099087 1.145396 -0.226061
v -1.099241 1.144745 -0.225318
v -1.099655 1.144456 -0.224459
v -0.889470 1.125534 -0.199733
v -0.889782 1.126225 -0.200661
v -0.890656 1.126918 -0.201102
v -1.099295 1.129934 -0.206874
v -1.099438 1.129009 -0.206526
v -1.099506 1.128339 -0.205801
v -0.893029 1.078123 -0.114376
v -0.892209 1.078168 -0.115170
v -0.891881 1.078587 -0.116181
v -0.576038 1.076558 -0.103434
v -0.576150 1.076240 -0.102508
v -0.576417 1.076281 -0.101560
v -1.101899 1.081117 -0.121758
v -1.102068 1.080785 -0.120826
v -1.102493 1.080812 -0.119918
v -0.892727 1.069289 -0.089657
v -0.893172 1.069654 -0.090578
v -0.894428 1.070342 -0.091324
v -1.103314 1.072934 -0.097026
v -1.102871 1.072271 -0.096301
v -1.102737 1.071908 -0.095300
v -0.897593 1.052910 0.011198
v -0.896749 1.052677 0.010445
v -0.896402 1.052727 0.009345
v -0.580799 1.050780 0.022129
v -0.580923 1.050796 0.023110
v -0.581201 1.051164 0.023984
v -1.106325 1.055330 0.003794
v -1.106511 1.055336 0.004797
v -1.106962 1.055679 0.005646
v -0.897544 1.052677 0.038024
v -0.897941 1.052711 0.037038
v -0.899085 1.053089 0.036097
v -1.107959 1.055688 0.030419
v -1.107570 1.055339 0.031315
v -1.107462 1.055333 0.032345
v -0.903000 1.070048 0.138673
v -0.902122 1.069560 0.138061
v -0.901754 1.069235 0.136991
v -0.586033 1.067382 0.149799
v -0.586166 1.067735 0.150720
v -0.586458 1.068404 0.151396
v -1.111768 1.071912 0.131430
v -1.111975 1.072267 0.132399
v -1.112464 1.072916 0.133073
v -0.903021 1.078447 0.163580
v -0.903391 1.078149 0.162643
v -0.904468 1.078196 0.161631
v -1.113487 1.080814 0.155967
v -1.113132 1.080787 0.156915
v -1.113037 1.081121 0.157866
v -0.908568 1.126918 0.248617
v -0.907662 1.126225 0.248246
v -0.907278 1.125534 0.247345
v -0.591289 1.123784 0.260137
v -0.591428 1.124451 0.260875
v -0.591729 1.125346 0.261219
v -1.117330 1.128269 0.241738
v -1.117555 1.128976 0.242544
v -1.118077 1.129875 0.242906
v -0.908409 1.142714 0.267851
v -0.908783 1.142098 0.267085
v -0.909857 1.141813 0.266115
v -1.118972 1.144456 0.260459
v -1.118626 1.144745 0.261353
v -1.118531 1.145399 0.262110
v -0.913208 1.214833 0.324302
v -0.912304 1.214033 0.324256
v -0.911922 1.213036 0.323691
v -0.595642 1.211376 0.336413
v -0.595773 1.212286 0.336829
v -0.596061 1.213252 0.336755
v -1.122338 1.215876 0.318065
v -1.122601 1.216874 0.318480
v -1.123231 1.218005 0.318351
v -0.912830 1.235675 0.334903
v -0.913233 1.234804 0.334446
v -0.914363 1.234204 0.333638
v -1.123874 1.236876 0.327973
v -1.123514 1.237463 0.328700
v -1.123418 1.238367 0.329128
v -0.917146 1.320401 0.354221
v -0.916269 1.319636 0.354525
v -0.915902 1.318493 0.354441
v -0.598510 1.316882 0.367067
v -0.598620 1.317883 0.367058
v -0.598877 1.318734 0.366585
v -1.127531 1.321260 0.348657
v -1.127759 1.322385 0.348667
v -1.128271 1.323294 0.348185
v -0.916868 1.343103 0.354494
v -0.917313 1.342122 0.354451
v -0.918542 1.341270 0.353936
v -1.129315 1.343970 0.348224
v -1.128933 1.344790 0.348664
v -1.128831 1.345795 0.348660
v -0.921523 1.427584 0.333787
v -0.920683 1.426992 0.334385
v -0.920332 1.425937 0.334808
v -0.599535 1.424311 0.347384
v -0.599619 1.425206 0.346949
v -0.599842 1.425807 0.346184
v -1.133507 1.428612 0.328949
v -1.133725 1.429686 0.328461
v -1.134197 1.430360 0.327658
v -0.921316 1.448869 0.323488
v -0.921623 1.447878 0.324046
v -0.922489 1.447082 0.324093
v -1.135331 1.449476 0.318176
v -1.134866 1.450377 0.318246
v -1.134576 1.451246 0.317844
v -0.925736 1.520084 0.266078
v -0.924926 1.519746 0.266861
v -0.924595 1.518965 0.267675
v -0.598989 1.517276 0.280264
v -0.599059 1.517916 0.279510
v -0.599266 1.518205 0.278584
v -1.138724 1.521699 0.261729
v -1.138715 1.522423 0.260900
v -1.139058 1.522749 0.259942
v -0.925340 1.536373 0.246947
v -0.925670 1.535685 0.247843
v -0.926546 1.534997 0.248216
v -1.139656 1.537352 0.242413
v -1.139175 1.538201 0.242092
v -1.138884 1.538826 0.241393
v -0.927367 1.583802 0.161421
v -0.926579 1.583747 0.162274
v -0.926279 1.583321 0.163313
v -0.596993 1.581550 0.175928
v -0.597051 1.581870 0.174995
v -0.597251 1.581831 0.174029
v -1.143035 1.584642 0.157026
v -1.143011 1.584995 0.155990
v -1.143334 1.584974 0.154977
v -0.925942 1.592621 0.136770
v -0.926439 1.592262 0.137654
v -0.927733 1.591590 0.138299
v -1.143985 1.592310 0.132058
v -1.143546 1.592924 0.131407
v -1.143266 1.593244 0.130519
v -0.925528 1.608770 0.035505
v -0.924367 1.609141 0.036444
v -0.923951 1.609172 0.037431
v -0.593557 1.607329 0.050330
v -0.593609 1.607312 0.049344
v -0.593811 1.606946 0.048450
v -1.142931 1.608614 0.031476
v -1.142902 1.608602 0.030396
v -1.143207 1.608258 0.029449
v -0.922820 1.609172 0.009046
v -0.923314 1.609141 0.009997
v -0.924548 1.608769 0.010843
v -1.142191 1.608293 0.004836
v -1.141784 1.608618 0.003990
v -1.141592 1.608627 0.003015
v -1.140955 1.581648 -0.106583
v -1.141268 1.581734 -0.105608
v -1.141047 1.582331 -0.104800
v -1.196419 1.586497 -0.117313
v -1.196746 1.585845 -0.118173
v -1.196640 1.585833 -0.119203
v -1.208124 1.650225 -0.107065
v -1.207725 1.650719 -0.106240
v -1.207514 1.650924 -0.105246
v -1.190549 1.596752 -0.110313
v -1.190155 1.597470 -0.109559
v -1.190000 1.597818 -0.108583
v -1.191762 1.590689 -0.134530
v -1.191737 1.590925 -0.133561
v -1.191939 1.590787 -0.132615
v -1.213724 1.841341 -0.089612
v -1.213208 1.842159 -0.088912
v -1.212926 1.842450 -0.087790
v -1.212932 1.648938 -0.129475
v -1.212652 1.648971 -0.128549
v -1.212570 1.648765 -0.127608
v -1.219016 1.842456 -0.110870
v -1.218947 1.843201 -0.111692
v -1.219232 1.843523 -0.112716
v -1.199797 1.654584 0.009943
v -1.199714 1.654505 0.008960
v -1.199815 1.654201 0.008009
v -1.189840 1.609778 0.013762
v -1.189591 1.610184 0.014685
v -1.189569 1.610238 0.015701
v -1.188198 1.610398 -0.012000
v -1.188298 1.610348 -0.011014
v -1.188615 1.609957 -0.010153
v -1.201829 1.649699 -0.003981
v -1.202001 1.649463 -0.003035
v -1.201932 1.649659 -0.002066
v -1.212442 1.822079 0.015990
v -1.212637 1.821561 0.015026
v -1.212366 1.822077 0.014081
v -1.198366 1.655227 -0.015751
v -1.198363 1.655147 -0.014767
v -1.198552 1.654823 -0.013855
v -1.204130 1.839487 0.003993
v -1.203808 1.840248 0.003209
v -1.203771 1.840547 0.002111
v -1.223482 1.648293 0.122038
v -1.223126 1.648329 0.121136
v -1.222952 1.648146 0.120192
v -1.202890 1.590718 0.135443
v -1.202759 1.590868 0.136450
v -1.202862 1.590627 0.137446
v -1.198834 1.597775 0.111687
v -1.199062 1.597433 0.112681
v -1.199500 1.596751 0.113389
v -1.221259 1.644680 0.105990
v -1.221713 1.644265 0.106794
v -1.221939 1.644325 0.107786
v -1.232970 1.824393 0.126805
v -1.232853 1.823891 0.125811
v -1.232296 1.824448 0.125014
v -1.215551 1.651213 0.098412
v -1.215841 1.651010 0.099388
v -1.216308 1.650509 0.100161
v -1.222038 1.841354 0.119232
v -1.221471 1.842186 0.118580
v -1.221102 1.842519 0.117488
v -1.274859 1.629757 0.214287
v -1.274241 1.629951 0.213564
v -1.273809 1.629869 0.212697
v -1.228754 1.539965 0.236532
v -1.228739 1.539830 0.237586
v -1.228991 1.539274 0.238440
v -1.222063 1.553189 0.218603
v -1.222476 1.552580 0.219392
v -1.223167 1.551769 0.219707
v -1.268137 1.627469 0.198623
v -1.268823 1.626823 0.199096
v -1.269348 1.626743 0.200002
v -1.282128 1.831105 0.219679
v -1.281684 1.830583 0.218764
v -1.280870 1.831168 0.218230
v -1.261465 1.635542 0.196125
v -1.262055 1.635156 0.196940
v -1.262738 1.634415 0.197348
v -1.270064 1.847613 0.217545
v -1.269319 1.848429 0.217146
v -1.268611 1.848691 0.216196
v -1.346128 1.594711 0.272570
v -1.345284 1.595047 0.272170
v -1.344591 1.595075 0.271475
v -1.267200 1.464108 0.300827
v -1.267401 1.463661 0.301763
v -1.267989 1.462873 0.302257
v -1.258317 1.481529 0.291817
v -1.258780 1.480685 0.292260
v -1.259349 1.479747 0.292198
v -1.335346 1.594220 0.259897
v -1.336098 1.593456 0.259917
v -1.336904 1.593245 0.260611
v -1.352823 1.840559 0.280570
v -1.352070 1.839989 0.279900
v -1.351086 1.840565 0.279766
v -1.328924 1.603791 0.262847
v -1.329794 1.603276 0.263284
v -1.330644 1.602607 0.263122
v -1.341245 1.856573 0.284169
v -1.340402 1.857384 0.284127
v -1.339389 1.857621 0.283523
v -1.426132 1.550563 0.287743
v -1.425192 1.550958 0.287791
v -1.424282 1.551083 0.287381
v -1.311250 1.376113 0.318742
v -1.311510 1.375288 0.319445
v -1.311969 1.374239 0.319496
v -1.301841 1.394676 0.319978
v -1.302335 1.393748 0.319993
v -1.302826 1.392936 0.319571
v -1.412729 1.551807 0.280079
v -1.413445 1.551062 0.279624
v -1.414462 1.550759 0.279956
v -1.434557 1.850315 0.299927
v -1.433623 1.849677 0.299674
v -1.432650 1.850198 0.300028
v -1.407811 1.561017 0.288238
v -1.408743 1.560322 0.288207
v -1.409339 1.559497 0.287639
v -1.425014 1.866005 0.308896
v -1.424253 1.866759 0.309251
v -1.423145 1.866966 0.309195
v -1.503427 1.505887 0.257142
v -1.502578 1.506228 0.257628
v -1.501559 1.506393 0.257615
v -1.353776 1.289480 0.287944
v -1.354103 1.288438 0.288143
v -1.354485 1.287505 0.287699
v -1.345405 1.306171 0.299006
v -1.345833 1.305354 0.298579
v -1.346208 1.304750 0.297878
v -1.488923 1.507873 0.255497
v -1.489442 1.507309 0.254720
v -1.490500 1.507019 0.254613
v -1.514878 1.858425 0.274501
v -1.513971 1.857735 0.274714
v -1.513228 1.858186 0.275479
v -1.486711 1.515350 0.267934
v -1.487575 1.515030 0.267400
v -1.487954 1.514527 0.266561
v -1.508793 1.873995 0.287675
v -1.508255 1.874682 0.288332
v -1.507297 1.874875 0.288814
v -1.566463 1.468474 0.185405
v -1.565877 1.468761 0.186179
v -1.564988 1.469102 0.186581
v -1.388346 1.217035 0.213083
v -1.388610 1.216122 0.212652
v -1.388834 1.215503 0.211873
v -1.382256 1.229566 0.231966
v -1.382558 1.228987 0.231227
v -1.382801 1.228634 0.230352
v -1.552477 1.470197 0.189886
v -1.552673 1.469742 0.188949
v -1.553479 1.469304 0.188451
v -1.581395 1.863907 0.208049
v -1.580686 1.863246 0.208637
v -1.580284 1.863668 0.209612
v -1.554176 1.475893 0.204516
v -1.554664 1.475478 0.203697
v -1.554724 1.475083 0.202756
v -1.579687 1.879581 0.223352
v -1.579427 1.880239 0.224166
v -1.578783 1.880442 0.225006
v -1.605258 1.444466 0.083478
v -1.604935 1.444532 0.084418
v -1.604224 1.444571 0.085139
v -1.408797 1.169905 0.105086
v -1.408902 1.169356 0.104274
v -1.408960 1.169075 0.103341
v -1.406038 1.176617 0.129114
v -1.406196 1.176314 0.128206
v -1.406304 1.176227 0.127252
v -1.593449 1.445105 0.093559
v -1.593390 1.444915 0.092561
v -1.594020 1.444823 0.091741
v -1.623800 1.866820 0.110659
v -1.623358 1.866240 0.111489
v -1.623288 1.866686 0.112502
v -1.599211 1.448412 0.107876
v -1.599398 1.448172 0.106921
v -1.599183 1.447948 0.105975
v -1.626577 1.882756 0.125581
v -1.626582 1.883420 0.126429
v -1.626271 1.883645 0.127447
v -1.613304 1.437462 -0.032984
v -1.613275 1.437381 -0.032003
v -1.612853 1.437299 -0.031107
v -1.411281 1.155577 -0.019529
v -1.411235 1.155371 -0.020469
v -1.411147 1.155391 -0.021426
v -1.412246 1.155392 0.006216
v -1.412259 1.155371 0.005251
v -1.412231 1.155577 0.004308
v -1.605041 1.436271 -0.018682
v -1.604664 1.436229 -0.019619
v -1.604967 1.436272 -0.020588
v -1.635407 1.867626 -0.002807
v -1.635255 1.867125 -0.001847
v -1.635484 1.867628 -0.000901
v -1.614421 1.437463 -0.006972
v -1.614316 1.437381 -0.007952
v -1.613823 1.437299 -0.008810
v -1.642046 1.883800 0.009361
v -1.642308 1.884531 0.010169
v -1.642320 1.884796 0.011266
v -1.588983 1.448379 -0.146224
v -1.589241 1.448142 -0.145298
v -1.589106 1.447921 -0.144343
v -1.395718 1.176227 -0.141587
v -1.395536 1.176313 -0.142526
v -1.395308 1.176615 -0.143413
v -1.400250 1.169074 -0.117964
v -1.400118 1.169356 -0.118893
v -1.399949 1.169907 -0.119697
v -1.585184 1.444823 -0.129762
v -1.584498 1.444914 -0.130522
v -1.584476 1.445103 -0.131518
v -1.614230 1.866686 -0.114877
v -1.614383 1.866242 -0.113872
v -1.614893 1.866827 -0.113079
v -1.597111 1.444466 -0.122413
v -1.596718 1.444532 -0.123322
v -1.595955 1.444571 -0.123980
v -1.623573 1.882979 -0.107258
v -1.624090 1.883816 -0.106590
v -1.624440 1.884137 -0.105501
v -1.536341 1.475799 -0.238900
v -1.536882 1.475393 -0.238140
v -1.537022 1.475008 -0.237222
v -1.364053 1.228634 -0.242421
v -1.363742 1.228986 -0.243270
v -1.363382 1.229562 -0.243978
v -1.371518 1.215501 -0.224491
v -1.371231 1.216124 -0.225252
v -1.370935 1.217042 -0.225662
v -1.537225 1.469615 -0.222850
v -1.536291 1.469819 -0.223292
v -1.535967 1.470174 -0.224206
v -1.563640 1.863675 -0.208256
v -1.564122 1.863253 -0.207312
v -1.564881 1.863921 -0.206781
v -1.550285 1.468453 -0.220845
v -1.549608 1.468665 -0.221574
v -1.548617 1.468795 -0.221901
v -1.574108 1.880165 -0.206155
v -1.574837 1.881114 -0.205755
v -1.575555 1.881502 -0.204793
v -1.463912 1.515292 -0.296662
v -1.464761 1.514930 -0.296207
v -1.465187 1.514433 -0.295436
v -1.322087 1.304753 -0.306696
v -1.321658 1.305354 -0.307361
v -1.321196 1.306169 -0.307748
v -1.331143 1.287507 -0.297235
v -1.330727 1.288442 -0.297643
v -1.330419 1.289491 -0.297412
v -1.468907 1.506951 -0.283680
v -1.467851 1.507233 -0.283694
v -1.467266 1.507780 -0.284406
v -1.491556 1.858194 -0.268568
v -1.492360 1.857740 -0.267861
v -1.493283 1.858428 -0.267720
v -1.481544 1.505804 -0.287249
v -1.480664 1.506142 -0.287659
v -1.479649 1.506308 -0.287560
v -1.501599 1.875037 -0.272209
v -1.502414 1.876020 -0.272189
v -1.503461 1.876454 -0.271571
v -1.383498 1.560939 -0.310441
v -1.384417 1.560259 -0.310493
v -1.385054 1.559462 -0.309998
v -1.276977 1.392942 -0.324683
v -1.276460 1.393742 -0.325062
v -1.275979 1.394645 -0.325011
v -1.286106 1.374251 -0.325376
v -1.285656 1.375291 -0.325284
v -1.285457 1.376114 -0.324560
v -1.390993 1.550706 -0.302745
v -1.390008 1.551004 -0.302314
v -1.389253 1.551731 -0.302690
v -1.409280 1.850200 -0.286607
v -1.410277 1.849676 -0.286330
v -1.411189 1.850311 -0.286655
v -1.401806 1.550463 -0.311453
v -1.400857 1.550863 -0.311420
v -1.399978 1.550992 -0.310926
v -1.417344 1.867641 -0.295619
v -1.418044 1.868555 -0.295987
v -1.419172 1.868985 -0.295938
v -1.306852 1.603885 -0.278553
v -1.307669 1.603263 -0.279117
v -1.308421 1.602351 -0.279086
v -1.235594 1.479762 -0.293717
v -1.235023 1.480694 -0.293724
v -1.234596 1.481545 -0.293231
v -1.243507 1.462895 -0.304521
v -1.243021 1.463669 -0.303950
v -1.242917 1.464110 -0.302982
v -1.315268 1.593283 -0.277073
v -1.314500 1.593504 -0.276306
v -1.313713 1.594300 -0.276229
v -1.329584 1.840568 -0.259908
v -1.330558 1.839985 -0.260117
v -1.331256 1.840550 -0.260843
v -1.323439 1.594722 -0.289679
v -1.322623 1.595063 -0.289205
v -1.321985 1.595091 -0.288449
v -1.334131 1.858612 -0.273035
v -1.334594 1.859433 -0.273674
v -1.335541 1.859828 -0.274167
v -1.245154 1.635684 -0.206447
v -1.245694 1.635284 -0.207329
v -1.246365 1.634522 -0.207803
v -1.205271 1.551705 -0.218442
v -1.204754 1.552616 -0.218030
v -1.204462 1.553254 -0.217200
v -1.209808 1.539299 -0.237547
v -1.209625 1.539856 -0.236689
v -1.209719 1.539995 -0.235679
v -1.252847 1.626824 -0.211024
v -1.252383 1.626891 -0.210077
v -1.251737 1.627521 -0.209551
v -1.264133 1.829289 -0.193106
v -1.265241 1.829648 -0.193418
v -1.265663 1.830546 -0.194102
v -1.257419 1.629888 -0.225613
v -1.256857 1.630086 -0.224838
v -1.256485 1.630002 -0.223944
v -1.264566 1.849474 -0.208115
v -1.264760 1.850220 -0.208896
v -1.265380 1.850538 -0.209745
v -1.205681 2.165278 -0.072363
v -1.205293 2.166230 -0.071683
v -1.205033 2.166589 -0.070543
v -1.212857 2.165731 -0.096096
v -1.212918 2.166610 -0.096826
v -1.213313 2.166959 -0.097831
v -1.205056 1.839434 0.026659
v -1.204786 1.840205 0.027508
v -1.204837 1.840451 0.028660
v -1.197140 2.166120 0.030120
v -1.197018 2.165770 0.029008
v -1.197150 2.164864 0.028261
v -1.196140 2.164864 0.002924
v -1.195949 2.165770 0.002190
v -1.195983 2.166120 0.001071
v -1.229029 1.842360 0.139932
v -1.229026 1.843177 0.140837
v -1.229428 1.843530 0.141933
v -1.222281 2.166959 0.127330
v -1.221807 2.166610 0.126360
v -1.221688 2.165731 0.125638
v -1.212647 2.165278 0.102551
v -1.212206 2.166230 0.101903
v -1.211857 2.166589 0.100788
v -1.282147 1.849350 0.233214
v -1.282433 1.850207 0.234070
v -1.283203 1.850606 0.234960
v -1.276694 2.168982 0.206248
v -1.275903 2.168620 0.205535
v -1.275547 2.167735 0.204922
v -1.259846 2.166942 0.187594
v -1.259193 2.167930 0.187143
v -1.258461 2.168294 0.186188
v -1.356632 1.858487 0.292391
v -1.357184 1.859406 0.293059
v -1.358229 1.859843 0.293512
v -1.352097 2.171880 0.254771
v -1.351065 2.171492 0.254454
v -1.350506 2.170565 0.254044
v -1.330519 2.169646 0.245116
v -1.329751 2.170623 0.244960
v -1.328721 2.170974 0.244363
v -1.441368 1.867549 0.308311
v -1.442136 1.868532 0.308650
v -1.443302 1.868991 0.308513
v -1.436933 2.175210 0.265473
v -1.435823 2.174791 0.265664
v -1.435137 2.173797 0.265545
v -1.413909 2.172978 0.266396
v -1.413168 2.173902 0.266568
v -1.412030 2.174226 0.266469
v -1.523528 1.875032 0.278302
v -1.524335 1.876017 0.278222
v -1.525317 1.876451 0.277535
v -1.518219 2.178462 0.236803
v -1.517257 2.178026 0.237488
v -1.516573 2.176975 0.237704
v -1.497354 2.176383 0.248200
v -1.496763 2.177253 0.248652
v -1.495741 2.177556 0.249047
v -1.590566 1.880192 0.206674
v -1.591247 1.881121 0.206225
v -1.591873 1.881500 0.205228
v -1.583623 2.181142 0.173222
v -1.582993 2.180720 0.174242
v -1.582450 2.179670 0.174747
v -1.568166 2.179309 0.193273
v -1.567794 2.180157 0.193909
v -1.567042 2.180454 0.194678
v -1.632005 1.883002 0.104139
v -1.632457 1.883823 0.103446
v -1.632715 1.884136 0.102352
v -1.623280 2.182846 0.084392
v -1.623048 2.182462 0.085538
v -1.622735 2.181472 0.086220
v -1.615551 2.181301 0.109954
v -1.615421 2.182166 0.110682
v -1.615002 2.182477 0.111684
v -1.641139 1.883819 -0.013587
v -1.641333 1.884536 -0.014393
v -1.641261 1.884796 -0.015456
v -1.631172 2.183316 -0.016262
v -1.631322 2.182974 -0.015151
v -1.631261 2.182058 -0.014407
v -1.632271 2.182058 0.010931
v -1.632390 2.182974 0.011667
v -1.632330 2.183316 0.012787
v -1.616454 1.882775 -0.128191
v -1.616394 1.883438 -0.129028
v -1.616012 1.883662 -0.130002
v -1.606034 2.182477 -0.113468
v -1.606532 2.182166 -0.112503
v -1.606719 2.181301 -0.111787
v -1.615768 2.181472 -0.088700
v -1.616135 2.182462 -0.088045
v -1.616457 2.182846 -0.086921
v -1.561951 1.879597 -0.221928
v -1.561631 1.880243 -0.222706
v -1.560934 1.880443 -0.223480
v -1.551626 2.180454 -0.192385
v -1.552436 2.180157 -0.191678
v -1.552858 2.179309 -0.191073
v -1.568570 2.179670 -0.173742
v -1.569151 2.180720 -0.173282
v -1.569860 2.181142 -0.172316
v -1.486156 1.874011 -0.280388
v -1.485576 1.874688 -0.280991
v -1.484597 1.874878 -0.281390
v -1.476227 2.177556 -0.240911
v -1.477277 2.177253 -0.240598
v -1.477901 2.176383 -0.240195
v -1.497895 2.176975 -0.231260
v -1.498594 2.178026 -0.231099
v -1.499607 2.178462 -0.230493
v -1.400963 1.866008 -0.294855
v -1.400185 1.866760 -0.295150
v -1.399102 1.866968 -0.295012
v -1.391395 2.174226 -0.251620
v -1.392521 2.173902 -0.251809
v -1.393273 2.172978 -0.251696
v -1.414503 2.173797 -0.252537
v -1.415177 2.174792 -0.252709
v -1.416298 2.175210 -0.252608
v -1.319418 1.856579 -0.263525
v -1.318603 1.857398 -0.263431
v -1.317681 1.857669 -0.262781
v -1.310111 2.170974 -0.222960
v -1.311088 2.170624 -0.223636
v -1.311839 2.169650 -0.223852
v -1.331054 2.170565 -0.234341
v -1.331579 2.171492 -0.234794
v -1.332582 2.171880 -0.235192
v -1.254155 1.848775 -0.191334
v -1.253202 1.848760 -0.191046
v -1.252563 1.848711 -0.190284
v -1.244697 2.168294 -0.159380
v -1.245350 2.167930 -0.160389
v -1.245966 2.166942 -0.160891
v -1.260240 2.167735 -0.179413
v -1.260546 2.168620 -0.180052
v -1.261277 2.168982 -0.180826
v -1.291888 2.348734 -0.029001
v -1.292040 2.348734 -0.029952
v -1.292254 2.348719 -0.030889
v -1.299945 2.349094 -0.055501
v -1.299195 2.349026 -0.053748
v -1.299540 2.349068 -0.054637
v -1.327861 2.350243 -0.099104
v -1.326371 2.350163 -0.097912
v -1.327069 2.350216 -0.098564
v -1.367643 2.351877 -0.126737
v -1.365825 2.351760 -0.126160
v -1.366729 2.351829 -0.126464
v -1.413519 2.353698 -0.133802
v -1.411630 2.353579 -0.134172
v -1.412574 2.353649 -0.133987
v -1.458378 2.355445 -0.119424
v -1.456840 2.355344 -0.120622
v -1.457601 2.355405 -0.120011
v -1.495440 2.356855 -0.085814
v -1.494489 2.356782 -0.087522
v -1.494947 2.356827 -0.086656
v -1.519093 2.357713 -0.038053
v -1.518788 2.357670 -0.039968
v -1.518919 2.357699 -0.039005
v -1.525725 2.357889 0.016631
v -1.526051 2.357872 0.014738
v -1.525867 2.357888 0.015682
v -1.514283 2.357354 0.069919
v -1.515216 2.357361 0.068251
v -1.514733 2.357365 0.069077
v -1.486485 2.356188 0.113663
v -1.487960 2.356215 0.112451
v -1.487215 2.356210 0.113048
v -1.446585 2.354570 0.141156
v -1.448426 2.354610 0.140643
v -1.447506 2.354590 0.140900
v -1.400708 2.352749 0.148221
v -1.402605 2.352789 0.148538
v -1.401654 2.352777 0.148392
v -1.355848 2.351003 0.133842
v -1.357463 2.351031 0.134909
v -1.356644 2.351025 0.134395
v -1.318787 2.349593 0.100232
v -1.319898 2.349602 0.101817
v -1.319319 2.349604 0.101042
v -1.295133 2.348734 0.052471
v -1.295648 2.348719 0.054324
v -1.295361 2.348734 0.053407
v -1.288503 2.348559 -0.002215
v -1.288393 2.348519 -0.000307
v -1.288415 2.348546 -0.001262
v -0.940156 1.580372 -0.101106
v -0.939690 1.580650 -0.100232
v -0.938988 1.581406 -0.099460
v -1.212855 1.644426 -0.115150
v -1.212731 1.644335 -0.114151
v -1.212357 1.644727 -0.113295
v -1.223486 1.824447 -0.096180
v -1.223978 1.823891 -0.097018
v -1.224015 1.824393 -0.098019
v -0.947502 1.600895 0.021635
v -0.947861 1.600785 0.022725
v -0.946483 1.601278 0.023544
v -1.149747 1.601215 0.017853
v -1.149966 1.600956 0.016870
v -1.149668 1.601217 0.015906
v -1.194569 1.602083 0.000656
v -1.194801 1.601810 0.001605
v -1.194625 1.602132 0.002609
v -0.948692 1.581407 0.144248
v -0.949454 1.580651 0.144963
v -0.949989 1.580372 0.145797
v -1.150785 1.581653 0.140602
v -1.151026 1.581742 0.139582
v -1.150734 1.582352 0.138778
v -1.206074 1.586386 0.119890
v -1.206456 1.585768 0.120721
v -1.206418 1.585785 0.121802
v -0.948649 1.522517 0.249025
v -0.948091 1.521856 0.249617
v -0.947649 1.521584 0.250732
v -1.146885 1.524174 0.245074
v -1.147115 1.524630 0.244169
v -1.146779 1.525543 0.243706
v -1.229898 1.539739 0.221195
v -1.230572 1.538954 0.221691
v -1.230738 1.538694 0.222766
v -0.944402 1.435051 0.319045
v -0.943748 1.434283 0.319344
v -0.943252 1.433574 0.320307
v -1.142342 1.436272 0.314708
v -1.142638 1.437037 0.314006
v -1.142340 1.438071 0.313955
v -1.266791 1.468031 0.288085
v -1.267370 1.467002 0.288232
v -1.267590 1.466383 0.289188
v -0.939816 1.331727 0.343901
v -0.939068 1.330941 0.343894
v -0.938468 1.329889 0.344494
v -1.136380 1.332664 0.339019
v -1.136737 1.333652 0.338652
v -1.136478 1.334639 0.339025
v -1.309432 1.382810 0.310604
v -1.309975 1.381806 0.310330
v -1.310301 1.380907 0.310972
v -0.935001 1.228488 0.320221
v -0.935525 1.227714 0.319559
v -0.934896 1.226770 0.319395
v -1.130972 1.229090 0.314261
v -1.131447 1.230210 0.314255
v -1.131296 1.230992 0.314888
v -1.351386 1.297412 0.285192
v -1.351806 1.296601 0.284576
v -1.352166 1.295549 0.284716
v -0.930313 1.140600 0.251127
v -0.930867 1.140291 0.250021
v -0.931205 1.139690 0.249417
v -1.126269 1.141819 0.244181
v -1.126649 1.142689 0.244654
v -1.126443 1.143127 0.245591
v -1.386056 1.225003 0.215855
v -1.386312 1.224506 0.215007
v -1.386594 1.223617 0.214538
v -0.925071 1.081654 0.147054
v -0.926350 1.081849 0.146088
v -0.925956 1.081376 0.145131
v -1.120961 1.083606 0.139742
v -1.121318 1.084203 0.140513
v -1.121104 1.084286 0.141524
v -1.407459 1.176581 0.113380
v -1.407556 1.176417 0.112424
v -1.407676 1.175901 0.111592
v -0.920800 1.061056 0.023542
v -0.921066 1.061167 0.022423
v -0.919650 1.060670 0.021717
v -1.115661 1.063404 0.016763
v -1.115983 1.063671 0.017705
v -1.115735 1.063402 0.018670
v -1.411657 1.159377 -0.006650
v -1.411613 1.159537 -0.007603
v -1.411580 1.159376 -0.008558
v -0.916218 1.081375 -0.099357
v -0.916535 1.081849 -0.100342
v -0.915183 1.081654 -0.101204
v -1.111238 1.084285 -0.106118
v -1.111532 1.084200 -0.105123
v -1.111233 1.083598 -0.104320
v -1.398316 1.175902 -0.126085
v -1.398130 1.176417 -0.126905
v -1.397958 1.176581 -0.127852
v -0.913157 1.139689 -0.203684
v -0.912772 1.140291 -0.204258
v -0.912132 1.140601 -0.205318
v -1.108390 1.143112 -0.210060
v -1.108911 1.142711 -0.209247
v -1.109236 1.141828 -0.208832
v -1.369098 1.223612 -0.226963
v -1.368781 1.224505 -0.227408
v -1.368459 1.225003 -0.228234
v -0.911975 1.227150 -0.273566
v -0.911355 1.227932 -0.273809
v -0.910859 1.228608 -0.274745
v -1.107542 1.231045 -0.279721
v -1.107833 1.230278 -0.279009
v -1.107466 1.229257 -0.278909
v -1.329110 1.295537 -0.294069
v -1.328763 1.296597 -0.293895
v -1.328297 1.297411 -0.294469
v -0.914201 1.330474 -0.298360
v -0.913504 1.331256 -0.298285
v -0.912930 1.332293 -0.298860
v -1.110865 1.334645 -0.303934
v -1.111164 1.333662 -0.303574
v -1.110798 1.332691 -0.303895
v -1.285155 1.380901 -0.316740
v -1.284885 1.381801 -0.316062
v -1.284324 1.382801 -0.316280
v -0.919547 1.433575 -0.274933
v -0.920116 1.434283 -0.274012
v -0.920792 1.435051 -0.273764
v -1.119306 1.438242 -0.279236
v -1.119221 1.437087 -0.279225
v -1.118713 1.436308 -0.279855
v -1.244150 1.466389 -0.291372
v -1.243995 1.467002 -0.290420
v -1.243423 1.468026 -0.290234
v -0.929473 1.521584 -0.205698
v -0.930002 1.521855 -0.204621
v -0.930604 1.522517 -0.204073
v -1.128742 1.525536 -0.209266
v -1.129043 1.524629 -0.209745
v -1.128756 1.524178 -0.210606
v -1.212876 1.538718 -0.221999
v -1.212867 1.539021 -0.220932
v -1.212394 1.539924 -0.220357
v -1.215696 2.136977 -0.080843
v -1.216130 2.136330 -0.081704
v -1.216264 2.136952 -0.082669
v -1.203767 2.136270 0.016264
v -1.203885 2.135642 0.015304
v -1.203691 2.136271 0.014357
v -1.224017 2.136952 0.111982
v -1.223807 2.136330 0.111031
v -1.223306 2.136977 0.110207
v -1.273412 2.138913 0.191749
v -1.272878 2.138277 0.190930
v -1.272107 2.138940 0.190343
v -1.344461 2.141809 0.243371
v -1.343660 2.141141 0.242836
v -1.342708 2.141797 0.242607
v -1.426319 2.145116 0.258935
v -1.425386 2.144409 0.258807
v -1.424414 2.145039 0.259010
v -1.506468 2.148276 0.236085
v -1.505590 2.147544 0.236387
v -1.504781 2.148146 0.236987
v -1.572700 2.150827 0.178370
v -1.572031 2.150102 0.179016
v -1.571514 2.150695 0.179877
v -1.614985 2.152458 0.094605
v -1.614602 2.151773 0.095465
v -1.614420 2.152378 0.096432
v -1.626919 2.152994 -0.002500
v -1.626851 2.152356 -0.001542
v -1.626995 2.152994 -0.000594
v -1.606667 2.152378 -0.098218
v -1.606926 2.151773 -0.097269
v -1.607375 2.152458 -0.096442
v -1.557261 2.150695 -0.177986
v -1.557844 2.150102 -0.177169
v -1.558563 2.150827 -0.176578
v -1.486197 2.148146 -0.229608
v -1.487051 2.147544 -0.229074
v -1.487950 2.148276 -0.228843
v -1.404333 2.145039 -0.245169
v -1.405318 2.144409 -0.245045
v -1.406238 2.145116 -0.245246
v -1.324188 2.141801 -0.222320
v -1.325120 2.141141 -0.222624
v -1.325877 2.141806 -0.223220
v -1.257970 2.138940 -0.164607
v -1.258692 2.138277 -0.165253
v -1.259158 2.138913 -0.166111
v -1.295507 2.348460 -0.043159
v -1.295805 2.348492 -0.044065
v -1.295245 2.348464 -0.042239
v -1.319707 2.349491 -0.090582
v -1.320324 2.349538 -0.091309
v -1.319142 2.349482 -0.089807
v -1.357501 2.351024 -0.123035
v -1.358344 2.351094 -0.123494
v -1.356826 2.350980 -0.122331
v -1.402948 2.352848 -0.135780
v -1.403903 2.352911 -0.135693
v -1.401997 2.352825 -0.135670
v -1.449298 2.354661 -0.126711
v -1.450114 2.354716 -0.126190
v -1.448387 2.354641 -0.127011
v -1.489457 2.356198 -0.097281
v -1.489999 2.356239 -0.096476
v -1.488733 2.356186 -0.097912
v -1.517318 2.357226 -0.051957
v -1.517547 2.357251 -0.051018
v -1.516861 2.357225 -0.052801
v -1.528634 2.357587 0.002369
v -1.528549 2.357598 0.003327
v -1.528473 2.357598 0.001421
v -1.521675 2.357226 0.057424
v -1.521286 2.357225 0.058301
v -1.521829 2.357251 0.056470
v -1.497507 2.356200 0.104820
v -1.496835 2.356187 0.105507
v -1.497983 2.356239 0.103975
v -1.459816 2.354661 0.137351
v -1.458932 2.354641 0.137722
v -1.460588 2.354716 0.136767
v -1.414334 2.352848 0.150078
v -1.413377 2.352825 0.150044
v -1.415279 2.352911 0.149915
v -1.367963 2.351033 0.141060
v -1.367108 2.351014 0.140628
v -1.368865 2.351092 0.141370
v -1.327761 2.349492 0.111643
v -1.327137 2.349482 0.110915
v -1.328433 2.349539 0.112318
v -1.299867 2.348460 0.066296
v -1.299533 2.348464 0.065400
v -1.300236 2.348492 0.067176
v -1.288541 2.348099 0.011931
v -1.288516 2.348116 0.010977
v -1.288593 2.348116 0.012884
v -0.505390 1.577937 -0.084465
v -0.505440 1.578006 -0.083468
v -0.505483 1.578637 -0.082692
v -0.591471 1.579139 -0.086064
v -0.591608 1.578517 -0.086849
v -0.591409 1.578440 -0.087838
v -0.510714 1.606455 0.026986
v -0.510637 1.606857 0.025123
v -0.510680 1.606835 0.026093
v -0.592828 1.606946 0.023754
v -0.592555 1.607312 0.022879
v -0.592425 1.607329 0.021900
v -0.511180 1.598824 0.040267
v -0.511104 1.598824 0.038360
v -0.511140 1.598534 0.039314
v -0.597706 1.599327 0.036882
v -0.597829 1.599046 0.035922
v -0.597630 1.599327 0.034975
v -0.515077 1.580635 0.154412
v -0.515032 1.581677 0.152814
v -0.515060 1.581323 0.153722
v -0.596814 1.589702 0.151195
v -0.596547 1.590373 0.150518
v -0.596433 1.590724 0.149599
v -0.515254 1.569369 0.163129
v -0.515203 1.570070 0.161355
v -0.515222 1.569439 0.162131
v -0.601271 1.578440 0.159757
v -0.601390 1.578517 0.158756
v -0.601191 1.579140 0.157984
v -0.518179 1.523685 0.264264
v -0.518154 1.525264 0.263194
v -0.518173 1.524601 0.263915
v -0.599104 1.532758 0.261077
v -0.598834 1.533655 0.260733
v -0.598724 1.534321 0.260000
v -0.518207 1.510536 0.267221
v -0.518172 1.511859 0.265847
v -0.518181 1.510958 0.266303
v -0.603337 1.519606 0.263874
v -0.603459 1.520035 0.262954
v -0.603255 1.520927 0.262498
v -0.519785 1.435781 0.339835
v -0.519793 1.437662 0.339511
v -0.519797 1.436763 0.339913
v -0.599842 1.444854 0.336682
v -0.599584 1.445819 0.336758
v -0.599486 1.446727 0.336345
v -0.519538 1.422644 0.336683
v -0.519538 1.424400 0.335935
v -0.519527 1.423378 0.335972
v -0.603890 1.431714 0.333354
v -0.604029 1.432454 0.332645
v -0.603838 1.433468 0.332605
v -0.519256 1.330310 0.369717
v -0.519294 1.332152 0.370213
v -0.519280 1.331168 0.370198
v -0.599238 1.339374 0.366575
v -0.599010 1.340224 0.367050
v -0.598931 1.341220 0.367061
v -0.518857 1.319058 0.360854
v -0.518886 1.320966 0.360853
v -0.518862 1.320012 0.360473
v -0.603043 1.328132 0.357523
v -0.603224 1.329086 0.357151
v -0.603072 1.330040 0.357531
v -0.516864 1.223249 0.349375
v -0.516924 1.224727 0.350579
v -0.516896 1.223849 0.350147
v -0.596700 1.232303 0.346240
v -0.596500 1.232902 0.347006
v -0.596444 1.233793 0.347441
v -0.516342 1.215623 0.335994
v -0.516398 1.217379 0.336740
v -0.516364 1.216644 0.336030
v -0.600399 1.224707 0.332665
v -0.600617 1.225717 0.332712
v -0.600501 1.226455 0.333428
v -0.512884 1.130859 0.281840
v -0.512956 1.131768 0.283516
v -0.512919 1.131143 0.282771
v -0.592583 1.139906 0.278710
v -0.592396 1.140192 0.279636
v -0.592355 1.140829 0.280390
v -0.512319 1.128164 0.265954
v -0.512394 1.129486 0.267328
v -0.512355 1.129065 0.266410
v -0.596295 1.137249 0.262634
v -0.596528 1.138134 0.263092
v -0.596429 1.138559 0.264018
v -0.507809 1.067242 0.177349
v -0.507879 1.067503 0.179238
v -0.507840 1.067193 0.178319
v -0.587402 1.076281 0.174223
v -0.587211 1.076239 0.175189
v -0.587173 1.076557 0.176121
v -0.507348 1.069954 0.161501
v -0.507426 1.070654 0.163274
v -0.507391 1.070585 0.162276
v -0.591248 1.079031 0.158185
v -0.591471 1.079650 0.158955
v -0.591364 1.079722 0.159960
v -0.502601 1.042135 0.051812
v -0.502661 1.041732 0.053676
v -0.502625 1.041755 0.052705
v -0.582186 1.051164 0.048684
v -0.581977 1.050797 0.049578
v -0.581931 1.050780 0.050565
v -0.502279 1.049767 0.038526
v -0.502355 1.049766 0.040432
v -0.502325 1.050057 0.039479
v -0.586193 1.058837 0.035205
v -0.586398 1.059120 0.036152
v -0.586269 1.058837 0.037111
v -0.497669 1.059386 -0.075600
v -0.497712 1.058345 -0.074002
v -0.497682 1.058698 -0.074909
v -0.577290 1.068404 -0.078733
v -0.577052 1.067735 -0.078037
v -0.576993 1.067382 -0.077108
v -0.497564 1.079221 -0.084320
v -0.497627 1.078521 -0.082547
v -0.497608 1.079152 -0.083323
v -0.581501 1.079723 -0.087650
v -0.581688 1.079650 -0.086657
v -0.581526 1.079031 -0.085872
v -0.494069 1.124905 -0.185440
v -0.494080 1.123326 -0.184369
v -0.494063 1.123989 -0.185091
v -0.573813 1.125346 -0.188590
v -0.573541 1.124451 -0.188224
v -0.573461 1.123784 -0.187478
v -0.494242 1.138054 -0.188404
v -0.494277 1.136731 -0.187029
v -0.494276 1.137632 -0.187486
v -0.578276 1.138559 -0.191742
v -0.578449 1.138134 -0.190827
v -0.578253 1.137248 -0.190353
v -0.492287 1.212809 -0.261006
v -0.492262 1.210928 -0.260682
v -0.492262 1.211827 -0.261084
v -0.572126 1.213252 -0.264175
v -0.571834 1.212286 -0.264227
v -0.571736 1.211376 -0.263802
v -0.492715 1.225947 -0.257861
v -0.492719 1.224191 -0.257113
v -0.492738 1.225212 -0.257150
v -0.576816 1.226455 -0.261198
v -0.576990 1.225717 -0.260494
v -0.576776 1.224707 -0.260432
v -0.492631 1.318279 -0.290884
v -0.492574 1.316438 -0.291379
v -0.492592 1.317421 -0.291364
v -0.572563 1.318734 -0.294065
v -0.572270 1.317883 -0.294516
v -0.572159 1.316883 -0.294517
v -0.493280 1.329533 -0.282029
v -0.493251 1.327625 -0.282028
v -0.493286 1.328579 -0.281648
v -0.577466 1.330041 -0.285360
v -0.577648 1.329086 -0.284994
v -0.577438 1.328133 -0.285350
v -0.495126 1.425341 -0.270544
v -0.495046 1.423863 -0.271748
v -0.495079 1.424740 -0.271316
v -0.575151 1.425807 -0.273729
v -0.574869 1.425206 -0.274475
v -0.574749 1.424312 -0.274902
v -0.495908 1.432967 -0.257171
v -0.495851 1.431212 -0.257918
v -0.495896 1.431946 -0.257208
v -0.580215 1.433468 -0.260500
v -0.580402 1.432454 -0.260556
v -0.580207 1.431714 -0.261251
v -0.499334 1.517730 -0.203015
v -0.499243 1.516821 -0.204691
v -0.499286 1.517446 -0.203946
v -0.579956 1.518205 -0.206216
v -0.579677 1.517916 -0.207122
v -0.579548 1.517277 -0.207869
v -0.500130 1.520426 -0.187137
v -0.500056 1.519104 -0.188510
v -0.500103 1.519525 -0.187593
v -0.585214 1.520926 -0.190486
v -0.585380 1.520035 -0.190957
v -0.585185 1.519607 -0.191864
v -0.504723 1.581348 -0.098532
v -0.504630 1.581087 -0.100420
v -0.504676 1.581396 -0.099501
v -0.586267 1.581831 -0.101753
v -0.585991 1.581870 -0.102701
v -0.585859 1.581551 -0.103626
v -0.505948 1.589892 -0.075063
v -0.505992 1.590245 -0.074156
v -0.505909 1.589204 -0.075752
v -0.500285 1.533169 -0.185205
v -0.500323 1.533831 -0.184484
v -0.500264 1.532253 -0.185554
v -0.495817 1.445330 -0.261149
v -0.495844 1.446229 -0.260747
v -0.495812 1.444348 -0.261071
v -0.492931 1.339736 -0.291370
v -0.492943 1.340720 -0.291386
v -0.492944 1.338878 -0.290889
v -0.492146 1.232417 -0.271262
v -0.492139 1.233295 -0.271695
v -0.492175 1.231817 -0.270490
v -0.493537 1.139711 -0.203840
v -0.493514 1.140336 -0.204586
v -0.493576 1.139427 -0.202910
v -0.496780 1.075761 -0.099355
v -0.496746 1.076070 -0.100275
v -0.496826 1.075809 -0.098386
v -0.501572 1.041755 0.026264
v -0.501530 1.041732 0.025294
v -0.501619 1.042134 0.027157
v -0.506794 1.058698 0.153875
v -0.506752 1.058345 0.152968
v -0.506836 1.059386 0.154565
v -0.511951 1.115421 0.264029
v -0.511910 1.114758 0.263309
v -0.511985 1.116337 0.264378
v -0.516202 1.203260 0.339980
v -0.516170 1.202361 0.339578
v -0.516220 1.204241 0.339901
v -0.518941 1.308854 0.370204
v -0.518924 1.307870 0.370220
v -0.518942 1.309712 0.369722
v -0.519829 1.416173 0.350093
v -0.519830 1.415295 0.350526
v -0.519815 1.416774 0.349320
v -0.518667 1.508879 0.282666
v -0.518685 1.508253 0.283412
v -0.518641 1.509162 0.281735
v -0.515767 1.572829 0.178172
v -0.515795 1.572519 0.179092
v -0.515736 1.572780 0.177203
v -0.511733 1.606835 0.052535
v -0.511768 1.606857 0.053505
v -0.511696 1.606455 0.051642
v -1.312135 2.349604 -0.079344
v -1.312650 2.349601 -0.080162
v -1.311669 2.349593 -0.078493
v -1.348909 2.350565 -0.111308
v -1.349562 2.350592 -0.112053
v -1.348127 2.350548 -0.110734
v -1.390443 2.352777 -0.133092
v -1.391379 2.352789 -0.133313
v -1.389513 2.352749 -0.132846
v -1.436745 2.354590 -0.129269
v -1.437683 2.354610 -0.129087
v -1.435806 2.354570 -0.129452
v -1.478544 2.356209 -0.104665
v -1.479334 2.356214 -0.104128
v -1.477767 2.356188 -0.105219
v -1.509472 2.357365 -0.063021
v -1.510018 2.357361 -0.062236
v -1.508956 2.357354 -0.063825
v -1.524816 2.357888 -0.010681
v -1.525076 2.357872 -0.009755
v -1.524600 2.357889 -0.011615
v -1.522240 2.357699 0.044386
v -1.522186 2.357670 0.045356
v -1.522339 2.357713 0.043423
v -1.502134 2.356827 0.093792
v -1.501747 2.356783 0.094692
v -1.502558 2.356855 0.092913
v -1.467560 2.355405 0.130012
v -1.466850 2.355344 0.130682
v -1.468287 2.355445 0.129364
v -1.423787 2.353649 0.147524
v -1.422860 2.353579 0.147784
v -1.424714 2.353698 0.147265
v -1.377489 2.351830 0.143672
v -1.376564 2.351761 0.143440
v -1.378422 2.351877 0.143871
v -1.335709 2.350221 0.119054
v -1.334993 2.350164 0.118425
v -1.336462 2.350260 0.119639
v -1.304800 2.349068 0.077417
v -1.304385 2.349026 0.076559
v -1.305272 2.349094 0.078246
v -1.289465 2.348546 0.025092
v -1.289367 2.348519 0.024142
v -1.289628 2.348559 0.026035
v -1.322695 2.349788 0.020084
v -1.322625 2.349768 0.019399
v -1.322067 2.349478 0.011283
v -1.322029 2.349465 0.010596
v -1.322011 2.349478 0.009908
v -1.321923 2.349768 0.001774
v -1.321939 2.349788 0.001086
v -1.322002 2.349797 0.000399
v -1.324442 2.349923 -0.018910
v -1.324552 2.349923 -0.019596
v -1.324706 2.349912 -0.020271
v -1.326862 2.349728 -0.028453
v -1.327051 2.349725 -0.029117
v -1.327266 2.349749 -0.029770
v -1.329710 2.350134 -0.036750
v -1.329958 2.350164 -0.037391
v -1.330250 2.350183 -0.038014
v -1.338702 2.350542 -0.054588
v -1.339038 2.350550 -0.055201
v -1.339409 2.350548 -0.055791
v -1.344089 2.350462 -0.062744
v -1.344496 2.350469 -0.063302
v -1.344941 2.350503 -0.063826
v -1.349300 2.350953 -0.068586
v -1.349803 2.350991 -0.069056
v -1.350374 2.351011 -0.069446
v -1.364983 2.351231 -0.077829
v -1.365547 2.351243 -0.078243
v -1.366018 2.351262 -0.078780
v -1.371254 2.351542 -0.086189
v -1.371740 2.351574 -0.086697
v -1.372348 2.351624 -0.087028
v -1.377741 2.352104 -0.088949
v -1.378393 2.352154 -0.089169
v -1.379052 2.352189 -0.089365
v -1.394817 2.352818 -0.093769
v -1.395487 2.352838 -0.093947
v -1.396162 2.352846 -0.094106
v -1.403816 2.352872 -0.095805
v -1.404502 2.352889 -0.095884
v -1.405190 2.352934 -0.095822
v -1.410761 2.353416 -0.094725
v -1.411441 2.353466 -0.094592
v -1.412122 2.353502 -0.094458
v -1.428188 2.354130 -0.091323
v -1.428865 2.354144 -0.091191
v -1.429541 2.354159 -0.091059
v -1.437258 2.354181 -0.089563
v -1.437914 2.354196 -0.089347
v -1.438502 2.354235 -0.088971
v -1.443351 2.354688 -0.084957
v -1.443900 2.354732 -0.084517
v -1.444460 2.354761 -0.084094
v -1.458437 2.355296 -0.073854
v -1.458997 2.355312 -0.073454
v -1.459566 2.355315 -0.073067
v -1.466342 2.355295 -0.068586
v -1.466864 2.355304 -0.068131
v -1.467254 2.355333 -0.067551
v -1.470491 2.355725 -0.061096
v -1.470821 2.355757 -0.060472
v -1.471177 2.355777 -0.059865
v -1.480920 2.356137 -0.044014
v -1.481292 2.356145 -0.043434
v -1.481686 2.356142 -0.042869
v -1.486618 2.356044 -0.036067
v -1.486948 2.356045 -0.035459
v -1.487113 2.356063 -0.034782
v -1.488008 2.356365 -0.026816
v -1.488102 2.356386 -0.026122
v -1.488227 2.356396 -0.025436
v -1.492197 2.356523 -0.006377
v -1.492353 2.356522 -0.005704
v -1.492540 2.356510 -0.005037
v -1.494989 2.356313 0.003020
v -1.495105 2.356305 0.003703
v -1.495044 2.356313 0.004394
v -1.493243 2.356510 0.012620
v -1.493111 2.356522 0.013300
v -1.493008 2.356523 0.013984
v -1.490567 2.356396 0.033298
v -1.490496 2.356386 0.033992
v -1.490457 2.356365 0.034691
v -1.490200 2.356063 0.042703
v -1.490089 2.356045 0.043391
v -1.489808 2.356044 0.044023
v -1.485433 2.356142 0.051196
v -1.485084 2.356145 0.051791
v -1.484760 2.356137 0.052398
v -1.476308 2.355777 0.068974
v -1.476002 2.355757 0.069607
v -1.475723 2.355725 0.070256
v -1.473010 2.355333 0.076948
v -1.472667 2.355305 0.077557
v -1.472182 2.355296 0.078052
v -1.465785 2.355316 0.083058
v -1.465248 2.355312 0.083488
v -1.464721 2.355296 0.083932
v -1.451603 2.354761 0.095250
v -1.451079 2.354732 0.095717
v -1.450567 2.354688 0.096200
v -1.446053 2.354235 0.100587
v -1.445496 2.354196 0.101008
v -1.444859 2.354181 0.101275
v -1.437286 2.354159 0.103381
v -1.436623 2.354144 0.103566
v -1.435959 2.354130 0.103751
v -1.420192 2.353502 0.108154
v -1.419524 2.353466 0.108341
v -1.418856 2.353416 0.108529
v -1.413391 2.352934 0.110065
v -1.412710 2.352889 0.110182
v -1.412020 2.352872 0.110158
v -1.404255 2.352846 0.109072
v -1.403569 2.352838 0.108967
v -1.402887 2.352818 0.108844
v -1.386822 2.352189 0.105708
v -1.386149 2.352155 0.105564
v -1.385482 2.352105 0.105397
v -1.379932 2.351623 0.103905
v -1.379282 2.351580 0.103681
v -1.378666 2.351567 0.103370
v -1.371713 2.351579 0.099247
v -1.371123 2.351575 0.098877
v -1.370549 2.351559 0.098478
v -1.356574 2.351023 0.088240
v -1.356031 2.350995 0.087818
v -1.355515 2.350954 0.087365
v -1.350786 2.350503 0.082962
v -1.350302 2.350470 0.082476
v -1.349852 2.350462 0.081951
v -1.344634 2.350549 0.075392
v -1.344216 2.350550 0.074834
v -1.343833 2.350542 0.074250
v -1.334090 2.350183 0.058401
v -1.333750 2.350164 0.057803
v -1.333451 2.350134 0.057185
v -1.330460 2.349749 0.050421
v -1.330194 2.349725 0.049786
v -1.329953 2.349728 0.049140
v -1.327153 2.349912 0.041156
v -1.326946 2.349923 0.040495
v -1.326781 2.349923 0.039820
v -1.322813 2.349797 0.020763
v -1.408415 2.353000 0.007164
v 0.931422 1.974335 0.094370
v 0.930303 1.974934 0.093732
v 0.929903 1.975254 0.092920
v 0.635980 1.972650 0.090068
v 0.635775 1.973248 0.089451
v 0.635718 1.973562 0.088628
v 1.066325 1.975822 0.094624
v 1.066412 1.975519 0.095487
v 1.066739 1.974948 0.096126
v 0.928898 1.966956 0.116603
v 0.929217 1.967336 0.115691
v 0.929960 1.967386 0.114970
v 1.064971 1.968448 0.116587
v 1.064603 1.968470 0.117392
v 1.064420 1.968183 0.118217
v 0.924959 1.923841 0.192380
v 0.924197 1.924455 0.192004
v 0.923947 1.925067 0.191191
v 0.632330 1.923238 0.187159
v 0.632392 1.922644 0.187818
v 0.632615 1.921844 0.188138
v 1.057001 1.927279 0.193400
v 1.057084 1.926696 0.194062
v 1.057452 1.925914 0.194388
v 0.922282 1.909746 0.209497
v 0.922718 1.910300 0.208835
v 0.923794 1.910564 0.208022
v 1.056013 1.912909 0.210050
v 1.055618 1.912643 0.210839
v 1.055429 1.912047 0.211519
v 0.917611 1.845402 0.259985
v 0.916842 1.846112 0.259900
v 0.916596 1.846995 0.259387
v 0.629253 1.845085 0.255285
v 0.629321 1.844276 0.255659
v 0.629554 1.843414 0.255604
v 1.049407 1.849125 0.261544
v 1.049388 1.848313 0.261907
v 1.049466 1.847425 0.261838
v 0.915170 1.826807 0.269402
v 0.915620 1.827588 0.269016
v 0.916746 1.828134 0.268348
v 1.048343 1.830465 0.270352
v 1.047902 1.829900 0.271014
v 1.047696 1.829011 0.271415
v 0.912130 1.751211 0.286750
v 0.911374 1.751891 0.286984
v 0.911121 1.752900 0.286898
v 0.627248 1.750951 0.282688
v 0.627318 1.750062 0.282682
v 0.627545 1.749303 0.282271
v 1.042553 1.755012 0.288934
v 1.042646 1.754130 0.288939
v 1.043010 1.753401 0.288564
v 0.910254 1.730960 0.286966
v 0.910719 1.731838 0.286952
v 0.911913 1.732613 0.286546
v 1.042067 1.734937 0.288533
v 1.041662 1.734132 0.288917
v 1.041621 1.733121 0.288890
v 0.909470 1.655583 0.268613
v 0.908739 1.656107 0.269115
v 0.908477 1.657034 0.269478
v 0.625977 1.655102 0.265152
v 0.626048 1.654307 0.264768
v 0.626265 1.653773 0.264095
v 1.038509 1.659135 0.271394
v 1.038751 1.658362 0.271032
v 1.039155 1.657856 0.270409
v 0.908213 1.636582 0.259401
v 0.908525 1.637472 0.259923
v 0.909328 1.638186 0.260007
v 1.038939 1.640848 0.261872
v 1.038460 1.639941 0.261899
v 1.038277 1.639037 0.261457
v 0.908808 1.573059 0.208312
v 0.908094 1.573352 0.208979
v 0.907828 1.574037 0.209687
v 0.625649 1.572159 0.205272
v 0.625723 1.571590 0.204603
v 0.625935 1.571335 0.203787
v 1.037636 1.576233 0.211537
v 1.037757 1.575652 0.210871
v 1.038108 1.575394 0.210096
v 0.907828 1.558511 0.191217
v 0.908126 1.559128 0.192038
v 0.908915 1.559746 0.192413
v 1.037403 1.562437 0.194419
v 1.037523 1.561612 0.194105
v 1.037568 1.561014 0.193457
v 0.909138 1.516210 0.115006
v 0.908424 1.516251 0.115731
v 0.908153 1.516624 0.116641
v 0.626159 1.514814 0.112167
v 0.626239 1.514530 0.111339
v 0.626456 1.514567 0.110487
v 1.037867 1.518882 0.118442
v 1.037998 1.518585 0.117608
v 1.038357 1.518609 0.116788
v 0.908329 1.508329 0.092964
v 0.908746 1.508654 0.093776
v 0.909882 1.509268 0.094414
v 1.038589 1.511581 0.096352
v 1.038178 1.510989 0.095715
v 1.038037 1.510666 0.094825
v 0.910467 1.493715 0.002900
v 0.909731 1.493507 0.003590
v 0.909445 1.493551 0.004579
v 0.627664 1.491814 0.000067
v 0.627753 1.491829 -0.000810
v 0.627983 1.492157 -0.001596
v 1.039073 1.495874 0.006360
v 1.039218 1.495880 0.005461
v 1.039601 1.496186 0.004694
v 0.909837 1.493507 -0.021026
v 0.910213 1.493537 -0.020156
v 0.911254 1.493875 -0.019341
v 1.039949 1.496194 -0.017424
v 1.039583 1.495882 -0.018215
v 1.039464 1.495877 -0.019130
v 0.912506 1.509006 -0.110919
v 0.911736 1.508571 -0.110354
v 0.911432 1.508281 -0.109392
v 0.629545 1.506627 -0.113922
v 0.629643 1.506942 -0.114746
v 0.629889 1.507539 -0.115355
v 1.041141 1.510669 -0.107604
v 1.041305 1.510986 -0.108473
v 1.041726 1.511564 -0.109084
v 0.911981 1.516500 -0.133135
v 0.912332 1.516233 -0.132308
v 0.913315 1.516275 -0.131429
v 1.042139 1.518611 -0.129527
v 1.041801 1.518587 -0.130365
v 1.041696 1.518886 -0.131211
v 0.915072 1.559746 -0.209105
v 0.914272 1.559128 -0.208754
v 0.913949 1.558511 -0.207942
v 0.631824 1.556950 -0.212453
v 0.631931 1.557545 -0.213113
v 0.632192 1.558344 -0.213427
v 1.043694 1.560952 -0.206114
v 1.043877 1.561582 -0.206838
v 1.044334 1.562384 -0.207173
v 0.914510 1.573839 -0.226257
v 0.914861 1.573290 -0.225582
v 0.915840 1.573036 -0.224741
v 1.044750 1.575394 -0.222848
v 1.044421 1.575652 -0.223638
v 1.044320 1.576235 -0.224311
v 0.917559 1.638186 -0.276714
v 0.916753 1.637472 -0.276653
v 0.916425 1.636582 -0.276140
v 0.634041 1.635101 -0.280582
v 0.634149 1.635913 -0.280956
v 0.634407 1.636775 -0.280896
v 1.046494 1.639116 -0.274304
v 1.046720 1.640007 -0.274679
v 1.047284 1.641015 -0.274578
v 0.916990 1.656781 -0.286161
v 0.917359 1.656004 -0.285762
v 0.918385 1.655469 -0.285066
v 1.047647 1.657853 -0.283174
v 1.047311 1.658376 -0.283815
v 1.047216 1.659183 -0.284195
v 0.920418 1.732375 -0.303486
v 0.919628 1.731692 -0.303738
v 0.919303 1.730673 -0.303655
v 0.635930 1.729235 -0.307987
v 0.636028 1.730128 -0.307981
v 0.636267 1.730888 -0.307565
v 1.050458 1.733142 -0.301704
v 1.050661 1.734145 -0.301717
v 1.051128 1.734956 -0.301299
v 0.920164 1.752630 -0.303723
v 0.920562 1.751755 -0.303695
v 0.921669 1.750994 -0.303262
v 1.052058 1.753404 -0.301356
v 1.051709 1.754135 -0.301740
v 1.051618 1.755032 -0.301735
v 0.924768 1.828006 -0.285355
v 0.924005 1.827477 -0.285871
v 0.923683 1.826536 -0.286240
v 0.637273 1.825086 -0.290453
v 0.637359 1.825883 -0.290066
v 0.637574 1.826420 -0.289389
v 1.056218 1.828923 -0.284255
v 1.056423 1.829881 -0.283825
v 1.056862 1.830482 -0.283119
v 0.924808 1.846996 -0.276164
v 0.925069 1.846112 -0.276669
v 0.925841 1.845402 -0.276730
v 1.058081 1.847538 -0.274686
v 1.057664 1.848342 -0.274738
v 1.057414 1.849117 -0.274373
v 0.930004 1.910535 -0.225055
v 0.929264 1.910234 -0.225735
v 0.928951 1.909537 -0.226453
v 0.638253 1.908030 -0.230573
v 0.638331 1.908601 -0.229902
v 0.638536 1.908859 -0.229081
v 1.062340 1.911976 -0.224412
v 1.062350 1.912622 -0.223673
v 1.062676 1.912913 -0.222826
v 0.930068 1.925069 -0.207982
v 0.930343 1.924455 -0.208788
v 0.931116 1.923841 -0.209140
v 1.063593 1.925942 -0.207204
v 1.063171 1.926699 -0.206907
v 1.062926 1.927257 -0.206277
v 0.933744 1.967386 -0.131741
v 0.933022 1.967336 -0.132484
v 0.932732 1.966956 -0.133405
v 0.638750 1.965377 -0.137467
v 0.638822 1.965662 -0.136636
v 0.639022 1.965627 -0.135779
v 1.068471 1.968135 -0.131116
v 1.068473 1.968450 -0.130192
v 1.068783 1.968431 -0.129296
v 0.933011 1.975254 -0.109722
v 0.933435 1.974934 -0.110521
v 0.934575 1.974334 -0.111126
v 1.069864 1.974976 -0.108868
v 1.069486 1.975524 -0.108277
v 1.069256 1.975810 -0.107479
v 0.934853 1.989663 -0.019390
v 0.933797 1.989994 -0.020202
v 0.933404 1.990022 -0.021073
v 0.638428 1.988377 -0.025364
v 0.638496 1.988362 -0.024486
v 0.638696 1.988035 -0.023693
v 1.071119 1.989523 -0.019130
v 1.071117 1.989513 -0.018166
v 1.071410 1.989206 -0.017329
v 0.933015 1.990022 0.004269
v 0.933435 1.989994 0.003410
v 0.934517 1.989662 0.002629
v 1.071041 1.989237 0.004648
v 1.070697 1.989527 0.005411
v 1.070546 1.989535 0.006284
v 1.072371 1.965463 0.104055
v 1.072630 1.965541 0.103178
v 1.072414 1.966074 0.102462
v 1.122077 1.969790 0.112414
v 1.122388 1.969208 0.113174
v 1.122316 1.969197 0.114095
v 1.132293 2.026650 0.103018
v 1.131920 2.027090 0.102291
v 1.131710 2.027273 0.101409
v 1.116689 1.978940 0.106298
v 1.116320 1.979580 0.105635
v 1.116161 1.979891 0.104767
v 1.118299 1.973530 0.127872
v 1.118255 1.973741 0.127009
v 1.118415 1.973618 0.126160
v 1.136907 2.197166 0.087328
v 1.136432 2.197896 0.086715
v 1.136155 2.198156 0.085721
v 1.137072 2.025501 0.122901
v 1.136801 2.025530 0.122082
v 1.136707 2.025347 0.121244
v 1.142092 2.198161 0.106174
v 1.142049 2.198826 0.106908
v 1.142325 2.199113 0.107816
v 1.122311 2.030539 -0.001165
v 1.122259 2.030468 -0.000287
v 1.122370 2.030197 0.000559
v 1.113347 1.990562 -0.004354
v 1.113104 1.990924 -0.005172
v 1.113063 1.990972 -0.006078
v 1.112445 1.991115 0.018660
v 1.112512 1.991070 0.017778
v 1.112776 1.990722 0.017003
v 1.124428 2.026180 0.011210
v 1.124561 2.025970 0.010362
v 1.124478 2.026144 0.009499
v 1.133458 2.179981 -0.006835
v 1.133653 2.179518 -0.005980
v 1.133432 2.179979 -0.005131
v 1.121596 2.031112 0.021784
v 1.121572 2.031041 0.020905
v 1.121720 2.030752 0.020088
v 1.126306 2.195512 0.004047
v 1.126036 2.196191 0.004753
v 1.126027 2.196458 0.005733
v 1.140989 2.024925 -0.101666
v 1.140692 2.024958 -0.100854
v 1.140557 2.024795 -0.100008
v 1.122330 1.973556 -0.113173
v 1.122191 1.973690 -0.114068
v 1.122262 1.973475 -0.114959
v 1.119231 1.979852 -0.091895
v 1.119413 1.979548 -0.092787
v 1.119788 1.978939 -0.093428
v 1.139357 2.021702 -0.087303
v 1.139745 2.021332 -0.088031
v 1.139924 2.021385 -0.088920
v 1.149348 2.182045 -0.106125
v 1.149266 2.181597 -0.105236
v 1.148787 2.182094 -0.104512
v 1.134432 2.027531 -0.080419
v 1.134668 2.027350 -0.081296
v 1.135068 2.026902 -0.081996
v 1.139763 2.197178 -0.099132
v 1.139271 2.197920 -0.098538
v 1.138966 2.198217 -0.097556
v 1.184801 2.008387 -0.185069
v 1.184265 2.008561 -0.184411
v 1.183899 2.008487 -0.183628
v 1.143192 1.928274 -0.203903
v 1.143156 1.928153 -0.204844
v 1.143362 1.927657 -0.205611
v 1.137616 1.940072 -0.187766
v 1.137967 1.939529 -0.188479
v 1.138576 1.938805 -0.188775
v 1.179147 2.006346 -0.170951
v 1.179749 2.005770 -0.171387
v 1.180197 2.005699 -0.172207
v 1.191167 2.188034 -0.190037
v 1.190791 2.187567 -0.189211
v 1.190077 2.188090 -0.188717
v 1.173251 2.013549 -0.168577
v 1.173759 2.013205 -0.169317
v 1.174359 2.012544 -0.169696
v 1.180453 2.202763 -0.187870
v 1.179798 2.203490 -0.187498
v 1.179186 2.203724 -0.186636
v 1.247097 1.977119 -0.238611
v 1.246352 1.977419 -0.238235
v 1.245750 1.977443 -0.237601
v 1.176080 1.860593 -0.262091
v 1.176239 1.860194 -0.262930
v 1.176752 1.859491 -0.263384
v 1.168354 1.876136 -0.253861
v 1.168756 1.875383 -0.254266
v 1.169266 1.874546 -0.254223
v 1.237756 1.976681 -0.227071
v 1.238427 1.975999 -0.227106
v 1.239130 1.975811 -0.227743
v 1.252893 2.196469 -0.245892
v 1.252237 2.195960 -0.245278
v 1.251362 2.196474 -0.245138
v 1.231964 1.985220 -0.229563
v 1.232730 1.984761 -0.229971
v 1.233492 1.984164 -0.229846
v 1.242489 2.210756 -0.248849
v 1.241738 2.211480 -0.248793
v 1.240847 2.211692 -0.248233
v 1.318125 1.937730 -0.253891
v 1.317286 1.938081 -0.253913
v 1.316483 1.938193 -0.253528
v 1.214980 1.782082 -0.279032
v 1.215196 1.781346 -0.279665
v 1.215605 1.780410 -0.279720
v 1.206560 1.798644 -0.279929
v 1.207000 1.797817 -0.279954
v 1.207448 1.797092 -0.279588
v 1.306338 1.938839 -0.246763
v 1.306986 1.938175 -0.246372
v 1.307886 1.937904 -0.246690
v 1.325374 2.205173 -0.264943
v 1.324546 2.204604 -0.264697
v 1.323671 2.205068 -0.264991
v 1.301773 1.947056 -0.253933
v 1.302605 1.946437 -0.253926
v 1.303149 1.945700 -0.253432
v 1.316666 2.219172 -0.272734
v 1.315979 2.219844 -0.273034
v 1.314992 2.220030 -0.272960
v 1.387736 1.897869 -0.228284
v 1.386968 1.898173 -0.228699
v 1.386060 1.898320 -0.228666
v 1.253583 1.704787 -0.252490
v 1.253870 1.703857 -0.252675
v 1.254221 1.703025 -0.252287
v 1.245875 1.719678 -0.262174
v 1.246266 1.718949 -0.261803
v 1.246615 1.718411 -0.261186
v 1.374836 1.899640 -0.226500
v 1.375316 1.899137 -0.225819
v 1.376261 1.898879 -0.225746
v 1.397571 2.212409 -0.244018
v 1.396758 2.211794 -0.244188
v 1.396078 2.212195 -0.244854
v 1.372591 1.906312 -0.237546
v 1.373374 1.906027 -0.237088
v 1.373730 1.905577 -0.236348
v 1.391856 2.226301 -0.255635
v 1.391362 2.226914 -0.256209
v 1.390496 2.227086 -0.256619
v 1.445528 1.864488 -0.165675
v 1.444988 1.864744 -0.166353
v 1.444187 1.865049 -0.166692
v 1.286052 1.640150 -0.186473
v 1.286297 1.639336 -0.186095
v 1.286514 1.638783 -0.185404
v 1.280207 1.651330 -0.203182
v 1.280493 1.650814 -0.202530
v 1.280729 1.650498 -0.201755
v 1.432955 1.866025 -0.169366
v 1.433150 1.865619 -0.168535
v 1.433880 1.865229 -0.168108
v 1.458352 2.217300 -0.186198
v 1.457706 2.216710 -0.186707
v 1.457327 2.217087 -0.187568
v 1.434151 1.871108 -0.182453
v 1.434604 1.870737 -0.181733
v 1.434678 1.870385 -0.180894
v 1.456495 2.231284 -0.199810
v 1.456244 2.231871 -0.200531
v 1.455652 2.232053 -0.201266
v 1.482356 1.843067 -0.075608
v 1.482048 1.843127 -0.076440
v 1.481398 1.843161 -0.077067
v 1.306651 1.598100 -0.090592
v 1.306762 1.597610 -0.089870
v 1.306835 1.597359 -0.089039
v 1.303666 1.604089 -0.111963
v 1.303827 1.603818 -0.111157
v 1.303943 1.603741 -0.110309
v 1.471604 1.843638 -0.084342
v 1.471573 1.843468 -0.083451
v 1.472153 1.843386 -0.082733
v 1.498302 2.219899 -0.100257
v 1.497889 2.219381 -0.100987
v 1.497805 2.219780 -0.101890
v 1.476430 1.846589 -0.097238
v 1.476618 1.846374 -0.096390
v 1.476447 1.846174 -0.095542
v 1.500453 2.234117 -0.113628
v 1.500439 2.234710 -0.114384
v 1.500139 2.234911 -0.115285
v 1.492076 1.836819 0.028094
v 1.492029 1.836746 0.027219
v 1.491633 1.836673 0.026430
v 1.311588 1.585316 0.020504
v 1.311567 1.585132 0.021344
v 1.311510 1.585150 0.022200
v 1.311887 1.585151 -0.002480
v 1.311919 1.585132 -0.001620
v 1.311914 1.585316 -0.000777
v 1.484394 1.835756 0.015518
v 1.484078 1.835719 0.016362
v 1.484369 1.835757 0.017220
v 1.511132 2.220618 0.000696
v 1.510975 2.220171 -0.000158
v 1.511159 2.220620 -0.001006
v 1.492504 1.836819 0.004869
v 1.492432 1.836747 0.005745
v 1.492011 1.836674 0.006521
v 1.516788 2.235049 -0.010303
v 1.517004 2.235701 -0.011029
v 1.516990 2.235937 -0.012008
v 1.472856 1.846559 0.129630
v 1.473066 1.846348 0.128798
v 1.472924 1.846150 0.127950
v 1.300372 1.603741 0.129713
v 1.300230 1.603817 0.130555
v 1.300046 1.604087 0.131351
v 1.303898 1.597359 0.108544
v 1.303801 1.597610 0.109376
v 1.303667 1.598102 0.110096
v 1.469108 1.843387 0.115029
v 1.468512 1.843468 0.115722
v 1.468514 1.843636 0.116611
v 1.494690 2.219779 0.101118
v 1.494805 2.219384 0.100219
v 1.495242 2.219906 0.099500
v 1.479586 1.843067 0.108214
v 1.479254 1.843127 0.109033
v 1.478589 1.843161 0.109637
v 1.502857 2.234317 0.094118
v 1.503303 2.235063 0.093512
v 1.503592 2.235349 0.092533
v 1.427925 1.871024 0.213442
v 1.428391 1.870661 0.212752
v 1.428496 1.870318 0.211930
v 1.274330 1.650499 0.220344
v 1.274071 1.650813 0.221108
v 1.273765 1.651327 0.221747
v 1.280596 1.638782 0.204188
v 1.280358 1.639337 0.204874
v 1.280102 1.640157 0.205245
v 1.428363 1.865506 0.199106
v 1.427540 1.865688 0.199521
v 1.427270 1.866005 0.200344
v 1.451605 2.217093 0.185513
v 1.452014 2.216716 0.184660
v 1.452680 2.217312 0.184170
v 1.439968 1.864470 0.197033
v 1.439381 1.864659 0.197698
v 1.438504 1.864775 0.198011
v 1.460896 2.231806 0.183410
v 1.461538 2.232652 0.183037
v 1.462157 2.232998 0.182164
v 1.364583 1.906260 0.266544
v 1.365330 1.905937 0.266120
v 1.365694 1.905493 0.265422
v 1.238302 1.718413 0.278590
v 1.237933 1.718950 0.279192
v 1.237530 1.719677 0.279548
v 1.246173 1.703026 0.269954
v 1.245811 1.703860 0.270327
v 1.245531 1.704796 0.270128
v 1.368755 1.898818 0.254855
v 1.367814 1.899070 0.254891
v 1.367307 1.899558 0.255539
v 1.388627 2.212203 0.240882
v 1.389329 2.211797 0.240234
v 1.390149 2.212411 0.240087
v 1.380105 1.897795 0.257763
v 1.379329 1.898096 0.258148
v 1.378421 1.898244 0.258082
v 1.397664 2.227231 0.243910
v 1.398391 2.228108 0.243874
v 1.399311 2.228494 0.243300
v 1.293159 1.946987 0.280590
v 1.293980 1.946380 0.280616
v 1.294537 1.945669 0.280161
v 1.198459 1.797097 0.295619
v 1.198005 1.797811 0.295968
v 1.197575 1.798616 0.295933
v 1.206616 1.780421 0.296037
v 1.206213 1.781349 0.295965
v 1.206019 1.782083 0.295323
v 1.299676 1.937857 0.273562
v 1.298788 1.938122 0.273199
v 1.298123 1.938771 0.273550
v 1.315635 2.205071 0.258768
v 1.316518 2.204603 0.258499
v 1.317339 2.205169 0.258769
v 1.309511 1.937640 0.281092
v 1.308664 1.937997 0.281084
v 1.307869 1.938112 0.280662
v 1.323024 2.220632 0.266630
v 1.323657 2.221447 0.266943
v 1.324661 2.221830 0.266875
v 1.224098 1.985304 0.253821
v 1.224840 1.984749 0.254306
v 1.225509 1.983936 0.254262
v 1.160871 1.874559 0.268902
v 1.160362 1.875391 0.268921
v 1.159970 1.876151 0.268491
v 1.168165 1.859510 0.278366
v 1.167719 1.860201 0.277867
v 1.167605 1.860595 0.277006
v 1.231573 1.975844 0.252317
v 1.230871 1.976042 0.251650
v 1.230167 1.976752 0.251598
v 1.243967 2.196477 0.236694
v 1.244840 2.195957 0.236860
v 1.245479 2.196461 0.237491
v 1.239136 1.977129 0.263382
v 1.238398 1.977433 0.262977
v 1.237812 1.977458 0.262317
v 1.248310 2.212576 0.248303
v 1.248736 2.213308 0.248863
v 1.249592 2.213661 0.249282
v 1.167493 2.013675 0.190853
v 1.167994 2.013319 0.191628
v 1.168602 2.012639 0.192036
v 1.132180 1.938749 0.202423
v 1.131711 1.939561 0.202067
v 1.131432 1.940130 0.201332
v 1.136645 1.927679 0.219364
v 1.136462 1.928177 0.218603
v 1.136524 1.928300 0.217700
v 1.174454 2.005770 0.194768
v 1.174019 2.005831 0.193933
v 1.173431 2.006392 0.193478
v 1.184130 2.186414 0.178539
v 1.185125 2.186733 0.178793
v 1.185516 2.187535 0.179394
v 1.178851 2.008505 0.207681
v 1.178332 2.008681 0.207002
v 1.177981 2.008606 0.206212
v 1.184844 2.204422 0.191917
v 1.185033 2.205089 0.192609
v 1.185605 2.205372 0.193353
v 1.129356 2.486188 0.072119
v 1.128996 2.487038 0.071521
v 1.128739 2.487358 0.070510
v 1.136275 2.486592 0.093131
v 1.136346 2.487376 0.093780
v 1.136720 2.487688 0.094668
v 1.126637 2.195465 -0.016190
v 1.126378 2.196152 -0.016942
v 1.126398 2.196372 -0.017970
v 1.119501 2.486939 -0.019105
v 1.119416 2.486627 -0.018110
v 1.119550 2.485819 -0.017447
v 1.119203 2.485819 0.005175
v 1.119049 2.486627 0.005834
v 1.119103 2.486939 0.006831
v 1.145546 2.198076 -0.117748
v 1.145524 2.198804 -0.118554
v 1.145859 2.199120 -0.119541
v 1.139803 2.487688 -0.106360
v 1.139401 2.487376 -0.105484
v 1.139311 2.486592 -0.104838
v 1.131751 2.486188 -0.084047
v 1.131372 2.487038 -0.083460
v 1.131085 2.487358 -0.082458
v 1.190889 2.204312 -0.202110
v 1.191124 2.205076 -0.202879
v 1.191792 2.205433 -0.203691
v 1.186613 2.489493 -0.177939
v 1.185924 2.489170 -0.177286
v 1.185620 2.488381 -0.176731
v 1.171993 2.487673 -0.160932
v 1.171420 2.488554 -0.160515
v 1.170789 2.488879 -0.159649
v 1.256033 2.212465 -0.256520
v 1.256511 2.213285 -0.257127
v 1.257433 2.213674 -0.257554
v 1.252809 2.492079 -0.222865
v 1.251896 2.491733 -0.222560
v 1.251406 2.490906 -0.222182
v 1.233774 2.490085 -0.213782
v 1.233093 2.490957 -0.213626
v 1.232186 2.491270 -0.213071
v 1.331266 2.220549 -0.272569
v 1.331944 2.221427 -0.272889
v 1.332986 2.221836 -0.272792
v 1.328245 2.495050 -0.234264
v 1.327251 2.494676 -0.234409
v 1.326642 2.493789 -0.234288
v 1.307689 2.493058 -0.234583
v 1.307024 2.493882 -0.234721
v 1.306011 2.494172 -0.234608
v 1.405203 2.227226 -0.247597
v 1.405925 2.228105 -0.247543
v 1.406816 2.228492 -0.246951
v 1.401374 2.497951 -0.210466
v 1.400501 2.497562 -0.211056
v 1.399887 2.496624 -0.211233
v 1.382515 2.496096 -0.220176
v 1.381978 2.496873 -0.220566
v 1.381058 2.497143 -0.220896
v 1.466562 2.231830 -0.185172
v 1.467179 2.232659 -0.184786
v 1.467760 2.232997 -0.183911
v 1.461100 2.500343 -0.155183
v 1.460515 2.499966 -0.156079
v 1.460020 2.499029 -0.156518
v 1.446875 2.498707 -0.172730
v 1.446529 2.499464 -0.173289
v 1.445842 2.499729 -0.173959
v 1.505762 2.234337 -0.094621
v 1.506181 2.235069 -0.094012
v 1.506435 2.235349 -0.093042
v 1.498411 2.501863 -0.076817
v 1.498180 2.501520 -0.077834
v 1.497885 2.500637 -0.078436
v 1.490959 2.500484 -0.099448
v 1.490828 2.501256 -0.100095
v 1.490432 2.501534 -0.100979
v 1.516480 2.235066 0.010185
v 1.516670 2.235706 0.010900
v 1.516630 2.235937 0.011850
v 1.507649 2.502282 0.012789
v 1.507758 2.501976 0.011795
v 1.507687 2.501159 0.011132
v 1.508035 2.501159 -0.011489
v 1.508125 2.501976 -0.012149
v 1.508047 2.502282 -0.013147
v 1.496965 2.234135 0.112945
v 1.496929 2.234726 0.113693
v 1.496610 2.234926 0.114570
v 1.487349 2.501534 0.100040
v 1.487772 2.501256 0.099169
v 1.487924 2.500484 0.098526
v 1.495490 2.500637 0.077736
v 1.495803 2.501520 0.077144
v 1.496066 2.501863 0.076135
v 1.450397 2.231299 0.197744
v 1.450129 2.231876 0.198445
v 1.449524 2.232054 0.199150
v 1.440543 2.499729 0.171618
v 1.441250 2.499464 0.170970
v 1.441613 2.498707 0.170422
v 1.455249 2.499029 0.154620
v 1.455757 2.499966 0.154197
v 1.456369 2.500343 0.153320
v 1.384069 2.226315 0.251542
v 1.383565 2.226919 0.252093
v 1.382700 2.227089 0.252470
v 1.374350 2.497143 0.216547
v 1.375280 2.496873 0.216246
v 1.375828 2.496096 0.215873
v 1.393466 2.496624 0.207466
v 1.394086 2.497562 0.207308
v 1.394977 2.497951 0.206745
v 1.308397 2.219174 0.266307
v 1.307709 2.219845 0.266587
v 1.306740 2.220031 0.266487
v 1.298918 2.494172 0.227952
v 1.299927 2.493882 0.228096
v 1.300595 2.493058 0.227979
v 1.319549 2.493789 0.228265
v 1.320154 2.494676 0.228404
v 1.321152 2.495050 0.228289
v 1.234979 2.210762 0.240143
v 1.234249 2.211493 0.240076
v 1.233413 2.211734 0.239517
v 1.225791 2.491270 0.204164
v 1.226677 2.490958 0.204745
v 1.227352 2.490089 0.204921
v 1.244720 2.490906 0.213857
v 1.245198 2.491733 0.214250
v 1.246102 2.492079 0.214583
v 1.175191 2.203799 0.177176
v 1.174335 2.203786 0.176941
v 1.173748 2.203742 0.176274
v 1.166057 2.488879 0.148881
v 1.166662 2.488554 0.149767
v 1.167222 2.487673 0.150201
v 1.180358 2.488380 0.166411
v 1.180645 2.489170 0.166974
v 1.181314 2.489493 0.167648
v 1.205302 2.649871 0.031560
v 1.205459 2.649871 0.032405
v 1.205670 2.649858 0.033236
v 1.213067 2.650192 0.055021
v 1.212360 2.650131 0.053473
v 1.212687 2.650169 0.054259
v 1.238919 2.651217 0.093302
v 1.237564 2.651146 0.092272
v 1.238200 2.651193 0.092839
v 1.275006 2.652675 0.117081
v 1.273372 2.652571 0.116606
v 1.274185 2.652632 0.116858
v 1.316079 2.654300 0.122381
v 1.314402 2.654194 0.122753
v 1.315241 2.654256 0.122567
v 1.355777 2.655858 0.108577
v 1.354432 2.655769 0.109680
v 1.355098 2.655823 0.109117
v 1.388101 2.657116 0.077789
v 1.387290 2.657052 0.079334
v 1.387680 2.657091 0.078551
v 1.408156 2.657882 0.034672
v 1.407925 2.657844 0.036387
v 1.408021 2.657870 0.035526
v 1.412877 2.658039 -0.014247
v 1.413209 2.658024 -0.012566
v 1.413024 2.658038 -0.013404
v 1.401508 2.657562 -0.061528
v 1.402376 2.657568 -0.060061
v 1.401928 2.657571 -0.060787
v 1.375758 2.656522 -0.099938
v 1.377100 2.656546 -0.098889
v 1.376423 2.656541 -0.099406
v 1.339568 2.655078 -0.123590
v 1.341222 2.655113 -0.123172
v 1.340396 2.655096 -0.123381
v 1.298494 2.653453 -0.128889
v 1.300179 2.653489 -0.129214
v 1.299334 2.653478 -0.129063
v 1.258796 2.651895 -0.115084
v 1.260213 2.651921 -0.116071
v 1.259493 2.651915 -0.115595
v 1.226473 2.650637 -0.084297
v 1.227429 2.650645 -0.085735
v 1.226930 2.650647 -0.085031
v 1.206418 2.649871 -0.041180
v 1.206837 2.649858 -0.042844
v 1.206600 2.649871 -0.042020
v 1.201698 2.649714 0.007742
v 1.201559 2.649678 0.006042
v 1.201599 2.649703 0.006894
v 0.950883 1.964325 0.102140
v 0.950449 1.964573 0.101371
v 0.949806 1.965248 0.100698
v 1.136690 2.021476 0.110126
v 1.136558 2.021394 0.109237
v 1.136205 2.021744 0.108483
v 1.145758 2.182093 0.092973
v 1.146215 2.181597 0.093711
v 1.146270 2.182045 0.094602
v 0.954755 1.982637 -0.007499
v 0.955052 1.982538 -0.008478
v 0.953805 1.982978 -0.009179
v 1.077497 1.982922 -0.007128
v 1.077713 1.982691 -0.006256
v 1.077468 1.982924 -0.005390
v 1.117851 1.983697 0.007232
v 1.118038 1.983453 0.006381
v 1.117858 1.983740 0.005489
v 0.953139 1.965249 -0.116890
v 0.953804 1.964574 -0.117544
v 0.954262 1.964325 -0.118299
v 1.075742 1.965469 -0.116637
v 1.075979 1.965548 -0.115732
v 1.075737 1.966092 -0.115009
v 1.125509 1.969691 -0.099370
v 1.125832 1.969140 -0.100120
v 1.125775 1.969155 -0.101083
v 0.950814 1.912706 -0.210344
v 0.950303 1.912116 -0.210860
v 0.949884 1.911873 -0.211845
v 1.069983 1.914185 -0.209735
v 1.070207 1.914592 -0.208933
v 1.069918 1.915406 -0.208513
v 1.144547 1.928072 -0.190249
v 1.145137 1.927371 -0.190706
v 1.145262 1.927140 -0.191668
v 0.945497 1.834668 -0.272705
v 0.944906 1.833983 -0.272958
v 0.944443 1.833350 -0.273806
v 1.064410 1.835757 -0.271746
v 1.064689 1.836439 -0.271127
v 1.064425 1.837362 -0.271074
v 1.175994 1.864093 -0.250717
v 1.176506 1.863175 -0.250861
v 1.176682 1.862622 -0.251718
v 0.940863 1.742480 -0.294776
v 0.940196 1.741779 -0.294754
v 0.939648 1.740841 -0.295275
v 1.058561 1.743316 -0.293300
v 1.058888 1.744197 -0.292980
v 1.058649 1.745079 -0.293308
v 1.213535 1.788058 -0.271734
v 1.214026 1.787162 -0.271502
v 1.214302 1.786360 -0.272081
v 0.937086 1.650368 -0.273550
v 0.937567 1.649678 -0.272970
v 0.937010 1.648836 -0.272810
v 1.054279 1.650906 -0.271099
v 1.054702 1.651905 -0.271104
v 1.054553 1.652602 -0.271666
v 1.251511 1.711864 -0.249983
v 1.251899 1.711140 -0.249444
v 1.252218 1.710201 -0.249576
v 0.934413 1.571954 -0.211819
v 0.934931 1.571678 -0.210844
v 0.935246 1.571141 -0.210313
v 1.051614 1.573041 -0.208488
v 1.051943 1.573817 -0.208919
v 1.051738 1.574209 -0.209750
v 1.283949 1.647259 -0.188896
v 1.284196 1.646816 -0.188145
v 1.284458 1.646023 -0.187733
v 0.932010 1.519361 -0.118876
v 0.933172 1.519535 -0.118042
v 0.932841 1.519113 -0.117180
v 1.049159 1.521103 -0.115218
v 1.049461 1.521635 -0.115914
v 1.049248 1.521709 -0.116811
v 1.305277 1.604056 -0.097960
v 1.305385 1.603910 -0.097110
v 1.305510 1.603449 -0.096370
v 0.930897 1.500983 -0.008617
v 0.931159 1.501082 -0.007625
v 0.929911 1.500638 -0.006964
v 1.047117 1.503078 -0.005412
v 1.047384 1.503316 -0.006259
v 1.047141 1.503077 -0.007114
v 1.311642 1.588706 0.009008
v 1.311624 1.588849 0.009859
v 1.311615 1.588705 0.010712
v 0.929493 1.519112 0.101103
v 0.929798 1.519535 0.101975
v 0.928610 1.519361 0.102773
v 1.045855 1.521708 0.104288
v 1.046096 1.521632 0.103394
v 1.045812 1.521095 0.102685
v 1.302350 1.603450 0.115830
v 1.302203 1.603910 0.116565
v 1.302070 1.604056 0.117413
v 0.929041 1.571141 0.194224
v 0.928711 1.571678 0.194745
v 0.928163 1.571954 0.195704
v 1.045585 1.574195 0.197062
v 1.046032 1.573837 0.196326
v 1.046313 1.573049 0.195948
v 1.278492 1.646018 0.206446
v 1.278219 1.646815 0.206850
v 1.277950 1.647260 0.207594
v 0.929513 1.649175 0.256581
v 0.928965 1.649873 0.256812
v 0.928544 1.650476 0.257657
v 1.046350 1.652650 0.259215
v 1.046593 1.651966 0.258573
v 1.046264 1.651054 0.258491
v 1.244290 1.710190 0.267174
v 1.243977 1.711137 0.267026
v 1.243573 1.711863 0.267549
v 0.932039 1.741362 0.278648
v 0.931416 1.742060 0.278596
v 0.930917 1.742985 0.279121
v 1.049842 1.745083 0.280739
v 1.050101 1.744207 0.280411
v 1.049782 1.743340 0.280705
v 1.205579 1.786354 0.288355
v 1.205324 1.787157 0.287756
v 1.204828 1.788049 0.287964
v 0.936296 1.833351 0.257636
v 0.936784 1.833982 0.256801
v 0.937381 1.834668 0.256565
v 1.056832 1.837514 0.258525
v 1.056756 1.836484 0.258517
v 1.056316 1.835789 0.259090
v 1.168451 1.862628 0.266624
v 1.168292 1.863175 0.265778
v 1.167777 1.864088 0.265624
v 0.943639 1.911874 0.195664
v 0.944087 1.912116 0.194693
v 0.944612 1.912706 0.194191
v 1.063720 1.915400 0.195909
v 1.064000 1.914591 0.196330
v 1.063762 1.914188 0.197104
v 1.139042 1.927161 0.205430
v 1.139010 1.927432 0.204478
v 1.138576 1.928237 0.203975
v 1.138475 2.460938 0.079464
v 1.138881 2.460361 0.080222
v 1.139021 2.460916 0.081080
v 1.125714 2.460307 -0.006890
v 1.125840 2.459747 -0.006037
v 1.125688 2.460307 -0.005188
v 1.141686 2.460916 -0.092708
v 1.141520 2.460361 -0.091855
v 1.141091 2.460938 -0.091109
v 1.184002 2.462665 -0.164934
v 1.183544 2.462098 -0.164193
v 1.182869 2.462689 -0.163653
v 1.246248 2.465249 -0.212530
v 1.245544 2.464653 -0.212036
v 1.244700 2.465238 -0.211811
v 1.318921 2.468199 -0.228200
v 1.318092 2.467569 -0.228066
v 1.317220 2.468131 -0.228225
v 1.390908 2.471019 -0.209569
v 1.390119 2.470365 -0.209819
v 1.389384 2.470903 -0.210336
v 1.451245 2.473295 -0.159536
v 1.450633 2.472648 -0.160097
v 1.450154 2.473177 -0.160854
v 1.490789 2.474750 -0.085746
v 1.490429 2.474139 -0.086504
v 1.490245 2.474679 -0.087362
v 1.503554 2.475229 0.000607
v 1.503473 2.474659 -0.000246
v 1.503581 2.475229 -0.001095
v 1.487581 2.474679 0.086424
v 1.487791 2.474139 0.085572
v 1.488173 2.474750 0.084825
v 1.445254 2.473177 0.158652
v 1.445757 2.472648 0.157911
v 1.446385 2.473295 0.157368
v 1.382997 2.470903 0.206248
v 1.383746 2.470365 0.205754
v 1.384543 2.471019 0.205528
v 1.310318 2.468131 0.221916
v 1.311193 2.467569 0.221783
v 1.312018 2.468199 0.221942
v 1.238334 2.465241 0.203285
v 1.239171 2.464653 0.203536
v 1.239859 2.465246 0.204051
v 1.178010 2.462689 0.153254
v 1.178668 2.462098 0.153815
v 1.179103 2.462665 0.154570
v 1.208840 2.649626 0.044109
v 1.209125 2.649655 0.044910
v 1.208586 2.649629 0.043294
v 1.231460 2.650546 0.085880
v 1.232026 2.650588 0.086515
v 1.230939 2.650538 0.085201
v 1.265879 2.651914 0.114000
v 1.266641 2.651977 0.114392
v 1.265261 2.651875 0.113388
v 1.306694 2.653541 0.124376
v 1.307544 2.653597 0.124278
v 1.305843 2.653521 0.124299
v 1.347838 2.655159 0.115275
v 1.348554 2.655208 0.114792
v 1.347032 2.655141 0.115562
v 1.383014 2.656531 0.088149
v 1.383481 2.656566 0.087419
v 1.382383 2.656520 0.088727
v 1.406876 2.657448 0.047113
v 1.407060 2.657470 0.046270
v 1.406486 2.657447 0.047876
v 1.415782 2.657769 -0.001590
v 1.415686 2.657779 -0.002443
v 1.415660 2.657779 -0.000741
v 1.408374 2.657448 -0.050544
v 1.408007 2.657447 -0.051318
v 1.408532 2.657470 -0.049696
v 1.385782 2.656532 -0.092292
v 1.385168 2.656521 -0.092889
v 1.386225 2.656567 -0.091548
v 1.351453 2.655159 -0.120484
v 1.350656 2.655141 -0.120796
v 1.352154 2.655208 -0.119980
v 1.310608 2.653541 -0.130843
v 1.309754 2.653521 -0.130792
v 1.311454 2.653597 -0.130718
v 1.269444 2.651922 -0.121787
v 1.268691 2.651905 -0.121383
v 1.270242 2.651975 -0.122083
v 1.234228 2.650547 -0.094671
v 1.233687 2.650538 -0.094008
v 1.234813 2.650589 -0.095288
v 1.210338 2.649626 -0.053615
v 1.210060 2.649629 -0.052808
v 1.210648 2.649655 -0.054407
v 1.201423 2.649304 -0.004877
v 1.201422 2.649319 -0.004025
v 1.201448 2.649319 -0.005727
v 0.562730 1.962153 0.096790
v 0.562753 1.962214 0.095900
v 0.562775 1.962777 0.095207
v 0.639545 1.963226 0.096337
v 0.639685 1.962671 0.097035
v 0.639529 1.962602 0.097921
v 0.565046 1.987597 -0.002735
v 0.565018 1.987956 -0.001071
v 0.565035 1.987936 -0.001937
v 0.638358 1.988035 -0.001645
v 0.638133 1.988362 -0.000858
v 0.638039 1.988377 0.000018
v 0.565171 1.980789 -0.014590
v 0.565145 1.980789 -0.012888
v 0.565156 1.980530 -0.013739
v 0.642422 1.981238 -0.013460
v 0.642553 1.980986 -0.012607
v 0.642396 1.981238 -0.011758
v 0.566155 1.964560 -0.116487
v 0.566150 1.965490 -0.115061
v 0.566155 1.965174 -0.115871
v 0.639131 1.972649 -0.115402
v 0.638907 1.973248 -0.114792
v 0.638825 1.973562 -0.113971
v 0.566122 1.954509 -0.124266
v 0.566116 1.955133 -0.122682
v 0.566116 1.954571 -0.123375
v 0.642919 1.962602 -0.123137
v 0.643047 1.962671 -0.122246
v 0.642886 1.963226 -0.121553
v 0.566523 1.913749 -0.214538
v 0.566524 1.915158 -0.213582
v 0.566525 1.914566 -0.214226
v 0.638774 1.921844 -0.213462
v 0.638541 1.922643 -0.213149
v 0.638459 1.923238 -0.212492
v 0.566484 1.902017 -0.217176
v 0.566482 1.903197 -0.215949
v 0.566481 1.902393 -0.216356
v 0.642488 1.910109 -0.216049
v 0.642617 1.910492 -0.215231
v 0.642446 1.911287 -0.214820
v 0.566305 1.835319 -0.281978
v 0.566320 1.836997 -0.281689
v 0.566315 1.836195 -0.282048
v 0.637782 1.843414 -0.280914
v 0.637550 1.844275 -0.280976
v 0.637471 1.845085 -0.280605
v 0.566154 1.823598 -0.279161
v 0.566171 1.825164 -0.278494
v 0.566160 1.824253 -0.278527
v 0.641465 1.831690 -0.278033
v 0.641604 1.832350 -0.277405
v 0.641435 1.833255 -0.277364
v 0.565181 1.741216 -0.308619
v 0.565204 1.742859 -0.309063
v 0.565193 1.741982 -0.309049
v 0.636590 1.749303 -0.307563
v 0.636376 1.750061 -0.307982
v 0.636306 1.750950 -0.307990
v 0.565019 1.731176 -0.300706
v 0.565045 1.732879 -0.300705
v 0.565031 1.732027 -0.300366
v 0.640182 1.739273 -0.299572
v 0.640351 1.740123 -0.299245
v 0.640207 1.740975 -0.299580
v 0.563492 1.645694 -0.290423
v 0.563519 1.647013 -0.291499
v 0.563504 1.646230 -0.291112
v 0.634770 1.653773 -0.289370
v 0.634575 1.654307 -0.290049
v 0.634516 1.655102 -0.290436
v 0.563319 1.638890 -0.278476
v 0.563352 1.640457 -0.279144
v 0.563337 1.639802 -0.278509
v 0.638366 1.646995 -0.277343
v 0.638559 1.647896 -0.277389
v 0.638440 1.648554 -0.278025
v 0.561416 1.563263 -0.230099
v 0.561444 1.564074 -0.231595
v 0.561428 1.563516 -0.230930
v 0.632573 1.571335 -0.229047
v 0.632385 1.571590 -0.229869
v 0.632332 1.572158 -0.230540
v 0.561259 1.560858 -0.215917
v 0.561296 1.562038 -0.217144
v 0.561282 1.561661 -0.216324
v 0.636234 1.568963 -0.214789
v 0.636433 1.569753 -0.215203
v 0.636323 1.570132 -0.216027
v 0.559172 1.506502 -0.136787
v 0.559193 1.506735 -0.138474
v 0.559178 1.506459 -0.137653
v 0.630232 1.514567 -0.135737
v 0.630041 1.514530 -0.136594
v 0.629987 1.514813 -0.137424
v 0.559106 1.508922 -0.122641
v 0.559137 1.509546 -0.124224
v 0.559127 1.509485 -0.123334
v 0.634013 1.517021 -0.121515
v 0.634196 1.517573 -0.122208
v 0.634078 1.517637 -0.123101
v 0.557267 1.484101 -0.024701
v 0.557280 1.483742 -0.026364
v 0.557269 1.483762 -0.025498
v 0.628321 1.492157 -0.023649
v 0.628115 1.491830 -0.024441
v 0.628053 1.491814 -0.025321
v 0.557270 1.490911 -0.012843
v 0.557297 1.490910 -0.014545
v 0.557290 1.491169 -0.013694
v 0.632190 1.499003 -0.011713
v 0.632352 1.499256 -0.012562
v 0.632216 1.499003 -0.013415
v 0.555650 1.499493 0.089052
v 0.555653 1.498564 0.087626
v 0.555646 1.498880 0.088436
v 0.626736 1.507539 0.090108
v 0.626509 1.506942 0.089493
v 0.626436 1.506627 0.088665
v 0.555747 1.517190 0.096832
v 0.555765 1.516565 0.095249
v 0.555765 1.517129 0.095942
v 0.630688 1.517638 0.097970
v 0.630833 1.517573 0.097080
v 0.630671 1.517021 0.096383
v 0.554838 1.557950 0.187103
v 0.554824 1.556541 0.186147
v 0.554825 1.557133 0.186791
v 0.626034 1.558344 0.188171
v 0.625783 1.557545 0.187850
v 0.625696 1.556950 0.187186
v 0.555057 1.569682 0.189742
v 0.555058 1.568501 0.188515
v 0.555067 1.569305 0.188923
v 0.630083 1.570132 0.190885
v 0.630218 1.569753 0.190065
v 0.630032 1.568963 0.189646
v 0.554898 1.636379 0.254543
v 0.554869 1.634702 0.254253
v 0.554877 1.635503 0.254613
v 0.626180 1.636774 0.255626
v 0.625920 1.635913 0.255678
v 0.625824 1.635101 0.255301
v 0.555212 1.648101 0.251727
v 0.555198 1.646535 0.251060
v 0.555216 1.647446 0.251093
v 0.630298 1.648555 0.252868
v 0.630437 1.647896 0.252236
v 0.630246 1.646995 0.252185
v 0.555858 1.730482 0.281184
v 0.555817 1.728839 0.281627
v 0.555833 1.729716 0.281614
v 0.627222 1.730888 0.282276
v 0.626971 1.730129 0.282685
v 0.626872 1.729236 0.282689
v 0.556243 1.740523 0.273272
v 0.556217 1.738821 0.273272
v 0.556240 1.739672 0.272932
v 0.631406 1.740976 0.274405
v 0.631559 1.740124 0.274074
v 0.631380 1.739274 0.274397
v 0.557639 1.826004 0.262988
v 0.557593 1.824685 0.264063
v 0.557614 1.825468 0.263677
v 0.629087 1.826420 0.264082
v 0.628851 1.825883 0.264753
v 0.628754 1.825086 0.265137
v 0.558044 1.832808 0.251043
v 0.558010 1.831243 0.251710
v 0.558034 1.831897 0.251076
v 0.633315 1.833255 0.252171
v 0.633483 1.832350 0.252217
v 0.633324 1.831691 0.252841
v 0.559917 1.908435 0.202664
v 0.559873 1.907624 0.204160
v 0.559895 1.908182 0.203495
v 0.631898 1.908859 0.203758
v 0.631669 1.908601 0.204572
v 0.631570 1.908031 0.205241
v 0.560280 1.910841 0.188483
v 0.560245 1.909661 0.189710
v 0.560267 1.910037 0.188891
v 0.636244 1.911287 0.189613
v 0.636403 1.910492 0.190029
v 0.636249 1.910110 0.190842
v 0.562443 1.965196 0.109352
v 0.562401 1.964963 0.111038
v 0.562422 1.965239 0.110217
v 0.635246 1.965627 0.110445
v 0.635021 1.965662 0.111296
v 0.634923 1.965377 0.112124
v 0.563023 1.972819 0.088392
v 0.563043 1.973134 0.087582
v 0.563004 1.972205 0.089008
v 0.560377 1.922210 0.186757
v 0.560395 1.922801 0.186113
v 0.560365 1.921393 0.187068
v 0.558049 1.843839 0.254593
v 0.558066 1.844641 0.254234
v 0.558044 1.842963 0.254523
v 0.556135 1.749626 0.281612
v 0.556146 1.750504 0.281625
v 0.556137 1.748860 0.281182
v 0.554996 1.653874 0.263693
v 0.555000 1.654658 0.264080
v 0.555005 1.653338 0.263004
v 0.554765 1.571160 0.203526
v 0.554761 1.571718 0.204192
v 0.554779 1.570907 0.202695
v 0.555376 1.514103 0.110260
v 0.555365 1.514379 0.111081
v 0.555396 1.514146 0.109395
v 0.556907 1.483762 -0.001890
v 0.556891 1.483742 -0.001024
v 0.556930 1.484101 -0.002688
v 0.558779 1.498880 -0.115827
v 0.558761 1.498564 -0.115017
v 0.558801 1.499493 -0.116443
v 0.560973 1.549489 -0.214192
v 0.560953 1.548897 -0.213548
v 0.560996 1.550306 -0.214504
v 0.563106 1.627859 -0.282029
v 0.563087 1.627058 -0.281669
v 0.563124 1.628735 -0.281958
v 0.564890 1.722073 -0.309047
v 0.564875 1.721195 -0.309061
v 0.564902 1.722838 -0.308617
v 0.566121 1.817824 -0.291128
v 0.566112 1.817041 -0.291515
v 0.566126 1.818360 -0.290439
v 0.566557 1.900538 -0.230961
v 0.566556 1.899980 -0.231627
v 0.566554 1.900791 -0.230130
v 0.566252 1.957595 -0.137695
v 0.566256 1.957319 -0.138516
v 0.566245 1.957552 -0.136830
v 0.565397 1.987936 -0.025545
v 0.565407 1.987956 -0.026411
v 0.565383 1.987597 -0.024747
v 1.224461 2.650647 0.076021
v 1.224938 2.650645 0.076739
v 1.224026 2.650637 0.075273
v 1.257959 2.651505 0.103729
v 1.258558 2.651529 0.104379
v 1.257249 2.651489 0.103234
v 1.295481 2.653478 0.122252
v 1.296321 2.653489 0.122428
v 1.294646 2.653453 0.122052
v 1.336696 2.655096 0.117831
v 1.337530 2.655113 0.117648
v 1.335863 2.655078 0.118014
v 1.373442 2.656540 0.094972
v 1.374135 2.656545 0.094477
v 1.372761 2.656521 0.095484
v 1.400119 2.657571 0.057153
v 1.400589 2.657568 0.056441
v 1.399676 2.657562 0.057881
v 1.412663 2.658038 0.010133
v 1.412874 2.658024 0.009301
v 1.412490 2.658039 0.010971
v 1.409162 2.657870 -0.038927
v 1.409093 2.657844 -0.039791
v 1.409271 2.657882 -0.038070
v 1.390150 2.657092 -0.082556
v 1.389785 2.657052 -0.083350
v 1.390548 2.657116 -0.081781
v 1.358521 2.655823 -0.114107
v 1.357873 2.655769 -0.114689
v 1.359184 2.655858 -0.113546
v 1.319095 2.654256 -0.128772
v 1.318262 2.654194 -0.128984
v 1.319927 2.654300 -0.128561
v 1.277884 2.652633 -0.124325
v 1.277064 2.652571 -0.124098
v 1.278711 2.652675 -0.124523
v 1.241156 2.651198 -0.101454
v 1.240531 2.651147 -0.100878
v 1.241814 2.651232 -0.101993
v 1.214496 2.650169 -0.063642
v 1.214144 2.650131 -0.062867
v 1.214899 2.650192 -0.064392
v 1.201960 2.649703 -0.016636
v 1.201893 2.649678 -0.015786
v 1.202085 2.649714 -0.017480
v 1.264817 2.652042 -0.008736
v 1.264789 2.652032 -0.008387
v 1.264606 2.651884 -0.004257
v 1.264596 2.651878 -0.003908
v 1.264596 2.651884 -0.003558
v 1.264652 2.652032 0.000575
v 1.264669 2.652042 0.000925
v 1.264709 2.652047 0.001273
v 1.266189 2.652111 0.011052
v 1.266253 2.652111 0.011399
v 1.266340 2.652106 0.011740
v 1.267537 2.652012 0.015870
v 1.267642 2.652010 0.016204
v 1.267758 2.652022 0.016533
v 1.269087 2.652218 0.020049
v 1.269221 2.652233 0.020372
v 1.269377 2.652243 0.020685
v 1.273877 2.652426 0.029000
v 1.274055 2.652430 0.029307
v 1.274251 2.652429 0.029602
v 1.276715 2.652385 0.033076
v 1.276929 2.652388 0.033355
v 1.277161 2.652406 0.033615
v 1.279435 2.652635 0.035979
v 1.279696 2.652654 0.036212
v 1.279991 2.652664 0.036402
v 1.287517 2.652776 0.040480
v 1.287809 2.652782 0.040683
v 1.288055 2.652792 0.040950
v 1.290807 2.652934 0.044649
v 1.291061 2.652950 0.044900
v 1.291373 2.652976 0.045061
v 1.294137 2.653220 0.045970
v 1.294471 2.653245 0.046074
v 1.294808 2.653262 0.046165
v 1.302872 2.653582 0.048206
v 1.303215 2.653592 0.048288
v 1.303560 2.653597 0.048361
v 1.307469 2.653610 0.049129
v 1.307819 2.653618 0.049160
v 1.308167 2.653641 0.049120
v 1.310983 2.653886 0.048494
v 1.311328 2.653912 0.048418
v 1.311672 2.653929 0.048341
v 1.319795 2.654249 0.046548
v 1.320137 2.654256 0.046473
v 1.320479 2.654263 0.046398
v 1.324381 2.654275 0.045542
v 1.324711 2.654282 0.045424
v 1.325005 2.654302 0.045225
v 1.327419 2.654533 0.043127
v 1.327692 2.654555 0.042895
v 1.327971 2.654569 0.042674
v 1.334944 2.654841 0.037298
v 1.335224 2.654849 0.037088
v 1.335508 2.654851 0.036885
v 1.338895 2.654841 0.034524
v 1.339154 2.654846 0.034286
v 1.339346 2.654860 0.033987
v 1.340910 2.655060 0.030667
v 1.341070 2.655076 0.030346
v 1.341243 2.655086 0.030033
v 1.345995 2.655269 0.021859
v 1.346177 2.655272 0.021560
v 1.346370 2.655271 0.021268
v 1.348791 2.655222 0.017751
v 1.348951 2.655222 0.017438
v 1.349027 2.655231 0.017092
v 1.349382 2.655385 0.013034
v 1.349421 2.655395 0.012680
v 1.349477 2.655400 0.012330
v 1.351256 2.655465 0.002599
v 1.351327 2.655464 0.002255
v 1.351414 2.655459 0.001913
v 1.352558 2.655358 -0.002210
v 1.352608 2.655354 -0.002559
v 1.352569 2.655358 -0.002909
v 1.351551 2.655459 -0.007065
v 1.351475 2.655464 -0.007409
v 1.351415 2.655465 -0.007755
v 1.349935 2.655400 -0.017537
v 1.349890 2.655395 -0.017889
v 1.349862 2.655385 -0.018243
v 1.349631 2.655231 -0.022310
v 1.349566 2.655222 -0.022658
v 1.349416 2.655222 -0.022976
v 1.347104 2.655271 -0.026566
v 1.346920 2.655272 -0.026864
v 1.346747 2.655269 -0.027168
v 1.342247 2.655086 -0.035484
v 1.342084 2.655076 -0.035802
v 1.341934 2.655060 -0.036128
v 1.340472 2.654860 -0.039494
v 1.340290 2.654846 -0.039799
v 1.340038 2.654841 -0.040044
v 1.336726 2.654852 -0.042508
v 1.336448 2.654850 -0.042720
v 1.336175 2.654842 -0.042938
v 1.329370 2.654569 -0.048526
v 1.329098 2.654555 -0.048756
v 1.328832 2.654533 -0.048995
v 1.326483 2.654302 -0.051167
v 1.326196 2.654282 -0.051374
v 1.325868 2.654275 -0.051502
v 1.321995 2.654263 -0.052478
v 1.321656 2.654256 -0.052564
v 1.321316 2.654249 -0.052650
v 1.313252 2.653929 -0.054691
v 1.312910 2.653912 -0.054777
v 1.312568 2.653886 -0.054864
v 1.309773 2.653641 -0.055576
v 1.309425 2.653618 -0.055627
v 1.309075 2.653610 -0.055607
v 1.305144 2.653597 -0.054959
v 1.304797 2.653592 -0.054897
v 1.304452 2.653582 -0.054825
v 1.296329 2.653262 -0.053033
v 1.295990 2.653245 -0.052951
v 1.295653 2.653220 -0.052858
v 1.292852 2.652975 -0.052031
v 1.292524 2.652953 -0.051909
v 1.292215 2.652946 -0.051743
v 1.288734 2.652953 -0.049562
v 1.288439 2.652950 -0.049367
v 1.288152 2.652942 -0.049157
v 1.281180 2.652670 -0.043782
v 1.280910 2.652656 -0.043561
v 1.280653 2.652635 -0.043324
v 1.278306 2.652406 -0.041029
v 1.278065 2.652389 -0.040776
v 1.277843 2.652385 -0.040504
v 1.275274 2.652429 -0.037107
v 1.275069 2.652430 -0.036818
v 1.274881 2.652426 -0.036517
v 1.270129 2.652243 -0.028344
v 1.269964 2.652233 -0.028036
v 1.269819 2.652218 -0.027718
v 1.268384 2.652022 -0.024244
v 1.268257 2.652010 -0.023919
v 1.268142 2.652012 -0.023588
v 1.266819 2.652106 -0.019497
v 1.266722 2.652111 -0.019158
v 1.266647 2.652111 -0.018814
v 1.264868 2.652047 -0.009083
v 1.308448 2.653686 -0.003251
v 0.617048 0.452483 -0.231734
v 0.621042 0.447440 -0.227421
v 0.623619 0.445554 -0.220363
v 0.615651 -0.087235 -0.232506
v 0.620626 -0.088566 -0.228069
v 0.623324 -0.089040 -0.221848
v 0.615870 1.191280 -0.232385
v 0.620689 1.188902 -0.227967
v 0.623372 1.188046 -0.221605
v 0.596786 0.445554 -0.285144
v 0.599954 0.447440 -0.278332
v 0.600180 0.452483 -0.272457
v 0.599807 1.191280 -0.271164
v 0.600091 1.188902 -0.277696
v 0.597490 1.188046 -0.284091
v 0.481397 0.452483 -0.450229
v 0.486738 0.447440 -0.447772
v 0.491819 0.445554 -0.442238
v 0.490979 -0.089040 -0.443496
v 0.486105 -0.088566 -0.448212
v 0.479811 -0.087235 -0.450407
v 0.480059 1.191280 -0.450379
v 0.486203 1.188902 -0.448141
v 0.491116 1.188046 -0.443291
v 0.442238 0.445554 -0.491819
v 0.447773 0.447440 -0.486738
v 0.450229 0.452483 -0.481396
v 0.450380 1.191280 -0.480059
v 0.448142 1.188902 -0.486202
v 0.443291 1.188046 -0.491115
v 0.272457 0.452483 -0.600179
v 0.278332 0.447440 -0.599954
v 0.285145 0.445554 -0.596785
v 0.283886 -0.089040 -0.597626
v 0.277579 -0.088566 -0.600118
v 0.270924 -0.087235 -0.599737
v 0.271164 1.191280 -0.599807
v 0.277696 1.188902 -0.600090
v 0.284092 1.188046 -0.597489
v 0.220364 0.445554 -0.623619
v 0.227421 0.447440 -0.621042
v 0.231735 0.452483 -0.617047
v 0.232386 1.191280 -0.615869
v 0.227968 1.188902 -0.620689
v 0.221606 1.188046 -0.623372
v 0.022039 0.452483 -0.658758
v 0.027553 0.447440 -0.660798
v 0.035060 0.445554 -0.660478
v 0.033575 -0.089040 -0.660773
v 0.026795 -0.088566 -0.660662
v 0.020791 -0.087235 -0.657763
v 0.020987 1.191280 -0.657919
v 0.026913 1.188902 -0.660681
v 0.033817 1.188046 -0.660725
v -0.035059 0.445554 -0.660478
v -0.027553 0.447440 -0.660799
v -0.022039 0.452483 -0.658758
v -0.020986 1.191280 -0.657919
v -0.026913 1.188902 -0.660681
v -0.033817 1.188046 -0.660725
v -0.231734 0.452483 -0.617048
v -0.227421 0.447440 -0.621042
v -0.220363 0.445554 -0.623619
v -0.221848 -0.089040 -0.623324
v -0.228069 -0.088566 -0.620626
v -0.232506 -0.087235 -0.615651
v -0.232385 1.191280 -0.615870
v -0.227967 1.188902 -0.620689
v -0.221605 1.188046 -0.623372
v -0.285144 0.445554 -0.596786
v -0.278332 0.447440 -0.599954
v -0.272457 0.452483 -0.600180
v -0.271164 1.191280 -0.599807
v -0.277696 1.188902 -0.600091
v -0.284091 1.188046 -0.597490
v -0.450228 0.452482 -0.481397
v -0.447772 0.447439 -0.486738
v -0.442238 0.445554 -0.491819
v -0.443496 -0.089041 -0.490979
v -0.448212 -0.088566 -0.486105
v -0.450407 -0.087236 -0.479811
v -0.450379 1.191280 -0.480059
v -0.448142 1.188902 -0.486202
v -0.443291 1.188046 -0.491116
v -0.491819 0.445554 -0.442238
v -0.486738 0.447439 -0.447773
v -0.481396 0.452482 -0.450229
v -0.480059 1.191280 -0.450379
v -0.486202 1.188902 -0.448142
v -0.491115 1.188046 -0.443291
v -0.600179 0.452482 -0.272457
v -0.599954 0.447439 -0.278333
v -0.596786 0.445554 -0.285145
v -0.597626 -0.089041 -0.283886
v -0.600118 -0.088566 -0.277580
v -0.599737 -0.087236 -0.270924
v -0.599807 1.191280 -0.271164
v -0.600090 1.188902 -0.277696
v -0.597489 1.188046 -0.284092
v -0.623619 0.445554 -0.220364
v -0.621042 0.447439 -0.227421
v -0.617047 0.452482 -0.231735
v -0.615869 1.191280 -0.232386
v -0.620689 1.188902 -0.227968
v -0.623372 1.188046 -0.221606
v -0.658758 0.452482 -0.022039
v -0.660798 0.447439 -0.027553
v -0.660478 0.445554 -0.035059
v -0.660773 -0.089041 -0.033575
v -0.660662 -0.088566 -0.026795
v -0.657763 -0.087236 -0.020791
v -0.657919 1.191280 -0.020987
v -0.660681 1.188902 -0.026913
v -0.660725 1.188046 -0.033817
v -0.660478 0.445554 0.035059
v -0.660798 0.447439 0.027553
v -0.658758 0.452482 0.022039
v -0.657919 1.191280 0.020987
v -0.660681 1.188902 0.026913
v -0.660725 1.188046 0.033817
v -0.617048 0.452483 0.231734
v -0.621042 0.447440 0.227421
v -0.623619 0.445554 0.220363
v -0.623324 -0.089040 0.221848
v -0.620626 -0.088566 0.228069
v -0.615651 -0.087235 0.232506
v -0.615870 1.191280 0.232385
v -0.620689 1.188902 0.227967
v -0.623372 1.188046 0.221606
v -0.596786 0.445554 0.285144
v -0.599954 0.447440 0.278332
v -0.600180 0.452483 0.272457
v -0.599807 1.191280 0.271164
v -0.600091 1.188902 0.277696
v -0.597490 1.188046 0.284091
v -0.481397 0.452483 0.450228
v -0.486738 0.447440 0.447772
v -0.491819 0.445554 0.442238
v -0.490979 -0.089040 0.443496
v -0.486105 -0.088566 0.448212
v -0.479810 -0.087235 0.450407
v -0.480059 1.191280 0.450379
v -0.486202 1.188902 0.448141
v -0.491116 1.188046 0.443291
v -0.442238 0.445554 0.491819
v -0.447772 0.447440 0.486738
v -0.450229 0.452483 0.481396
v -0.450379 1.191280 0.480059
v -0.448142 1.188902 0.486202
v -0.443291 1.188046 0.491115
v -0.272457 0.452483 0.600179
v -0.278332 0.447440 0.599954
v -0.285145 0.445554 0.596786
v -0.283886 -0.089040 0.597627
v -0.277579 -0.088566 0.600118
v -0.270924 -0.087235 0.599738
v -0.271164 1.191280 0.599807
v -0.277696 1.188902 0.600091
v -0.284092 1.188046 0.597489
v -0.220364 0.445554 0.623619
v -0.227421 0.447440 0.621042
v -0.231735 0.452483 0.617047
v -0.232386 1.191280 0.615869
v -0.227968 1.188902 0.620689
v -0.221606 1.188046 0.623372
v -0.022039 0.452483 0.658758
v -0.027553 0.447440 0.660798
v -0.035059 0.445554 0.660478
v -0.033575 -0.089040 0.660773
v -0.026795 -0.088566 0.660662
v -0.020791 -0.087235 0.657763
v -0.020987 1.191280 0.657919
v -0.026913 1.188902 0.660681
v -0.033817 1.188046 0.660725
v 0.035059 0.445554 0.660478
v 0.027553 0.447440 0.660798
v 0.022039 0.452483 0.658758
v 0.020987 1.191280 0.657919
v 0.026913 1.188902 0.660681
v 0.033817 1.188046 0.660725
v 0.231735 0.452483 0.617047
v 0.227421 0.447440 0.621042
v 0.220363 0.445554 0.623619
v 0.221848 -0.089040 0.623324
v 0.228069 -0.088566 0.620626
v 0.232506 -0.087235 0.615650
v 0.232385 1.191280 0.615869
v 0.227967 1.188902 0.620689
v 0.221606 1.188046 0.623372
v 0.285144 0.445554 0.596786
v 0.278332 0.447440 0.599954
v 0.272457 0.452483 0.600179
v 0.271164 1.191280 0.599807
v 0.277696 1.188902 0.600091
v 0.284091 1.188046 0.597489
v 0.450229 0.452483 0.481396
v 0.447772 0.447440 0.486738
v 0.442238 0.445554 0.491819
v 0.443496 -0.089040 0.490978
v 0.448212 -0.088566 0.486105
v 0.450407 -0.087235 0.479810
v 0.450379 1.191280 0.480059
v 0.448142 1.188902 0.486202
v 0.443291 1.188046 0.491115
v 0.491819 0.445554 0.442238
v 0.486738 0.447440 0.447772
v 0.481396 0.452483 0.450229
v 0.480059 1.191280 0.450379
v 0.486202 1.188902 0.448142
v 0.491115 1.188046 0.443291
v 0.600180 0.452483 0.272457
v 0.599954 0.447440 0.278332
v 0.596786 0.445554 0.285145
v 0.597627 -0.089040 0.283886
v 0.600118 -0.088566 0.277579
v 0.599738 -0.087235 0.270924
v 0.599807 1.191280 0.271164
v 0.600091 1.188902 0.277696
v 0.597489 1.188046 0.284091
v 0.623619 0.445554 0.220364
v 0.621042 0.447440 0.227421
v 0.617047 0.452483 0.231735
v 0.615869 1.191280 0.232385
v 0.620689 1.188902 0.227967
v 0.623372 1.188046 0.221606
v 0.658758 0.452483 0.022039
v 0.660799 0.447440 0.027553
v 0.660478 0.445554 0.035059
v 0.660773 -0.089040 0.033575
v 0.660662 -0.088566 0.026794
v 0.657763 -0.087235 0.020791
v 0.657919 1.191280 0.020987
v 0.660681 1.188902 0.026913
v 0.660725 1.188046 0.033817
v 0.660478 0.445554 -0.035059
v 0.660799 0.447440 -0.027553
v 0.658758 0.452483 -0.022039
v 0.657919 1.191280 -0.020987
v 0.660681 1.188902 -0.026913
v 0.660725 1.188046 -0.033817
v 0.594698 1.199952 -0.253439
v 0.595206 1.201588 -0.246542
v 0.599724 1.199952 -0.241306
v 0.599724 1.922630 -0.241306
v 0.595143 1.921509 -0.246516
v 0.594698 1.922630 -0.253439
v 0.615700 1.928330 -0.232479
v 0.620640 1.929957 -0.228046
v 0.623335 1.930539 -0.221793
v 0.599753 1.928330 -0.270977
v 0.600112 1.929957 -0.277605
v 0.597596 1.930539 -0.283932
v 0.616193 2.665907 -0.232206
v 0.620756 2.671105 -0.227866
v 0.623393 2.673031 -0.221499
v 0.599909 2.665907 -0.271519
v 0.600067 2.671105 -0.277815
v 0.597429 2.673031 -0.284182
v 0.657798 1.928330 0.020835
v 0.660666 1.929957 0.026821
v 0.660763 1.930539 0.033629
v 0.657798 1.928330 -0.020835
v 0.660666 1.929957 -0.026821
v 0.660763 1.930539 -0.033630
v 0.646417 1.922630 -0.006567
v 0.644178 1.921509 0.000000
v 0.646417 1.922630 0.006567
v 0.646417 2.645308 0.006567
v 0.644609 2.642134 0.000000
v 0.646417 2.645308 -0.006567
v 0.658150 2.665907 0.021276
v 0.660704 2.671105 0.027032
v 0.660704 2.673031 0.033924
v 0.658150 2.665907 -0.021276
v 0.660704 2.671105 -0.027032
v 0.660704 2.673031 -0.033924
v 0.599753 1.928330 0.270978
v 0.600112 1.929957 0.277605
v 0.597596 1.930539 0.283932
v 0.615699 1.928330 0.232479
v 0.620640 1.929957 0.228047
v 0.623334 1.930539 0.221793
v 0.599724 1.922630 0.241306
v 0.595143 1.921509 0.246516
v 0.594698 1.922630 0.253440
v 0.594698 2.645308 0.253440
v 0.595541 2.642134 0.246681
v 0.599724 2.645308 0.241306
v 0.599909 2.665907 0.271520
v 0.600066 2.671105 0.277815
v 0.597429 2.673031 0.284182
v 0.616193 2.665907 0.232207
v 0.620756 2.671105 0.227866
v 0.623393 2.673031 0.221499
v 0.450401 1.928330 0.479866
v 0.448196 1.929957 0.486127
v 0.443450 1.930539 0.491009
v 0.479866 1.928330 0.450401
v 0.486127 1.929957 0.448196
v 0.491009 1.930539 0.443450
v 0.461729 1.922630 0.452442
v 0.455503 1.921509 0.455503
v 0.452442 1.922630 0.461729
v 0.452442 2.645308 0.461729
v 0.455807 2.642134 0.455807
v 0.461729 2.645308 0.452442
v 0.450338 2.665907 0.480427
v 0.448074 2.671105 0.486303
v 0.443200 2.673031 0.491176
v 0.480427 2.665907 0.450338
v 0.486303 2.671105 0.448074
v 0.491176 2.673031 0.443200
v 0.232479 1.928330 0.615700
v 0.228047 1.929957 0.620640
v 0.221793 1.930539 0.623334
v 0.270977 1.928330 0.599753
v 0.277605 1.929957 0.600112
v 0.283932 1.930539 0.597596
v 0.253440 1.922630 0.594698
v 0.246516 1.921509 0.595143
v 0.241306 1.922630 0.599724
v 0.241306 2.645308 0.599724
v 0.246681 2.642134 0.595541
v 0.253440 2.645308 0.594698
v 0.232207 2.665907 0.616193
v 0.227866 2.671105 0.620756
v 0.221499 2.673031 0.623393
v 0.271519 2.665907 0.599909
v 0.277815 2.671105 0.600066
v 0.284182 2.673031 0.597429
v -0.020835 1.928330 0.657798
v -0.026821 1.929957 0.660666
v -0.033630 1.930539 0.660762
v 0.020835 1.928330 0.657798
v 0.026821 1.929957 0.660666
v 0.033629 1.930539 0.660763
v 0.006567 1.922630 0.646417
v 0.000000 1.921509 0.644178
v -0.006567 1.922630 0.646417
v -0.006567 2.645308 0.646417
v 0.000000 2.642134 0.644609
v 0.006567 2.645308 0.646417
v -0.021276 2.665907 0.658150
v -0.027032 2.671105 0.660704
v -0.033924 2.673031 0.660704
v 0.021276 2.665907 0.658150
v 0.027032 2.671105 0.660704
v 0.033924 2.673031 0.660704
v -0.270978 1.928330 0.599753
v -0.277606 1.929957 0.600112
v -0.283933 1.930539 0.597596
v -0.232480 1.928330 0.615699
v -0.228047 1.929957 0.620640
v -0.221793 1.930539 0.623334
v -0.241306 1.922630 0.599724
v -0.246517 1.921509 0.595143
v -0.253440 1.922630 0.594698
v -0.253440 2.645308 0.594698
v -0.246681 2.642134 0.595540
v -0.241306 2.645308 0.599724
v -0.271520 2.665907 0.599909
v -0.277815 2.671105 0.600066
v -0.284182 2.673031 0.597429
v -0.232207 2.665907 0.616193
v -0.227866 2.671105 0.620756
v -0.221499 2.673031 0.623393
v -0.479866 1.928330 0.450401
v -0.486127 1.929957 0.448196
v -0.491009 1.930539 0.443450
v -0.450401 1.928330 0.479866
v -0.448196 1.929957 0.486127
v -0.443450 1.930539 0.491009
v -0.452442 1.922630 0.461729
v -0.455503 1.921509 0.455503
v -0.461729 1.922630 0.452442
v -0.461729 2.645308 0.452442
v -0.455807 2.642134 0.455807
v -0.452442 2.645308 0.461729
v -0.480427 2.665907 0.450338
v -0.486303 2.671105 0.448074
v -0.491176 2.673031 0.443200
v -0.450338 2.665907 0.480426
v -0.448074 2.671105 0.486303
v -0.443201 2.673031 0.491176
v -0.615700 1.928330 0.232479
v -0.620640 1.929957 0.228046
v -0.623335 1.930539 0.221793
v -0.599753 1.928330 0.270977
v -0.600112 1.929957 0.277605
v -0.597596 1.930539 0.283932
v -0.594698 1.922630 0.253440
v -0.595143 1.921509 0.246516
v -0.599724 1.922630 0.241306
v -0.599724 2.645308 0.241306
v -0.595541 2.642134 0.246681
v -0.594698 2.645308 0.253440
v -0.616193 2.665907 0.232206
v -0.620756 2.671105 0.227866
v -0.623393 2.673031 0.221499
v -0.599909 2.665907 0.271519
v -0.600067 2.671105 0.277815
v -0.597429 2.673031 0.284182
v -0.657798 1.928330 -0.020835
v -0.660666 1.929957 -0.026821
v -0.660762 1.930539 -0.033630
v -0.657798 1.928330 0.020835
v -0.660666 1.929957 0.026821
v -0.660763 1.930539 0.033629
v -0.646417 1.922630 0.006566
v -0.644178 1.921509 0.000000
v -0.646417 1.922630 -0.006567
v -0.646417 2.645308 -0.006567
v -0.644609 2.642134 0.000000
v -0.646417 2.645308 0.006566
v -0.658150 2.665907 -0.021276
v -0.660704 2.671105 -0.027032
v -0.660704 2.673031 -0.033924
v -0.658150 2.665907 0.021276
v -0.660704 2.671105 0.027032
v -0.660704 2.673031 0.033924
v -0.599753 1.928330 -0.270978
v -0.600112 1.929957 -0.277606
v -0.597595 1.930539 -0.283933
v -0.615699 1.928330 -0.232480
v -0.620640 1.929957 -0.228047
v -0.623334 1.930539 -0.221794
v -0.599724 1.922630 -0.241306
v -0.595143 1.921509 -0.246517
v -0.594698 1.922630 -0.253440
v -0.594698 2.645308 -0.253440
v -0.595540 2.642134 -0.246681
v -0.599724 2.645308 -0.241306
v -0.599909 2.665907 -0.271520
v -0.600066 2.671105 -0.277815
v -0.597429 2.673031 -0.284182
v -0.616193 2.665907 -0.232207
v -0.620756 2.671105 -0.227866
v -0.623393 2.673031 -0.221499
v -0.450401 1.928330 -0.479866
v -0.448196 1.929957 -0.486127
v -0.443450 1.930539 -0.491010
v -0.479866 1.928330 -0.450401
v -0.486127 1.929957 -0.448196
v -0.491009 1.930539 -0.443450
v -0.461729 1.922630 -0.452443
v -0.455503 1.921509 -0.455503
v -0.452442 1.922630 -0.461729
v -0.452442 2.645308 -0.461729
v -0.455807 2.642134 -0.455807
v -0.461729 2.645308 -0.452443
v -0.450338 2.665907 -0.480427
v -0.448074 2.671105 -0.486303
v -0.443200 2.673031 -0.491176
v -0.480426 2.665907 -0.450338
v -0.486303 2.671105 -0.448074
v -0.491176 2.673031 -0.443201
v -0.232479 1.928330 -0.615700
v -0.228046 1.929957 -0.620640
v -0.221793 1.930539 -0.623335
v -0.270977 1.928330 -0.599753
v -0.277605 1.929957 -0.600112
v -0.283932 1.930539 -0.597596
v -0.253440 1.922630 -0.594698
v -0.246516 1.921509 -0.595143
v -0.241306 1.922630 -0.599724
v -0.241306 2.645308 -0.599724
v -0.246681 2.642134 -0.595541
v -0.253440 2.645308 -0.594698
v -0.232206 2.665907 -0.616193
v -0.227866 2.671105 -0.620756
v -0.221499 2.673031 -0.623393
v -0.271519 2.665907 -0.599909
v -0.277815 2.671105 -0.600067
v -0.284182 2.673031 -0.597429
v 0.020835 1.928330 -0.657798
v 0.026821 1.929957 -0.660666
v 0.033630 1.930539 -0.660762
v -0.020835 1.928330 -0.657798
v -0.026821 1.929957 -0.660666
v -0.033629 1.930539 -0.660763
v -0.006566 1.922630 -0.646417
v 0.000000 1.921509 -0.644178
v 0.006567 1.922630 -0.646417
v 0.006567 2.645308 -0.646417
v 0.000000 2.642134 -0.644609
v -0.006566 2.645308 -0.646417
v 0.021276 2.665907 -0.658150
v 0.027032 2.671105 -0.660704
v 0.033924 2.673031 -0.660704
v -0.021276 2.665907 -0.658150
v -0.027032 2.671105 -0.660704
v -0.033923 2.673031 -0.660704
v 0.270978 1.928330 -0.599753
v 0.277606 1.929957 -0.600112
v 0.283933 1.930539 -0.597595
v 0.232480 1.928330 -0.615699
v 0.228047 1.929957 -0.620640
v 0.221794 1.930539 -0.623334
v 0.241306 1.922630 -0.599724
v 0.246517 1.921509 -0.595143
v 0.253440 1.922630 -0.594698
v 0.253440 2.645308 -0.594698
v 0.246681 2.642134 -0.595540
v 0.241306 2.645308 -0.599724
v 0.271520 2.665907 -0.599909
v 0.277815 2.671105 -0.600066
v 0.284182 2.673031 -0.597429
v 0.232207 2.665907 -0.616193
v 0.227867 2.671105 -0.620756
v 0.221499 2.673031 -0.623393
v 0.479866 1.928330 -0.450401
v 0.486127 1.929957 -0.448196
v 0.491010 1.930539 -0.443450
v 0.450401 1.928330 -0.479866
v 0.448197 1.929957 -0.486127
v 0.443450 1.930539 -0.491009
v 0.452443 1.922630 -0.461729
v 0.455503 1.921509 -0.455503
v 0.461729 1.922630 -0.452442
v 0.461729 2.645308 -0.452442
v 0.455807 2.642134 -0.455807
v 0.452443 2.645308 -0.461729
v 0.480427 2.665907 -0.450338
v 0.486303 2.671105 -0.448074
v 0.491176 2.673031 -0.443200
v 0.450338 2.665907 -0.480427
v 0.448074 2.671105 -0.486303
v 0.443201 2.673031 -0.491176
v 0.489289 3.176588 -0.178217
v 0.493524 3.177651 -0.174427
v 0.496222 3.177989 -0.167584
v 0.471998 3.176588 -0.219961
v 0.472313 3.177651 -0.225635
v 0.469381 3.177989 -0.232383
v 0.522581 3.177989 0.035069
v 0.522707 3.177651 0.027713
v 0.520244 3.176588 0.022593
v 0.520244 3.176588 -0.022592
v 0.522707 3.177651 -0.027712
v 0.522581 3.177989 -0.035068
v 0.469381 3.177989 0.232382
v 0.472312 3.177651 0.225635
v 0.471998 3.176588 0.219961
v 0.489289 3.176588 0.178216
v 0.493523 3.177651 0.174427
v 0.496221 3.177989 0.167584
v 0.344723 3.177989 0.394317
v 0.350013 3.177651 0.389206
v 0.351893 3.176588 0.383843
v 0.383843 3.176588 0.351893
v 0.389206 3.177651 0.350013
v 0.394317 3.177989 0.344723
v 0.167584 3.177989 0.496221
v 0.174427 3.177651 0.493523
v 0.178216 3.176588 0.489289
v 0.219961 3.176588 0.471998
v 0.225635 3.177651 0.472312
v 0.232382 3.177989 0.469381
v -0.035068 3.177989 0.522580
v -0.027713 3.177651 0.522707
v -0.022592 3.176588 0.520244
v 0.022592 3.176588 0.520244
v 0.027713 3.177651 0.522707
v 0.035068 3.177989 0.522580
v -0.232382 3.177989 0.469381
v -0.225635 3.177651 0.472312
v -0.219961 3.176588 0.471997
v -0.178216 3.176588 0.489288
v -0.174427 3.177651 0.493523
v -0.167584 3.177989 0.496221
v -0.394317 3.177989 0.344723
v -0.389206 3.177651 0.350012
v -0.383843 3.176588 0.351893
v -0.351893 3.176588 0.383843
v -0.350013 3.177651 0.389206
v -0.344723 3.177989 0.394317
v -0.496221 3.177989 0.167583
v -0.493524 3.177651 0.174427
v -0.489288 3.176588 0.178216
v -0.471998 3.176588 0.219960
v -0.472312 3.177651 0.225635
v -0.469381 3.177989 0.232382
v -0.522580 3.177989 -0.035069
v -0.522707 3.177651 -0.027713
v -0.520244 3.176588 -0.022592
v -0.520244 3.176588 0.022592
v -0.522707 3.177651 0.027713
v -0.522580 3.177989 0.035068
v -0.469381 3.177989 -0.232383
v -0.472312 3.177651 -0.225635
v -0.471998 3.176588 -0.219961
v -0.489289 3.176588 -0.178217
v -0.493523 3.177651 -0.174427
v -0.496221 3.177989 -0.167584
v -0.344723 3.177989 -0.394317
v -0.350013 3.177651 -0.389206
v -0.351893 3.176588 -0.383844
v -0.383843 3.176588 -0.351893
v -0.389206 3.177651 -0.350013
v -0.394317 3.177989 -0.344723
v -0.167584 3.177989 -0.496222
v -0.174427 3.177651 -0.493523
v -0.178216 3.176588 -0.489289
v -0.219961 3.176588 -0.471998
v -0.225635 3.177651 -0.472313
v -0.232382 3.177989 -0.469381
v 0.035068 3.177989 -0.522581
v 0.027713 3.177651 -0.522707
v 0.022592 3.176588 -0.520244
v -0.022592 3.176588 -0.520244
v -0.027713 3.177651 -0.522707
v -0.035068 3.177989 -0.522581
v 0.232390 3.177975 -0.469381
v 0.225637 3.177630 -0.472316
v 0.219955 3.176580 -0.471996
v 0.178217 3.176588 -0.489289
v 0.174427 3.177651 -0.493523
v 0.167584 3.177989 -0.496222
v 0.394318 3.177989 -0.344723
v 0.389207 3.177651 -0.350013
v 0.383844 3.176588 -0.351893
v 0.351894 3.176587 -0.383840
v 0.350015 3.177646 -0.389205
v 0.344727 3.177984 -0.394317
v 0.271509 3.503987 -0.076877
v 0.269933 3.503907 -0.083293
v 0.267798 3.503667 -0.089521
v 0.246348 3.503987 -0.137621
v 0.252664 3.503667 -0.126057
v 0.249770 3.503907 -0.131970
v 0.175115 3.504092 -0.221649
v 0.185181 3.503667 -0.213162
v 0.180298 3.503934 -0.217569
v 0.076880 3.503987 -0.271508
v 0.089524 3.503667 -0.267797
v 0.083296 3.503907 -0.269932
v -0.032875 3.503987 -0.280261
v -0.019773 3.503667 -0.281672
v -0.026344 3.503907 -0.281261
v -0.137623 3.503987 -0.246347
v -0.126059 3.503667 -0.252664
v -0.131972 3.503907 -0.249770
v -0.221420 3.503987 -0.174929
v -0.213153 3.503667 -0.185190
v -0.217509 3.503907 -0.180254
v -0.271508 3.503989 -0.076879
v -0.267797 3.503669 -0.089523
v -0.269931 3.503909 -0.083295
v -0.280261 3.503989 0.032874
v -0.281672 3.503669 0.019773
v -0.281260 3.503909 0.026343
v -0.246347 3.503989 0.137623
v -0.252663 3.503669 0.126059
v -0.249770 3.503909 0.131972
v -0.174929 3.503988 0.221420
v -0.185190 3.503668 0.213153
v -0.180254 3.503908 0.217509
v -0.076880 3.503987 0.271508
v -0.089523 3.503667 0.267798
v -0.083296 3.503907 0.269932
v 0.032875 3.503987 0.280261
v 0.019774 3.503667 0.281671
v 0.026344 3.503907 0.281260
v 0.137623 3.503989 0.246346
v 0.126059 3.503669 0.252663
v 0.131972 3.503909 0.249769
v 0.221420 3.503988 0.174929
v 0.213154 3.503668 0.185190
v 0.217509 3.503908 0.180254
v 0.271508 3.503987 0.076880
v 0.267797 3.503667 0.089524
v 0.269932 3.503907 0.083296
v 0.280260 3.503987 -0.032877
v 0.281671 3.503667 -0.019776
v 0.281260 3.503907 -0.026346
v 0.594698 0.477274 -0.253439
v 0.595625 0.480723 -0.246715
v 0.599724 0.477274 -0.241306
v 0.599724 2.645308 -0.241306
v 0.595541 2.642134 -0.246681
v 0.594698 2.645308 -0.253439
v 0.646417 0.477274 -0.006567
v 0.644700 0.480723 0.000000
v 0.646417 0.477274 0.006567
v 0.646417 1.199952 0.006567
v 0.644247 1.201588 0.000000
v 0.646417 1.199952 -0.006567
v 0.599724 0.477274 0.241306
v 0.595625 0.480723 0.246716
v 0.594698 0.477274 0.253440
v 0.594698 1.199952 0.253440
v 0.595206 1.201588 0.246542
v 0.599724 1.199952 0.241306
v 0.461729 0.477274 0.452442
v 0.455871 0.480723 0.455871
v 0.452442 0.477274 0.461729
v 0.452442 1.199952 0.461729
v 0.455551 1.201588 0.455551
v 0.461729 1.199952 0.452442
v 0.253440 0.477274 0.594698
v 0.246716 0.480723 0.595625
v 0.241306 0.477274 0.599724
v 0.241306 1.199952 0.599724
v 0.246542 1.201588 0.595206
v 0.253440 1.199952 0.594698
v 0.006567 0.477274 0.646417
v 0.000000 0.480723 0.644700
v -0.006567 0.477274 0.646417
v -0.006567 1.199952 0.646417
v 0.000000 1.201588 0.644246
v 0.006567 1.199952 0.646417
v -0.241306 0.477274 0.599724
v -0.246716 0.480723 0.595625
v -0.253440 0.477274 0.594698
v -0.253440 1.199952 0.594698
v -0.246543 1.201588 0.595206
v -0.241306 1.199952 0.599724
v -0.452442 0.477274 0.461729
v -0.455872 0.480723 0.455871
v -0.461729 0.477274 0.452442
v -0.461729 1.199952 0.452442
v -0.455551 1.201588 0.455551
v -0.452442 1.199952 0.461729
v -0.594698 0.477274 0.253440
v -0.595625 0.480723 0.246716
v -0.599724 0.477274 0.241306
v -0.599724 1.199952 0.241306
v -0.595206 1.201588 0.246542
v -0.594698 1.199952 0.253440
v -0.646417 0.477273 0.006566
v -0.644700 0.480722 0.000000
v -0.646417 0.477273 -0.006567
v -0.646417 1.199952 -0.006567
v -0.644246 1.201588 0.000000
v -0.646417 1.199952 0.006566
v -0.599724 0.477273 -0.241306
v -0.595625 0.480722 -0.246716
v -0.594698 0.477273 -0.253440
v -0.594698 1.199952 -0.253440
v -0.595206 1.201588 -0.246543
v -0.599724 1.199952 -0.241306
v -0.461729 0.477273 -0.452443
v -0.455871 0.480722 -0.455872
v -0.452442 0.477273 -0.461729
v -0.452442 1.199952 -0.461729
v -0.455551 1.201588 -0.455551
v -0.461729 1.199952 -0.452443
v -0.253440 0.477274 -0.594698
v -0.246716 0.480723 -0.595625
v -0.241306 0.477274 -0.599724
v -0.241306 1.199952 -0.599724
v -0.246542 1.201588 -0.595206
v -0.253440 1.199952 -0.594698
v -0.006566 0.477274 -0.646417
v 0.000000 0.480723 -0.644700
v 0.006567 0.477274 -0.646417
v 0.006567 1.199952 -0.646417
v 0.000000 1.201588 -0.644247
v -0.006566 1.199952 -0.646417
v 0.241306 0.477274 -0.599724
v 0.246716 0.480723 -0.595625
v 0.253440 0.477274 -0.594698
v 0.253440 1.199952 -0.594698
v 0.246543 1.201588 -0.595206
v 0.241306 1.199952 -0.599724
v 0.452443 0.477274 -0.461729
v 0.455872 0.480723 -0.455871
v 0.461729 0.477274 -0.452442
v 0.461729 1.199952 -0.452442
v 0.455551 1.201588 -0.455551
v 0.452443 1.199952 -0.461729
v 0.462458 3.170245 -0.184449
v 0.456454 3.170516 -0.189069
v 0.457433 3.170245 -0.196582
v 0.497841 3.170245 0.006567
v 0.494063 3.170516 -0.000000
v 0.497841 3.170245 -0.006566
v 0.457432 3.170245 0.196582
v 0.456454 3.170516 0.189069
v 0.462458 3.170245 0.184449
v 0.347384 3.170245 0.356670
v 0.349355 3.170516 0.349355
v 0.356670 3.170245 0.347384
v 0.184449 3.170245 0.462458
v 0.189069 3.170516 0.456454
v 0.196582 3.170245 0.457432
v -0.006567 3.170245 0.497841
v 0.000000 3.170516 0.494062
v 0.006567 3.170245 0.497841
v -0.196582 3.170245 0.457432
v -0.189069 3.170516 0.456454
v -0.184449 3.170245 0.462458
v -0.356670 3.170245 0.347383
v -0.349355 3.170516 0.349355
v -0.347384 3.170245 0.356670
v -0.462458 3.170245 0.184448
v -0.456454 3.170516 0.189069
v -0.457432 3.170245 0.196582
v -0.497841 3.170245 -0.006567
v -0.494062 3.170516 0.000000
v -0.497841 3.170245 0.006566
v -0.457433 3.170245 -0.196583
v -0.456454 3.170516 -0.189069
v -0.462459 3.170245 -0.184449
v -0.347384 3.170245 -0.356671
v -0.349355 3.170516 -0.349355
v -0.356670 3.170245 -0.347384
v -0.184449 3.170245 -0.462458
v -0.189069 3.170516 -0.456454
v -0.196582 3.170245 -0.457433
v 0.006567 3.170245 -0.497842
v 0.000000 3.170516 -0.494063
v -0.006567 3.170245 -0.497842
v 0.196588 3.170260 -0.457449
v 0.189073 3.170515 -0.456464
v 0.184447 3.170247 -0.462459
v 0.356671 3.170245 -0.347384
v 0.349356 3.170516 -0.349355
v 0.347384 3.170245 -0.356670
v 0.260498 3.502866 -0.107899
v 0.257932 3.503025 -0.113944
v 0.262957 3.503025 -0.101810
v 0.199375 3.502866 -0.199377
v 0.194691 3.503025 -0.203980
v 0.203978 3.503025 -0.194693
v 0.107950 3.502918 -0.260635
v 0.101804 3.503026 -0.262960
v 0.114148 3.503232 -0.258479
v 0.000000 3.502866 -0.281960
v -0.006567 3.503025 -0.281902
v 0.006567 3.503025 -0.281902
v -0.107901 3.502866 -0.260497
v -0.113946 3.503025 -0.257931
v -0.101812 3.503025 -0.262957
v -0.199375 3.502866 -0.199376
v -0.203978 3.503025 -0.194692
v -0.194691 3.503025 -0.203979
v -0.260496 3.502867 -0.107901
v -0.262956 3.503026 -0.101812
v -0.257930 3.503026 -0.113946
v -0.281960 3.502867 0.000000
v -0.281902 3.503026 0.006566
v -0.281902 3.503026 -0.006567
v -0.260497 3.502867 0.107901
v -0.257931 3.503026 0.113946
v -0.262957 3.503026 0.101812
v -0.199375 3.502867 0.199375
v -0.194691 3.503026 0.203978
v -0.203978 3.503026 0.194691
v -0.107902 3.502866 0.260497
v -0.101813 3.503025 0.262957
v -0.113947 3.503025 0.257931
v 0.000001 3.502866 0.281960
v 0.006567 3.503025 0.281902
v -0.006566 3.503025 0.281902
v 0.107901 3.502867 0.260496
v 0.113946 3.503026 0.257930
v 0.101812 3.503026 0.262956
v 0.199376 3.502867 0.199376
v 0.203979 3.503026 0.194692
v 0.194692 3.503026 0.203979
v 0.260497 3.502866 0.107902
v 0.262957 3.503025 0.101813
v 0.257931 3.503025 0.113947
v 0.281959 3.502866 -0.000002
v 0.281902 3.503025 -0.006569
v 0.281902 3.503025 0.006564
v 0.594698 -0.222603 -0.253439
v 0.595088 -0.222590 -0.246493
v 0.599724 -0.222603 -0.241306
v 0.599724 -0.082627 -0.241306
v 0.595125 -0.081710 -0.246508
v 0.594698 -0.082628 -0.253440
v 0.660795 -0.222689 -0.033465
v 0.660654 -0.222682 -0.026741
v 0.657693 -0.222664 -0.020703
v 0.657763 -0.087235 -0.020791
v 0.660662 -0.088566 -0.026794
v 0.660773 -0.089040 -0.033575
v 0.646417 -0.222603 -0.006567
v 0.644119 -0.222590 0.000000
v 0.646417 -0.222603 0.006567
v 0.646417 -0.082627 0.006567
v 0.644159 -0.081710 0.000000
v 0.646417 -0.082628 -0.006567
v 0.623302 -0.222689 0.221958
v 0.620598 -0.222682 0.228116
v 0.615552 -0.222664 0.232561
v 0.615650 -0.087235 0.232507
v 0.620626 -0.088566 0.228070
v 0.623324 -0.089040 0.221848
v 0.599724 -0.222603 0.241306
v 0.595088 -0.222590 0.246494
v 0.594698 -0.222603 0.253440
v 0.594698 -0.082627 0.253440
v 0.595125 -0.081710 0.246509
v 0.599724 -0.082628 0.241306
v 0.490916 -0.222689 0.443590
v 0.486061 -0.222682 0.448244
v 0.479698 -0.222664 0.450420
v 0.479810 -0.087235 0.450407
v 0.486105 -0.088566 0.448212
v 0.490978 -0.089040 0.443496
v 0.461729 -0.222603 0.452442
v 0.455461 -0.222590 0.455460
v 0.452442 -0.222603 0.461729
v 0.452442 -0.082627 0.461729
v 0.455489 -0.081710 0.455489
v 0.461729 -0.082628 0.452442
v 0.283793 -0.222689 0.597689
v 0.277527 -0.222682 0.600131
v 0.270815 -0.222664 0.599706
v 0.270923 -0.087235 0.599738
v 0.277579 -0.088566 0.600118
v 0.283886 -0.089040 0.597627
v 0.253440 -0.222603 0.594698
v 0.246493 -0.222590 0.595088
v 0.241306 -0.222603 0.599724
v 0.241306 -0.082627 0.599724
v 0.246509 -0.081710 0.595125
v 0.253440 -0.082628 0.594698
v 0.033465 -0.222689 0.660795
v 0.026741 -0.222682 0.660654
v 0.020703 -0.222664 0.657693
v 0.020791 -0.087235 0.657763
v 0.026794 -0.088566 0.660662
v 0.033575 -0.089040 0.660773
v 0.006567 -0.222603 0.646417
v 0.000000 -0.222590 0.644119
v -0.006567 -0.222603 0.646417
v -0.006567 -0.082627 0.646417
v 0.000000 -0.081710 0.644159
v 0.006567 -0.082628 0.646417
v -0.221958 -0.222689 0.623302
v -0.228116 -0.222682 0.620598
v -0.232561 -0.222664 0.615552
v -0.232507 -0.087235 0.615650
v -0.228070 -0.088566 0.620626
v -0.221848 -0.089040 0.623324
v -0.241306 -0.222603 0.599724
v -0.246494 -0.222590 0.595088
v -0.253440 -0.222603 0.594698
v -0.253440 -0.082627 0.594698
v -0.246509 -0.081710 0.595125
v -0.241306 -0.082628 0.599724
v -0.443590 -0.222689 0.490916
v -0.448244 -0.222682 0.486061
v -0.450420 -0.222664 0.479698
v -0.450407 -0.087235 0.479810
v -0.448212 -0.088566 0.486105
v -0.443496 -0.089040 0.490978
v -0.452442 -0.222603 0.461729
v -0.455461 -0.222590 0.455460
v -0.461729 -0.222603 0.452442
v -0.461729 -0.082627 0.452442
v -0.455489 -0.081710 0.455489
v -0.452442 -0.082628 0.461729
v -0.597689 -0.222689 0.283793
v -0.600131 -0.222682 0.277527
v -0.599706 -0.222664 0.270815
v -0.599738 -0.087235 0.270923
v -0.600118 -0.088566 0.277579
v -0.597627 -0.089040 0.283886
v -0.594698 -0.222603 0.253440
v -0.595088 -0.222590 0.246493
v -0.599724 -0.222603 0.241306
v -0.599724 -0.082627 0.241306
v -0.595125 -0.081710 0.246509
v -0.594698 -0.082628 0.253440
v -0.660795 -0.222689 0.033464
v -0.660654 -0.222683 0.026741
v -0.657693 -0.222665 0.020703
v -0.657763 -0.087236 0.020791
v -0.660662 -0.088566 0.026794
v -0.660773 -0.089041 0.033575
v -0.646417 -0.222603 0.006566
v -0.644119 -0.222591 0.000000
v -0.646417 -0.222603 -0.006567
v -0.646417 -0.082628 -0.006567
v -0.644159 -0.081711 0.000000
v -0.646417 -0.082628 0.006566
v -0.623302 -0.222689 -0.221958
v -0.620598 -0.222683 -0.228116
v -0.615552 -0.222665 -0.232561
v -0.615650 -0.087236 -0.232507
v -0.620626 -0.088566 -0.228070
v -0.623324 -0.089041 -0.221848
v -0.599724 -0.222603 -0.241306
v -0.595088 -0.222591 -0.246494
v -0.594698 -0.222603 -0.253440
v -0.594698 -0.082628 -0.253440
v -0.595125 -0.081711 -0.246509
v -0.599724 -0.082628 -0.241306
v -0.490916 -0.222689 -0.443590
v -0.486061 -0.222682 -0.448244
v -0.479698 -0.222664 -0.450420
v -0.479810 -0.087235 -0.450408
v -0.486105 -0.088566 -0.448212
v -0.490978 -0.089040 -0.443497
v -0.461729 -0.222603 -0.452443
v -0.455460 -0.222590 -0.455461
v -0.452442 -0.222603 -0.461729
v -0.452442 -0.082628 -0.461729
v -0.455489 -0.081711 -0.455489
v -0.461729 -0.082628 -0.452443
v -0.283793 -0.222689 -0.597689
v -0.277527 -0.222682 -0.600131
v -0.270815 -0.222664 -0.599706
v -0.270923 -0.087235 -0.599738
v -0.277579 -0.088566 -0.600119
v -0.283886 -0.089040 -0.597627
v -0.253440 -0.222603 -0.594698
v -0.246493 -0.222590 -0.595088
v -0.241306 -0.222603 -0.599724
v -0.241306 -0.082627 -0.599724
v -0.246509 -0.081710 -0.595125
v -0.253440 -0.082628 -0.594698
v -0.033464 -0.222689 -0.660795
v -0.026741 -0.222682 -0.660654
v -0.020703 -0.222664 -0.657693
v -0.020791 -0.087235 -0.657763
v -0.026794 -0.088566 -0.660662
v -0.033575 -0.089040 -0.660773
v -0.006566 -0.222603 -0.646417
v 0.000000 -0.222590 -0.644119
v 0.006567 -0.222603 -0.646417
v 0.006567 -0.082627 -0.646417
v 0.000000 -0.081710 -0.644159
v -0.006566 -0.082628 -0.646417
v 0.221958 -0.222689 -0.623302
v 0.228116 -0.222682 -0.620598
v 0.232561 -0.222664 -0.615552
v 0.232507 -0.087235 -0.615650
v 0.228070 -0.088566 -0.620626
v 0.221848 -0.089040 -0.623323
v 0.241306 -0.222603 -0.599724
v 0.246494 -0.222590 -0.595088
v 0.253440 -0.222603 -0.594698
v 0.253440 -0.082628 -0.594698
v 0.246509 -0.081710 -0.595125
v 0.241306 -0.082628 -0.599724
v 0.443590 -0.222689 -0.490916
v 0.448244 -0.222682 -0.486061
v 0.450420 -0.222664 -0.479698
v 0.450408 -0.087235 -0.479810
v 0.448212 -0.088566 -0.486105
v 0.443497 -0.089040 -0.490978
v 0.452443 -0.222603 -0.461729
v 0.455461 -0.222590 -0.455460
v 0.461729 -0.222603 -0.452442
v 0.461729 -0.082627 -0.452442
v 0.455489 -0.081710 -0.455489
v 0.452443 -0.082628 -0.461729
v 0.597689 -0.222689 -0.283792
v 0.600131 -0.222682 -0.277527
v 0.599706 -0.222664 -0.270815
v 0.599738 -0.087235 -0.270923
v 0.600118 -0.088566 -0.277579
v 0.597627 -0.089040 -0.283886
v 0.615552 -0.222664 -0.232561
v 0.620598 -0.222682 -0.228115
v 0.623302 -0.222689 -0.221958
v 0.479699 -0.222664 -0.450420
v 0.486062 -0.222682 -0.448244
v 0.490916 -0.222689 -0.443590
v 0.270816 -0.222664 -0.599706
v 0.277527 -0.222682 -0.600131
v 0.283793 -0.222689 -0.597689
v 0.020703 -0.222664 -0.657693
v 0.026742 -0.222682 -0.660654
v 0.033465 -0.222689 -0.660795
v -0.232561 -0.222664 -0.615552
v -0.228115 -0.222682 -0.620598
v -0.221958 -0.222689 -0.623302
v -0.450420 -0.222665 -0.479699
v -0.448244 -0.222683 -0.486062
v -0.443590 -0.222690 -0.490916
v -0.599706 -0.222665 -0.270816
v -0.600131 -0.222683 -0.277527
v -0.597689 -0.222690 -0.283793
v -0.657693 -0.222665 -0.020703
v -0.660654 -0.222683 -0.026741
v -0.660795 -0.222690 -0.033465
v -0.615552 -0.222664 0.232561
v -0.620598 -0.222682 0.228115
v -0.623302 -0.222689 0.221958
v -0.479698 -0.222664 0.450420
v -0.486062 -0.222682 0.448244
v -0.490916 -0.222689 0.443589
v -0.270815 -0.222664 0.599706
v -0.277527 -0.222682 0.600131
v -0.283793 -0.222689 0.597689
v -0.020703 -0.222664 0.657693
v -0.026741 -0.222682 0.660654
v -0.033465 -0.222689 0.660795
v 0.232561 -0.222664 0.615552
v 0.228115 -0.222682 0.620598
v 0.221958 -0.222689 0.623302
v 0.450420 -0.222664 0.479698
v 0.448244 -0.222682 0.486062
v 0.443590 -0.222689 0.490916
v 0.599706 -0.222664 0.270815
v 0.600131 -0.222682 0.277527
v 0.597689 -0.222689 0.283793
v 0.657693 -0.222664 0.020703
v 0.660654 -0.222682 0.026741
v 0.660795 -0.222689 0.033465
v 0.217508 3.503907 -0.180255
v 0.213153 3.503667 -0.185191
v 0.221420 3.503987 -0.174930
v 0.133690 3.504745 -0.251430
v 0.127626 3.504373 -0.253994
v 0.139317 3.504799 -0.247933
v 0.026344 3.503907 -0.281260
v 0.019773 3.503667 -0.281671
v 0.032874 3.503987 -0.280261
v -0.083295 3.503907 -0.269932
v -0.089523 3.503667 -0.267798
v -0.076879 3.503987 -0.271509
v -0.180253 3.503907 -0.217509
v -0.185189 3.503667 -0.213154
v -0.174929 3.503987 -0.221421
v -0.249769 3.503908 -0.131972
v -0.252663 3.503668 -0.126059
v -0.246346 3.503988 -0.137623
v -0.281260 3.503909 -0.026344
v -0.281671 3.503669 -0.019773
v -0.280261 3.503989 -0.032875
v -0.269932 3.503909 0.083295
v -0.267797 3.503669 0.089523
v -0.271508 3.503989 0.076879
v -0.217509 3.503909 0.180253
v -0.213153 3.503669 0.185189
v -0.221420 3.503989 0.174928
v -0.131972 3.503907 0.249770
v -0.126059 3.503667 0.252664
v -0.137624 3.503987 0.246347
v -0.026343 3.503907 0.281261
v -0.019773 3.503667 0.281671
v -0.032874 3.503987 0.280261
v 0.083295 3.503908 0.269932
v 0.089523 3.503668 0.267797
v 0.076879 3.503988 0.271507
v 0.180253 3.503909 0.217509
v 0.185190 3.503669 0.213154
v 0.174929 3.503989 0.221420
v 0.249770 3.503907 0.131973
v 0.252664 3.503667 0.126060
v 0.246347 3.503987 0.137624
v 0.281260 3.503907 0.026341
v 0.281671 3.503667 0.019771
v 0.280261 3.503987 0.032872
v 0.140349 3.556605 0.013144
v 0.140554 3.556485 0.009866
v 0.140670 3.556165 0.003275
v 0.140698 3.556085 -0.000001
v 0.140670 3.556165 -0.003278
v 0.140554 3.556485 -0.009868
v 0.140349 3.556605 -0.013147
v 0.139850 3.556645 -0.016406
v 0.135484 3.556645 -0.038362
v 0.134697 3.556605 -0.041563
v 0.133632 3.556485 -0.044671
v 0.131216 3.556165 -0.050803
v 0.129989 3.556085 -0.053842
v 0.128709 3.556165 -0.056858
v 0.126080 3.556485 -0.062903
v 0.124636 3.556605 -0.065853
v 0.122928 3.556645 -0.068673
v 0.110489 3.556645 -0.087290
v 0.108537 3.556605 -0.089948
v 0.106364 3.556485 -0.092411
v 0.101785 3.556165 -0.097152
v 0.099488 3.556085 -0.099490
v 0.097151 3.556165 -0.101787
v 0.092405 3.556485 -0.106368
v 0.089969 3.556618 -0.108567
v 0.087383 3.556697 -0.110603
v 0.069519 3.557050 -0.123719
v 0.066711 3.557023 -0.125464
v 0.063686 3.556837 -0.126744
v 0.056960 3.556268 -0.128982
v 0.053867 3.556111 -0.130057
v 0.050800 3.556165 -0.131218
v 0.044672 3.556485 -0.133631
v 0.041565 3.556605 -0.134697
v 0.038363 3.556645 -0.135483
v 0.016404 3.556645 -0.139851
v 0.013145 3.556605 -0.140349
v 0.009867 3.556485 -0.140555
v 0.003277 3.556165 -0.140669
v -0.000000 3.556085 -0.140699
v -0.003277 3.556165 -0.140669
v -0.009867 3.556485 -0.140555
v -0.013146 3.556605 -0.140350
v -0.016405 3.556645 -0.139851
v -0.038363 3.556645 -0.135484
v -0.041565 3.556605 -0.134697
v -0.044672 3.556485 -0.133632
v -0.050805 3.556165 -0.131216
v -0.053843 3.556085 -0.129989
v -0.056860 3.556165 -0.128708
v -0.062904 3.556485 -0.126080
v -0.065855 3.556605 -0.124636
v -0.068674 3.556645 -0.122928
v -0.087290 3.556645 -0.110490
v -0.089947 3.556605 -0.108537
v -0.092410 3.556485 -0.106365
v -0.097152 3.556165 -0.101786
v -0.099489 3.556085 -0.099489
v -0.101786 3.556165 -0.097152
v -0.106364 3.556485 -0.092410
v -0.108538 3.556605 -0.089947
v -0.110489 3.556645 -0.087290
v -0.122928 3.556645 -0.068674
v -0.124636 3.556605 -0.065854
v -0.126080 3.556486 -0.062904
v -0.128708 3.556165 -0.056859
v -0.129989 3.556086 -0.053843
v -0.131216 3.556165 -0.050804
v -0.133632 3.556486 -0.044672
v -0.134697 3.556606 -0.041564
v -0.135483 3.556646 -0.038363
v -0.139851 3.556646 -0.016405
v -0.140350 3.556606 -0.013146
v -0.140555 3.556486 -0.009867
v -0.140670 3.556165 -0.003277
v -0.140699 3.556086 0.000000
v -0.140670 3.556165 0.003276
v -0.140555 3.556486 0.009867
v -0.140350 3.556606 0.013145
v -0.139851 3.556646 0.016404
v -0.135483 3.556646 0.038363
v -0.134697 3.556606 0.041564
v -0.133632 3.556486 0.044672
v -0.131217 3.556165 0.050804
v -0.129989 3.556086 0.053843
v -0.128708 3.556165 0.056859
v -0.126080 3.556486 0.062904
v -0.124636 3.556606 0.065854
v -0.122928 3.556646 0.068674
v -0.110489 3.556646 0.087289
v -0.108538 3.556606 0.089947
v -0.106364 3.556486 0.092410
v -0.101786 3.556165 0.097151
v -0.099489 3.556086 0.099489
v -0.097152 3.556165 0.101785
v -0.092410 3.556486 0.106364
v -0.089947 3.556605 0.108537
v -0.087290 3.556645 0.110489
v -0.068675 3.556645 0.122928
v -0.065855 3.556605 0.124636
v -0.062904 3.556485 0.126080
v -0.056860 3.556165 0.128708
v -0.053844 3.556085 0.129989
v -0.050805 3.556165 0.131216
v -0.044672 3.556485 0.133632
v -0.041565 3.556605 0.134697
v -0.038364 3.556645 0.135483
v -0.016404 3.556645 0.139851
v -0.013145 3.556605 0.140350
v -0.009867 3.556485 0.140555
v -0.003277 3.556165 0.140669
v 0.000000 3.556085 0.140699
v 0.003277 3.556165 0.140669
v 0.009867 3.556485 0.140555
v 0.013145 3.556605 0.140349
v 0.016404 3.556645 0.139851
v 0.038363 3.556645 0.135483
v 0.041564 3.556605 0.134697
v 0.044672 3.556486 0.133631
v 0.050804 3.556165 0.131216
v 0.053843 3.556086 0.129988
v 0.056859 3.556165 0.128708
v 0.062904 3.556486 0.126079
v 0.065854 3.556606 0.124635
v 0.068674 3.556646 0.122927
v 0.087290 3.556646 0.110489
v 0.089946 3.556606 0.108537
v 0.092410 3.556486 0.106365
v 0.097152 3.556165 0.101786
v 0.099489 3.556086 0.099489
v 0.101786 3.556165 0.097152
v 0.106364 3.556486 0.092410
v 0.108537 3.556605 0.089947
v 0.110489 3.556645 0.087290
v 0.122928 3.556645 0.068675
v 0.124636 3.556605 0.065855
v 0.126080 3.556485 0.062904
v 0.128708 3.556165 0.056860
v 0.129988 3.556085 0.053843
v 0.131216 3.556165 0.050805
v 0.133631 3.556485 0.044673
v 0.134696 3.556605 0.041565
v 0.135483 3.556645 0.038363
v 0.139851 3.556645 0.016403
v 0.000008 3.556516 -0.000009
v 0.591705 2.924378 0.027373
v 0.591642 2.925510 0.034497
v 0.559807 2.925510 0.194541
v 0.557140 2.924378 0.201147
v 0.552741 2.921247 0.205212
v 0.531091 2.907776 0.212878
v 0.525998 2.906325 0.217875
v 0.526065 2.907776 0.225011
v 0.535953 2.921247 0.245741
v 0.536189 2.924378 0.251725
v 0.533405 2.925510 0.258282
v 0.442747 2.925510 0.393961
v 0.437754 2.924378 0.399044
v 0.432135 2.921247 0.401116
v 0.409199 2.907776 0.399913
v 0.402581 2.906325 0.402581
v 0.399913 2.907776 0.409199
v 0.401116 2.921247 0.432135
v 0.399044 2.924378 0.437754
v 0.393961 2.925510 0.442747
v 0.258282 2.925510 0.533405
v 0.251725 2.924378 0.536189
v 0.245740 2.921247 0.535953
v 0.225011 2.907776 0.526065
v 0.217875 2.906325 0.525998
v 0.212878 2.907776 0.531091
v 0.205212 2.921247 0.552741
v 0.201147 2.924378 0.557140
v 0.194541 2.925510 0.559807
v 0.034496 2.925510 0.591642
v 0.027373 2.924378 0.591705
v 0.021934 2.921247 0.589197
v 0.006567 2.907776 0.572129
v 0.000000 2.906325 0.569335
v -0.006567 2.907776 0.572129
v -0.021934 2.921247 0.589197
v -0.027373 2.924378 0.591705
v -0.034496 2.925510 0.591642
v -0.194541 2.925510 0.559807
v -0.201147 2.924378 0.557140
v -0.205212 2.921247 0.552741
v -0.212878 2.907776 0.531091
v -0.217875 2.906325 0.525997
v -0.225011 2.907776 0.526065
v -0.245741 2.921247 0.535953
v -0.251725 2.924378 0.536189
v -0.258282 2.925510 0.533405
v -0.393962 2.925510 0.442747
v -0.399044 2.924378 0.437754
v -0.401116 2.921247 0.432134
v -0.399913 2.907776 0.409199
v -0.402581 2.906325 0.402581
v -0.409199 2.907776 0.399912
v -0.432135 2.921247 0.401116
v -0.437754 2.924378 0.399043
v -0.442747 2.925510 0.393961
v -0.533405 2.925510 0.258282
v -0.536190 2.924378 0.251725
v -0.535953 2.921247 0.245740
v -0.526065 2.907776 0.225011
v -0.525998 2.906325 0.217875
v -0.531091 2.907776 0.212877
v -0.552741 2.921247 0.205211
v -0.557140 2.924378 0.201147
v -0.559807 2.925510 0.194541
v -0.591642 2.925510 0.034496
v -0.591705 2.924378 0.027373
v -0.589197 2.921247 0.021934
v -0.572129 2.907776 0.006566
v -0.569335 2.906325 0.000000
v -0.572129 2.907776 -0.006567
v -0.589197 2.921247 -0.021934
v -0.591705 2.924378 -0.027373
v -0.591642 2.925510 -0.034497
v -0.559807 2.925510 -0.194541
v -0.557140 2.924378 -0.201147
v -0.552741 2.921247 -0.205212
v -0.531091 2.907776 -0.212878
v -0.525997 2.906325 -0.217875
v -0.526065 2.907776 -0.225012
v -0.535953 2.921247 -0.245741
v -0.536189 2.924378 -0.251725
v -0.533405 2.925510 -0.258282
v -0.442747 2.925510 -0.393962
v -0.437754 2.924378 -0.399044
v -0.432134 2.921247 -0.401116
v -0.409199 2.907776 -0.399913
v -0.402581 2.906325 -0.402581
v -0.399913 2.907776 -0.409200
v -0.401116 2.921247 -0.432135
v -0.399044 2.924378 -0.437754
v -0.393961 2.925510 -0.442747
v -0.258282 2.925510 -0.533405
v -0.251725 2.924378 -0.536190
v -0.245740 2.921247 -0.535953
v -0.225011 2.907776 -0.526065
v -0.217875 2.906325 -0.525998
v -0.212878 2.907776 -0.531091
v -0.205211 2.921247 -0.552741
v -0.201147 2.924378 -0.557140
v -0.194541 2.925510 -0.559808
v -0.034496 2.925510 -0.591642
v -0.027373 2.924378 -0.591705
v -0.021934 2.921247 -0.589197
v -0.006567 2.907776 -0.572129
v 0.000000 2.906325 -0.569336
v 0.006567 2.907776 -0.572129
v 0.021934 2.921247 -0.589197
v 0.027373 2.924378 -0.591705
v 0.034496 2.925510 -0.591642
v 0.194541 2.925510 -0.559808
v 0.201147 2.924378 -0.557140
v 0.205212 2.921247 -0.552741
v 0.212877 2.907778 -0.531091
v 0.217877 2.906324 -0.526002
v 0.225014 2.907784 -0.526074
v 0.245738 2.921243 -0.535953
v 0.251726 2.924367 -0.536191
v 0.258286 2.925503 -0.533405
v 0.393964 2.925507 -0.442747
v 0.399045 2.924376 -0.437754
v 0.401116 2.921247 -0.432134
v 0.399913 2.907776 -0.409199
v 0.402581 2.906325 -0.402581
v 0.409200 2.907776 -0.399913
v 0.432135 2.921247 -0.401116
v 0.437755 2.924378 -0.399044
v 0.442747 2.925510 -0.393961
v 0.533405 2.925510 -0.258282
v 0.536190 2.924378 -0.251725
v 0.535953 2.921247 -0.245740
v 0.526065 2.907776 -0.225011
v 0.525998 2.906325 -0.217875
v 0.531091 2.907776 -0.212878
v 0.552741 2.921247 -0.205212
v 0.557140 2.924378 -0.201147
v 0.559808 2.925510 -0.194541
v 0.591642 2.925510 -0.034496
v 0.591705 2.924378 -0.027372
v 0.589197 2.921247 -0.021934
v 0.572129 2.907776 -0.006567
v 0.569336 2.906325 -0.000000
v 0.572129 2.907776 0.006567
v 0.589197 2.921247 0.021934
vt 0.858145 0.203534
vt 0.858238 0.203345
vt 0.901012 0.204073
vt 0.900987 0.204275
vt 0.858490 0.203157
vt 0.901080 0.203883
vt 0.858262 0.197436
vt 0.858096 0.197276
vt 0.900780 0.198007
vt 0.900853 0.198187
vt 0.858030 0.197059
vt 0.900748 0.197814
vt 0.857226 0.178367
vt 0.857285 0.178145
vt 0.899541 0.178704
vt 0.899528 0.178900
vt 0.857455 0.177988
vt 0.899622 0.178513
vt 0.793545 0.178087
vt 0.793545 0.178278
vt 0.778014 0.177986
vt 0.778017 0.177795
vt 0.793545 0.178468
vt 0.778013 0.178176
vt 0.857248 0.172355
vt 0.857013 0.172166
vt 0.899315 0.172548
vt 0.899397 0.172738
vt 0.856918 0.171976
vt 0.899280 0.172346
vt 0.855751 0.154466
vt 0.855807 0.154243
vt 0.897853 0.154296
vt 0.897862 0.154493
vt 0.855974 0.154086
vt 0.897858 0.154097
vt 0.793548 0.154355
vt 0.793548 0.154547
vt 0.777896 0.154302
vt 0.777890 0.154111
vt 0.793548 0.154738
vt 0.777901 0.154494
vt 0.855781 0.148580
vt 0.855536 0.148392
vt 0.897517 0.148251
vt 0.897610 0.148447
vt 0.855437 0.148202
vt 0.897464 0.148035
vt 0.854444 0.131692
vt 0.854495 0.131471
vt 0.895790 0.131121
vt 0.895778 0.131314
vt 0.854657 0.131312
vt 0.895862 0.130938
vt 0.793551 0.131569
vt 0.793551 0.131760
vt 0.777605 0.131542
vt 0.777592 0.131349
vt 0.793551 0.131952
vt 0.777614 0.131734
vt 0.854560 0.125883
vt 0.854301 0.125696
vt 0.895482 0.125272
vt 0.895573 0.125466
vt 0.854200 0.125507
vt 0.895464 0.125051
vt 0.853577 0.109094
vt 0.853629 0.108878
vt 0.893993 0.108471
vt 0.893951 0.108656
vt 0.853782 0.108718
vt 0.894076 0.108298
vt 0.793553 0.108727
vt 0.793553 0.108918
vt 0.777357 0.108682
vt 0.777340 0.108489
vt 0.793553 0.109109
vt 0.777368 0.108874
vt 0.853691 0.103206
vt 0.853520 0.103053
vt 0.893812 0.102854
vt 0.893927 0.103042
vt 0.853454 0.102832
vt 0.893760 0.102641
vt 0.853183 0.085632
vt 0.853237 0.085420
vt 0.892901 0.085412
vt 0.892880 0.085598
vt 0.853387 0.085262
vt 0.892983 0.085242
vt 0.793556 0.084833
vt 0.793556 0.085024
vt 0.777284 0.084792
vt 0.777265 0.084601
vt 0.793556 0.085215
vt 0.777294 0.084983
vt 0.853397 0.079659
vt 0.853233 0.079504
vt 0.892788 0.079921
vt 0.892776 0.080108
vt 0.853172 0.079283
vt 0.892789 0.079735
vt 0.853211 0.060851
vt 0.853267 0.060638
vt 0.892826 0.061358
vt 0.892793 0.061544
vt 0.853420 0.060482
vt 0.892917 0.061193
vt 0.793559 0.059532
vt 0.793559 0.059724
vt 0.777425 0.059859
vt 0.777404 0.059678
vt 0.793559 0.059915
vt 0.777436 0.060039
vt 0.853586 0.054798
vt 0.853345 0.054603
vt 0.893081 0.055788
vt 0.893171 0.055971
vt 0.853259 0.054413
vt 0.893061 0.055586
vt 0.853545 0.034922
vt 0.853608 0.034707
vt 0.894911 0.036157
vt 0.894861 0.036349
vt 0.853772 0.034552
vt 0.895020 0.035994
vt 0.793562 0.033270
vt 0.793562 0.033461
vt 0.777663 0.033291
vt 0.777670 0.033115
vt 0.793562 0.033652
vt 0.777661 0.033466
vt 0.853892 0.417812
vt 0.853652 0.417632
vt 0.895291 0.414571
vt 0.895407 0.414734
vt 0.853562 0.417445
vt 0.895235 0.414377
vt 0.853225 0.397878
vt 0.853281 0.397656
vt 0.892891 0.395004
vt 0.892878 0.395202
vt 0.853437 0.397494
vt 0.892975 0.394824
vt 0.793520 0.399183
vt 0.793520 0.399376
vt 0.777201 0.399939
vt 0.777194 0.399754
vt 0.793520 0.399569
vt 0.777208 0.400123
vt 0.853404 0.391767
vt 0.853186 0.391586
vt 0.892477 0.389498
vt 0.892574 0.389661
vt 0.853105 0.391402
vt 0.892442 0.389312
vt 0.852826 0.372910
vt 0.852883 0.372688
vt 0.892257 0.371105
vt 0.892220 0.371306
vt 0.853045 0.372531
vt 0.892364 0.370928
vt 0.793523 0.373629
vt 0.793523 0.373825
vt 0.776919 0.374987
vt 0.776907 0.374798
vt 0.793523 0.374021
vt 0.776928 0.375175
vt 0.853068 0.366960
vt 0.852856 0.366777
vt 0.892218 0.365753
vt 0.892305 0.365918
vt 0.852780 0.366592
vt 0.892192 0.365569
vt 0.852929 0.349395
vt 0.852993 0.349174
vt 0.892613 0.348598
vt 0.892555 0.348798
vt 0.853159 0.349020
vt 0.892746 0.348396
vt 0.793525 0.349408
vt 0.793525 0.349605
vt 0.776948 0.351082
vt 0.776933 0.350891
vt 0.793525 0.349802
vt 0.776954 0.351273
vt 0.853302 0.343567
vt 0.853086 0.343380
vt 0.892774 0.343256
vt 0.892854 0.343425
vt 0.853010 0.343192
vt 0.892759 0.343070
vt 0.853584 0.326880
vt 0.853652 0.326660
vt 0.894122 0.326885
vt 0.894081 0.327096
vt 0.853823 0.326506
vt 0.894243 0.326699
vt 0.793528 0.326320
vt 0.793528 0.326516
vt 0.777254 0.328078
vt 0.777238 0.327887
vt 0.793528 0.326711
vt 0.777258 0.328269
vt 0.854142 0.321058
vt 0.853907 0.320867
vt 0.894486 0.321351
vt 0.894560 0.321526
vt 0.853828 0.320676
vt 0.894475 0.321161
vt 0.854862 0.304301
vt 0.854934 0.304083
vt 0.896257 0.304722
vt 0.896203 0.304947
vt 0.855101 0.303928
vt 0.896366 0.304526
vt 0.793531 0.303431
vt 0.793531 0.303623
vt 0.777636 0.305048
vt 0.777622 0.304857
vt 0.793531 0.303815
vt 0.777637 0.305239
vt 0.855423 0.298350
vt 0.855261 0.298192
vt 0.896700 0.298942
vt 0.896785 0.299118
vt 0.855208 0.297970
vt 0.896653 0.298755
vt 0.856460 0.280661
vt 0.856534 0.280446
vt 0.898351 0.281109
vt 0.898338 0.281325
vt 0.856696 0.280288
vt 0.898428 0.280914
vt 0.793533 0.279742
vt 0.793533 0.279932
vt 0.777867 0.281038
vt 0.777856 0.280847
vt 0.793533 0.280122
vt 0.777866 0.281229
vt 0.857042 0.274596
vt 0.856872 0.274437
vt 0.898687 0.275130
vt 0.898774 0.275309
vt 0.856817 0.274216
vt 0.898638 0.274945
vt 0.857772 0.255629
vt 0.857840 0.255414
vt 0.900282 0.256037
vt 0.900278 0.256252
vt 0.858006 0.255255
vt 0.900356 0.255840
vt 0.793536 0.254837
vt 0.793536 0.255026
vt 0.777925 0.255681
vt 0.777920 0.255490
vt 0.793536 0.255214
vt 0.777923 0.255873
vt 0.858291 0.249538
vt 0.858041 0.249347
vt 0.900645 0.250040
vt 0.900725 0.250217
vt 0.857950 0.249158
vt 0.900596 0.249854
vt 0.858408 0.229615
vt 0.858500 0.229427
vt 0.901390 0.230081
vt 0.901385 0.230294
vt 0.858737 0.229240
vt 0.901457 0.229886
vt 0.793539 0.229013
vt 0.793539 0.229201
vt 0.777962 0.229108
vt 0.777970 0.228916
vt 0.793539 0.229390
vt 0.777959 0.229300
vt 0.858766 0.223494
vt 0.858528 0.223305
vt 0.901486 0.224068
vt 0.901556 0.224249
vt 0.858436 0.223116
vt 0.901456 0.223877
vt 0.902315 0.201471
vt 0.902361 0.201276
vt 0.128477 0.402121
vt 0.128367 0.401956
vt 0.902315 0.201081
vt 0.128496 0.402304
vt 0.116549 0.405341
vt 0.116519 0.405530
vt 0.079500 0.402963
vt 0.079641 0.402809
vt 0.116526 0.405721
vt 0.079440 0.403161
vt 0.115201 0.378073
vt 0.115146 0.377885
vt 0.910713 0.227600
vt 0.910764 0.227409
vt 0.115130 0.377691
vt 0.123582 0.376679
vt 0.116019 0.380114
vt 0.116055 0.380305
vt 0.083652 0.377352
vt 0.083556 0.377168
vt 0.116015 0.380496
vt 0.083553 0.377535
vt 0.115123 0.382591
vt 0.115067 0.382776
vt 0.080093 0.380092
vt 0.080238 0.379934
vt 0.115052 0.382970
vt 0.080036 0.380297
vt 0.116618 0.355116
vt 0.116589 0.354924
vt 0.912337 0.252821
vt 0.912368 0.252622
vt 0.116596 0.354729
vt 0.128134 0.353744
vt 0.117224 0.357613
vt 0.117230 0.357816
vt 0.083373 0.354783
vt 0.083280 0.354598
vt 0.117157 0.358004
vt 0.083266 0.354963
vt 0.116131 0.359607
vt 0.116041 0.359792
vt 0.079884 0.357300
vt 0.080044 0.357139
vt 0.115999 0.359995
vt 0.079820 0.357513
vt 0.120752 0.333072
vt 0.120749 0.332876
vt 0.916613 0.276772
vt 0.916623 0.276560
vt 0.120788 0.332681
vt 0.140056 0.335686
vt 0.121094 0.335801
vt 0.121069 0.336012
vt 0.082092 0.333658
vt 0.081992 0.333473
vt 0.120955 0.336189
vt 0.081981 0.333838
vt 0.119696 0.337427
vt 0.119562 0.337599
vt 0.078750 0.336063
vt 0.078904 0.335906
vt 0.119484 0.337805
vt 0.078701 0.336280
vt 0.127296 0.312988
vt 0.127306 0.312793
vt 0.923410 0.298972
vt 0.923360 0.298759
vt 0.127361 0.312602
vt 0.156018 0.321565
vt 0.127456 0.315638
vt 0.127415 0.315851
vt 0.080072 0.314573
vt 0.079959 0.314393
vt 0.127281 0.316013
vt 0.079970 0.314758
vt 0.125689 0.317222
vt 0.125572 0.317404
vt 0.076907 0.317038
vt 0.077053 0.316878
vt 0.125481 0.317607
vt 0.076867 0.317251
vt 0.134472 0.294716
vt 0.134482 0.294522
vt 0.931383 0.319768
vt 0.931336 0.319539
vt 0.134536 0.294334
vt 0.172726 0.308458
vt 0.134568 0.297090
vt 0.134528 0.297301
vt 0.077490 0.297089
vt 0.077362 0.296918
vt 0.134398 0.297474
vt 0.077405 0.297283
vt 0.132914 0.299076
vt 0.132764 0.299243
vt 0.074445 0.299730
vt 0.074576 0.299570
vt 0.132650 0.299436
vt 0.074416 0.299932
vt 0.141014 0.276662
vt 0.141015 0.276469
vt 0.939687 0.340444
vt 0.939646 0.340216
vt 0.141056 0.276281
vt 0.188341 0.293570
vt 0.141173 0.278799
vt 0.141149 0.279003
vt 0.074878 0.279663
vt 0.074740 0.279499
vt 0.141051 0.279183
vt 0.074807 0.279862
vt 0.139663 0.281203
vt 0.139570 0.281378
vt 0.071881 0.282509
vt 0.072000 0.282347
vt 0.139533 0.281573
vt 0.071857 0.282705
vt 0.146306 0.257229
vt 0.146337 0.257043
vt 0.947160 0.362366
vt 0.947130 0.362157
vt 0.146374 0.256861
vt 0.201701 0.274988
vt 0.146716 0.259329
vt 0.146663 0.259512
vt 0.072642 0.260831
vt 0.072512 0.260667
vt 0.146576 0.259688
vt 0.072571 0.261027
vt 0.145364 0.261978
vt 0.145282 0.262149
vt 0.069592 0.263779
vt 0.069710 0.263618
vt 0.145217 0.262329
vt 0.069563 0.263975
vt 0.150241 0.235950
vt 0.150220 0.235764
vt 0.953213 0.385921
vt 0.953185 0.385729
vt 0.150227 0.235579
vt 0.211370 0.252677
vt 0.150649 0.238160
vt 0.150655 0.238353
vt 0.071146 0.240017
vt 0.071033 0.239845
vt 0.150606 0.238534
vt 0.071065 0.240207
vt 0.149603 0.240885
vt 0.149540 0.241057
vt 0.067965 0.242894
vt 0.068088 0.242734
vt 0.149497 0.241237
vt 0.067927 0.243092
vt 0.144403 0.541387
vt 0.144366 0.541210
vt 0.956609 0.048214
vt 0.956643 0.048029
vt 0.144353 0.541026
vt 0.208794 0.532097
vt 0.145065 0.543681
vt 0.145089 0.543868
vt 0.070457 0.217607
vt 0.062263 0.539945
vt 0.153111 0.216052
vt 0.070362 0.217792
vt 0.152265 0.218313
vt 0.152212 0.218488
vt 0.067142 0.220257
vt 0.067280 0.220096
vt 0.152183 0.218671
vt 0.067093 0.220465
vt 0.143736 0.518740
vt 0.143690 0.518566
vt 0.951778 0.072815
vt 0.951832 0.072633
vt 0.143662 0.518386
vt 0.204782 0.507740
vt 0.144532 0.521128
vt 0.144565 0.521311
vt 0.065003 0.517776
vt 0.064942 0.517577
vt 0.144543 0.521500
vt 0.064873 0.517937
vt 0.143974 0.523672
vt 0.143938 0.523855
vt 0.061457 0.519659
vt 0.061632 0.519521
vt 0.143930 0.524038
vt 0.061372 0.519865
vt 0.141177 0.497606
vt 0.141113 0.497433
vt 0.945709 0.096151
vt 0.945781 0.095969
vt 0.141065 0.497254
vt 0.195803 0.484982
vt 0.142162 0.499956
vt 0.142212 0.500138
vt 0.068313 0.496747
vt 0.068262 0.496541
vt 0.142203 0.500328
vt 0.068167 0.496902
vt 0.141789 0.502349
vt 0.141764 0.502537
vt 0.064766 0.498461
vt 0.064960 0.498327
vt 0.141771 0.502722
vt 0.064663 0.498672
vt 0.136981 0.478279
vt 0.136907 0.478107
vt 0.938262 0.117730
vt 0.938345 0.117548
vt 0.136875 0.477921
vt 0.182842 0.465549
vt 0.138147 0.480415
vt 0.138224 0.480598
vt 0.072061 0.477495
vt 0.072007 0.477287
vt 0.138234 0.480796
vt 0.071913 0.477654
vt 0.137969 0.482860
vt 0.137959 0.483047
vt 0.068476 0.479382
vt 0.068675 0.479248
vt 0.137985 0.483233
vt 0.068365 0.479595
vt 0.131458 0.460360
vt 0.131332 0.460185
vt 0.930346 0.137961
vt 0.930432 0.137780
vt 0.131233 0.459994
vt 0.167487 0.449317
vt 0.132739 0.462125
vt 0.132849 0.462305
vt 0.075837 0.459495
vt 0.075764 0.459293
vt 0.132878 0.462512
vt 0.075704 0.459666
vt 0.132702 0.464787
vt 0.132704 0.464977
vt 0.072183 0.461767
vt 0.072364 0.461630
vt 0.132748 0.465164
vt 0.072080 0.461967
vt 0.125162 0.442360
vt 0.125009 0.442188
vt 0.922615 0.158091
vt 0.922700 0.157903
vt 0.124905 0.441985
vt 0.151324 0.434532
vt 0.126513 0.443778
vt 0.126642 0.443952
vt 0.079206 0.441351
vt 0.079111 0.441159
vt 0.126678 0.444165
vt 0.079092 0.441533
vt 0.126457 0.446738
vt 0.126461 0.446930
vt 0.075483 0.443985
vt 0.075643 0.443842
vt 0.126510 0.447118
vt 0.075397 0.444177
vt 0.119483 0.422642
vt 0.119349 0.422467
vt 0.916016 0.179416
vt 0.916100 0.179225
vt 0.119271 0.422260
vt 0.136562 0.418864
vt 0.120692 0.423937
vt 0.120801 0.424111
vt 0.081870 0.421627
vt 0.081953 0.421419
vt 0.120822 0.424321
vt 0.081697 0.421773
vt 0.120451 0.427020
vt 0.120445 0.427213
vt 0.077976 0.424521
vt 0.078118 0.424372
vt 0.120482 0.427404
vt 0.077912 0.424714
vt 0.753504 0.402014
vt 0.018022 0.393900
vt 0.353885 0.254247
vt 0.352947 0.254217
vt 0.018203 0.394048
vt 0.354818 0.254339
vt 0.080145 0.374339
vt 0.080190 0.374554
vt 0.758341 0.341533
vt 0.758137 0.340969
vt 0.080334 0.374721
vt 0.758739 0.341988
vt 0.079713 0.351690
vt 0.079777 0.351906
vt 0.747025 0.281217
vt 0.746694 0.280740
vt 0.079930 0.352073
vt 0.747510 0.281545
vt 0.078271 0.330676
vt 0.078348 0.330889
vt 0.720074 0.227560
vt 0.719622 0.227203
vt 0.078512 0.331051
vt 0.720625 0.227740
vt 0.076201 0.311866
vt 0.076290 0.312069
vt 0.679405 0.186246
vt 0.678849 0.186058
vt 0.076470 0.312221
vt 0.679997 0.186243
vt 0.073692 0.294706
vt 0.073790 0.294914
vt 0.628659 0.161701
vt 0.628045 0.161730
vt 0.073981 0.295060
vt 0.629241 0.161484
vt 0.071211 0.277546
vt 0.071305 0.277760
vt 0.572648 0.156167
vt 0.572055 0.156420
vt 0.071496 0.277900
vt 0.573139 0.155741
vt 0.069112 0.258737
vt 0.069193 0.258950
vt 0.516499 0.169508
vt 0.516006 0.169933
vt 0.069372 0.259093
vt 0.516830 0.168940
vt 0.067697 0.237654
vt 0.067761 0.237862
vt 0.464986 0.199639
vt 0.464632 0.200160
vt 0.067920 0.238011
vt 0.465136 0.199021
vt 0.059265 0.536959
vt 0.059293 0.537165
vt 0.437082 0.481548
vt 0.437601 0.481849
vt 0.059414 0.537336
vt 0.436485 0.481455
vt 0.062100 0.514351
vt 0.062119 0.514551
vt 0.484339 0.520374
vt 0.484896 0.520529
vt 0.062225 0.514723
vt 0.483760 0.520431
vt 0.065576 0.493238
vt 0.065588 0.493435
vt 0.539245 0.544284
vt 0.539816 0.544273
vt 0.065686 0.493607
vt 0.538710 0.544495
vt 0.069382 0.474089
vt 0.069392 0.474288
vt 0.596832 0.550096
vt 0.597376 0.549889
vt 0.069493 0.474460
vt 0.596382 0.550470
vt 0.073061 0.456315
vt 0.073081 0.456519
vt 0.651548 0.536626
vt 0.651999 0.536219
vt 0.073200 0.456690
vt 0.651241 0.537156
vt 0.076202 0.438404
vt 0.076244 0.438614
vt 0.698290 0.505117
vt 0.698585 0.504555
vt 0.076384 0.438779
vt 0.698173 0.505745
vt 0.078435 0.418884
vt 0.078421 0.419068
vt 0.733119 0.458918
vt 0.733227 0.458284
vt 0.078406 0.419252
vt 0.733225 0.459558
vt 0.117144 0.402437
vt 0.117216 0.402623
vt 0.083146 0.400068
vt 0.083042 0.399886
vt 0.117207 0.402823
vt 0.083052 0.400255
vt 0.863018 0.226652
vt 0.863299 0.226477
vt 0.902920 0.227066
vt 0.902865 0.227263
vt 0.863235 0.226261
vt 0.902872 0.226869
vt 0.862624 0.252343
vt 0.862528 0.252167
vt 0.902027 0.252794
vt 0.901967 0.252993
vt 0.862384 0.251960
vt 0.901975 0.252594
vt 0.861130 0.277505
vt 0.861226 0.277287
vt 0.900180 0.277842
vt 0.900124 0.278039
vt 0.861341 0.277119
vt 0.900121 0.277640
vt 0.859433 0.301283
vt 0.859536 0.301057
vt 0.898200 0.301657
vt 0.898127 0.301854
vt 0.859670 0.300902
vt 0.898148 0.301455
vt 0.857975 0.324048
vt 0.858097 0.323820
vt 0.896089 0.324142
vt 0.896005 0.324337
vt 0.858240 0.323671
vt 0.896045 0.323941
vt 0.857264 0.346604
vt 0.857381 0.346420
vt 0.894540 0.346138
vt 0.894434 0.346341
vt 0.857277 0.346228
vt 0.894512 0.345950
vt 0.857254 0.369994
vt 0.857184 0.369834
vt 0.894184 0.368629
vt 0.894111 0.368813
vt 0.857064 0.369621
vt 0.894131 0.368439
vt 0.857708 0.394742
vt 0.857771 0.394532
vt 0.894667 0.392259
vt 0.894605 0.392448
vt 0.857515 0.394361
vt 0.894593 0.392076
vt 0.858149 0.032014
vt 0.858422 0.031848
vt 0.897668 0.417123
vt 0.897108 0.033723
vt 0.858447 0.420384
vt 0.897574 0.416942
vt 0.857591 0.057796
vt 0.857846 0.057622
vt 0.894921 0.058513
vt 0.894852 0.058700
vt 0.857779 0.057413
vt 0.894858 0.058323
vt 0.857492 0.082516
vt 0.857611 0.082300
vt 0.894830 0.082419
vt 0.894737 0.082591
vt 0.857681 0.082139
vt 0.894884 0.082230
vt 0.857831 0.106044
vt 0.857920 0.105818
vt 0.895687 0.105472
vt 0.895640 0.105675
vt 0.858035 0.105658
vt 0.895599 0.105281
vt 0.858704 0.128801
vt 0.858808 0.128569
vt 0.897294 0.128196
vt 0.897254 0.128403
vt 0.858943 0.128415
vt 0.897219 0.127999
vt 0.860316 0.151572
vt 0.860183 0.151415
vt 0.899318 0.151489
vt 0.899344 0.151715
vt 0.860078 0.151186
vt 0.899219 0.151290
vt 0.861838 0.175514
vt 0.861724 0.175344
vt 0.900965 0.175910
vt 0.900908 0.176112
vt 0.861628 0.175124
vt 0.900920 0.175716
vt 0.778180 0.200386
vt 0.778184 0.200194
vt 0.793543 0.200377
vt 0.793543 0.200571
vt 0.778181 0.200003
vt 0.793543 0.200184
vt 0.777984 0.223185
vt 0.777977 0.222994
vt 0.793540 0.222934
vt 0.793540 0.223123
vt 0.777975 0.222802
vt 0.793540 0.222746
vt 0.778169 0.226241
vt 0.778173 0.226049
vt 0.793540 0.226066
vt 0.793540 0.226259
vt 0.778170 0.225857
vt 0.793540 0.225873
vt 0.777815 0.249748
vt 0.777818 0.249554
vt 0.793537 0.248827
vt 0.793537 0.249016
vt 0.777820 0.249358
vt 0.793537 0.248638
vt 0.777829 0.252644
vt 0.777825 0.252448
vt 0.793537 0.251743
vt 0.793537 0.251936
vt 0.777826 0.252253
vt 0.793537 0.251550
vt 0.777703 0.275174
vt 0.777713 0.274977
vt 0.793534 0.273827
vt 0.793534 0.274017
vt 0.777719 0.274781
vt 0.793534 0.273637
vt 0.777617 0.277965
vt 0.777611 0.277764
vt 0.793534 0.276617
vt 0.793534 0.276813
vt 0.777616 0.277562
vt 0.793534 0.276422
vt 0.777479 0.299262
vt 0.777496 0.299065
vt 0.793531 0.297581
vt 0.793531 0.297773
vt 0.777508 0.298869
vt 0.793531 0.297389
vt 0.777297 0.302094
vt 0.777291 0.301887
vt 0.793531 0.300407
vt 0.793531 0.300606
vt 0.777298 0.301680
vt 0.793531 0.300209
vt 0.777082 0.322316
vt 0.777099 0.322120
vt 0.793529 0.320463
vt 0.793529 0.320656
vt 0.777114 0.321925
vt 0.793529 0.320270
vt 0.776913 0.325327
vt 0.776906 0.325118
vt 0.793528 0.323465
vt 0.793528 0.323666
vt 0.776911 0.324909
vt 0.793528 0.323265
vt 0.776801 0.345297
vt 0.776815 0.345104
vt 0.793526 0.343470
vt 0.793526 0.343662
vt 0.776828 0.344912
vt 0.793526 0.343277
vt 0.776669 0.348505
vt 0.776663 0.348297
vt 0.793526 0.346692
vt 0.793526 0.346893
vt 0.776665 0.348088
vt 0.793526 0.346491
vt 0.776803 0.369149
vt 0.776813 0.368960
vt 0.793523 0.367565
vt 0.793523 0.367757
vt 0.776821 0.368771
vt 0.793523 0.367372
vt 0.776711 0.372446
vt 0.776707 0.372242
vt 0.793523 0.370929
vt 0.793523 0.371129
vt 0.776706 0.372037
vt 0.793523 0.370730
vt 0.777115 0.394124
vt 0.777118 0.393940
vt 0.793520 0.393016
vt 0.793520 0.393209
vt 0.777121 0.393756
vt 0.793520 0.392824
vt 0.777106 0.397315
vt 0.777105 0.397117
vt 0.793520 0.396371
vt 0.793520 0.396567
vt 0.777101 0.396920
vt 0.793520 0.396174
vt 0.777543 0.419542
vt 0.777537 0.419365
vt 0.793517 0.419249
vt 0.793517 0.419440
vt 0.777536 0.419188
vt 0.793517 0.419058
vt 0.777811 0.030616
vt 0.777801 0.030432
vt 0.793517 0.422436
vt 0.793562 0.030471
vt 0.777677 0.422054
vt 0.793517 0.422243
vt 0.777286 0.052698
vt 0.777296 0.052519
vt 0.793560 0.053372
vt 0.793560 0.053565
vt 0.777306 0.052340
vt 0.793560 0.053179
vt 0.777089 0.056930
vt 0.777082 0.056736
vt 0.793559 0.056383
vt 0.793559 0.056580
vt 0.777084 0.056541
vt 0.793559 0.056186
vt 0.777322 0.078894
vt 0.777346 0.078704
vt 0.793557 0.078814
vt 0.793557 0.079008
vt 0.777360 0.078514
vt 0.793557 0.078619
vt 0.777000 0.081682
vt 0.776996 0.081476
vt 0.793556 0.081692
vt 0.793556 0.081890
vt 0.777004 0.081270
vt 0.793556 0.081494
vt 0.777348 0.102896
vt 0.777366 0.102703
vt 0.793554 0.102832
vt 0.793554 0.103028
vt 0.777375 0.102511
vt 0.793554 0.102637
vt 0.777125 0.105706
vt 0.777120 0.105498
vt 0.793554 0.105725
vt 0.793554 0.105924
vt 0.777124 0.105291
vt 0.793554 0.105526
vt 0.777571 0.125856
vt 0.777580 0.125664
vt 0.793551 0.125742
vt 0.793551 0.125936
vt 0.777584 0.125473
vt 0.793551 0.125549
vt 0.777450 0.128804
vt 0.777445 0.128599
vt 0.793551 0.128778
vt 0.793551 0.128977
vt 0.777446 0.128394
vt 0.793551 0.128579
vt 0.777862 0.148647
vt 0.777865 0.148457
vt 0.793549 0.148516
vt 0.793549 0.148708
vt 0.777865 0.148267
vt 0.793549 0.148325
vt 0.777832 0.151762
vt 0.777829 0.151561
vt 0.793548 0.151726
vt 0.793548 0.151923
vt 0.777828 0.151361
vt 0.793548 0.151528
vt 0.778033 0.172268
vt 0.778031 0.172080
vt 0.793546 0.172163
vt 0.793546 0.172352
vt 0.778030 0.171891
vt 0.793546 0.171973
vt 0.778081 0.175479
vt 0.778082 0.175284
vt 0.793546 0.175481
vt 0.793546 0.175676
vt 0.778080 0.175089
vt 0.793546 0.175286
vt 0.778040 0.197205
vt 0.778034 0.197016
vt 0.793543 0.197088
vt 0.793543 0.197276
vt 0.778032 0.196827
vt 0.793543 0.196899
vt 0.126763 0.400163
vt 0.912496 0.197039
vt 0.911942 0.202841
vt 0.123607 0.382342
vt 0.126774 0.359317
vt 0.136912 0.340703
vt 0.151803 0.326117
vt 0.168450 0.312761
vt 0.184677 0.297951
vt 0.198888 0.279753
vt 0.209567 0.257910
vt 0.215514 0.233964
vt 0.206172 0.513118
vt 0.198274 0.489991
vt 0.186229 0.470265
vt 0.171534 0.454004
vt 0.155414 0.439400
vt 0.139762 0.423984
vt 0.128020 0.405282
vt 0.116026 0.400511
vt 0.079715 0.397213
vt 0.746726 0.425602
vt 0.719677 0.479149
vt 0.678970 0.520394
vt 0.628239 0.544873
vt 0.572265 0.550350
vt 0.516177 0.537005
vt 0.464712 0.506931
vt 0.437595 0.225322
vt 0.484775 0.186502
vt 0.539624 0.162594
vt 0.597167 0.156806
vt 0.651831 0.170313
vt 0.698477 0.201843
vt 0.733181 0.248063
vt 0.753483 0.304324
vt 0.758142 0.365368
vt 0.403251 0.267300
vt 0.379577 0.258771
vt 0.438917 0.298628
vt 0.425183 0.280454
vt 0.465388 0.336003
vt 0.456797 0.315585
vt 0.467786 0.381241
vt 0.469260 0.359137
vt 0.449492 0.424837
vt 0.460853 0.404332
vt 0.413275 0.460104
vt 0.432883 0.444331
vt 0.364689 0.481647
vt 0.389582 0.473079
vt 0.311173 0.486204
vt 0.337498 0.486198
vt 0.260871 0.473122
vt 0.284547 0.481651
vt 0.221401 0.444411
vt 0.238819 0.460099
vt 0.198734 0.404418
vt 0.207326 0.424838
vt 0.196336 0.359181
vt 0.194862 0.381284
vt 0.214630 0.315586
vt 0.203270 0.336088
vt 0.250846 0.280318
vt 0.231240 0.296090
vt 0.299432 0.258775
vt 0.274541 0.267340
vt 0.326628 0.254223
vt 0.862634 0.200780
vt 0.862878 0.200399
vt 0.079922 0.397594
vt 0.116159 0.400894
vt 0.911623 0.224823
vt 0.910567 0.221888
vt 0.124947 0.379658
vt 0.913017 0.249793
vt 0.911632 0.247070
vt 0.128474 0.357077
vt 0.916884 0.273822
vt 0.915307 0.271080
vt 0.138884 0.338668
vt 0.923371 0.296349
vt 0.921550 0.293467
vt 0.153937 0.323839
vt 0.931211 0.317637
vt 0.929359 0.314507
vt 0.170526 0.310099
vt 0.939472 0.338754
vt 0.937725 0.335422
vt 0.186418 0.294856
vt 0.946891 0.360747
vt 0.945636 0.357441
vt 0.200037 0.276433
vt 0.953024 0.383977
vt 0.952275 0.380962
vt 0.209972 0.254747
vt 0.957008 0.045812
vt 0.957636 0.405420
vt 0.215245 0.231344
vt 0.952666 0.069989
vt 0.953008 0.067855
vt 0.205065 0.511306
vt 0.946920 0.093084
vt 0.947276 0.091307
vt 0.196959 0.488750
vt 0.939664 0.114684
vt 0.940061 0.112871
vt 0.184737 0.469110
vt 0.931762 0.135104
vt 0.932199 0.132879
vt 0.169830 0.452433
vt 0.923902 0.155407
vt 0.924274 0.152708
vt 0.153816 0.437210
vt 0.917192 0.176884
vt 0.917207 0.173873
vt 0.138877 0.421229
vt 0.023565 0.396566
vt 0.018035 0.399495
vt 0.762238 0.417645
vt 0.023856 0.376767
vt 0.018363 0.379618
vt 0.770977 0.353691
vt 0.023814 0.357009
vt 0.018408 0.359817
vt 0.762465 0.289714
vt 0.023382 0.337575
vt 0.018141 0.340520
vt 0.737146 0.231593
vt 0.022498 0.318547
vt 0.017461 0.321804
vt 0.696701 0.185100
vt 0.021237 0.299708
vt 0.016363 0.303271
vt 0.644461 0.155099
vt 0.019604 0.280688
vt 0.014716 0.284436
vt 0.585168 0.144606
vt 0.017951 0.261118
vt 0.012866 0.264866
vt 0.524400 0.154312
vt 0.016738 0.241115
vt 0.011413 0.244662
vt 0.467803 0.182544
vt 0.008626 0.531587
vt 0.010592 0.224406
vt 0.420256 0.225879
vt 0.011114 0.511791
vt 0.005320 0.513709
vt 0.467084 0.523914
vt 0.013974 0.492032
vt 0.008236 0.494073
vt 0.523614 0.552224
vt 0.016960 0.472708
vt 0.011349 0.475061
vt 0.584333 0.562095
vt 0.019571 0.453846
vt 0.014053 0.456505
vt 0.643656 0.551822
vt 0.021517 0.435072
vt 0.016000 0.437927
vt 0.696015 0.522010
vt 0.022853 0.416041
vt 0.017310 0.418980
vt 0.736666 0.475680
vt 0.366165 0.255829
vt 0.377789 0.258259
vt 0.368000 0.256148
vt 0.415113 0.273134
vt 0.404986 0.268044
vt 0.423847 0.279157
vt 0.416711 0.274094
vt 0.451201 0.305629
vt 0.440368 0.299855
vt 0.456015 0.313894
vt 0.452513 0.306958
vt 0.469650 0.347731
vt 0.466069 0.337751
vt 0.469386 0.357261
vt 0.469906 0.349574
vt 0.466965 0.393708
vt 0.467663 0.383102
vt 0.461823 0.402694
vt 0.466383 0.395481
vt 0.443764 0.436336
vt 0.448628 0.426486
vt 0.434419 0.443200
vt 0.442530 0.437737
vt 0.403575 0.469094
vt 0.411868 0.461326
vt 0.391396 0.472548
vt 0.401934 0.469976
vt 0.352549 0.486978
vt 0.362949 0.482334
vt 0.339369 0.486280
vt 0.350714 0.487285
vt 0.298483 0.487293
vt 0.309284 0.486292
vt 0.286275 0.482348
vt 0.296645 0.486991
vt 0.249602 0.470030
vt 0.259050 0.472553
vt 0.240172 0.461377
vt 0.247979 0.469106
vt 0.213289 0.437844
vt 0.219949 0.443180
vt 0.208048 0.426556
vt 0.212162 0.436357
vt 0.195009 0.395586
vt 0.198004 0.402685
vt 0.194788 0.383158
vt 0.194651 0.393761
vt 0.197581 0.349601
vt 0.196525 0.357328
vt 0.202436 0.337781
vt 0.198083 0.347808
vt 0.220727 0.306896
vt 0.215624 0.314014
vt 0.229843 0.297358
vt 0.221925 0.305469
vt 0.260937 0.274068
vt 0.252368 0.279251
vt 0.272812 0.268065
vt 0.262569 0.273169
vt 0.312027 0.256145
vt 0.301231 0.258289
vt 0.324768 0.254349
vt 0.313862 0.255837
vt 0.793542 0.203116
vt 0.793542 0.203494
vt 0.778019 0.202836
vt 0.778009 0.203218
vt 0.300324 0.258501
vt 0.312942 0.255977
vt 0.325695 0.254255
vt 0.367087 0.255969
vt 0.378692 0.258485
vt 0.404131 0.267646
vt 0.415932 0.273585
vt 0.424564 0.279754
vt 0.439568 0.299314
vt 0.451965 0.306197
vt 0.456420 0.314733
vt 0.465740 0.336873
vt 0.469873 0.348638
vt 0.469323 0.358199
vt 0.467724 0.382172
vt 0.466787 0.394626
vt 0.461325 0.403508
vt 0.449051 0.425657
vt 0.443242 0.437113
vt 0.433637 0.443751
vt 0.412560 0.460702
vt 0.402814 0.469639
vt 0.390481 0.472794
vt 0.363813 0.481970
vt 0.351651 0.487250
vt 0.338433 0.486219
vt 0.310229 0.486226
vt 0.297541 0.487260
vt 0.285416 0.481983
vt 0.259968 0.472819
vt 0.248726 0.469672
vt 0.239503 0.460730
vt 0.220685 0.443787
vt 0.212629 0.437167
vt 0.207686 0.425697
vt 0.198370 0.403552
vt 0.194735 0.394691
vt 0.194813 0.382220
vt 0.196414 0.358253
vt 0.197770 0.348688
vt 0.202833 0.336926
vt 0.215103 0.314785
vt 0.221297 0.306162
vt 0.230521 0.296704
vt 0.251589 0.279759
vt 0.261743 0.273602
vt 0.273664 0.267675
vt 0.793542 0.203305
vt 0.778012 0.203027
vt 0.862782 0.200574
vt 0.116069 0.400711
vt 0.911981 0.202653
vt 0.127973 0.405117
vt 0.079769 0.397429
vt 0.747056 0.425124
vt 0.123621 0.382165
vt 0.911666 0.224625
vt 0.771246 0.353165
vt 0.758346 0.364804
vt 0.126848 0.359143
vt 0.913035 0.249583
vt 0.762598 0.289135
vt 0.753544 0.303702
vt 0.137035 0.340559
vt 0.916856 0.273603
vt 0.737112 0.230993
vt 0.733073 0.247429
vt 0.151963 0.325999
vt 0.923332 0.296116
vt 0.696467 0.184544
vt 0.698184 0.201280
vt 0.168614 0.312632
vt 0.931169 0.317402
vt 0.644041 0.154668
vt 0.651379 0.169907
vt 0.184818 0.297800
vt 0.939420 0.338526
vt 0.584622 0.144356
vt 0.596623 0.156601
vt 0.198993 0.279581
vt 0.946845 0.360538
vt 0.523807 0.154246
vt 0.539053 0.162584
vt 0.209630 0.257725
vt 0.952993 0.383784
vt 0.467219 0.182637
vt 0.484219 0.186659
vt 0.215535 0.233779
vt 0.957042 0.045626
vt 0.419712 0.226106
vt 0.437078 0.225625
vt 0.206114 0.512932
vt 0.952715 0.069802
vt 0.467351 0.524446
vt 0.465068 0.507451
vt 0.198164 0.489811
vt 0.946987 0.092889
vt 0.524024 0.552668
vt 0.516671 0.537427
vt 0.186072 0.470101
vt 0.939747 0.114479
vt 0.584868 0.562377
vt 0.572858 0.550601
vt 0.171354 0.453860
vt 0.931858 0.134893
vt 0.644255 0.551887
vt 0.628853 0.544900
vt 0.155271 0.439246
vt 0.923995 0.155200
vt 0.696593 0.521854
vt 0.679525 0.520204
vt 0.139644 0.423840
vt 0.917274 0.176683
vt 0.737164 0.475352
vt 0.720128 0.478792
vt 0.762626 0.417199
vt 0.309245 0.290052
vt 0.309899 0.289899
vt 0.317682 0.288353
vt 0.318342 0.288232
vt 0.319005 0.288131
vt 0.326868 0.287059
vt 0.327536 0.286990
vt 0.328208 0.286968
vt 0.347182 0.286963
vt 0.347858 0.286985
vt 0.348531 0.287051
vt 0.356711 0.288126
vt 0.357375 0.288227
vt 0.358034 0.288355
vt 0.365091 0.289877
vt 0.365742 0.290040
vt 0.366380 0.290247
vt 0.383447 0.296395
vt 0.384081 0.296645
vt 0.384697 0.296931
vt 0.391998 0.300601
vt 0.392588 0.300926
vt 0.393150 0.301293
vt 0.398294 0.304943
vt 0.398811 0.305373
vt 0.399257 0.305878
vt 0.409158 0.318980
vt 0.409627 0.319475
vt 0.410204 0.319864
vt 0.418014 0.324027
vt 0.418564 0.324436
vt 0.418959 0.324985
vt 0.421484 0.329985
vt 0.421776 0.330590
vt 0.422047 0.331204
vt 0.428241 0.345924
vt 0.428495 0.346551
vt 0.428732 0.347184
vt 0.431313 0.354378
vt 0.431474 0.355032
vt 0.431498 0.355707
vt 0.431123 0.361248
vt 0.431078 0.361925
vt 0.431032 0.362601
vt 0.429970 0.378535
vt 0.429925 0.379206
vt 0.429881 0.379876
vt 0.429378 0.387522
vt 0.429249 0.388184
vt 0.428958 0.388800
vt 0.425671 0.394001
vt 0.425312 0.394587
vt 0.424971 0.395181
vt 0.416781 0.409964
vt 0.416464 0.410555
vt 0.416159 0.411153
vt 0.412652 0.418253
vt 0.412276 0.418813
vt 0.411763 0.419263
vt 0.405915 0.423201
vt 0.405352 0.423598
vt 0.404809 0.424017
vt 0.390673 0.435388
vt 0.390158 0.435819
vt 0.389658 0.436269
vt 0.383680 0.441869
vt 0.383132 0.442262
vt 0.382497 0.442505
vt 0.374900 0.444359
vt 0.374241 0.444537
vt 0.373592 0.444742
vt 0.355647 0.450919
vt 0.355015 0.451152
vt 0.354392 0.451414
vt 0.346894 0.454762
vt 0.346248 0.454958
vt 0.345572 0.454983
vt 0.337393 0.454259
vt 0.336718 0.454215
vt 0.336044 0.454200
vt 0.317066 0.454204
vt 0.316386 0.454220
vt 0.315704 0.454267
vt 0.307918 0.454988
vt 0.307239 0.454965
vt 0.306593 0.454771
vt 0.299116 0.451424
vt 0.298498 0.451161
vt 0.297871 0.450921
vt 0.280803 0.444773
vt 0.280152 0.444554
vt 0.279490 0.444363
vt 0.272679 0.442543
vt 0.272047 0.442285
vt 0.271509 0.441877
vt 0.265881 0.436306
vt 0.265399 0.435839
vt 0.264906 0.435385
vt 0.252349 0.424075
vt 0.251833 0.423624
vt 0.251303 0.423187
vt 0.246501 0.419340
vt 0.246025 0.418852
vt 0.245689 0.418269
vt 0.242723 0.411203
vt 0.242462 0.410584
vt 0.242202 0.409964
vt 0.236009 0.395244
vt 0.235746 0.394620
vt 0.235483 0.393994
vt 0.233323 0.388877
vt 0.233126 0.388231
vt 0.233065 0.387561
vt 0.233164 0.379918
vt 0.233182 0.379242
vt 0.233217 0.378567
vt 0.234280 0.362633
vt 0.234336 0.361964
vt 0.234416 0.361297
vt 0.235178 0.355726
vt 0.235314 0.355069
vt 0.235540 0.354434
vt 0.238677 0.347206
vt 0.238963 0.346589
vt 0.239279 0.345985
vt 0.247468 0.331205
vt 0.247809 0.330628
vt 0.248184 0.330072
vt 0.251863 0.324940
vt 0.252274 0.324411
vt 0.252727 0.323912
vt 0.258435 0.318065
vt 0.258924 0.317593
vt 0.259442 0.317150
vt 0.273576 0.305780
vt 0.274112 0.305377
vt 0.274673 0.305011
vt 0.280851 0.301274
vt 0.281432 0.300938
vt 0.282027 0.300626
vt 0.289411 0.296946
vt 0.290026 0.296666
vt 0.290658 0.296424
vt 0.308602 0.290249
vt 0.332263 0.371454
vt 0.023567 0.396935
vt 0.023687 0.396750
vt 0.762493 0.416620
vt 0.017064 0.419318
vt 0.017139 0.419116
vt 0.720680 0.478612
vt 0.022851 0.416415
vt 0.022975 0.416228
vt 0.737199 0.474752
vt 0.138624 0.420910
vt 0.138777 0.421057
vt 0.917301 0.176479
vt 0.917271 0.173497
vt 0.917222 0.173684
vt 0.139565 0.423674
vt 0.015732 0.438264
vt 0.015819 0.438060
vt 0.680118 0.520206
vt 0.021496 0.435451
vt 0.021629 0.435267
vt 0.696825 0.521295
vt 0.153485 0.436902
vt 0.153658 0.437055
vt 0.924044 0.154986
vt 0.924431 0.152324
vt 0.924329 0.152508
vt 0.155137 0.439088
vt 0.013752 0.456846
vt 0.013856 0.456635
vt 0.629436 0.545116
vt 0.019517 0.454226
vt 0.019665 0.454050
vt 0.644674 0.551455
vt 0.169477 0.452121
vt 0.169644 0.452289
vt 0.931917 0.134671
vt 0.932349 0.132451
vt 0.932258 0.132663
vt 0.171175 0.453720
vt 0.011018 0.475405
vt 0.011136 0.475186
vt 0.573352 0.551026
vt 0.016880 0.473087
vt 0.017039 0.472919
vt 0.585413 0.562125
vt 0.184418 0.468787
vt 0.184554 0.468969
vt 0.939804 0.114259
vt 0.940178 0.112441
vt 0.940110 0.112652
vt 0.185888 0.469966
vt 0.007903 0.494414
vt 0.008019 0.494193
vt 0.517003 0.537995
vt 0.013889 0.492409
vt 0.014051 0.492245
vt 0.524616 0.552600
vt 0.196728 0.488402
vt 0.196815 0.488593
vt 0.947033 0.092684
vt 0.947361 0.090901
vt 0.947317 0.091101
vt 0.198015 0.489660
vt 0.005011 0.514040
vt 0.005115 0.513826
vt 0.465220 0.508068
vt 0.011047 0.512162
vt 0.011200 0.511999
vt 0.467935 0.524537
vt 0.204946 0.510937
vt 0.204981 0.511130
vt 0.952749 0.069609
vt 0.953072 0.067470
vt 0.953037 0.067661
vt 0.206023 0.512760
vt 0.010367 0.224781
vt 0.010424 0.224562
vt 0.436481 0.225719
vt 0.016038 0.221510
vt 0.016152 0.221319
vt 0.420260 0.481345
vt 0.208314 0.534683
vt 0.208299 0.534869
vt 0.958116 0.407613
vt 0.957553 0.405050
vt 0.957593 0.405236
vt 0.215526 0.233591
vt 0.011214 0.245037
vt 0.011261 0.244820
vt 0.483639 0.186603
vt 0.016777 0.241492
vt 0.016878 0.241291
vt 0.466953 0.183170
vt 0.210119 0.254390
vt 0.210021 0.254558
vt 0.952946 0.383598
vt 0.952176 0.380592
vt 0.952225 0.380778
vt 0.209665 0.257534
vt 0.012685 0.265244
vt 0.012723 0.265027
vt 0.538518 0.162375
vt 0.018011 0.261502
vt 0.018102 0.261294
vt 0.523398 0.154691
vt 0.200290 0.276107
vt 0.200136 0.276251
vt 0.946779 0.360342
vt 0.945487 0.357066
vt 0.945561 0.357256
vt 0.199069 0.279397
vt 0.014531 0.284816
vt 0.014571 0.284598
vt 0.596171 0.156228
vt 0.019663 0.281072
vt 0.019753 0.280866
vt 0.584088 0.144639
vt 0.186755 0.294564
vt 0.186563 0.294685
vt 0.939323 0.338314
vt 0.937543 0.335042
vt 0.937627 0.335236
vt 0.184930 0.297632
vt 0.016151 0.303654
vt 0.016203 0.303431
vt 0.651071 0.169378
vt 0.021273 0.300090
vt 0.021376 0.299891
vt 0.643442 0.154735
vt 0.170894 0.309820
vt 0.170700 0.309943
vt 0.931064 0.317182
vt 0.929158 0.314124
vt 0.929249 0.314321
vt 0.168753 0.312482
vt 0.017218 0.322189
vt 0.017283 0.321961
vt 0.698076 0.200648
vt 0.022508 0.318924
vt 0.022625 0.318734
vt 0.695888 0.184391
vt 0.154282 0.323556
vt 0.154112 0.323697
vt 0.923216 0.295900
vt 0.921358 0.293078
vt 0.921438 0.293277
vt 0.152115 0.325860
vt 0.017883 0.340900
vt 0.017954 0.340671
vt 0.733179 0.246789
vt 0.023376 0.337947
vt 0.023501 0.337763
vt 0.736613 0.230665
vt 0.139095 0.338328
vt 0.139002 0.338503
vt 0.916728 0.273415
vt 0.915104 0.270706
vt 0.915173 0.270907
vt 0.137150 0.340402
vt 0.018155 0.360184
vt 0.018225 0.359963
vt 0.753822 0.303135
vt 0.023806 0.357376
vt 0.023931 0.357195
vt 0.762210 0.288689
vt 0.128597 0.356721
vt 0.128578 0.356912
vt 0.912968 0.249380
vt 0.911523 0.246671
vt 0.911551 0.246878
vt 0.126960 0.358988
vt 0.018121 0.379971
vt 0.018189 0.379759
vt 0.758744 0.364349
vt 0.023854 0.377133
vt 0.023975 0.376951
vt 0.770978 0.352640
vt 0.124939 0.379293
vt 0.124992 0.379479
vt 0.911634 0.224438
vt 0.910519 0.221514
vt 0.910519 0.221705
vt 0.123685 0.381996
vt 0.017797 0.399838
vt 0.017865 0.399633
vt 0.747541 0.424796
vt 0.912518 0.196673
vt 0.912486 0.196859
vt 0.127978 0.404945
vt 0.126575 0.399838
vt 0.126645 0.400007
vt 0.912045 0.202461
vt 0.653567 0.345975
vt 0.653625 0.346462
vt 0.651760 0.331779
vt 0.651827 0.332267
vt 0.651686 0.331292
vt 0.650599 0.324888
vt 0.650714 0.325364
vt 0.650460 0.324420
vt 0.648446 0.319039
vt 0.648621 0.319495
vt 0.648264 0.318586
vt 0.643023 0.305923
vt 0.643216 0.306380
vt 0.642823 0.305470
vt 0.640124 0.299625
vt 0.640368 0.300051
vt 0.639855 0.299218
vt 0.636698 0.295230
vt 0.637003 0.295611
vt 0.636387 0.294853
vt 0.628188 0.285025
vt 0.628508 0.285404
vt 0.627865 0.284649
vt 0.623726 0.279999
vt 0.624089 0.280329
vt 0.623334 0.279708
vt 0.619375 0.277399
vt 0.619797 0.277645
vt 0.618953 0.277153
vt 0.608481 0.271050
vt 0.608906 0.271298
vt 0.608056 0.270802
vt 0.602790 0.267818
vt 0.603243 0.268005
vt 0.602315 0.267692
vt 0.597810 0.267142
vt 0.598300 0.267206
vt 0.597323 0.267069
vt 0.585357 0.265153
vt 0.585839 0.265238
vt 0.584875 0.265070
vt 0.578902 0.264010
vt 0.579392 0.264033
vt 0.578409 0.264061
vt 0.573584 0.265298
vt 0.574071 0.265179
vt 0.573096 0.265399
vt 0.560527 0.267786
vt 0.561008 0.267701
vt 0.560044 0.267857
vt 0.553857 0.268769
vt 0.554330 0.268637
vt 0.553402 0.268970
vt 0.548625 0.271958
vt 0.549054 0.271698
vt 0.548188 0.272201
vt 0.536083 0.278614
vt 0.536518 0.278392
vt 0.535639 0.278821
vt 0.529782 0.281526
vt 0.530200 0.281269
vt 0.529400 0.281840
vt 0.525180 0.286371
vt 0.525524 0.286012
vt 0.524823 0.286715
vt 0.514342 0.296458
vt 0.514707 0.296130
vt 0.513964 0.296773
vt 0.508972 0.300885
vt 0.509312 0.300530
vt 0.509093 0.406428
vt 0.514135 0.410485
vt 0.513756 0.410171
vt 0.514501 0.410812
vt 0.525002 0.420540
vt 0.524645 0.420196
vt 0.525348 0.420897
vt 0.529619 0.425370
vt 0.529236 0.425057
vt 0.530038 0.425627
vt 0.535928 0.428264
vt 0.535485 0.428058
vt 0.536365 0.428485
vt 0.548490 0.434883
vt 0.548053 0.434641
vt 0.548920 0.435141
vt 0.553732 0.438056
vt 0.553277 0.437856
vt 0.554206 0.438187
vt 0.560405 0.439020
vt 0.559921 0.438949
vt 0.560886 0.439103
vt 0.573470 0.441468
vt 0.572981 0.441368
vt 0.573957 0.441585
vt 0.578792 0.442740
vt 0.578298 0.442690
vt 0.579282 0.442716
vt 0.585243 0.441577
vt 0.584761 0.441663
vt 0.585725 0.441491
vt 0.597690 0.439552
vt 0.597203 0.439626
vt 0.598180 0.439487
vt 0.602668 0.438861
vt 0.602193 0.438988
vt 0.603121 0.438672
vt 0.608349 0.435612
vt 0.607924 0.435861
vt 0.608773 0.435363
vt 0.619224 0.429231
vt 0.618803 0.429478
vt 0.619646 0.428983
vt 0.623549 0.426612
vt 0.623163 0.426918
vt 0.623887 0.426244
vt 0.627688 0.420426
vt 0.627394 0.420838
vt 0.628017 0.420053
vt 0.636717 0.411150
vt 0.636383 0.411509
vt 0.637031 0.410774
vt 0.640148 0.406763
vt 0.639878 0.407170
vt 0.640391 0.406337
vt 0.643043 0.400464
vt 0.642844 0.400916
vt 0.643236 0.400006
vt 0.648461 0.387344
vt 0.648279 0.387797
vt 0.648636 0.386888
vt 0.650611 0.381494
vt 0.650472 0.381962
vt 0.650726 0.381018
vt 0.653628 0.359921
vt 0.653570 0.360408
vt 0.653676 0.359435
vt 0.654203 0.353191
vt 0.654192 0.353680
vt 0.654192 0.352703
vt 0.653673 0.346948
vt 0.651695 0.375089
vt 0.017667 0.413366
vt 0.016536 0.432044
vt 0.014772 0.450463
vt 0.012203 0.469084
vt 0.009101 0.488338
vt 0.006060 0.508218
vt 0.003475 0.528246
vt 0.011135 0.239086
vt 0.012402 0.259016
vt 0.014176 0.278346
vt 0.015884 0.297141
vt 0.017108 0.315863
vt 0.017928 0.334869
vt 0.018324 0.354360
vt 0.018402 0.374209
vt 0.753843 0.403203
vt 0.136840 0.419148
vt 0.151633 0.434810
vt 0.167771 0.449615
vt 0.183076 0.465888
vt 0.195959 0.485351
vt 0.204851 0.508122
vt 0.208775 0.532468
vt 0.211194 0.253020
vt 0.201422 0.275294
vt 0.187982 0.293835
vt 0.172348 0.308707
vt 0.155731 0.321857
vt 0.139852 0.335992
vt 0.128086 0.354093
vt 0.123661 0.377034
vt 0.651836 0.374115
vt 0.017954 0.393678
vt 0.018163 0.373852
vt 0.018091 0.354013
vt 0.017692 0.334525
vt 0.016854 0.315515
vt 0.015601 0.296783
vt 0.013865 0.277978
vt 0.012091 0.258647
vt 0.010852 0.238728
vt 0.003285 0.527854
vt 0.005891 0.507829
vt 0.008944 0.487951
vt 0.012038 0.468696
vt 0.014576 0.450072
vt 0.016305 0.431652
vt 0.017416 0.412981
vt 0.915956 0.179608
vt 0.922538 0.158282
vt 0.930268 0.138145
vt 0.938183 0.117917
vt 0.945642 0.096337
vt 0.951726 0.073000
vt 0.956585 0.048401
vt 0.953249 0.386111
vt 0.947212 0.362568
vt 0.939759 0.340663
vt 0.931477 0.319995
vt 0.923519 0.299174
vt 0.916648 0.276978
vt 0.912352 0.253021
vt 0.910701 0.227795
vt 0.913018 0.199735
vt 0.912957 0.200121
vt 0.017483 0.413211
vt 0.016363 0.431882
vt 0.014618 0.450296
vt 0.012066 0.468915
vt 0.008968 0.488168
vt 0.005920 0.508048
vt 0.003322 0.528077
vt 0.010939 0.238951
vt 0.012192 0.258878
vt 0.013969 0.278206
vt 0.015695 0.297000
vt 0.016934 0.315723
vt 0.017762 0.334729
vt 0.018157 0.354219
vt 0.018230 0.374065
vt 0.651769 0.374603
vt 0.753565 0.402637
vt 0.136692 0.419009
vt 0.151482 0.434665
vt 0.167639 0.449456
vt 0.182973 0.465711
vt 0.195895 0.485161
vt 0.204830 0.507928
vt 0.208799 0.532281
vt 0.211299 0.252857
vt 0.201581 0.275157
vt 0.188175 0.293720
vt 0.172536 0.308588
vt 0.155872 0.321715
vt 0.139937 0.335826
vt 0.128083 0.353914
vt 0.123594 0.376860
vt 0.913022 0.199924
vt 0.858518 0.420600
vt 0.793562 0.030277
vt 0.008722 0.531786
vt 0.419715 0.481118
vt 0.508752 0.406074
vt 0.897183 0.033539
vt 0.215245 0.231158
vt 0.958159 0.407797
vt 0.062340 0.540139
vt 0.153150 0.215868
vt 0.777661 0.422240
vt 0.859171 0.201623
vt 0.859270 0.201431
vt 0.890021 0.201824
vt 0.889992 0.202029
vt 0.859531 0.201239
vt 0.890106 0.201631
vt 0.859311 0.195386
vt 0.859148 0.195221
vt 0.889780 0.195639
vt 0.889857 0.195823
vt 0.859080 0.194999
vt 0.889738 0.195441
vt 0.858318 0.175890
vt 0.858375 0.175663
vt 0.888603 0.176027
vt 0.888571 0.176227
vt 0.858554 0.175503
vt 0.888670 0.175833
vt 0.793347 0.175481
vt 0.793347 0.175675
vt 0.777546 0.175356
vt 0.777548 0.175162
vt 0.793347 0.175869
vt 0.777544 0.175550
vt 0.858352 0.169721
vt 0.858111 0.169526
vt 0.888393 0.169736
vt 0.888463 0.169930
vt 0.858014 0.169332
vt 0.888347 0.169530
vt 0.856848 0.151410
vt 0.856909 0.151181
vt 0.886895 0.151188
vt 0.886907 0.151389
vt 0.857076 0.151020
vt 0.886904 0.150987
vt 0.793347 0.151302
vt 0.793347 0.151497
vt 0.777442 0.151228
vt 0.777438 0.151033
vt 0.793347 0.151693
vt 0.777446 0.151423
vt 0.856875 0.145363
vt 0.856625 0.145170
vt 0.886597 0.144999
vt 0.886691 0.145199
vt 0.856523 0.144976
vt 0.886547 0.144779
vt 0.855485 0.128097
vt 0.855536 0.127872
vt 0.884773 0.127597
vt 0.884761 0.127793
vt 0.855702 0.127709
vt 0.884846 0.127411
vt 0.793346 0.128087
vt 0.793346 0.128282
vt 0.777146 0.128046
vt 0.777137 0.127851
vt 0.793346 0.128477
vt 0.777152 0.128242
vt 0.855589 0.122139
vt 0.855323 0.121948
vt 0.884494 0.121625
vt 0.884585 0.121822
vt 0.855220 0.121755
vt 0.884473 0.121401
vt 0.854525 0.105021
vt 0.854578 0.104801
vt 0.882869 0.104551
vt 0.882829 0.104739
vt 0.854732 0.104638
vt 0.882953 0.104375
vt 0.793346 0.104812
vt 0.793346 0.105006
vt 0.776881 0.104757
vt 0.776870 0.104562
vt 0.793346 0.105201
vt 0.776889 0.104953
vt 0.854625 0.099004
vt 0.854451 0.098849
vt 0.882702 0.098844
vt 0.882821 0.099035
vt 0.854382 0.098623
vt 0.882643 0.098628
vt 0.854039 0.081147
vt 0.854094 0.080931
vt 0.881693 0.081089
vt 0.881668 0.081279
vt 0.854244 0.080770
vt 0.881774 0.080916
vt 0.793345 0.080459
vt 0.793345 0.080654
vt 0.776791 0.080413
vt 0.776779 0.080219
vt 0.793345 0.080848
vt 0.776799 0.080608
vt 0.854247 0.075069
vt 0.854079 0.074912
vt 0.881572 0.075515
vt 0.881566 0.075705
vt 0.854017 0.074688
vt 0.881572 0.075325
vt 0.854068 0.055987
vt 0.854127 0.055771
vt 0.881499 0.056582
vt 0.881467 0.056772
vt 0.854283 0.055613
vt 0.881592 0.056414
vt 0.793345 0.054666
vt 0.793345 0.054862
vt 0.776932 0.055016
vt 0.776920 0.054830
vt 0.793345 0.055057
vt 0.776939 0.055201
vt 0.854456 0.049838
vt 0.854211 0.049640
vt 0.881785 0.050934
vt 0.881878 0.051120
vt 0.854123 0.049446
vt 0.881765 0.050727
vt 0.854348 0.029615
vt 0.854412 0.029396
vt 0.883852 0.030903
vt 0.883798 0.031098
vt 0.854579 0.029238
vt 0.883968 0.030738
vt 0.793344 0.027896
vt 0.793344 0.028091
vt 0.777181 0.027923
vt 0.777193 0.027743
vt 0.793344 0.028285
vt 0.777181 0.028103
vt 0.854882 0.419086
vt 0.854634 0.418905
vt 0.884282 0.416507
vt 0.884405 0.416670
vt 0.854540 0.418716
vt 0.884221 0.416311
vt 0.853985 0.398847
vt 0.854038 0.398622
vt 0.881519 0.396554
vt 0.881509 0.396756
vt 0.854197 0.398456
vt 0.881605 0.396369
vt 0.793352 0.400664
vt 0.793352 0.400860
vt 0.776707 0.401451
vt 0.776703 0.401262
vt 0.793352 0.401057
vt 0.776721 0.401640
vt 0.854119 0.392669
vt 0.853896 0.392488
vt 0.881070 0.390981
vt 0.881172 0.391146
vt 0.853811 0.392302
vt 0.881033 0.390792
vt 0.853426 0.373608
vt 0.853485 0.373384
vt 0.880694 0.372193
vt 0.880659 0.372398
vt 0.853647 0.373225
vt 0.880807 0.372012
vt 0.793351 0.374625
vt 0.793351 0.374825
vt 0.776361 0.376029
vt 0.776350 0.375836
vt 0.793351 0.375024
vt 0.776377 0.376222
vt 0.853646 0.367614
vt 0.853431 0.367430
vt 0.880649 0.366768
vt 0.880737 0.366936
vt 0.853353 0.367244
vt 0.880620 0.366579
vt 0.853483 0.349873
vt 0.853548 0.349649
vt 0.881040 0.349216
vt 0.880975 0.349421
vt 0.853718 0.349494
vt 0.881181 0.349011
vt 0.793351 0.349955
vt 0.793351 0.350155
vt 0.776356 0.351678
vt 0.776341 0.351483
vt 0.793351 0.350356
vt 0.776369 0.351873
vt 0.853857 0.344007
vt 0.853638 0.343819
vt 0.881172 0.343803
vt 0.881254 0.343976
vt 0.853562 0.343629
vt 0.881157 0.343612
vt 0.854174 0.327122
vt 0.854246 0.326900
vt 0.882613 0.327050
vt 0.882571 0.327265
vt 0.854420 0.326745
vt 0.882738 0.326861
vt 0.793350 0.326448
vt 0.793350 0.326647
vt 0.776661 0.328248
vt 0.776645 0.328053
vt 0.793350 0.326845
vt 0.776670 0.328443
vt 0.854752 0.321252
vt 0.854514 0.321058
vt 0.882945 0.321427
vt 0.883020 0.321605
vt 0.854434 0.320865
vt 0.882935 0.321232
vt 0.855535 0.304246
vt 0.855611 0.304025
vt 0.884875 0.304426
vt 0.884811 0.304656
vt 0.855780 0.303868
vt 0.884984 0.304225
vt 0.793350 0.303148
vt 0.793350 0.303344
vt 0.777062 0.304797
vt 0.777047 0.304603
vt 0.793350 0.303539
vt 0.777069 0.304992
vt 0.856123 0.298224
vt 0.855958 0.298063
vt 0.885272 0.298534
vt 0.885361 0.298713
vt 0.855906 0.297836
vt 0.885226 0.298343
vt 0.857234 0.280226
vt 0.857312 0.280007
vt 0.887091 0.280318
vt 0.887083 0.280539
vt 0.857478 0.279848
vt 0.887174 0.280119
vt 0.793349 0.279035
vt 0.793349 0.279228
vt 0.777312 0.280353
vt 0.777300 0.280158
vt 0.793349 0.279422
vt 0.777318 0.280548
vt 0.857843 0.274065
vt 0.857669 0.273904
vt 0.887380 0.274220
vt 0.887473 0.274402
vt 0.857616 0.273677
vt 0.887331 0.274031
vt 0.858645 0.254740
vt 0.858714 0.254521
vt 0.889143 0.254746
vt 0.889132 0.254965
vt 0.858881 0.254360
vt 0.889219 0.254546
vt 0.793349 0.253677
vt 0.793349 0.253869
vt 0.777385 0.254530
vt 0.777377 0.254335
vt 0.793349 0.254061
vt 0.777384 0.254725
vt 0.859180 0.248539
vt 0.858926 0.248344
vt 0.889461 0.248632
vt 0.889545 0.248812
vt 0.858833 0.248150
vt 0.889414 0.248442
vt 0.859355 0.228230
vt 0.859451 0.228039
vt 0.890337 0.228294
vt 0.890325 0.228511
vt 0.859697 0.227849
vt 0.890418 0.228095
vt 0.793348 0.227369
vt 0.793348 0.227562
vt 0.777441 0.227457
vt 0.777446 0.227262
vt 0.793348 0.227754
vt 0.777429 0.227652
vt 0.859733 0.221988
vt 0.859496 0.221794
vt 0.890395 0.222168
vt 0.890471 0.222351
vt 0.859409 0.221601
vt 0.890364 0.221973
vt 0.891341 0.199175
vt 0.891398 0.198977
vt 0.902241 0.197621
vt 0.902173 0.197822
vt 0.891349 0.198779
vt 0.902237 0.197428
vt 0.116549 0.405341
vt 0.116519 0.405530
vt 0.079500 0.402962
vt 0.079641 0.402808
vt 0.116527 0.405721
vt 0.079440 0.403160
vt 0.115202 0.378072
vt 0.115147 0.377884
vt 0.123595 0.376859
vt 0.123662 0.377034
vt 0.115130 0.377691
vt 0.123583 0.376678
vt 0.116020 0.380113
vt 0.116056 0.380305
vt 0.083652 0.377351
vt 0.083556 0.377167
vt 0.116015 0.380495
vt 0.083554 0.377534
vt 0.115124 0.382591
vt 0.115067 0.382776
vt 0.080094 0.380091
vt 0.080239 0.379933
vt 0.115053 0.382970
vt 0.080037 0.380296
vt 0.116619 0.355116
vt 0.116590 0.354923
vt 0.128084 0.353913
vt 0.128087 0.354092
vt 0.116597 0.354729
vt 0.128135 0.353743
vt 0.117225 0.357613
vt 0.117231 0.357815
vt 0.083374 0.354781
vt 0.083281 0.354596
vt 0.117158 0.358003
vt 0.083266 0.354962
vt 0.116132 0.359606
vt 0.116041 0.359791
vt 0.079885 0.357298
vt 0.080044 0.357138
vt 0.116000 0.359995
vt 0.079820 0.357512
vt 0.120753 0.333071
vt 0.120750 0.332875
vt 0.139938 0.335825
vt 0.139853 0.335991
vt 0.120789 0.332680
vt 0.140057 0.335685
vt 0.121095 0.335801
vt 0.121070 0.336011
vt 0.082093 0.333657
vt 0.081992 0.333472
vt 0.120955 0.336188
vt 0.081982 0.333836
vt 0.119697 0.337426
vt 0.119563 0.337598
vt 0.078751 0.336062
vt 0.078904 0.335905
vt 0.119485 0.337805
vt 0.078702 0.336278
vt 0.127297 0.312988
vt 0.127307 0.312792
vt 0.155873 0.321714
vt 0.155732 0.321856
vt 0.127362 0.312601
vt 0.156019 0.321565
vt 0.127457 0.315637
vt 0.127417 0.315850
vt 0.080073 0.314572
vt 0.079960 0.314392
vt 0.127282 0.316013
vt 0.079971 0.314757
vt 0.125690 0.317221
vt 0.125573 0.317404
vt 0.076908 0.317036
vt 0.077054 0.316877
vt 0.125482 0.317606
vt 0.076868 0.317250
vt 0.134473 0.294716
vt 0.134483 0.294521
vt 0.172537 0.308587
vt 0.172349 0.308706
vt 0.134537 0.294334
vt 0.172727 0.308458
vt 0.134569 0.297089
vt 0.134529 0.297300
vt 0.077492 0.297088
vt 0.077363 0.296917
vt 0.134399 0.297473
vt 0.077406 0.297282
vt 0.132915 0.299075
vt 0.132765 0.299242
vt 0.074446 0.299729
vt 0.074577 0.299569
vt 0.132651 0.299436
vt 0.074417 0.299931
vt 0.141015 0.276661
vt 0.141016 0.276469
vt 0.188176 0.293719
vt 0.187983 0.293835
vt 0.141057 0.276281
vt 0.188343 0.293569
vt 0.141174 0.278799
vt 0.141151 0.279002
vt 0.074880 0.279662
vt 0.074741 0.279498
vt 0.141052 0.279182
vt 0.074808 0.279861
vt 0.139664 0.281202
vt 0.139571 0.281377
vt 0.071882 0.282507
vt 0.072001 0.282346
vt 0.139534 0.281572
vt 0.071858 0.282704
vt 0.146307 0.257228
vt 0.146339 0.257042
vt 0.201582 0.275157
vt 0.201423 0.275294
vt 0.146376 0.256860
vt 0.201703 0.274988
vt 0.146718 0.259328
vt 0.146665 0.259511
vt 0.072644 0.260830
vt 0.072513 0.260666
vt 0.146578 0.259687
vt 0.072573 0.261026
vt 0.145365 0.261977
vt 0.145283 0.262148
vt 0.069594 0.263778
vt 0.069711 0.263617
vt 0.145218 0.262328
vt 0.069564 0.263973
vt 0.150243 0.235950
vt 0.150221 0.235763
vt 0.211301 0.252857
vt 0.211196 0.253020
vt 0.150228 0.235578
vt 0.211372 0.252677
vt 0.150650 0.238160
vt 0.150657 0.238352
vt 0.071148 0.240015
vt 0.071034 0.239844
vt 0.150608 0.238534
vt 0.071066 0.240206
vt 0.149604 0.240884
vt 0.149542 0.241056
vt 0.067966 0.242893
vt 0.068090 0.242733
vt 0.149498 0.241236
vt 0.067928 0.243091
vt 0.144402 0.541388
vt 0.144364 0.541210
vt 0.208799 0.532282
vt 0.208775 0.532468
vt 0.144351 0.541027
vt 0.208793 0.532097
vt 0.145064 0.543681
vt 0.145087 0.543868
vt 0.062338 0.540138
vt 0.062262 0.539944
vt 0.153152 0.215867
vt 0.153112 0.216052
vt 0.070364 0.217791
vt 0.070459 0.217606
vt 0.152267 0.218312
vt 0.152214 0.218487
vt 0.067143 0.220256
vt 0.067282 0.220095
vt 0.152185 0.218670
vt 0.067095 0.220464
vt 0.143735 0.518740
vt 0.143688 0.518566
vt 0.204830 0.507928
vt 0.204850 0.508122
vt 0.143661 0.518387
vt 0.204782 0.507740
vt 0.144531 0.521128
vt 0.144564 0.521312
vt 0.065002 0.517775
vt 0.064941 0.517576
vt 0.144542 0.521500
vt 0.064872 0.517937
vt 0.143973 0.523673
vt 0.143937 0.523855
vt 0.061456 0.519658
vt 0.061630 0.519520
vt 0.143929 0.524038
vt 0.061370 0.519864
vt 0.141176 0.497606
vt 0.141113 0.497433
vt 0.195894 0.485162
vt 0.195958 0.485351
vt 0.141065 0.497254
vt 0.195802 0.484982
vt 0.142161 0.499956
vt 0.142211 0.500138
vt 0.068312 0.496746
vt 0.068261 0.496540
vt 0.142202 0.500328
vt 0.068166 0.496901
vt 0.141788 0.502349
vt 0.141763 0.502537
vt 0.064765 0.498460
vt 0.064959 0.498326
vt 0.141770 0.502722
vt 0.064662 0.498672
vt 0.136980 0.478279
vt 0.136906 0.478106
vt 0.182973 0.465711
vt 0.183075 0.465888
vt 0.136874 0.477921
vt 0.182842 0.465549
vt 0.138146 0.480415
vt 0.138223 0.480598
vt 0.072061 0.477494
vt 0.072006 0.477286
vt 0.138233 0.480796
vt 0.071913 0.477653
vt 0.137968 0.482860
vt 0.137958 0.483047
vt 0.068475 0.479381
vt 0.068674 0.479247
vt 0.137984 0.483233
vt 0.068364 0.479594
vt 0.131457 0.460360
vt 0.131332 0.460185
vt 0.167639 0.449456
vt 0.167770 0.449615
vt 0.131233 0.459994
vt 0.167486 0.449317
vt 0.132739 0.462126
vt 0.132848 0.462305
vt 0.075836 0.459494
vt 0.075764 0.459292
vt 0.132877 0.462512
vt 0.075703 0.459665
vt 0.132701 0.464787
vt 0.132704 0.464977
vt 0.072182 0.461766
vt 0.072364 0.461629
vt 0.132747 0.465164
vt 0.072079 0.461966
vt 0.125162 0.442360
vt 0.125009 0.442188
vt 0.151482 0.434665
vt 0.151633 0.434810
vt 0.124905 0.441985
vt 0.151323 0.434532
vt 0.126512 0.443777
vt 0.126642 0.443952
vt 0.079205 0.441350
vt 0.079110 0.441158
vt 0.126678 0.444165
vt 0.079092 0.441532
vt 0.126456 0.446738
vt 0.126460 0.446930
vt 0.075483 0.443984
vt 0.075643 0.443841
vt 0.126509 0.447118
vt 0.075396 0.444176
vt 0.119483 0.422642
vt 0.119349 0.422467
vt 0.136692 0.419009
vt 0.136840 0.419148
vt 0.119271 0.422260
vt 0.136562 0.418864
vt 0.120692 0.423936
vt 0.120801 0.424111
vt 0.081870 0.421626
vt 0.081953 0.421418
vt 0.120822 0.424320
vt 0.081697 0.421772
vt 0.120451 0.427020
vt 0.120445 0.427213
vt 0.077975 0.424520
vt 0.078118 0.424371
vt 0.120481 0.427404
vt 0.077912 0.424713
vt 0.753504 0.402014
vt 0.753565 0.402637
vt 0.651769 0.374603
vt 0.651835 0.374115
vt 0.753844 0.403203
vt 0.651695 0.375090
vt 0.080146 0.374338
vt 0.080191 0.374554
vt 0.018230 0.374063
vt 0.018164 0.373851
vt 0.080334 0.374721
vt 0.018403 0.374207
vt 0.079714 0.351689
vt 0.079778 0.351905
vt 0.018158 0.354217
vt 0.018092 0.354011
vt 0.079931 0.352071
vt 0.018325 0.354358
vt 0.078272 0.330675
vt 0.078349 0.330888
vt 0.017763 0.334727
vt 0.017693 0.334523
vt 0.078513 0.331050
vt 0.017929 0.334867
vt 0.076202 0.311864
vt 0.076291 0.312067
vt 0.016935 0.315722
vt 0.016855 0.315514
vt 0.076470 0.312220
vt 0.017109 0.315862
vt 0.073693 0.294705
vt 0.073791 0.294913
vt 0.015696 0.296999
vt 0.015602 0.296782
vt 0.073983 0.295059
vt 0.015885 0.297139
vt 0.071212 0.277545
vt 0.071307 0.277758
vt 0.013971 0.278205
vt 0.013866 0.277977
vt 0.071497 0.277899
vt 0.014177 0.278344
vt 0.069113 0.258736
vt 0.069194 0.258949
vt 0.012194 0.258876
vt 0.012092 0.258645
vt 0.069373 0.259092
vt 0.012403 0.259014
vt 0.067698 0.237653
vt 0.067763 0.237861
vt 0.010941 0.238949
vt 0.010853 0.238726
vt 0.067921 0.238010
vt 0.011137 0.239084
vt 0.059263 0.536958
vt 0.059292 0.537164
vt 0.003321 0.528075
vt 0.003284 0.527852
vt 0.059412 0.537335
vt 0.003474 0.528245
vt 0.062099 0.514351
vt 0.062118 0.514551
vt 0.005919 0.508047
vt 0.005889 0.507828
vt 0.062224 0.514722
vt 0.006058 0.508217
vt 0.065575 0.493237
vt 0.065586 0.493434
vt 0.008967 0.488167
vt 0.008943 0.487949
vt 0.065685 0.493606
vt 0.009099 0.488336
vt 0.069381 0.474088
vt 0.069391 0.474287
vt 0.012065 0.468913
vt 0.012037 0.468694
vt 0.069492 0.474459
vt 0.012202 0.469082
vt 0.073060 0.456314
vt 0.073080 0.456518
vt 0.014617 0.450295
vt 0.014575 0.450070
vt 0.073200 0.456689
vt 0.014771 0.450461
vt 0.076202 0.438403
vt 0.076243 0.438613
vt 0.016362 0.431880
vt 0.016304 0.431651
vt 0.076384 0.438778
vt 0.016536 0.432042
vt 0.078434 0.418883
vt 0.078421 0.419067
vt 0.017482 0.413209
vt 0.017416 0.412980
vt 0.078405 0.419251
vt 0.017667 0.413364
vt 0.117145 0.402436
vt 0.117216 0.402622
vt 0.083146 0.400068
vt 0.083042 0.399885
vt 0.117207 0.402822
vt 0.083052 0.400254
vt 0.864067 0.225224
vt 0.864356 0.225045
vt 0.891879 0.225223
vt 0.891819 0.225423
vt 0.864296 0.224825
vt 0.891838 0.225021
vt 0.863591 0.251411
vt 0.863492 0.251232
vt 0.890893 0.251441
vt 0.890832 0.251643
vt 0.863345 0.251020
vt 0.890851 0.251237
vt 0.861993 0.277038
vt 0.862093 0.276817
vt 0.888935 0.276981
vt 0.888875 0.277181
vt 0.862210 0.276646
vt 0.888877 0.276774
vt 0.860182 0.301209
vt 0.860288 0.300980
vt 0.886828 0.301297
vt 0.886756 0.301498
vt 0.860424 0.300823
vt 0.886775 0.301089
vt 0.858623 0.324279
vt 0.858746 0.324048
vt 0.884603 0.324266
vt 0.884517 0.324465
vt 0.858892 0.323898
vt 0.884552 0.324060
vt 0.857858 0.347064
vt 0.857978 0.346879
vt 0.883016 0.346724
vt 0.882910 0.346931
vt 0.857873 0.346685
vt 0.882990 0.346532
vt 0.857888 0.370657
vt 0.857818 0.370495
vt 0.882701 0.369673
vt 0.882628 0.369861
vt 0.857698 0.370280
vt 0.882649 0.369480
vt 0.858506 0.395643
vt 0.858569 0.395429
vt 0.883362 0.393748
vt 0.883298 0.393941
vt 0.858308 0.395259
vt 0.883286 0.393561
vt 0.859039 0.026654
vt 0.859330 0.026485
vt 0.886235 0.028290
vt 0.886158 0.028475
vt 0.859651 0.421890
vt 0.859579 0.421670
vt 0.886691 0.418840
vt 0.886787 0.419022
vt 0.858521 0.052881
vt 0.858779 0.052705
vt 0.883692 0.053706
vt 0.883617 0.053896
vt 0.858711 0.052493
vt 0.883626 0.053512
vt 0.858406 0.077966
vt 0.858526 0.077747
vt 0.883692 0.078045
vt 0.883594 0.078222
vt 0.858594 0.077584
vt 0.883741 0.077852
vt 0.858841 0.101895
vt 0.858930 0.101665
vt 0.884602 0.101501
vt 0.884557 0.101707
vt 0.859046 0.101502
vt 0.884512 0.101306
vt 0.859815 0.125123
vt 0.859920 0.124885
vt 0.886314 0.124611
vt 0.886267 0.124821
vt 0.860057 0.124728
vt 0.886238 0.124411
vt 0.861503 0.148434
vt 0.861364 0.148273
vt 0.888401 0.148318
vt 0.888431 0.148547
vt 0.861259 0.148039
vt 0.888306 0.148116
vt 0.863028 0.172968
vt 0.862915 0.172795
vt 0.890045 0.173178
vt 0.889987 0.173383
vt 0.862814 0.172569
vt 0.889999 0.172981
vt 0.777654 0.198186
vt 0.777658 0.197990
vt 0.793348 0.198192
vt 0.793348 0.198390
vt 0.777658 0.197794
vt 0.793348 0.197995
vt 0.777456 0.221415
vt 0.777452 0.221220
vt 0.793348 0.221176
vt 0.793348 0.221369
vt 0.777442 0.221025
vt 0.793348 0.220984
vt 0.777590 0.224536
vt 0.777593 0.224339
vt 0.793348 0.224367
vt 0.793348 0.224564
vt 0.777589 0.224142
vt 0.793348 0.224171
vt 0.777263 0.248483
vt 0.777268 0.248285
vt 0.793349 0.247556
vt 0.793349 0.247749
vt 0.777265 0.248087
vt 0.793349 0.247364
vt 0.777221 0.251435
vt 0.777211 0.251235
vt 0.793349 0.250526
vt 0.793349 0.250723
vt 0.777207 0.251035
vt 0.793349 0.250329
vt 0.777129 0.274379
vt 0.777140 0.274180
vt 0.793349 0.273014
vt 0.793349 0.273207
vt 0.777148 0.273980
vt 0.793349 0.272820
vt 0.777005 0.277221
vt 0.776991 0.277015
vt 0.793349 0.275854
vt 0.793349 0.276054
vt 0.776991 0.276809
vt 0.793349 0.275656
vt 0.776884 0.298904
vt 0.776901 0.298705
vt 0.793350 0.297194
vt 0.793350 0.297389
vt 0.776916 0.298505
vt 0.793350 0.296999
vt 0.776681 0.301785
vt 0.776668 0.301575
vt 0.793350 0.300071
vt 0.793350 0.300273
vt 0.776673 0.301364
vt 0.793350 0.299869
vt 0.776473 0.322378
vt 0.776487 0.322179
vt 0.793350 0.320486
vt 0.793350 0.320682
vt 0.776505 0.321981
vt 0.793350 0.320290
vt 0.776295 0.325444
vt 0.776283 0.325231
vt 0.793350 0.323541
vt 0.793350 0.323745
vt 0.776284 0.325018
vt 0.793350 0.323337
vt 0.776202 0.345787
vt 0.776210 0.345591
vt 0.793351 0.343908
vt 0.793351 0.344104
vt 0.776228 0.345395
vt 0.793351 0.343712
vt 0.776070 0.349051
vt 0.776058 0.348839
vt 0.793351 0.347188
vt 0.793351 0.347393
vt 0.776055 0.348626
vt 0.793351 0.346984
vt 0.776243 0.370088
vt 0.776245 0.369896
vt 0.793351 0.368447
vt 0.793351 0.368644
vt 0.776260 0.369704
vt 0.793351 0.368251
vt 0.776158 0.373442
vt 0.776146 0.373234
vt 0.793351 0.371873
vt 0.793351 0.372076
vt 0.776143 0.373026
vt 0.793351 0.371671
vt 0.776618 0.395531
vt 0.776614 0.395343
vt 0.793352 0.394379
vt 0.793352 0.394575
vt 0.776622 0.395155
vt 0.793352 0.394183
vt 0.776623 0.398778
vt 0.776616 0.398577
vt 0.793352 0.397797
vt 0.793352 0.397997
vt 0.776614 0.398376
vt 0.793352 0.397597
vt 0.777116 0.421440
vt 0.777104 0.421258
vt 0.793352 0.421113
vt 0.793352 0.421308
vt 0.777104 0.421077
vt 0.793352 0.420918
vt 0.777353 0.025189
vt 0.777353 0.025001
vt 0.793344 0.024844
vt 0.793344 0.025042
vt 0.777274 0.424198
vt 0.777276 0.424009
vt 0.793352 0.424164
vt 0.793352 0.424362
vt 0.776810 0.047711
vt 0.776813 0.047530
vt 0.793344 0.048387
vt 0.793344 0.048584
vt 0.776824 0.047348
vt 0.793344 0.048190
vt 0.776631 0.052006
vt 0.776617 0.051807
vt 0.793345 0.051456
vt 0.793345 0.051657
vt 0.776618 0.051609
vt 0.793345 0.051256
vt 0.776834 0.074428
vt 0.776852 0.074234
vt 0.793345 0.074324
vt 0.793345 0.074523
vt 0.776861 0.074041
vt 0.793345 0.074126
vt 0.776544 0.077255
vt 0.776545 0.077045
vt 0.793345 0.077259
vt 0.793345 0.077460
vt 0.776559 0.076837
vt 0.793345 0.077057
vt 0.776877 0.098887
vt 0.776890 0.098691
vt 0.793346 0.098805
vt 0.793346 0.099004
vt 0.776893 0.098495
vt 0.793346 0.098606
vt 0.776683 0.101737
vt 0.776683 0.101527
vt 0.793346 0.101754
vt 0.793346 0.101957
vt 0.776691 0.101317
vt 0.793346 0.101550
vt 0.777118 0.122273
vt 0.777123 0.122078
vt 0.793346 0.122151
vt 0.793346 0.122349
vt 0.777123 0.121883
vt 0.793346 0.121954
vt 0.777021 0.125267
vt 0.777019 0.125059
vt 0.793346 0.125244
vt 0.793346 0.125447
vt 0.777021 0.124851
vt 0.793346 0.125041
vt 0.777414 0.145481
vt 0.777415 0.145288
vt 0.793347 0.145353
vt 0.793347 0.145548
vt 0.777413 0.145095
vt 0.793347 0.145158
vt 0.777399 0.148648
vt 0.777397 0.148445
vt 0.793347 0.148623
vt 0.793347 0.148824
vt 0.777397 0.148241
vt 0.793347 0.148422
vt 0.777567 0.169537
vt 0.777565 0.169345
vt 0.793347 0.169444
vt 0.793347 0.169637
vt 0.777563 0.169153
vt 0.793347 0.169251
vt 0.777611 0.172807
vt 0.777613 0.172608
vt 0.793347 0.172825
vt 0.793347 0.173024
vt 0.777615 0.172410
vt 0.793347 0.172626
vt 0.777543 0.194941
vt 0.777539 0.194748
vt 0.793348 0.194840
vt 0.793348 0.195032
vt 0.777532 0.194556
vt 0.793348 0.194648
vt 0.901241 0.200211
vt 0.901714 0.194672
vt 0.901134 0.200603
vt 0.899631 0.219581
vt 0.899815 0.225983
vt 0.900594 0.245212
vt 0.901429 0.251693
vt 0.904182 0.269748
vt 0.905751 0.276149
vt 0.910502 0.292592
vt 0.912697 0.298812
vt 0.918409 0.314062
vt 0.920707 0.320040
vt 0.926947 0.335310
vt 0.929121 0.341011
vt 0.935013 0.357639
vt 0.936751 0.363208
vt 0.941889 0.381474
vt 0.943118 0.387085
vt 0.947630 0.406274
vt 0.946633 0.043475
vt 0.943008 0.062860
vt 0.941720 0.068482
vt 0.937223 0.086685
vt 0.935531 0.092212
vt 0.929949 0.108575
vt 0.927955 0.114149
vt 0.921993 0.128935
vt 0.919884 0.134727
vt 0.913960 0.149192
vt 0.912020 0.155225
vt 0.906624 0.170738
vt 0.905270 0.176967
vt 0.901723 0.194302
vt 0.116026 0.400510
vt 0.079715 0.397212
vt 0.017796 0.399836
vt 0.017064 0.419316
vt 0.015731 0.438263
vt 0.013751 0.456844
vt 0.011017 0.475403
vt 0.007901 0.494413
vt 0.005010 0.514038
vt 0.010369 0.224779
vt 0.011216 0.245036
vt 0.012686 0.265243
vt 0.014532 0.284814
vt 0.016152 0.303653
vt 0.017219 0.322188
vt 0.017884 0.340897
vt 0.018155 0.360182
vt 0.017954 0.393676
vt 0.018122 0.379969
vt 0.733227 0.458284
vt 0.643236 0.400007
vt 0.648278 0.387798
vt 0.746726 0.425601
vt 0.698586 0.504556
vt 0.628017 0.420054
vt 0.636383 0.411510
vt 0.719679 0.479149
vt 0.652001 0.536220
vt 0.608774 0.435363
vt 0.618803 0.429479
vt 0.678971 0.520394
vt 0.597378 0.549891
vt 0.585725 0.441492
vt 0.597203 0.439627
vt 0.628241 0.544874
vt 0.539818 0.544275
vt 0.560887 0.439105
vt 0.572982 0.441370
vt 0.572267 0.550352
vt 0.484897 0.520532
vt 0.536365 0.428487
vt 0.548052 0.434643
vt 0.516178 0.537008
vt 0.437601 0.481854
vt 0.514500 0.410814
vt 0.524644 0.420198
vt 0.464714 0.506935
vt 0.464633 0.200157
vt 0.524823 0.286713
vt 0.514706 0.296127
vt 0.437595 0.225318
vt 0.516008 0.169930
vt 0.548187 0.272198
vt 0.536518 0.278390
vt 0.484776 0.186498
vt 0.572058 0.156418
vt 0.573096 0.265397
vt 0.561008 0.267699
vt 0.539626 0.162591
vt 0.628048 0.161729
vt 0.597323 0.267069
vt 0.585839 0.265237
vt 0.597170 0.156804
vt 0.678851 0.186058
vt 0.618953 0.277152
vt 0.608906 0.271297
vt 0.651833 0.170313
vt 0.719624 0.227204
vt 0.636387 0.294853
vt 0.628508 0.285404
vt 0.698479 0.201844
vt 0.746695 0.280740
vt 0.648263 0.318586
vt 0.643215 0.306380
vt 0.733181 0.248063
vt 0.758137 0.340968
vt 0.653567 0.345975
vt 0.651826 0.332267
vt 0.753483 0.304324
vt 0.653570 0.360408
vt 0.758143 0.365368
vt 0.863762 0.198819
vt 0.864021 0.198430
vt 0.079922 0.397593
vt 0.116159 0.400894
vt 0.900754 0.222962
vt 0.899883 0.225595
vt 0.899683 0.219961
vt 0.900765 0.222567
vt 0.902116 0.248418
vt 0.901456 0.251286
vt 0.900708 0.245619
vt 0.902065 0.247999
vt 0.905997 0.272926
vt 0.905704 0.275722
vt 0.904388 0.270129
vt 0.905834 0.272510
vt 0.912541 0.295935
vt 0.912477 0.298388
vt 0.910686 0.292988
vt 0.912400 0.295477
vt 0.920475 0.317649
vt 0.920591 0.319578
vt 0.918612 0.314453
vt 0.920336 0.317187
vt 0.928868 0.339074
vt 0.929025 0.340558
vt 0.927127 0.335694
vt 0.928700 0.338627
vt 0.936466 0.361361
vt 0.936674 0.362792
vt 0.935175 0.358018
vt 0.936342 0.360950
vt 0.942852 0.384912
vt 0.943038 0.386697
vt 0.941993 0.381850
vt 0.942764 0.384527
vt 0.947050 0.040850
vt 0.946677 0.043097
vt 0.947714 0.406650
vt 0.948213 0.408880
vt 0.942629 0.065420
vt 0.941811 0.068108
vt 0.942940 0.063252
vt 0.942708 0.065033
vt 0.936793 0.088902
vt 0.935676 0.091837
vt 0.937133 0.087097
vt 0.936896 0.088495
vt 0.929432 0.110858
vt 0.928117 0.113772
vt 0.929838 0.109011
vt 0.929587 0.110424
vt 0.921430 0.131630
vt 0.920065 0.134354
vt 0.921869 0.129369
vt 0.921576 0.131190
vt 0.913416 0.152318
vt 0.912144 0.154841
vt 0.913778 0.149583
vt 0.913567 0.151891
vt 0.906530 0.174195
vt 0.905416 0.176576
vt 0.906565 0.171122
vt 0.906642 0.173782
vt 0.023564 0.396565
vt 0.018203 0.394046
vt 0.018034 0.399493
vt 0.023567 0.396933
vt 0.023856 0.376765
vt 0.018364 0.379616
vt 0.023854 0.377131
vt 0.023814 0.357007
vt 0.018408 0.359816
vt 0.023807 0.357374
vt 0.023382 0.337573
vt 0.018141 0.340518
vt 0.023377 0.337945
vt 0.022499 0.318546
vt 0.017462 0.321802
vt 0.022509 0.318923
vt 0.021238 0.299707
vt 0.016364 0.303269
vt 0.021274 0.300088
vt 0.019605 0.280687
vt 0.014717 0.284435
vt 0.019664 0.281071
vt 0.017952 0.261117
vt 0.012867 0.264865
vt 0.018012 0.261500
vt 0.016739 0.241114
vt 0.011415 0.244660
vt 0.016778 0.241490
vt 0.008624 0.531585
vt 0.010593 0.224404
vt 0.016039 0.221508
vt 0.011113 0.511790
vt 0.005319 0.513707
vt 0.011045 0.512160
vt 0.013973 0.492031
vt 0.008235 0.494071
vt 0.013888 0.492407
vt 0.016959 0.472707
vt 0.011348 0.475059
vt 0.016879 0.473086
vt 0.019570 0.453844
vt 0.014052 0.456504
vt 0.019517 0.454225
vt 0.021516 0.435071
vt 0.015999 0.437926
vt 0.021495 0.435449
vt 0.022853 0.416040
vt 0.017310 0.418979
vt 0.022850 0.416413
vt 0.762493 0.416620
vt 0.650726 0.381019
vt 0.747541 0.424796
vt 0.648636 0.386888
vt 0.650472 0.381962
vt 0.762238 0.417645
vt 0.737200 0.474752
vt 0.640391 0.406338
vt 0.642843 0.400916
vt 0.733225 0.459557
vt 0.720681 0.478612
vt 0.637031 0.410775
vt 0.639878 0.407171
vt 0.736667 0.475680
vt 0.696826 0.521296
vt 0.623887 0.426245
vt 0.627394 0.420839
vt 0.698174 0.505745
vt 0.680119 0.520206
vt 0.619646 0.428984
vt 0.623163 0.426918
vt 0.696017 0.522010
vt 0.644676 0.551456
vt 0.603121 0.438673
vt 0.607924 0.435862
vt 0.651243 0.537157
vt 0.629438 0.545116
vt 0.598180 0.439487
vt 0.602193 0.438989
vt 0.643659 0.551823
vt 0.585415 0.562127
vt 0.579282 0.442717
vt 0.584761 0.441664
vt 0.596384 0.550471
vt 0.573354 0.551028
vt 0.573957 0.441586
vt 0.578298 0.442691
vt 0.584335 0.562096
vt 0.524618 0.552603
vt 0.554206 0.438188
vt 0.559922 0.438951
vt 0.538712 0.544498
vt 0.517004 0.537998
vt 0.548920 0.435143
vt 0.553276 0.437859
vt 0.523616 0.552227
vt 0.467936 0.524541
vt 0.530038 0.425629
vt 0.535485 0.428060
vt 0.483760 0.520435
vt 0.465221 0.508071
vt 0.525347 0.420899
vt 0.529235 0.425059
vt 0.467086 0.523918
vt 0.420260 0.481349
vt 0.509092 0.406431
vt 0.513755 0.410173
vt 0.436484 0.481459
vt 0.436480 0.225715
vt 0.513963 0.296771
vt 0.509311 0.300527
vt 0.420256 0.225874
vt 0.466954 0.183166
vt 0.529399 0.281838
vt 0.525523 0.286010
vt 0.465136 0.199018
vt 0.483640 0.186599
vt 0.535639 0.278819
vt 0.530200 0.281267
vt 0.467803 0.182541
vt 0.523400 0.154688
vt 0.553402 0.268968
vt 0.549054 0.271696
vt 0.516831 0.168936
vt 0.538520 0.162372
vt 0.560044 0.267856
vt 0.554330 0.268636
vt 0.524402 0.154309
vt 0.584090 0.144638
vt 0.578409 0.264060
vt 0.574071 0.265178
vt 0.573142 0.155738
vt 0.596173 0.156227
vt 0.584876 0.265068
vt 0.579393 0.264032
vt 0.585170 0.144604
vt 0.643445 0.154734
vt 0.602315 0.267691
vt 0.598301 0.267205
vt 0.629244 0.161484
vt 0.651072 0.169378
vt 0.608056 0.270801
vt 0.603244 0.268005
vt 0.644463 0.155099
vt 0.695889 0.184391
vt 0.623333 0.279708
vt 0.619797 0.277644
vt 0.679999 0.186243
vt 0.698077 0.200648
vt 0.627865 0.284649
vt 0.624089 0.280329
vt 0.696703 0.185101
vt 0.736614 0.230667
vt 0.639854 0.299218
vt 0.637003 0.295611
vt 0.720626 0.227741
vt 0.733179 0.246790
vt 0.642822 0.305470
vt 0.640368 0.300050
vt 0.737147 0.231593
vt 0.762210 0.288689
vt 0.650459 0.324420
vt 0.648621 0.319495
vt 0.747510 0.281545
vt 0.753822 0.303135
vt 0.651685 0.331293
vt 0.650714 0.325364
vt 0.762465 0.289714
vt 0.770978 0.352640
vt 0.654192 0.352703
vt 0.653673 0.346948
vt 0.758739 0.341988
vt 0.758744 0.364348
vt 0.653676 0.359435
vt 0.654192 0.353680
vt 0.770978 0.353690
vt 0.793348 0.200983
vt 0.793348 0.201369
vt 0.777523 0.200682
vt 0.777508 0.201070
vt 0.126763 0.400162
vt 0.128367 0.401956
vt 0.123608 0.382342
vt 0.126575 0.399838
vt 0.124948 0.379657
vt 0.123686 0.381996
vt 0.124940 0.379293
vt 0.126775 0.359316
vt 0.128475 0.357076
vt 0.126961 0.358987
vt 0.128598 0.356720
vt 0.136913 0.340702
vt 0.138885 0.338668
vt 0.137151 0.340401
vt 0.139096 0.338328
vt 0.151804 0.326116
vt 0.153938 0.323838
vt 0.152116 0.325859
vt 0.154283 0.323555
vt 0.168451 0.312760
vt 0.170526 0.310099
vt 0.168754 0.312481
vt 0.170895 0.309820
vt 0.184678 0.297950
vt 0.186419 0.294856
vt 0.184931 0.297631
vt 0.186756 0.294563
vt 0.198890 0.279752
vt 0.200039 0.276433
vt 0.199071 0.279397
vt 0.200292 0.276107
vt 0.209569 0.257909
vt 0.209974 0.254746
vt 0.209667 0.257534
vt 0.210121 0.254389
vt 0.215516 0.233963
vt 0.215247 0.231344
vt 0.215528 0.233590
vt 0.208313 0.534684
vt 0.206171 0.513119
vt 0.205064 0.511306
vt 0.206022 0.512761
vt 0.204946 0.510938
vt 0.198273 0.489991
vt 0.196958 0.488750
vt 0.198015 0.489660
vt 0.196727 0.488403
vt 0.186228 0.470265
vt 0.184736 0.469110
vt 0.185887 0.469966
vt 0.184417 0.468787
vt 0.171534 0.454004
vt 0.169829 0.452433
vt 0.171175 0.453720
vt 0.169476 0.452121
vt 0.155414 0.439400
vt 0.153816 0.437210
vt 0.155137 0.439088
vt 0.153484 0.436902
vt 0.139762 0.423984
vt 0.138877 0.421229
vt 0.139565 0.423674
vt 0.138624 0.420910
vt 0.128020 0.405281
vt 0.128496 0.402303
vt 0.127978 0.404945
vt 0.793348 0.201176
vt 0.777517 0.200876
vt 0.863916 0.198609
vt 0.116069 0.400711
vt 0.126645 0.400006
vt 0.901173 0.200409
vt 0.901701 0.194489
vt 0.079770 0.397428
vt 0.127973 0.405116
vt 0.017865 0.399631
vt 0.899828 0.225788
vt 0.899632 0.219775
vt 0.124992 0.379479
vt 0.023975 0.376949
vt 0.123621 0.382165
vt 0.018189 0.379757
vt 0.901426 0.251487
vt 0.900624 0.245423
vt 0.128579 0.356911
vt 0.023932 0.357193
vt 0.126849 0.359142
vt 0.018225 0.359962
vt 0.905701 0.275938
vt 0.904252 0.269953
vt 0.139003 0.338502
vt 0.023502 0.337761
vt 0.137036 0.340558
vt 0.017955 0.340670
vt 0.912549 0.298606
vt 0.910576 0.292794
vt 0.154113 0.323696
vt 0.022626 0.318733
vt 0.151964 0.325998
vt 0.017284 0.321959
vt 0.920627 0.319811
vt 0.918500 0.314263
vt 0.170701 0.309942
vt 0.021376 0.299890
vt 0.168615 0.312632
vt 0.016204 0.303429
vt 0.929061 0.340789
vt 0.927025 0.335506
vt 0.186565 0.294685
vt 0.019755 0.280865
vt 0.184819 0.297800
vt 0.014572 0.284596
vt 0.936712 0.363004
vt 0.935092 0.357831
vt 0.200138 0.276251
vt 0.018103 0.261293
vt 0.198994 0.279581
vt 0.012724 0.265026
vt 0.943079 0.386893
vt 0.941940 0.381663
vt 0.210023 0.254557
vt 0.016880 0.241289
vt 0.209632 0.257725
vt 0.011262 0.244818
vt 0.946666 0.043286
vt 0.947673 0.406462
vt 0.215247 0.231158
vt 0.208298 0.534869
vt 0.008720 0.531785
vt 0.016153 0.221317
vt 0.215537 0.233779
vt 0.010426 0.224560
vt 0.941771 0.068294
vt 0.942971 0.063055
vt 0.204980 0.511131
vt 0.011198 0.511997
vt 0.206114 0.512932
vt 0.005114 0.513825
vt 0.935603 0.092023
vt 0.937171 0.086887
vt 0.196814 0.488593
vt 0.014050 0.492244
vt 0.198164 0.489812
vt 0.008018 0.494192
vt 0.928033 0.113958
vt 0.929886 0.108789
vt 0.184553 0.468969
vt 0.017038 0.472918
vt 0.186071 0.470102
vt 0.011135 0.475184
vt 0.919970 0.134539
vt 0.921917 0.129151
vt 0.169643 0.452289
vt 0.019664 0.454048
vt 0.171353 0.453860
vt 0.013855 0.456633
vt 0.912076 0.155032
vt 0.913844 0.149380
vt 0.153658 0.437055
vt 0.021628 0.435266
vt 0.155271 0.439246
vt 0.015818 0.438058
vt 0.905331 0.176771
vt 0.906579 0.170929
vt 0.138777 0.421057
vt 0.022974 0.416227
vt 0.139644 0.423839
vt 0.017139 0.419114
vt 0.018022 0.393898
vt 0.747057 0.425124
vt 0.648461 0.387344
vt 0.758341 0.341533
vt 0.653624 0.346461
vt 0.758346 0.364803
vt 0.653627 0.359922
vt 0.747026 0.281217
vt 0.648446 0.319039
vt 0.753544 0.303702
vt 0.651760 0.331779
vt 0.720074 0.227561
vt 0.636697 0.295230
vt 0.733073 0.247430
vt 0.643022 0.305923
vt 0.679407 0.186246
vt 0.619375 0.277398
vt 0.698185 0.201280
vt 0.628188 0.285024
vt 0.628662 0.161700
vt 0.597811 0.267141
vt 0.651381 0.169907
vt 0.608481 0.271049
vt 0.572650 0.156165
vt 0.573584 0.265296
vt 0.596625 0.156600
vt 0.585357 0.265152
vt 0.516501 0.169505
vt 0.548624 0.271956
vt 0.539055 0.162582
vt 0.560527 0.267784
vt 0.464986 0.199636
vt 0.525179 0.286369
vt 0.484220 0.186655
vt 0.536082 0.278611
vt 0.437082 0.481553
vt 0.514134 0.410488
vt 0.437077 0.225621
vt 0.514341 0.296455
vt 0.484340 0.520377
vt 0.535928 0.428267
vt 0.465069 0.507454
vt 0.525002 0.420542
vt 0.539247 0.544286
vt 0.560405 0.439021
vt 0.516672 0.537430
vt 0.548490 0.434885
vt 0.596834 0.550097
vt 0.585243 0.441578
vt 0.572861 0.550603
vt 0.573470 0.441469
vt 0.651550 0.536627
vt 0.608349 0.435613
vt 0.628855 0.544901
vt 0.597690 0.439553
vt 0.698291 0.505117
vt 0.627688 0.420426
vt 0.679526 0.520205
vt 0.619224 0.429232
vt 0.733119 0.458918
vt 0.643043 0.400464
vt 0.720129 0.478792
vt 0.636718 0.411151
vt 0.128477 0.402121
vt 0.023687 0.396748
vt 0.900800 0.222759
vt 0.902133 0.248205
vt 0.905967 0.272702
vt 0.912512 0.295697
vt 0.920438 0.317410
vt 0.928803 0.338842
vt 0.936416 0.361149
vt 0.942815 0.384716
vt 0.947085 0.040661
vt 0.948250 0.409068
vt 0.942676 0.065229
vt 0.936854 0.088704
vt 0.929520 0.110648
vt 0.921522 0.131416
vt 0.913515 0.152108
vt 0.906613 0.173990
vt 0.762626 0.417199
vt 0.650611 0.381494
vt 0.771247 0.353165
vt 0.654203 0.353191
vt 0.762598 0.289135
vt 0.650599 0.324888
vt 0.737112 0.230994
vt 0.640124 0.299624
vt 0.696470 0.184545
vt 0.623726 0.279999
vt 0.644043 0.154668
vt 0.602790 0.267817
vt 0.584624 0.144354
vt 0.578902 0.264009
vt 0.523809 0.154244
vt 0.553857 0.268767
vt 0.467220 0.182633
vt 0.529781 0.281524
vt 0.419715 0.481123
vt 0.508751 0.406076
vt 0.419712 0.226102
vt 0.508971 0.300883
vt 0.467352 0.524450
vt 0.529619 0.425372
vt 0.524025 0.552670
vt 0.553732 0.438058
vt 0.584870 0.562379
vt 0.578791 0.442741
vt 0.644258 0.551888
vt 0.602668 0.438862
vt 0.696595 0.521854
vt 0.623549 0.426612
vt 0.737165 0.475352
vt 0.640148 0.406764
vt 0.300312 0.258504
vt 0.301219 0.258292
vt 0.319535 0.325082
vt 0.319163 0.325169
vt 0.312015 0.256145
vt 0.323969 0.324201
vt 0.312929 0.255978
vt 0.324344 0.324132
vt 0.313850 0.255838
vt 0.324722 0.324075
vt 0.324756 0.254350
vt 0.329200 0.323463
vt 0.325683 0.254255
vt 0.329581 0.323424
vt 0.326615 0.254223
vt 0.329964 0.323411
vt 0.352935 0.254214
vt 0.340772 0.323408
vt 0.353873 0.254245
vt 0.341157 0.323420
vt 0.354806 0.254336
vt 0.341540 0.323458
vt 0.366153 0.255825
vt 0.346200 0.324069
vt 0.367075 0.255966
vt 0.346579 0.324127
vt 0.367987 0.256143
vt 0.346953 0.324200
vt 0.377777 0.258253
vt 0.350973 0.325066
vt 0.378680 0.258479
vt 0.351344 0.325159
vt 0.379566 0.258765
vt 0.351708 0.325277
vt 0.403241 0.267291
vt 0.361430 0.328778
vt 0.404121 0.267638
vt 0.361791 0.328921
vt 0.404975 0.268035
vt 0.362141 0.329084
vt 0.415103 0.273124
vt 0.366301 0.331173
vt 0.415922 0.273575
vt 0.366637 0.331359
vt 0.416702 0.274084
vt 0.366957 0.331568
vt 0.423838 0.279146
vt 0.369887 0.333646
vt 0.424555 0.279742
vt 0.370182 0.333891
vt 0.425173 0.280443
vt 0.370435 0.334179
vt 0.438910 0.298616
vt 0.376076 0.341641
vt 0.439561 0.299302
vt 0.376343 0.341923
vt 0.440361 0.299843
vt 0.376672 0.342145
vt 0.451195 0.305615
vt 0.381121 0.344515
vt 0.451957 0.306184
vt 0.381434 0.344749
vt 0.452506 0.306946
vt 0.381659 0.345061
vt 0.456009 0.313881
vt 0.383097 0.347909
vt 0.456415 0.314720
vt 0.383264 0.348254
vt 0.456791 0.315571
vt 0.383418 0.348603
vt 0.465384 0.335989
vt 0.386947 0.356987
vt 0.465737 0.336858
vt 0.387092 0.357344
vt 0.466065 0.337737
vt 0.387226 0.357705
vt 0.469647 0.347716
vt 0.388697 0.361803
vt 0.469870 0.348623
vt 0.388789 0.362175
vt 0.469904 0.349560
vt 0.388803 0.362560
vt 0.469385 0.357246
vt 0.388590 0.365716
vt 0.469322 0.358185
vt 0.388564 0.366102
vt 0.469259 0.359122
vt 0.388538 0.366486
vt 0.467786 0.381226
vt 0.387933 0.375563
vt 0.467725 0.382157
vt 0.387908 0.375945
vt 0.467664 0.383088
vt 0.387883 0.376327
vt 0.466967 0.393694
vt 0.387597 0.380682
vt 0.466789 0.394612
vt 0.387524 0.381059
vt 0.466384 0.395466
vt 0.387358 0.381410
vt 0.461827 0.402681
vt 0.385486 0.384372
vt 0.461328 0.403495
vt 0.385281 0.384707
vt 0.460856 0.404318
vt 0.385088 0.385044
vt 0.449497 0.424824
vt 0.380424 0.393465
vt 0.449056 0.425644
vt 0.380242 0.393802
vt 0.448635 0.426474
vt 0.380069 0.394142
vt 0.443771 0.436324
vt 0.378072 0.398187
vt 0.443250 0.437100
vt 0.377858 0.398506
vt 0.442538 0.437726
vt 0.377566 0.398763
vt 0.434426 0.443189
vt 0.374235 0.401006
vt 0.433644 0.443740
vt 0.373914 0.401232
vt 0.432890 0.444320
vt 0.373604 0.401471
vt 0.413283 0.460095
vt 0.365553 0.407949
vt 0.412569 0.460693
vt 0.365260 0.408194
vt 0.411877 0.461317
vt 0.364976 0.408451
vt 0.403585 0.469085
vt 0.361571 0.411640
vt 0.402825 0.469631
vt 0.361259 0.411865
vt 0.401944 0.469969
vt 0.360897 0.412003
vt 0.391406 0.472542
vt 0.356570 0.413060
vt 0.390492 0.472788
vt 0.356194 0.413161
vt 0.389592 0.473074
vt 0.355825 0.413278
vt 0.364701 0.481643
vt 0.345603 0.416798
vt 0.363824 0.481967
vt 0.345243 0.416931
vt 0.362959 0.482330
vt 0.344888 0.417080
vt 0.352560 0.486975
vt 0.340618 0.418987
vt 0.351663 0.487246
vt 0.340249 0.419098
vt 0.350726 0.487283
vt 0.339865 0.419113
vt 0.339381 0.486279
vt 0.335206 0.418701
vt 0.338445 0.486217
vt 0.334821 0.418676
vt 0.337510 0.486197
vt 0.334438 0.418668
vt 0.311185 0.486205
vt 0.323627 0.418671
vt 0.310242 0.486228
vt 0.323240 0.418680
vt 0.309297 0.486294
vt 0.322852 0.418707
vt 0.298496 0.487296
vt 0.318417 0.419118
vt 0.297554 0.487263
vt 0.318030 0.419105
vt 0.296657 0.486994
vt 0.317661 0.418995
vt 0.286285 0.482352
vt 0.313402 0.417089
vt 0.285428 0.481988
vt 0.313050 0.416939
vt 0.284558 0.481656
vt 0.312693 0.416803
vt 0.260882 0.473130
vt 0.302971 0.413301
vt 0.259979 0.472826
vt 0.302600 0.413176
vt 0.259061 0.472560
vt 0.302223 0.413067
vt 0.249612 0.470038
vt 0.298343 0.412031
vt 0.248735 0.469680
vt 0.297983 0.411884
vt 0.247990 0.469114
vt 0.297677 0.411652
vt 0.240182 0.461386
vt 0.294471 0.408479
vt 0.239512 0.460740
vt 0.294196 0.408213
vt 0.238828 0.460109
vt 0.293915 0.407954
vt 0.221408 0.444423
vt 0.286762 0.401513
vt 0.220693 0.443798
vt 0.286468 0.401256
vt 0.219957 0.443191
vt 0.286166 0.401007
vt 0.213296 0.437855
vt 0.283431 0.398816
vt 0.212636 0.437179
vt 0.283160 0.398538
vt 0.212169 0.436369
vt 0.282968 0.398206
vt 0.208053 0.426568
vt 0.281278 0.394181
vt 0.207692 0.425710
vt 0.281130 0.393829
vt 0.207331 0.424849
vt 0.280981 0.393476
vt 0.198737 0.404431
vt 0.277453 0.385091
vt 0.198372 0.403566
vt 0.277303 0.384736
vt 0.198006 0.402698
vt 0.277153 0.384380
vt 0.195012 0.395600
vt 0.275923 0.381465
vt 0.194738 0.394705
vt 0.275811 0.381098
vt 0.194653 0.393773
vt 0.275776 0.380715
vt 0.194788 0.383171
vt 0.275832 0.376362
vt 0.194813 0.382233
vt 0.275842 0.375977
vt 0.194863 0.381297
vt 0.275862 0.375592
vt 0.196334 0.359194
vt 0.276466 0.366516
vt 0.196412 0.358267
vt 0.276498 0.366136
vt 0.196523 0.357342
vt 0.276544 0.365756
vt 0.197579 0.349614
vt 0.276977 0.362583
vt 0.197768 0.348702
vt 0.277055 0.362208
vt 0.198081 0.347822
vt 0.277183 0.361847
vt 0.202433 0.337794
vt 0.278970 0.357729
vt 0.202829 0.336938
vt 0.279133 0.357378
vt 0.203267 0.336101
vt 0.279313 0.357034
vt 0.214623 0.315597
vt 0.283976 0.348614
vt 0.215098 0.314797
vt 0.284171 0.348286
vt 0.215617 0.314026
vt 0.284384 0.347969
vt 0.220719 0.306907
vt 0.286479 0.345046
vt 0.221290 0.306172
vt 0.286713 0.344744
vt 0.221918 0.305479
vt 0.286971 0.344460
vt 0.229834 0.297368
vt 0.290222 0.341129
vt 0.230513 0.296714
vt 0.290501 0.340860
vt 0.231231 0.296100
vt 0.290796 0.340608
vt 0.250835 0.280326
vt 0.298846 0.334131
vt 0.251579 0.279767
vt 0.299151 0.333901
vt 0.252359 0.279258
vt 0.299471 0.333692
vt 0.260927 0.274074
vt 0.302990 0.331563
vt 0.261732 0.273608
vt 0.303320 0.331372
vt 0.262558 0.273176
vt 0.303659 0.331195
vt 0.272801 0.268070
vt 0.307866 0.329098
vt 0.273653 0.267680
vt 0.308215 0.328938
vt 0.274530 0.267346
vt 0.308576 0.328800
vt 0.299420 0.258778
vt 0.318797 0.325282
vt 0.332252 0.371454
vt 0.578587 0.672715
vt 0.579410 0.672010
vt 0.579344 0.775742
vt 0.578429 0.776075
vt 0.580462 0.671746
vt 0.580309 0.775622
vt 0.608977 0.597201
vt 0.608045 0.597015
vt 0.608048 0.578252
vt 0.608989 0.578254
vt 0.607097 0.596949
vt 0.607108 0.578251
vt 0.616227 0.672709
vt 0.617049 0.672003
vt 0.616982 0.775735
vt 0.616068 0.776068
vt 0.618101 0.671739
vt 0.617948 0.775615
vt 0.646618 0.597195
vt 0.645686 0.597009
vt 0.645690 0.578246
vt 0.646630 0.578248
vt 0.644738 0.596943
vt 0.644749 0.578245
vt 0.653866 0.672703
vt 0.654689 0.671997
vt 0.654621 0.775729
vt 0.653706 0.776062
vt 0.655741 0.671733
vt 0.655587 0.775609
vt 0.684260 0.597189
vt 0.683327 0.597003
vt 0.683331 0.578240
vt 0.684272 0.578243
vt 0.682379 0.596937
vt 0.682391 0.578240
vt 0.691506 0.672698
vt 0.692329 0.671992
vt 0.692259 0.775724
vt 0.691344 0.776057
vt 0.693381 0.671728
vt 0.693225 0.775604
vt 0.721901 0.597185
vt 0.720968 0.596999
vt 0.720973 0.578236
vt 0.721913 0.578238
vt 0.720020 0.596933
vt 0.720032 0.578235
vt 0.729146 0.672694
vt 0.729969 0.671988
vt 0.729898 0.775720
vt 0.728983 0.776053
vt 0.731020 0.671724
vt 0.730863 0.775600
vt 0.759542 0.597182
vt 0.758610 0.596996
vt 0.758614 0.578233
vt 0.759555 0.578235
vt 0.757661 0.596929
vt 0.757674 0.578232
vt 0.766785 0.672690
vt 0.767608 0.671985
vt 0.767536 0.775717
vt 0.766622 0.776050
vt 0.768660 0.671721
vt 0.768502 0.775597
vt 0.797183 0.597179
vt 0.796250 0.596993
vt 0.796256 0.578230
vt 0.797196 0.578232
vt 0.795302 0.596927
vt 0.795315 0.578229
vt 0.804425 0.672688
vt 0.805248 0.671983
vt 0.805175 0.775716
vt 0.804260 0.776049
vt 0.806299 0.671719
vt 0.806141 0.775596
vt 0.834824 0.597177
vt 0.833891 0.596991
vt 0.833897 0.578228
vt 0.834837 0.578231
vt 0.832943 0.596925
vt 0.832957 0.578227
vt 0.842063 0.672687
vt 0.842886 0.671981
vt 0.842814 0.775715
vt 0.841899 0.776048
vt 0.843938 0.671718
vt 0.843779 0.775595
vt 0.872465 0.597176
vt 0.871532 0.596990
vt 0.871538 0.578227
vt 0.872479 0.578229
vt 0.870584 0.596924
vt 0.870598 0.578226
vt 0.879701 0.672687
vt 0.880524 0.671981
vt 0.880453 0.775716
vt 0.879538 0.776049
vt 0.881575 0.671717
vt 0.881419 0.775596
vt 0.910107 0.597176
vt 0.909174 0.596989
vt 0.909181 0.578226
vt 0.910122 0.578229
vt 0.908226 0.596923
vt 0.908240 0.578226
vt 0.917336 0.672687
vt 0.918159 0.671981
vt 0.918093 0.775718
vt 0.917178 0.776050
vt 0.919210 0.671718
vt 0.919059 0.775598
vt 0.947750 0.597177
vt 0.946818 0.596990
vt 0.946827 0.578227
vt 0.947767 0.578230
vt 0.945870 0.596924
vt 0.945886 0.578226
vt 0.954965 0.672689
vt 0.955788 0.671983
vt 0.955734 0.775720
vt 0.954819 0.776052
vt 0.956840 0.671719
vt 0.956700 0.775600
vt 0.985400 0.597183
vt 0.984467 0.596996
vt 0.984479 0.578233
vt 0.985420 0.578236
vt 0.983518 0.596930
vt 0.983538 0.578232
vt 0.390421 0.672763
vt 0.391243 0.672057
vt 0.391143 0.775785
vt 0.390228 0.776118
vt 0.392294 0.671793
vt 0.392109 0.775665
vt 0.420769 0.597246
vt 0.419836 0.597060
vt 0.419835 0.578297
vt 0.420776 0.578299
vt 0.418887 0.596994
vt 0.418894 0.578296
vt 0.428044 0.672751
vt 0.428867 0.672045
vt 0.428785 0.775778
vt 0.427871 0.776111
vt 0.429918 0.671781
vt 0.429751 0.775658
vt 0.458413 0.597234
vt 0.457481 0.597048
vt 0.457482 0.578285
vt 0.458422 0.578287
vt 0.456532 0.596982
vt 0.456541 0.578284
vt 0.465676 0.672741
vt 0.466498 0.672035
vt 0.466426 0.775768
vt 0.465511 0.776101
vt 0.467550 0.671771
vt 0.467392 0.775648
vt 0.496055 0.597224
vt 0.495123 0.597038
vt 0.495124 0.578275
vt 0.496065 0.578278
vt 0.494174 0.596972
vt 0.494184 0.578275
vt 0.503311 0.672732
vt 0.504134 0.672026
vt 0.504066 0.775758
vt 0.503151 0.776091
vt 0.505185 0.671762
vt 0.505031 0.775638
vt 0.533696 0.597216
vt 0.532764 0.597030
vt 0.532766 0.578267
vt 0.533706 0.578269
vt 0.531815 0.596964
vt 0.531825 0.578266
vt 0.540949 0.672723
vt 0.541772 0.672017
vt 0.541705 0.775750
vt 0.540790 0.776083
vt 0.542823 0.671753
vt 0.542671 0.775630
vt 0.573915 0.777289
vt 0.574882 0.777518
vt 0.574899 0.878235
vt 0.573929 0.878393
vt 0.575849 0.777289
vt 0.575869 0.878392
vt 0.536291 0.878400
vt 0.537261 0.878243
vt 0.537290 0.979060
vt 0.536337 0.979505
vt 0.538232 0.878400
vt 0.538243 0.979504
vt 0.045052 0.881479
vt 0.044745 0.880805
vt 0.071553 0.876387
vt 0.071787 0.877096
vt 0.044184 0.880173
vt 0.071205 0.875780
vt 0.498652 0.878410
vt 0.499623 0.878252
vt 0.499659 0.979070
vt 0.498706 0.979514
vt 0.500593 0.878409
vt 0.500612 0.979514
vt 0.051591 0.909483
vt 0.051227 0.908838
vt 0.077555 0.902127
vt 0.077849 0.902814
vt 0.050614 0.908256
vt 0.077156 0.901553
vt 0.461011 0.878420
vt 0.461982 0.878263
vt 0.462030 0.979081
vt 0.461077 0.979526
vt 0.462952 0.878419
vt 0.462983 0.979525
vt 0.060517 0.936820
vt 0.060099 0.936208
vt 0.085752 0.927255
vt 0.086104 0.927914
vt 0.059438 0.935682
vt 0.085304 0.926717
vt 0.423367 0.878432
vt 0.424338 0.878275
vt 0.424404 0.979096
vt 0.423451 0.979541
vt 0.425308 0.878432
vt 0.425358 0.979540
vt 0.071764 0.963287
vt 0.071295 0.962714
vt 0.096081 0.951583
vt 0.096489 0.952209
vt 0.070591 0.962247
vt 0.095589 0.951086
vt 0.987958 0.878382
vt 0.988928 0.878225
vt 0.988856 0.979047
vt 0.987903 0.979491
vt 0.386689 0.878291
vt 0.387660 0.878447
vt 0.387737 0.979562
vt 0.386783 0.979119
vt 0.152306 0.569390
vt 0.152729 0.568782
vt 0.170215 0.589575
vt 0.169726 0.590138
vt 0.152987 0.567977
vt 0.170559 0.588965
vt 0.950309 0.878374
vt 0.951280 0.878217
vt 0.951236 0.979034
vt 0.950282 0.979478
vt 0.952250 0.878374
vt 0.952188 0.979478
vt 0.131570 0.589319
vt 0.131938 0.588676
vt 0.151156 0.607883
vt 0.150716 0.608486
vt 0.132125 0.587852
vt 0.151446 0.607246
vt 0.912666 0.878369
vt 0.913636 0.878212
vt 0.913610 0.979028
vt 0.912657 0.979472
vt 0.914606 0.878369
vt 0.914563 0.979472
vt 0.112629 0.610958
vt 0.112941 0.610286
vt 0.133742 0.627766
vt 0.133356 0.628405
vt 0.113056 0.609449
vt 0.133976 0.627107
vt 0.875025 0.878366
vt 0.875995 0.878210
vt 0.875981 0.979025
vt 0.875028 0.979469
vt 0.876966 0.878366
vt 0.876934 0.979470
vt 0.095623 0.634148
vt 0.095876 0.633452
vt 0.118105 0.649075
vt 0.117775 0.649745
vt 0.095918 0.632608
vt 0.118281 0.648398
vt 0.837386 0.878366
vt 0.838357 0.878209
vt 0.838351 0.979025
vt 0.837397 0.979469
vt 0.839327 0.878366
vt 0.839304 0.979469
vt 0.080677 0.658716
vt 0.080869 0.658000
vt 0.104360 0.671652
vt 0.104089 0.672348
vt 0.080838 0.657156
vt 0.104478 0.670962
vt 0.799749 0.878366
vt 0.800719 0.878209
vt 0.800719 0.979026
vt 0.799765 0.979470
vt 0.801689 0.878366
vt 0.801672 0.979470
vt 0.067901 0.684479
vt 0.068031 0.683750
vt 0.092611 0.695328
vt 0.092401 0.696045
vt 0.067928 0.682912
vt 0.092668 0.694631
vt 0.762112 0.878368
vt 0.763082 0.878211
vt 0.763086 0.979028
vt 0.762133 0.979472
vt 0.764052 0.878368
vt 0.764039 0.979472
vt 0.057391 0.711247
vt 0.057458 0.710510
vt 0.082943 0.719928
vt 0.082796 0.720660
vt 0.057283 0.709683
vt 0.082941 0.719228
vt 0.724475 0.878371
vt 0.725446 0.878214
vt 0.725453 0.979031
vt 0.724500 0.979475
vt 0.726416 0.878371
vt 0.726407 0.979475
vt 0.049226 0.738821
vt 0.049228 0.738080
vt 0.075430 0.745269
vt 0.075347 0.746011
vt 0.048983 0.737272
vt 0.075367 0.744572
vt 0.686839 0.878375
vt 0.687809 0.878218
vt 0.687820 0.979035
vt 0.686867 0.979479
vt 0.688779 0.878375
vt 0.688774 0.979479
vt 0.043465 0.766995
vt 0.043404 0.766257
vt 0.070127 0.771163
vt 0.070108 0.771909
vt 0.043090 0.765472
vt 0.070004 0.770474
vt 0.649203 0.878380
vt 0.650173 0.878223
vt 0.650187 0.979040
vt 0.649234 0.979484
vt 0.651143 0.878379
vt 0.651141 0.979484
vt 0.040151 0.795560
vt 0.040027 0.794831
vt 0.067072 0.797416
vt 0.067117 0.798162
vt 0.039646 0.794076
vt 0.066892 0.796740
vt 0.611566 0.878386
vt 0.612536 0.878229
vt 0.612555 0.979045
vt 0.611601 0.979490
vt 0.613506 0.878385
vt 0.613508 0.979490
vt 0.039310 0.824305
vt 0.039124 0.823589
vt 0.066292 0.823836
vt 0.066401 0.824575
vt 0.038680 0.822870
vt 0.066053 0.823178
vt 0.158716 0.941168
vt 0.158863 0.940971
vt 0.169498 0.949812
vt 0.169371 0.949996
vt 0.159002 0.940835
vt 0.169631 0.949633
vt 0.536278 0.676193
vt 0.537229 0.676675
vt 0.537243 0.777526
vt 0.536276 0.777297
vt 0.538179 0.676192
vt 0.538210 0.777297
vt 0.498641 0.676201
vt 0.499591 0.676684
vt 0.499604 0.777535
vt 0.498636 0.777306
vt 0.500541 0.676201
vt 0.500571 0.777306
vt 0.461006 0.676211
vt 0.461956 0.676693
vt 0.461964 0.777545
vt 0.460996 0.777316
vt 0.462906 0.676210
vt 0.462931 0.777315
vt 0.423376 0.676221
vt 0.424326 0.676703
vt 0.424323 0.777554
vt 0.423355 0.777325
vt 0.425275 0.676220
vt 0.425290 0.777325
vt 0.987918 0.676160
vt 0.988868 0.676643
vt 0.988916 0.777494
vt 0.987948 0.777265
vt 0.386703 0.676715
vt 0.387653 0.676232
vt 0.387648 0.777332
vt 0.386680 0.777561
vt 0.950296 0.676157
vt 0.951246 0.676639
vt 0.951272 0.777495
vt 0.950305 0.777266
vt 0.952196 0.676157
vt 0.952239 0.777266
vt 0.912665 0.676155
vt 0.913615 0.676638
vt 0.913631 0.777493
vt 0.912663 0.777264
vt 0.914566 0.676156
vt 0.914598 0.777264
vt 0.875030 0.676155
vt 0.875980 0.676638
vt 0.875991 0.777491
vt 0.875023 0.777262
vt 0.876930 0.676155
vt 0.876958 0.777262
vt 0.837393 0.676156
vt 0.838343 0.676638
vt 0.838352 0.777491
vt 0.837384 0.777262
vt 0.839293 0.676155
vt 0.839319 0.777261
vt 0.799754 0.676157
vt 0.800704 0.676639
vt 0.800713 0.777491
vt 0.799745 0.777262
vt 0.801654 0.676157
vt 0.801680 0.777262
vt 0.762115 0.676159
vt 0.763065 0.676642
vt 0.763074 0.777493
vt 0.762107 0.777264
vt 0.764015 0.676159
vt 0.764042 0.777264
vt 0.724475 0.676162
vt 0.725425 0.676645
vt 0.725436 0.777496
vt 0.724468 0.777267
vt 0.726375 0.676162
vt 0.726403 0.777267
vt 0.686835 0.676167
vt 0.687786 0.676649
vt 0.687797 0.777500
vt 0.686830 0.777271
vt 0.688735 0.676166
vt 0.688765 0.777271
vt 0.649196 0.676172
vt 0.650146 0.676654
vt 0.650159 0.777505
vt 0.649192 0.777276
vt 0.651096 0.676171
vt 0.651126 0.777276
vt 0.611556 0.676178
vt 0.612506 0.676660
vt 0.612521 0.777511
vt 0.611553 0.777282
vt 0.613456 0.676178
vt 0.613488 0.777282
vt 0.573876 0.578269
vt 0.574849 0.578270
vt 0.574853 0.597980
vt 0.573882 0.597852
vt 0.575822 0.578269
vt 0.575824 0.597851
vt 0.540710 0.578267
vt 0.541650 0.578265
vt 0.541660 0.597028
vt 0.540728 0.597215
vt 0.542591 0.578264
vt 0.542609 0.596962
vt 0.536235 0.578277
vt 0.537208 0.578278
vt 0.537212 0.597987
vt 0.536241 0.597859
vt 0.538181 0.578276
vt 0.538183 0.597859
vt 0.503068 0.578276
vt 0.504009 0.578273
vt 0.504019 0.597037
vt 0.503087 0.597223
vt 0.504949 0.578272
vt 0.504968 0.596970
vt 0.498594 0.578285
vt 0.499567 0.578287
vt 0.499571 0.597996
vt 0.498600 0.597868
vt 0.500540 0.578285
vt 0.500542 0.597867
vt 0.465426 0.578285
vt 0.466366 0.578283
vt 0.466378 0.597046
vt 0.465446 0.597232
vt 0.467307 0.578281
vt 0.467326 0.596980
vt 0.460951 0.578295
vt 0.461924 0.578296
vt 0.461930 0.598006
vt 0.460958 0.597878
vt 0.462897 0.578294
vt 0.462901 0.597877
vt 0.427781 0.578297
vt 0.428721 0.578294
vt 0.428734 0.597057
vt 0.427802 0.597244
vt 0.429662 0.578293
vt 0.429683 0.596991
vt 0.423305 0.578306
vt 0.424278 0.578308
vt 0.424286 0.598017
vt 0.423314 0.597889
vt 0.425251 0.578306
vt 0.425257 0.597888
vt 0.390128 0.578312
vt 0.391069 0.578309
vt 0.391085 0.597072
vt 0.390153 0.597259
vt 0.392010 0.578308
vt 0.392034 0.597006
vt 0.987949 0.578244
vt 0.988923 0.578246
vt 0.988916 0.597956
vt 0.987945 0.597827
vt 0.386625 0.578324
vt 0.387599 0.578321
vt 0.387608 0.597905
vt 0.386636 0.598033
vt 0.954772 0.578230
vt 0.955713 0.578228
vt 0.955716 0.596991
vt 0.954784 0.597177
vt 0.956654 0.578227
vt 0.956665 0.596925
vt 0.950297 0.578238
vt 0.951270 0.578240
vt 0.951267 0.597949
vt 0.950296 0.597821
vt 0.952243 0.578239
vt 0.952238 0.597821
vt 0.917125 0.578229
vt 0.918066 0.578227
vt 0.918072 0.596990
vt 0.917139 0.597176
vt 0.919006 0.578226
vt 0.919020 0.596924
vt 0.912650 0.578237
vt 0.913623 0.578239
vt 0.913623 0.597948
vt 0.912652 0.597820
vt 0.914596 0.578237
vt 0.914594 0.597820
vt 0.879482 0.578229
vt 0.880423 0.578227
vt 0.880430 0.596990
vt 0.879497 0.597177
vt 0.881363 0.578226
vt 0.881378 0.596924
vt 0.875008 0.578238
vt 0.875981 0.578239
vt 0.875981 0.597949
vt 0.875010 0.597821
vt 0.876954 0.578238
vt 0.876952 0.597820
vt 0.841841 0.578230
vt 0.842781 0.578228
vt 0.842788 0.596992
vt 0.841856 0.597177
vt 0.843722 0.578227
vt 0.843737 0.596925
vt 0.837366 0.578239
vt 0.838339 0.578241
vt 0.838340 0.597950
vt 0.837369 0.597821
vt 0.839312 0.578239
vt 0.839311 0.597821
vt 0.804199 0.578232
vt 0.805140 0.578229
vt 0.805147 0.596993
vt 0.804215 0.597179
vt 0.806080 0.578229
vt 0.806096 0.596927
vt 0.799725 0.578241
vt 0.800698 0.578242
vt 0.800699 0.597951
vt 0.799728 0.597823
vt 0.801671 0.578241
vt 0.801670 0.597823
vt 0.766558 0.578235
vt 0.767498 0.578232
vt 0.767506 0.596996
vt 0.766574 0.597182
vt 0.768439 0.578231
vt 0.768455 0.596929
vt 0.762084 0.578243
vt 0.763056 0.578245
vt 0.763058 0.597954
vt 0.762087 0.597826
vt 0.764029 0.578243
vt 0.764029 0.597826
vt 0.728917 0.578238
vt 0.729857 0.578235
vt 0.729865 0.596999
vt 0.728933 0.597185
vt 0.730797 0.578234
vt 0.730814 0.596933
vt 0.724442 0.578246
vt 0.725415 0.578248
vt 0.725417 0.597957
vt 0.724446 0.597829
vt 0.726388 0.578246
vt 0.726388 0.597829
vt 0.691275 0.578242
vt 0.692215 0.578239
vt 0.692224 0.597003
vt 0.691292 0.597189
vt 0.693156 0.578238
vt 0.693173 0.596937
vt 0.686800 0.578251
vt 0.687773 0.578252
vt 0.687776 0.597961
vt 0.686804 0.597833
vt 0.688746 0.578251
vt 0.688747 0.597833
vt 0.653633 0.578247
vt 0.654574 0.578244
vt 0.654583 0.597008
vt 0.653651 0.597194
vt 0.655514 0.578243
vt 0.655531 0.596942
vt 0.649159 0.578256
vt 0.650132 0.578257
vt 0.650135 0.597967
vt 0.649163 0.597838
vt 0.651105 0.578256
vt 0.651106 0.597838
vt 0.615992 0.578253
vt 0.616932 0.578250
vt 0.616942 0.597014
vt 0.616010 0.597200
vt 0.617873 0.578249
vt 0.617890 0.596947
vt 0.611517 0.578262
vt 0.612490 0.578263
vt 0.612494 0.597973
vt 0.611522 0.597845
vt 0.613463 0.578262
vt 0.613465 0.597844
vt 0.578351 0.578260
vt 0.579291 0.578257
vt 0.579301 0.597021
vt 0.578369 0.597207
vt 0.580231 0.578256
vt 0.580249 0.596954
vt 0.571334 0.776076
vt 0.571377 0.879191
vt 0.578422 0.879189
vt 0.533739 0.879199
vt 0.533705 0.982387
vt 0.540784 0.879197
vt 0.540877 0.982386
vt 0.496100 0.879208
vt 0.496074 0.982397
vt 0.503146 0.879206
vt 0.503246 0.982396
vt 0.458459 0.879218
vt 0.458446 0.982409
vt 0.465505 0.879216
vt 0.465617 0.982407
vt 0.420814 0.879231
vt 0.420821 0.982425
vt 0.427862 0.879228
vt 0.427992 0.982422
vt 0.985404 0.879179
vt 0.985269 0.982372
vt 0.390213 0.879244
vt 0.390371 0.982443
vt 0.947756 0.879171
vt 0.947649 0.982359
vt 0.954803 0.879172
vt 0.954819 0.982361
vt 0.910113 0.879166
vt 0.910023 0.982354
vt 0.917159 0.879167
vt 0.917195 0.982355
vt 0.872472 0.879164
vt 0.872395 0.982352
vt 0.879518 0.879164
vt 0.879567 0.982352
vt 0.834834 0.879163
vt 0.834764 0.982351
vt 0.841879 0.879163
vt 0.841937 0.982352
vt 0.797196 0.879164
vt 0.797132 0.982352
vt 0.804242 0.879164
vt 0.804305 0.982352
vt 0.759560 0.879166
vt 0.759500 0.982354
vt 0.766605 0.879165
vt 0.766673 0.982354
vt 0.721923 0.879169
vt 0.721867 0.982358
vt 0.728968 0.879168
vt 0.729040 0.982357
vt 0.684287 0.879173
vt 0.684234 0.982362
vt 0.691332 0.879172
vt 0.691407 0.982361
vt 0.646650 0.879178
vt 0.646601 0.982367
vt 0.653695 0.879177
vt 0.653774 0.982366
vt 0.609014 0.879184
vt 0.608969 0.982372
vt 0.616059 0.879182
vt 0.616142 0.982372
vt 0.569454 0.775624
vt 0.569496 0.879500
vt 0.542665 0.879506
vt 0.531815 0.775632
vt 0.531859 0.879508
vt 0.505027 0.879514
vt 0.494176 0.775641
vt 0.494219 0.879518
vt 0.467386 0.879525
vt 0.456536 0.775651
vt 0.456578 0.879528
vt 0.429743 0.879537
vt 0.418894 0.775661
vt 0.418934 0.879541
vt 0.392095 0.879552
vt 0.983487 0.775599
vt 0.983523 0.879487
vt 0.956684 0.879481
vt 0.945843 0.775599
vt 0.945875 0.879480
vt 0.919040 0.879476
vt 0.908203 0.775598
vt 0.908232 0.879475
vt 0.881399 0.879473
vt 0.870563 0.775596
vt 0.870592 0.879473
vt 0.843760 0.879472
vt 0.832924 0.775596
vt 0.832953 0.879473
vt 0.806122 0.879473
vt 0.795285 0.775596
vt 0.795316 0.879473
vt 0.768485 0.879474
vt 0.757646 0.775598
vt 0.757679 0.879475
vt 0.730849 0.879477
vt 0.720008 0.775602
vt 0.720043 0.879478
vt 0.693212 0.879481
vt 0.682369 0.775606
vt 0.682406 0.879482
vt 0.655576 0.879485
vt 0.644731 0.775611
vt 0.644770 0.879487
vt 0.617940 0.879491
vt 0.607092 0.775617
vt 0.607133 0.879493
vt 0.580303 0.879498
vt 0.569491 0.983377
vt 0.542723 0.983383
vt 0.531859 0.983385
vt 0.505092 0.983392
vt 0.494229 0.983395
vt 0.467464 0.983403
vt 0.456601 0.983407
vt 0.429838 0.983418
vt 0.418976 0.983423
vt 0.392217 0.983439
vt 0.983423 0.983368
vt 0.956664 0.983359
vt 0.945803 0.983356
vt 0.919040 0.983352
vt 0.908177 0.983351
vt 0.881413 0.983349
vt 0.870549 0.983348
vt 0.843782 0.983349
vt 0.832918 0.983348
vt 0.806151 0.983350
vt 0.795287 0.983349
vt 0.768519 0.983351
vt 0.757654 0.983351
vt 0.730886 0.983354
vt 0.720021 0.983355
vt 0.693253 0.983358
vt 0.682389 0.983359
vt 0.655621 0.983363
vt 0.644756 0.983364
vt 0.617988 0.983368
vt 0.607123 0.983370
vt 0.580355 0.983375
vt 0.569271 0.671748
vt 0.531632 0.671756
vt 0.493995 0.671765
vt 0.456361 0.671774
vt 0.418731 0.671784
vt 0.983276 0.671722
vt 0.945652 0.671719
vt 0.908021 0.671718
vt 0.870385 0.671717
vt 0.832747 0.671718
vt 0.795108 0.671720
vt 0.757469 0.671722
vt 0.719829 0.671725
vt 0.682189 0.671730
vt 0.644549 0.671735
vt 0.606910 0.671741
vt 0.040171 0.844077
vt 0.067137 0.841453
vt 0.039306 0.815332
vt 0.066398 0.815041
vt 0.040920 0.786620
vt 0.067936 0.788663
vt 0.045000 0.758154
vt 0.071740 0.762516
vt 0.051517 0.730145
vt 0.077782 0.736793
vt 0.060421 0.702801
vt 0.086016 0.711686
vt 0.071647 0.676326
vt 0.096382 0.687381
vt 0.085110 0.650915
vt 0.108802 0.664059
vt 0.100712 0.626758
vt 0.123183 0.641894
vt 0.118336 0.604034
vt 0.139420 0.621048
vt 0.137852 0.582911
vt 0.157391 0.601679
vt 0.080811 0.980892
vt 0.104209 0.967234
vt 0.068011 0.955137
vt 0.092502 0.943549
vt 0.057479 0.928376
vt 0.082878 0.918942
vt 0.049292 0.900809
vt 0.075408 0.893598
vt 0.043508 0.872640
vt 0.040948 0.853016
vt 0.067961 0.850951
vt 0.070148 0.867704
vt 0.160843 0.938791
vt 0.164295 0.935872
vt 0.172013 0.947360
vt 0.170848 0.948332
vt 0.167008 0.934195
vt 0.171148 0.932377
vt 0.175266 0.945554
vt 0.173901 0.946181
vt 0.174225 0.931532
vt 0.178708 0.930952
vt 0.178956 0.944782
vt 0.177449 0.944966
vt 0.181898 0.931017
vt 0.186360 0.931733
vt 0.182677 0.945068
vt 0.181180 0.944818
vt 0.189400 0.932699
vt 0.193476 0.934651
vt 0.186165 0.946396
vt 0.184800 0.945732
vt 0.196117 0.936439
vt 0.199473 0.939465
vt 0.189133 0.948658
vt 0.188013 0.947634
vt 0.201500 0.941928
vt 0.203860 0.945782
vt 0.191339 0.951667
vt 0.190554 0.950369
vt 0.205106 0.948718
vt 0.206279 0.953084
vt 0.192601 0.955179
vt 0.192217 0.953711
vt 0.206642 0.956254
vt 0.206529 0.960776
vt 0.192815 0.958903
vt 0.192863 0.957387
vt 0.205978 0.963924
vt 0.204581 0.968237
vt 0.191963 0.962536
vt 0.192439 0.961095
vt 0.203150 0.971112
vt 0.200535 0.974861
vt 0.190116 0.965790
vt 0.190978 0.964534
vt 0.158513 0.974099
vt 0.156028 0.970271
vt 0.168414 0.964136
vt 0.169223 0.965425
vt 0.154710 0.967345
vt 0.153451 0.962992
vt 0.167086 0.960642
vt 0.167498 0.962104
vt 0.153030 0.959826
vt 0.153061 0.955304
vt 0.166802 0.956921
vt 0.166783 0.958438
vt 0.153555 0.952152
vt 0.154866 0.947826
vt 0.167586 0.953272
vt 0.167137 0.954722
vt 0.156233 0.944944
vt 0.168530 0.951258
vt 0.571145 0.672717
vt 0.573917 0.676185
vt 0.575817 0.676184
vt 0.573969 0.979497
vt 0.571336 0.982379
vt 0.578509 0.982378
vt 0.575875 0.979496
vt 0.533507 0.672725
vt 0.533695 0.776084
vt 0.495870 0.672733
vt 0.496056 0.776093
vt 0.458235 0.672743
vt 0.458416 0.776103
vt 0.420605 0.672753
vt 0.420775 0.776113
vt 0.985150 0.672692
vt 0.985367 0.776052
vt 0.947526 0.672688
vt 0.947724 0.776052
vt 0.909895 0.672687
vt 0.910083 0.776050
vt 0.872259 0.672687
vt 0.872443 0.776049
vt 0.834622 0.672687
vt 0.834804 0.776048
vt 0.796983 0.672689
vt 0.797165 0.776049
vt 0.759344 0.672691
vt 0.759527 0.776051
vt 0.721704 0.672694
vt 0.721888 0.776054
vt 0.684064 0.672699
vt 0.684250 0.776058
vt 0.646424 0.672704
vt 0.646611 0.776063
vt 0.608785 0.672710
vt 0.608973 0.776069
vt 0.040196 0.851640
vt 0.038282 0.849478
vt 0.066413 0.847055
vt 0.067495 0.849590
vt 0.038156 0.848021
vt 0.039668 0.845562
vt 0.066912 0.842874
vt 0.066283 0.845558
vt 0.042091 0.878183
vt 0.069908 0.873347
vt 0.041840 0.876743
vt 0.043134 0.874162
vt 0.070046 0.869139
vt 0.069650 0.871867
vt 0.048358 0.906454
vt 0.075655 0.899241
vt 0.047983 0.905041
vt 0.049050 0.902358
vt 0.075430 0.895037
vt 0.075270 0.897789
vt 0.057035 0.934081
vt 0.083610 0.924543
vt 0.056540 0.932705
vt 0.057373 0.929941
vt 0.083023 0.920374
vt 0.083102 0.923130
vt 0.068060 0.960859
vt 0.093714 0.949066
vt 0.067448 0.959530
vt 0.068039 0.956704
vt 0.092771 0.944963
vt 0.093086 0.947702
vt 0.153629 0.565162
vt 0.171987 0.586609
vt 0.080630 0.985319
vt 0.080975 0.982452
vt 0.104598 0.968619
vt 0.105148 0.971319
vt 0.132522 0.584992
vt 0.152667 0.604775
vt 0.133546 0.583948
vt 0.136397 0.583495
vt 0.156165 0.602433
vt 0.153718 0.603702
vt 0.113205 0.606566
vt 0.134980 0.624539
vt 0.114135 0.605437
vt 0.116937 0.604741
vt 0.138264 0.621905
vt 0.135935 0.623380
vt 0.095818 0.629722
vt 0.119060 0.645754
vt 0.096647 0.628518
vt 0.099379 0.627583
vt 0.122105 0.642847
vt 0.119912 0.644517
vt 0.080490 0.654290
vt 0.105026 0.668260
vt 0.081212 0.653019
vt 0.083853 0.651852
vt 0.107809 0.665102
vt 0.105768 0.666954
vt 0.067334 0.680086
vt 0.092982 0.691892
vt 0.067944 0.678757
vt 0.070475 0.677367
vt 0.095483 0.688505
vt 0.093609 0.690527
vt 0.056448 0.706919
vt 0.083017 0.716473
vt 0.056942 0.705543
vt 0.059343 0.703940
vt 0.085218 0.712883
vt 0.083524 0.715059
vt 0.047913 0.734590
vt 0.075206 0.741820
vt 0.048287 0.733176
vt 0.050541 0.731373
vt 0.077089 0.738055
vt 0.075590 0.740368
vt 0.041793 0.762893
vt 0.069607 0.767746
vt 0.042043 0.761452
vt 0.044134 0.759461
vt 0.071159 0.763832
vt 0.069864 0.766266
vt 0.038132 0.791618
vt 0.066261 0.794058
vt 0.038257 0.790161
vt 0.040169 0.787997
vt 0.067470 0.790025
vt 0.066390 0.792561
vt 0.036959 0.820551
vt 0.065194 0.820559
vt 0.036959 0.819089
vt 0.038677 0.816768
vt 0.066051 0.816437
vt 0.065193 0.819057
vt 0.159789 0.940311
vt 0.169910 0.949284
vt 0.160111 0.939951
vt 0.160545 0.939112
vt 0.170518 0.948633
vt 0.170205 0.948952
vt 0.164663 0.935635
vt 0.165567 0.935355
vt 0.172732 0.946830
vt 0.172365 0.947086
vt 0.165978 0.935101
vt 0.166631 0.934418
vt 0.173501 0.946379
vt 0.173109 0.946595
vt 0.171569 0.932253
vt 0.172515 0.932238
vt 0.176143 0.945250
vt 0.175683 0.945392
vt 0.172981 0.932110
vt 0.173800 0.931639
vt 0.177009 0.945039
vt 0.176573 0.945136
vt 0.179147 0.930953
vt 0.180058 0.931208
vt 0.179847 0.944727
vt 0.179400 0.944743
vt 0.180541 0.931218
vt 0.181460 0.930999
vt 0.180737 0.944764
vt 0.180291 0.944734
vt 0.186780 0.931858
vt 0.187582 0.932361
vt 0.183548 0.945267
vt 0.183115 0.945156
vt 0.188042 0.932507
vt 0.188985 0.932558
vt 0.184391 0.945555
vt 0.183971 0.945400
vt 0.193843 0.934889
vt 0.194469 0.935599
vt 0.186943 0.946834
vt 0.186559 0.946604
vt 0.194869 0.935870
vt 0.195759 0.936186
vt 0.187670 0.947349
vt 0.187312 0.947081
vt 0.199758 0.939798
vt 0.200157 0.940656
vt 0.189756 0.949298
vt 0.189453 0.948969
vt 0.200464 0.941029
vt 0.201228 0.941585
vt 0.190307 0.949998
vt 0.190039 0.949639
vt 0.204039 0.946182
vt 0.204179 0.947118
vt 0.191754 0.952458
vt 0.191557 0.952057
vt 0.204368 0.947563
vt 0.204943 0.948312
vt 0.192085 0.953285
vt 0.191930 0.952866
vt 0.206337 0.953518
vt 0.206206 0.954456
vt 0.192775 0.956054
vt 0.192700 0.955614
vt 0.206261 0.954936
vt 0.206600 0.955818
vt 0.192857 0.956941
vt 0.192828 0.956495
vt 0.206462 0.961210
vt 0.206070 0.962072
vt 0.192733 0.959792
vt 0.192786 0.959348
vt 0.205987 0.962549
vt 0.206062 0.963493
vt 0.192560 0.960666
vt 0.192658 0.960230
vt 0.204393 0.968635
vt 0.203770 0.969353
vt 0.191632 0.963367
vt 0.191808 0.962955
vt 0.203554 0.969789
vt 0.203355 0.970720
vt 0.191217 0.964156
vt 0.191435 0.963765
vt 0.200234 0.975189
vt 0.199421 0.975697
vt 0.189565 0.966500
vt 0.189850 0.966151
vt 0.159594 0.974975
vt 0.158801 0.974437
vt 0.169475 0.965795
vt 0.169748 0.966153
vt 0.155838 0.969872
vt 0.155675 0.968933
vt 0.167983 0.963351
vt 0.168188 0.963749
vt 0.155475 0.968490
vt 0.154883 0.967750
vt 0.167638 0.962528
vt 0.167801 0.962945
vt 0.153385 0.962558
vt 0.153498 0.961617
vt 0.166896 0.959769
vt 0.166979 0.960209
vt 0.153434 0.961137
vt 0.153079 0.960262
vt 0.166797 0.958884
vt 0.166835 0.959329
vt 0.153120 0.954870
vt 0.153496 0.954001
vt 0.166867 0.956030
vt 0.166823 0.956475
vt 0.153571 0.953523
vt 0.153479 0.952583
vt 0.167024 0.955153
vt 0.166934 0.955591
vt 0.155046 0.947427
vt 0.155653 0.946700
vt 0.167900 0.952437
vt 0.167732 0.952851
vt 0.155860 0.946264
vt 0.156038 0.945336
vt 0.168299 0.951640
vt 0.168089 0.952035
vt 0.571336 0.597208
vt 0.569456 0.596956
vt 0.571347 0.578261
vt 0.569467 0.578258
vt 0.570322 0.672012
vt 0.570404 0.597022
vt 0.570407 0.578259
vt 0.570419 0.775744
vt 0.579350 0.879417
vt 0.607962 0.672005
vt 0.608058 0.775737
vt 0.616987 0.879410
vt 0.645601 0.671998
vt 0.645697 0.775730
vt 0.654624 0.879404
vt 0.683241 0.671993
vt 0.683335 0.775725
vt 0.692260 0.879399
vt 0.720881 0.671989
vt 0.720974 0.775721
vt 0.729896 0.879396
vt 0.758520 0.671985
vt 0.758612 0.775718
vt 0.767533 0.879393
vt 0.796160 0.671983
vt 0.796251 0.775716
vt 0.805170 0.879391
vt 0.833799 0.671982
vt 0.833890 0.775715
vt 0.842808 0.879391
vt 0.871436 0.671981
vt 0.871529 0.775716
vt 0.880446 0.879392
vt 0.909072 0.671981
vt 0.909168 0.775717
vt 0.918087 0.879395
vt 0.946704 0.671983
vt 0.946809 0.775719
vt 0.955732 0.879400
vt 0.984327 0.671986
vt 0.984452 0.775719
vt 0.391142 0.879471
vt 0.419782 0.672048
vt 0.419860 0.775780
vt 0.428790 0.879456
vt 0.457412 0.672038
vt 0.457502 0.775771
vt 0.466434 0.879443
vt 0.495047 0.672028
vt 0.495141 0.775761
vt 0.504074 0.879433
vt 0.532684 0.672019
vt 0.532781 0.775752
vt 0.541713 0.879424
vt 0.574867 0.676667
vt 0.574922 0.979052
vt 0.570448 0.879419
vt 0.579391 0.983106
vt 0.570455 0.983107
vt 0.040047 0.844807
vt 0.067093 0.842198
vt 0.532811 0.879427
vt 0.541759 0.983113
vt 0.041705 0.877509
vt 0.069715 0.872618
vt 0.532824 0.983115
vt 0.043447 0.873378
vt 0.070168 0.868450
vt 0.495172 0.879436
vt 0.504128 0.983123
vt 0.047914 0.905815
vt 0.075400 0.898531
vt 0.495193 0.983125
vt 0.049295 0.901550
vt 0.075492 0.894340
vt 0.457530 0.879446
vt 0.466499 0.983134
vt 0.056539 0.933483
vt 0.083294 0.923859
vt 0.457565 0.983137
vt 0.057547 0.929114
vt 0.083025 0.919674
vt 0.419886 0.879459
vt 0.428873 0.983149
vt 0.067513 0.960305
vt 0.093341 0.948411
vt 0.419940 0.983153
vt 0.068141 0.955866
vt 0.092713 0.944266
vt 0.984475 0.879406
vt 0.391253 0.983170
vt 0.154012 0.564485
vt 0.172515 0.586070
vt 0.080762 0.986086
vt 0.105463 0.972004
vt 0.984387 0.983099
vt 0.081004 0.981607
vt 0.104480 0.967929
vt 0.946828 0.879398
vt 0.955700 0.983089
vt 0.132845 0.584285
vt 0.153146 0.604193
vt 0.946767 0.983086
vt 0.137217 0.583292
vt 0.156796 0.602131
vt 0.909184 0.879394
vt 0.918076 0.983082
vt 0.113466 0.605833
vt 0.135407 0.623918
vt 0.909142 0.983081
vt 0.117736 0.604468
vt 0.138867 0.621549
vt 0.871544 0.879392
vt 0.880448 0.983080
vt 0.096015 0.628970
vt 0.119432 0.645098
vt 0.871513 0.983079
vt 0.100152 0.627242
vt 0.122675 0.642440
vt 0.833906 0.879391
vt 0.842818 0.983079
vt 0.080621 0.653523
vt 0.105340 0.667575
vt 0.833883 0.983079
vt 0.084594 0.651446
vt 0.108342 0.664648
vt 0.796268 0.879392
vt 0.805186 0.983080
vt 0.067399 0.679311
vt 0.093236 0.691182
vt 0.796251 0.983080
vt 0.071178 0.676899
vt 0.095975 0.688007
vt 0.758631 0.879394
vt 0.767554 0.983082
vt 0.056446 0.706142
vt 0.083209 0.715744
vt 0.758619 0.983082
vt 0.060004 0.703413
vt 0.085665 0.712345
vt 0.720995 0.879397
vt 0.729921 0.983085
vt 0.047844 0.733815
vt 0.075335 0.741077
vt 0.720986 0.983085
vt 0.051154 0.730790
vt 0.077488 0.737480
vt 0.683359 0.879401
vt 0.692289 0.983088
vt 0.041657 0.762127
vt 0.069671 0.766995
vt 0.683353 0.983089
vt 0.044694 0.758828
vt 0.071507 0.763225
vt 0.645722 0.879406
vt 0.654656 0.983093
vt 0.037931 0.790866
vt 0.066260 0.793304
vt 0.645720 0.983094
vt 0.040672 0.787319
vt 0.067764 0.789390
vt 0.608086 0.879412
vt 0.617023 0.983099
vt 0.036694 0.819820
vt 0.065128 0.819808
vt 0.608088 0.983100
vt 0.039120 0.816049
vt 0.066289 0.815779
vt 0.040700 0.852318
vt 0.067789 0.850225
vt 0.160663 0.938959
vt 0.170680 0.948480
vt 0.154952 0.947595
vt 0.167655 0.953060
vt 0.156108 0.945157
vt 0.168411 0.951448
vt 0.153077 0.955058
vt 0.166809 0.956697
vt 0.153496 0.952391
vt 0.167076 0.954937
vt 0.153397 0.962752
vt 0.167029 0.960426
vt 0.153041 0.960072
vt 0.166786 0.958662
vt 0.155906 0.970055
vt 0.168297 0.963944
vt 0.154792 0.967578
vt 0.167565 0.962317
vt 0.200379 0.975056
vt 0.189986 0.965973
vt 0.158661 0.974299
vt 0.169346 0.965612
vt 0.204491 0.968468
vt 0.191889 0.962748
vt 0.203279 0.970900
vt 0.191101 0.964347
vt 0.206508 0.961022
vt 0.192804 0.959126
vt 0.206042 0.963685
vt 0.192503 0.960881
vt 0.206328 0.953325
vt 0.192654 0.955396
vt 0.206635 0.956008
vt 0.192864 0.957164
vt 0.203976 0.945999
vt 0.191451 0.951861
vt 0.205030 0.948484
vt 0.192154 0.953497
vt 0.199645 0.939641
vt 0.189296 0.948811
vt 0.201360 0.941725
vt 0.190433 0.950181
vt 0.193691 0.934770
vt 0.186364 0.946497
vt 0.195926 0.936283
vt 0.187843 0.947488
vt 0.186600 0.931787
vt 0.182897 0.945108
vt 0.189173 0.932604
vt 0.184597 0.945640
vt 0.178954 0.930936
vt 0.179178 0.944759
vt 0.181653 0.930990
vt 0.180959 0.944787
vt 0.171379 0.932291
vt 0.175473 0.945467
vt 0.173983 0.931576
vt 0.177228 0.944999
vt 0.164492 0.935725
vt 0.172187 0.947220
vt 0.166788 0.934306
vt 0.173699 0.946277
vt 0.037955 0.848772
vt 0.066283 0.846312
vt 0.160008 0.940182
vt 0.170053 0.949114
vt 0.155826 0.946515
vt 0.167989 0.952233
vt 0.153610 0.953773
vt 0.166895 0.955810
vt 0.153543 0.961367
vt 0.166860 0.959550
vt 0.155645 0.968680
vt 0.167887 0.963150
vt 0.199195 0.975821
vt 0.189419 0.966669
vt 0.159815 0.975107
vt 0.169888 0.966328
vt 0.203593 0.969536
vt 0.191539 0.963568
vt 0.205952 0.962297
vt 0.192701 0.960012
vt 0.206157 0.954705
vt 0.192807 0.956274
vt 0.204202 0.947371
vt 0.191847 0.952660
vt 0.200251 0.940892
vt 0.189902 0.949465
vt 0.194626 0.935799
vt 0.187131 0.946953
vt 0.187789 0.932508
vt 0.183761 0.945328
vt 0.180298 0.931290
vt 0.180069 0.944725
vt 0.172769 0.932248
vt 0.176357 0.945189
vt 0.165813 0.935293
vt 0.172918 0.946708
vt 0.309465 0.904682
vt 0.306871 0.906116
vt 0.275214 0.848493
vt 0.276469 0.847806
vt 0.301557 0.908790
vt 0.272638 0.849765
vt 0.298895 0.910068
vt 0.271350 0.850380
vt 0.296191 0.911258
vt 0.270047 0.850962
vt 0.290701 0.913550
vt 0.267409 0.852098
vt 0.287924 0.914586
vt 0.266072 0.852608
vt 0.285069 0.915416
vt 0.264693 0.853006
vt 0.265440 0.920163
vt 0.255216 0.855254
vt 0.262519 0.920713
vt 0.253807 0.855526
vt 0.259573 0.921046
vt 0.252385 0.855680
vt 0.253640 0.921483
vt 0.249519 0.855870
vt 0.250690 0.921647
vt 0.248094 0.855945
vt 0.247737 0.921711
vt 0.246667 0.855983
vt 0.241787 0.921729
vt 0.243795 0.856023
vt 0.238825 0.921625
vt 0.242365 0.855982
vt 0.235869 0.921301
vt 0.240939 0.855822
vt 0.215910 0.918182
vt 0.231323 0.854267
vt 0.213000 0.917574
vt 0.229918 0.853979
vt 0.210151 0.916755
vt 0.228545 0.853576
vt 0.204501 0.914892
vt 0.225826 0.852653
vt 0.201713 0.913916
vt 0.224481 0.852176
vt 0.198959 0.912847
vt 0.223148 0.851665
vt 0.193450 0.910589
vt 0.220479 0.850599
vt 0.190743 0.909385
vt 0.219169 0.850027
vt 0.188103 0.908027
vt 0.217894 0.849372
vt 0.170733 0.898125
vt 0.209462 0.844700
vt 0.168257 0.896468
vt 0.208263 0.843905
vt 0.166020 0.894520
vt 0.207194 0.842951
vt 0.161475 0.890003
vt 0.205040 0.840728
vt 0.159384 0.887919
vt 0.204039 0.839710
vt 0.157289 0.885837
vt 0.203024 0.838705
vt 0.153080 0.881645
vt 0.200969 0.836700
vt 0.151064 0.879476
vt 0.199987 0.835658
vt 0.149208 0.877156
vt 0.199092 0.834536
vt 0.137332 0.860842
vt 0.193394 0.826630
vt 0.135708 0.858355
vt 0.192604 0.825431
vt 0.134277 0.855762
vt 0.191918 0.824175
vt 0.131608 0.850451
vt 0.190647 0.821598
vt 0.130331 0.847790
vt 0.190032 0.820310
vt 0.129145 0.845087
vt 0.189452 0.819005
vt 0.126858 0.839601
vt 0.188317 0.816366
vt 0.125824 0.836826
vt 0.187808 0.815028
vt 0.124996 0.833972
vt 0.187409 0.813649
vt 0.120265 0.814354
vt 0.185164 0.804167
vt 0.119717 0.811435
vt 0.184893 0.802758
vt 0.119386 0.808491
vt 0.184739 0.801335
vt 0.118953 0.802562
vt 0.184550 0.798469
vt 0.118791 0.799614
vt 0.184475 0.797043
vt 0.118728 0.796663
vt 0.184437 0.795616
vt 0.118714 0.790718
vt 0.184397 0.792743
vt 0.118821 0.787758
vt 0.184439 0.791313
vt 0.119147 0.784804
vt 0.184598 0.789887
vt 0.122283 0.764865
vt 0.186150 0.780269
vt 0.122893 0.761957
vt 0.186438 0.778863
vt 0.123714 0.759111
vt 0.186840 0.777490
vt 0.125582 0.753466
vt 0.187762 0.774769
vt 0.126561 0.750680
vt 0.188238 0.773424
vt 0.127632 0.747929
vt 0.188749 0.772091
vt 0.129894 0.742429
vt 0.189811 0.769422
vt 0.131125 0.739735
vt 0.190396 0.768116
vt 0.132557 0.737131
vt 0.191089 0.766860
vt 0.143085 0.719906
vt 0.196203 0.758568
vt 0.144761 0.717452
vt 0.197007 0.757379
vt 0.146609 0.715136
vt 0.197903 0.756264
vt 0.150495 0.710635
vt 0.199796 0.754104
vt 0.152466 0.708436
vt 0.200751 0.753043
vt 0.154508 0.706303
vt 0.201733 0.752007
vt 0.158702 0.702088
vt 0.203735 0.749947
vt 0.160871 0.700069
vt 0.204776 0.748965
vt 0.163190 0.698210
vt 0.205896 0.748069
vt 0.179509 0.686324
vt 0.213794 0.742366
vt 0.181997 0.684698
vt 0.214991 0.741575
vt 0.184591 0.683265
vt 0.216246 0.740888
vt 0.189903 0.680593
vt 0.218822 0.739617
vt 0.192565 0.679315
vt 0.220110 0.739002
vt 0.195269 0.678127
vt 0.221413 0.738420
vt 0.200757 0.675836
vt 0.224052 0.737284
vt 0.203533 0.674801
vt 0.225389 0.736775
vt 0.206387 0.673972
vt 0.226767 0.736376
vt 0.226014 0.669234
vt 0.236246 0.734129
vt 0.228934 0.668684
vt 0.237655 0.733857
vt 0.231879 0.668352
vt 0.239077 0.733702
vt 0.237810 0.667917
vt 0.241943 0.733513
vt 0.240759 0.667754
vt 0.243369 0.733438
vt 0.243711 0.667691
vt 0.244795 0.733400
vt 0.249658 0.667676
vt 0.247668 0.733360
vt 0.252619 0.667781
vt 0.249098 0.733400
vt 0.255574 0.668107
vt 0.250524 0.733560
vt 0.275520 0.671240
vt 0.260142 0.735111
vt 0.278429 0.671849
vt 0.261547 0.735398
vt 0.281276 0.672670
vt 0.262920 0.735800
vt 0.286923 0.674537
vt 0.265641 0.736722
vt 0.289709 0.675516
vt 0.266987 0.737198
vt 0.292461 0.676587
vt 0.268319 0.737709
vt 0.297962 0.678848
vt 0.270988 0.738771
vt 0.300657 0.680078
vt 0.272294 0.739356
vt 0.303262 0.681510
vt 0.273551 0.740049
vt 0.320492 0.692037
vt 0.281843 0.745162
vt 0.322946 0.693714
vt 0.283032 0.745966
vt 0.325263 0.695561
vt 0.284147 0.746863
vt 0.329765 0.699447
vt 0.286307 0.748755
vt 0.331965 0.701417
vt 0.287369 0.749710
vt 0.334098 0.703460
vt 0.288405 0.750692
vt 0.338315 0.707654
vt 0.290464 0.752695
vt 0.340334 0.709823
vt 0.291446 0.753735
vt 0.342193 0.712142
vt 0.292342 0.754856
vt 0.354083 0.728462
vt 0.298047 0.762754
vt 0.355709 0.730950
vt 0.298838 0.763951
vt 0.357142 0.733544
vt 0.299524 0.765206
vt 0.359815 0.738857
vt 0.300796 0.767782
vt 0.361093 0.741519
vt 0.301412 0.769070
vt 0.362282 0.744223
vt 0.301993 0.770374
vt 0.364573 0.749711
vt 0.303129 0.773012
vt 0.365609 0.752487
vt 0.303639 0.774349
vt 0.366439 0.755342
vt 0.304038 0.775727
vt 0.371178 0.774969
vt 0.306286 0.785207
vt 0.371729 0.777889
vt 0.306558 0.786616
vt 0.372060 0.780835
vt 0.306713 0.788038
vt 0.372496 0.786766
vt 0.306902 0.790905
vt 0.372659 0.789715
vt 0.306977 0.792330
vt 0.372722 0.792668
vt 0.307016 0.793757
vt 0.372739 0.798615
vt 0.307056 0.796630
vt 0.372633 0.801577
vt 0.307015 0.798060
vt 0.372307 0.804531
vt 0.306856 0.799486
vt 0.369176 0.824479
vt 0.305306 0.809105
vt 0.368567 0.827388
vt 0.305018 0.810511
vt 0.367747 0.830236
vt 0.304617 0.811884
vt 0.365880 0.835883
vt 0.303695 0.814605
vt 0.364902 0.838670
vt 0.303219 0.815951
vt 0.363831 0.841422
vt 0.302709 0.817284
vt 0.361570 0.846924
vt 0.301647 0.819953
vt 0.360339 0.849619
vt 0.301062 0.821259
vt 0.358907 0.852225
vt 0.300369 0.822515
vt 0.348381 0.869457
vt 0.295256 0.830809
vt 0.346705 0.871911
vt 0.294453 0.831998
vt 0.344857 0.874228
vt 0.293556 0.833113
vt 0.340971 0.878731
vt 0.291664 0.835274
vt 0.339001 0.880932
vt 0.290709 0.836335
vt 0.336958 0.883065
vt 0.289727 0.837371
vt 0.332763 0.887282
vt 0.287725 0.839431
vt 0.330595 0.889302
vt 0.286684 0.840413
vt 0.328275 0.891162
vt 0.285564 0.841310
vt 0.311953 0.903056
vt 0.277666 0.847015
vt 0.245724 0.794697
vt 0.098364 0.871977
vt 0.098525 0.872721
vt 0.101520 0.886378
vt 0.101685 0.887122
vt 0.101806 0.887708
vt 0.102557 0.890535
vt 0.102884 0.891247
vt 0.102953 0.892029
vt 0.103701 0.894857
vt 0.103887 0.895425
vt 0.104111 0.896153
vt 0.108272 0.909501
vt 0.108500 0.910228
vt 0.108671 0.910802
vt 0.109662 0.913553
vt 0.110050 0.914235
vt 0.110186 0.915008
vt 0.111174 0.917761
vt 0.111408 0.918311
vt 0.111695 0.919017
vt 0.116989 0.931958
vt 0.117280 0.932662
vt 0.117499 0.933219
vt 0.118724 0.935875
vt 0.119169 0.936521
vt 0.119370 0.937279
vt 0.120592 0.939937
vt 0.120873 0.940465
vt 0.121219 0.941144
vt 0.127608 0.953582
vt 0.127958 0.954259
vt 0.128224 0.954795
vt 0.129673 0.957337
vt 0.130172 0.957942
vt 0.191035 0.607643
vt 0.190361 0.608045
vt 0.188140 0.609949
vt 0.187709 0.610364
vt 0.187151 0.610883
vt 0.176940 0.620437
vt 0.176385 0.620960
vt 0.175943 0.621362
vt 0.173896 0.623452
vt 0.173451 0.624098
vt 0.172814 0.624556
vt 0.170765 0.626644
vt 0.170371 0.627094
vt 0.169860 0.627659
vt 0.160510 0.638055
vt 0.160002 0.638623
vt 0.159596 0.639062
vt 0.157737 0.641320
vt 0.157349 0.642002
vt 0.156754 0.642513
vt 0.154893 0.644769
vt 0.154539 0.645252
vt 0.154079 0.645859
vt 0.145659 0.657021
vt 0.145202 0.657631
vt 0.144835 0.658103
vt 0.143178 0.660513
vt 0.142850 0.661226
vt 0.142301 0.661786
vt 0.140641 0.664194
vt 0.140330 0.664706
vt 0.139923 0.665350
vt 0.132496 0.677195
vt 0.132093 0.677842
vt 0.131769 0.678344
vt 0.130325 0.680888
vt 0.130059 0.681626
vt 0.129561 0.682232
vt 0.128114 0.684774
vt 0.127848 0.685310
vt 0.127499 0.685987
vt 0.121119 0.698428
vt 0.120774 0.699107
vt 0.120493 0.699636
vt 0.119274 0.702294
vt 0.119073 0.703053
vt 0.118629 0.703699
vt 0.117406 0.706356
vt 0.117188 0.706913
vt 0.116898 0.707618
vt 0.111613 0.720562
vt 0.111327 0.721268
vt 0.111094 0.721819
vt 0.110108 0.724573
vt 0.109973 0.725345
vt 0.109586 0.726028
vt 0.108596 0.728780
vt 0.108427 0.729354
vt 0.108199 0.730081
vt 0.104048 0.743432
vt 0.103824 0.744160
vt 0.103639 0.744729
vt 0.102893 0.747557
vt 0.102826 0.748339
vt 0.102499 0.749052
vt 0.101750 0.751880
vt 0.101631 0.752466
vt 0.101466 0.753210
vt 0.098480 0.766868
vt 0.098320 0.767613
vt 0.098184 0.768196
vt 0.097685 0.771078
vt 0.097685 0.771862
vt 0.097421 0.772601
vt 0.096919 0.775482
vt 0.096850 0.776077
vt 0.096750 0.776832
vt 0.094951 0.790697
vt 0.094856 0.791453
vt 0.094771 0.792045
vt 0.094522 0.794959
vt 0.094589 0.795741
vt 0.094390 0.796500
vt 0.094137 0.799411
vt 0.094118 0.800010
vt 0.094084 0.800772
vt 0.093488 0.814740
vt 0.093457 0.815501
vt 0.093424 0.816099
vt 0.093427 0.819023
vt 0.093562 0.819796
vt 0.093428 0.820569
vt 0.093428 0.823494
vt 0.093462 0.824091
vt 0.093493 0.824853
vt 0.094101 0.838820
vt 0.094136 0.839582
vt 0.094154 0.840180
vt 0.094409 0.843093
vt 0.094610 0.843852
vt 0.094543 0.844634
vt 0.094795 0.847548
vt 0.094880 0.848140
vt 0.094977 0.848895
vt 0.096785 0.862759
vt 0.096886 0.863515
vt 0.096955 0.864109
vt 0.097460 0.866990
vt 0.097725 0.867728
vt 0.097726 0.868513
vt 0.098227 0.871394
vn 0.009148 0.986400 -0.164111
vn 0.023542 0.835203 -0.549438
vn 0.047475 0.843340 -0.535280
vn 0.023202 0.987361 -0.156781
vn 0.034364 0.561733 -0.826605
vn 0.041554 0.574070 -0.817751
vn -0.002878 0.974266 0.225383
vn 0.011732 0.982644 -0.185132
vn 0.032493 0.987298 -0.155523
vn 0.003084 0.971353 0.237623
vn 0.022756 0.874305 -0.484843
vn 0.065942 0.879222 -0.471827
vn 0.023005 0.872388 -0.488273
vn 0.033387 0.618119 -0.785375
vn 0.069257 0.605165 -0.793082
vn 0.061844 0.877115 -0.476282
vn 0.038846 0.149095 -0.988060
vn 0.041835 0.151865 -0.987516
vn 0.039638 0.166240 -0.985288
vn 0.033824 0.640384 -0.767310
vn 0.035760 0.564800 -0.824453
vn 0.039760 0.149780 -0.987920
vn 0.024250 0.871140 -0.490436
vn 0.024403 0.870868 -0.490910
vn 0.010479 0.994622 -0.103044
vn 0.022814 0.885114 -0.464814
vn 0.079061 0.891919 -0.445230
vn 0.045361 0.996565 -0.069285
vn 0.032079 0.624685 -0.780218
vn 0.096133 0.627948 -0.772295
vn 0.032505 0.621007 -0.783130
vn 0.037137 0.238191 -0.970508
vn 0.064738 0.226517 -0.971853
vn 0.084984 0.623756 -0.776986
vn 0.034497 -0.308228 -0.950687
vn 0.022004 -0.291419 -0.956343
vn 0.035979 -0.290258 -0.956272
vn 0.039438 0.282771 -0.958376
vn 0.039890 0.172808 -0.984147
vn 0.035730 -0.306948 -0.951055
vn 0.034433 0.621059 -0.783007
vn 0.034588 0.620418 -0.783508
vn 0.022306 0.901984 -0.431194
vn 0.031255 0.641187 -0.766748
vn 0.098503 0.646634 -0.756414
vn 0.074480 0.917229 -0.391337
vn 0.035274 0.233607 -0.971691
vn 0.079508 0.234010 -0.968978
vn 0.036133 0.228412 -0.972894
vn 0.033427 -0.195806 -0.980073
vn 0.026667 -0.188174 -0.981774
vn 0.065987 0.228628 -0.971275
vn 0.023583 -0.675864 -0.736649
vn -0.023179 -0.644344 -0.764384
vn 0.025439 -0.667516 -0.744161
vn 0.038066 -0.158854 -0.986568
vn 0.036592 -0.258323 -0.965365
vn 0.025074 -0.675812 -0.736647
vn 0.039763 0.228632 -0.972701
vn 0.039793 0.227802 -0.972894
vn 0.032462 0.678120 -0.734234
vn 0.034963 0.273278 -0.961299
vn 0.063691 0.237693 -0.969250
vn 0.079351 0.698730 -0.710971
vn 0.031613 -0.226932 -0.973397
vn 0.008266 -0.232038 -0.972672
vn 0.032090 -0.232242 -0.972129
vn 0.023835 -0.585697 -0.810180
vn -0.045118 -0.561374 -0.826332
vn 0.010696 -0.236051 -0.971682
vn 0.010297 -0.900672 -0.434377
vn -0.077623 -0.865271 -0.495259
vn 0.012065 -0.897608 -0.440630
vn 0.029185 -0.567598 -0.822788
vn 0.026936 -0.629425 -0.776594
vn 0.011784 -0.900733 -0.434213
vn 0.037076 -0.232076 -0.971991
vn 0.037026 -0.232585 -0.971871
vn 0.038570 0.308269 -0.950517
vn 0.032261 -0.248497 -0.968095
vn -0.004875 -0.259800 -0.965650
vn 0.054283 0.309510 -0.949346
vn 0.021855 -0.620358 -0.784014
vn -0.073582 -0.621071 -0.780293
vn 0.021898 -0.623714 -0.781346
vn 0.011327 -0.852291 -0.522946
vn -0.111473 -0.824928 -0.554137
vn -0.068679 -0.624333 -0.778133
vn -0.002887 -0.994251 -0.107032
vn -0.121364 -0.973423 -0.194214
vn -0.001530 -0.993701 -0.112051
vn 0.016035 -0.846016 -0.532916
vn 0.013723 -0.877231 -0.479873
vn -0.001733 -0.994289 -0.106709
vn 0.027196 -0.623641 -0.781238
vn 0.027154 -0.623889 -0.781041
vn 0.037245 -0.147732 -0.988326
vn 0.023333 -0.617652 -0.786105
vn -0.067743 -0.589496 -0.804926
vn 0.020073 -0.173813 -0.984574
vn 0.009561 -0.870886 -0.491391
vn -0.140529 -0.861184 -0.488480
vn 0.009486 -0.872682 -0.488197
vn -0.001708 -0.982231 -0.187670
vn -0.160511 -0.958777 -0.234485
vn -0.136090 -0.863498 -0.485645
vn -0.015309 -0.974527 0.223747
vn -0.144676 -0.981301 0.126950
vn -0.014527 -0.975708 0.218593
vn 0.001913 -0.980421 -0.196902
vn -0.000348 -0.989932 -0.141542
vn -0.014693 -0.974591 0.223508
vn 0.014090 -0.872677 -0.488095
vn 0.014068 -0.872798 -0.487879
vn 0.028049 -0.559893 -0.828090
vn 0.013276 -0.832936 -0.553210
vn -0.135194 -0.867077 -0.479478
vn -0.036312 -0.607198 -0.793721
vn -0.002679 -0.985920 -0.167197
vn -0.182681 -0.968402 -0.169783
vn -0.002831 -0.986529 -0.163560
vn -0.014058 -0.987673 0.155899
vn -0.186003 -0.977457 0.099908
vn -0.179634 -0.969472 -0.166903
vn -0.026672 -0.837108 0.546387
vn -0.141581 -0.872873 0.466955
vn -0.052224 -0.842972 0.535417
vn -0.034877 -0.989213 0.142275
vn -0.118539 -0.974738 0.189302
vn -0.114350 -0.842184 0.526925
vn -0.020927 -0.986196 -0.164257
vn -0.105255 -0.980437 -0.166329
vn 0.015168 -0.836868 -0.547195
vn 0.000247 -0.975751 -0.218882
vn -0.173631 -0.975213 -0.137156
vn -0.093210 -0.873988 -0.476924
vn -0.014158 -0.986605 0.162510
vn -0.200981 -0.967768 0.151765
vn -0.014308 -0.986008 0.166083
vn -0.025090 -0.871820 0.489184
vn -0.186027 -0.877812 0.441407
vn -0.199565 -0.967590 0.154735
vn -0.035696 -0.560145 0.827625
vn -0.106858 -0.599453 0.793245
vn -0.055322 -0.572381 0.818119
vn -0.044416 -0.880076 0.472751
vn -0.116863 -0.844207 0.523123
vn -0.095622 -0.570291 0.815858
vn -0.033841 -0.985686 0.165158
vn -0.118139 -0.979868 0.160943
vn 0.001832 -0.974349 -0.225033
vn -0.012159 -0.991814 0.127115
vn -0.186529 -0.961739 0.200661
vn -0.129505 -0.981688 -0.139706
vn -0.024484 -0.872954 0.487188
vn -0.195665 -0.859188 0.472770
vn -0.024593 -0.871001 0.490666
vn -0.033605 -0.623057 0.781454
vn -0.158344 -0.631767 0.758813
vn -0.196067 -0.857465 0.475723
vn -0.039343 -0.147584 0.988267
vn -0.060247 -0.157122 0.985740
vn -0.046070 -0.168331 0.984653
vn -0.047967 -0.646692 0.761242
vn -0.097928 -0.579303 0.809208
vn -0.056282 -0.155273 0.986267
vn -0.043277 -0.870899 0.489553
vn -0.117977 -0.867022 0.484102
vn -0.010805 -0.994454 0.104615
vn -0.023204 -0.884753 0.465483
vn -0.175399 -0.833028 0.524690
vn -0.138720 -0.973487 0.181879
vn -0.032586 -0.624319 0.780490
vn -0.164407 -0.616751 0.769798
vn -0.032566 -0.620603 0.783449
vn -0.037058 -0.237524 0.970675
vn -0.113456 -0.212805 0.970485
vn -0.167954 -0.612885 0.772117
vn -0.034619 0.309985 0.950111
vn -0.024920 0.325078 0.945359
vn -0.023553 0.291339 0.956330
vn -0.042482 -0.291237 0.955707
vn -0.060799 -0.194047 0.979106
vn -0.003281 0.310228 0.950656
vn -0.047817 -0.620911 0.782421
vn -0.101320 -0.619639 0.778320
vn -0.022489 -0.902013 0.431123
vn -0.031568 -0.645239 0.763328
vn -0.140843 -0.578405 0.803499
vn -0.124981 -0.865430 0.485191
vn -0.036035 -0.233380 0.971718
vn -0.107218 -0.226405 0.968114
vn -0.035564 -0.228144 0.972978
vn -0.033048 0.191072 0.981020
vn -0.064796 0.207301 0.976129
vn -0.120292 -0.220245 0.967999
vn -0.023498 0.677625 0.735032
vn 0.011074 0.702034 0.712057
vn -0.002955 0.669720 0.742608
vn -0.030744 0.149474 0.988288
vn -0.010727 0.243590 0.969819
vn 0.046609 0.682480 0.729417
vn -0.044515 -0.228697 0.972479
vn -0.064370 -0.228488 0.971416
vn -0.032408 -0.679395 0.733057
vn -0.035291 -0.283230 0.958402
vn -0.090914 -0.219450 0.971379
vn -0.095887 -0.645606 0.757627
vn -0.032378 0.226934 0.973372
vn -0.051099 0.236888 0.970192
vn -0.031218 0.232314 0.972140
vn -0.023416 0.580371 0.814015
vn -0.014268 0.601258 0.798927
vn -0.062018 0.246094 0.967260
vn -0.010222 0.901510 0.432637
vn 0.030787 0.915818 0.400411
vn 0.014895 0.898968 0.437762
vn -0.014236 0.562366 0.826766
vn 0.040097 0.625736 0.779004
vn 0.082988 0.902845 0.421882
vn -0.032277 0.231902 0.972203
vn -0.012019 0.232589 0.972501
vn -0.038312 -0.311057 0.949619
vn -0.032579 0.238880 0.970502
vn -0.051430 0.231540 0.971465
vn -0.064319 -0.299395 0.951959
vn -0.022280 0.620379 0.783986
vn -0.018039 0.628607 0.777514
vn -0.021343 0.623784 0.781305
vn -0.011072 0.852285 0.522960
vn 0.008112 0.859084 0.511770
vn -0.019420 0.635646 0.771736
vn 0.002800 0.994452 0.105150
vn 0.034468 0.996194 0.080062
vn 0.029826 0.993620 0.108765
vn 0.004024 0.843879 0.536519
vn 0.079628 0.875318 0.476946
vn 0.104696 0.990082 0.093680
vn -0.014294 0.623525 0.781673
vn 0.039614 0.623061 0.781170
vn -0.036899 0.145415 0.988682
vn -0.023333 0.615999 0.787402
vn -0.031838 0.597481 0.801251
vn -0.047438 0.142313 0.988684
vn -0.010942 0.872215 0.489000
vn -0.005786 0.877943 0.478730
vn -0.010557 0.874139 0.485562
vn -0.000541 0.982689 0.185260
vn 0.008347 0.983825 0.178939
vn -0.005671 0.881654 0.471862
vn 0.014121 0.974511 -0.223896
vn 0.027572 0.972564 -0.230997
vn 0.041273 0.974229 -0.221755
vn 0.020283 0.979951 0.198202
vn 0.104198 0.985149 0.136474
vn 0.113759 0.965597 -0.233842
vn 0.003847 0.872538 0.488531
vn 0.078000 0.869257 0.488168
vn -0.028449 0.558588 0.828957
vn -0.016408 0.830296 0.557082
vn -0.027880 0.830678 0.556055
vn -0.044545 0.571373 0.819481
vn -0.002252 0.986386 0.164430
vn -0.001917 0.987373 0.158401
vn -0.002157 0.987055 0.160367
vn 0.010938 0.975330 -0.220479
vn 0.015026 0.979487 -0.200946
vn -0.000748 0.988163 0.153408
vn 0.024414 0.835737 -0.548588
vn 0.028192 0.845109 -0.533850
vn 0.025848 0.838081 -0.544933
vn 0.013021 0.981139 -0.192863
vn 0.013742 0.978461 -0.205976
vn 0.026228 0.837440 -0.545900
vn 0.008962 0.985178 0.171299
vn 0.048499 0.977558 0.205009
vn -0.017071 0.834080 0.551379
vn -0.005546 0.974712 0.223396
vn -0.011129 0.974760 0.222978
vn -0.030371 0.843040 0.536993
vn 0.008868 0.987065 -0.160075
vn 0.020675 0.987953 -0.153366
vn 0.109409 0.555603 -0.824218
vn 0.076967 0.755375 -0.650757
vn 0.198385 0.751805 -0.628834
vn 0.499815 0.359413 -0.788040
vn 0.008158 0.973868 0.226967
vn 0.022335 0.960073 0.278856
vn 0.969818 0.090981 0.226222
vn 0.984709 0.117719 -0.128418
vn 0.985838 0.009307 -0.167442
vn 0.972607 -0.015615 0.231930
vn 0.907676 0.157714 -0.388910
vn 0.911873 0.029801 -0.409390
vn 0.885315 0.097088 -0.454744
vn 0.991393 0.072088 -0.109285
vn 0.973237 0.210175 -0.092936
vn 0.922856 0.136094 -0.360298
vn 0.982399 0.073915 0.171551
vn 0.944963 0.289676 0.152095
vn 0.897627 0.098807 -0.429538
vn 0.993972 0.076091 0.078934
vn 0.999512 0.008127 0.030158
vn 0.883386 0.028424 -0.467784
vn 0.875964 0.034090 0.481171
vn 0.863589 -0.014965 0.503975
vn 0.876661 0.030980 0.480110
vn 0.987830 0.056971 0.144725
vn 0.989126 -0.010307 0.146712
vn 0.846296 -0.017715 0.532418
vn 0.991323 0.088925 -0.096802
vn 0.994257 -0.000134 -0.107016
vn 0.980793 0.112857 -0.159086
vn 0.978461 0.096554 0.182459
vn 0.915390 0.368033 0.163137
vn 0.953184 0.258117 -0.157532
vn 0.878190 0.122825 0.462273
vn 0.780629 0.451263 0.432412
vn 0.983732 0.116482 -0.136762
vn 0.919112 0.091207 0.383293
vn 0.942846 0.004081 0.333204
vn 0.988856 0.010295 -0.148516
vn 0.632880 0.037395 0.773346
vn 0.608891 -0.008448 0.793209
vn 0.633120 0.032923 0.773353
vn 0.895912 0.066523 0.439222
vn 0.887801 -0.006534 0.460181
vn 0.552851 0.008135 0.833240
vn 0.981946 0.072306 0.174796
vn 0.982083 -0.009696 0.188198
vn 0.980509 0.158577 0.115994
vn 0.759282 0.495439 0.421937
vn 0.749445 0.495240 0.439397
vn 0.899436 0.435608 0.035504
vn 0.476040 0.449282 0.755997
vn 0.476404 0.449377 0.755711
vn 0.972845 0.195498 0.123909
vn 0.723636 0.133619 0.677124
vn 0.773771 0.014468 0.633301
vn 0.989797 0.009921 0.142140
vn 0.181092 0.013791 0.983369
vn 0.154759 0.009376 0.987908
vn 0.139542 0.023976 0.989926
vn 0.703989 -0.043173 0.708898
vn 0.660719 0.015081 0.750482
vn 0.061062 0.048423 0.996959
vn 0.879110 0.099026 0.466218
vn 0.876051 -0.000049 0.482219
vn 0.795896 0.523221 0.304614
vn 0.677311 0.518199 0.522225
vn 0.677311 0.518199 0.522225
vn 0.797919 0.522975 0.299704
vn 0.170320 0.091194 0.981160
vn -0.040714 0.256288 0.965743
vn 0.876628 0.256006 0.407411
vn 0.660273 0.223438 0.717018
vn 0.652530 0.028434 0.757229
vn 0.905018 0.019257 0.424938
vn -0.325386 -0.060876 0.943620
vn -0.380984 0.020924 0.924345
vn -0.373832 -0.072804 0.924635
vn 0.133764 0.019995 0.990812
vn 0.261694 0.035499 0.964498
vn -0.442401 0.064481 0.894496
vn 0.628343 0.090035 0.772709
vn 0.641481 0.020458 0.766866
vn 0.665836 0.122717 0.735937
vn 0.092672 0.038633 0.994947
vn 0.250977 0.496936 0.830702
vn 0.372578 0.661923 0.650418
vn -0.308081 -0.069747 0.948800
vn -0.239653 -0.169527 0.955943
vn 0.658526 0.247613 0.710655
vn 0.306903 0.169772 0.936476
vn 0.281982 0.026793 0.959046
vn 0.709238 0.025872 0.704495
vn -0.682548 -0.165409 0.711877
vn -0.758277 0.010463 0.651848
vn -0.709965 -0.177183 0.681584
vn -0.315245 -0.089408 0.944789
vn -0.204360 0.040552 0.978056
vn -0.772955 0.047194 0.632703
vn 0.205528 0.014291 0.978547
vn 0.232642 0.036670 0.971871
vn 0.260690 0.027688 0.965025
vn -0.354916 -0.099391 0.929600
vn -0.018940 0.146447 0.989037
vn 0.135386 0.325666 0.935742
vn -0.658554 -0.214544 0.721302
vn -0.404087 -0.515974 0.755304
vn 0.266094 0.136948 0.954169
vn -0.116152 0.023314 0.992958
vn -0.175104 0.002967 0.984545
vn 0.337481 0.014458 0.941221
vn -0.867450 -0.260268 0.424018
vn -0.940515 -0.009161 0.339629
vn -0.889184 -0.242338 0.388104
vn -0.662941 -0.180648 0.726550
vn -0.619713 0.020496 0.784561
vn -0.939614 0.018997 0.341708
vn -0.301060 -0.074355 0.950702
vn -0.283107 0.030302 0.958610
vn -0.239786 -0.072324 0.968128
vn -0.682625 -0.201100 0.702554
vn -0.430188 -0.474171 0.768179
vn -0.217637 -0.131421 0.967142
vn -0.857900 -0.291135 0.423376
vn -0.520003 -0.720181 0.459278
vn -0.233144 -0.058960 0.970653
vn -0.527915 -0.164213 0.833270
vn -0.804441 -0.021882 0.593630
vn -0.184384 -0.015196 0.982737
vn -0.937543 -0.323314 0.128380
vn -0.998840 -0.023928 0.041781
vn -0.960680 -0.264057 0.085837
vn -0.871656 -0.241633 0.426415
vn -0.878981 -0.001918 0.476854
vn -0.998336 -0.001932 0.057638
vn -0.679977 -0.158340 0.715932
vn -0.691031 0.004323 0.722813
vn -0.641540 -0.151009 0.752079
vn -0.875788 -0.258051 0.407929
vn -0.566747 -0.706570 0.423742
vn -0.479263 -0.529295 0.700110
vn -0.944373 -0.307740 0.115999
vn -0.811127 -0.572695 0.118714
vn -0.634614 -0.234655 0.736344
vn -0.825622 -0.374948 0.421618
vn -0.959612 -0.037350 0.278836
vn -0.632676 -0.039772 0.773395
vn -0.961307 -0.052458 -0.270439
vn -0.967628 -0.026659 -0.250968
vn -0.955570 -0.050596 -0.290391
vn -0.954413 -0.273813 0.118840
vn -0.986950 -0.017022 0.160123
vn -0.973761 -0.008692 -0.227405
vn -0.876530 -0.239926 0.417289
vn -0.910819 -0.019451 0.412348
vn -0.868719 -0.217204 0.445140
vn -0.813050 -0.580716 0.041456
vn -0.812389 -0.579087 0.068427
vn -0.776729 -0.535764 0.331133
vn -0.797592 -0.576048 -0.178930
vn -0.797578 -0.576041 -0.179015
vn -0.851837 -0.321055 0.413882
vn -0.941088 -0.337058 -0.027285
vn -0.998121 -0.035195 -0.050162
vn -0.885177 -0.047424 0.462831
vn -0.825426 -0.032439 -0.563578
vn -0.831514 -0.014225 -0.555321
vn -0.814004 -0.030458 -0.580060
vn -0.971351 -0.051476 -0.232007
vn -0.988361 -0.017050 -0.151169
vn -0.844839 0.002866 -0.535013
vn -0.992482 -0.066247 0.102907
vn -0.993832 -0.029368 0.106933
vn -0.817666 -0.575654 0.006733
vn -0.789183 -0.564688 -0.241491
vn -0.785942 -0.562556 -0.256564
vn -0.817728 -0.575530 0.009320
vn -0.848384 -0.208625 -0.486538
vn -0.716368 -0.507772 -0.478523
vn -0.980576 -0.072629 0.182197
vn -0.991977 -0.065925 -0.107867
vn -0.927107 -0.016782 -0.374420
vn -0.986749 -0.040269 0.157179
vn -0.555526 -0.217674 -0.802502
vn -0.534744 0.015042 -0.844880
vn -0.546288 -0.098051 -0.831838
vn -0.833734 -0.240919 -0.496836
vn -0.886418 0.000157 -0.462886
vn -0.535150 0.035994 -0.843990
vn -0.981317 -0.053996 -0.184665
vn -0.981937 -0.023846 -0.187698
vn -0.792122 -0.543900 -0.276974
vn -0.834671 -0.218132 -0.505710
vn -0.678430 -0.464742 -0.568989
vn -0.791177 -0.543343 -0.280744
vn -0.629079 -0.108998 -0.769662
vn -0.409004 -0.460790 -0.787648
vn -0.935324 -0.297169 -0.191987
vn -0.862507 -0.212282 -0.459366
vn -0.734162 0.018065 -0.678734
vn -0.991717 -0.020316 -0.126826
vn -0.117450 -0.024103 -0.992786
vn -0.052392 0.055136 -0.997103
vn -0.101138 0.001480 -0.994871
vn -0.604002 -0.166382 -0.779422
vn -0.652692 0.033509 -0.756882
vn -0.017903 0.076073 -0.996942
vn -0.820717 -0.289339 -0.492652
vn -0.875904 -0.002944 -0.482476
vn -0.859932 -0.230897 -0.455196
vn -0.608219 -0.136975 -0.781861
vn -0.328986 -0.447078 -0.831799
vn -0.707748 -0.448122 -0.546149
vn -0.234943 0.000996 -0.972009
vn -0.169672 -0.134199 -0.976321
vn -0.853895 -0.222512 -0.470481
vn -0.665073 -0.112469 -0.738260
vn -0.677989 0.045559 -0.733659
vn -0.914836 0.011359 -0.403665
vn 0.384139 0.172282 -0.907059
vn -0.085415 0.092590 -0.992034
vn 0.395376 0.102345 -0.912800
vn 0.073877 0.060681 -0.995420
vn 0.061756 0.095560 -0.993506
vn 0.487470 0.089574 -0.868533
vn -0.598524 -0.196722 -0.776576
vn -0.635388 0.033776 -0.771454
vn -0.679308 -0.145834 -0.719217
vn -0.262722 -0.029060 -0.964434
vn -0.090854 -0.159180 -0.983060
vn -0.266435 -0.510299 -0.817684
vn 0.272255 0.101508 -0.956856
vn 0.172618 0.215773 -0.961065
vn -0.671621 -0.115063 -0.731905
vn -0.345494 -0.010553 -0.938362
vn -0.320243 0.081631 -0.943812
vn -0.731607 0.050045 -0.679887
vn 0.741987 0.264448 -0.616054
vn 0.786781 0.076240 -0.612506
vn 0.753120 0.180922 -0.632517
vn 0.511682 0.147595 -0.846402
vn 0.501581 0.096617 -0.859698
vn 0.798477 0.072536 -0.597640
vn -0.227829 -0.033527 -0.973124
vn -0.212822 0.076821 -0.974066
vn -0.370558 -0.015125 -0.928686
vn -0.063590 0.058085 -0.996284
vn 0.152667 0.142035 -0.978018
vn -0.078625 -0.229981 -0.970014
vn 0.678833 0.171177 -0.714062
vn 0.437470 0.504538 -0.744353
vn -0.341959 0.009522 -0.939667
vn 0.082321 0.087184 -0.992785
vn 0.145574 0.095520 -0.984725
vn 0.153636 0.100120 -0.983042
vn 0.916524 0.253186 -0.309645
vn 0.942543 0.049763 -0.330358
vn 0.924979 0.203943 -0.320656
vn 0.603628 0.200699 -0.771592
vn 0.616032 0.084017 -0.783228
vn 0.947019 0.040684 -0.318590
vn 0.253239 0.138190 -0.957483
vn 0.303902 0.094086 -0.948046
vn 0.094211 0.110644 -0.989385
vn 0.363742 0.146953 -0.919835
vn 0.225401 0.406741 -0.885300
vn 0.129856 0.104960 -0.985962
vn 0.905159 0.160342 -0.393673
vn 0.834599 0.409186 -0.368798
vn 0.126383 0.114060 -0.985402
vn 0.421896 0.157405 -0.892876
vn 0.440312 0.081877 -0.894104
vn 0.112071 0.087475 -0.989843
vn 0.983171 0.178762 -0.037661
vn 0.997870 0.018153 -0.062655
vn 0.984877 0.169457 -0.036083
vn 0.873291 0.197299 -0.445461
vn 0.872681 0.046028 -0.486117
vn 0.998827 0.007211 -0.047884
vn 0.671574 0.205329 -0.711919
vn 0.699117 0.069537 -0.711618
vn 0.988898 0.093091 -0.115824
vn 0.914327 0.183750 -0.360891
vn 0.802151 0.466147 -0.373177
vn 0.886879 0.448334 -0.111543
vn 0.538427 0.230106 -0.810646
vn 0.474578 0.365159 -0.800896
vn 0.982887 -0.007808 0.184045
vn 0.998536 -0.005120 -0.053842
vn 0.984879 0.165471 -0.051303
vn 0.976365 0.102297 0.190387
vn 0.877685 -0.000344 -0.479238
vn 0.828789 0.174524 -0.531648
vn 0.878571 -0.001197 0.477611
vn 0.964680 -0.006183 0.263353
vn 0.950328 0.176659 0.256257
vn 0.859268 0.143418 0.491010
vn 0.987689 -0.014728 -0.155734
vn 0.966244 0.136893 -0.218251
vn 0.646407 0.018078 0.762778
vn 0.821555 0.012148 0.570000
vn 0.804361 0.214691 0.553996
vn 0.611671 0.202340 0.764799
vn 0.991202 -0.003779 0.132305
vn 0.988031 0.130437 0.082349
vn 0.239700 0.030771 0.970359
vn 0.542067 0.033868 0.839653
vn 0.522261 0.269053 0.809230
vn 0.217143 0.253132 0.942748
vn 0.913946 0.020334 0.405326
vn 0.917333 0.153440 0.367365
vn -0.277942 0.018650 0.960417
vn 0.113785 0.039713 0.992711
vn 0.102370 0.309674 0.945316
vn -0.253342 0.264503 0.930514
vn 0.735963 0.044895 0.675531
vn 0.739266 0.197680 0.643745
vn -0.688899 -0.007182 0.724822
vn -0.352412 0.022507 0.935574
vn -0.353469 0.312583 0.881675
vn -0.646510 0.232358 0.726660
vn 0.396812 0.055119 0.916244
vn -0.049558 0.289305 0.955953
vn -0.909533 -0.024967 0.414881
vn -0.711478 -0.002491 0.702704
vn -0.705535 0.284382 0.649112
vn -0.882510 0.188777 0.430742
vn -0.123922 0.036695 0.991613
vn -0.075135 0.282728 0.956253
vn -0.993476 -0.028924 0.110315
vn -0.916150 -0.021347 0.400267
vn -0.904271 0.254742 0.342638
vn -0.979423 0.163919 0.117736
vn -0.617112 0.000856 0.786875
vn -0.543998 0.276185 0.792331
vn -0.982555 -0.018878 -0.185011
vn -0.995967 -0.024235 0.086382
vn -0.969531 0.243617 0.025700
vn -0.966779 0.168838 -0.191918
vn -0.888711 -0.021860 0.457947
vn -0.840019 0.244918 0.484131
vn -0.876341 0.006545 -0.481647
vn -0.975410 -0.010398 -0.220152
vn -0.925305 0.253606 -0.281947
vn -0.845347 0.199166 -0.495702
vn -0.988696 -0.022982 0.148160
vn -0.962770 0.220004 0.157072
vn -0.635204 0.045922 -0.770978
vn -0.850939 0.019424 -0.524905
vn -0.768923 0.280834 -0.574360
vn -0.589423 0.238417 -0.771840
vn -0.991448 -0.006415 -0.130341
vn -0.965221 0.217928 -0.144413
vn -0.216243 0.084557 -0.972671
vn -0.581426 0.059718 -0.811405
vn -0.477930 0.309967 -0.821890
vn -0.185509 0.258875 -0.947929
vn -0.915977 0.024840 -0.400462
vn -0.873329 0.237015 -0.425583
vn 0.297616 0.094712 -0.949976
vn -0.166391 0.092888 -0.981675
vn -0.064272 0.315825 -0.946638
vn 0.286878 0.234653 -0.928784
vn -0.740595 0.065069 -0.668794
vn -0.674807 0.265626 -0.688534
vn 0.696726 0.070511 -0.713864
vn 0.546828 0.083824 -0.833038
vn 0.388987 0.290101 -0.874374
vn 0.662695 0.179260 -0.727118
vn -0.413612 0.096332 -0.905343
vn -0.288590 0.298965 -0.909580
vn 0.910922 0.034885 -0.411102
vn 0.629768 0.068077 -0.773794
vn 0.678354 0.235061 -0.696119
vn 0.896964 0.119829 -0.425555
vn 0.080464 0.089933 -0.992692
vn 0.104378 0.275597 -0.955590
vn 0.627128 0.139374 -0.766345
vn 0.961104 0.131399 -0.242928
vn 0.960004 0.029765 -0.278401
vn 0.607197 0.060981 -0.792208
vn 0.971411 0.083719 0.222152
vn 0.976291 -0.005484 0.216394
vn 0.016674 0.847845 -0.529982
vn 0.013435 0.917279 -0.398018
vn 0.041424 0.928538 -0.368920
vn 0.079636 0.832740 -0.547907
vn -0.014958 0.852588 0.522369
vn -0.053932 0.864191 0.500265
vn 0.012000 0.978502 -0.205887
vn -0.001320 0.981652 0.190675
vn 0.021943 0.990061 0.138916
vn 0.075474 0.967178 -0.242633
vn -0.022282 0.574092 0.818487
vn -0.097673 0.611576 0.785134
vn 0.007214 0.993979 0.109337
vn -0.001854 0.942884 0.333116
vn 0.031337 0.940678 0.337849
vn 0.093112 0.994782 0.041707
vn -0.026224 0.152348 0.987979
vn -0.145114 0.240124 0.959835
vn -0.003601 0.899231 0.437459
vn -0.014001 0.748745 0.662711
vn 0.025705 0.758607 0.651041
vn 0.100957 0.931150 0.350383
vn -0.030707 -0.301391 0.953006
vn -0.179076 -0.196853 0.963940
vn -0.014817 0.672115 0.740299
vn -0.023758 0.422482 0.906060
vn -0.014216 0.456436 0.889643
vn 0.075040 0.738666 0.669881
vn -0.030092 -0.218720 0.975324
vn -0.208202 -0.566343 0.797438
vn -0.024680 0.292162 0.956050
vn -0.030533 -0.098926 0.994626
vn -0.099768 0.033621 0.994443
vn -0.010045 0.344353 0.938787
vn -0.023826 -0.890987 0.453404
vn -0.232335 -0.808769 0.540289
vn -0.029909 -0.157681 0.987037
vn -0.034450 -0.581630 0.812724
vn -0.215030 -0.711556 0.668917
vn -0.148176 -0.219296 0.964341
vn -0.014607 -0.992667 0.119995
vn -0.241874 -0.939608 0.242144
vn -0.030444 -0.577691 0.815688
vn -0.025401 -0.852133 0.522709
vn -0.235845 -0.918186 0.318296
vn -0.230763 -0.665323 0.709995
vn -0.004133 -0.976783 -0.214189
vn -0.233798 -0.969579 -0.072498
vn -0.025658 -0.838431 0.544404
vn -0.022146 -0.914925 0.403015
vn -0.226457 -0.973893 0.015797
vn -0.253446 -0.889752 0.379613
vn 0.005976 -0.854697 -0.519093
vn -0.198422 -0.894926 -0.399671
vn -0.017155 -0.975924 0.217435
vn -0.012498 -0.998689 0.049641
vn -0.187576 -0.920253 -0.343437
vn -0.240293 -0.969268 0.052709
vn 0.016938 -0.593420 -0.804715
vn -0.122777 -0.660723 -0.740521
vn -0.006927 -0.992464 -0.122337
vn 0.002049 -0.936217 -0.351417
vn -0.164107 -0.845204 -0.508624
vn -0.203275 -0.945481 -0.254450
vn 0.025846 -0.181784 -0.982999
vn 0.010315 -0.193125 -0.981120
vn 0.004049 -0.892211 -0.451600
vn 0.013958 -0.757445 -0.652750
vn -0.078054 -0.652612 -0.753661
vn -0.148134 -0.827685 -0.541290
vn 0.030794 0.281169 -0.959164
vn 0.148645 0.364778 -0.919153
vn 0.015446 -0.656075 -0.754538
vn 0.023984 -0.430949 -0.902057
vn 0.001171 -0.330618 -0.943764
vn -0.072927 -0.605982 -0.792128
vn 0.031136 0.218078 -0.975435
vn 0.186828 0.740186 -0.645926
vn 0.024043 -0.278935 -0.960009
vn 0.038460 0.173974 -0.983999
vn 0.054173 0.107217 -0.992759
vn 0.018468 -0.270558 -0.962527
vn 0.023369 0.895585 -0.444276
vn 0.155828 0.929461 -0.334396
vn 0.029961 0.177938 -0.983586
vn 0.034690 0.554834 -0.831238
vn 0.114064 0.492405 -0.862860
vn 0.102639 0.143592 -0.984300
vn 0.014136 0.993791 -0.110361
vn 0.090267 0.995167 -0.038656
vn 0.035530 0.569204 -0.821428
vn 0.029180 0.778564 -0.626887
vn 0.030335 0.746302 -0.664916
vn 0.035499 0.562958 -0.825723
vn -0.002755 0.976383 0.216029
vn -0.002791 0.976375 0.216063
vn -0.016506 0.837319 0.546466
vn -0.002394 0.978439 0.206520
vn -0.002053 0.981093 0.193527
vn -0.016734 0.837607 0.546016
vn 0.012120 0.986599 -0.162713
vn 0.011963 0.986640 -0.162478
vn 0.025981 0.842014 -0.538830
vn 0.016838 0.957808 -0.286916
vn 0.019920 0.919409 -0.392797
vn 0.025924 0.834661 -0.550154
vn -0.016201 0.841884 0.539416
vn -0.016659 0.840055 0.542245
vn 0.027145 0.552457 0.833099
vn 0.070659 0.831560 0.550923
vn 0.003922 0.849807 0.527080
vn -0.010944 0.563907 0.825766
vn 0.049282 0.976741 0.208683
vn 0.009277 0.984504 0.175117
vn 0.113293 0.967659 -0.225390
vn 0.101944 0.992457 0.068093
vn 0.016008 0.985456 0.169174
vn 0.027752 0.975778 -0.216995
vn 0.027980 0.560804 0.827476
vn -0.022137 0.561012 0.827512
vn -0.022901 0.146120 0.989002
vn 0.029777 0.557000 0.829978
vn -0.012829 0.639093 0.769023
vn -0.032169 0.164163 0.985909
vn 0.077634 0.867214 0.491846
vn 0.004626 0.870804 0.491609
vn 0.103888 0.989228 0.103125
vn 0.080202 0.906264 0.415034
vn 0.006056 0.939922 0.341335
vn 0.015819 0.994107 0.107244
vn -0.021735 0.157708 0.987247
vn -0.036147 0.151870 0.987739
vn -0.070941 -0.302963 0.950358
vn -0.020146 0.165796 0.985954
vn -0.032851 0.282231 0.958784
vn -0.050942 -0.289130 0.955934
vn 0.039067 0.619252 0.784220
vn -0.013396 0.620404 0.784168
vn 0.081913 0.898783 0.430673
vn 0.046413 0.695087 0.717426
vn -0.011924 0.743888 0.668198
vn 0.000649 0.900115 0.435651
vn -0.069672 -0.290059 0.954469
vn -0.042020 -0.304743 0.951507
vn -0.102789 -0.666224 0.738634
vn -0.067600 -0.260858 0.963008
vn -0.047154 -0.218396 0.974720
vn -0.054364 -0.667863 0.742296
vn -0.012662 0.227346 0.973732
vn -0.031871 0.227416 0.973276
vn 0.045515 0.676246 0.735268
vn 0.002818 0.367180 0.930146
vn -0.029007 0.418598 0.907708
vn -0.016879 0.675339 0.737315
vn -0.101937 -0.657142 0.746842
vn -0.041920 -0.670376 0.740836
vn -0.115920 -0.890179 0.440617
vn -0.101630 -0.625952 0.773211
vn -0.050411 -0.609545 0.791147
vn -0.049121 -0.896526 0.440259
vn -0.064893 -0.233524 0.970183
vn -0.045193 -0.233137 0.971393
vn -0.003971 0.304684 0.952445
vn -0.044354 -0.045833 0.997964
vn -0.040358 -0.115959 0.992434
vn -0.033357 0.305545 0.951593
vn -0.115489 -0.885346 0.450361
vn -0.035891 -0.896527 0.441532
vn -0.113956 -0.986564 0.117068
vn -0.117887 -0.870103 0.478563
vn -0.045728 -0.868536 0.493512
vn -0.039048 -0.992847 0.112829
vn -0.101614 -0.623225 0.775413
vn -0.048585 -0.624168 0.779778
vn -0.056652 -0.160597 0.985393
vn -0.084897 -0.463953 0.881782
vn -0.042630 -0.564238 0.824511
vn -0.041669 -0.153461 0.987276
vn -0.113853 -0.985431 0.126349
vn -0.025357 -0.993466 0.111276
vn -0.099562 -0.972430 -0.210875
vn -0.117606 -0.982570 0.143960
vn -0.035627 -0.987310 0.154754
vn -0.025772 -0.975735 -0.217431
vn -0.118059 -0.868941 0.480628
vn -0.043765 -0.872678 0.486331
vn -0.095753 -0.575700 0.812035
vn -0.108720 -0.782242 0.613415
vn -0.038121 -0.840663 0.540215
vn -0.042531 -0.568678 0.821460
vn -0.099674 -0.974053 -0.203188
vn -0.011586 -0.974787 -0.222835
vn -0.072320 -0.842045 -0.534537
vn -0.103195 -0.974697 -0.198282
vn -0.021849 -0.981588 -0.189757
vn -0.009200 -0.841540 -0.540117
vn -0.118066 -0.980448 0.157422
vn -0.033865 -0.986235 0.161847
vn -0.114158 -0.845926 0.520938
vn -0.113922 -0.955224 0.273072
vn -0.037670 -0.921380 0.386832
vn -0.038295 -0.837581 0.544969
vn -0.072602 -0.845787 -0.528558
vn 0.004761 -0.843124 -0.537698
vn 0.007180 -0.444745 -0.895628
vn -0.075122 -0.844008 -0.531044
vn -0.005085 -0.853517 -0.521040
vn 0.021332 -0.520778 -0.853426
vn -0.105049 -0.979856 -0.169846
vn -0.020664 -0.985641 -0.167588
vn -0.014383 -0.976402 0.215483
vn -0.003089 -0.997425 -0.071652
vn -0.007602 -0.999333 0.035713
vn -0.014754 -0.974460 0.224074
vn 0.011465 -0.449276 -0.893320
vn 0.026979 -0.553098 -0.832679
vn 0.038174 -0.150780 -0.987830
vn 0.028988 -0.572233 -0.819579
vn 0.026375 -0.645423 -0.763370
vn 0.038033 -0.166481 -0.985311
vn 0.014221 -0.870793 -0.491444
vn 0.014220 -0.870975 -0.491121
vn -0.001345 -0.993218 -0.116263
vn 0.011176 -0.908265 -0.418246
vn 0.008574 -0.933897 -0.357440
vn -0.001615 -0.993922 -0.110074
vn 0.038095 -0.157438 -0.986794
vn 0.038212 -0.152433 -0.987575
vn 0.039446 0.305712 -0.951307
vn 0.037696 -0.186661 -0.981701
vn 0.036128 -0.290811 -0.956098
vn 0.039611 0.289961 -0.956218
vn 0.027291 -0.620198 -0.783970
vn 0.027312 -0.620550 -0.783691
vn 0.012205 -0.895938 -0.444011
vn 0.024364 -0.694377 -0.719199
vn 0.021579 -0.751661 -0.659197
vn 0.011892 -0.899535 -0.436687
vn 0.039492 0.298782 -0.953504
vn 0.039514 0.305652 -0.951323
vn 0.033152 0.675396 -0.736709
vn 0.039741 0.245590 -0.968559
vn 0.039884 0.212812 -0.976279
vn 0.033324 0.670382 -0.741267
vn 0.037104 -0.227505 -0.973070
vn 0.037145 -0.227622 -0.973041
vn 0.025441 -0.667136 -0.744501
vn 0.034614 -0.367143 -0.929520
vn 0.033201 -0.428604 -0.902882
vn 0.025154 -0.674309 -0.738021
vn 0.033357 0.668612 -0.742863
vn 0.033270 0.672173 -0.739646
vn 0.022514 0.900640 -0.433983
vn 0.034547 0.624144 -0.780545
vn 0.034880 0.607632 -0.793452
vn 0.022600 0.898678 -0.438026
vn 0.039775 0.232971 -0.971670
vn 0.039746 0.233100 -0.971640
vn 0.035942 -0.295660 -0.954617
vn 0.039736 0.041925 -0.998330
vn 0.039580 0.161606 -0.986061
vn 0.035684 -0.304159 -0.951953
vn 0.022838 0.896340 -0.442779
vn 0.022531 0.899461 -0.436419
vn 0.010066 0.994287 -0.106262
vn 0.024163 0.875895 -0.481896
vn 0.024510 0.868320 -0.495399
vn 0.010129 0.993906 -0.109769
vn 0.034491 0.624172 -0.780526
vn 0.034346 0.624356 -0.780385
vn 0.039762 0.160137 -0.986294
vn 0.037730 0.456865 -0.888736
vn 0.035899 0.541722 -0.839791
vn 0.039569 0.153804 -0.987309
vn 0.010425 0.993253 -0.115495
vn 0.010066 0.994046 -0.108493
vn -0.003085 0.974561 0.224099
vn 0.011357 0.989802 -0.141997
vn 0.013449 0.979925 -0.198913
vn -0.002909 0.975666 0.219242
vn 0.024272 0.872892 -0.487310
vn 0.024138 0.872852 -0.487387
vn 0.375812 0.403498 -0.834239
vn 0.021072 0.956810 0.289949
vn 0.099550 0.984909 -0.141576
vn 0.098119 0.985696 -0.137027
vn 0.011123 0.989554 0.143731
vn -0.006351 0.892057 0.451878
vn 0.258156 0.557590 0.788954
vn 0.018155 0.247050 0.968833
vn -0.299879 -0.107572 0.947893
vn -0.511168 -0.434807 0.741384
vn -0.316801 -0.833452 0.452764
vn -0.319698 -0.936898 0.141474
vn -0.294595 -0.940628 -0.168619
vn -0.238488 -0.844250 -0.479964
vn -0.294814 -0.534047 -0.792388
vn -0.071604 -0.193433 -0.978497
vn 0.154632 0.227390 -0.961448
vn 0.371198 0.549721 -0.748344
vn 0.195835 0.876704 -0.439362
vn 0.990290 0.097170 -0.099419
vn 0.993981 0.005151 -0.109435
vn 0.895653 0.142977 -0.421145
vn 0.659711 0.205961 -0.722746
vn 0.291387 0.252858 -0.922581
vn -0.178578 0.264280 -0.947769
vn -0.586630 0.232263 -0.775835
vn -0.845485 0.188729 -0.499536
vn -0.966955 0.163918 -0.195269
vn -0.978973 0.168889 0.114407
vn -0.882057 0.199252 0.426936
vn -0.648984 0.238538 0.722440
vn -0.260373 0.259107 0.930091
vn 0.211990 0.234943 0.948611
vn 0.611717 0.176088 0.771230
vn 0.860360 0.120201 0.495310
vn 0.976549 0.093120 0.194114
vn 0.988424 0.102157 -0.112166
vn 0.790043 0.468327 -0.395604
vn 0.792504 0.467860 -0.391208
vn 0.534628 0.515538 -0.669622
vn 0.538755 0.514639 -0.667001
vn 0.244296 0.535342 -0.808535
vn 0.249955 0.534958 -0.807058
vn -0.141638 0.550408 -0.822794
vn -0.136049 0.550402 -0.823740
vn -0.484133 0.543565 -0.685677
vn -0.479954 0.543817 -0.688409
vn -0.719310 0.527587 -0.451934
vn -0.716882 0.527841 -0.455482
vn -0.838098 0.516316 -0.176096
vn -0.837234 0.516415 -0.179876
vn -0.848887 0.516415 0.112723
vn -0.849448 0.516316 0.108888
vn -0.750836 0.527841 0.397026
vn -0.752975 0.527587 0.393295
vn -0.533184 0.543816 0.648058
vn -0.537131 0.543564 0.645003
vn -0.201130 0.550402 0.810311
vn -0.206627 0.550408 0.808923
vn 0.184972 0.534958 0.824382
vn 0.179213 0.535342 0.825404
vn 0.525876 0.501566 0.686940
vn 0.521262 0.502144 0.690027
vn 0.758882 0.467858 0.452998
vn 0.756079 0.468325 0.457184
vn 0.876226 0.448164 0.177138
vn 0.875199 0.448335 0.181723
vn 0.887538 0.448163 -0.106892
vn 0.026049 0.589173 -0.807587
vn -0.000391 0.977562 0.210646
vn 0.584233 0.042887 -0.810452
vn 0.603040 0.132017 -0.786711
vn 0.210139 0.800374 -0.561465
vn -0.138228 0.860045 0.491138
vn -0.135795 0.866601 0.480169
vn 0.179676 0.935759 -0.303434
vn -0.204832 0.631677 0.747682
vn -0.198820 0.651292 0.732317
vn 0.184870 0.982473 -0.023883
vn -0.171333 0.236690 0.956359
vn -0.122242 0.250412 0.960391
vn 0.173646 0.941499 0.288837
vn -0.295872 -0.141528 0.944685
vn -0.385951 -0.055961 0.920820
vn 0.406985 0.639969 0.651769
vn -0.405328 -0.458923 0.790632
vn -0.544914 -0.345664 0.763928
vn 0.112669 0.335359 0.935329
vn -0.496534 -0.673648 0.547405
vn -0.625919 -0.569986 0.532299
vn -0.211301 -0.160705 0.964119
vn -0.319210 -0.906715 0.275631
vn -0.319252 -0.900775 0.294419
vn -0.449849 -0.558468 0.696957
vn -0.305870 -0.951689 -0.027045
vn -0.306609 -0.951681 -0.017145
vn -0.317985 -0.891981 0.321335
vn -0.261478 -0.895464 -0.360241
vn -0.262120 -0.897086 -0.355710
vn -0.307410 -0.951559 -0.005845
vn -0.385190 -0.538322 -0.749559
vn -0.361180 -0.558690 -0.746602
vn -0.267497 -0.912614 -0.309161
vn -0.089856 -0.133207 -0.987006
vn -0.065897 -0.149192 -0.986610
vn -0.540141 -0.605124 -0.584869
vn 0.272698 0.323119 -0.906217
vn 0.252579 0.343168 -0.904676
vn -0.419087 -0.394057 -0.817976
vn 0.480145 0.648023 -0.591209
vn 0.489805 0.641233 -0.590687
vn -0.218002 -0.116266 -0.968998
vn 0.252009 0.938499 -0.236033
vn 0.251741 0.937307 -0.241001
vn 0.106765 0.165299 -0.980448
vn 0.173006 0.983377 0.055117
vn 0.173651 0.983855 0.043296
vn 0.552369 0.150885 -0.819831
vn 0.945590 0.137164 0.295036
vn 0.957289 0.082246 0.277187
vn 0.849440 0.101435 -0.517845
vn 0.783458 0.174875 0.596332
vn 0.805454 0.101463 0.583908
vn 0.976315 0.082405 -0.200046
vn 0.471943 0.230343 0.851007
vn 0.485180 0.151110 0.861259
vn 0.991206 0.092098 0.095020
vn 0.032210 0.275001 0.960904
vn -0.019235 0.201893 0.979219
vn 0.919478 0.121920 0.373758
vn -0.409847 0.285423 0.866348
vn -0.471234 0.223065 0.853335
vn 0.771090 0.154277 0.617753
vn -0.727286 0.265691 0.632822
vn -0.766033 0.210876 0.607227
vn 0.466127 0.194251 0.863129
vn -0.904421 0.237010 0.354752
vn -0.913906 0.191234 0.358058
vn -0.022170 0.212033 0.977011
vn -0.973652 0.217894 0.067266
vn -0.983060 0.165886 0.077942
vn -0.562706 0.194882 0.803357
vn -0.947208 0.219935 -0.233293
vn -0.964059 0.153208 -0.217064
vn -0.867203 0.162967 0.470533
vn -0.798987 0.244794 -0.549268
vn -0.826993 0.162996 -0.538067
vn -0.978322 0.153201 0.139339
vn -0.479374 0.276059 -0.833062
vn -0.496933 0.194878 -0.845624
vn -0.973758 0.165807 -0.155898
vn 0.000946 0.282624 -0.959230
vn 0.055686 0.211979 -0.975686
vn -0.882511 0.191125 -0.429705
vn 0.515416 0.242445 -0.821929
vn 0.533368 0.194109 -0.823311
vn -0.715362 0.210726 -0.666222
vn 0.788371 0.197601 -0.582603
vn 0.817932 0.153977 -0.554327
vn -0.371641 0.230411 -0.899330
vn 0.943923 0.153211 -0.292464
vn 0.946689 0.121325 -0.298430
vn 0.085486 0.208011 -0.974384
vn 0.991581 0.129455 -0.002825
vn 0.995715 0.091056 -0.016153
vn 0.482630 0.361805 -0.797600
vn 0.885135 0.301931 0.354082
vn 0.889154 0.299865 0.345668
vn 0.074401 0.387624 -0.918810
vn 0.099271 0.396847 -0.912501
vn 0.955001 0.292361 0.049987
vn 0.956140 0.289849 0.042246
vn -0.219073 0.434702 -0.873522
vn -0.181257 0.449007 -0.874951
vn 0.916560 0.301220 -0.263028
vn 0.927611 0.287021 -0.239075
vn -0.636838 0.395916 -0.661580
vn -0.612811 0.408570 -0.676412
vn 0.773766 0.313354 -0.550540
vn 0.773766 0.313354 -0.550540
vn -0.821652 0.392990 -0.412853
vn -0.818822 0.399317 -0.412403
vn 0.468012 0.353083 -0.810122
vn 0.468012 0.353083 -0.810122
vn -0.915230 0.386677 -0.113294
vn -0.912305 0.393111 -0.114736
vn 0.001043 0.402466 -0.915434
vn 0.035728 0.387250 -0.921282
vn -0.899804 0.388225 0.199081
vn -0.897586 0.394633 0.196482
vn -0.420343 0.410700 -0.809097
vn -0.420838 0.403946 -0.812233
vn -0.763899 0.396602 0.509082
vn -0.762556 0.403113 0.505972
vn -0.719887 0.403106 -0.565038
vn -0.720987 0.396600 -0.568231
vn -0.484116 0.403948 0.776181
vn -0.483377 0.410707 0.773089
vn -0.879114 0.394629 -0.267257
vn -0.881119 0.388222 -0.270023
vn -0.037649 0.387249 0.921206
vn -0.071765 0.402464 0.912619
vn -0.918543 0.393105 0.041808
vn -0.921342 0.386674 0.040146
vn 0.402109 0.353078 0.844774
vn 0.402109 0.353078 0.844774
vn -0.849036 0.399309 0.345962
vn -0.851877 0.392992 0.346212
vn 0.727524 0.313356 0.610342
vn 0.727524 0.313356 0.610342
vn -0.664670 0.408569 0.625528
vn -0.687444 0.395914 0.608829
vn 0.905289 0.287340 0.312869
vn 0.892369 0.301511 0.335811
vn -0.361063 0.411237 0.836969
vn -0.388372 0.399934 0.830193
vn 0.956444 0.289919 0.034084
vn 0.956151 0.291815 0.024866
vn 0.026379 0.396847 0.917506
vn 0.001086 0.387624 0.921817
vn 0.913829 0.299870 -0.273850
vn 0.910490 0.301933 -0.282568
vn 0.409380 0.365156 0.836103
vn 0.417670 0.361802 0.833457
vn 0.758923 0.326243 -0.563561
vn 0.752705 0.328900 -0.570316
vn 0.704960 0.328908 0.628371
vn 0.711689 0.326247 0.622143
vn 0.035442 0.567219 -0.822804
vn 0.012102 0.986040 -0.166071
vn 0.035689 0.561410 -0.826768
vn 0.012261 0.985984 -0.166387
vn 0.025400 0.850962 -0.524613
vn 0.026157 0.839559 -0.542638
vn 0.012549 0.981701 -0.190013
vn 0.896825 0.121609 -0.425343
vn 0.849271 0.306536 -0.429853
vn 0.115675 0.989334 -0.088531
vn 0.923280 0.020468 -0.383582
vn 0.966477 0.182253 -0.180849
vn -0.027422 0.979902 0.197585
vn 0.988325 0.151706 0.014129
vn 0.991059 0.127449 0.039491
vn 0.977286 0.168499 0.128534
vn -0.098409 0.861154 0.498728
vn 0.738220 0.332301 0.587032
vn 0.917935 0.144891 0.369326
vn 0.882674 0.184235 0.432370
vn -0.056978 0.517976 0.853496
vn 0.149413 0.419265 0.895485
vn 0.716097 0.190735 0.671435
vn 0.666399 0.227320 0.710097
vn -0.060544 0.210031 0.975818
vn -0.115718 0.164653 0.979540
vn 0.381738 0.244530 0.891337
vn 0.309014 0.281053 0.908581
vn -0.246098 -0.114793 0.962423
vn -0.368594 -0.115151 0.922431
vn -0.037361 0.277629 0.959962
vn -0.138096 0.315212 0.938920
vn -0.441310 -0.417871 0.794122
vn -0.533888 -0.375408 0.757649
vn -0.444888 0.274256 0.852560
vn -0.542247 0.309257 0.781235
vn -0.559712 -0.637855 0.529022
vn -0.762720 -0.470466 0.443757
vn -0.756338 0.243510 0.607170
vn -0.812661 0.279900 0.511115
vn -0.321551 -0.922925 0.211693
vn -0.795927 -0.529440 0.293587
vn -0.932844 0.210200 0.292607
vn -0.944916 0.252772 0.207944
vn -0.302376 -0.947699 -0.102156
vn -0.818793 -0.573059 -0.034366
vn -0.979708 0.196564 -0.039185
vn -0.964873 0.241940 -0.102395
vn -0.249826 -0.865843 -0.433478
vn -0.764082 -0.535477 -0.359782
vn -0.906365 0.210093 -0.366556
vn -0.874409 0.253607 -0.413632
vn -0.320972 -0.470169 -0.822142
vn -0.196425 -0.360802 -0.911723
vn -0.705440 0.243201 -0.665738
vn -0.651833 0.283182 -0.703507
vn 0.117737 0.130492 -0.984434
vn 0.064700 0.051022 -0.996600
vn -0.376346 0.273935 -0.885056
vn -0.283973 0.311768 -0.906730
vn 0.389099 0.475047 -0.789261
vn 0.299563 0.412553 -0.860269
vn 0.038338 0.277435 -0.959979
vn 0.172529 0.312149 -0.934236
vn 0.252054 0.843798 -0.473786
vn 0.680584 0.445587 -0.581599
vn 0.479411 0.241489 -0.843711
vn 0.578715 0.273647 -0.768249
vn 0.219943 0.885688 -0.408879
vn 0.861191 0.423815 -0.280590
vn 0.699435 0.198497 -0.686578
vn 0.834103 0.223315 -0.504383
vn 0.880558 0.451157 -0.145171
vn 0.889977 0.447867 -0.085764
vn 0.880352 0.447876 0.156166
vn 0.866213 0.451163 0.214774
vn 0.769952 0.466149 0.435751
vn 0.721591 0.476390 0.502353
vn 0.554906 0.498734 0.665840
vn 0.448645 0.514234 0.730945
vn 0.250802 0.532402 0.808484
vn 0.081022 0.545140 0.834421
vn -0.101834 0.552594 0.827206
vn -0.294024 0.553835 0.778984
vn -0.438289 0.552212 0.709200
vn -0.595390 0.543265 0.591924
vn -0.690743 0.537772 0.483400
vn -0.784270 0.527442 0.326688
vn -0.828202 0.523243 0.200744
vn -0.854247 0.518962 0.030672
vn -0.849103 0.518962 -0.098504
vn -0.809616 0.523249 -0.265955
vn -0.755832 0.527440 -0.387977
vn -0.650163 0.537772 -0.536740
vn -0.546427 0.543278 -0.637390
vn -0.380466 0.552219 -0.741822
vn -0.231122 0.553832 -0.799908
vn -0.035736 0.552592 -0.832685
vn 0.147060 0.545146 -0.825342
vn 0.336018 0.548119 -0.765935
vn 0.505252 0.514248 -0.693015
vn 0.606089 0.498743 -0.619606
vn 0.728963 0.484007 -0.484097
vn 0.944466 0.144796 -0.294987
vn 0.882859 0.381158 -0.274370
vn 0.927817 0.371193 0.037039
vn 0.858223 0.381156 0.343765
vn 0.669261 0.408044 0.620958
vn 0.359319 0.441466 0.822191
vn -0.031400 0.464580 0.884974
vn -0.410105 0.466635 0.783623
vn -0.694484 0.453473 0.558618
vn -0.856613 0.438867 0.271311
vn -0.900724 0.432907 -0.035875
vn -0.832406 0.438865 -0.338375
vn -0.647858 0.453486 -0.612071
vn -0.346543 0.466641 -0.813729
vn 0.039089 0.464582 -0.884667
vn 0.485478 0.435873 -0.757843
vn 0.716477 0.408047 -0.565826
vn 0.039571 0.999216 0.001419
vn 0.039571 0.999216 0.001419
vn 0.039571 0.999216 0.001419
vn 0.039571 0.999216 0.001419
vn 0.039571 0.999216 0.001419
vn 0.039571 0.999216 0.001419
vn 0.039571 0.999216 0.001419
vn 0.039571 0.999216 0.001419
vn 0.039571 0.999216 0.001419
vn 0.039571 0.999216 0.001419
vn 0.039571 0.999216 0.001419
vn 0.039571 0.999216 0.001419
vn 0.039571 0.999216 0.001419
vn 0.039571 0.999216 0.001419
vn 0.039571 0.999216 0.001419
vn 0.039571 0.999216 0.001419
vn 0.039571 0.999216 0.001419
vn 0.039571 0.999216 0.001419
vn 0.039571 0.999216 0.001419
vn 0.039571 0.999216 0.001419
vn 0.039571 0.999216 0.001419
vn 0.039571 0.999216 0.001419
vn 0.039571 0.999216 0.001419
vn 0.039571 0.999216 0.001419
vn 0.039571 0.999216 0.001419
vn 0.039571 0.999216 0.001419
vn 0.039571 0.999216 0.001419
vn 0.039571 0.999216 0.001419
vn 0.039571 0.999216 0.001419
vn 0.039571 0.999216 0.001419
vn 0.039571 0.999216 0.001419
vn 0.039571 0.999216 0.001419
vn 0.039571 0.999216 0.001419
vn 0.039571 0.999216 0.001419
vn 0.039571 0.999216 0.001419
vn 0.039571 0.999216 0.001419
vn 0.039571 0.999216 0.001419
vn 0.039571 0.999216 0.001419
vn 0.039571 0.999216 0.001419
vn 0.039571 0.999216 0.001419
vn 0.039571 0.999216 0.001419
vn 0.039571 0.999216 0.001419
vn 0.039571 0.999216 0.001419
vn 0.039571 0.999216 0.001419
vn 0.039571 0.999216 0.001419
vn 0.039571 0.999216 0.001419
vn 0.039571 0.999216 0.001419
vn 0.039571 0.999216 0.001419
vn 0.039571 0.999216 0.001419
vn 0.039571 0.999216 0.001419
vn 0.039571 0.999216 0.001419
vn 0.039571 0.999216 0.001419
vn 0.039571 0.999216 0.001419
vn 0.039571 0.999216 0.001419
vn 0.039571 0.999216 0.001419
vn 0.039571 0.999216 0.001419
vn 0.039571 0.999216 0.001419
vn 0.039571 0.999216 0.001419
vn 0.039571 0.999216 0.001419
vn 0.039571 0.999216 0.001419
vn 0.039571 0.999216 0.001419
vn 0.039571 0.999216 0.001419
vn 0.039571 0.999216 0.001419
vn 0.039571 0.999216 0.001419
vn 0.039571 0.999216 0.001419
vn 0.039571 0.999216 0.001419
vn 0.039571 0.999216 0.001419
vn 0.039571 0.999216 0.001419
vn 0.039571 0.999216 0.001419
vn 0.039571 0.999216 0.001419
vn 0.039571 0.999216 0.001419
vn 0.039571 0.999216 0.001419
vn 0.039571 0.999216 0.001419
vn 0.039571 0.999216 0.001419
vn 0.039571 0.999216 0.001419
vn 0.039571 0.999216 0.001419
vn 0.039571 0.999216 0.001419
vn 0.039571 0.999216 0.001419
vn 0.039571 0.999216 0.001419
vn 0.039571 0.999216 0.001419
vn 0.039571 0.999216 0.001419
vn 0.039571 0.999216 0.001419
vn 0.039571 0.999216 0.001419
vn 0.039571 0.999216 0.001419
vn 0.039571 0.999216 0.001419
vn 0.039571 0.999216 0.001419
vn 0.039571 0.999216 0.001419
vn 0.039571 0.999216 0.001419
vn 0.039571 0.999216 0.001419
vn 0.039571 0.999216 0.001419
vn 0.039571 0.999216 0.001419
vn 0.039571 0.999216 0.001419
vn 0.039571 0.999216 0.001419
vn 0.039571 0.999216 0.001419
vn 0.039571 0.999216 0.001419
vn 0.039571 0.999216 0.001419
vn 0.039571 0.999216 0.001419
vn 0.039571 0.999216 0.001419
vn 0.039571 0.999216 0.001419
vn 0.039571 0.999216 0.001419
vn 0.039571 0.999216 0.001419
vn 0.039571 0.999216 0.001419
vn 0.039571 0.999216 0.001419
vn 0.039571 0.999216 0.001419
vn 0.039571 0.999216 0.001419
vn 0.039571 0.999216 0.001419
vn 0.039571 0.999216 0.001419
vn 0.039571 0.999216 0.001419
vn 0.039571 0.999216 0.001419
vn 0.039571 0.999216 0.001419
vn 0.039571 0.999216 0.001419
vn 0.039571 0.999216 0.001419
vn 0.039571 0.999216 0.001419
vn 0.039571 0.999216 0.001419
vn 0.039571 0.999216 0.001419
vn 0.039571 0.999216 0.001419
vn 0.039571 0.999216 0.001419
vn 0.039571 0.999216 0.001419
vn 0.039571 0.999216 0.001419
vn 0.039571 0.999216 0.001419
vn 0.039571 0.999216 0.001419
vn 0.039571 0.999216 0.001419
vn 0.039571 0.999216 0.001419
vn 0.039571 0.999216 0.001419
vn 0.039571 0.999216 0.001419
vn 0.039571 0.999216 0.001419
vn 0.039571 0.999216 0.001419
vn 0.039571 0.999216 0.001419
vn 0.039571 0.999216 0.001419
vn 0.039571 0.999216 0.001419
vn 0.039571 0.999216 0.001419
vn 0.039571 0.999216 0.001419
vn 0.039571 0.999216 0.001419
vn 0.039571 0.999216 0.001419
vn 0.039571 0.999216 0.001419
vn 0.039571 0.999216 0.001419
vn 0.039571 0.999216 0.001419
vn 0.039571 0.999216 0.001419
vn 0.039571 0.999216 0.001419
vn 0.039571 0.999216 0.001419
vn 0.039571 0.999216 0.001419
vn 0.039571 0.999216 0.001419
vn 0.039571 0.999216 0.001419
vn 0.039571 0.999216 0.001419
vn 0.039571 0.999216 0.001419
vn -0.006296 0.986312 0.164771
vn -0.012371 0.826920 0.562183
vn -0.049901 0.841962 0.537224
vn -0.026746 0.987375 0.156128
vn -0.015177 0.558480 0.829379
vn -0.037950 0.563489 0.825252
vn -0.002574 0.973851 -0.227172
vn -0.008764 0.984781 0.173577
vn -0.038790 0.987618 0.152004
vn -0.010046 0.970792 -0.239711
vn -0.014100 0.874138 0.485473
vn -0.073188 0.879526 0.470190
vn -0.013965 0.872164 0.489014
vn -0.017284 0.605488 0.795666
vn -0.071291 0.602844 0.794668
vn -0.069000 0.877446 0.474686
vn -0.015542 0.144953 0.989317
vn -0.033723 0.138409 0.989801
vn -0.015513 0.166239 0.985963
vn -0.015036 0.640378 0.767913
vn -0.015572 0.564795 0.825084
vn -0.015571 0.149780 0.988597
vn -0.012241 0.871139 0.490883
vn -0.012381 0.870869 0.491360
vn -0.008456 0.994869 0.100820
vn -0.014436 0.893447 0.448936
vn -0.089928 0.891695 0.443614
vn -0.059077 0.996639 0.056752
vn -0.017761 0.625037 0.780393
vn -0.100215 0.628217 0.771557
vn -0.017348 0.621122 0.783522
vn -0.017017 0.219547 0.975453
vn -0.057026 0.219130 0.974028
vn -0.089103 0.624108 0.776241
vn -0.012146 -0.312601 0.949807
vn -0.006292 -0.298247 0.954468
vn -0.012566 -0.290257 0.956866
vn -0.015973 0.282767 0.959056
vn -0.015793 0.172808 0.984829
vn -0.012445 -0.306946 0.951646
vn -0.015261 0.621059 0.783616
vn -0.015403 0.620418 0.784120
vn -0.012717 0.903505 0.428389
vn -0.016800 0.660499 0.750639
vn -0.103129 0.644357 0.757739
vn -0.089015 0.923081 0.374163
vn -0.016926 0.234155 0.972052
vn -0.070941 0.234171 0.969604
vn -0.016701 0.228502 0.973400
vn -0.013407 -0.218563 0.975731
vn -0.008455 -0.182767 0.983120
vn -0.058589 0.228968 0.971669
vn -0.006404 -0.679086 0.734030
vn 0.048436 -0.639416 0.767334
vn -0.007220 -0.667516 0.744561
vn -0.013911 -0.158853 0.987204
vn -0.012956 -0.258330 0.965970
vn -0.007039 -0.675813 0.737040
vn -0.015946 0.228632 0.973382
vn -0.015971 0.227802 0.973577
vn -0.015697 0.681495 0.731654
vn -0.016278 0.304648 0.952326
vn -0.054601 0.232521 0.971058
vn -0.087991 0.711620 0.697033
vn -0.012425 -0.226470 0.973939
vn 0.014198 -0.232746 0.972434
vn -0.012472 -0.232242 0.972578
vn -0.007042 -0.600712 0.799434
vn 0.072941 -0.551368 0.831067
vn 0.010771 -0.236630 0.971540
vn -0.000122 -0.902009 0.431718
vn 0.108540 -0.856024 0.505412
vn -0.001278 -0.897607 0.440794
vn -0.009040 -0.567591 0.823261
vn -0.007922 -0.629428 0.777018
vn -0.001154 -0.900733 0.434372
vn -0.013278 -0.232076 0.972607
vn -0.013231 -0.232585 0.972486
vn -0.016355 0.313225 0.949538
vn -0.012061 -0.225970 0.974060
vn 0.029490 -0.268783 0.962749
vn -0.050126 0.321926 0.945437
vn -0.005749 -0.620235 0.784395
vn 0.104456 -0.620905 0.776895
vn -0.005780 -0.623760 0.781594
vn -0.000098 -0.859371 0.511352
vn 0.143489 -0.818109 0.556874
vn 0.099275 -0.624141 0.774979
vn 0.005594 -0.994469 0.104885
vn 0.153154 -0.965437 0.210893
vn 0.004271 -0.993701 0.111980
vn -0.002988 -0.846014 0.533152
vn -0.001975 -0.877233 0.480060
vn 0.004344 -0.994289 0.106634
vn -0.008069 -0.623641 0.781669
vn -0.008031 -0.623888 0.781472
vn -0.013928 -0.143652 0.989530
vn -0.006338 -0.605073 0.796145
vn 0.096805 -0.579667 0.809083
vn -0.004024 -0.165837 0.986145
vn 0.001140 -0.870855 0.491539
vn 0.172992 -0.858288 0.483130
vn 0.001132 -0.872718 0.488223
vn 0.006234 -0.984293 0.176431
vn 0.191156 -0.951943 0.239299
vn 0.168273 -0.860713 0.480476
vn 0.010441 -0.974209 -0.225404
vn 0.173649 -0.979235 -0.104622
vn 0.009173 -0.975708 -0.218882
vn 0.002907 -0.980422 0.196889
vn 0.003812 -0.989933 0.141486
vn 0.009219 -0.974591 -0.223801
vn -0.002141 -0.872677 0.488294
vn -0.002124 -0.872798 0.488076
vn -0.008684 -0.556977 0.830482
vn -0.000851 -0.823025 0.568004
vn 0.170145 -0.871320 0.460274
vn 0.066953 -0.614823 0.785818
vn 0.007163 -0.985898 0.167191
vn 0.212317 -0.963247 0.164551
vn 0.007213 -0.986536 0.163387
vn 0.011553 -0.985848 -0.167246
vn 0.212260 -0.972881 -0.091911
vn 0.208837 -0.964454 0.161911
vn 0.014258 -0.836419 -0.547905
vn 0.164608 -0.881735 -0.442095
vn 0.039105 -0.842972 -0.536534
vn 0.031383 -0.989213 -0.143084
vn 0.113871 -0.974738 -0.192144
vn 0.101420 -0.842184 -0.529566
vn 0.024940 -0.986196 0.163695
vn 0.109294 -0.980437 0.163704
vn -0.002367 -0.835447 0.549565
vn 0.005428 -0.972621 0.232334
vn 0.204954 -0.971795 0.116654
vn 0.129374 -0.880197 0.456635
vn 0.012158 -0.986603 -0.162689
vn 0.225461 -0.961813 -0.155190
vn 0.012238 -0.985981 -0.166410
vn 0.015613 -0.865377 -0.500878
vn 0.205705 -0.878625 -0.430933
vn 0.223389 -0.961836 -0.158018
vn 0.016462 -0.558733 -0.829184
vn 0.119103 -0.620950 -0.774749
vn 0.035284 -0.572381 -0.819228
vn 0.032833 -0.880076 -0.473696
vn 0.104025 -0.844203 -0.525832
vn 0.075627 -0.570291 -0.817954
vn 0.029789 -0.985686 -0.165937
vn 0.114164 -0.979868 -0.163786
vn 0.003619 -0.973926 0.226836
vn 0.010771 -0.993321 -0.114883
vn 0.211573 -0.952388 -0.219533
vn 0.163705 -0.979897 0.114028
vn 0.015932 -0.872988 -0.487482
vn 0.213274 -0.854213 -0.474167
vn 0.016051 -0.870952 -0.491105
vn 0.017886 -0.609896 -0.792279
vn 0.169174 -0.640507 -0.749087
vn 0.212798 -0.852707 -0.477083
vn 0.016054 -0.144915 -0.989314
vn 0.057776 -0.181054 -0.981775
vn 0.021960 -0.168330 -0.985486
vn 0.029323 -0.646693 -0.762187
vn 0.078095 -0.579303 -0.811363
vn 0.032129 -0.155273 -0.987349
vn 0.031283 -0.870899 -0.490466
vn 0.106095 -0.867022 -0.486844
vn 0.008779 -0.994600 -0.103412
vn 0.014852 -0.891169 -0.453428
vn 0.192308 -0.818742 -0.540998
vn 0.167342 -0.963819 -0.207484
vn 0.017905 -0.624440 -0.780867
vn 0.173197 -0.613898 -0.770151
vn 0.018029 -0.620552 -0.783958
vn 0.017332 -0.218917 -0.975590
vn 0.112999 -0.232196 -0.966083
vn 0.175641 -0.610274 -0.772474
vn 0.012379 0.312804 -0.949737
vn 0.010757 0.312521 -0.949850
vn 0.000142 0.291339 -0.956620
vn 0.019081 -0.291233 -0.956462
vn 0.036816 -0.194029 -0.980305
vn -0.019985 0.310231 -0.950451
vn 0.028654 -0.620911 -0.783357
vn 0.082243 -0.619639 -0.780567
vn 0.012960 -0.902602 -0.430281
vn 0.017037 -0.659570 -0.751450
vn 0.147735 -0.558454 -0.816274
vn 0.145635 -0.849153 -0.507671
vn 0.016906 -0.233669 -0.972169
vn 0.105569 -0.224883 -0.968650
vn 0.016998 -0.228097 -0.973490
vn 0.013431 0.214162 -0.976706
vn 0.054084 0.193861 -0.979537
vn 0.117086 -0.218952 -0.968685
vn 0.006426 0.679682 -0.733479
vn -0.032351 0.701838 -0.711601
vn -0.015219 0.669720 -0.742458
vn 0.006551 0.149460 -0.988746
vn -0.013004 0.243569 -0.969796
vn -0.064445 0.682479 -0.728058
vn 0.020703 -0.228697 -0.973278
vn 0.040577 -0.228488 -0.972701
vn 0.015705 -0.680657 -0.732434
vn 0.016385 -0.307916 -0.951272
vn 0.087460 -0.193260 -0.977242
vn 0.106130 -0.624138 -0.774072
vn 0.012489 0.226521 -0.973926
vn 0.040167 0.238919 -0.970208
vn 0.012220 0.232245 -0.972581
vn 0.006860 0.595525 -0.803307
vn -0.001954 0.597519 -0.801853
vn 0.050030 0.248199 -0.967416
vn 0.000135 0.902559 -0.430566
vn -0.051461 0.918234 -0.392681
vn -0.025604 0.898969 -0.437263
vn -0.006002 0.562364 -0.826868
vn -0.059150 0.625736 -0.777789
vn -0.093288 0.902845 -0.419723
vn 0.008475 0.231902 -0.972702
vn -0.011784 0.232589 -0.972504
vn 0.016108 -0.313607 -0.949416
vn 0.011953 0.220491 -0.975316
vn 0.040635 0.253447 -0.966495
vn 0.063507 -0.276325 -0.958964
vn 0.005872 0.620193 -0.784427
vn 0.004133 0.630753 -0.775973
vn 0.005379 0.623729 -0.781623
vn -0.000084 0.859162 -0.511703
vn -0.023006 0.860661 -0.508658
vn 0.005022 0.638177 -0.769873
vn -0.005422 0.994690 -0.102778
vn -0.049352 0.996372 -0.069341
vn -0.032479 0.993620 -0.108003
vn -0.017154 0.843880 -0.536258
vn -0.091275 0.875321 -0.474849
vn -0.106957 0.990082 -0.091090
vn -0.004840 0.623525 -0.781788
vn -0.058718 0.623060 -0.779967
vn 0.013513 0.142988 -0.989632
vn 0.006134 0.604028 -0.796939
vn 0.021569 0.609141 -0.792768
vn 0.040984 0.160930 -0.986115
vn 0.000371 0.871883 -0.489714
vn -0.004046 0.879070 -0.476676
vn 0.000141 0.873866 -0.486166
vn -0.003660 0.984597 -0.174800
vn -0.015455 0.984156 -0.176630
vn -0.004295 0.883110 -0.469147
vn -0.009177 0.973942 0.226613
vn -0.032882 0.970328 0.239547
vn -0.035834 0.974228 0.222700
vn -0.025127 0.979950 -0.197651
vn -0.107505 0.985149 -0.133883
vn -0.108003 0.965597 0.236556
vn -0.015801 0.872538 -0.488291
vn -0.089924 0.869257 -0.486113
vn 0.008973 0.557047 -0.830432
vn 0.004093 0.821258 -0.570542
vn 0.023068 0.837281 -0.546286
vn 0.040688 0.582827 -0.811577
vn -0.001499 0.986288 -0.165024
vn -0.001282 0.987515 -0.157517
vn -0.001478 0.986995 -0.160747
vn -0.006404 0.972104 0.234461
vn -0.015386 0.979712 0.199818
vn -0.002777 0.988336 -0.152262
vn -0.011879 0.833867 0.551838
vn -0.026537 0.840814 0.540673
vn -0.012504 0.838082 0.545402
vn -0.008298 0.981138 0.193130
vn -0.008698 0.978455 0.206278
vn -0.012861 0.837439 0.546379
vn -0.013152 0.985178 -0.171029
vn -0.053501 0.977558 -0.203761
vn 0.004148 0.833146 -0.553037
vn 0.000333 0.971469 -0.237166
vn 0.009352 0.975826 -0.218347
vn 0.028316 0.847671 -0.529765
vn -0.006154 0.987007 0.160560
vn -0.023539 0.987977 0.152796
vn -0.114201 0.538748 0.834691
vn -0.083292 0.753364 0.652308
vn -0.182936 0.751804 0.633503
vn -0.480379 0.359412 0.800037
vn -0.015803 0.971746 -0.235499
vn -0.029152 0.960073 -0.278226
vn -0.975063 0.090981 -0.202420
vn -0.981271 0.117718 0.152476
vn -0.981445 0.009306 0.191516
vn -0.977992 -0.015615 -0.208058
vn -0.897886 0.157715 0.411007
vn -0.901581 0.029801 0.431583
vn -0.873921 0.097088 0.476273
vn -0.988422 0.072088 0.133514
vn -0.970670 0.210177 0.116726
vn -0.913762 0.136095 0.382775
vn -0.986303 0.073915 -0.147458
vn -0.948402 0.289676 -0.128924
vn -0.886847 0.098807 0.451376
vn -0.995606 0.076092 -0.054585
vn -0.999951 0.008127 -0.005688
vn -0.871673 0.028424 0.489263
vn -0.887477 0.034090 -0.459590
vn -0.875663 -0.014965 -0.482690
vn -0.888148 0.030980 -0.458512
vn -0.991076 0.056971 -0.120507
vn -0.992420 -0.010307 -0.122461
vn -0.859073 -0.017715 -0.511547
vn -0.988657 0.088925 0.121033
vn -0.991341 -0.000134 0.131316
vn -0.976606 0.112857 0.183041
vn -0.982633 0.096552 -0.158459
vn -0.919108 0.368032 -0.140686
vn -0.949043 0.258117 0.180811
vn -0.889240 0.122825 -0.440643
vn -0.790977 0.451263 -0.413179
vn -0.980090 0.116482 0.160795
vn -0.928216 0.091208 -0.360689
vn -0.950717 0.004081 -0.310033
vn -0.984926 0.010295 0.172671
vn -0.651616 0.037396 -0.757626
vn -0.628120 -0.008448 -0.778071
vn -0.651857 0.032923 -0.757627
vn -0.906393 0.066524 -0.417165
vn -0.898797 -0.006533 -0.438316
vn -0.573077 0.008135 -0.819461
vn -0.985930 0.072306 -0.150713
vn -0.986395 -0.009696 -0.164108
vn -0.983055 0.158577 -0.091963
vn -0.769377 0.495442 -0.403232
vn -0.759970 0.495243 -0.420928
vn -0.900035 0.435609 -0.013482
vn -0.494398 0.449282 -0.744121
vn -0.494755 0.449377 -0.743826
vn -0.975586 0.195498 -0.100064
vn -0.739988 0.133622 -0.659214
vn -0.789034 0.014469 -0.614179
vn -0.992979 0.009921 -0.117874
vn -0.205102 0.013791 -0.978643
vn -0.178890 0.009375 -0.983824
vn -0.163726 0.023975 -0.986214
vn -0.721122 -0.043174 -0.691462
vn -0.678885 0.015080 -0.734090
vn -0.085442 0.048423 -0.995166
vn -0.890256 0.099026 -0.444564
vn -0.887589 -0.000049 -0.460636
vn -0.803112 0.523221 -0.285045
vn -0.689881 0.518205 -0.505498
vn -0.689881 0.518205 -0.505498
vn -0.805015 0.522975 -0.280087
vn -0.194281 0.091194 -0.976698
vn 0.017068 0.256288 -0.966450
vn -0.886336 0.256006 -0.385836
vn -0.677623 0.223436 -0.700645
vn -0.670873 0.028434 -0.741027
vn -0.915146 0.019257 -0.402663
vn 0.302194 -0.060876 -0.951301
vn 0.358248 0.020924 -0.933392
vn 0.351090 -0.072803 -0.933507
vn -0.157972 0.019996 -0.987241
vn -0.285219 0.035499 -0.957805
vn 0.420377 0.064482 -0.905056
vn -0.647065 0.090035 -0.757100
vn -0.660056 0.020458 -0.750938
vn -0.683647 0.122717 -0.719421
vn -0.116985 0.038632 -0.992382
vn -0.271234 0.496936 -0.824310
vn -0.388383 0.661923 -0.641106
vn 0.284769 -0.069747 -0.956056
vn 0.216187 -0.169527 -0.961522
vn -0.675722 0.247613 -0.694326
vn -0.329752 0.169771 -0.928677
vn -0.305371 0.026794 -0.951856
vn -0.726266 0.025872 -0.686927
vn 0.664922 -0.165409 -0.728367
vn 0.742097 0.010463 -0.670211
vn 0.693072 -0.177183 -0.698754
vn 0.292054 -0.089407 -0.952214
vn 0.180367 0.040552 -0.982763
vn 0.757240 0.047194 -0.651429
vn -0.229414 0.014291 -0.973224
vn -0.256357 0.036670 -0.965886
vn -0.284230 0.027688 -0.958356
vn 0.332053 -0.099392 -0.938010
vn -0.005285 0.146447 -0.989204
vn -0.158246 0.325666 -0.932148
vn 0.640705 -0.214545 -0.737203
vn 0.385482 -0.515974 -0.764967
vn -0.289365 0.136948 -0.947372
vn 0.091807 0.023314 -0.995504
vn 0.150957 0.002968 -0.988536
vn -0.360414 0.014458 -0.932680
vn 0.856813 -0.260268 -0.445120
vn 0.931922 -0.009161 -0.362544
vn 0.879419 -0.242338 -0.409749
vn 0.644963 -0.180648 -0.742556
vn 0.600332 0.020496 -0.799488
vn 0.930970 0.018997 -0.364601
vn 0.277704 -0.074355 -0.957785
vn 0.259563 0.030302 -0.965251
vn 0.216022 -0.072324 -0.973706
vn 0.665230 -0.201099 -0.719047
vn 0.411268 -0.474170 -0.778474
vn 0.193906 -0.131421 -0.972178
vn 0.847282 -0.291135 -0.444245
vn 0.508608 -0.720180 -0.471867
vn 0.209318 -0.058960 -0.976068
vn 0.507351 -0.164215 -0.845948
vn 0.789667 -0.021882 -0.613145
vn 0.160277 -0.015196 -0.986955
vn 0.934121 -0.323313 -0.151285
vn 0.997519 -0.023928 -0.066213
vn 0.958292 -0.264057 -0.109321
vn 0.860961 -0.241632 -0.447617
vn 0.867050 -0.001919 -0.498218
vn 0.996626 -0.001932 -0.082052
vn 0.662253 -0.158340 -0.732359
vn 0.673134 0.004323 -0.739507
vn 0.622943 -0.151009 -0.767554
vn 0.865543 -0.258050 -0.429239
vn 0.556208 -0.706569 -0.437485
vn 0.461985 -0.529295 -0.711629
vn 0.941251 -0.307740 -0.139076
vn 0.807979 -0.572695 -0.138529
vn 0.616403 -0.234655 -0.751654
vn 0.815056 -0.374948 -0.441698
vn 0.952501 -0.037349 -0.302238
vn 0.613559 -0.039772 -0.788646
vn 0.967637 -0.052458 0.246832
vn 0.973480 -0.026659 0.227212
vn 0.962390 -0.050596 0.266919
vn 0.951218 -0.273814 -0.142161
vn 0.982736 -0.017022 -0.184231
vn 0.979035 -0.008692 0.203506
vn 0.866056 -0.239926 -0.438615
vn 0.900455 -0.019451 -0.434514
vn 0.857565 -0.217204 -0.466267
vn 0.811791 -0.580717 -0.061342
vn 0.810470 -0.579088 -0.088288
vn 0.768393 -0.535764 -0.350042
vn 0.801732 -0.576049 0.159357
vn 0.801720 -0.576041 0.159442
vn 0.841453 -0.321055 -0.434605
vn 0.941475 -0.337057 0.004246
vn 0.999049 -0.035195 0.025720
vn 0.873585 -0.047424 -0.484355
vn 0.838971 -0.032439 0.543209
vn 0.844856 -0.014225 0.534805
vn 0.827956 -0.030458 0.559965
vn 0.976738 -0.051475 0.208166
vn 0.991764 -0.017050 0.126936
vn 0.857679 0.002866 0.514177
vn 0.989667 -0.066247 -0.127165
vn 0.990918 -0.029368 -0.131222
vn 0.817256 -0.575654 -0.026741
vn 0.794856 -0.564688 0.222105
vn 0.791986 -0.562556 0.237253
vn 0.817255 -0.575530 -0.029329
vn 0.860037 -0.208625 0.465630
vn 0.727865 -0.507772 0.460848
vn 0.975823 -0.072630 -0.206140
vn 0.994320 -0.065926 0.083558
vn 0.935994 -0.016782 0.351616
vn 0.982607 -0.040269 -0.181281
vn 0.574999 -0.217674 0.788666
vn 0.555259 0.015042 0.831541
vn 0.566482 -0.098051 0.818220
vn 0.845643 -0.240919 0.476283
vn 0.897481 0.000157 0.441054
vn 0.555644 0.035994 0.830641
vn 0.985542 -0.053996 0.160595
vn 0.986237 -0.023846 0.163611
vn 0.798664 -0.543900 0.257506
vn 0.846797 -0.218132 0.485132
vn 0.692151 -0.464742 0.552215
vn 0.797810 -0.543343 0.261298
vn 0.647726 -0.108998 0.754036
vn 0.428157 -0.460790 0.777402
vn 0.939743 -0.297169 0.169040
vn 0.873490 -0.212282 0.438123
vn 0.750548 0.018065 0.660569
vn 0.994524 -0.020317 0.102518
vn 0.141712 -0.024103 0.989614
vn 0.076779 0.055136 0.995522
vn 0.125457 0.001480 0.992098
vn 0.622895 -0.166382 0.764407
vn 0.671017 0.033510 0.740685
vn 0.042296 0.076074 0.996205
vn 0.832528 -0.289339 0.472419
vn 0.887449 -0.002944 0.460896
vn 0.870815 -0.230897 0.434014
vn 0.627164 -0.136976 0.766748
vn 0.349250 -0.447077 0.823496
vn 0.720901 -0.448122 0.528666
vn 0.258661 0.000996 0.965968
vn 0.193515 -0.134199 0.971876
vn 0.865153 -0.222512 0.449442
vn 0.682944 -0.112469 0.721760
vn 0.695733 0.045559 0.716854
vn 0.924441 0.011359 0.381156
vn -0.361823 0.172283 0.916189
vn 0.109670 0.092590 0.989646
vn -0.372918 0.102345 0.922203
vn -0.049494 0.060681 0.996929
vn -0.037444 0.095559 0.994719
vn -0.466068 0.089574 0.880203
vn 0.617350 -0.196722 0.761696
vn 0.654078 0.033776 0.755673
vn 0.696706 -0.145834 0.702377
vn 0.286247 -0.029061 0.957715
vn 0.114893 -0.159181 0.980541
vn 0.286367 -0.510299 0.810919
vn -0.248757 0.101508 0.963232
vn -0.149046 0.215773 0.965001
vn 0.689331 -0.115063 0.715250
vn 0.368354 -0.010553 0.929626
vn 0.343244 0.081630 0.935692
vn 0.748026 0.050045 0.661780
vn -0.726688 0.264448 0.634028
vn -0.771556 0.076240 0.631577
vn -0.737416 0.180921 0.650757
vn -0.490819 0.147594 0.858669
vn -0.480377 0.096617 0.871724
vn -0.783612 0.072536 0.617002
vn 0.251576 -0.033527 0.967257
vn 0.236596 0.076821 0.968566
vn 0.393175 -0.015125 0.919339
vn 0.087963 0.058086 0.994429
vn -0.128678 0.142035 0.981462
vn 0.102340 -0.229981 0.967799
vn -0.661154 0.171177 0.730461
vn -0.419122 0.504538 0.754836
vn 0.364853 0.009522 0.931017
vn -0.058000 0.087184 0.994502
vn -0.121432 0.095520 0.987993
vn -0.129532 0.100119 0.986508
vn -0.908672 0.253186 0.331981
vn -0.934176 0.049763 0.353326
vn -0.916855 0.203943 0.343196
vn -0.584560 0.200700 0.786136
vn -0.596675 0.084017 0.798073
vn -0.938939 0.040684 0.341671
vn -0.229731 0.138190 0.963394
vn -0.280610 0.094086 0.955199
vn -0.069968 0.110644 0.991394
vn -0.341102 0.146954 0.928469
vn -0.203662 0.406742 0.890552
vn -0.105687 0.104960 0.988845
vn -0.895253 0.160342 0.415707
vn -0.825324 0.409186 0.389112
vn -0.102229 0.114060 0.988200
vn -0.399912 0.157406 0.902936
vn -0.418299 0.081876 0.904612
vn -0.087814 0.087475 0.992289
vn -0.981955 0.178761 0.061710
vn -0.996038 0.018153 0.087057
vn -0.983699 0.169457 0.060175
vn -0.862133 0.197296 0.466691
vn -0.860525 0.046028 0.507325
vn -0.997356 0.007211 0.072314
vn -0.653950 0.205328 0.728141
vn -0.681493 0.069537 0.728513
vn -0.985767 0.093091 0.139990
vn -0.905222 0.183749 0.383157
vn -0.792778 0.466146 0.392697
vn -0.883884 0.448334 0.133214
vn -0.518427 0.230107 0.823580
vn -0.454835 0.365159 0.812271
vn -0.987096 -0.007808 -0.159936
vn -0.996920 -0.005120 0.078263
vn -0.983329 0.165471 0.075390
vn -0.980732 0.102297 -0.166436
vn -0.865694 -0.000344 0.500573
vn -0.815530 0.174524 0.551771
vn -0.889996 -0.001197 -0.455967
vn -0.970836 -0.006184 -0.239664
vn -0.956315 0.176660 -0.232923
vn -0.871027 0.143418 -0.469834
vn -0.983582 -0.014728 0.179858
vn -0.960613 0.136893 0.241832
vn -0.664881 0.018078 -0.746730
vn -0.835257 0.012148 -0.549726
vn -0.817677 0.214689 -0.534147
vn -0.630204 0.202340 -0.749601
vn -0.994143 -0.003779 -0.108008
vn -0.989750 0.130437 -0.058145
vn -0.263375 0.030771 -0.964203
vn -0.562451 0.033868 -0.826137
vn -0.541906 0.269053 -0.796209
vn -0.240150 0.253132 -0.937151
vn -0.923592 0.020334 -0.382838
vn -0.926048 0.153440 -0.344806
vn 0.254355 0.018650 -0.966931
vn -0.138036 0.039714 -0.989631
vn -0.125476 0.309675 -0.942527
vn 0.230494 0.264503 -0.936435
vn -0.752275 0.044895 -0.657318
vn -0.754799 0.197681 -0.625461
vn 0.670954 -0.007182 -0.741464
vn 0.329402 0.022506 -0.943922
vn 0.331791 0.312582 -0.890060
vn 0.628533 0.232358 -0.742264
vn -0.419117 0.055119 -0.906258
vn 0.026129 0.289305 -0.956880
vn 0.899107 -0.024967 -0.437016
vn 0.694063 -0.002491 -0.719910
vn 0.689431 0.284386 -0.666190
vn 0.871705 0.188777 -0.452210
vn 0.099618 0.036695 -0.994349
vn 0.051709 0.282728 -0.957805
vn 0.990479 -0.028924 -0.134595
vn 0.906080 -0.021347 -0.422567
vn 0.895615 0.254741 -0.364666
vn 0.976248 0.163919 -0.141670
vn 0.597671 0.000856 -0.801741
vn 0.524444 0.276185 -0.805407
vn 0.986789 -0.018878 0.160910
vn 0.993555 -0.024235 -0.110730
vn 0.968612 0.243617 -0.049419
vn 0.971186 0.168838 0.168201
vn 0.877237 -0.021860 -0.479559
vn 0.827920 0.244918 -0.504544
vn 0.887866 0.006545 0.460056
vn 0.980506 -0.010398 0.196216
vn 0.931928 0.253606 0.259218
vn 0.857225 0.199166 0.474866
vn 0.984774 -0.022982 -0.172312
vn 0.958638 0.220004 -0.180586
vn 0.653881 0.045922 0.755202
vn 0.863529 0.019425 0.503924
vn 0.782749 0.280833 0.555370
vn 0.608135 0.238417 0.757185
vn 0.994341 -0.006415 0.106039
vn 0.968467 0.217928 0.120748
vn 0.239982 0.084557 0.967088
vn 0.601109 0.059718 0.796932
vn 0.497905 0.309967 0.809945
vn 0.208652 0.258875 0.943106
vn 0.925503 0.024840 0.377926
vn 0.883482 0.237015 0.404084
vn -0.274278 0.094712 0.956975
vn 0.190365 0.092888 0.977309
vn 0.087425 0.315825 0.944781
vn -0.264062 0.234653 0.935526
vn 0.756739 0.065069 0.650470
vn 0.691455 0.265626 0.671813
vn -0.679047 0.070511 0.730701
vn -0.526281 0.083823 0.846169
vn -0.367477 0.290098 0.883631
vn -0.644703 0.179260 0.743118
vn 0.435646 0.096332 0.894949
vn 0.310765 0.298965 0.902244
vn -0.900588 0.034885 0.433272
vn -0.610648 0.068076 0.788971
vn -0.661122 0.235057 0.712507
vn -0.886281 0.119829 0.447379
vn -0.056147 0.089933 0.994364
vn -0.080962 0.275597 0.957858
vn -0.608186 0.139374 0.781464
vn -0.954871 0.131398 0.266375
vn -0.952904 0.029765 0.301809
vn -0.587627 0.060980 0.806831
vn -0.976557 0.083718 -0.198312
vn -0.981294 -0.005484 -0.192437
vn -0.008645 0.846513 0.532297
vn -0.008177 0.915275 0.402748
vn -0.045617 0.929981 0.364766
vn -0.088473 0.823557 0.560292
vn 0.006744 0.858044 -0.513532
vn 0.055449 0.865640 -0.497587
vn -0.010736 0.978045 0.208118
vn -0.003253 0.981699 -0.190410
vn -0.031082 0.991970 -0.122597
vn -0.088996 0.961131 0.261357
vn 0.009259 0.585135 -0.810883
vn 0.099134 0.618795 -0.779272
vn -0.012143 0.993773 -0.110760
vn -0.005903 0.943315 -0.331846
vn -0.047256 0.940520 -0.336437
vn -0.113971 0.993273 -0.020466
vn 0.011994 0.166512 -0.985967
vn 0.139788 0.243857 -0.959684
vn -0.006134 0.896342 -0.443322
vn 0.000912 0.748750 -0.662852
vn -0.046200 0.760331 -0.647890
vn -0.126360 0.935670 -0.329477
vn 0.018979 -0.288071 -0.957421
vn 0.174225 -0.190053 -0.966191
vn 0.001370 0.661940 -0.749556
vn 0.008067 0.420833 -0.907102
vn -0.005985 0.459616 -0.888098
vn -0.101136 0.748293 -0.655613
vn 0.017639 -0.222255 -0.974829
vn 0.210073 -0.555153 -0.804782
vn 0.009943 0.268111 -0.963337
vn 0.016551 -0.106501 -0.994175
vn 0.081573 0.040483 -0.995845
vn -0.011971 0.353148 -0.935491
vn 0.019821 -0.883926 -0.467207
vn 0.241616 -0.796983 -0.553570
vn 0.017747 -0.176586 -0.984125
vn 0.017100 -0.580907 -0.813790
vn 0.219687 -0.694506 -0.685127
vn 0.134049 -0.218830 -0.966511
vn 0.015929 -0.991532 -0.128885
vn 0.258239 -0.930453 -0.259943
vn 0.021132 -0.595341 -0.803195
vn 0.017569 -0.852392 -0.522608
vn 0.251725 -0.908585 -0.333327
vn 0.229874 -0.669159 -0.706671
vn 0.010528 -0.977811 0.209226
vn 0.255949 -0.965241 0.052912
vn 0.020247 -0.845255 -0.533979
vn 0.019920 -0.917363 -0.397552
vn 0.249071 -0.968389 -0.013645
vn 0.263082 -0.890829 -0.370421
vn 0.004647 -0.857099 0.515131
vn 0.225264 -0.895277 0.384363
vn 0.016896 -0.977798 -0.208868
vn 0.015289 -0.998773 -0.047112
vn 0.215105 -0.912661 0.347534
vn 0.257955 -0.965135 -0.044434
vn -0.003338 -0.595377 0.803440
vn 0.150801 -0.662407 0.733809
vn 0.012038 -0.991589 0.128864
vn 0.006075 -0.936479 0.350671
vn 0.190408 -0.835201 0.515930
vn 0.227103 -0.938714 0.259308
vn -0.012224 -0.174038 0.984663
vn 0.013233 -0.190920 0.981516
vn 0.005897 -0.890458 0.455028
vn -0.000985 -0.758531 0.651636
vn 0.106526 -0.638732 0.762019
vn 0.174974 -0.821282 0.543028
vn -0.019499 0.293193 0.955854
vn -0.138528 0.380815 0.914215
vn -0.001645 -0.654232 0.756292
vn -0.008017 -0.433552 0.901093
vn 0.021814 -0.319134 0.947459
vn 0.099501 -0.604143 0.790639
vn -0.018751 0.217064 0.975977
vn -0.192180 0.753587 0.628628
vn -0.009529 -0.287534 0.957723
vn -0.015635 0.175619 0.984334
vn -0.044566 0.103041 0.993678
vn 0.003452 -0.275329 0.961344
vn -0.019356 0.896366 0.442893
vn -0.171340 0.934091 0.313235
vn -0.017310 0.168316 0.985581
vn -0.016114 0.555160 0.831587
vn -0.114209 0.480874 0.869320
vn -0.091948 0.126550 0.987690
vn -0.015416 0.993761 0.110458
vn -0.106886 0.994024 0.022178
vn -0.015417 0.569205 0.822051
vn -0.013830 0.778564 0.627413
vn -0.014054 0.746285 0.665478
vn -0.015281 0.562959 0.826343
vn -0.002532 0.976383 -0.216032
vn -0.002498 0.976375 -0.216067
vn 0.003128 0.837320 -0.546704
vn -0.002661 0.978445 -0.206489
vn -0.002684 0.981091 -0.193530
vn 0.003367 0.837607 -0.546263
vn -0.008135 0.986599 0.162961
vn -0.007983 0.986639 0.162723
vn -0.012786 0.842014 0.539305
vn -0.009812 0.957796 0.287281
vn -0.010302 0.919380 0.393236
vn -0.012453 0.834660 0.550625
vn 0.002996 0.841883 -0.539652
vn 0.003384 0.840055 -0.542490
vn -0.047526 0.552458 -0.832184
vn -0.084120 0.831556 -0.549034
vn -0.016822 0.849807 -0.526825
vn -0.009267 0.563908 -0.825786
vn -0.054374 0.976741 -0.207415
vn -0.013560 0.984504 -0.174838
vn -0.107743 0.967659 0.228096
vn -0.103580 0.992457 -0.065578
vn -0.020144 0.985456 -0.168731
vn -0.022433 0.975779 0.217607
vn -0.048222 0.560805 -0.826542
vn 0.001879 0.561012 -0.827806
vn -0.001309 0.146119 -0.989266
vn -0.050079 0.556991 -0.829008
vn -0.005995 0.639088 -0.769111
vn 0.008032 0.164163 -0.986401
vn -0.089648 0.867215 -0.489798
vn -0.016656 0.870804 -0.491349
vn -0.106381 0.989228 -0.100552
vn -0.090338 0.906263 -0.412948
vn -0.014408 0.939922 -0.341085
vn -0.018439 0.994107 -0.106825
vn -0.002432 0.157708 -0.987483
vn 0.011963 0.151871 -0.988328
vn 0.047662 -0.302962 -0.951810
vn -0.003995 0.165786 -0.986154
vn 0.009375 0.282228 -0.959302
vn 0.027532 -0.289129 -0.956894
vn -0.058247 0.619252 -0.783029
vn -0.005798 0.620404 -0.784261
vn -0.092428 0.898784 -0.428538
vn -0.063957 0.695087 -0.716075
vn -0.004432 0.743880 -0.668299
vn -0.011310 0.900116 -0.435504
vn 0.046293 -0.290056 -0.955889
vn 0.018721 -0.304741 -0.952251
vn 0.084682 -0.666222 -0.740930
vn 0.044008 -0.260838 -0.964379
vn 0.023285 -0.218385 -0.975585
vn 0.036182 -0.667862 -0.743405
vn -0.011171 0.227346 -0.973750
vn 0.008042 0.227416 -0.973764
vn -0.063495 0.676247 -0.733934
vn -0.025580 0.367180 -0.929798
vn 0.006785 0.418592 -0.908149
vn -0.001170 0.675337 -0.737508
vn 0.083629 -0.657142 -0.749113
vn 0.023777 -0.670375 -0.741641
vn 0.105103 -0.890179 -0.443322
vn 0.082678 -0.625960 -0.775460
vn 0.031034 -0.609543 -0.792145
vn 0.038332 -0.896526 -0.441329
vn 0.041131 -0.233524 -0.971481
vn 0.021407 -0.233137 -0.972208
vn -0.019339 0.304681 -0.952258
vn 0.019915 -0.045833 -0.998751
vn 0.016058 -0.115962 -0.993124
vn 0.010059 0.305546 -0.952124
vn 0.104433 -0.885345 -0.453055
vn 0.025075 -0.896528 -0.442277
vn 0.111057 -0.986564 -0.119822
vn 0.106142 -0.870106 -0.481299
vn 0.033636 -0.868534 -0.494487
vn 0.036275 -0.992847 -0.113751
vn 0.082608 -0.623225 -0.777667
vn 0.029487 -0.624168 -0.780734
vn 0.032520 -0.160599 -0.986484
vn 0.063294 -0.463953 -0.883596
vn 0.022439 -0.564239 -0.825307
vn 0.017495 -0.153461 -0.988000
vn 0.110727 -0.985431 -0.129097
vn 0.022626 -0.993466 -0.111863
vn 0.104693 -0.972430 0.208375
vn 0.114047 -0.982570 -0.146801
vn 0.031828 -0.987310 -0.155580
vn 0.031086 -0.975735 0.216736
vn 0.106262 -0.868941 -0.483373
vn 0.031850 -0.872678 -0.487256
vn 0.075852 -0.575700 -0.814135
vn 0.093675 -0.782240 -0.615894
vn 0.024890 -0.840662 -0.540988
vn 0.022415 -0.568679 -0.822254
vn 0.104617 -0.974053 0.200688
vn 0.017035 -0.974787 0.222485
vn 0.085380 -0.842045 0.532607
vn 0.108017 -0.974697 0.195698
vn 0.026487 -0.981587 0.189169
vn 0.022416 -0.841540 0.539730
vn 0.114178 -0.980448 -0.160264
vn 0.029894 -0.986235 -0.162628
vn 0.101375 -0.845926 -0.523576
vn 0.107205 -0.955224 -0.275778
vn 0.028192 -0.921380 -0.387638
vn 0.024947 -0.837581 -0.545743
vn 0.085515 -0.845787 0.526623
vn 0.008399 -0.843125 0.537653
vn 0.014741 -0.444744 0.895537
vn 0.088095 -0.844008 0.529046
vn 0.017833 -0.853519 0.520757
vn -0.000440 -0.520778 0.853692
vn 0.109174 -0.979856 0.167224
vn 0.024759 -0.985641 0.167032
vn 0.009105 -0.976402 -0.215770
vn 0.004841 -0.997425 0.071555
vn 0.006726 -0.999333 -0.035888
vn 0.009266 -0.974460 -0.224368
vn 0.010400 -0.449276 0.893332
vn -0.006593 -0.553098 0.833090
vn -0.013988 -0.150780 0.988468
vn -0.008922 -0.572239 0.820038
vn -0.007685 -0.645423 0.763787
vn -0.013908 -0.166482 0.985946
vn -0.002190 -0.870794 0.491644
vn -0.002197 -0.870975 0.491322
vn 0.004190 -0.993218 0.116194
vn -0.000936 -0.908265 0.418395
vn 0.000176 -0.933897 0.357543
vn 0.004308 -0.993922 0.110002
vn -0.013934 -0.157436 0.987431
vn -0.014032 -0.152433 0.988214
vn -0.016152 0.305714 0.951986
vn -0.013660 -0.186643 0.982333
vn -0.012719 -0.290819 0.956694
vn -0.016197 0.289962 0.956901
vn -0.008097 -0.620198 0.784403
vn -0.008125 -0.620550 0.784125
vn -0.001335 -0.895939 0.444176
vn -0.006756 -0.694372 0.719585
vn -0.005440 -0.751665 0.659523
vn -0.001201 -0.899535 0.436846
vn -0.016145 0.298782 0.954185
vn -0.016220 0.305654 0.952005
vn -0.015113 0.675394 0.737302
vn -0.016027 0.245580 0.969244
vn -0.015980 0.212817 0.976961
vn -0.015174 0.670381 0.741862
vn -0.013279 -0.227505 0.973686
vn -0.013321 -0.227622 0.973659
vn -0.007214 -0.667136 0.744901
vn -0.011855 -0.367143 0.930089
vn -0.011094 -0.428603 0.903425
vn -0.007085 -0.674309 0.738416
vn -0.015167 0.668613 0.743456
vn -0.015159 0.672172 0.740240
vn -0.011886 0.900639 0.434405
vn -0.015435 0.624138 0.781161
vn -0.015451 0.607633 0.794067
vn -0.011874 0.898678 0.438448
vn -0.015983 0.232971 0.972352
vn -0.015956 0.233100 0.972322
vn -0.012569 -0.295660 0.955211
vn -0.015292 0.041925 0.999004
vn -0.015437 0.161606 0.986735
vn -0.012377 -0.304158 0.952541
vn -0.011995 0.896340 0.443205
vn -0.011844 0.899462 0.436839
vn -0.007463 0.994287 0.106476
vn -0.012362 0.875892 0.482349
vn -0.012379 0.868320 0.495850
vn -0.007440 0.993906 0.109984
vn -0.015379 0.624172 0.781136
vn -0.015237 0.624356 0.780991
vn -0.015612 0.160137 0.986971
vn -0.015969 0.456864 0.889393
vn -0.015336 0.541722 0.840418
vn -0.015395 0.153804 0.987981
vn -0.007596 0.993253 0.115715
vn -0.007408 0.994046 0.108706
vn -0.002400 0.974562 -0.224105
vn -0.007879 0.989799 0.142255
vn -0.008578 0.979924 0.199187
vn -0.002458 0.975666 -0.219248
vn -0.012339 0.872892 0.487758
vn -0.012203 0.872852 0.487832
vn -0.355284 0.403498 0.843186
vn -0.028162 0.956810 -0.289347
vn -0.096055 0.984909 0.143970
vn -0.094736 0.985696 0.139388
vn -0.014637 0.989554 -0.143416
vn -0.004709 0.892057 -0.451898
vn -0.277387 0.557590 -0.782400
vn -0.041860 0.247050 -0.968098
vn 0.276591 -0.107572 -0.954948
vn 0.492872 -0.434807 -0.753671
vn 0.305625 -0.833452 -0.460382
vn 0.316140 -0.936898 -0.149256
vn 0.298633 -0.940628 0.161359
vn 0.250162 -0.844250 0.473984
vn 0.314117 -0.534047 0.784936
vn 0.095529 -0.193434 0.976452
vn -0.131057 0.227390 0.964944
vn -0.352773 0.549721 0.757204
vn -0.185024 0.876704 0.444024
vn -0.987560 0.097170 0.123624
vn -0.991005 0.005151 0.133727
vn -0.885078 0.142977 0.442938
vn -0.641826 0.205961 0.738674
vn -0.268722 0.252858 0.929436
vn 0.201719 0.264280 0.943115
vn 0.605441 0.232263 0.761246
vn 0.857457 0.188729 0.478695
vn 0.971444 0.163918 0.171547
vn 0.975880 0.168890 -0.138331
vn 0.871345 0.199252 -0.448394
vn 0.631110 0.238538 -0.738106
vn 0.237534 0.259107 -0.936184
vn -0.235141 0.234943 -0.943139
vn -0.630408 0.176087 -0.756029
vn -0.872224 0.120201 -0.474107
vn -0.981007 0.093120 -0.170157
vn -0.985383 0.102157 0.136322
vn -0.780124 0.468327 0.414820
vn -0.782693 0.467860 0.410486
vn -0.518080 0.515538 0.682506
vn -0.522270 0.514639 0.679986
vn -0.224436 0.535342 0.814271
vn -0.230129 0.534958 0.812933
vn 0.161732 0.550408 0.819081
vn 0.156167 0.550403 0.820164
vn 0.500768 0.543565 0.673623
vn 0.496657 0.543817 0.676457
vn 0.730155 0.527587 0.434195
vn 0.727814 0.527841 0.437801
vn 0.842156 0.516316 0.155533
vn 0.841385 0.516415 0.159333
vn 0.845874 0.516415 -0.133464
vn 0.846528 0.516316 -0.129644
vn 0.740894 0.527841 -0.415282
vn 0.743124 0.527587 -0.411604
vn 0.517164 0.543816 -0.660913
vn 0.521185 0.543564 -0.657955
vn 0.181240 0.550402 -0.814991
vn 0.186769 0.550408 -0.813737
vn -0.205091 0.534958 -0.819608
vn -0.199359 0.535342 -0.820771
vn -0.542529 0.501566 -0.673865
vn -0.537993 0.502144 -0.677063
vn -0.769741 0.467858 -0.434290
vn -0.767041 0.468324 -0.438543
vn -0.880298 0.448164 -0.155642
vn -0.879384 0.448335 -0.160250
vn -0.884656 0.448163 0.128581
vn -0.014601 0.586304 0.809960
vn -0.004602 0.977996 -0.208575
vn -0.564223 0.042887 0.824508
vn -0.583605 0.132017 0.801234
vn -0.196335 0.800374 0.566440
vn 0.126167 0.860044 -0.494374
vn 0.124003 0.866601 -0.483348
vn -0.172197 0.935759 0.307740
vn 0.186473 0.631678 -0.752470
vn 0.180839 0.651293 -0.736963
vn -0.184230 0.982473 0.028400
vn 0.147876 0.236690 -0.960266
vn 0.098701 0.250411 -0.963095
vn -0.180663 0.941499 -0.284501
vn 0.272665 -0.141528 -0.951643
vn 0.363300 -0.055961 -0.929990
vn -0.422813 0.639969 -0.641614
vn 0.385858 -0.458923 -0.800315
vn 0.526055 -0.345664 -0.777034
vn -0.135526 0.335359 -0.932291
vn 0.482988 -0.673648 -0.559393
vn 0.612704 -0.569986 -0.547458
vn 0.187643 -0.160705 -0.969002
vn 0.312369 -0.906715 -0.283360
vn 0.311952 -0.900775 -0.302143
vn 0.432658 -0.558468 -0.707757
vn 0.306440 -0.951689 0.019551
vn 0.306936 -0.951681 0.009637
vn 0.310026 -0.891980 -0.329021
vn 0.270215 -0.895464 0.353734
vn 0.270747 -0.897086 0.349188
vn 0.307461 -0.951559 -0.001680
vn 0.403419 -0.538322 0.739907
vn 0.379343 -0.558690 0.737539
vn 0.274983 -0.912614 0.302522
vn 0.113984 -0.133207 0.984512
vn 0.090024 -0.149192 0.984702
vn 0.554293 -0.605124 0.571475
vn -0.250439 0.323119 0.912620
vn -0.230363 0.343168 0.910587
vn 0.438981 -0.394056 0.807475
vn -0.465533 0.648022 0.602782
vn -0.475203 0.641233 0.602497
vn 0.241650 -0.116266 0.963373
vn -0.246156 0.938499 0.242130
vn -0.245767 0.937308 0.247089
vn -0.082738 0.165299 0.982767
vn -0.174303 0.983377 -0.050867
vn -0.174659 0.983855 -0.039033
vn -0.532140 0.150885 0.833103
vn -0.952527 0.137164 -0.271806
vn -0.963786 0.082246 -0.253677
vn -0.836512 0.101435 0.538478
vn -0.797818 0.174875 -0.576980
vn -0.819503 0.101463 -0.564022
vn -0.971127 0.082404 0.223879
vn -0.492628 0.230343 -0.839202
vn -0.506112 0.151110 -0.849127
vn -0.993234 0.092098 -0.070735
vn -0.055717 0.275001 -0.959828
vn -0.004736 0.201893 -0.979396
vn -0.928350 0.121920 -0.351144
vn 0.388522 0.285423 -0.876119
vn 0.450209 0.223065 -0.864612
vn -0.785976 0.154277 -0.598698
vn 0.711580 0.265691 -0.650432
vn 0.750943 0.210876 -0.625792
vn -0.487110 0.194251 -0.851464
vn 0.895468 0.237010 -0.376779
vn 0.904870 0.191234 -0.380316
vn -0.001746 0.212033 -0.977261
vn 0.971714 0.217894 -0.091073
vn 0.980858 0.165886 -0.101977
vn 0.542877 0.194882 -0.816887
vn 0.952634 0.219935 0.210042
vn 0.969083 0.153207 0.193406
vn 0.855428 0.162967 -0.491615
vn 0.812190 0.244794 0.529550
vn 0.839913 0.162996 0.517667
vn 0.974619 0.153201 -0.163239
vn 0.499617 0.276059 0.821081
vn 0.517479 0.194878 0.833209
vn 0.977281 0.165807 0.132021
vn 0.022531 0.282624 0.958966
vn -0.031791 0.211979 0.976757
vn 0.892762 0.191125 0.407979
vn -0.495147 0.242445 0.834296
vn -0.513059 0.194109 0.836117
vn 0.731452 0.210726 0.648516
vn -0.773876 0.197601 0.601723
vn -0.804121 0.153977 0.574178
vn 0.393539 0.230411 0.889965
vn -0.936483 0.153211 0.315477
vn -0.939102 0.121325 0.321509
vn -0.061614 0.208011 0.976184
vn -0.991215 0.129455 0.027091
vn -0.995021 0.091056 0.040516
vn -0.462967 0.361805 0.809172
vn -0.893535 0.301931 -0.332315
vn -0.897347 0.299865 -0.323805
vn -0.051893 0.387624 0.920356
vn -0.076910 0.396848 0.914657
vn -0.955938 0.292361 -0.026601
vn -0.956887 0.289849 -0.018835
vn 0.240384 0.434703 0.867899
vn 0.202614 0.449007 0.870253
vn -0.909848 0.301220 0.285381
vn -0.921482 0.287022 0.261705
vn 0.652838 0.395916 0.645796
vn 0.629182 0.408570 0.661212
vn -0.760061 0.313355 0.569312
vn -0.760061 0.313355 0.569312
vn 0.831509 0.392990 0.392621
vn 0.828669 0.399318 0.392241
vn -0.448048 0.353083 0.821332
vn -0.448048 0.353083 0.821332
vn 0.917728 0.386677 0.090862
vn 0.914839 0.393110 0.092376
vn 0.021362 0.402466 0.915186
vn -0.013171 0.387250 0.921881
vn 0.894663 0.388225 -0.221042
vn 0.892508 0.394633 -0.218389
vn 0.440018 0.410700 0.798567
vn 0.440590 0.403946 0.801691
vn 0.751212 0.396602 -0.527624
vn 0.749945 0.403113 -0.524483
vn 0.733499 0.403106 0.547252
vn 0.734677 0.396600 0.550416
vn 0.464976 0.403948 -0.787797
vn 0.464312 0.410707 -0.784687
vn 0.885391 0.394629 0.245663
vn 0.887464 0.388222 0.248379
vn 0.015093 0.387249 -0.921852
vn 0.049408 0.402464 -0.914101
vn 0.917244 0.393105 -0.064274
vn 0.920084 0.386674 -0.062681
vn -0.422662 0.353078 -0.834681
vn -0.422662 0.353078 -0.834681
vn 0.840315 0.399309 -0.366637
vn 0.843149 0.392992 -0.366955
vn -0.742242 0.313356 -0.592355
vn -0.742243 0.313356 -0.592355
vn 0.649162 0.408570 -0.641607
vn 0.672338 0.395914 -0.625471
vn -0.912675 0.287340 -0.290620
vn -0.900320 0.301511 -0.313871
vn 0.340472 0.411238 -0.845554
vn 0.367938 0.399934 -0.839449
vn -0.956992 0.289919 -0.010668
vn -0.956474 0.291815 -0.001459
vn -0.048826 0.396847 -0.916585
vn -0.023646 0.387625 -0.921514
vn -0.906854 0.299869 0.296132
vn -0.903302 0.301933 0.304765
vn -0.429719 0.365156 -0.825834
vn -0.437941 0.361802 -0.822986
vn -0.744904 0.326242 0.581965
vn -0.738522 0.328900 0.588566
vn -0.720127 0.328908 -0.610931
vn -0.726701 0.326247 -0.604539
vn -0.015295 0.567222 0.823423
vn -0.008034 0.986040 0.166318
vn -0.015445 0.561411 0.827393
vn -0.008185 0.985984 0.166637
vn -0.012553 0.850959 0.525082
vn -0.012869 0.839563 0.543110
vn -0.008788 0.981739 0.190031
vn -0.886146 0.121609 0.447165
vn -0.838504 0.306532 0.450500
vn -0.113474 0.989334 0.091335
vn -0.913616 0.020469 0.406062
vn -0.961762 0.182254 0.204446
vn 0.022579 0.979902 -0.198197
vn -0.988374 0.151707 0.010062
vn -0.991728 0.127449 -0.015226
vn -0.980138 0.168499 -0.104579
vn 0.086173 0.861156 -0.500983
vn -0.752374 0.332296 -0.568782
vn -0.926698 0.144890 -0.346753
vn -0.892991 0.184236 -0.410638
vn 0.036071 0.517975 -0.854635
vn -0.171290 0.419265 -0.891559
vn -0.732315 0.190734 -0.653709
vn -0.683577 0.227319 -0.693577
vn 0.036639 0.210031 -0.977008
vn 0.091711 0.164654 -0.982079
vn -0.403444 0.244529 -0.881725
vn -0.331155 0.281051 -0.900748
vn 0.222473 -0.114794 -0.968157
vn 0.345938 -0.115152 -0.931164
vn 0.013869 0.277628 -0.960589
vn 0.115071 0.315213 -0.942019
vn 0.421744 -0.417871 -0.804684
vn 0.515194 -0.375405 -0.770484
vn 0.423894 0.274257 -0.863190
vn 0.522971 0.309256 -0.794268
vn 0.546599 -0.637854 -0.542560
vn 0.751632 -0.470466 -0.462290
vn 0.741249 0.243511 -0.625501
vn 0.799911 0.279899 -0.530847
vn 0.316275 -0.922925 -0.219499
vn 0.788505 -0.529439 -0.312976
vn 0.925402 0.210202 -0.315350
vn 0.939542 0.252776 -0.231009
vn 0.304786 -0.947699 0.094725
vn 0.819389 -0.573059 0.014317
vn 0.980373 0.196564 0.015198
vn 0.967090 0.241940 0.078751
vn 0.260360 -0.865843 0.427234
vn 0.772661 -0.535474 0.340974
vn 0.915064 0.210093 0.344266
vn 0.884269 0.253609 0.392111
vn 0.341001 -0.470168 0.814040
vn 0.218689 -0.360801 0.906641
vn 0.721519 0.243202 0.648277
vn 0.668857 0.283181 0.687342
vn -0.093613 0.130492 0.987020
vn -0.040297 0.051022 0.997884
vn 0.397889 0.273937 0.875582
vn 0.306086 0.311768 0.899507
vn -0.369675 0.475046 0.798543
vn -0.278420 0.412553 0.867342
vn -0.014829 0.277433 0.960631
vn -0.149604 0.312151 0.938179
vn -0.240384 0.843798 0.479813
vn -0.666146 0.445588 0.598081
vn -0.458620 0.241489 0.855190
vn -0.559742 0.273647 0.782180
vn -0.209869 0.885688 0.414139
vn -0.854072 0.423807 0.301576
vn -0.682418 0.198498 0.703495
vn -0.821510 0.223315 0.524645
vn -0.876742 0.451157 0.166676
vn -0.887612 0.447866 0.107519
vn -0.883910 0.447876 -0.134575
vn -0.871207 0.451168 -0.193511
vn -0.780386 0.466149 -0.416777
vn -0.733674 0.476383 -0.484544
vn -0.571036 0.498733 -0.652061
vn -0.466406 0.514232 -0.719743
vn -0.270508 0.532399 -0.802107
vn -0.101422 0.545140 -0.832188
vn 0.081560 0.552594 -0.829450
vn 0.274876 0.553834 -0.785946
vn 0.420799 0.552213 -0.719714
vn 0.580719 0.543269 -0.606321
vn 0.678708 0.537771 -0.500158
vn 0.776039 0.527442 -0.345786
vn 0.823040 0.523246 -0.220952
vn 0.853241 0.518962 -0.051568
vn 0.851259 0.518962 0.077695
vn 0.815884 0.523247 0.246062
vn 0.765101 0.527439 0.369362
vn 0.663106 0.537771 0.520666
vn 0.561861 0.543278 0.623828
vn 0.398503 0.552221 0.732289
vn 0.250639 0.553832 0.794009
vn 0.056112 0.552591 0.831562
vn -0.126813 0.545150 0.828692
vn -0.317174 0.548117 0.773930
vn -0.488145 0.514246 0.705171
vn -0.590740 0.498742 0.634257
vn -0.716897 0.484007 0.501792
vn -0.936965 0.144794 0.318010
vn -0.875881 0.381155 0.295894
vn -0.928445 0.371193 -0.014322
vn -0.866379 0.381153 -0.322659
vn -0.684260 0.408042 -0.604392
vn -0.379333 0.441465 -0.813151
vn 0.009744 0.464577 -0.885479
vn 0.390797 0.466639 -0.793427
vn 0.680602 0.453475 -0.575449
vn 0.849716 0.438869 -0.292193
vn 0.901332 0.432908 0.013821
vn 0.840438 0.438865 0.317902
vn 0.662642 0.453487 0.596033
vn 0.366370 0.466640 0.804997
vn -0.017417 0.464578 0.885361
vn -0.466801 0.435870 0.769490
vn -0.702412 0.408050 0.583192
vn -0.039594 0.999216 -0.000450
vn -0.039594 0.999216 -0.000450
vn -0.039594 0.999216 -0.000450
vn -0.039594 0.999216 -0.000450
vn -0.039594 0.999216 -0.000450
vn -0.039594 0.999216 -0.000450
vn -0.039594 0.999216 -0.000450
vn -0.039594 0.999216 -0.000450
vn -0.039594 0.999216 -0.000450
vn -0.039594 0.999216 -0.000450
vn -0.039594 0.999216 -0.000450
vn -0.039594 0.999216 -0.000450
vn -0.039594 0.999216 -0.000450
vn -0.039594 0.999216 -0.000450
vn -0.039594 0.999216 -0.000450
vn -0.039594 0.999216 -0.000450
vn -0.039594 0.999216 -0.000450
vn -0.039594 0.999216 -0.000450
vn -0.039594 0.999216 -0.000450
vn -0.039594 0.999216 -0.000450
vn -0.039594 0.999216 -0.000450
vn -0.039594 0.999216 -0.000450
vn -0.039594 0.999216 -0.000450
vn -0.039594 0.999216 -0.000450
vn -0.039594 0.999216 -0.000450
vn -0.039594 0.999216 -0.000450
vn -0.039594 0.999216 -0.000450
vn -0.039594 0.999216 -0.000450
vn -0.039594 0.999216 -0.000450
vn -0.039594 0.999216 -0.000450
vn -0.039594 0.999216 -0.000450
vn -0.039594 0.999216 -0.000450
vn -0.039594 0.999216 -0.000450
vn -0.039594 0.999216 -0.000450
vn -0.039594 0.999216 -0.000450
vn -0.039594 0.999216 -0.000450
vn -0.039594 0.999216 -0.000450
vn -0.039594 0.999216 -0.000450
vn -0.039594 0.999216 -0.000450
vn -0.039594 0.999216 -0.000450
vn -0.039594 0.999216 -0.000450
vn -0.039594 0.999216 -0.000450
vn -0.039594 0.999216 -0.000450
vn -0.039594 0.999216 -0.000450
vn -0.039594 0.999216 -0.000450
vn -0.039594 0.999216 -0.000450
vn -0.039594 0.999216 -0.000450
vn -0.039594 0.999216 -0.000450
vn -0.039594 0.999216 -0.000450
vn -0.039594 0.999216 -0.000450
vn -0.039594 0.999216 -0.000450
vn -0.039594 0.999216 -0.000450
vn -0.039594 0.999216 -0.000450
vn -0.039594 0.999216 -0.000450
vn -0.039594 0.999216 -0.000450
vn -0.039594 0.999216 -0.000450
vn -0.039594 0.999216 -0.000450
vn -0.039594 0.999216 -0.000450
vn -0.039594 0.999216 -0.000450
vn -0.039594 0.999216 -0.000450
vn -0.039594 0.999216 -0.000450
vn -0.039594 0.999216 -0.000450
vn -0.039594 0.999216 -0.000450
vn -0.039594 0.999216 -0.000450
vn -0.039594 0.999216 -0.000450
vn -0.039594 0.999216 -0.000450
vn -0.039594 0.999216 -0.000450
vn -0.039594 0.999216 -0.000450
vn -0.039594 0.999216 -0.000450
vn -0.039594 0.999216 -0.000450
vn -0.039594 0.999216 -0.000450
vn -0.039594 0.999216 -0.000450
vn -0.039594 0.999216 -0.000450
vn -0.039594 0.999216 -0.000450
vn -0.039594 0.999216 -0.000450
vn -0.039594 0.999216 -0.000450
vn -0.039594 0.999216 -0.000450
vn -0.039594 0.999216 -0.000450
vn -0.039594 0.999216 -0.000450
vn -0.039594 0.999216 -0.000450
vn -0.039594 0.999216 -0.000450
vn -0.039594 0.999216 -0.000450
vn -0.039594 0.999216 -0.000450
vn -0.039594 0.999216 -0.000450
vn -0.039594 0.999216 -0.000450
vn -0.039594 0.999216 -0.000450
vn -0.039594 0.999216 -0.000450
vn -0.039594 0.999216 -0.000450
vn -0.039594 0.999216 -0.000450
vn -0.039594 0.999216 -0.000450
vn -0.039594 0.999216 -0.000450
vn -0.039594 0.999216 -0.000450
vn -0.039594 0.999216 -0.000450
vn -0.039594 0.999216 -0.000450
vn -0.039594 0.999216 -0.000450
vn -0.039594 0.999216 -0.000450
vn -0.039594 0.999216 -0.000450
vn -0.039594 0.999216 -0.000450
vn -0.039594 0.999216 -0.000450
vn -0.039594 0.999216 -0.000450
vn -0.039594 0.999216 -0.000450
vn -0.039594 0.999216 -0.000450
vn -0.039594 0.999216 -0.000450
vn -0.039594 0.999216 -0.000450
vn -0.039594 0.999216 -0.000450
vn -0.039594 0.999216 -0.000450
vn -0.039594 0.999216 -0.000450
vn -0.039594 0.999216 -0.000450
vn -0.039594 0.999216 -0.000450
vn -0.039594 0.999216 -0.000450
vn -0.039594 0.999216 -0.000450
vn -0.039594 0.999216 -0.000450
vn -0.039594 0.999216 -0.000450
vn -0.039594 0.999216 -0.000450
vn -0.039594 0.999216 -0.000450
vn -0.039594 0.999216 -0.000450
vn -0.039594 0.999216 -0.000450
vn -0.039594 0.999216 -0.000450
vn -0.039594 0.999216 -0.000450
vn -0.039594 0.999216 -0.000450
vn -0.039594 0.999216 -0.000450
vn -0.039594 0.999216 -0.000450
vn -0.039594 0.999216 -0.000450
vn -0.039594 0.999216 -0.000450
vn -0.039594 0.999216 -0.000450
vn -0.039594 0.999216 -0.000450
vn -0.039594 0.999216 -0.000450
vn -0.039594 0.999216 -0.000450
vn -0.039594 0.999216 -0.000450
vn -0.039594 0.999216 -0.000450
vn -0.039594 0.999216 -0.000450
vn -0.039594 0.999216 -0.000450
vn -0.039594 0.999216 -0.000450
vn -0.039594 0.999216 -0.000450
vn -0.039594 0.999216 -0.000450
vn -0.039594 0.999216 -0.000450
vn -0.039594 0.999216 -0.000450
vn -0.039594 0.999216 -0.000450
vn -0.039594 0.999216 -0.000450
vn -0.039594 0.999216 -0.000450
vn -0.039594 0.999216 -0.000450
vn -0.039594 0.999216 -0.000450
vn -0.039594 0.999216 -0.000450
vn -0.039594 0.999216 -0.000450
vn -0.039594 0.999216 -0.000450
vn 0.978233 0.000009 0.207508
vn 0.975672 -0.000022 -0.219237
vn 0.980737 0.000022 -0.195335
vn 0.976658 0.000019 0.214802
vn 0.834995 0.000001 -0.550258
vn 0.835206 -0.000001 -0.549937
vn 0.178617 -0.000051 -0.983919
vn 0.562153 -0.000029 -0.827033
vn 0.522502 0.000015 -0.852638
vn 0.169575 -0.000009 -0.985517
vn 0.827753 0.000004 -0.561093
vn 0.827402 0.000002 -0.561610
vn 0.983180 0.000009 -0.182640
vn 0.817507 -0.000022 -0.575918
vn 0.831333 0.000022 -0.555775
vn 0.984516 0.000019 -0.175297
vn 0.560859 0.000001 -0.827911
vn 0.561178 -0.000001 -0.827695
vn -0.211513 -0.000051 -0.977375
vn 0.202860 -0.000029 -0.979208
vn 0.156438 0.000016 -0.987688
vn -0.220477 -0.000008 -0.975392
vn 0.550022 0.000004 -0.835150
vn 0.549500 0.000002 -0.835494
vn 0.838447 0.000009 -0.544983
vn 0.534883 -0.000022 -0.844926
vn 0.555367 0.000022 -0.831606
vn 0.842491 0.000019 -0.538711
vn 0.201339 0.000001 -0.979522
vn 0.201716 -0.000001 -0.979444
vn -0.569434 -0.000051 -0.822037
vn -0.187297 -0.000029 -0.982303
vn -0.233438 0.000015 -0.972372
vn -0.576959 -0.000009 -0.816773
vn 0.188557 0.000004 -0.982062
vn 0.187944 0.000002 -0.982180
vn 0.566065 0.000009 -0.824361
vn 0.170827 -0.000022 -0.985301
vn 0.194850 0.000022 -0.980833
vn 0.572202 0.000019 -0.820113
vn -0.188833 0.000001 -0.982009
vn -0.188455 -0.000001 -0.982082
vn -0.840672 -0.000051 -0.541545
vn -0.548956 -0.000029 -0.835852
vn -0.587781 0.000015 -0.809020
vn -0.845609 -0.000009 -0.533803
vn -0.201614 0.000004 -0.979465
vn -0.202226 0.000002 -0.979339
vn 0.207510 0.000009 -0.978233
vn -0.219233 -0.000022 -0.975673
vn -0.195330 0.000022 -0.980738
vn 0.214804 0.000019 -0.976657
vn -0.550259 0.000001 -0.834994
vn -0.549937 -0.000001 -0.835206
vn -0.983919 -0.000051 -0.178616
vn -0.827034 -0.000029 -0.562152
vn -0.852638 0.000015 -0.522502
vn -0.985518 -0.000009 -0.169574
vn -0.561093 0.000004 -0.827753
vn -0.561610 0.000002 -0.827402
vn -0.182643 0.000009 -0.983179
vn -0.575920 -0.000022 -0.817506
vn -0.555774 0.000022 -0.831333
vn -0.175301 0.000019 -0.984515
vn -0.827911 0.000001 -0.560860
vn -0.827695 -0.000001 -0.561178
vn -0.977375 -0.000051 0.211513
vn -0.979206 -0.000029 -0.202867
vn -0.987688 0.000015 -0.156438
vn -0.975392 -0.000009 0.220480
vn -0.835149 0.000004 -0.550023
vn -0.835493 0.000002 -0.549501
vn -0.544985 0.000009 -0.838446
vn -0.844927 -0.000022 -0.534882
vn -0.831607 0.000022 -0.555365
vn -0.538714 0.000019 -0.842489
vn -0.979522 0.000001 -0.201339
vn -0.979444 -0.000001 -0.201716
vn -0.822036 -0.000051 0.569436
vn -0.982302 -0.000029 0.187302
vn -0.972371 0.000016 0.233443
vn -0.816772 -0.000008 0.576960
vn -0.982062 0.000004 -0.188557
vn -0.982180 0.000002 -0.187943
vn -0.824361 0.000009 -0.566065
vn -0.985301 -0.000022 -0.170825
vn -0.980833 0.000022 -0.194848
vn -0.820113 0.000019 -0.572202
vn -0.982009 0.000001 0.188833
vn -0.982082 -0.000001 0.188455
vn -0.541545 -0.000051 0.840672
vn -0.835853 -0.000029 0.548953
vn -0.809019 0.000015 0.587782
vn -0.533804 -0.000009 0.845608
vn -0.979465 0.000004 0.201614
vn -0.979339 0.000002 0.202226
vn -0.978233 0.000009 -0.207510
vn -0.975673 -0.000022 0.219233
vn -0.980737 0.000022 0.195332
vn -0.976657 0.000019 -0.214804
vn -0.834994 0.000001 0.550259
vn -0.835206 -0.000001 0.549937
vn -0.178615 -0.000051 0.983919
vn -0.562150 -0.000029 0.827035
vn -0.522501 0.000015 0.852639
vn -0.169573 -0.000009 0.985518
vn -0.827752 0.000004 0.561094
vn -0.827402 0.000002 0.561610
vn -0.983179 0.000009 0.182643
vn -0.817507 -0.000022 0.575919
vn -0.831332 0.000022 0.555776
vn -0.984515 0.000019 0.175300
vn -0.560861 0.000001 0.827910
vn -0.561179 -0.000001 0.827694
vn 0.211518 -0.000051 0.977374
vn -0.202860 -0.000029 0.979208
vn -0.156435 0.000015 0.987688
vn 0.220484 -0.000009 0.975391
vn -0.550024 0.000004 0.835149
vn -0.549502 0.000002 0.835492
vn -0.838447 0.000009 0.544983
vn -0.534883 -0.000022 0.844926
vn -0.555366 0.000022 0.831606
vn -0.842490 0.000019 0.538712
vn -0.201339 0.000001 0.979522
vn -0.201715 -0.000001 0.979444
vn 0.569436 -0.000051 0.822036
vn 0.187302 -0.000029 0.982302
vn 0.233446 0.000015 0.972370
vn 0.576960 -0.000009 0.816773
vn -0.188557 0.000004 0.982062
vn -0.187943 0.000002 0.982180
vn -0.566065 0.000009 0.824360
vn -0.170823 -0.000022 0.985302
vn -0.194850 0.000022 0.980833
vn -0.572202 0.000019 0.820113
vn 0.188834 0.000001 0.982009
vn 0.188456 -0.000001 0.982082
vn 0.840671 -0.000051 0.541546
vn 0.548955 -0.000029 0.835852
vn 0.587781 0.000015 0.809020
vn 0.845608 -0.000009 0.533805
vn 0.201615 0.000004 0.979465
vn 0.202227 0.000002 0.979339
vn -0.207510 0.000009 0.978233
vn 0.219235 -0.000022 0.975672
vn 0.195331 0.000022 0.980737
vn -0.214805 0.000019 0.976657
vn 0.550259 0.000001 0.834994
vn 0.549937 -0.000001 0.835206
vn 0.983919 -0.000051 0.178614
vn 0.827035 -0.000029 0.562150
vn 0.852640 0.000015 0.522498
vn 0.985518 -0.000009 0.169570
vn 0.561093 0.000004 0.827753
vn 0.561611 0.000002 0.827402
vn 0.182643 0.000009 0.983179
vn 0.575920 -0.000022 0.817506
vn 0.555771 0.000022 0.831335
vn 0.175300 0.000019 0.984515
vn 0.827910 0.000001 0.560860
vn 0.827695 -0.000001 0.561179
vn 0.977374 -0.000051 -0.211517
vn 0.979206 -0.000030 0.202867
vn 0.987687 0.000014 0.156444
vn 0.975391 -0.000009 -0.220482
vn 0.835149 0.000004 0.550023
vn 0.835493 0.000002 0.549502
vn 0.544983 0.000009 0.838447
vn 0.844927 -0.000022 0.534881
vn 0.831606 0.000022 0.555365
vn 0.538711 0.000019 0.842490
vn 0.979522 0.000001 0.201339
vn 0.979444 -0.000001 0.201716
vn 0.822035 -0.000051 -0.569436
vn 0.982302 -0.000030 -0.187305
vn 0.972367 0.000015 -0.233456
vn 0.816773 -0.000009 -0.576959
vn 0.982062 0.000004 0.188557
vn 0.982180 0.000002 0.187943
vn 0.824360 0.000009 0.566065
vn 0.985301 -0.000022 0.170825
vn 0.980833 0.000022 0.194848
vn 0.820113 0.000019 0.572201
vn 0.982009 0.000001 -0.188833
vn 0.982082 -0.000002 -0.188455
vn 0.566652 0.000049 -0.823957
vn 0.764980 0.000164 -0.644054
vn 0.761834 -0.000112 -0.647772
vn 0.566239 -0.000035 -0.824241
vn 0.983309 0.000049 0.181943
vn 0.983218 -0.000035 0.182435
vn 0.838560 -0.000035 -0.544809
vn 0.951733 -0.000112 -0.306928
vn 0.944012 0.097256 -0.315249
vn 0.786997 0.081847 -0.611503
vn 0.838560 -0.000035 0.544809
vn 0.786997 0.081846 0.611504
vn 0.977728 0.096650 0.186300
vn 0.967917 0.111960 -0.224950
vn 0.930345 0.253778 -0.264680
vn 0.949024 0.259161 0.179414
vn 0.763110 0.096544 -0.639017
vn 0.636715 0.176272 -0.750682
vn 0.983217 -0.000035 -0.182440
vn 0.996742 -0.000112 0.080650
vn 0.992794 0.097257 0.070008
vn 0.961102 0.081846 -0.263789
vn 0.566237 -0.000035 0.824242
vn 0.493077 0.081846 0.866127
vn 0.832008 0.096651 0.546279
vn 0.980323 0.111960 0.162577
vn 0.960812 0.253780 0.111520
vn 0.808125 0.259161 0.528932
vn 0.949562 0.096543 -0.298347
vn 0.875526 0.176272 -0.449869
vn 0.978190 -0.000035 0.207713
vn 0.890007 -0.000112 0.455946
vn 0.890431 0.097256 0.444605
vn 0.988889 0.081847 0.124093
vn 0.207714 -0.000035 0.978190
vn 0.124094 0.081847 0.988889
vn 0.559624 0.096651 0.823091
vn 0.843485 0.111960 0.525356
vn 0.844987 0.253781 0.470735
vn 0.544196 0.259161 0.797926
vn 0.991453 0.096544 0.087748
vn 0.981038 0.176270 -0.080586
vn 0.824242 -0.000035 0.566238
vn 0.647775 -0.000112 0.761831
vn 0.652513 0.097256 0.751511
vn 0.866128 0.081846 0.493076
vn -0.182436 -0.000035 0.983218
vn -0.263786 0.081847 0.961102
vn 0.202041 0.096651 0.974596
vn 0.578235 0.111960 0.808152
vn 0.600537 0.253780 0.758255
vn 0.197417 0.259162 0.945443
vn 0.882404 0.096543 0.460480
vn 0.937194 0.176274 0.300989
vn 0.544808 -0.000035 0.838561
vn 0.306925 -0.000112 0.951734
vn 0.315245 0.097257 0.944014
vn 0.611502 0.081847 0.786999
vn -0.544808 -0.000035 0.838561
vn -0.611502 0.081847 0.786999
vn -0.186300 0.096651 0.977727
vn 0.224954 0.111960 0.967916
vn 0.264642 0.253781 0.930355
vn -0.179414 0.259162 0.949024
vn 0.639016 0.096544 0.763110
vn 0.750682 0.176271 0.636714
vn 0.182439 -0.000035 0.983217
vn -0.080651 -0.000112 0.996742
vn -0.070006 0.097257 0.992794
vn 0.263788 0.081847 0.961102
vn -0.824242 -0.000035 0.566238
vn -0.866127 0.081847 0.493077
vn -0.546280 0.096651 0.832008
vn -0.162575 0.111960 0.980324
vn -0.111485 0.253777 0.960817
vn -0.528931 0.259162 0.808126
vn 0.298347 0.096543 0.949562
vn 0.449867 0.176273 0.875527
vn -0.207715 -0.000035 0.978189
vn -0.455948 -0.000112 0.890006
vn -0.444603 0.097257 0.890432
vn -0.124094 0.081847 0.988889
vn -0.978190 -0.000035 0.207714
vn -0.988889 0.081847 0.124093
vn -0.823092 0.096651 0.559624
vn -0.525354 0.111960 0.843486
vn -0.470740 0.253781 0.844985
vn -0.797925 0.259161 0.544197
vn -0.087747 0.096544 0.991453
vn 0.080591 0.176270 0.981037
vn -0.566237 -0.000035 0.824242
vn -0.761832 -0.000112 0.647775
vn -0.751514 0.097256 0.652509
vn -0.493077 0.081846 0.866127
vn -0.983217 -0.000035 -0.182439
vn -0.961102 0.081847 -0.263788
vn -0.974597 0.096651 0.202040
vn -0.808152 0.111960 0.578234
vn -0.758235 0.253778 0.600564
vn -0.945443 0.259162 0.197417
vn -0.460479 0.096543 0.882405
vn -0.300972 0.176270 0.937200
vn -0.838560 -0.000035 0.544809
vn -0.951733 -0.000112 0.306928
vn -0.944012 0.097256 0.315249
vn -0.786997 0.081847 0.611503
vn -0.838560 -0.000035 -0.544809
vn -0.786997 0.081847 -0.611503
vn -0.977727 0.096651 -0.186300
vn -0.967917 0.111960 0.224950
vn -0.930357 0.253781 0.264634
vn -0.949024 0.259162 -0.179414
vn -0.763111 0.096544 0.639016
vn -0.636714 0.176271 0.750682
vn -0.983218 -0.000035 0.182436
vn -0.996742 -0.000112 -0.080655
vn -0.992794 0.097257 -0.070013
vn -0.961103 0.081847 0.263785
vn -0.566238 -0.000035 -0.824242
vn -0.493078 0.081846 -0.866127
vn -0.832008 0.096651 -0.546279
vn -0.980323 0.111960 -0.162576
vn -0.960812 0.253779 -0.111516
vn -0.808126 0.259161 -0.528931
vn -0.949563 0.096543 0.298346
vn -0.875524 0.176271 0.449874
vn -0.978190 -0.000035 -0.207714
vn -0.890004 -0.000112 -0.455952
vn -0.890430 0.097257 -0.444607
vn -0.988889 0.081847 -0.124093
vn -0.207714 -0.000035 -0.978190
vn -0.124094 0.081847 -0.988889
vn -0.559624 0.096651 -0.823092
vn -0.843484 0.111960 -0.525357
vn -0.844978 0.253782 -0.470751
vn -0.544196 0.259161 -0.797926
vn -0.991453 0.096544 -0.087748
vn -0.981037 0.176270 0.080588
vn -0.824242 -0.000035 -0.566238
vn -0.647774 -0.000112 -0.761833
vn -0.652509 0.097256 -0.751514
vn -0.866127 0.081846 -0.493077
vn 0.182438 -0.000035 -0.983217
vn 0.263786 0.081846 -0.961103
vn -0.202040 0.096650 -0.974597
vn -0.578233 0.111960 -0.808153
vn -0.600574 0.253777 -0.758227
vn -0.197420 0.259160 -0.945443
vn -0.882405 0.096543 -0.460480
vn -0.937195 0.176272 -0.300986
vn -0.544807 -0.000035 -0.838561
vn -0.306925 -0.000112 -0.951734
vn -0.315248 0.097256 -0.944013
vn -0.611502 0.081846 -0.786998
vn 0.544808 -0.000035 -0.838561
vn 0.611503 0.081847 -0.786998
vn 0.186300 0.096650 -0.977727
vn -0.224948 0.111960 -0.967917
vn -0.264675 0.253778 -0.930346
vn 0.179412 0.259160 -0.949024
vn -0.639014 0.096544 -0.763112
vn -0.750676 0.176272 -0.636721
vn -0.182435 -0.000035 -0.983218
vn 0.080655 -0.000112 -0.996742
vn 0.070039 0.097256 -0.992792
vn -0.263769 0.081842 -0.961108
vn 0.824243 -0.000035 -0.566237
vn 0.866128 0.081846 -0.493075
vn 0.546276 0.096650 -0.832010
vn 0.162542 0.111991 -0.980326
vn 0.111441 0.253777 -0.960822
vn 0.528925 0.259161 -0.808130
vn -0.298330 0.096545 -0.949567
vn -0.449615 0.176319 -0.875647
vn 0.207715 -0.000035 -0.978189
vn 0.455945 -0.000112 -0.890008
vn 0.444603 0.097256 -0.890432
vn 0.124095 0.081846 -0.988889
vn 0.978190 -0.000035 -0.207712
vn 0.988889 0.081845 -0.124096
vn 0.823092 0.096650 -0.559623
vn 0.525356 0.111960 -0.843484
vn 0.470737 0.253780 -0.844987
vn 0.797927 0.259160 -0.544195
vn 0.087749 0.096544 -0.991453
vn -0.080587 0.176270 -0.981037
vn 0.915686 0.353146 -0.191852
vn 0.741609 0.405100 -0.534705
vn 0.665902 0.599884 -0.443525
vn 0.778041 0.606214 -0.164794
vn 0.377452 0.307257 -0.873569
vn 0.363127 0.458352 -0.811204
vn 0.837769 -0.000022 -0.546025
vn 0.958234 0.000020 -0.285985
vn 0.953217 0.000164 -0.302288
vn 0.838833 0.000049 -0.544388
vn 0.837769 -0.000022 0.546025
vn 0.838833 0.000049 0.544388
vn 0.982951 -0.000022 -0.183866
vn 0.994735 0.000020 0.102481
vn 0.996338 0.000164 0.085502
vn 0.983308 0.000049 -0.181947
vn 0.565040 -0.000022 0.825063
vn 0.566650 0.000049 0.823959
vn 0.978490 -0.000022 0.206294
vn 0.879797 0.000020 0.475350
vn 0.887776 0.000164 0.460275
vn 0.978085 0.000049 0.208204
vn 0.206295 -0.000022 0.978490
vn 0.208204 0.000049 0.978085
vn 0.825064 -0.000022 0.565040
vn 0.630921 0.000020 0.775847
vn 0.644056 0.000164 0.764978
vn 0.823958 0.000049 0.566651
vn -0.183863 -0.000022 0.982952
vn -0.181943 0.000049 0.983309
vn 0.546024 -0.000022 0.837769
vn 0.285987 0.000020 0.958233
vn 0.302289 0.000164 0.953216
vn 0.544388 0.000049 0.838833
vn -0.546025 -0.000022 0.837769
vn -0.544388 0.000049 0.838833
vn 0.183866 -0.000022 0.982951
vn -0.102480 0.000020 0.994735
vn -0.085503 0.000164 0.996338
vn 0.181947 0.000049 0.983308
vn -0.825063 -0.000022 0.565041
vn -0.823958 0.000049 0.566651
vn -0.206293 -0.000022 0.978490
vn -0.475342 0.000020 0.879801
vn -0.460272 0.000164 0.887778
vn -0.208203 0.000049 0.978086
vn -0.978490 -0.000022 0.206293
vn -0.978086 0.000049 0.208203
vn -0.565040 -0.000022 0.825064
vn -0.775852 0.000020 0.630915
vn -0.764979 0.000164 0.644056
vn -0.566650 0.000049 0.823958
vn -0.982952 -0.000022 -0.183864
vn -0.983309 0.000049 -0.181945
vn -0.837769 -0.000022 0.546025
vn -0.958234 0.000020 0.285985
vn -0.953217 0.000164 0.302288
vn -0.838833 0.000049 0.544388
vn -0.837769 -0.000022 -0.546025
vn -0.838833 0.000049 -0.544389
vn -0.982952 -0.000022 0.183863
vn -0.994735 0.000020 -0.102482
vn -0.996338 0.000164 -0.085506
vn -0.983309 0.000049 0.181943
vn -0.565040 -0.000022 -0.825063
vn -0.566650 0.000049 -0.823958
vn -0.978490 -0.000022 -0.206295
vn -0.879795 0.000020 -0.475354
vn -0.887773 0.000164 -0.460282
vn -0.978085 0.000049 -0.208205
vn -0.206292 -0.000022 -0.978490
vn -0.208204 0.000049 -0.978085
vn -0.825063 -0.000022 -0.565041
vn -0.630914 0.000020 -0.775853
vn -0.644054 0.000164 -0.764980
vn -0.823958 0.000049 -0.566651
vn 0.183863 -0.000022 -0.982952
vn 0.181945 0.000049 -0.983309
vn -0.546024 -0.000022 -0.837769
vn -0.285987 0.000020 -0.958233
vn -0.302289 0.000164 -0.953216
vn -0.544388 0.000049 -0.838834
vn 0.546024 -0.000022 -0.837769
vn 0.544389 0.000049 -0.838833
vn -0.183864 -0.000022 -0.982952
vn 0.102484 0.000020 -0.994735
vn 0.085510 0.000164 -0.996337
vn -0.181944 0.000049 -0.983309
vn 0.825064 -0.000022 -0.565039
vn 0.823958 0.000049 -0.566650
vn 0.206295 -0.000022 -0.978490
vn 0.475345 0.000020 -0.879799
vn 0.460272 0.000164 -0.887778
vn 0.208204 0.000049 -0.978085
vn 0.978491 -0.000022 -0.206291
vn 0.978086 0.000049 -0.208202
vn 0.564186 -0.000039 -0.825647
vn 0.747407 -0.000135 -0.664367
vn 0.768459 -0.000399 -0.639899
vn 0.564506 -0.000103 -0.825429
vn 0.982761 -0.000038 0.184882
vn 0.982832 -0.000103 0.184501
vn 0.816772 -0.000009 0.576961
vn 0.972370 0.000015 0.233445
vn 0.982302 -0.000029 0.187302
vn 0.822035 -0.000051 0.569437
vn 0.982180 0.000002 -0.187942
vn 0.982062 0.000004 -0.188556
vn 0.837204 -0.000038 -0.546890
vn 0.944757 -0.000134 -0.327772
vn 0.954843 -0.000399 -0.297109
vn 0.837415 -0.000103 -0.546568
vn 0.837202 -0.000038 0.546893
vn 0.837415 -0.000103 0.546568
vn 0.533804 -0.000009 0.845608
vn 0.809019 0.000015 0.587782
vn 0.835853 -0.000029 0.548954
vn 0.541546 -0.000051 0.840671
vn 0.979339 0.000002 0.202227
vn 0.979465 0.000004 0.201615
vn 0.982761 -0.000039 -0.184883
vn 0.998275 -0.000135 0.058719
vn 0.995859 -0.000399 0.090907
vn 0.982832 -0.000102 -0.184503
vn 0.564184 -0.000038 0.825649
vn 0.564505 -0.000102 0.825430
vn 0.169574 -0.000009 0.985518
vn 0.522503 0.000015 0.852638
vn 0.562151 -0.000029 0.827035
vn 0.178618 -0.000051 0.983919
vn 0.827402 0.000002 0.561611
vn 0.827752 0.000004 0.561094
vn 0.978703 -0.000038 0.205279
vn 0.899815 -0.000135 0.436271
vn 0.885265 -0.000399 0.465087
vn 0.978624 -0.000103 0.205659
vn 0.205279 -0.000039 0.978703
vn 0.205660 -0.000103 0.978624
vn -0.220479 -0.000009 0.975392
vn 0.156443 0.000015 0.987687
vn 0.202865 -0.000029 0.979207
vn -0.211515 -0.000051 0.977375
vn 0.549501 0.000002 0.835493
vn 0.550023 0.000004 0.835149
vn 0.825649 -0.000038 0.564185
vn 0.664374 -0.000135 0.747400
vn 0.639909 -0.000399 0.768451
vn 0.825430 -0.000103 0.564504
vn -0.184885 -0.000038 0.982760
vn -0.184501 -0.000102 0.982832
vn -0.576959 -0.000009 0.816773
vn -0.233442 0.000015 0.972371
vn -0.187295 -0.000029 0.982304
vn -0.569435 -0.000051 0.822036
vn 0.187943 0.000002 0.982180
vn 0.188556 0.000004 0.982062
vn 0.546892 -0.000038 0.837203
vn 0.327772 -0.000135 0.944757
vn 0.297106 -0.000399 0.954844
vn 0.546566 -0.000103 0.837416
vn -0.546893 -0.000038 0.837203
vn -0.546568 -0.000102 0.837415
vn -0.845608 -0.000009 0.533805
vn -0.587784 0.000015 0.809018
vn -0.548956 -0.000029 0.835851
vn -0.840672 -0.000051 0.541545
vn -0.202228 0.000002 0.979339
vn -0.201615 0.000004 0.979465
vn 0.184880 -0.000038 0.982761
vn -0.058725 -0.000135 0.998274
vn -0.090905 -0.000399 0.995860
vn 0.184502 -0.000103 0.982832
vn -0.825647 -0.000038 0.564187
vn -0.825430 -0.000102 0.564505
vn -0.985518 -0.000009 0.169573
vn -0.852639 0.000015 0.522501
vn -0.827036 -0.000030 0.562149
vn -0.983919 -0.000051 0.178615
vn -0.561611 0.000002 0.827401
vn -0.561095 0.000004 0.827752
vn -0.205277 -0.000038 0.978704
vn -0.436258 -0.000135 0.899822
vn -0.465082 -0.000399 0.885267
vn -0.205659 -0.000102 0.978624
vn -0.978703 -0.000038 0.205282
vn -0.978624 -0.000103 0.205660
vn -0.975392 -0.000009 -0.220479
vn -0.987688 0.000014 0.156436
vn -0.979207 -0.000029 0.202864
vn -0.977375 -0.000051 -0.211515
vn -0.835493 0.000002 0.549501
vn -0.835150 0.000004 0.550023
vn -0.564185 -0.000038 0.825648
vn -0.747405 -0.000135 0.664369
vn -0.768460 -0.000399 0.639898
vn -0.564505 -0.000102 0.825430
vn -0.982761 -0.000038 -0.184881
vn -0.982832 -0.000102 -0.184501
vn -0.816772 -0.000008 -0.576961
vn -0.972370 0.000016 -0.233445
vn -0.982302 -0.000029 -0.187302
vn -0.822036 -0.000051 -0.569436
vn -0.982180 0.000002 0.187942
vn -0.982063 0.000004 0.188555
vn -0.837203 -0.000038 0.546892
vn -0.944756 -0.000135 0.327775
vn -0.954843 -0.000399 0.297109
vn -0.837415 -0.000103 0.546567
vn -0.837203 -0.000038 -0.546892
vn -0.837415 -0.000102 -0.546567
vn -0.533805 -0.000009 -0.845608
vn -0.809018 0.000015 -0.587783
vn -0.835852 -0.000029 -0.548956
vn -0.541547 -0.000051 -0.840671
vn -0.979339 0.000002 -0.202228
vn -0.979465 0.000004 -0.201615
vn -0.982761 -0.000038 0.184883
vn -0.998275 -0.000134 -0.058713
vn -0.995860 -0.000399 -0.090903
vn -0.982832 -0.000102 0.184501
vn -0.564185 -0.000039 -0.825648
vn -0.564504 -0.000103 -0.825430
vn -0.169572 -0.000009 -0.985518
vn -0.522504 0.000015 -0.852637
vn -0.562152 -0.000029 -0.827034
vn -0.178615 -0.000051 -0.983919
vn -0.827402 0.000002 -0.561611
vn -0.827752 0.000004 -0.561094
vn -0.978703 -0.000038 -0.205280
vn -0.899817 -0.000135 -0.436267
vn -0.885266 -0.000399 -0.465085
vn -0.978624 -0.000102 -0.205660
vn -0.205275 -0.000039 -0.978704
vn -0.205656 -0.000102 -0.978624
vn 0.220481 -0.000009 -0.975391
vn -0.156431 0.000015 -0.987689
vn -0.202863 -0.000029 -0.979207
vn 0.211516 -0.000051 -0.977375
vn -0.549501 0.000002 -0.835493
vn -0.550023 0.000004 -0.835150
vn -0.825648 -0.000038 -0.564186
vn -0.664362 -0.000134 -0.747411
vn -0.639896 -0.000399 -0.768462
vn -0.825430 -0.000103 -0.564505
vn 0.184880 -0.000038 -0.982761
vn 0.184499 -0.000102 -0.982833
vn 0.576960 -0.000008 -0.816773
vn 0.233445 0.000016 -0.972370
vn 0.187302 -0.000029 -0.982302
vn 0.569436 -0.000051 -0.822036
vn -0.187942 0.000002 -0.982180
vn -0.188555 0.000004 -0.982063
vn -0.546891 -0.000038 -0.837204
vn -0.327772 -0.000135 -0.944757
vn -0.297106 -0.000399 -0.954844
vn -0.546566 -0.000103 -0.837416
vn 0.546892 -0.000038 -0.837203
vn 0.546566 -0.000103 -0.837416
vn 0.845609 -0.000009 -0.533803
vn 0.587780 0.000015 -0.809021
vn 0.548955 -0.000030 -0.835852
vn 0.840672 -0.000051 -0.541545
vn 0.202228 0.000002 -0.979339
vn 0.201616 0.000004 -0.979465
vn -0.184880 -0.000038 -0.982761
vn 0.058710 -0.000135 -0.998275
vn 0.090903 -0.000399 -0.995860
vn -0.184501 -0.000102 -0.982832
vn 0.825650 -0.000038 -0.564182
vn 0.825431 -0.000103 -0.564502
vn 0.985518 -0.000009 -0.169570
vn 0.852640 0.000015 -0.522498
vn 0.827037 -0.000029 -0.562147
vn 0.983920 -0.000051 -0.178612
vn 0.561610 0.000002 -0.827402
vn 0.561093 0.000004 -0.827753
vn 0.205279 -0.000038 -0.978703
vn 0.436261 -0.000134 -0.899820
vn 0.465084 -0.000399 -0.885267
vn 0.205660 -0.000103 -0.978624
vn 0.978704 -0.000038 -0.205276
vn 0.978624 -0.000102 -0.205656
vn 0.975392 -0.000009 0.220479
vn 0.987688 0.000015 -0.156437
vn 0.979206 -0.000029 -0.202867
vn 0.977375 -0.000051 0.211513
vn 0.835494 0.000002 -0.549500
vn 0.835150 0.000004 -0.550022
vn 0.538713 0.000019 -0.842489
vn 0.536911 -0.000005 -0.843639
vn 0.976196 -0.000005 0.216890
vn 0.818888 -0.000005 -0.573953
vn 0.818887 -0.000005 0.573954
vn 0.763109 0.096543 0.639018
vn 0.976195 -0.000005 -0.216894
vn 0.536908 -0.000005 0.843641
vn 0.460478 0.096543 0.882405
vn 0.984888 -0.000005 0.173194
vn 0.173194 -0.000005 0.984888
vn 0.087748 0.096544 0.991453
vn 0.843640 -0.000005 0.536909
vn -0.216893 -0.000005 0.976195
vn -0.298347 0.096543 0.949562
vn 0.573953 -0.000005 0.818888
vn -0.573954 -0.000005 0.818887
vn -0.639017 0.096544 0.763110
vn 0.216895 -0.000005 0.976195
vn -0.843641 -0.000005 0.536908
vn -0.882405 0.096544 0.460478
vn -0.173194 -0.000005 0.984888
vn -0.984888 -0.000005 0.173194
vn -0.991453 0.096544 0.087748
vn -0.536909 -0.000005 0.843640
vn -0.976196 -0.000005 -0.216892
vn -0.949563 0.096544 -0.298346
vn -0.818888 -0.000005 0.573953
vn -0.818887 -0.000005 -0.573954
vn -0.763110 0.096544 -0.639017
vn -0.976196 -0.000005 0.216891
vn -0.536910 -0.000005 -0.843639
vn -0.460479 0.096543 -0.882405
vn -0.984888 -0.000005 -0.173195
vn -0.173196 -0.000005 -0.984887
vn -0.087749 0.096543 -0.991453
vn -0.843640 -0.000005 -0.536909
vn 0.216891 -0.000005 -0.976196
vn 0.298345 0.096543 -0.949563
vn -0.573951 -0.000005 -0.818890
vn 0.573955 -0.000005 -0.818887
vn 0.639017 0.096543 -0.763110
vn -0.216889 -0.000005 -0.976196
vn 0.843641 -0.000005 -0.536908
vn 0.882405 0.096543 -0.460480
vn 0.173196 -0.000005 -0.984887
vn 0.984888 -0.000005 -0.173192
vn 0.991454 0.096541 -0.087743
vn 0.979444 -0.000002 -0.201715
vn 0.979389 0.000000 -0.201983
vn 0.982133 0.000000 -0.188187
vn 0.982082 -0.000001 0.188456
vn 0.982133 0.000000 0.188188
vn 0.979389 0.000000 0.201983
vn 0.835206 -0.000001 0.549938
vn 0.835356 0.000000 0.549709
vn 0.827541 0.000000 0.561405
vn 0.561178 -0.000001 0.827695
vn 0.561404 0.000000 0.827542
vn 0.549709 0.000000 0.835356
vn 0.201715 -0.000001 0.979444
vn 0.201983 0.000000 0.979389
vn 0.188187 0.000000 0.982133
vn -0.188456 -0.000001 0.982082
vn -0.188188 0.000000 0.982133
vn -0.201983 0.000000 0.979389
vn -0.549938 -0.000001 0.835205
vn -0.549710 0.000000 0.835356
vn -0.561406 0.000000 0.827541
vn -0.827695 -0.000001 0.561178
vn -0.827542 0.000000 0.561404
vn -0.835356 0.000000 0.549709
vn -0.979444 -0.000001 0.201715
vn -0.979389 0.000000 0.201982
vn -0.982133 0.000000 0.188187
vn -0.982082 -0.000001 -0.188456
vn -0.982133 0.000000 -0.188188
vn -0.979389 0.000000 -0.201983
vn -0.835206 -0.000001 -0.549937
vn -0.835356 0.000000 -0.549709
vn -0.827541 0.000000 -0.561405
vn -0.561178 -0.000001 -0.827695
vn -0.561404 0.000000 -0.827542
vn -0.549709 0.000000 -0.835356
vn -0.201715 -0.000001 -0.979444
vn -0.201982 0.000000 -0.979389
vn -0.188187 0.000000 -0.982133
vn 0.188456 -0.000001 -0.982082
vn 0.188188 0.000000 -0.982133
vn 0.201983 0.000000 -0.979389
vn 0.549937 -0.000001 -0.835206
vn 0.549708 0.000000 -0.835357
vn 0.561404 0.000000 -0.827542
vn 0.827695 -0.000001 -0.561178
vn 0.827542 0.000000 -0.561404
vn 0.835357 0.000000 -0.549708
vn 0.974596 0.096651 -0.202041
vn 0.977728 0.096651 -0.186299
vn 0.974597 0.096650 0.202041
vn 0.823091 0.096651 0.559624
vn 0.546279 0.096651 0.832008
vn 0.186299 0.096651 0.977728
vn -0.202041 0.096651 0.974596
vn -0.559625 0.096651 0.823091
vn -0.832008 0.096651 0.546279
vn -0.977728 0.096651 0.186299
vn -0.974596 0.096651 -0.202041
vn -0.823091 0.096651 -0.559624
vn -0.546279 0.096650 -0.832008
vn -0.186299 0.096650 -0.977728
vn 0.202041 0.096650 -0.974597
vn 0.559624 0.096650 -0.823092
vn 0.832009 0.096650 -0.546278
vn 0.979522 0.000001 -0.201338
vn 0.982009 0.000001 0.188834
vn 0.834994 0.000001 0.550259
vn 0.560859 0.000001 0.827911
vn 0.201338 0.000001 0.979522
vn -0.188834 0.000001 0.982009
vn -0.550260 0.000001 0.834993
vn -0.827911 0.000001 0.560860
vn -0.979522 0.000001 0.201337
vn -0.982009 0.000001 -0.188834
vn -0.834994 0.000001 -0.550259
vn -0.560859 0.000001 -0.827911
vn -0.201337 0.000001 -0.979522
vn 0.188834 0.000001 -0.982009
vn 0.550258 0.000001 -0.834995
vn 0.827911 0.000001 -0.560859
vn 0.808124 0.259160 -0.528935
vn 0.544199 0.259161 -0.797924
vn 0.197420 0.259160 -0.945442
vn -0.179412 0.259160 -0.949024
vn -0.528936 0.259161 -0.808122
vn -0.797925 0.259161 -0.544197
vn -0.945442 0.259162 -0.197418
vn -0.949023 0.259162 0.179415
vn -0.808124 0.259161 0.528934
vn -0.544195 0.259162 0.797926
vn -0.197417 0.259162 0.945443
vn 0.179414 0.259162 0.949024
vn 0.528932 0.259161 0.808125
vn 0.797926 0.259161 0.544196
vn 0.945442 0.259161 0.197420
vn 0.945442 0.259160 -0.197420
vn 0.949025 0.259160 -0.179411
vn 0.783147 0.353149 -0.511826
vn 0.772564 0.353149 -0.527666
vn 0.655752 0.606215 -0.449992
vn 0.666686 0.606215 -0.433627
vn 0.530366 0.352191 -0.771151
vn 0.514399 0.351941 -0.782004
vn 0.444153 0.603385 -0.662310
vn 0.460867 0.603683 -0.650514
vn 0.191853 0.353148 -0.915685
vn 0.173169 0.353148 -0.919402
vn 0.145492 0.606214 -0.781880
vn 0.164797 0.606215 -0.778040
vn -0.173168 0.353147 -0.919402
vn -0.191852 0.353147 -0.915686
vn -0.164795 0.606214 -0.778041
vn -0.145492 0.606214 -0.781880
vn -0.511827 0.353147 -0.783147
vn -0.527666 0.353147 -0.772564
vn -0.449995 0.606214 -0.655751
vn -0.433630 0.606214 -0.666685
vn -0.772564 0.353148 -0.527667
vn -0.783147 0.353148 -0.511828
vn -0.666685 0.606214 -0.433631
vn -0.655750 0.606214 -0.449996
vn -0.915686 0.353147 -0.191852
vn -0.919402 0.353147 -0.173168
vn -0.781881 0.606213 -0.145492
vn -0.778041 0.606213 -0.164796
vn -0.919402 0.353147 0.173167
vn -0.915686 0.353147 0.191852
vn -0.778042 0.606212 0.164796
vn -0.781882 0.606212 0.145490
vn -0.783147 0.353147 0.511827
vn -0.772564 0.353147 0.527667
vn -0.655752 0.606212 0.449996
vn -0.666686 0.606212 0.433632
vn -0.527667 0.353147 0.772564
vn -0.511828 0.353147 0.783147
vn -0.433631 0.606213 0.666686
vn -0.449995 0.606213 0.655752
vn -0.191852 0.353148 0.915685
vn -0.173169 0.353148 0.919402
vn -0.145492 0.606214 0.781880
vn -0.164795 0.606213 0.778041
vn 0.173168 0.353147 0.919402
vn 0.191852 0.353147 0.915685
vn 0.164795 0.606214 0.778041
vn 0.145492 0.606214 0.781880
vn 0.511827 0.353147 0.783148
vn 0.527666 0.353147 0.772564
vn 0.449993 0.606212 0.655754
vn 0.433628 0.606213 0.666688
vn 0.772564 0.353147 0.527667
vn 0.783148 0.353147 0.511827
vn 0.666688 0.606212 0.433629
vn 0.655753 0.606212 0.449994
vn 0.915685 0.353149 0.191852
vn 0.919401 0.353149 0.173169
vn 0.781880 0.606215 0.145492
vn 0.778041 0.606215 0.164793
vn 0.919402 0.353146 -0.173168
vn 0.781880 0.606214 -0.145492
vn 0.544984 0.000009 -0.838446
vn 0.565041 -0.000022 -0.825063
vn 0.982952 -0.000022 0.183864
vn 0.493079 0.081846 -0.866126
vn 0.460482 0.096543 -0.882404
vn 0.949563 0.096543 0.298345
vn 0.961103 0.081847 0.263783
vn 0.824360 0.000009 -0.566066
vn 0.820113 0.000019 -0.572201
vn 0.978232 0.000009 -0.207513
vn 0.976657 0.000019 -0.214806
vn 0.983180 0.000009 0.182642
vn 0.984515 0.000019 0.175300
vn 0.838447 0.000009 0.544984
vn 0.842490 0.000019 0.538712
vn 0.566065 0.000009 0.824361
vn 0.572200 0.000019 0.820114
vn 0.207512 0.000009 0.978233
vn 0.214807 0.000019 0.976656
vn -0.182643 0.000009 0.983179
vn -0.175300 0.000019 0.984515
vn -0.544983 0.000009 0.838447
vn -0.538711 0.000019 0.842491
vn -0.824361 0.000009 0.566065
vn -0.820114 0.000019 0.572201
vn -0.978233 0.000009 0.207509
vn -0.976657 0.000019 0.214803
vn -0.983179 0.000009 -0.182643
vn -0.984515 0.000019 -0.175301
vn -0.838447 0.000009 -0.544983
vn -0.842490 0.000019 -0.538711
vn -0.566064 0.000009 -0.824362
vn -0.572200 0.000019 -0.820114
vn -0.207509 0.000009 -0.978233
vn -0.214803 0.000019 -0.976657
vn 0.182644 0.000009 -0.983179
vn 0.175302 0.000019 -0.984515
vn 0.340578 0.186869 -0.921459
vn 0.300982 0.176271 -0.937197
vn 0.875519 0.176269 0.449884
vn 0.892397 0.186871 0.410739
vn 0.667291 0.186874 -0.720972
vn 0.636715 0.176270 0.750682
vn 0.667283 0.186871 0.720981
vn 0.892400 0.186872 -0.410733
vn 0.300989 0.176274 0.937194
vn 0.340576 0.186870 0.921459
vn 0.981651 0.186868 -0.037982
vn -0.080588 0.176270 0.981037
vn -0.037982 0.186868 0.981650
vn 0.921460 0.186869 0.340575
vn -0.449866 0.176273 0.875527
vn -0.410739 0.186871 0.892397
vn 0.720986 0.186870 0.667277
vn -0.750683 0.176271 0.636713
vn -0.720987 0.186870 0.667276
vn 0.410747 0.186869 0.892394
vn -0.937195 0.176274 0.300985
vn -0.921462 0.186869 0.340571
vn 0.037981 0.186869 0.981650
vn -0.981038 0.176270 -0.080586
vn -0.981651 0.186868 -0.037982
vn -0.340597 0.186874 0.921451
vn -0.875519 0.176269 -0.449883
vn -0.892395 0.186869 -0.410744
vn -0.667278 0.186870 0.720985
vn -0.636730 0.176275 -0.750668
vn -0.667278 0.186870 -0.720986
vn -0.892395 0.186870 0.410744
vn -0.300987 0.176273 -0.937195
vn -0.340559 0.186865 -0.921467
vn -0.981650 0.186868 0.037981
vn 0.080573 0.176274 -0.981038
vn 0.037982 0.186869 -0.981650
vn -0.921454 0.186872 -0.340591
vn 0.449890 0.176267 -0.875516
vn 0.410739 0.186871 -0.892397
vn -0.720979 0.186871 -0.667285
vn 0.750670 0.176275 -0.636728
vn 0.720978 0.186872 -0.667285
vn -0.410673 0.186868 -0.892428
vn 0.937206 0.176267 -0.300956
vn 0.921430 0.186884 -0.340650
vn -0.037982 0.186868 -0.981651
vn 0.981037 0.176270 0.080587
vn 0.981650 0.186870 0.037972
vn 0.392280 0.290496 -0.872770
vn 0.396272 0.454243 -0.797892
vn 0.894526 0.290495 0.339758
vn 0.884607 0.307255 0.350806
vn 0.830382 0.458345 0.316838
vn 0.844406 0.454238 0.283984
vn 0.014424 0.307257 -0.951517
vn 0.028427 0.290495 -0.956454
vn 0.060777 0.454240 -0.888804
vn 0.025057 0.458346 -0.888421
vn 0.956443 0.290528 -0.028479
vn 0.951557 0.307151 -0.014030
vn 0.888739 0.457797 -0.023773
vn 0.888765 0.454299 -0.060906
vn -0.355215 0.306443 -0.883128
vn -0.344215 0.289997 -0.892982
vn -0.291547 0.450108 -0.844040
vn -0.332051 0.449932 -0.829038
vn 0.872405 0.290669 -0.392965
vn 0.873594 0.307230 -0.377416
vn 0.811262 0.458316 -0.363043
vn 0.861404 0.415078 -0.292735
vn -0.662627 0.307256 -0.683022
vn -0.656215 0.290495 -0.696415
vn -0.585508 0.454240 -0.671451
vn -0.610494 0.458348 -0.645921
vn 0.656216 0.290495 -0.696414
vn 0.662629 0.307256 -0.683020
vn 0.610498 0.458346 -0.645918
vn 0.585510 0.454240 -0.671449
vn -0.873569 0.307257 -0.377453
vn -0.872772 0.290494 -0.392279
vn -0.797893 0.454239 -0.396276
vn -0.811205 0.458349 -0.363129
vn 0.339759 0.290495 -0.894526
vn 0.350807 0.307257 -0.884606
vn 0.316839 0.458348 -0.830380
vn 0.283987 0.454239 -0.844404
vn -0.951517 0.307257 -0.014421
vn -0.956454 0.290496 -0.028423
vn -0.888804 0.454241 -0.060767
vn -0.888420 0.458348 -0.025052
vn -0.028427 0.290496 -0.956454
vn -0.014421 0.307257 -0.951517
vn -0.025049 0.458348 -0.888420
vn -0.060774 0.454241 -0.888804
vn -0.884606 0.307258 0.350805
vn -0.894526 0.290494 0.339759
vn -0.844404 0.454240 0.283984
vn -0.830381 0.458350 0.316833
vn -0.392279 0.290495 -0.872771
vn -0.377452 0.307257 -0.873569
vn -0.363127 0.458348 -0.811207
vn -0.396273 0.454239 -0.797894
vn -0.683023 0.307257 0.662626
vn -0.696416 0.290495 0.656215
vn -0.671452 0.454239 0.585507
vn -0.645925 0.458348 0.610490
vn -0.696414 0.290495 -0.656216
vn -0.683020 0.307256 -0.662629
vn -0.645921 0.458345 -0.610496
vn -0.671451 0.454238 -0.585510
vn -0.377453 0.307257 0.873569
vn -0.392279 0.290494 0.872772
vn -0.396275 0.454238 0.797894
vn -0.363131 0.458347 0.811205
vn -0.894526 0.290495 -0.339759
vn -0.884606 0.307256 -0.350807
vn -0.830380 0.458347 -0.316838
vn -0.844405 0.454239 -0.283986
vn -0.014421 0.307257 0.951517
vn -0.028428 0.290496 0.956454
vn -0.060777 0.454242 0.888803
vn -0.025054 0.458348 0.888420
vn -0.956454 0.290495 0.028427
vn -0.951517 0.307258 0.014423
vn -0.888420 0.458348 0.025052
vn -0.888803 0.454241 0.060777
vn 0.350808 0.307256 0.884606
vn 0.339759 0.290494 0.894526
vn 0.283987 0.454238 0.844405
vn 0.316839 0.458347 0.830380
vn -0.872771 0.290495 0.392279
vn -0.873569 0.307256 0.377452
vn -0.811205 0.458348 0.363130
vn -0.797893 0.454238 0.396276
vn 0.662629 0.307256 0.683020
vn 0.656215 0.290495 0.696416
vn 0.585508 0.454239 0.671452
vn 0.610496 0.458346 0.645921
vn -0.656214 0.290496 0.696416
vn -0.662630 0.307256 0.683019
vn -0.610497 0.458347 0.645919
vn -0.585507 0.454241 0.671451
vn 0.873567 0.307258 0.377456
vn 0.872771 0.290495 0.392281
vn 0.797890 0.454241 0.396279
vn 0.811203 0.458350 0.363133
vn -0.339759 0.290495 0.894526
vn -0.350809 0.307256 0.884605
vn -0.316842 0.458346 0.830380
vn -0.283985 0.454239 0.844405
vn 0.951517 0.307257 0.014423
vn 0.956454 0.290495 0.028426
vn 0.888804 0.454240 0.060775
vn 0.888420 0.458348 0.025058
vn 0.028428 0.290495 0.956454
vn 0.014425 0.307257 0.951517
vn 0.025059 0.458349 0.888419
vn 0.060779 0.454240 0.888804
vn 0.884606 0.307257 -0.350808
vn 0.894525 0.290494 -0.339761
vn 0.844403 0.454240 -0.283988
vn 0.830380 0.458348 -0.316839
vn 0.392279 0.290494 0.872772
vn 0.377453 0.307256 0.873569
vn 0.363131 0.458348 0.811205
vn 0.396277 0.454238 0.797892
vn 0.683021 0.307256 -0.662628
vn 0.696414 0.290494 -0.656217
vn 0.671454 0.454238 -0.585507
vn 0.645921 0.458343 -0.610498
vn 0.696413 0.290496 0.656217
vn 0.683018 0.307257 0.662631
vn 0.645916 0.458351 0.610498
vn 0.671447 0.454243 0.585510
vn 0.541546 -0.000051 -0.840671
vn 0.979465 0.000004 -0.201615
vn 0.533805 -0.000009 -0.845608
vn 0.979339 0.000002 -0.202227
vn 0.844927 -0.000022 -0.534881
vn 0.835852 -0.000029 -0.548955
vn 0.809018 0.000015 -0.587783
vn 0.831607 0.000022 -0.555365
vn 0.984609 -0.000012 -0.174772
vn 0.575923 -0.000022 -0.817504
vn 0.555776 0.000022 -0.831332
vn 0.842779 -0.000012 -0.538260
vn 0.219236 -0.000022 -0.975672
vn 0.195336 0.000022 -0.980736
vn 0.572645 -0.000012 -0.819804
vn -0.170824 -0.000022 -0.985302
vn -0.194847 0.000022 -0.980834
vn 0.215327 -0.000012 -0.976542
vn -0.534882 -0.000022 -0.844927
vn -0.555366 0.000022 -0.831606
vn -0.174768 -0.000012 -0.984610
vn -0.817506 -0.000022 -0.575920
vn -0.831332 0.000022 -0.555776
vn -0.538261 -0.000012 -0.842778
vn -0.975672 -0.000022 -0.219234
vn -0.980737 0.000022 -0.195331
vn -0.819805 -0.000012 -0.572643
vn -0.985301 -0.000022 0.170825
vn -0.980834 0.000022 0.194847
vn -0.976542 -0.000012 -0.215328
vn -0.844928 -0.000022 0.534880
vn -0.831607 0.000022 0.555364
vn -0.984609 -0.000012 0.174772
vn -0.575922 -0.000022 0.817505
vn -0.555775 0.000022 0.831333
vn -0.842778 -0.000012 0.538261
vn -0.219233 -0.000022 0.975673
vn -0.195331 0.000022 0.980737
vn -0.572645 -0.000012 0.819803
vn 0.170827 -0.000022 0.985301
vn 0.194848 0.000022 0.980833
vn -0.215327 -0.000012 0.976542
vn 0.534881 -0.000022 0.844927
vn 0.555365 0.000022 0.831607
vn 0.174767 -0.000012 0.984610
vn 0.817506 -0.000022 0.575921
vn 0.831332 0.000022 0.555776
vn 0.538258 -0.000012 0.842780
vn 0.975672 -0.000022 0.219234
vn 0.980737 0.000022 0.195332
vn 0.819805 -0.000012 0.572643
vn 0.985301 -0.000022 -0.170825
vn 0.980834 0.000022 -0.194847
vn 0.976542 -0.000012 0.215328
vn 0.994735 0.000020 -0.102485
vn 0.751517 0.097257 -0.652506
vn 0.819806 -0.000012 -0.572642
vn 0.980324 0.111959 -0.162576
vn 0.808153 0.111960 -0.578233
vn 0.960812 0.253779 -0.111517
vn 0.976542 -0.000012 -0.215325
vn 0.967916 0.111959 0.224953
vn 0.961963 0.273179 -0.000002
vn 0.930345 0.253777 0.264679
vn 0.984609 -0.000012 0.174772
vn 0.808151 0.111960 0.578236
vn 0.888736 0.273178 0.368134
vn 0.758256 0.253780 0.600536
vn 0.842778 -0.000012 0.538261
vn 0.525356 0.111960 0.843485
vn 0.680211 0.273178 0.680211
vn 0.470734 0.253781 0.844988
vn 0.572643 -0.000012 0.819805
vn 0.162575 0.111960 0.980324
vn 0.368135 0.273178 0.888735
vn 0.111519 0.253780 0.960812
vn 0.215325 -0.000012 0.976542
vn -0.224954 0.111960 0.967916
vn 0.000000 0.273180 0.961963
vn -0.264637 0.253781 0.930356
vn -0.174767 -0.000012 0.984610
vn -0.578235 0.111960 0.808152
vn -0.368105 0.273178 0.888748
vn -0.600561 0.253778 0.758237
vn -0.538258 -0.000012 0.842780
vn -0.843484 0.111960 0.525356
vn -0.680227 0.273178 0.680195
vn -0.845014 0.253777 0.470688
vn -0.819806 -0.000012 0.572642
vn -0.980323 0.111960 0.162577
vn -0.888740 0.273179 0.368123
vn -0.960812 0.253781 0.111517
vn -0.976542 -0.000012 0.215325
vn -0.967916 0.111960 -0.224953
vn -0.961963 0.273180 0.000000
vn -0.930354 0.253780 -0.264646
vn -0.984609 -0.000012 -0.174769
vn -0.808152 0.111960 -0.578235
vn -0.888740 0.273177 -0.368124
vn -0.758271 0.253781 -0.600516
vn -0.842778 -0.000012 -0.538262
vn -0.525357 0.111960 -0.843484
vn -0.680207 0.273178 -0.680214
vn -0.470689 0.253777 -0.845014
vn -0.572644 -0.000012 -0.819804
vn -0.162576 0.111960 -0.980323
vn -0.368134 0.273178 -0.888736
vn -0.111516 0.253779 -0.960812
vn -0.215322 -0.000012 -0.976543
vn 0.224952 0.111959 -0.967916
vn -0.000004 0.273179 -0.961963
vn 0.264684 0.253777 -0.930344
vn 0.174768 -0.000012 -0.984610
vn 0.578235 0.111960 -0.808152
vn 0.367427 0.273160 -0.889034
vn 0.600535 0.253780 -0.758257
vn 0.538261 -0.000012 -0.842778
vn 0.843508 0.111957 -0.525319
vn 0.680213 0.273178 -0.680209
vn 0.845069 0.253769 -0.470595
vn 0.758242 0.253777 -0.600554
vn 0.902491 0.405099 -0.146305
vn 0.784485 0.599881 -0.157244
vn 0.889780 0.405100 -0.210203
vn 0.784943 0.599880 -0.154945
vn 0.889779 0.405100 0.210206
vn 0.784942 0.599883 0.154941
vn 0.902491 0.405100 0.146301
vn 0.784486 0.599881 0.157240
vn 0.741612 0.405101 0.534701
vn 0.665910 0.599883 0.443514
vn 0.777805 0.405098 0.480537
vn 0.664598 0.599877 0.445485
vn 0.480533 0.405101 0.777806
vn 0.445474 0.599881 0.664602
vn 0.534707 0.405101 0.741607
vn 0.443540 0.599880 0.665895
vn 0.146299 0.405099 0.902492
vn 0.157237 0.599880 0.784487
vn 0.210208 0.405100 0.889779
vn 0.154949 0.599880 0.784943
vn -0.210204 0.405099 0.889780
vn -0.154932 0.599882 0.784944
vn -0.146303 0.405101 0.902490
vn -0.157245 0.599881 0.784485
vn -0.534699 0.405100 0.741614
vn -0.443520 0.599881 0.665907
vn -0.480530 0.405098 0.777809
vn -0.445472 0.599878 0.664606
vn -0.777806 0.405100 0.480532
vn -0.664602 0.599882 0.445472
vn -0.741609 0.405100 0.534706
vn -0.665900 0.599879 0.443534
vn -0.902491 0.405099 0.146302
vn -0.784488 0.599879 0.157239
vn -0.889781 0.405100 0.210198
vn -0.784945 0.599881 0.154932
vn -0.889780 0.405099 -0.210204
vn -0.784944 0.599879 -0.154944
vn -0.902491 0.405100 -0.146300
vn -0.784488 0.599881 -0.157231
vn -0.741610 0.405100 -0.534705
vn -0.665902 0.599881 -0.443527
vn -0.777804 0.405099 -0.480536
vn -0.664599 0.599880 -0.445480
vn -0.480535 0.405099 -0.777805
vn -0.445480 0.599881 -0.664598
vn -0.534705 0.405101 -0.741609
vn -0.443537 0.599883 -0.665895
vn -0.146303 0.405100 -0.902491
vn -0.157237 0.599882 -0.784486
vn -0.210202 0.405100 -0.889780
vn -0.154943 0.599881 -0.784943
vn 0.210203 0.405100 -0.889780
vn 0.154939 0.599882 -0.784943
vn 0.142022 0.402686 -0.904253
vn 0.148230 0.594734 -0.790139
vn 0.534702 0.405102 -0.741610
vn 0.443530 0.599884 -0.665898
vn 0.480531 0.405098 -0.777808
vn 0.445473 0.599878 -0.664606
vn 0.780390 0.404612 -0.476739
vn 0.672798 0.598260 -0.435233
vn 0.888731 0.273179 -0.368144
vn 0.853366 0.383172 -0.353477
vn 0.776914 0.541148 -0.321812
vn 0.923677 0.383172 -0.000001
vn 0.840927 0.541149 0.000002
vn 0.853368 0.383171 0.353473
vn 0.776920 0.541147 0.321800
vn 0.653138 0.383170 0.653140
vn 0.594624 0.541145 0.594629
vn 0.353479 0.383170 0.853366
vn 0.321811 0.541146 0.776916
vn 0.000002 0.383172 0.923677
vn 0.000004 0.541147 0.840928
vn -0.353476 0.383171 0.853367
vn -0.321813 0.541145 0.776916
vn -0.653140 0.383171 0.653137
vn -0.594627 0.541146 0.594626
vn -0.853367 0.383171 0.353476
vn -0.776916 0.541146 0.321811
vn -0.923677 0.383172 0.000000
vn -0.840929 0.541146 -0.000001
vn -0.853368 0.383171 -0.353473
vn -0.776919 0.541148 -0.321800
vn -0.653140 0.383171 -0.653137
vn -0.594629 0.541147 -0.594623
vn -0.353474 0.383171 -0.853368
vn -0.321808 0.541147 -0.776917
vn -0.000001 0.383172 -0.923677
vn -0.000002 0.541148 -0.840927
vn 0.344705 0.382894 -0.857071
vn 0.305730 0.540611 -0.783753
vn 0.653137 0.383170 -0.653141
vn 0.594626 0.541146 -0.594626
vn -0.000081 1.000000 0.000128
vn -0.000081 1.000000 0.000128
vn -0.000081 1.000000 0.000128
vn -0.000081 1.000000 0.000128
vn -0.000081 1.000000 0.000128
vn -0.000081 1.000000 0.000128
vn -0.000081 1.000000 0.000128
vn -0.000081 1.000000 0.000128
vn -0.000081 1.000000 0.000128
vn -0.000081 1.000000 0.000128
vn -0.000081 1.000000 0.000128
vn -0.000081 1.000000 0.000128
vn -0.000081 1.000000 0.000128
vn -0.000081 1.000000 0.000128
vn -0.000081 1.000000 0.000128
vn -0.000081 1.000000 0.000128
vn -0.000081 1.000000 0.000128
vn -0.000081 1.000000 0.000128
vn -0.000081 1.000000 0.000128
vn -0.000081 1.000000 0.000128
vn -0.000081 1.000000 0.000128
vn -0.000081 1.000000 0.000128
vn -0.000081 1.000000 0.000128
vn -0.000081 1.000000 0.000128
vn -0.000081 1.000000 0.000128
vn -0.000081 1.000000 0.000128
vn -0.000081 1.000000 0.000128
vn -0.000081 1.000000 0.000128
vn -0.000081 1.000000 0.000128
vn -0.000081 1.000000 0.000128
vn -0.000081 1.000000 0.000128
vn -0.000081 1.000000 0.000128
vn -0.000081 1.000000 0.000128
vn -0.000081 1.000000 0.000128
vn -0.000081 1.000000 0.000128
vn -0.000081 1.000000 0.000128
vn -0.000081 1.000000 0.000128
vn -0.000081 1.000000 0.000128
vn -0.000081 1.000000 0.000128
vn -0.000081 1.000000 0.000128
vn -0.000081 1.000000 0.000128
vn -0.000081 1.000000 0.000128
vn -0.000081 1.000000 0.000128
vn -0.000081 1.000000 0.000128
vn -0.000081 1.000000 0.000128
vn -0.000081 1.000000 0.000128
vn -0.000081 1.000000 0.000128
vn -0.000081 1.000000 0.000128
vn -0.000081 1.000000 0.000128
vn -0.000081 1.000000 0.000128
vn -0.000081 1.000000 0.000128
vn -0.000081 1.000000 0.000128
vn -0.000081 1.000000 0.000128
vn -0.000081 1.000000 0.000128
vn -0.000081 1.000000 0.000128
vn -0.000081 1.000000 0.000128
vn -0.000081 1.000000 0.000128
vn -0.000081 1.000000 0.000128
vn -0.000081 1.000000 0.000128
vn -0.000081 1.000000 0.000128
vn -0.000081 1.000000 0.000128
vn -0.000081 1.000000 0.000128
vn -0.000081 1.000000 0.000128
vn -0.000081 1.000000 0.000128
vn -0.000081 1.000000 0.000128
vn -0.000081 1.000000 0.000128
vn -0.000081 1.000000 0.000128
vn -0.000081 1.000000 0.000128
vn -0.000081 1.000000 0.000128
vn -0.000081 1.000000 0.000128
vn -0.000081 1.000000 0.000128
vn -0.000081 1.000000 0.000128
vn -0.000081 1.000000 0.000128
vn -0.000081 1.000000 0.000128
vn -0.000081 1.000000 0.000128
vn -0.000081 1.000000 0.000128
vn -0.000081 1.000000 0.000128
vn -0.000081 1.000000 0.000128
vn -0.000081 1.000000 0.000128
vn -0.000081 1.000000 0.000128
vn -0.000081 1.000000 0.000128
vn -0.000081 1.000000 0.000128
vn -0.000081 1.000000 0.000128
vn -0.000081 1.000000 0.000128
vn -0.000081 1.000000 0.000128
vn -0.000081 1.000000 0.000128
vn -0.000081 1.000000 0.000128
vn -0.000081 1.000000 0.000128
vn -0.000081 1.000000 0.000128
vn -0.000081 1.000000 0.000128
vn -0.000081 1.000000 0.000128
vn -0.000081 1.000000 0.000128
vn -0.000081 1.000000 0.000128
vn -0.000081 1.000000 0.000128
vn -0.000081 1.000000 0.000128
vn -0.000081 1.000000 0.000128
vn -0.000081 1.000000 0.000128
vn -0.000081 1.000000 0.000128
vn -0.000081 1.000000 0.000128
vn -0.000081 1.000000 0.000128
vn -0.000081 1.000000 0.000128
vn -0.000081 1.000000 0.000128
vn -0.000081 1.000000 0.000128
vn -0.000081 1.000000 0.000128
vn -0.000081 1.000000 0.000128
vn -0.000081 1.000000 0.000128
vn -0.000081 1.000000 0.000128
vn -0.000081 1.000000 0.000128
vn -0.000081 1.000000 0.000128
vn -0.000081 1.000000 0.000128
vn -0.000081 1.000000 0.000128
vn -0.000081 1.000000 0.000128
vn -0.000081 1.000000 0.000128
vn -0.000081 1.000000 0.000128
vn -0.000081 1.000000 0.000128
vn -0.000081 1.000000 0.000128
vn -0.000081 1.000000 0.000128
vn -0.000081 1.000000 0.000128
vn -0.000081 1.000000 0.000128
vn -0.000081 1.000000 0.000128
vn -0.000081 1.000000 0.000128
vn -0.000081 1.000000 0.000128
vn -0.000081 1.000000 0.000128
vn -0.000081 1.000000 0.000128
vn -0.000081 1.000000 0.000128
vn -0.000081 1.000000 0.000128
vn -0.000081 1.000000 0.000128
vn -0.000081 1.000000 0.000128
vn -0.000081 1.000000 0.000128
vn -0.000081 1.000000 0.000128
vn -0.000081 1.000000 0.000128
vn -0.000081 1.000000 0.000128
vn -0.000081 1.000000 0.000128
vn -0.000081 1.000000 0.000128
vn -0.000081 1.000000 0.000128
vn -0.000081 1.000000 0.000128
vn -0.000081 1.000000 0.000128
vn -0.000081 1.000000 0.000128
vn -0.000081 1.000000 0.000128
vn -0.000081 1.000000 0.000128
vn -0.000081 1.000000 0.000128
vn -0.000081 1.000000 0.000128
vn -0.000081 1.000000 0.000128
vn -0.000081 1.000000 0.000128
vn -0.000081 1.000000 0.000128
s 1
g pCylinder8
usemtl pCylinder1SG
f 3/1/1 2/2/2 8/3/3 7/4/4
f 2/2/2 1/5/5 9/6/6 8/3/3
f 12/7/7 11/8/8 14/9/9 13/10/10
f 11/8/8 10/11/11 15/12/12 14/9/9
f 18/13/13 17/14/14 23/15/15 22/16/16
f 17/14/14 16/17/17 24/18/18 23/15/15
f 21/19/19 20/20/20 1207/21/21 1209/22/22
f 20/20/20 19/23/23 1208/24/24 1207/21/21
f 27/25/25 26/26/26 29/27/27 28/28/28
f 26/26/26 25/29/29 30/30/30 29/27/27
f 33/31/31 32/32/32 38/33/33 37/34/34
f 32/32/32 31/35/35 39/36/36 38/33/33
f 36/37/37 35/38/38 1210/39/39 1212/40/40
f 35/38/38 34/41/41 1211/42/42 1210/39/39
f 42/43/43 41/44/44 44/45/45 43/46/46
f 41/44/44 40/47/47 45/48/48 44/45/45
f 48/49/49 47/50/50 53/51/51 52/52/52
f 47/50/50 46/53/53 54/54/54 53/51/51
f 51/55/55 50/56/56 1213/57/57 1215/58/58
f 50/56/56 49/59/59 1214/60/60 1213/57/57
f 57/61/61 56/62/62 59/63/63 58/64/64
f 56/62/62 55/65/65 60/66/66 59/63/63
f 63/67/67 62/68/68 68/69/69 67/70/70
f 62/68/68 61/71/71 69/72/72 68/69/69
f 66/73/73 65/74/74 1216/75/75 1218/76/76
f 65/74/74 64/77/77 1217/78/78 1216/75/75
f 72/79/79 71/80/80 74/81/81 73/82/82
f 71/80/80 70/83/83 75/84/84 74/81/81
f 78/85/85 77/86/86 83/87/87 82/88/88
f 77/86/86 76/89/89 84/90/90 83/87/87
f 81/91/91 80/92/92 1219/93/93 1221/94/94
f 80/92/92 79/95/95 1220/96/96 1219/93/93
f 87/97/97 86/98/98 89/99/99 88/100/100
f 86/98/98 85/101/101 90/102/102 89/99/99
f 93/103/103 92/104/104 98/105/105 97/106/106
f 92/104/104 91/107/107 99/108/108 98/105/105
f 96/109/109 95/110/110 1222/111/111 1224/112/112
f 95/110/110 94/113/113 1223/114/114 1222/111/111
f 102/115/115 101/116/116 104/117/117 103/118/118
f 101/116/116 100/119/119 105/120/120 104/117/117
f 108/121/121 107/122/122 113/123/123 112/124/124
f 107/122/122 106/125/125 114/126/126 113/123/123
f 111/127/127 110/128/128 1225/129/129 1227/130/130
f 110/128/128 109/131/131 1226/132/132 1225/129/129
f 117/133/133 116/134/134 119/135/135 118/136/136
f 116/134/134 115/137/137 120/138/138 119/135/135
f 123/139/139 122/140/140 128/141/141 127/142/142
f 122/140/140 121/143/143 129/144/144 128/141/141
f 126/145/145 125/146/146 1228/147/147 1230/148/148
f 125/146/146 124/149/149 1229/150/150 1228/147/147
f 132/151/151 131/152/152 134/153/153 133/154/154
f 131/152/152 130/155/155 135/156/156 134/153/153
f 138/157/157 137/158/158 143/159/159 142/160/160
f 137/158/158 136/161/161 144/162/162 143/159/159
f 141/163/163 140/164/164 1231/165/165 1233/166/166
f 140/164/164 139/167/167 1232/168/168 1231/165/165
f 147/169/169 146/170/170 149/171/171 148/172/172
f 146/170/170 145/173/173 150/174/174 149/171/171
f 153/175/175 152/176/176 158/177/177 157/178/178
f 152/176/176 151/179/179 159/180/180 158/177/177
f 156/181/181 155/182/182 1234/183/183 1236/184/184
f 155/182/182 154/185/185 1235/186/186 1234/183/183
f 162/187/187 161/188/188 164/189/189 163/190/190
f 161/188/188 160/191/191 165/192/192 164/189/189
f 168/193/193 167/194/194 173/195/195 172/196/196
f 167/194/194 166/197/197 174/198/198 173/195/195
f 171/199/199 170/200/200 1237/201/201 1239/202/202
f 170/200/200 169/203/203 1238/204/204 1237/201/201
f 177/205/205 176/206/206 179/207/207 178/208/208
f 176/206/206 175/209/209 180/210/210 179/207/207
f 183/211/211 182/212/212 188/213/213 187/214/214
f 182/212/212 181/215/215 189/216/216 188/213/213
f 186/217/217 185/218/218 1240/219/219 1242/220/220
f 185/218/218 184/221/221 1241/222/222 1240/219/219
f 192/223/223 191/224/224 194/225/225 193/226/226
f 191/224/224 190/227/227 195/228/228 194/225/225
f 198/229/229 197/230/230 203/231/231 202/232/232
f 197/230/230 196/233/233 204/234/234 203/231/231
f 201/235/235 200/236/236 1243/237/237 1245/238/238
f 200/236/236 199/239/239 1244/240/240 1243/237/237
f 207/241/241 206/242/242 209/243/243 208/244/244
f 206/242/242 205/245/245 210/246/246 209/243/243
f 213/247/247 212/248/248 218/249/249 217/250/250
f 212/248/248 211/251/251 219/252/252 218/249/249
f 216/253/253 215/254/254 1246/255/255 1248/256/256
f 215/254/254 214/257/257 1247/258/258 1246/255/255
f 222/259/259 221/260/260 224/261/261 223/262/262
f 221/260/260 220/263/263 225/264/264 224/261/261
f 228/265/265 227/266/266 233/267/267 232/268/268
f 227/266/266 226/269/269 234/270/270 233/267/267
f 231/271/271 230/272/272 1249/273/273 1251/274/274
f 230/272/272 229/275/275 1250/276/276 1249/273/273
f 237/277/277 236/278/278 239/279/279 238/280/280
f 236/278/278 235/281/281 240/282/282 239/279/279
f 243/283/283 242/284/284 245/1873/285 244/1840/286
f 242/284/284 241/287/287 246/1839/288 245/1873/285
f 261/289/289 260/290/290 263/291/291 262/292/292
f 260/290/290 259/293/293 264/294/294 263/291/291
f 267/295/295 266/296/296 269/1872/297 268/1806/298
f 266/296/296 265/299/299 270/300/300 269/1872/297
f 276/301/301 275/302/302 278/303/303 277/304/304
f 275/302/302 274/305/305 279/306/306 278/303/303
f 282/307/307 281/308/308 284/309/309 283/310/310
f 281/308/308 280/311/311 285/312/312 284/309/309
f 288/313/313 287/314/314 290/1871/315 289/1805/316
f 287/314/314 286/317/317 291/318/318 290/1871/315
f 297/319/319 296/320/320 299/321/321 298/322/322
f 296/320/320 295/323/323 300/324/324 299/321/321
f 303/325/325 302/326/326 305/327/327 304/328/328
f 302/326/326 301/329/329 306/330/330 305/327/327
f 309/331/331 308/332/332 311/1870/333 310/1804/334
f 308/332/332 307/335/335 312/336/336 311/1870/333
f 318/337/337 317/338/338 320/339/339 319/340/340
f 317/338/338 316/341/341 321/342/342 320/339/339
f 324/343/343 323/344/344 326/345/345 325/346/346
f 323/344/344 322/347/347 327/348/348 326/345/345
f 330/349/349 329/350/350 332/1869/351 331/1803/352
f 329/350/350 328/353/353 333/354/354 332/1869/351
f 339/355/355 338/356/356 341/357/357 340/358/358
f 338/356/356 337/359/359 342/360/360 341/357/357
f 345/361/361 344/362/362 347/363/363 346/364/364
f 344/362/362 343/365/365 348/366/366 347/363/363
f 351/367/367 350/368/368 353/1868/369 352/1802/370
f 350/368/368 349/371/371 354/372/372 353/1868/369
f 360/373/373 359/374/374 362/375/375 361/376/376
f 359/374/374 358/377/377 363/378/378 362/375/375
f 366/379/379 365/380/380 368/381/381 367/382/382
f 365/380/380 364/383/383 369/384/384 368/381/381
f 372/385/385 371/386/386 374/1867/387 373/1801/388
f 371/386/386 370/389/389 375/390/390 374/1867/387
f 381/391/391 380/392/392 383/393/393 382/394/394
f 380/392/392 379/395/395 384/396/396 383/393/393
f 387/397/397 386/398/398 389/399/399 388/400/400
f 386/398/398 385/401/401 390/402/402 389/399/399
f 393/403/403 392/404/404 395/1866/405 394/1800/406
f 392/404/404 391/407/407 396/408/408 395/1866/405
f 402/409/409 401/410/410 404/411/411 403/412/412
f 401/410/410 400/413/413 405/414/414 404/411/411
f 408/415/415 407/416/416 410/417/417 409/418/418
f 407/416/416 406/419/419 411/420/420 410/417/417
f 414/421/421 413/422/422 416/1865/423 415/1799/424
f 413/422/422 412/425/425 417/426/426 416/1865/423
f 423/427/427 422/428/428 425/429/429 424/430/430
f 422/428/428 421/431/431 426/432/432 425/429/429
f 429/433/433 428/434/434 431/435/435 430/436/436
f 428/434/434 427/437/437 432/438/438 431/435/435
f 435/439/439 434/440/440 437/1864/441 436/1798/442
f 434/440/440 433/443/443 438/444/444 437/1864/441
f 444/445/445 443/446/446 446/1882/447 445/448/448
f 443/1883/446 442/449/449 447/450/450 446/447/447
f 450/451/451 449/452/452 452/453/453 451/454/454
f 449/452/452 448/455/455 453/456/456 452/453/453
f 456/457/457 455/458/458 458/1863/459 457/1797/460
f 455/458/458 454/461/461 459/462/462 458/1863/459
f 465/463/463 464/464/464 467/465/465 466/466/466
f 464/464/464 463/467/467 468/468/468 467/465/465
f 471/469/469 470/470/470 473/471/471 472/472/472
f 470/470/470 469/473/473 474/474/474 473/471/471
f 477/475/475 476/476/476 479/1862/477 478/1796/478
f 476/476/476 475/479/479 480/480/480 479/1862/477
f 486/481/481 485/482/482 488/483/483 487/484/484
f 485/482/482 484/485/485 489/486/486 488/483/483
f 492/487/487 491/488/488 494/489/489 493/490/490
f 491/488/488 490/491/491 495/492/492 494/489/489
f 498/493/493 497/494/494 500/1861/495 499/1795/496
f 497/494/494 496/497/497 501/498/498 500/1861/495
f 507/499/499 506/500/500 509/501/501 508/502/502
f 506/500/500 505/503/503 510/504/504 509/501/501
f 513/505/505 512/506/506 515/507/507 514/508/508
f 512/506/506 511/509/509 516/510/510 515/507/507
f 519/511/511 518/512/512 521/1860/513 520/1794/514
f 518/512/512 517/515/515 522/516/516 521/1860/513
f 528/517/517 527/518/518 530/519/519 529/520/520
f 527/518/518 526/521/521 531/522/522 530/519/519
f 534/523/523 533/524/524 536/525/525 535/526/526
f 533/524/524 532/527/527 537/528/528 536/525/525
f 540/529/529 539/530/530 542/1859/531 541/1793/532
f 539/530/530 538/533/533 543/534/534 542/1859/531
f 549/535/535 548/536/536 551/537/537 550/538/538
f 548/536/536 547/539/539 552/540/540 551/537/537
f 555/541/541 554/542/542 557/543/543 556/544/544
f 554/542/542 553/545/545 558/546/546 557/543/543
f 561/547/547 560/548/548 563/1858/549 562/1792/550
f 560/548/548 559/551/551 564/552/552 563/1858/549
f 570/553/553 569/554/554 572/555/555 571/556/556
f 569/554/554 568/557/557 573/558/558 572/555/555
f 576/559/559 575/560/560 578/561/561 577/562/562
f 575/560/560 574/563/563 579/564/564 578/561/561
f 582/565/565 581/1857/566 722/1856/567 721/1807/568
f 581/1857/566 580/1791/569 723/1775/570 722/1856/567
f 588/571/571 587/572/572 590/1855/573 589/1809/574
f 587/572/572 586/575/575 591/1790/576 590/1855/573
f 597/577/577 596/578/578 599/1854/579 598/1810/580
f 596/578/578 595/581/581 600/1789/582 599/1854/579
f 606/583/583 605/584/584 608/1853/585 607/1811/586
f 605/584/584 604/587/587 609/1788/588 608/1853/585
f 615/589/589 614/590/590 617/1852/591 616/1812/592
f 614/590/590 613/593/593 618/1787/594 617/1852/591
f 624/595/595 623/596/596 626/1851/597 625/1813/598
f 623/596/596 622/599/599 627/1786/600 626/1851/597
f 633/601/601 632/602/602 635/1850/603 634/1814/604
f 632/602/602 631/605/605 636/1785/606 635/1850/603
f 642/607/607 641/608/608 644/1849/609 643/1815/610
f 641/608/608 640/611/611 645/1784/612 644/1849/609
f 651/613/613 650/614/614 653/1848/615 652/1816/616
f 650/614/614 649/617/617 654/1783/618 653/1848/615
f 660/619/619 659/620/620 662/1847/621 661/1817/622
f 659/620/620 658/623/623 663/1782/624 662/1847/621
f 669/625/625 668/626/626 671/1846/627 670/1818/628
f 668/626/626 667/629/629 672/1781/630 671/1846/627
f 678/631/631 677/632/632 680/1845/633 679/1819/634
f 677/632/632 676/635/635 681/1780/636 680/1845/633
f 687/637/637 686/638/638 689/1844/639 688/1820/640
f 686/638/638 685/641/641 690/1779/642 689/1844/639
f 696/643/643 695/644/644 698/1843/645 697/1821/646
f 695/644/644 694/647/647 699/1778/648 698/1843/645
f 705/649/649 704/650/650 707/1842/651 706/1822/652
f 704/650/650 703/653/653 708/1777/654 707/1842/651
f 714/655/655 713/656/656 716/1841/657 715/1823/658
f 713/656/656 712/659/659 717/1776/660 716/1841/657
f 777/661/661 776/662/662 779/663/663 778/664/664
f 776/662/662 775/665/665 780/666/666 779/663/663
f 783/667/667 782/668/668 785/669/669 784/670/670
f 782/668/668 781/671/671 786/672/672 785/669/669
f 792/673/673 791/674/674 794/675/675 793/676/676
f 791/674/674 790/677/677 795/678/678 794/675/675
f 801/679/679 800/680/680 803/681/681 802/682/682
f 800/680/680 799/683/683 804/684/684 803/681/681
f 810/685/685 809/686/686 812/687/687 811/688/688
f 809/686/686 808/689/689 813/690/690 812/687/687
f 819/691/691 818/692/692 821/693/693 820/694/694
f 818/692/692 817/695/695 822/696/696 821/693/693
f 828/697/697 827/698/698 830/699/699 829/700/700
f 827/698/698 826/701/701 831/702/702 830/699/699
f 837/703/703 836/704/704 839/705/705 838/706/706
f 836/704/704 835/707/707 840/708/708 839/705/705
f 846/709/709 845/710/710 848/711/711 847/712/712
f 845/710/710 844/713/713 849/714/714 848/711/711
f 855/715/715 854/716/716 857/1879/717 856/718/718
f 854/1874/716 853/719/719 858/720/720 857/717/717
f 864/721/721 863/722/722 866/723/723 865/724/724
f 863/722/722 862/725/725 867/726/726 866/723/723
f 873/727/727 872/728/728 875/729/729 874/730/730
f 872/728/728 871/731/731 876/732/732 875/729/729
f 882/733/733 881/734/734 884/735/735 883/736/736
f 881/734/734 880/737/737 885/738/738 884/735/735
f 891/739/739 890/740/740 893/741/741 892/742/742
f 890/740/740 889/743/743 894/744/744 893/741/741
f 900/745/745 899/746/746 902/747/747 901/748/748
f 899/746/746 898/749/749 903/750/750 902/747/747
f 909/751/751 908/752/752 911/753/753 910/754/754
f 908/752/752 907/755/755 912/756/756 911/753/753
f 1014/757/757 1013/758/758 1016/759/759 1015/760/760
f 1013/758/758 1012/761/761 1017/762/762 1016/759/759
f 1018/763/763 1020/764/764 1022/765/765 1021/766/766
f 1020/764/764 1019/767/767 1023/768/768 1022/765/765
f 1024/769/769 1026/770/770 1028/771/771 1027/772/772
f 1026/770/770 1025/773/773 1029/774/774 1028/771/771
f 1030/775/775 1032/776/776 1034/777/777 1033/778/778
f 1032/776/776 1031/779/779 1035/780/780 1034/777/777
f 1036/781/781 1038/782/782 1040/783/783 1039/784/784
f 1038/782/782 1037/785/785 1041/786/786 1040/783/783
f 1042/787/787 1044/788/788 1046/789/789 1045/790/790
f 1044/788/788 1043/791/791 1047/792/792 1046/789/789
f 1048/793/793 1050/794/794 1052/795/795 1051/796/796
f 1050/794/794 1049/797/797 1053/798/798 1052/795/795
f 1054/799/799 1056/800/800 1058/801/801 1057/802/802
f 1056/800/800 1055/803/803 1059/804/804 1058/801/801
f 1060/805/805 1062/806/806 1064/807/807 1063/808/808
f 1062/806/806 1061/809/809 1065/810/810 1064/807/807
f 1066/811/811 1068/812/812 1070/813/813 1069/814/814
f 1068/812/812 1067/815/815 1071/816/816 1070/813/813
f 1072/817/817 1074/818/818 1076/819/819 1075/820/820
f 1074/818/818 1073/821/821 1077/822/822 1076/819/819
f 1078/823/823 1080/824/824 1082/825/825 1081/826/826
f 1080/824/824 1079/827/827 1083/828/828 1082/825/825
f 1084/829/829 1086/830/830 1088/831/831 1087/832/832
f 1086/830/830 1085/833/833 1089/834/834 1088/831/831
f 1090/835/835 1092/836/836 1094/837/837 1093/838/838
f 1092/836/836 1091/839/839 1095/840/840 1094/837/837
f 1096/841/841 1098/842/842 1100/843/843 1099/844/844
f 1098/842/842 1097/845/845 1101/846/846 1100/843/843
f 1102/847/847 1104/848/848 1106/849/849 1105/850/850
f 1104/848/848 1103/851/851 1107/852/852 1106/849/849
f 1108/853/853 1110/854/854 1112/855/855 1111/856/856
f 1110/854/854 1109/857/857 1113/858/858 1112/855/855
f 1114/859/859 1116/860/860 1118/861/861 1117/862/862
f 1116/860/860 1115/863/863 1119/864/864 1118/861/861
f 1120/865/865 1122/866/866 1124/1875/867 1123/868/868
f 1122/1884/866 1121/869/869 1125/870/870 1124/867/867
f 1126/871/871 1128/872/872 1130/873/873 1129/874/874
f 1128/872/872 1127/875/875 1131/876/876 1130/873/873
f 1132/877/877 1134/878/878 1136/879/879 1135/880/880
f 1134/878/878 1133/881/881 1137/882/882 1136/879/879
f 1138/883/883 1140/884/884 1142/885/885 1141/886/886
f 1140/884/884 1139/887/887 1143/888/888 1142/885/885
f 1144/889/889 1146/890/890 1148/891/891 1147/892/892
f 1146/890/890 1145/893/893 1149/894/894 1148/891/891
f 1150/895/895 1152/896/896 1154/897/897 1153/898/898
f 1152/896/896 1151/899/899 1155/900/900 1154/897/897
f 1156/901/901 1158/902/902 1160/903/903 1159/904/904
f 1158/902/902 1157/905/905 1161/906/906 1160/903/903
f 1162/907/907 1164/908/908 1166/909/909 1165/910/910
f 1164/908/908 1163/911/911 1167/912/912 1166/909/909
f 1168/913/913 1170/914/914 1172/915/915 1171/916/916
f 1170/914/914 1169/917/917 1173/918/918 1172/915/915
f 1174/919/919 1176/920/920 1178/921/921 1177/922/922
f 1176/920/920 1175/923/923 1179/924/924 1178/921/921
f 1180/925/925 1182/926/926 1184/927/927 1183/928/928
f 1182/926/926 1181/929/929 1185/930/930 1184/927/927
f 1186/931/931 1188/932/932 1190/933/933 1189/934/934
f 1188/932/932 1187/935/935 1191/936/936 1190/933/933
f 1192/937/937 1194/938/938 1196/939/939 1195/940/940
f 1194/938/938 1193/941/941 1197/942/942 1196/939/939
f 1198/943/943 1200/944/944 1202/945/945 1201/946/946
f 1200/944/944 1199/947/947 1203/948/948 1202/945/945
f 9/6/6 243/283/283 244/1840/286 250/1633/949
f 241/287/287 13/10/10 255/950/950 246/1839/288
f 277/304/304 586/575/575 267/295/295 276/301/301
f 283/310/310 279/306/306 274/305/305 282/307/307
f 298/322/322 595/581/581 288/313/313 297/319/319
f 304/328/328 300/324/324 295/323/323 303/325/325
f 319/340/340 604/587/587 309/331/331 318/337/337
f 325/346/346 321/342/342 316/341/341 324/343/343
f 340/358/358 613/593/593 330/349/349 339/355/355
f 346/364/364 342/360/360 337/359/359 345/361/361
f 361/376/376 622/599/599 351/367/367 360/373/373
f 367/382/382 363/378/378 358/377/377 366/379/379
f 382/394/394 631/605/605 372/385/385 381/391/391
f 388/400/400 384/396/396 379/395/395 387/397/397
f 403/412/412 640/611/611 393/403/403 402/409/409
f 409/418/418 405/414/414 400/413/413 408/415/415
f 424/430/430 649/617/617 414/421/421 423/427/427
f 430/436/436 426/432/432 421/431/431 429/433/433
f 445/448/448 658/623/623 435/439/439 444/445/445
f 451/454/454 447/450/450 442/449/449 450/451/451
f 466/466/466 667/629/629 456/457/457 465/463/463
f 472/472/472 468/468/468 463/467/467 471/469/469
f 487/484/484 676/635/635 477/475/475 486/481/481
f 493/490/490 489/486/486 484/485/485 492/487/487
f 508/502/502 685/641/641 498/493/493 507/499/499
f 514/508/508 510/504/504 505/503/503 513/505/505
f 529/520/520 694/647/647 519/511/511 528/517/517
f 535/526/526 531/522/522 526/521/521 534/523/523
f 550/538/538 703/653/653 540/529/529 549/535/535
f 556/544/544 552/540/540 547/539/539 555/541/541
f 571/556/556 712/659/659 561/547/547 570/553/553
f 577/562/562 573/558/558 568/557/557 576/559/559
f 240/282/282 7/4/4 252/951/951 271/1622/952
f 225/264/264 232/268/268 270/1838/300 292/1610/953
f 210/246/246 217/250/250 291/1837/318 313/1598/954
f 195/228/228 202/232/232 312/1836/336 334/1586/955
f 180/210/210 187/214/214 333/1835/354 355/1574/956
f 165/192/192 172/196/196 354/1834/372 376/1562/957
f 150/174/174 157/178/178 375/1833/390 397/1550/958
f 135/156/156 142/160/160 396/1832/408 418/1538/959
f 120/138/138 127/142/142 417/1831/426 439/1526/960
f 105/120/120 112/124/124 438/1830/444 460/1514/961
f 90/102/102 97/106/106 459/1829/462 481/1502/962
f 75/84/84 82/88/88 480/1828/480 502/1490/963
f 60/66/66 67/70/70 501/1827/498 523/1478/964
f 45/48/48 52/52/52 522/1826/516 544/1466/965
f 30/30/30 37/34/34 543/1825/534 565/1454/966
f 15/12/12 22/16/16 564/1824/552 253/1628/967
f 249/968/968 258/969/969 285/312/312 280/311/311
f 588/571/571 306/330/330 301/329/329 265/299/299
f 597/577/577 327/348/348 322/347/347 286/317/317
f 606/583/583 348/366/366 343/365/365 307/335/335
f 615/589/589 369/384/384 364/383/383 328/353/353
f 624/595/595 390/402/402 385/401/401 349/371/371
f 633/601/601 411/420/420 406/419/419 370/389/389
f 642/607/607 432/438/438 427/437/437 391/407/407
f 651/613/613 453/456/456 448/455/455 412/425/425
f 660/619/619 474/474/474 469/473/473 433/443/443
f 669/625/625 495/492/492 490/491/491 454/461/461
f 678/631/631 516/510/510 511/509/509 475/479/479
f 687/637/637 537/528/528 532/527/527 496/497/497
f 696/643/643 558/546/546 553/545/545 517/515/515
f 705/649/649 579/564/564 574/563/563 538/533/533
f 714/655/655 264/294/294 259/293/293 559/551/551
f 235/281/281 3/1/1 7/4/4 240/282/282
f 220/263/263 228/265/265 232/268/268 225/264/264
f 205/245/245 213/247/247 217/250/250 210/246/246
f 190/227/227 198/229/229 202/232/232 195/228/228
f 175/209/209 183/211/211 187/214/214 180/210/210
f 160/191/191 168/193/193 172/196/196 165/192/192
f 145/173/173 153/175/175 157/178/178 150/174/174
f 130/155/155 138/157/157 142/160/160 135/156/156
f 115/137/137 123/139/139 127/142/142 120/138/138
f 100/119/119 108/121/121 112/124/124 105/120/120
f 85/101/101 93/103/103 97/106/106 90/102/102
f 70/83/83 78/85/85 82/88/88 75/84/84
f 55/65/65 63/67/67 67/70/70 60/66/66
f 40/47/47 48/49/49 52/52/52 45/48/48
f 25/29/29 33/31/31 37/34/34 30/30/30
f 10/11/11 18/13/13 22/16/16 15/12/12
f 264/294/294 714/655/655 715/1823/658 585/1625/970
f 579/564/564 705/649/649 706/1822/652 720/1445/971
f 558/546/546 696/643/643 697/1821/646 711/1457/972
f 537/528/528 687/637/637 688/1820/640 702/1469/973
f 516/510/510 678/631/631 679/1819/634 693/1481/974
f 495/492/492 669/625/625 670/1818/628 684/1493/975
f 474/474/474 660/619/619 661/1817/622 675/1505/976
f 453/456/456 651/613/613 652/1816/616 666/1517/977
f 432/438/438 642/607/607 643/1815/610 657/1529/978
f 411/420/420 633/601/601 634/1814/604 648/1541/979
f 390/402/402 624/595/595 625/1813/598 639/1553/980
f 369/384/384 615/589/589 616/1812/592 630/1565/981
f 348/366/366 606/583/583 607/1811/586 621/1577/982
f 327/348/348 597/577/577 598/1810/580 612/1589/983
f 306/330/330 588/571/571 589/1809/574 603/1601/984
f 285/312/312 258/969/969 582/1808/565 594/1613/985
f 715/658/658 1254/1761/986 724/1763/987 585/970/970
f 706/652/652 1257/1752/988 727/1754/989 720/971/971
f 697/646/646 1260/1743/990 730/1745/991 711/972/972
f 688/640/640 1263/1734/992 733/1736/993 702/973/973
f 679/634/634 1266/1725/994 736/1727/995 693/974/974
f 670/628/628 1269/1716/996 739/1718/997 684/975/975
f 661/622/622 1272/1707/998 742/1709/999 675/976/976
f 652/616/616 1275/1698/1000 745/1700/1001 666/977/977
f 643/610/610 1278/1689/1002 748/1691/1003 657/978/978
f 634/604/604 1281/1680/1004 751/1682/1005 648/979/979
f 625/598/598 1284/1671/1006 754/1673/1007 639/980/980
f 616/592/592 1287/1662/1008 757/1664/1009 630/981/981
f 607/586/586 1290/1653/1010 760/1655/1011 621/982/982
f 598/580/580 1293/1644/1012 763/1646/1013 612/983/983
f 589/574/574 1296/1634/1014 766/1637/1015 603/984/984
f 582/565/565 721/1807/568 769/1769/1016 594/985/985
f 1/5/5 774/1017/1017 243/283/283 9/6/6
f 772/1018/1018 12/7/7 13/10/10 241/287/287
f 778/664/664 256/1019/1019 247/1020/1020 777/661/661
f 262/292/292 780/666/666 775/665/665 261/289/289
f 226/269/269 783/667/667 784/670/670 234/270/270
f 781/671/671 237/277/277 238/280/280 786/672/672
f 234/270/270 784/670/670 789/1021/1021 268/298/298
f 786/672/672 238/280/280 273/1022/1022 787/1621/1023
f 211/251/251 792/673/673 793/676/676 219/252/252
f 790/677/677 222/259/259 223/262/262 795/678/678
f 219/252/252 793/676/676 798/1024/1024 289/316/316
f 795/678/678 223/262/262 294/1025/1025 796/1609/1026
f 196/233/233 801/679/679 802/682/682 204/234/234
f 799/683/683 207/241/241 208/244/244 804/684/684
f 204/234/234 802/682/682 807/1027/1027 310/334/334
f 804/684/684 208/244/244 315/1028/1028 805/1597/1029
f 181/215/215 810/685/685 811/688/688 189/216/216
f 808/689/689 192/223/223 193/226/226 813/690/690
f 189/216/216 811/688/688 816/1030/1030 331/352/352
f 813/690/690 193/226/226 336/1031/1031 814/1585/1032
f 166/197/197 819/691/691 820/694/694 174/198/198
f 817/695/695 177/205/205 178/208/208 822/696/696
f 174/198/198 820/694/694 825/1033/1033 352/370/370
f 822/696/696 178/208/208 357/1034/1034 823/1573/1035
f 151/179/179 828/697/697 829/700/700 159/180/180
f 826/701/701 162/187/187 163/190/190 831/702/702
f 159/180/180 829/700/700 834/1036/1036 373/388/388
f 831/702/702 163/190/190 378/1037/1037 832/1561/1038
f 136/161/161 837/703/703 838/706/706 144/162/162
f 835/707/707 147/169/169 148/172/172 840/708/708
f 144/162/162 838/706/706 843/1039/1039 394/406/406
f 840/708/708 148/172/172 399/1040/1040 841/1549/1041
f 121/143/143 846/709/709 847/712/712 129/144/144
f 844/713/713 132/151/151 133/154/154 849/714/714
f 129/144/144 847/712/712 852/1042/1042 415/424/424
f 849/714/714 133/154/154 420/1043/1043 850/1537/1044
f 106/125/125 855/715/715 856/718/718 114/126/126
f 853/719/719 117/133/133 118/136/136 858/720/720
f 114/126/126 856/718/718 861/1045/1045 436/442/442
f 858/720/720 118/136/136 441/1046/1046 859/1525/1047
f 91/107/107 864/721/721 865/724/724 99/108/108
f 862/725/725 102/115/115 103/118/118 867/726/726
f 99/108/108 865/724/724 870/1048/1048 457/460/460
f 867/726/726 103/118/118 462/1049/1049 868/1513/1050
f 76/89/89 873/727/727 874/730/730 84/90/90
f 871/731/731 87/97/97 88/100/100 876/732/732
f 84/90/90 874/730/730 879/1051/1051 478/478/478
f 876/732/732 88/100/100 483/1052/1052 877/1501/1053
f 61/71/71 882/733/733 883/736/736 69/72/72
f 880/737/737 72/79/79 73/82/82 885/738/738
f 69/72/72 883/736/736 888/1054/1054 499/496/496
f 885/738/738 73/82/82 504/1055/1055 886/1489/1056
f 46/53/53 891/739/739 892/742/742 54/54/54
f 889/743/743 57/61/61 58/64/64 894/744/744
f 54/54/54 892/742/742 897/1057/1057 520/514/514
f 894/744/744 58/64/64 525/1058/1058 895/1477/1059
f 31/35/35 900/745/745 901/748/748 39/36/36
f 898/749/749 42/43/43 43/46/46 903/750/750
f 39/36/36 901/748/748 906/1060/1060 541/532/532
f 903/750/750 43/46/46 546/1061/1061 904/1465/1062
f 16/17/17 909/751/751 910/754/754 24/18/18
f 907/755/755 27/25/25 28/28/28 912/756/756
f 24/18/18 910/754/754 915/1063/1063 562/550/550
f 912/756/756 28/28/28 567/1064/1064 913/1453/1065
f 256/1019/1019 778/664/664 916/1066/1066 580/569/569
f 780/666/666 262/292/292 583/1067/1067 918/1442/1068
f 586/575/575 277/304/304 919/1069/1069 591/1790/576
f 279/306/306 283/310/310 592/1070/1070 921/1616/1071
f 595/581/581 298/322/322 922/1072/1072 600/1789/582
f 300/324/324 304/328/328 601/1073/1073 924/1604/1074
f 604/587/587 319/340/340 925/1075/1075 609/1788/588
f 321/342/342 325/346/346 610/1076/1076 927/1592/1077
f 613/593/593 340/358/358 928/1078/1078 618/1787/594
f 342/360/360 346/364/364 619/1079/1079 930/1580/1080
f 622/599/599 361/376/376 931/1081/1081 627/1786/600
f 363/378/378 367/382/382 628/1082/1082 933/1568/1083
f 631/605/605 382/394/394 934/1084/1084 636/1785/606
f 384/396/396 388/400/400 637/1085/1085 936/1556/1086
f 640/611/611 403/412/412 937/1087/1087 645/1784/612
f 405/414/414 409/418/418 646/1088/1088 939/1544/1089
f 649/617/617 424/430/430 940/1090/1090 654/1783/618
f 426/432/432 430/436/436 655/1091/1091 942/1532/1092
f 658/623/623 445/448/448 943/1093/1093 663/1782/624
f 447/450/450 451/454/454 664/1094/1094 945/1520/1095
f 667/629/629 466/466/466 946/1096/1096 672/1781/630
f 468/468/468 472/472/472 673/1097/1097 948/1508/1098
f 676/635/635 487/484/484 949/1099/1099 681/1780/636
f 489/486/486 493/490/490 682/1100/1100 951/1496/1101
f 685/641/641 508/502/502 952/1102/1102 690/1779/642
f 510/504/504 514/508/508 691/1103/1103 954/1484/1104
f 694/647/647 529/520/520 955/1105/1105 699/1778/648
f 531/522/522 535/526/526 700/1106/1106 957/1472/1107
f 703/653/653 550/538/538 958/1108/1108 708/1777/654
f 552/540/540 556/544/544 709/1109/1109 960/1460/1110
f 712/659/659 571/556/556 961/1111/1111 717/1776/660
f 573/558/558 577/562/562 718/1112/1112 963/1448/1113
f 916/1444/1066 966/1767/1114 723/1775/570 580/1791/569
f 583/1627/1067 725/1764/1115 965/1766/1116 918/1068/1068
f 961/1450/1111 969/1758/1117 1253/1760/1118 717/660/660
f 718/1447/1112 728/1755/1119 968/1757/1120 963/1113/1113
f 958/1462/1108 972/1749/1121 1256/1751/1122 708/654/654
f 709/1459/1109 731/1746/1123 971/1748/1124 960/1110/1110
f 955/1474/1105 975/1740/1125 1259/1742/1126 699/648/648
f 700/1471/1106 734/1737/1127 974/1739/1128 957/1107/1107
f 952/1486/1102 978/1731/1129 1262/1733/1130 690/642/642
f 691/1483/1103 737/1728/1131 977/1730/1132 954/1104/1104
f 949/1498/1099 981/1722/1133 1265/1724/1134 681/636/636
f 682/1495/1100 740/1719/1135 980/1721/1136 951/1101/1101
f 946/1510/1096 984/1713/1137 1268/1715/1138 672/630/630
f 673/1507/1097 743/1710/1139 983/1712/1140 948/1098/1098
f 943/1522/1093 987/1704/1141 1271/1706/1142 663/624/624
f 664/1519/1094 746/1701/1143 986/1703/1144 945/1095/1095
f 940/1534/1090 990/1695/1145 1274/1697/1146 654/618/618
f 655/1531/1091 749/1692/1147 989/1694/1148 942/1092/1092
f 937/1546/1087 993/1686/1149 1277/1688/1150 645/612/612
f 646/1543/1088 752/1683/1151 992/1685/1152 939/1089/1089
f 934/1558/1084 996/1677/1153 1280/1679/1154 636/606/606
f 637/1555/1085 755/1674/1155 995/1676/1156 936/1086/1086
f 931/1570/1081 999/1668/1157 1283/1670/1158 627/600/600
f 628/1567/1082 758/1665/1159 998/1667/1160 933/1083/1083
f 928/1582/1078 1002/1659/1161 1286/1661/1162 618/594/594
f 619/1579/1079 761/1656/1163 1001/1658/1164 930/1080/1080
f 925/1594/1075 1005/1650/1165 1289/1652/1166 609/588/588
f 610/1591/1076 764/1647/1167 1004/1649/1168 927/1077/1077
f 922/1606/1072 1008/1641/1169 1292/1643/1170 600/582/582
f 601/1603/1073 767/1638/1171 1007/1640/1172 924/1074/1074
f 919/1618/1069 1011/1773/1173 1295/1774/1174 591/576/576
f 592/1615/1070 770/1770/1175 1010/1772/1176 921/1071/1071
f 4/1177/1177 1015/760/760 774/1017/1017 1/5/5
f 235/281/281 1023/768/768 6/1178/1178 3/1/1
f 1029/774/774 1021/766/766 237/277/277 781/671/671
f 231/271/271 1027/772/772 783/667/667 226/269/269
f 220/263/263 1035/780/780 229/275/275 228/265/265
f 1041/786/786 1033/778/778 222/259/259 790/677/677
f 216/253/253 1039/784/784 792/673/673 211/251/251
f 205/245/245 1047/792/792 214/257/257 213/247/247
f 1053/798/798 1045/790/790 207/241/241 799/683/683
f 201/235/235 1051/796/796 801/679/679 196/233/233
f 190/227/227 1059/804/804 199/239/239 198/229/229
f 1065/810/810 1057/802/802 192/223/223 808/689/689
f 186/217/217 1063/808/808 810/685/685 181/215/215
f 175/209/209 1071/816/816 184/221/221 183/211/211
f 1077/822/822 1069/814/814 177/205/205 817/695/695
f 171/199/199 1075/820/820 819/691/691 166/197/197
f 160/191/191 1083/828/828 169/203/203 168/193/193
f 1089/834/834 1081/826/826 162/187/187 826/701/701
f 156/181/181 1087/832/832 828/697/697 151/179/179
f 145/173/173 1095/840/840 154/185/185 153/175/175
f 1101/846/846 1093/838/838 147/169/169 835/707/707
f 141/163/163 1099/844/844 837/703/703 136/161/161
f 130/155/155 1107/852/852 139/167/167 138/157/157
f 1113/858/858 1105/850/850 132/151/151 844/713/713
f 126/145/145 1111/856/856 846/709/709 121/143/143
f 115/137/137 1119/864/864 124/149/149 123/139/139
f 1125/870/870 1117/862/862 117/133/133 853/719/719
f 111/127/127 1123/868/868 855/715/715 106/125/125
f 100/119/119 1131/876/876 109/131/131 108/121/121
f 1137/882/882 1129/874/874 102/115/115 862/725/725
f 96/109/109 1135/880/880 864/721/721 91/107/107
f 85/101/101 1143/888/888 94/113/113 93/103/103
f 1149/894/894 1141/886/886 87/97/97 871/731/731
f 81/91/91 1147/892/892 873/727/727 76/89/89
f 70/83/83 1155/900/900 79/95/95 78/85/85
f 1161/906/906 1153/898/898 72/79/79 880/737/737
f 66/73/73 1159/904/904 882/733/733 61/71/71
f 55/65/65 1167/912/912 64/77/77 63/67/67
f 1173/918/918 1165/910/910 57/61/61 889/743/743
f 51/55/55 1171/916/916 891/739/739 46/53/53
f 40/47/47 1179/924/924 49/59/59 48/49/49
f 1185/930/930 1177/922/922 42/43/43 898/749/749
f 36/37/37 1183/928/928 900/745/745 31/35/35
f 25/29/29 1191/936/936 34/41/41 33/31/31
f 1197/942/942 1189/934/934 27/25/25 907/755/755
f 21/19/19 1195/940/940 909/751/751 16/17/17
f 10/11/11 1203/948/948 19/23/23 18/13/13
f 1017/762/762 1201/946/946 12/7/7 772/1018/1018
f 4/1177/1177 1206/1179/1179 1014/757/757 1015/760/760
f 1017/762/762 1012/761/761 1198/943/943 1201/946/946
f 19/23/23 1203/948/948 1199/947/947 1208/24/24
f 21/19/19 1209/22/22 1192/937/937 1195/940/940
f 1197/942/942 1193/941/941 1186/931/931 1189/934/934
f 34/41/41 1191/936/936 1187/935/935 1211/42/42
f 36/37/37 1212/40/40 1180/925/925 1183/928/928
f 1185/930/930 1181/929/929 1174/919/919 1177/922/922
f 49/59/59 1179/924/924 1175/923/923 1214/60/60
f 51/55/55 1215/58/58 1168/913/913 1171/916/916
f 1173/918/918 1169/917/917 1162/907/907 1165/910/910
f 64/77/77 1167/912/912 1163/911/911 1217/78/78
f 66/73/73 1218/76/76 1156/901/901 1159/904/904
f 1161/906/906 1157/905/905 1150/895/895 1153/898/898
f 79/95/95 1155/900/900 1151/899/899 1220/96/96
f 81/91/91 1221/94/94 1144/889/889 1147/892/892
f 1149/894/894 1145/893/893 1138/883/883 1141/886/886
f 94/113/113 1143/888/888 1139/887/887 1223/114/114
f 96/109/109 1224/112/112 1132/877/877 1135/880/880
f 1137/882/882 1133/881/881 1126/871/871 1129/874/874
f 109/131/131 1131/876/876 1127/875/875 1226/132/132
f 111/127/127 1227/130/130 1120/865/865 1123/868/868
f 1125/870/870 1121/869/869 1114/859/859 1117/862/862
f 124/149/149 1119/864/864 1115/863/863 1229/150/150
f 126/145/145 1230/148/148 1108/853/853 1111/856/856
f 1113/858/858 1109/857/857 1102/847/847 1105/850/850
f 139/167/167 1107/852/852 1103/851/851 1232/168/168
f 141/163/163 1233/166/166 1096/841/841 1099/844/844
f 1101/846/846 1097/845/845 1090/835/835 1093/838/838
f 154/185/185 1095/840/840 1091/839/839 1235/186/186
f 156/181/181 1236/184/184 1084/829/829 1087/832/832
f 1089/834/834 1085/833/833 1078/823/823 1081/826/826
f 169/203/203 1083/828/828 1079/827/827 1238/204/204
f 171/199/199 1239/202/202 1072/817/817 1075/820/820
f 1077/822/822 1073/821/821 1066/811/811 1069/814/814
f 184/221/221 1071/816/816 1067/815/815 1241/222/222
f 186/217/217 1242/220/220 1060/805/805 1063/808/808
f 1065/810/810 1061/809/809 1054/799/799 1057/802/802
f 199/239/239 1059/804/804 1055/803/803 1244/240/240
f 201/235/235 1245/238/238 1048/793/793 1051/796/796
f 1053/798/798 1049/797/797 1042/787/787 1045/790/790
f 214/257/257 1047/792/792 1043/791/791 1247/258/258
f 216/253/253 1248/256/256 1036/781/781 1039/784/784
f 1041/786/786 1037/785/785 1030/775/775 1033/778/778
f 229/275/275 1035/780/780 1031/779/779 1250/276/276
f 231/271/271 1251/274/274 1024/769/769 1027/772/772
f 1029/774/774 1025/773/773 1018/763/763 1021/766/766
f 6/1178/1178 1023/768/768 1019/767/767 1205/1180/1180
f 250/949/949 244/286/286 777/661/661 247/1020/1020
f 271/952/952 252/1631/951 249/968/968 280/311/311
f 787/1023/1023 273/1624/1022 282/307/307 274/305/305
f 268/1806/298 789/1619/1021 276/301/301 267/295/295
f 292/953/953 270/300/300 265/299/299 301/329/329
f 796/1026/1026 294/1612/1025 303/325/325 295/323/323
f 289/1805/316 798/1607/1024 297/319/319 288/313/313
f 313/954/954 291/318/318 286/317/317 322/347/347
f 805/1029/1029 315/1600/1028 324/343/343 316/341/341
f 310/1804/334 807/1595/1027 318/337/337 309/331/331
f 334/955/955 312/336/336 307/335/335 343/365/365
f 814/1032/1032 336/1588/1031 345/361/361 337/359/359
f 331/1803/352 816/1583/1030 339/355/355 330/349/349
f 355/956/956 333/354/354 328/353/353 364/383/383
f 823/1035/1035 357/1576/1034 366/379/379 358/377/377
f 352/1802/370 825/1571/1033 360/373/373 351/367/367
f 376/957/957 354/372/372 349/371/371 385/401/401
f 832/1038/1038 378/1564/1037 387/397/397 379/395/395
f 373/1801/388 834/1559/1036 381/391/391 372/385/385
f 397/958/958 375/390/390 370/389/389 406/419/419
f 841/1041/1041 399/1552/1040 408/415/415 400/413/413
f 394/1800/406 843/1547/1039 402/409/409 393/403/403
f 418/959/959 396/408/408 391/407/407 427/437/437
f 850/1044/1044 420/1540/1043 429/433/433 421/431/431
f 415/1799/424 852/1535/1042 423/427/427 414/421/421
f 439/960/960 417/426/426 412/425/425 448/455/455
f 859/1047/1047 441/1528/1046 450/451/451 442/449/449
f 436/1798/442 861/1523/1045 444/445/445 435/439/439
f 460/961/961 438/444/444 433/443/443 469/473/473
f 868/1050/1050 462/1516/1049 471/469/469 463/467/467
f 457/1797/460 870/1511/1048 465/463/463 456/457/457
f 481/962/962 459/462/462 454/461/461 490/491/491
f 877/1053/1053 483/1504/1052 492/487/487 484/485/485
f 478/1796/478 879/1499/1051 486/481/481 477/475/475
f 502/963/963 480/480/480 475/479/479 511/509/509
f 886/1056/1056 504/1492/1055 513/505/505 505/503/503
f 499/1795/496 888/1487/1054 507/499/499 498/493/493
f 523/964/964 501/498/498 496/497/497 532/527/527
f 895/1059/1059 525/1480/1058 534/523/523 526/521/521
f 520/1794/514 897/1475/1057 528/517/517 519/511/511
f 544/965/965 522/516/516 517/515/515 553/545/545
f 904/1062/1062 546/1468/1061 555/541/541 547/539/539
f 541/1793/532 906/1463/1060 549/535/535 540/529/529
f 565/966/966 543/534/534 538/533/533 574/563/563
f 913/1065/1065 567/1456/1064 576/559/559 568/557/557
f 562/1792/550 915/1451/1063 570/553/553 561/547/547
f 253/967/967 564/552/552 559/551/551 259/293/293
f 246/288/288 255/1630/950 261/289/289 775/665/665
f 1/5/5 2/2/2 5/1228/1181 4/1177/1177
f 2/2/2 3/1/1 6/1178/1178 5/1228/1181
f 4/1177/1177 5/1228/1181 1204/1229/1182 1206/1179/1179
f 5/1228/1181 6/1178/1178 1205/1180/1180 1204/1229/1182
f 16/17/17 17/14/14 20/20/20 21/19/19
f 17/14/14 18/13/13 19/23/23 20/20/20
f 31/35/35 32/32/32 35/38/38 36/37/37
f 32/32/32 33/31/31 34/41/41 35/38/38
f 46/53/53 47/50/50 50/56/56 51/55/55
f 47/50/50 48/49/49 49/59/59 50/56/56
f 61/71/71 62/68/68 65/74/74 66/73/73
f 62/68/68 63/67/67 64/77/77 65/74/74
f 76/89/89 77/86/86 80/92/92 81/91/91
f 77/86/86 78/85/85 79/95/95 80/92/92
f 91/107/107 92/104/104 95/110/110 96/109/109
f 92/104/104 93/103/103 94/113/113 95/110/110
f 106/125/125 107/122/122 110/128/128 111/127/127
f 107/122/122 108/121/121 109/131/131 110/128/128
f 121/143/143 122/140/140 125/146/146 126/145/145
f 122/140/140 123/139/139 124/149/149 125/146/146
f 136/161/161 137/158/158 140/164/164 141/163/163
f 137/158/158 138/157/157 139/167/167 140/164/164
f 151/179/179 152/176/176 155/182/182 156/181/181
f 152/176/176 153/175/175 154/185/185 155/182/182
f 166/197/197 167/194/194 170/200/200 171/199/199
f 167/194/194 168/193/193 169/203/203 170/200/200
f 181/215/215 182/212/212 185/218/218 186/217/217
f 182/212/212 183/211/211 184/221/221 185/218/218
f 196/233/233 197/230/230 200/236/236 201/235/235
f 197/230/230 198/229/229 199/239/239 200/236/236
f 211/251/251 212/248/248 215/254/254 216/253/253
f 212/248/248 213/247/247 214/257/257 215/254/254
f 226/269/269 227/266/266 230/272/272 231/271/271
f 227/266/266 228/265/265 229/275/275 230/272/272
f 241/287/287 242/284/284 773/1230/1183 772/1018/1018
f 242/284/284 243/283/283 774/1017/1017 773/1230/1183
f 247/1020/1020 248/1231/1184 251/1632/1185 250/949/949
f 248/1231/1184 249/968/968 252/1631/951 251/1632/1185
f 7/4/4 8/3/3 251/1232/1185 252/951/951
f 8/3/3 9/6/6 250/1633/949 251/1232/1185
f 13/10/10 14/9/9 254/1629/1186 255/950/950
f 14/9/9 15/12/12 253/1628/967 254/1629/1186
f 249/968/968 248/1231/1184 257/1234/1187 258/969/969
f 248/1231/1184 247/1020/1020 256/1019/1019 257/1234/1187
f 255/1630/950 254/1233/1186 260/290/290 261/289/289
f 254/1233/1186 253/967/967 259/293/293 260/290/290
f 262/292/292 263/291/291 584/1626/1188 583/1067/1067
f 263/291/291 264/294/294 585/1625/970 584/1626/1188
f 232/268/268 233/267/267 269/297/297 270/1838/300
f 233/267/267 234/270/270 268/298/298 269/297/297
f 238/280/280 239/279/279 272/1623/1189 273/1022/1022
f 239/279/279 240/282/282 271/1622/952 272/1623/1189
f 274/305/305 275/302/302 788/1620/1190 787/1023/1023
f 275/302/302 276/301/301 789/1619/1021 788/1620/1190
f 277/304/304 278/303/303 920/1617/1191 919/1069/1069
f 278/303/303 279/306/306 921/1616/1071 920/1617/1191
f 273/1624/1022 272/1236/1189 281/308/308 282/307/307
f 272/1236/1189 271/952/952 280/311/311 281/308/308
f 283/310/310 284/309/309 593/1614/1192 592/1070/1070
f 284/309/309 285/312/312 594/1613/985 593/1614/1192
f 217/250/250 218/249/249 290/315/315 291/1837/318
f 218/249/249 219/252/252 289/316/316 290/315/315
f 223/262/262 224/261/261 293/1611/1193 294/1025/1025
f 224/261/261 225/264/264 292/1610/953 293/1611/1193
f 295/323/323 296/320/320 797/1608/1194 796/1026/1026
f 296/320/320 297/319/319 798/1607/1024 797/1608/1194
f 298/322/322 299/321/321 923/1605/1195 922/1072/1072
f 299/321/321 300/324/324 924/1604/1074 923/1605/1195
f 294/1612/1025 293/1240/1193 302/326/326 303/325/325
f 293/1240/1193 292/953/953 301/329/329 302/326/326
f 304/328/328 305/327/327 602/1602/1196 601/1073/1073
f 305/327/327 306/330/330 603/1601/984 602/1602/1196
f 202/232/232 203/231/231 311/333/333 312/1836/336
f 203/231/231 204/234/234 310/334/334 311/333/333
f 208/244/244 209/243/243 314/1599/1197 315/1028/1028
f 209/243/243 210/246/246 313/1598/954 314/1599/1197
f 316/341/341 317/338/338 806/1596/1198 805/1029/1029
f 317/338/338 318/337/337 807/1595/1027 806/1596/1198
f 319/340/340 320/339/339 926/1593/1199 925/1075/1075
f 320/339/339 321/342/342 927/1592/1077 926/1593/1199
f 315/1600/1028 314/1244/1197 323/344/344 324/343/343
f 314/1244/1197 313/954/954 322/347/347 323/344/344
f 325/346/346 326/345/345 611/1590/1200 610/1076/1076
f 326/345/345 327/348/348 612/1589/983 611/1590/1200
f 187/214/214 188/213/213 332/351/351 333/1835/354
f 188/213/213 189/216/216 331/352/352 332/351/351
f 193/226/226 194/225/225 335/1587/1201 336/1031/1031
f 194/225/225 195/228/228 334/1586/955 335/1587/1201
f 337/359/359 338/356/356 815/1584/1202 814/1032/1032
f 338/356/356 339/355/355 816/1583/1030 815/1584/1202
f 340/358/358 341/357/357 929/1581/1203 928/1078/1078
f 341/357/357 342/360/360 930/1580/1080 929/1581/1203
f 336/1588/1031 335/1248/1201 344/362/362 345/361/361
f 335/1248/1201 334/955/955 343/365/365 344/362/362
f 346/364/364 347/363/363 620/1578/1204 619/1079/1079
f 347/363/363 348/366/366 621/1577/982 620/1578/1204
f 172/196/196 173/195/195 353/369/369 354/1834/372
f 173/195/195 174/198/198 352/370/370 353/369/369
f 178/208/208 179/207/207 356/1575/1205 357/1034/1034
f 179/207/207 180/210/210 355/1574/956 356/1575/1205
f 358/377/377 359/374/374 824/1572/1206 823/1035/1035
f 359/374/374 360/373/373 825/1571/1033 824/1572/1206
f 361/376/376 362/375/375 932/1569/1207 931/1081/1081
f 362/375/375 363/378/378 933/1568/1083 932/1569/1207
f 357/1576/1034 356/1252/1205 365/380/380 366/379/379
f 356/1252/1205 355/956/956 364/383/383 365/380/380
f 367/382/382 368/381/381 629/1566/1208 628/1082/1082
f 368/381/381 369/384/384 630/1565/981 629/1566/1208
f 157/178/178 158/177/177 374/387/387 375/1833/390
f 158/177/177 159/180/180 373/388/388 374/387/387
f 163/190/190 164/189/189 377/1563/1209 378/1037/1037
f 164/189/189 165/192/192 376/1562/957 377/1563/1209
f 379/395/395 380/392/392 833/1560/1210 832/1038/1038
f 380/392/392 381/391/391 834/1559/1036 833/1560/1210
f 382/394/394 383/393/393 935/1557/1211 934/1084/1084
f 383/393/393 384/396/396 936/1556/1086 935/1557/1211
f 378/1564/1037 377/1256/1209 386/398/398 387/397/397
f 377/1256/1209 376/957/957 385/401/401 386/398/398
f 388/400/400 389/399/399 638/1554/1212 637/1085/1085
f 389/399/399 390/402/402 639/1553/980 638/1554/1212
f 142/160/160 143/159/159 395/405/405 396/1832/408
f 143/159/159 144/162/162 394/406/406 395/405/405
f 148/172/172 149/171/171 398/1551/1213 399/1040/1040
f 149/171/171 150/174/174 397/1550/958 398/1551/1213
f 400/413/413 401/410/410 842/1548/1214 841/1041/1041
f 401/410/410 402/409/409 843/1547/1039 842/1548/1214
f 403/412/412 404/411/411 938/1545/1215 937/1087/1087
f 404/411/411 405/414/414 939/1544/1089 938/1545/1215
f 399/1552/1040 398/1260/1213 407/416/416 408/415/415
f 398/1260/1213 397/958/958 406/419/419 407/416/416
f 409/418/418 410/417/417 647/1542/1216 646/1088/1088
f 410/417/417 411/420/420 648/1541/979 647/1542/1216
f 127/142/142 128/141/141 416/423/423 417/1831/426
f 128/141/141 129/144/144 415/424/424 416/423/423
f 133/154/154 134/153/153 419/1539/1217 420/1043/1043
f 134/153/153 135/156/156 418/1538/959 419/1539/1217
f 421/431/431 422/428/428 851/1536/1218 850/1044/1044
f 422/428/428 423/427/427 852/1535/1042 851/1536/1218
f 424/430/430 425/429/429 941/1533/1219 940/1090/1090
f 425/429/429 426/432/432 942/1532/1092 941/1533/1219
f 420/1540/1043 419/1264/1217 428/434/434 429/433/433
f 419/1264/1217 418/959/959 427/437/437 428/434/434
f 430/436/436 431/435/435 656/1530/1220 655/1091/1091
f 431/435/435 432/438/438 657/1529/978 656/1530/1220
f 112/124/124 113/123/123 437/441/441 438/1830/444
f 113/123/123 114/126/126 436/442/442 437/441/441
f 118/136/136 119/135/135 440/1527/1221 441/1046/1046
f 119/135/135 120/138/138 439/1526/960 440/1527/1221
f 442/449/449 443/1883/446 860/1880/1222 859/1047/1047
f 443/446/446 444/445/445 861/1523/1045 860/1524/1222
f 445/448/448 446/1882/447 944/1876/1223 943/1093/1093
f 446/447/447 447/450/450 945/1520/1095 944/1521/1223
f 441/1528/1046 440/1268/1221 449/452/452 450/451/451
f 440/1268/1221 439/960/960 448/455/455 449/452/452
f 451/454/454 452/453/453 665/1518/1224 664/1094/1094
f 452/453/453 453/456/456 666/1517/977 665/1518/1224
f 97/106/106 98/105/105 458/459/459 459/1829/462
f 98/105/105 99/108/108 457/460/460 458/459/459
f 103/118/118 104/117/117 461/1515/1225 462/1049/1049
f 104/117/117 105/120/120 460/1514/961 461/1515/1225
f 463/467/467 464/464/464 869/1512/1226 868/1050/1050
f 464/464/464 465/463/463 870/1511/1048 869/1512/1226
f 466/466/466 467/465/465 947/1509/1227 946/1096/1096
f 467/465/465 468/468/468 948/1508/1098 947/1509/1227
f 462/1516/1049 461/1272/1225 470/470/470 471/469/469
f 461/1272/1225 460/961/961 469/473/473 470/470/470
f 472/472/472 473/471/471 674/1506/1228 673/1097/1097
f 473/471/471 474/474/474 675/1505/976 674/1506/1228
f 82/88/88 83/87/87 479/477/477 480/1828/480
f 83/87/87 84/90/90 478/478/478 479/477/477
f 88/100/100 89/99/99 482/1503/1229 483/1052/1052
f 89/99/99 90/102/102 481/1502/962 482/1503/1229
f 484/485/485 485/482/482 878/1500/1230 877/1053/1053
f 485/482/482 486/481/481 879/1499/1051 878/1500/1230
f 487/484/484 488/483/483 950/1497/1231 949/1099/1099
f 488/483/483 489/486/486 951/1496/1101 950/1497/1231
f 483/1504/1052 482/1276/1229 491/488/488 492/487/487
f 482/1276/1229 481/962/962 490/491/491 491/488/488
f 493/490/490 494/489/489 683/1494/1232 682/1100/1100
f 494/489/489 495/492/492 684/1493/975 683/1494/1232
f 67/70/70 68/69/69 500/495/495 501/1827/498
f 68/69/69 69/72/72 499/496/496 500/495/495
f 73/82/82 74/81/81 503/1491/1233 504/1055/1055
f 74/81/81 75/84/84 502/1490/963 503/1491/1233
f 505/503/503 506/500/500 887/1488/1234 886/1056/1056
f 506/500/500 507/499/499 888/1487/1054 887/1488/1234
f 508/502/502 509/501/501 953/1485/1235 952/1102/1102
f 509/501/501 510/504/504 954/1484/1104 953/1485/1235
f 504/1492/1055 503/1280/1233 512/506/506 513/505/505
f 503/1280/1233 502/963/963 511/509/509 512/506/506
f 514/508/508 515/507/507 692/1482/1236 691/1103/1103
f 515/507/507 516/510/510 693/1481/974 692/1482/1236
f 52/52/52 53/51/51 521/513/513 522/1826/516
f 53/51/51 54/54/54 520/514/514 521/513/513
f 58/64/64 59/63/63 524/1479/1237 525/1058/1058
f 59/63/63 60/66/66 523/1478/964 524/1479/1237
f 526/521/521 527/518/518 896/1476/1238 895/1059/1059
f 527/518/518 528/517/517 897/1475/1057 896/1476/1238
f 529/520/520 530/519/519 956/1473/1239 955/1105/1105
f 530/519/519 531/522/522 957/1472/1107 956/1473/1239
f 525/1480/1058 524/1284/1237 533/524/524 534/523/523
f 524/1284/1237 523/964/964 532/527/527 533/524/524
f 535/526/526 536/525/525 701/1470/1240 700/1106/1106
f 536/525/525 537/528/528 702/1469/973 701/1470/1240
f 37/34/34 38/33/33 542/531/531 543/1825/534
f 38/33/33 39/36/36 541/532/532 542/531/531
f 43/46/46 44/45/45 545/1467/1241 546/1061/1061
f 44/45/45 45/48/48 544/1466/965 545/1467/1241
f 547/539/539 548/536/536 905/1464/1242 904/1062/1062
f 548/536/536 549/535/535 906/1463/1060 905/1464/1242
f 550/538/538 551/537/537 959/1461/1243 958/1108/1108
f 551/537/537 552/540/540 960/1460/1110 959/1461/1243
f 546/1468/1061 545/1288/1241 554/542/542 555/541/541
f 545/1288/1241 544/965/965 553/545/545 554/542/542
f 556/544/544 557/543/543 710/1458/1244 709/1109/1109
f 557/543/543 558/546/546 711/1457/972 710/1458/1244
f 22/16/16 23/15/15 563/549/549 564/1824/552
f 23/15/15 24/18/18 562/550/550 563/549/549
f 28/28/28 29/27/27 566/1455/1245 567/1064/1064
f 29/27/27 30/30/30 565/1454/966 566/1455/1245
f 568/557/557 569/554/554 914/1452/1246 913/1065/1065
f 569/554/554 570/553/553 915/1451/1063 914/1452/1246
f 571/556/556 572/555/555 962/1449/1247 961/1111/1111
f 572/555/555 573/558/558 963/1448/1113 962/1449/1247
f 567/1456/1064 566/1292/1245 575/560/560 576/559/559
f 566/1292/1245 565/966/966 574/563/563 575/560/560
f 577/562/562 578/561/561 719/1446/1248 718/1112/1112
f 578/561/561 579/564/564 720/1445/971 719/1446/1248
f 258/969/969 257/1234/1187 581/566/566 582/1808/565
f 257/1234/1187 256/1019/1019 580/569/569 581/566/566
f 583/1627/1067 584/1235/1188 726/1762/1249 725/1764/1115
f 584/1235/1188 585/970/970 724/1763/987 726/1762/1249
f 265/299/299 266/296/296 587/572/572 588/571/571
f 266/296/296 267/295/295 586/575/575 587/572/572
f 589/574/574 590/573/573 1294/1635/1250 1296/1634/1014
f 590/573/573 591/576/576 1295/1774/1174 1294/1635/1250
f 592/1615/1070 593/1239/1192 771/1768/1251 770/1770/1175
f 593/1239/1192 594/985/985 769/1769/1016 771/1768/1251
f 286/317/317 287/314/314 596/578/578 597/577/577
f 287/314/314 288/313/313 595/581/581 596/578/578
f 598/580/580 599/579/579 1291/1642/1252 1293/1644/1012
f 599/579/579 600/582/582 1292/1643/1170 1291/1642/1252
f 601/1603/1073 602/1243/1196 768/1636/1253 767/1638/1171
f 602/1243/1196 603/984/984 766/1637/1015 768/1636/1253
f 307/335/335 308/332/332 605/584/584 606/583/583
f 308/332/332 309/331/331 604/587/587 605/584/584
f 607/586/586 608/585/585 1288/1651/1254 1290/1653/1010
f 608/585/585 609/588/588 1289/1652/1166 1288/1651/1254
f 610/1591/1076 611/1247/1200 765/1645/1255 764/1647/1167
f 611/1247/1200 612/983/983 763/1646/1013 765/1645/1255
f 328/353/353 329/350/350 614/590/590 615/589/589
f 329/350/350 330/349/349 613/593/593 614/590/590
f 616/592/592 617/591/591 1285/1660/1256 1287/1662/1008
f 617/591/591 618/594/594 1286/1661/1162 1285/1660/1256
f 619/1579/1079 620/1251/1204 762/1654/1257 761/1656/1163
f 620/1251/1204 621/982/982 760/1655/1011 762/1654/1257
f 349/371/371 350/368/368 623/596/596 624/595/595
f 350/368/368 351/367/367 622/599/599 623/596/596
f 625/598/598 626/597/597 1282/1669/1258 1284/1671/1006
f 626/597/597 627/600/600 1283/1670/1158 1282/1669/1258
f 628/1567/1082 629/1255/1208 759/1663/1259 758/1665/1159
f 629/1255/1208 630/981/981 757/1664/1009 759/1663/1259
f 370/389/389 371/386/386 632/602/602 633/601/601
f 371/386/386 372/385/385 631/605/605 632/602/602
f 634/604/604 635/603/603 1279/1678/1260 1281/1680/1004
f 635/603/603 636/606/606 1280/1679/1154 1279/1678/1260
f 637/1555/1085 638/1259/1212 756/1672/1261 755/1674/1155
f 638/1259/1212 639/980/980 754/1673/1007 756/1672/1261
f 391/407/407 392/404/404 641/608/608 642/607/607
f 392/404/404 393/403/403 640/611/611 641/608/608
f 643/610/610 644/609/609 1276/1687/1262 1278/1689/1002
f 644/609/609 645/612/612 1277/1688/1150 1276/1687/1262
f 646/1543/1088 647/1263/1216 753/1681/1263 752/1683/1151
f 647/1263/1216 648/979/979 751/1682/1005 753/1681/1263
f 412/425/425 413/422/422 650/614/614 651/613/613
f 413/422/422 414/421/421 649/617/617 650/614/614
f 652/616/616 653/615/615 1273/1696/1264 1275/1698/1000
f 653/615/615 654/618/618 1274/1697/1146 1273/1696/1264
f 655/1531/1091 656/1267/1220 750/1690/1265 749/1692/1147
f 656/1267/1220 657/978/978 748/1691/1003 750/1690/1265
f 433/443/443 434/440/440 659/620/620 660/619/619
f 434/440/440 435/439/439 658/623/623 659/620/620
f 661/622/622 662/621/621 1270/1705/1266 1272/1707/998
f 662/621/621 663/624/624 1271/1706/1142 1270/1705/1266
f 664/1519/1094 665/1271/1224 747/1699/1267 746/1701/1143
f 665/1271/1224 666/977/977 745/1700/1001 747/1699/1267
f 454/461/461 455/458/458 668/626/626 669/625/625
f 455/458/458 456/457/457 667/629/629 668/626/626
f 670/628/628 671/627/627 1267/1714/1268 1269/1716/996
f 671/627/627 672/630/630 1268/1715/1138 1267/1714/1268
f 673/1507/1097 674/1275/1228 744/1708/1269 743/1710/1139
f 674/1275/1228 675/976/976 742/1709/999 744/1708/1269
f 475/479/479 476/476/476 677/632/632 678/631/631
f 476/476/476 477/475/475 676/635/635 677/632/632
f 679/634/634 680/633/633 1264/1723/1270 1266/1725/994
f 680/633/633 681/636/636 1265/1724/1134 1264/1723/1270
f 682/1495/1100 683/1279/1232 741/1717/1271 740/1719/1135
f 683/1279/1232 684/975/975 739/1718/997 741/1717/1271
f 496/497/497 497/494/494 686/638/638 687/637/637
f 497/494/494 498/493/493 685/641/641 686/638/638
f 688/640/640 689/639/639 1261/1732/1272 1263/1734/992
f 689/639/639 690/642/642 1262/1733/1130 1261/1732/1272
f 691/1483/1103 692/1283/1236 738/1726/1273 737/1728/1131
f 692/1283/1236 693/974/974 736/1727/995 738/1726/1273
f 517/515/515 518/512/512 695/644/644 696/643/643
f 518/512/512 519/511/511 694/647/647 695/644/644
f 697/646/646 698/645/645 1258/1741/1274 1260/1743/990
f 698/645/645 699/648/648 1259/1742/1126 1258/1741/1274
f 700/1471/1106 701/1287/1240 735/1735/1275 734/1737/1127
f 701/1287/1240 702/973/973 733/1736/993 735/1735/1275
f 538/533/533 539/530/530 704/650/650 705/649/649
f 539/530/530 540/529/529 703/653/653 704/650/650
f 706/652/652 707/651/651 1255/1750/1276 1257/1752/988
f 707/651/651 708/654/654 1256/1751/1122 1255/1750/1276
f 709/1459/1109 710/1291/1244 732/1744/1277 731/1746/1123
f 710/1291/1244 711/972/972 730/1745/991 732/1744/1277
f 559/551/551 560/548/548 713/656/656 714/655/655
f 560/548/548 561/547/547 712/659/659 713/656/656
f 715/658/658 716/657/657 1252/1759/1278 1254/1761/986
f 716/657/657 717/660/660 1253/1760/1118 1252/1759/1278
f 718/1447/1112 719/1295/1248 729/1753/1279 728/1755/1119
f 719/1295/1248 720/971/971 727/1754/989 729/1753/1279
f 244/286/286 245/285/285 776/662/662 777/661/661
f 245/285/285 246/288/288 775/665/665 776/662/662
f 778/664/664 779/663/663 917/1443/1280 916/1066/1066
f 779/663/663 780/666/666 918/1442/1068 917/1443/1280
f 784/670/670 785/669/669 788/1237/1190 789/1021/1021
f 785/669/669 786/672/672 787/1621/1023 788/1237/1190
f 793/676/676 794/675/675 797/1241/1194 798/1024/1024
f 794/675/675 795/678/678 796/1609/1026 797/1241/1194
f 802/682/682 803/681/681 806/1245/1198 807/1027/1027
f 803/681/681 804/684/684 805/1597/1029 806/1245/1198
f 811/688/688 812/687/687 815/1249/1202 816/1030/1030
f 812/687/687 813/690/690 814/1585/1032 815/1249/1202
f 820/694/694 821/693/693 824/1253/1206 825/1033/1033
f 821/693/693 822/696/696 823/1573/1035 824/1253/1206
f 829/700/700 830/699/699 833/1257/1210 834/1036/1036
f 830/699/699 831/702/702 832/1561/1038 833/1257/1210
f 838/706/706 839/705/705 842/1261/1214 843/1039/1039
f 839/705/705 840/708/708 841/1549/1041 842/1261/1214
f 847/712/712 848/711/711 851/1265/1218 852/1042/1042
f 848/711/711 849/714/714 850/1537/1044 851/1265/1218
f 856/718/718 857/1879/717 860/1269/1222 861/1045/1045
f 857/717/717 858/720/720 859/1525/1047 860/1881/1222
f 865/724/724 866/723/723 869/1273/1226 870/1048/1048
f 866/723/723 867/726/726 868/1513/1050 869/1273/1226
f 874/730/730 875/729/729 878/1277/1230 879/1051/1051
f 875/729/729 876/732/732 877/1501/1053 878/1277/1230
f 883/736/736 884/735/735 887/1281/1234 888/1054/1054
f 884/735/735 885/738/738 886/1489/1056 887/1281/1234
f 892/742/742 893/741/741 896/1285/1238 897/1057/1057
f 893/741/741 894/744/744 895/1477/1059 896/1285/1238
f 901/748/748 902/747/747 905/1289/1242 906/1060/1060
f 902/747/747 903/750/750 904/1465/1062 905/1289/1242
f 910/754/754 911/753/753 914/1293/1246 915/1063/1063
f 911/753/753 912/756/756 913/1453/1065 914/1293/1246
f 916/1444/1066 917/1296/1280 964/1765/1281 966/1767/1114
f 917/1296/1280 918/1068/1068 965/1766/1116 964/1765/1281
f 919/1618/1069 920/1238/1191 1009/1771/1282 1011/1773/1173
f 920/1238/1191 921/1071/1071 1010/1772/1176 1009/1771/1282
f 922/1606/1072 923/1242/1195 1006/1639/1283 1008/1641/1169
f 923/1242/1195 924/1074/1074 1007/1640/1172 1006/1639/1283
f 925/1594/1075 926/1246/1199 1003/1648/1284 1005/1650/1165
f 926/1246/1199 927/1077/1077 1004/1649/1168 1003/1648/1284
f 928/1582/1078 929/1250/1203 1000/1657/1285 1002/1659/1161
f 929/1250/1203 930/1080/1080 1001/1658/1164 1000/1657/1285
f 931/1570/1081 932/1254/1207 997/1666/1286 999/1668/1157
f 932/1254/1207 933/1083/1083 998/1667/1160 997/1666/1286
f 934/1558/1084 935/1258/1211 994/1675/1287 996/1677/1153
f 935/1258/1211 936/1086/1086 995/1676/1156 994/1675/1287
f 937/1546/1087 938/1262/1215 991/1684/1288 993/1686/1149
f 938/1262/1215 939/1089/1089 992/1685/1152 991/1684/1288
f 940/1534/1090 941/1266/1219 988/1693/1289 990/1695/1145
f 941/1266/1219 942/1092/1092 989/1694/1148 988/1693/1289
f 943/1522/1093 944/1877/1223 985/1878/1290 987/1704/1141
f 944/1270/1223 945/1095/1095 986/1703/1144 985/1702/1290
f 946/1510/1096 947/1274/1227 982/1711/1291 984/1713/1137
f 947/1274/1227 948/1098/1098 983/1712/1140 982/1711/1291
f 949/1498/1099 950/1278/1231 979/1720/1292 981/1722/1133
f 950/1278/1231 951/1101/1101 980/1721/1136 979/1720/1292
f 952/1486/1102 953/1282/1235 976/1729/1293 978/1731/1129
f 953/1282/1235 954/1104/1104 977/1730/1132 976/1729/1293
f 955/1474/1105 956/1286/1239 973/1738/1294 975/1740/1125
f 956/1286/1239 957/1107/1107 974/1739/1128 973/1738/1294
f 958/1462/1108 959/1290/1243 970/1747/1295 972/1749/1121
f 959/1290/1243 960/1110/1110 971/1748/1124 970/1747/1295
f 961/1450/1111 962/1294/1247 967/1756/1296 969/1758/1117
f 962/1294/1247 963/1113/1113 968/1757/1120 967/1756/1296
f 772/1018/1018 773/1230/1183 1016/759/759 1017/762/762
f 773/1230/1183 774/1017/1017 1015/760/760 1016/759/759
f 235/281/281 236/278/278 1022/765/765 1023/768/768
f 236/278/278 237/277/277 1021/766/766 1022/765/765
f 781/671/671 782/668/668 1028/771/771 1029/774/774
f 782/668/668 783/667/667 1027/772/772 1028/771/771
f 220/263/263 221/260/260 1034/777/777 1035/780/780
f 221/260/260 222/259/259 1033/778/778 1034/777/777
f 790/677/677 791/674/674 1040/783/783 1041/786/786
f 791/674/674 792/673/673 1039/784/784 1040/783/783
f 205/245/245 206/242/242 1046/789/789 1047/792/792
f 206/242/242 207/241/241 1045/790/790 1046/789/789
f 799/683/683 800/680/680 1052/795/795 1053/798/798
f 800/680/680 801/679/679 1051/796/796 1052/795/795
f 190/227/227 191/224/224 1058/801/801 1059/804/804
f 191/224/224 192/223/223 1057/802/802 1058/801/801
f 808/689/689 809/686/686 1064/807/807 1065/810/810
f 809/686/686 810/685/685 1063/808/808 1064/807/807
f 175/209/209 176/206/206 1070/813/813 1071/816/816
f 176/206/206 177/205/205 1069/814/814 1070/813/813
f 817/695/695 818/692/692 1076/819/819 1077/822/822
f 818/692/692 819/691/691 1075/820/820 1076/819/819
f 160/191/191 161/188/188 1082/825/825 1083/828/828
f 161/188/188 162/187/187 1081/826/826 1082/825/825
f 826/701/701 827/698/698 1088/831/831 1089/834/834
f 827/698/698 828/697/697 1087/832/832 1088/831/831
f 145/173/173 146/170/170 1094/837/837 1095/840/840
f 146/170/170 147/169/169 1093/838/838 1094/837/837
f 835/707/707 836/704/704 1100/843/843 1101/846/846
f 836/704/704 837/703/703 1099/844/844 1100/843/843
f 130/155/155 131/152/152 1106/849/849 1107/852/852
f 131/152/152 132/151/151 1105/850/850 1106/849/849
f 844/713/713 845/710/710 1112/855/855 1113/858/858
f 845/710/710 846/709/709 1111/856/856 1112/855/855
f 115/137/137 116/134/134 1118/861/861 1119/864/864
f 116/134/134 117/133/133 1117/862/862 1118/861/861
f 853/719/719 854/1874/716 1124/867/867 1125/870/870
f 854/716/716 855/715/715 1123/868/868 1124/1875/867
f 100/119/119 101/116/116 1130/873/873 1131/876/876
f 101/116/116 102/115/115 1129/874/874 1130/873/873
f 862/725/725 863/722/722 1136/879/879 1137/882/882
f 863/722/722 864/721/721 1135/880/880 1136/879/879
f 85/101/101 86/98/98 1142/885/885 1143/888/888
f 86/98/98 87/97/97 1141/886/886 1142/885/885
f 871/731/731 872/728/728 1148/891/891 1149/894/894
f 872/728/728 873/727/727 1147/892/892 1148/891/891
f 70/83/83 71/80/80 1154/897/897 1155/900/900
f 71/80/80 72/79/79 1153/898/898 1154/897/897
f 880/737/737 881/734/734 1160/903/903 1161/906/906
f 881/734/734 882/733/733 1159/904/904 1160/903/903
f 55/65/65 56/62/62 1166/909/909 1167/912/912
f 56/62/62 57/61/61 1165/910/910 1166/909/909
f 889/743/743 890/740/740 1172/915/915 1173/918/918
f 890/740/740 891/739/739 1171/916/916 1172/915/915
f 40/47/47 41/44/44 1178/921/921 1179/924/924
f 41/44/44 42/43/43 1177/922/922 1178/921/921
f 898/749/749 899/746/746 1184/927/927 1185/930/930
f 899/746/746 900/745/745 1183/928/928 1184/927/927
f 25/29/29 26/26/26 1190/933/933 1191/936/936
f 26/26/26 27/25/25 1189/934/934 1190/933/933
f 907/755/755 908/752/752 1196/939/939 1197/942/942
f 908/752/752 909/751/751 1195/940/940 1196/939/939
f 10/11/11 11/8/8 1202/945/945 1203/948/948
f 11/8/8 12/7/7 1201/946/946 1202/945/945
f 1294/1181/1250 1295/1174/1174 1298/1298/1297 1297/1297/1298
f 1295/1174/1174 1011/1173/1173 1299/1299/1299 1298/1298/1297
f 1011/1173/1173 1009/1182/1282 1300/1300/1300 1299/1299/1299
f 1009/1182/1282 1010/1176/1176 1301/1301/1301 1300/1300/1300
f 1010/1176/1176 770/1175/1175 1302/1302/1302 1301/1301/1301
f 770/1175/1175 771/1183/1251 1303/1303/1303 1302/1302/1302
f 771/1183/1251 769/1016/1016 1304/1304/1304 1303/1303/1303
f 769/1016/1016 721/568/568 1305/1305/1305 1304/1304/1304
f 721/568/568 722/567/567 1306/1306/1306 1305/1305/1305
f 722/567/567 723/570/570 1307/1307/1307 1306/1306/1306
f 723/570/570 966/1114/1114 1308/1308/1308 1307/1307/1307
f 966/1114/1114 964/1184/1281 1309/1309/1309 1308/1308/1308
f 964/1184/1281 965/1116/1116 1310/1310/1310 1309/1309/1309
f 965/1116/1116 725/1115/1115 1311/1311/1311 1310/1310/1310
f 725/1115/1115 726/1185/1249 1312/1312/1312 1311/1311/1311
f 726/1185/1249 724/987/987 1313/1313/1313 1312/1312/1312
f 724/987/987 1254/986/986 1314/1314/1314 1313/1313/1313
f 1254/986/986 1252/1186/1278 1315/1315/1315 1314/1314/1314
f 1252/1186/1278 1253/1118/1118 1316/1316/1316 1315/1315/1315
f 1253/1118/1118 969/1117/1117 1317/1317/1317 1316/1316/1316
f 969/1117/1117 967/1187/1296 1318/1318/1318 1317/1317/1317
f 967/1187/1296 968/1120/1120 1319/1319/1319 1318/1318/1318
f 968/1120/1120 728/1119/1119 1320/1320/1320 1319/1319/1319
f 728/1119/1119 729/1188/1279 1321/1321/1321 1320/1320/1320
f 729/1188/1279 727/989/989 1322/1322/1322 1321/1321/1321
f 727/989/989 1257/988/988 1323/1323/1323 1322/1322/1322
f 1257/988/988 1255/1189/1276 1324/1324/1324 1323/1323/1323
f 1255/1189/1276 1256/1122/1122 1325/1325/1325 1324/1324/1324
f 1256/1122/1122 972/1121/1121 1326/1326/1326 1325/1325/1325
f 972/1121/1121 970/1190/1295 1327/1327/1327 1326/1326/1326
f 970/1190/1295 971/1124/1124 1328/1328/1328 1327/1327/1327
f 971/1124/1124 731/1123/1123 1329/1329/1329 1328/1328/1328
f 731/1123/1123 732/1191/1277 1330/1330/1330 1329/1329/1329
f 732/1191/1277 730/991/991 1331/1331/1331 1330/1330/1330
f 730/991/991 1260/990/990 1332/1332/1332 1331/1331/1331
f 1260/990/990 1258/1192/1274 1333/1333/1333 1332/1332/1332
f 1258/1192/1274 1259/1126/1126 1334/1334/1334 1333/1333/1333
f 1259/1126/1126 975/1125/1125 1335/1335/1335 1334/1334/1334
f 975/1125/1125 973/1193/1294 1336/1336/1336 1335/1335/1335
f 973/1193/1294 974/1128/1128 1337/1337/1337 1336/1336/1336
f 974/1128/1128 734/1127/1127 1338/1338/1338 1337/1337/1337
f 734/1127/1127 735/1194/1275 1339/1339/1339 1338/1338/1338
f 735/1194/1275 733/993/993 1340/1340/1340 1339/1339/1339
f 733/993/993 1263/992/992 1341/1341/1341 1340/1340/1340
f 1263/992/992 1261/1195/1272 1342/1342/1342 1341/1341/1341
f 1261/1195/1272 1262/1130/1130 1343/1343/1343 1342/1342/1342
f 1262/1130/1130 978/1129/1129 1344/1344/1344 1343/1343/1343
f 978/1129/1129 976/1196/1293 1345/1345/1345 1344/1344/1344
f 976/1196/1293 977/1132/1132 1346/1346/1346 1345/1345/1345
f 977/1132/1132 737/1131/1131 1347/1347/1347 1346/1346/1346
f 737/1131/1131 738/1197/1273 1348/1348/1348 1347/1347/1347
f 738/1197/1273 736/995/995 1349/1349/1349 1348/1348/1348
f 736/995/995 1266/994/994 1350/1350/1350 1349/1349/1349
f 1266/994/994 1264/1198/1270 1351/1351/1351 1350/1350/1350
f 1264/1198/1270 1265/1134/1134 1352/1352/1352 1351/1351/1351
f 1265/1134/1134 981/1133/1133 1353/1353/1353 1352/1352/1352
f 981/1133/1133 979/1199/1292 1354/1354/1354 1353/1353/1353
f 979/1199/1292 980/1136/1136 1355/1355/1355 1354/1354/1354
f 980/1136/1136 740/1135/1135 1356/1356/1356 1355/1355/1355
f 740/1135/1135 741/1200/1271 1357/1357/1357 1356/1356/1356
f 741/1200/1271 739/997/997 1358/1358/1358 1357/1357/1357
f 739/997/997 1269/996/996 1359/1359/1359 1358/1358/1358
f 1269/996/996 1267/1201/1268 1360/1360/1360 1359/1359/1359
f 1267/1201/1268 1268/1138/1138 1361/1361/1361 1360/1360/1360
f 1268/1138/1138 984/1137/1137 1362/1362/1362 1361/1361/1361
f 984/1137/1137 982/1202/1291 1363/1363/1363 1362/1362/1362
f 982/1202/1291 983/1140/1140 1364/1364/1364 1363/1363/1363
f 983/1140/1140 743/1139/1139 1365/1365/1365 1364/1364/1364
f 743/1139/1139 744/1203/1269 1366/1366/1366 1365/1365/1365
f 744/1203/1269 742/999/999 1367/1367/1367 1366/1366/1366
f 742/999/999 1272/998/998 1368/1368/1368 1367/1367/1367
f 1272/998/998 1270/1204/1266 1369/1369/1369 1368/1368/1368
f 1270/1204/1266 1271/1142/1142 1370/1370/1370 1369/1369/1369
f 1271/1142/1142 987/1141/1141 1371/1371/1371 1370/1370/1370
f 987/1141/1141 985/1205/1290 1372/1372/1372 1371/1371/1371
f 985/1205/1290 986/1144/1144 1373/1373/1373 1372/1372/1372
f 986/1144/1144 746/1143/1143 1374/1374/1374 1373/1373/1373
f 746/1143/1143 747/1206/1267 1375/1375/1375 1374/1374/1374
f 747/1206/1267 745/1001/1001 1376/1376/1376 1375/1375/1375
f 745/1001/1001 1275/1000/1000 1377/1377/1377 1376/1376/1376
f 1275/1000/1000 1273/1207/1264 1378/1378/1378 1377/1377/1377
f 1273/1207/1264 1274/1146/1146 1379/1379/1379 1378/1378/1378
f 1274/1146/1146 990/1145/1145 1380/1380/1380 1379/1379/1379
f 990/1145/1145 988/1208/1289 1381/1381/1381 1380/1380/1380
f 988/1208/1289 989/1148/1148 1382/1382/1382 1381/1381/1381
f 989/1148/1148 749/1147/1147 1383/1383/1383 1382/1382/1382
f 749/1147/1147 750/1209/1265 1384/1384/1384 1383/1383/1383
f 750/1209/1265 748/1003/1003 1385/1385/1385 1384/1384/1384
f 748/1003/1003 1278/1002/1002 1386/1386/1386 1385/1385/1385
f 1278/1002/1002 1276/1210/1262 1387/1387/1387 1386/1386/1386
f 1276/1210/1262 1277/1150/1150 1388/1388/1388 1387/1387/1387
f 1277/1150/1150 993/1149/1149 1389/1389/1389 1388/1388/1388
f 993/1149/1149 991/1211/1288 1390/1390/1390 1389/1389/1389
f 991/1211/1288 992/1152/1152 1391/1391/1391 1390/1390/1390
f 992/1152/1152 752/1151/1151 1392/1392/1392 1391/1391/1391
f 752/1151/1151 753/1212/1263 1393/1393/1393 1392/1392/1392
f 753/1212/1263 751/1005/1005 1394/1394/1394 1393/1393/1393
f 751/1005/1005 1281/1004/1004 1395/1395/1395 1394/1394/1394
f 1281/1004/1004 1279/1213/1260 1396/1396/1396 1395/1395/1395
f 1279/1213/1260 1280/1154/1154 1397/1397/1397 1396/1396/1396
f 1280/1154/1154 996/1153/1153 1398/1398/1398 1397/1397/1397
f 996/1153/1153 994/1214/1287 1399/1399/1399 1398/1398/1398
f 994/1214/1287 995/1156/1156 1400/1400/1400 1399/1399/1399
f 995/1156/1156 755/1155/1155 1401/1401/1401 1400/1400/1400
f 755/1155/1155 756/1215/1261 1402/1402/1402 1401/1401/1401
f 756/1215/1261 754/1007/1007 1403/1403/1403 1402/1402/1402
f 754/1007/1007 1284/1006/1006 1404/1404/1404 1403/1403/1403
f 1284/1006/1006 1282/1216/1258 1405/1405/1405 1404/1404/1404
f 1282/1216/1258 1283/1158/1158 1406/1406/1406 1405/1405/1405
f 1283/1158/1158 999/1157/1157 1407/1407/1407 1406/1406/1406
f 999/1157/1157 997/1217/1286 1408/1408/1408 1407/1407/1407
f 997/1217/1286 998/1160/1160 1409/1409/1409 1408/1408/1408
f 998/1160/1160 758/1159/1159 1410/1410/1410 1409/1409/1409
f 758/1159/1159 759/1218/1259 1411/1411/1411 1410/1410/1410
f 759/1218/1259 757/1009/1009 1412/1412/1412 1411/1411/1411
f 757/1009/1009 1287/1008/1008 1413/1413/1413 1412/1412/1412
f 1287/1008/1008 1285/1219/1256 1414/1414/1414 1413/1413/1413
f 1285/1219/1256 1286/1162/1162 1415/1415/1415 1414/1414/1414
f 1286/1162/1162 1002/1161/1161 1416/1416/1416 1415/1415/1415
f 1002/1161/1161 1000/1220/1285 1417/1417/1417 1416/1416/1416
f 1000/1220/1285 1001/1164/1164 1418/1418/1418 1417/1417/1417
f 1001/1164/1164 761/1163/1163 1419/1419/1419 1418/1418/1418
f 761/1163/1163 762/1221/1257 1420/1420/1420 1419/1419/1419
f 762/1221/1257 760/1011/1011 1421/1421/1421 1420/1420/1420
f 760/1011/1011 1290/1010/1010 1422/1422/1422 1421/1421/1421
f 1290/1010/1010 1288/1222/1254 1423/1423/1423 1422/1422/1422
f 1288/1222/1254 1289/1166/1166 1424/1424/1424 1423/1423/1423
f 1289/1166/1166 1005/1165/1165 1425/1425/1425 1424/1424/1424
f 1005/1165/1165 1003/1223/1284 1426/1426/1426 1425/1425/1425
f 1003/1223/1284 1004/1168/1168 1427/1427/1427 1426/1426/1426
f 1004/1168/1168 764/1167/1167 1428/1428/1428 1427/1427/1427
f 764/1167/1167 765/1224/1255 1429/1429/1429 1428/1428/1428
f 765/1224/1255 763/1013/1013 1430/1430/1430 1429/1429/1429
f 763/1013/1013 1293/1012/1012 1431/1431/1431 1430/1430/1430
f 1293/1012/1012 1291/1225/1252 1432/1432/1432 1431/1431/1431
f 1291/1225/1252 1292/1170/1170 1433/1433/1433 1432/1432/1432
f 1292/1170/1170 1008/1169/1169 1434/1434/1434 1433/1433/1433
f 1008/1169/1169 1006/1226/1283 1435/1435/1435 1434/1434/1434
f 1006/1226/1283 1007/1172/1172 1436/1436/1436 1435/1435/1435
f 1007/1172/1172 767/1171/1171 1437/1437/1437 1436/1436/1436
f 767/1171/1171 768/1227/1253 1438/1438/1438 1437/1437/1437
f 768/1227/1253 766/1015/1015 1439/1439/1439 1438/1438/1438
f 766/1015/1015 1296/1014/1014 1440/1440/1440 1439/1439/1439
f 1296/1014/1014 1294/1181/1250 1297/1297/1298 1440/1440/1440
f 1297/1297/1298 1298/1298/1297 1441/1441/1441
f 1298/1298/1297 1299/1299/1299 1441/1441/1441
f 1299/1299/1299 1300/1300/1300 1441/1441/1441
f 1300/1300/1300 1301/1301/1301 1441/1441/1441
f 1301/1301/1301 1302/1302/1302 1441/1441/1441
f 1302/1302/1302 1303/1303/1303 1441/1441/1441
f 1303/1303/1303 1304/1304/1304 1441/1441/1441
f 1304/1304/1304 1305/1305/1305 1441/1441/1441
f 1305/1305/1305 1306/1306/1306 1441/1441/1441
f 1306/1306/1306 1307/1307/1307 1441/1441/1441
f 1307/1307/1307 1308/1308/1308 1441/1441/1441
f 1308/1308/1308 1309/1309/1309 1441/1441/1441
f 1309/1309/1309 1310/1310/1310 1441/1441/1441
f 1310/1310/1310 1311/1311/1311 1441/1441/1441
f 1311/1311/1311 1312/1312/1312 1441/1441/1441
f 1312/1312/1312 1313/1313/1313 1441/1441/1441
f 1313/1313/1313 1314/1314/1314 1441/1441/1441
f 1314/1314/1314 1315/1315/1315 1441/1441/1441
f 1315/1315/1315 1316/1316/1316 1441/1441/1441
f 1316/1316/1316 1317/1317/1317 1441/1441/1441
f 1317/1317/1317 1318/1318/1318 1441/1441/1441
f 1318/1318/1318 1319/1319/1319 1441/1441/1441
f 1319/1319/1319 1320/1320/1320 1441/1441/1441
f 1320/1320/1320 1321/1321/1321 1441/1441/1441
f 1321/1321/1321 1322/1322/1322 1441/1441/1441
f 1322/1322/1322 1323/1323/1323 1441/1441/1441
f 1323/1323/1323 1324/1324/1324 1441/1441/1441
f 1324/1324/1324 1325/1325/1325 1441/1441/1441
f 1325/1325/1325 1326/1326/1326 1441/1441/1441
f 1326/1326/1326 1327/1327/1327 1441/1441/1441
f 1327/1327/1327 1328/1328/1328 1441/1441/1441
f 1328/1328/1328 1329/1329/1329 1441/1441/1441
f 1329/1329/1329 1330/1330/1330 1441/1441/1441
f 1330/1330/1330 1331/1331/1331 1441/1441/1441
f 1331/1331/1331 1332/1332/1332 1441/1441/1441
f 1332/1332/1332 1333/1333/1333 1441/1441/1441
f 1333/1333/1333 1334/1334/1334 1441/1441/1441
f 1334/1334/1334 1335/1335/1335 1441/1441/1441
f 1335/1335/1335 1336/1336/1336 1441/1441/1441
f 1336/1336/1336 1337/1337/1337 1441/1441/1441
f 1337/1337/1337 1338/1338/1338 1441/1441/1441
f 1338/1338/1338 1339/1339/1339 1441/1441/1441
f 1339/1339/1339 1340/1340/1340 1441/1441/1441
f 1340/1340/1340 1341/1341/1341 1441/1441/1441
f 1341/1341/1341 1342/1342/1342 1441/1441/1441
f 1342/1342/1342 1343/1343/1343 1441/1441/1441
f 1343/1343/1343 1344/1344/1344 1441/1441/1441
f 1344/1344/1344 1345/1345/1345 1441/1441/1441
f 1345/1345/1345 1346/1346/1346 1441/1441/1441
f 1346/1346/1346 1347/1347/1347 1441/1441/1441
f 1347/1347/1347 1348/1348/1348 1441/1441/1441
f 1348/1348/1348 1349/1349/1349 1441/1441/1441
f 1349/1349/1349 1350/1350/1350 1441/1441/1441
f 1350/1350/1350 1351/1351/1351 1441/1441/1441
f 1351/1351/1351 1352/1352/1352 1441/1441/1441
f 1352/1352/1352 1353/1353/1353 1441/1441/1441
f 1353/1353/1353 1354/1354/1354 1441/1441/1441
f 1354/1354/1354 1355/1355/1355 1441/1441/1441
f 1355/1355/1355 1356/1356/1356 1441/1441/1441
f 1356/1356/1356 1357/1357/1357 1441/1441/1441
f 1357/1357/1357 1358/1358/1358 1441/1441/1441
f 1358/1358/1358 1359/1359/1359 1441/1441/1441
f 1359/1359/1359 1360/1360/1360 1441/1441/1441
f 1360/1360/1360 1361/1361/1361 1441/1441/1441
f 1361/1361/1361 1362/1362/1362 1441/1441/1441
f 1362/1362/1362 1363/1363/1363 1441/1441/1441
f 1363/1363/1363 1364/1364/1364 1441/1441/1441
f 1364/1364/1364 1365/1365/1365 1441/1441/1441
f 1365/1365/1365 1366/1366/1366 1441/1441/1441
f 1366/1366/1366 1367/1367/1367 1441/1441/1441
f 1367/1367/1367 1368/1368/1368 1441/1441/1441
f 1368/1368/1368 1369/1369/1369 1441/1441/1441
f 1369/1369/1369 1370/1370/1370 1441/1441/1441
f 1370/1370/1370 1371/1371/1371 1441/1441/1441
f 1371/1371/1371 1372/1372/1372 1441/1441/1441
f 1372/1372/1372 1373/1373/1373 1441/1441/1441
f 1373/1373/1373 1374/1374/1374 1441/1441/1441
f 1374/1374/1374 1375/1375/1375 1441/1441/1441
f 1375/1375/1375 1376/1376/1376 1441/1441/1441
f 1376/1376/1376 1377/1377/1377 1441/1441/1441
f 1377/1377/1377 1378/1378/1378 1441/1441/1441
f 1378/1378/1378 1379/1379/1379 1441/1441/1441
f 1379/1379/1379 1380/1380/1380 1441/1441/1441
f 1380/1380/1380 1381/1381/1381 1441/1441/1441
f 1381/1381/1381 1382/1382/1382 1441/1441/1441
f 1382/1382/1382 1383/1383/1383 1441/1441/1441
f 1383/1383/1383 1384/1384/1384 1441/1441/1441
f 1384/1384/1384 1385/1385/1385 1441/1441/1441
f 1385/1385/1385 1386/1386/1386 1441/1441/1441
f 1386/1386/1386 1387/1387/1387 1441/1441/1441
f 1387/1387/1387 1388/1388/1388 1441/1441/1441
f 1388/1388/1388 1389/1389/1389 1441/1441/1441
f 1389/1389/1389 1390/1390/1390 1441/1441/1441
f 1390/1390/1390 1391/1391/1391 1441/1441/1441
f 1391/1391/1391 1392/1392/1392 1441/1441/1441
f 1392/1392/1392 1393/1393/1393 1441/1441/1441
f 1393/1393/1393 1394/1394/1394 1441/1441/1441
f 1394/1394/1394 1395/1395/1395 1441/1441/1441
f 1395/1395/1395 1396/1396/1396 1441/1441/1441
f 1396/1396/1396 1397/1397/1397 1441/1441/1441
f 1397/1397/1397 1398/1398/1398 1441/1441/1441
f 1398/1398/1398 1399/1399/1399 1441/1441/1441
f 1399/1399/1399 1400/1400/1400 1441/1441/1441
f 1400/1400/1400 1401/1401/1401 1441/1441/1441
f 1401/1401/1401 1402/1402/1402 1441/1441/1441
f 1402/1402/1402 1403/1403/1403 1441/1441/1441
f 1403/1403/1403 1404/1404/1404 1441/1441/1441
f 1404/1404/1404 1405/1405/1405 1441/1441/1441
f 1405/1405/1405 1406/1406/1406 1441/1441/1441
f 1406/1406/1406 1407/1407/1407 1441/1441/1441
f 1407/1407/1407 1408/1408/1408 1441/1441/1441
f 1408/1408/1408 1409/1409/1409 1441/1441/1441
f 1409/1409/1409 1410/1410/1410 1441/1441/1441
f 1410/1410/1410 1411/1411/1411 1441/1441/1441
f 1411/1411/1411 1412/1412/1412 1441/1441/1441
f 1412/1412/1412 1413/1413/1413 1441/1441/1441
f 1413/1413/1413 1414/1414/1414 1441/1441/1441
f 1414/1414/1414 1415/1415/1415 1441/1441/1441
f 1415/1415/1415 1416/1416/1416 1441/1441/1441
f 1416/1416/1416 1417/1417/1417 1441/1441/1441
f 1417/1417/1417 1418/1418/1418 1441/1441/1441
f 1418/1418/1418 1419/1419/1419 1441/1441/1441
f 1419/1419/1419 1420/1420/1420 1441/1441/1441
f 1420/1420/1420 1421/1421/1421 1441/1441/1441
f 1421/1421/1421 1422/1422/1422 1441/1441/1441
f 1422/1422/1422 1423/1423/1423 1441/1441/1441
f 1423/1423/1423 1424/1424/1424 1441/1441/1441
f 1424/1424/1424 1425/1425/1425 1441/1441/1441
f 1425/1425/1425 1426/1426/1426 1441/1441/1441
f 1426/1426/1426 1427/1427/1427 1441/1441/1441
f 1427/1427/1427 1428/1428/1428 1441/1441/1441
f 1428/1428/1428 1429/1429/1429 1441/1441/1441
f 1429/1429/1429 1430/1430/1430 1441/1441/1441
f 1430/1430/1430 1431/1431/1431 1441/1441/1441
f 1431/1431/1431 1432/1432/1432 1441/1441/1441
f 1432/1432/1432 1433/1433/1433 1441/1441/1441
f 1433/1433/1433 1434/1434/1434 1441/1441/1441
f 1434/1434/1434 1435/1435/1435 1441/1441/1441
f 1435/1435/1435 1436/1436/1436 1441/1441/1441
f 1436/1436/1436 1437/1437/1437 1441/1441/1441
f 1437/1437/1437 1438/1438/1438 1441/1441/1441
f 1438/1438/1438 1439/1439/1439 1441/1441/1441
f 1439/1439/1439 1440/1440/1440 1441/1441/1441
f 1440/1440/1440 1297/1297/1298 1441/1441/1441
s 128
f 1444/1885/1442 1443/1886/1443 1449/1887/1444 1448/1888/1445
f 1443/1886/1443 1442/1889/1446 1450/1890/1447 1449/1887/1444
f 1453/1891/1448 1452/1892/1449 1455/1893/1450 1454/1894/1451
f 1452/1892/1449 1451/1895/1452 1456/1896/1453 1455/1893/1450
f 1459/1897/1454 1458/1898/1455 1464/1899/1456 1463/1900/1457
f 1458/1898/1455 1457/1901/1458 1465/1902/1459 1464/1899/1456
f 1462/1903/1460 1461/1904/1461 2648/1905/1462 2650/1906/1463
f 1461/1904/1461 1460/1907/1464 2649/1908/1465 2648/1905/1462
f 1468/1909/1466 1467/1910/1467 1470/1911/1468 1469/1912/1469
f 1467/1910/1467 1466/1913/1470 1471/1914/1471 1470/1911/1468
f 1474/1915/1472 1473/1916/1473 1479/1917/1474 1478/1918/1475
f 1473/1916/1473 1472/1919/1476 1480/1920/1477 1479/1917/1474
f 1477/1921/1478 1476/1922/1479 2651/1923/1480 2653/1924/1481
f 1476/1922/1479 1475/1925/1482 2652/1926/1483 2651/1923/1480
f 1483/1927/1484 1482/1928/1485 1485/1929/1486 1484/1930/1487
f 1482/1928/1485 1481/1931/1488 1486/1932/1489 1485/1929/1486
f 1489/1933/1490 1488/1934/1491 1494/1935/1492 1493/1936/1493
f 1488/1934/1491 1487/1937/1494 1495/1938/1495 1494/1935/1492
f 1492/1939/1496 1491/1940/1497 2654/1941/1498 2656/1942/1499
f 1491/1940/1497 1490/1943/1500 2655/1944/1501 2654/1941/1498
f 1498/1945/1502 1497/1946/1503 1500/1947/1504 1499/1948/1505
f 1497/1946/1503 1496/1949/1506 1501/1950/1507 1500/1947/1504
f 1504/1951/1508 1503/1952/1509 1509/1953/1510 1508/1954/1511
f 1503/1952/1509 1502/1955/1512 1510/1956/1513 1509/1953/1510
f 1507/1957/1514 1506/1958/1515 2657/1959/1516 2659/1960/1517
f 1506/1958/1515 1505/1961/1518 2658/1962/1519 2657/1959/1516
f 1513/1963/1520 1512/1964/1521 1515/1965/1522 1514/1966/1523
f 1512/1964/1521 1511/1967/1524 1516/1968/1525 1515/1965/1522
f 1519/1969/1526 1518/1970/1527 1524/1971/1528 1523/1972/1529
f 1518/1970/1527 1517/1973/1530 1525/1974/1531 1524/1971/1528
f 1522/1975/1532 1521/1976/1533 2660/1977/1534 2662/1978/1535
f 1521/1976/1533 1520/1979/1536 2661/1980/1537 2660/1977/1534
f 1528/1981/1538 1527/1982/1539 1530/1983/1540 1529/1984/1541
f 1527/1982/1539 1526/1985/1542 1531/1986/1543 1530/1983/1540
f 1534/1987/1544 1533/1988/1545 1539/1989/1546 1538/1990/1547
f 1533/1988/1545 1532/1991/1548 1540/1992/1549 1539/1989/1546
f 1537/1993/1550 1536/1994/1551 2663/1995/1552 2665/1996/1553
f 1536/1994/1551 1535/1997/1554 2664/1998/1555 2663/1995/1552
f 1543/1999/1556 1542/2000/1557 1545/2001/1558 1544/2002/1559
f 1542/2000/1557 1541/2003/1560 1546/2004/1561 1545/2001/1558
f 1549/2005/1562 1548/2006/1563 1554/2007/1564 1553/2008/1565
f 1548/2006/1563 1547/2009/1566 1555/2010/1567 1554/2007/1564
f 1552/2011/1568 1551/2012/1569 2666/2013/1570 2668/2014/1571
f 1551/2012/1569 1550/2015/1572 2667/2016/1573 2666/2013/1570
f 1558/2017/1574 1557/2018/1575 1560/2019/1576 1559/2020/1577
f 1557/2018/1575 1556/2021/1578 1561/2022/1579 1560/2019/1576
f 1564/2023/1580 1563/2024/1581 1569/2025/1582 1568/2026/1583
f 1563/2024/1581 1562/2027/1584 1570/2028/1585 1569/2025/1582
f 1567/2029/1586 1566/2030/1587 2669/2031/1588 2671/2032/1589
f 1566/2030/1587 1565/2033/1590 2670/2034/1591 2669/2031/1588
f 1573/2035/1592 1572/2036/1593 1575/2037/1594 1574/2038/1595
f 1572/2036/1593 1571/2039/1596 1576/2040/1597 1575/2037/1594
f 1579/2041/1598 1578/2042/1599 1584/2043/1600 1583/2044/1601
f 1578/2042/1599 1577/2045/1602 1585/2046/1603 1584/2043/1600
f 1582/2047/1604 1581/2048/1605 2672/2049/1606 2674/2050/1607
f 1581/2048/1605 1580/2051/1608 2673/2052/1609 2672/2049/1606
f 1588/2053/1610 1587/2054/1611 1590/2055/1612 1589/2056/1613
f 1587/2054/1611 1586/2057/1614 1591/2058/1615 1590/2055/1612
f 1594/2059/1616 1593/2060/1617 1599/2061/1618 1598/2062/1619
f 1593/2060/1617 1592/2063/1620 1600/2064/1621 1599/2061/1618
f 1597/2065/1622 1596/2066/1623 2675/2067/1624 2677/2068/1625
f 1596/2066/1623 1595/2069/1626 2676/2070/1627 2675/2067/1624
f 1603/2071/1628 1602/2072/1629 1605/2073/1630 1604/2074/1631
f 1602/2072/1629 1601/2075/1632 1606/2076/1633 1605/2073/1630
f 1609/2077/1634 1608/2078/1635 1614/2079/1636 1613/2080/1637
f 1608/2078/1635 1607/2081/1638 1615/2082/1639 1614/2079/1636
f 1612/2083/1640 1611/2084/1641 2678/2085/1642 2680/2086/1643
f 1611/2084/1641 1610/2087/1644 2679/2088/1645 2678/2085/1642
f 1618/2089/1646 1617/2090/1647 1620/2091/1648 1619/2092/1649
f 1617/2090/1647 1616/2093/1650 1621/2094/1651 1620/2091/1648
f 1624/2095/1652 1623/2096/1653 1629/2097/1654 1628/2098/1655
f 1623/2096/1653 1622/2099/1656 1630/2100/1657 1629/2097/1654
f 1627/2101/1658 1626/2102/1659 2681/2103/1660 2683/2104/1661
f 1626/2102/1659 1625/2105/1662 2682/2106/1663 2681/2103/1660
f 1633/2107/1664 1632/2108/1665 1635/2109/1666 1634/2110/1667
f 1632/2108/1665 1631/2111/1668 1636/2112/1669 1635/2109/1666
f 1639/2113/1670 1638/2114/1671 1644/2115/1672 1643/2116/1673
f 1638/2114/1671 1637/2117/1674 1645/2118/1675 1644/2115/1672
f 1642/2119/1676 1641/2120/1677 2684/2121/1678 2686/2122/1679
f 1641/2120/1677 1640/2123/1680 2685/2124/1681 2684/2121/1678
f 1648/2125/1682 1647/2126/1683 1650/2127/1684 1649/2128/1685
f 1647/2126/1683 1646/2129/1686 1651/2130/1687 1650/2127/1684
f 1654/2131/1688 1653/2132/1689 1659/2133/1690 1658/2134/1691
f 1653/2132/1689 1652/2135/1692 1660/2136/1693 1659/2133/1690
f 1657/2137/1694 1656/2138/1695 2687/2139/1696 2689/2140/1697
f 1656/2138/1695 1655/2141/1698 2688/2142/1699 2687/2139/1696
f 1663/2143/1700 1662/2144/1701 1665/2145/1702 1664/2146/1703
f 1662/2144/1701 1661/2147/1704 1666/2148/1705 1665/2145/1702
f 1669/2149/1706 1668/2150/1707 1674/2151/1708 1673/2152/1709
f 1668/2150/1707 1667/2153/1710 1675/2154/1711 1674/2151/1708
f 1672/2155/1712 1671/2156/1713 2690/2157/1714 2692/2158/1715
f 1671/2156/1713 1670/2159/1716 2691/2160/1717 2690/2157/1714
f 1678/2161/1718 1677/2162/1719 1680/2163/1720 1679/2164/1721
f 1677/2162/1719 1676/2165/1722 1681/2166/1723 1680/2163/1720
f 1684/2167/1724 1683/2168/1725 1686/2169/1726 1685/2170/1727
f 1683/2168/1725 1682/2171/1728 1687/2172/1729 1686/2169/1726
f 1702/2173/1730 1701/2174/1731 1704/2175/1732 1703/2176/1733
f 1701/2174/1731 1700/2177/1734 1705/2178/1735 1704/2175/1732
f 1708/2179/1736 1707/2180/1737 1710/2181/1738 1709/2182/1739
f 1707/2180/1737 1706/2183/1740 1711/2184/1741 1710/2181/1738
f 1717/2185/1742 1716/2186/1743 1719/2187/1744 1718/2188/1745
f 1716/2186/1743 1715/2189/1746 1720/2190/1747 1719/2187/1744
f 1723/2191/1748 1722/2192/1749 1725/2193/1750 1724/2194/1751
f 1722/2192/1749 1721/2195/1752 1726/2196/1753 1725/2193/1750
f 1729/2197/1754 1728/2198/1755 1731/2199/1756 1730/2200/1757
f 1728/2198/1755 1727/2201/1758 1732/2202/1759 1731/2199/1756
f 1738/2203/1760 1737/2204/1761 1740/2205/1762 1739/2206/1763
f 1737/2204/1761 1736/2207/1764 1741/2208/1765 1740/2205/1762
f 1744/2209/1766 1743/2210/1767 1746/2211/1768 1745/2212/1769
f 1743/2210/1767 1742/2213/1770 1747/2214/1771 1746/2211/1768
f 1750/2215/1772 1749/2216/1773 1752/2217/1774 1751/2218/1775
f 1749/2216/1773 1748/2219/1776 1753/2220/1777 1752/2217/1774
f 1759/2221/1778 1758/2222/1779 1761/2223/1780 1760/2224/1781
f 1758/2222/1779 1757/2225/1782 1762/2226/1783 1761/2223/1780
f 1765/2227/1784 1764/2228/1785 1767/2229/1786 1766/2230/1787
f 1764/2228/1785 1763/2231/1788 1768/2232/1789 1767/2229/1786
f 1771/2233/1790 1770/2234/1791 1773/2235/1792 1772/2236/1793
f 1770/2234/1791 1769/2237/1794 1774/2238/1795 1773/2235/1792
f 1780/2239/1796 1779/2240/1797 1782/2241/1798 1781/2242/1799
f 1779/2240/1797 1778/2243/1800 1783/2244/1801 1782/2241/1798
f 1786/2245/1802 1785/2246/1803 1788/2247/1804 1787/2248/1805
f 1785/2246/1803 1784/2249/1806 1789/2250/1807 1788/2247/1804
f 1792/2251/1808 1791/2252/1809 1794/2253/1810 1793/2254/1811
f 1791/2252/1809 1790/2255/1812 1795/2256/1813 1794/2253/1810
f 1801/2257/1814 1800/2258/1815 1803/2259/1816 1802/2260/1817
f 1800/2258/1815 1799/2261/1818 1804/2262/1819 1803/2259/1816
f 1807/2263/1820 1806/2264/1821 1809/2265/1822 1808/2266/1823
f 1806/2264/1821 1805/2267/1824 1810/2268/1825 1809/2265/1822
f 1813/2269/1826 1812/2270/1827 1815/2271/1828 1814/2272/1829
f 1812/2270/1827 1811/2273/1830 1816/2274/1831 1815/2271/1828
f 1822/2275/1832 1821/2276/1833 1824/2277/1834 1823/2278/1835
f 1821/2276/1833 1820/2279/1836 1825/2280/1837 1824/2277/1834
f 1828/2281/1838 1827/2282/1839 1830/2283/1840 1829/2284/1841
f 1827/2282/1839 1826/2285/1842 1831/2286/1843 1830/2283/1840
f 1834/2287/1844 1833/2288/1845 1836/2289/1846 1835/2290/1847
f 1833/2288/1845 1832/2291/1848 1837/2292/1849 1836/2289/1846
f 1843/2293/1850 1842/2294/1851 1845/2295/1852 1844/2296/1853
f 1842/2294/1851 1841/2297/1854 1846/2298/1855 1845/2295/1852
f 1849/2299/1856 1848/2300/1857 1851/2301/1858 1850/2302/1859
f 1848/2300/1857 1847/2303/1860 1852/2304/1861 1851/2301/1858
f 1855/2305/1862 1854/2306/1863 1857/2307/1864 1856/2308/1865
f 1854/2306/1863 1853/2309/1866 1858/2310/1867 1857/2307/1864
f 1864/2311/1868 1863/2312/1869 1866/2313/1870 1865/2314/1871
f 1863/2312/1869 1862/2315/1872 1867/2316/1873 1866/2313/1870
f 1870/2317/1874 1869/2318/1875 1872/2319/1876 1871/2320/1877
f 1869/2318/1875 1868/2321/1878 1873/2322/1879 1872/2319/1876
f 1876/2323/1880 1875/2324/1881 1878/2325/1882 1877/2326/1883
f 1875/2324/1881 1874/2327/1884 1879/2328/1885 1878/2325/1882
f 1885/2329/1886 1884/2330/1887 1887/2331/1888 1886/2332/1889
f 1884/2333/1887 1883/2334/1890 1888/2335/1891 1887/2336/1888
f 1891/2337/1892 1890/2338/1893 1893/2339/1894 1892/2340/1895
f 1890/2338/1893 1889/2341/1896 1894/2342/1897 1893/2339/1894
f 1897/2343/1898 1896/2344/1899 1899/2345/1900 1898/2346/1901
f 1896/2344/1899 1895/2347/1902 1900/2348/1903 1899/2345/1900
f 1906/2349/1904 1905/2350/1905 1908/2351/1906 1907/2352/1907
f 1905/2350/1905 1904/2353/1908 1909/2354/1909 1908/2351/1906
f 1912/2355/1910 1911/2356/1911 1914/2357/1912 1913/2358/1913
f 1911/2356/1911 1910/2359/1914 1915/2360/1915 1914/2357/1912
f 1918/2361/1916 1917/2362/1917 1920/2363/1918 1919/2364/1919
f 1917/2362/1917 1916/2365/1920 1921/2366/1921 1920/2363/1918
f 1927/2367/1922 1926/2368/1923 1929/2369/1924 1928/2370/1925
f 1926/2368/1923 1925/2371/1926 1930/2372/1927 1929/2369/1924
f 1933/2373/1928 1932/2374/1929 1935/2375/1930 1934/2376/1931
f 1932/2374/1929 1931/2377/1932 1936/2378/1933 1935/2375/1930
f 1939/2379/1934 1938/2380/1935 1941/2381/1936 1940/2382/1937
f 1938/2380/1935 1937/2383/1938 1942/2384/1939 1941/2381/1936
f 1948/2385/1940 1947/2386/1941 1950/2387/1942 1949/2388/1943
f 1947/2386/1941 1946/2389/1944 1951/2390/1945 1950/2387/1942
f 1954/2391/1946 1953/2392/1947 1956/2393/1948 1955/2394/1949
f 1953/2392/1947 1952/2395/1950 1957/2396/1951 1956/2393/1948
f 1960/2397/1952 1959/2398/1953 1962/2399/1954 1961/2400/1955
f 1959/2398/1953 1958/2401/1956 1963/2402/1957 1962/2399/1954
f 1969/2403/1958 1968/2404/1959 1971/2405/1960 1970/2406/1961
f 1968/2404/1959 1967/2407/1962 1972/2408/1963 1971/2405/1960
f 1975/2409/1964 1974/2410/1965 1977/2411/1966 1976/2412/1967
f 1974/2410/1965 1973/2413/1968 1978/2414/1969 1977/2411/1966
f 1981/2415/1970 1980/2416/1971 1983/2417/1972 1982/2418/1973
f 1980/2416/1971 1979/2419/1974 1984/2420/1975 1983/2417/1972
f 1990/2421/1976 1989/2422/1977 1992/2423/1978 1991/2424/1979
f 1989/2422/1977 1988/2425/1980 1993/2426/1981 1992/2423/1978
f 1996/2427/1982 1995/2428/1983 1998/2429/1984 1997/2430/1985
f 1995/2428/1983 1994/2431/1986 1999/2432/1987 1998/2429/1984
f 2002/2433/1988 2001/2434/1989 2004/2435/1990 2003/2436/1991
f 2001/2434/1989 2000/2437/1992 2005/2438/1993 2004/2435/1990
f 2011/2439/1994 2010/2440/1995 2013/2441/1996 2012/2442/1997
f 2010/2440/1995 2009/2443/1998 2014/2444/1999 2013/2441/1996
f 2017/2445/2000 2016/2446/2001 2019/2447/2002 2018/2448/2003
f 2016/2446/2001 2015/2449/2004 2020/2450/2005 2019/2447/2002
f 2023/2451/2006 2022/2452/2007 2163/2453/2008 2162/2454/2009
f 2022/2452/2007 2021/2455/2010 2164/2456/2011 2163/2453/2008
f 2029/2457/2012 2028/2458/2013 2031/2459/2014 2030/2460/2015
f 2028/2458/2013 2027/2461/2016 2032/2462/2017 2031/2459/2014
f 2038/2463/2018 2037/2464/2019 2040/2465/2020 2039/2466/2021
f 2037/2464/2019 2036/2467/2022 2041/2468/2023 2040/2465/2020
f 2047/2469/2024 2046/2470/2025 2049/2471/2026 2048/2472/2027
f 2046/2470/2025 2045/2473/2028 2050/2474/2029 2049/2471/2026
f 2056/2475/2030 2055/2476/2031 2058/2477/2032 2057/2478/2033
f 2055/2476/2031 2054/2479/2034 2059/2480/2035 2058/2477/2032
f 2065/2481/2036 2064/2482/2037 2067/2483/2038 2066/2484/2039
f 2064/2482/2037 2063/2485/2040 2068/2486/2041 2067/2483/2038
f 2074/2487/2042 2073/2488/2043 2076/2489/2044 2075/2490/2045
f 2073/2488/2043 2072/2491/2046 2077/2492/2047 2076/2489/2044
f 2083/2493/2048 2082/2494/2049 2085/2495/2050 2084/2496/2051
f 2082/2494/2049 2081/2497/2052 2086/2498/2053 2085/2495/2050
f 2092/2499/2054 2091/2500/2055 2094/2501/2056 2093/2502/2057
f 2091/2500/2055 2090/2503/2058 2095/2504/2059 2094/2501/2056
f 2101/2505/2060 2100/2506/2061 2103/2507/2062 2102/2508/2063
f 2100/2506/2061 2099/2509/2064 2104/2510/2065 2103/2507/2062
f 2110/2511/2066 2109/2512/2067 2112/2513/2068 2111/2514/2069
f 2109/2512/2067 2108/2515/2070 2113/2516/2071 2112/2513/2068
f 2119/2517/2072 2118/2518/2073 2121/2519/2074 2120/2520/2075
f 2118/2518/2073 2117/2521/2076 2122/2522/2077 2121/2519/2074
f 2128/2523/2078 2127/2524/2079 2130/2525/2080 2129/2526/2081
f 2127/2524/2079 2126/2527/2082 2131/2528/2083 2130/2525/2080
f 2137/2529/2084 2136/2530/2085 2139/2531/2086 2138/2532/2087
f 2136/2530/2085 2135/2533/2088 2140/2534/2089 2139/2531/2086
f 2146/2535/2090 2145/2536/2091 2148/2537/2092 2147/2538/2093
f 2145/2536/2091 2144/2539/2094 2149/2540/2095 2148/2537/2092
f 2155/2541/2096 2154/2542/2097 2157/2543/2098 2156/2544/2099
f 2154/2542/2097 2153/2545/2100 2158/2546/2101 2157/2543/2098
f 2218/2547/2102 2217/2548/2103 2220/2549/2104 2219/2550/2105
f 2217/2548/2103 2216/2551/2106 2221/2552/2107 2220/2549/2104
f 2224/2553/2108 2223/2554/2109 2226/2555/2110 2225/2556/2111
f 2223/2554/2109 2222/2557/2112 2227/2558/2113 2226/2555/2110
f 2233/2559/2114 2232/2560/2115 2235/2561/2116 2234/2562/2117
f 2232/2560/2115 2231/2563/2118 2236/2564/2119 2235/2561/2116
f 2242/2565/2120 2241/2566/2121 2244/2567/2122 2243/2568/2123
f 2241/2566/2121 2240/2569/2124 2245/2570/2125 2244/2567/2122
f 2251/2571/2126 2250/2572/2127 2253/2573/2128 2252/2574/2129
f 2250/2572/2127 2249/2575/2130 2254/2576/2131 2253/2573/2128
f 2260/2577/2132 2259/2578/2133 2262/2579/2134 2261/2580/2135
f 2259/2578/2133 2258/2581/2136 2263/2582/2137 2262/2579/2134
f 2269/2583/2138 2268/2584/2139 2271/2585/2140 2270/2586/2141
f 2268/2584/2139 2267/2587/2142 2272/2588/2143 2271/2585/2140
f 2278/2589/2144 2277/2590/2145 2280/2591/2146 2279/2592/2147
f 2277/2590/2145 2276/2593/2148 2281/2594/2149 2280/2591/2146
f 2287/2595/2150 2286/2596/2151 2289/2597/2152 2288/2598/2153
f 2286/2596/2151 2285/2599/2154 2290/2600/2155 2289/2597/2152
f 2296/2601/2156 2295/2602/2157 2298/2603/2158 2297/2604/2159
f 2295/2605/2157 2294/2606/2160 2299/2607/2161 2298/2608/2158
f 2305/2609/2162 2304/2610/2163 2307/2611/2164 2306/2612/2165
f 2304/2610/2163 2303/2613/2166 2308/2614/2167 2307/2611/2164
f 2314/2615/2168 2313/2616/2169 2316/2617/2170 2315/2618/2171
f 2313/2616/2169 2312/2619/2172 2317/2620/2173 2316/2617/2170
f 2323/2621/2174 2322/2622/2175 2325/2623/2176 2324/2624/2177
f 2322/2622/2175 2321/2625/2178 2326/2626/2179 2325/2623/2176
f 2332/2627/2180 2331/2628/2181 2334/2629/2182 2333/2630/2183
f 2331/2628/2181 2330/2631/2184 2335/2632/2185 2334/2629/2182
f 2341/2633/2186 2340/2634/2187 2343/2635/2188 2342/2636/2189
f 2340/2634/2187 2339/2637/2190 2344/2638/2191 2343/2635/2188
f 2350/2639/2192 2349/2640/2193 2352/2641/2194 2351/2642/2195
f 2349/2640/2193 2348/2643/2196 2353/2644/2197 2352/2641/2194
f 2455/2645/2198 2454/2646/2199 2457/2647/2200 2456/2648/2201
f 2454/2646/2199 2453/2649/2202 2458/2650/2203 2457/2647/2200
f 2459/2651/2204 2461/2652/2205 2463/2653/2206 2462/2654/2207
f 2461/2652/2205 2460/2655/2208 2464/2656/2209 2463/2653/2206
f 2465/2657/2210 2467/2658/2211 2469/2659/2212 2468/2660/2213
f 2467/2658/2211 2466/2661/2214 2470/2662/2215 2469/2659/2212
f 2471/2663/2216 2473/2664/2217 2475/2665/2218 2474/2666/2219
f 2473/2664/2217 2472/2667/2220 2476/2668/2221 2475/2665/2218
f 2477/2669/2222 2479/2670/2223 2481/2671/2224 2480/2672/2225
f 2479/2670/2223 2478/2673/2226 2482/2674/2227 2481/2671/2224
f 2483/2675/2228 2485/2676/2229 2487/2677/2230 2486/2678/2231
f 2485/2676/2229 2484/2679/2232 2488/2680/2233 2487/2677/2230
f 2489/2681/2234 2491/2682/2235 2493/2683/2236 2492/2684/2237
f 2491/2682/2235 2490/2685/2238 2494/2686/2239 2493/2683/2236
f 2495/2687/2240 2497/2688/2241 2499/2689/2242 2498/2690/2243
f 2497/2688/2241 2496/2691/2244 2500/2692/2245 2499/2689/2242
f 2501/2693/2246 2503/2694/2247 2505/2695/2248 2504/2696/2249
f 2503/2694/2247 2502/2697/2250 2506/2698/2251 2505/2695/2248
f 2507/2699/2252 2509/2700/2253 2511/2701/2254 2510/2702/2255
f 2509/2700/2253 2508/2703/2256 2512/2704/2257 2511/2701/2254
f 2513/2705/2258 2515/2706/2259 2517/2707/2260 2516/2708/2261
f 2515/2706/2259 2514/2709/2262 2518/2710/2263 2517/2707/2260
f 2519/2711/2264 2521/2712/2265 2523/2713/2266 2522/2714/2267
f 2521/2712/2265 2520/2715/2268 2524/2716/2269 2523/2713/2266
f 2525/2717/2270 2527/2718/2271 2529/2719/2272 2528/2720/2273
f 2527/2718/2271 2526/2721/2274 2530/2722/2275 2529/2719/2272
f 2531/2723/2276 2533/2724/2277 2535/2725/2278 2534/2726/2279
f 2533/2724/2277 2532/2727/2280 2536/2728/2281 2535/2725/2278
f 2537/2729/2282 2539/2730/2283 2541/2731/2284 2540/2732/2285
f 2539/2730/2283 2538/2733/2286 2542/2734/2287 2541/2731/2284
f 2543/2735/2288 2545/2736/2289 2547/2737/2290 2546/2738/2291
f 2545/2736/2289 2544/2739/2292 2548/2740/2293 2547/2737/2290
f 2549/2741/2294 2551/2742/2295 2553/2743/2296 2552/2744/2297
f 2551/2742/2295 2550/2745/2298 2554/2746/2299 2553/2743/2296
f 2555/2747/2300 2557/2748/2301 2559/2749/2302 2558/2750/2303
f 2557/2748/2301 2556/2751/2304 2560/2752/2305 2559/2749/2302
f 2561/2753/2306 2563/2754/2307 2565/2755/2308 2564/2756/2309
f 2563/2757/2307 2562/2758/2310 2566/2759/2311 2565/2760/2308
f 2567/2761/2312 2569/2762/2313 2571/2763/2314 2570/2764/2315
f 2569/2762/2313 2568/2765/2316 2572/2766/2317 2571/2763/2314
f 2573/2767/2318 2575/2768/2319 2577/2769/2320 2576/2770/2321
f 2575/2768/2319 2574/2771/2322 2578/2772/2323 2577/2769/2320
f 2579/2773/2324 2581/2774/2325 2583/2775/2326 2582/2776/2327
f 2581/2774/2325 2580/2777/2328 2584/2778/2329 2583/2775/2326
f 2585/2779/2330 2587/2780/2331 2589/2781/2332 2588/2782/2333
f 2587/2780/2331 2586/2783/2334 2590/2784/2335 2589/2781/2332
f 2591/2785/2336 2593/2786/2337 2595/2787/2338 2594/2788/2339
f 2593/2786/2337 2592/2789/2340 2596/2790/2341 2595/2787/2338
f 2597/2791/2342 2599/2792/2343 2601/2793/2344 2600/2794/2345
f 2599/2792/2343 2598/2795/2346 2602/2796/2347 2601/2793/2344
f 2603/2797/2348 2605/2798/2349 2607/2799/2350 2606/2800/2351
f 2605/2798/2349 2604/2801/2352 2608/2802/2353 2607/2799/2350
f 2609/2803/2354 2611/2804/2355 2613/2805/2356 2612/2806/2357
f 2611/2804/2355 2610/2807/2358 2614/2808/2359 2613/2805/2356
f 2615/2809/2360 2617/2810/2361 2619/2811/2362 2618/2812/2363
f 2617/2810/2361 2616/2813/2364 2620/2814/2365 2619/2811/2362
f 2621/2815/2366 2623/2816/2367 2625/2817/2368 2624/2818/2369
f 2623/2816/2367 2622/2819/2370 2626/2820/2371 2625/2817/2368
f 2627/2821/2372 2629/2822/2373 2631/2823/2374 2630/2824/2375
f 2629/2822/2373 2628/2825/2376 2632/2826/2377 2631/2823/2374
f 2633/2827/2378 2635/2828/2379 2637/2829/2380 2636/2830/2381
f 2635/2828/2379 2634/2831/2382 2638/2832/2383 2637/2829/2380
f 2639/2833/2384 2641/2834/2385 2643/2835/2386 2642/2836/2387
f 2641/2834/2385 2640/2837/2388 2644/2838/2389 2643/2835/2386
f 1450/1890/1447 1684/2167/1724 1685/2170/1727 1691/2839/2390
f 1682/2171/1728 1454/1894/1451 1696/2840/2391 1687/2172/1729
f 1718/2188/1745 2027/2461/2016 1708/2179/1736 1717/2185/1742
f 1724/2194/1751 1720/2190/1747 1715/2189/1746 1723/2191/1748
f 1739/2206/1763 2036/2467/2022 1729/2197/1754 1738/2203/1760
f 1745/2212/1769 1741/2208/1765 1736/2207/1764 1744/2209/1766
f 1760/2224/1781 2045/2473/2028 1750/2215/1772 1759/2221/1778
f 1766/2230/1787 1762/2226/1783 1757/2225/1782 1765/2227/1784
f 1781/2242/1799 2054/2479/2034 1771/2233/1790 1780/2239/1796
f 1787/2248/1805 1783/2244/1801 1778/2243/1800 1786/2245/1802
f 1802/2260/1817 2063/2485/2040 1792/2251/1808 1801/2257/1814
f 1808/2266/1823 1804/2262/1819 1799/2261/1818 1807/2263/1820
f 1823/2278/1835 2072/2491/2046 1813/2269/1826 1822/2275/1832
f 1829/2284/1841 1825/2280/1837 1820/2279/1836 1828/2281/1838
f 1844/2296/1853 2081/2497/2052 1834/2287/1844 1843/2293/1850
f 1850/2302/1859 1846/2298/1855 1841/2297/1854 1849/2299/1856
f 1865/2314/1871 2090/2503/2058 1855/2305/1862 1864/2311/1868
f 1871/2320/1877 1867/2316/1873 1862/2315/1872 1870/2317/1874
f 1886/2332/1889 2099/2509/2064 1876/2323/1880 1885/2329/1886
f 1892/2340/1895 1888/2335/1891 1883/2334/1890 1891/2337/1892
f 1907/2352/1907 2108/2515/2070 1897/2343/1898 1906/2349/1904
f 1913/2358/1913 1909/2354/1909 1904/2353/1908 1912/2355/1910
f 1928/2370/1925 2117/2521/2076 1918/2361/1916 1927/2367/1922
f 1934/2376/1931 1930/2372/1927 1925/2371/1926 1933/2373/1928
f 1949/2388/1943 2126/2527/2082 1939/2379/1934 1948/2385/1940
f 1955/2394/1949 1951/2390/1945 1946/2389/1944 1954/2391/1946
f 1970/2406/1961 2135/2533/2088 1960/2397/1952 1969/2403/1958
f 1976/2412/1967 1972/2408/1963 1967/2407/1962 1975/2409/1964
f 1991/2424/1979 2144/2539/2094 1981/2415/1970 1990/2421/1976
f 1997/2430/1985 1993/2426/1981 1988/2425/1980 1996/2427/1982
f 2012/2442/1997 2153/2545/2100 2002/2433/1988 2011/2439/1994
f 2018/2448/2003 2014/2444/1999 2009/2443/1998 2017/2445/2000
f 1681/2166/1723 1448/1888/1445 1693/2841/2392 1712/2842/2393
f 1666/2148/1705 1673/2152/1709 1711/2843/1741 1733/2844/2394
f 1651/2130/1687 1658/2134/1691 1732/2845/1759 1754/2846/2395
f 1636/2112/1669 1643/2116/1673 1753/2847/1777 1775/2848/2396
f 1621/2094/1651 1628/2098/1655 1774/2849/1795 1796/2850/2397
f 1606/2076/1633 1613/2080/1637 1795/2851/1813 1817/2852/2398
f 1591/2058/1615 1598/2062/1619 1816/2853/1831 1838/2854/2399
f 1576/2040/1597 1583/2044/1601 1837/2855/1849 1859/2856/2400
f 1561/2022/1579 1568/2026/1583 1858/2857/1867 1880/2858/2401
f 1546/2004/1561 1553/2008/1565 1879/2859/1885 1901/2860/2402
f 1531/1986/1543 1538/1990/1547 1900/2861/1903 1922/2862/2403
f 1516/1968/1525 1523/1972/1529 1921/2863/1921 1943/2864/2404
f 1501/1950/1507 1508/1954/1511 1942/2865/1939 1964/2866/2405
f 1486/1932/1489 1493/1936/1493 1963/2867/1957 1985/2868/2406
f 1471/1914/1471 1478/1918/1475 1984/2869/1975 2006/2870/2407
f 1456/1896/1453 1463/1900/1457 2005/2871/1993 1694/2872/2408
f 1690/2873/2409 1699/2874/2410 1726/2196/1753 1721/2195/1752
f 2029/2457/2012 1747/2214/1771 1742/2213/1770 1706/2183/1740
f 2038/2463/2018 1768/2232/1789 1763/2231/1788 1727/2201/1758
f 2047/2469/2024 1789/2250/1807 1784/2249/1806 1748/2219/1776
f 2056/2475/2030 1810/2268/1825 1805/2267/1824 1769/2237/1794
f 2065/2481/2036 1831/2286/1843 1826/2285/1842 1790/2255/1812
f 2074/2487/2042 1852/2304/1861 1847/2303/1860 1811/2273/1830
f 2083/2493/2048 1873/2322/1879 1868/2321/1878 1832/2291/1848
f 2092/2499/2054 1894/2342/1897 1889/2341/1896 1853/2309/1866
f 2101/2505/2060 1915/2360/1915 1910/2359/1914 1874/2327/1884
f 2110/2511/2066 1936/2378/1933 1931/2377/1932 1895/2347/1902
f 2119/2517/2072 1957/2396/1951 1952/2395/1950 1916/2365/1920
f 2128/2523/2078 1978/2414/1969 1973/2413/1968 1937/2383/1938
f 2137/2529/2084 1999/2432/1987 1994/2431/1986 1958/2401/1956
f 2146/2535/2090 2020/2450/2005 2015/2449/2004 1979/2419/1974
f 2155/2541/2096 1705/2178/1735 1700/2177/1734 2000/2437/1992
f 1676/2165/1722 1444/1885/1442 1448/1888/1445 1681/2166/1723
f 1661/2147/1704 1669/2149/1706 1673/2152/1709 1666/2148/1705
f 1646/2129/1686 1654/2131/1688 1658/2134/1691 1651/2130/1687
f 1631/2111/1668 1639/2113/1670 1643/2116/1673 1636/2112/1669
f 1616/2093/1650 1624/2095/1652 1628/2098/1655 1621/2094/1651
f 1601/2075/1632 1609/2077/1634 1613/2080/1637 1606/2076/1633
f 1586/2057/1614 1594/2059/1616 1598/2062/1619 1591/2058/1615
f 1571/2039/1596 1579/2041/1598 1583/2044/1601 1576/2040/1597
f 1556/2021/1578 1564/2023/1580 1568/2026/1583 1561/2022/1579
f 1541/2003/1560 1549/2005/1562 1553/2008/1565 1546/2004/1561
f 1526/1985/1542 1534/1987/1544 1538/1990/1547 1531/1986/1543
f 1511/1967/1524 1519/1969/1526 1523/1972/1529 1516/1968/1525
f 1496/1949/1506 1504/1951/1508 1508/1954/1511 1501/1950/1507
f 1481/1931/1488 1489/1933/1490 1493/1936/1493 1486/1932/1489
f 1466/1913/1470 1474/1915/1472 1478/1918/1475 1471/1914/1471
f 1451/1895/1452 1459/1897/1454 1463/1900/1457 1456/1896/1453
f 1705/2178/1735 2155/2541/2096 2156/2544/2099 2026/2875/2411
f 2020/2450/2005 2146/2535/2090 2147/2538/2093 2161/2876/2412
f 1999/2432/1987 2137/2529/2084 2138/2532/2087 2152/2877/2413
f 1978/2414/1969 2128/2523/2078 2129/2526/2081 2143/2878/2414
f 1957/2396/1951 2119/2517/2072 2120/2520/2075 2134/2879/2415
f 1936/2378/1933 2110/2511/2066 2111/2514/2069 2125/2880/2416
f 1915/2360/1915 2101/2505/2060 2102/2508/2063 2116/2881/2417
f 1894/2342/1897 2092/2499/2054 2093/2502/2057 2107/2882/2418
f 1873/2322/1879 2083/2493/2048 2084/2496/2051 2098/2883/2419
f 1852/2304/1861 2074/2487/2042 2075/2490/2045 2089/2884/2420
f 1831/2286/1843 2065/2481/2036 2066/2484/2039 2080/2885/2421
f 1810/2268/1825 2056/2475/2030 2057/2478/2033 2071/2886/2422
f 1789/2250/1807 2047/2469/2024 2048/2472/2027 2062/2887/2423
f 1768/2232/1789 2038/2463/2018 2039/2466/2021 2053/2888/2424
f 1747/2214/1771 2029/2457/2012 2030/2460/2015 2044/2889/2425
f 1726/2196/1753 1699/2874/2410 2023/2890/2006 2035/2891/2426
f 2156/2892/2099 2695/2893/2427 2165/2894/2428 2026/2895/2411
f 2147/2896/2093 2698/2897/2429 2168/2898/2430 2161/2899/2412
f 2138/2900/2087 2701/2901/2431 2171/2902/2432 2152/2903/2413
f 2129/2904/2081 2704/2905/2433 2174/2906/2434 2143/2907/2414
f 2120/2908/2075 2707/2909/2435 2177/2910/2436 2134/2911/2415
f 2111/2912/2069 2710/2913/2437 2180/2914/2438 2125/2915/2416
f 2102/2916/2063 2713/2917/2439 2183/2918/2440 2116/2919/2417
f 2093/2920/2057 2716/2921/2441 2186/2922/2442 2107/2923/2418
f 2084/2924/2051 2719/2925/2443 2189/2926/2444 2098/2927/2419
f 2075/2928/2045 2722/2929/2445 2192/2930/2446 2089/2931/2420
f 2066/2932/2039 2725/2933/2447 2195/2934/2448 2080/2935/2421
f 2057/2936/2033 2728/2937/2449 2198/2938/2450 2071/2939/2422
f 2048/2940/2027 2731/2941/2451 2201/2942/2452 2062/2943/2423
f 2039/2944/2021 2734/2945/2453 2204/2946/2454 2053/2947/2424
f 2030/2948/2015 2737/2949/2455 2207/2950/2456 2044/2951/2425
f 2023/2451/2006 2162/2454/2009 2210/2952/2457 2035/2953/2426
f 1442/1889/1446 2215/2954/2458 1684/2167/1724 1450/1890/1447
f 2213/2955/2459 1453/1891/1448 1454/1894/1451 1682/2171/1728
f 2219/2550/2105 1697/2956/2460 1688/2957/2461 2218/2547/2102
f 1703/2176/1733 2221/2552/2107 2216/2551/2106 1702/2173/1730
f 1667/2153/1710 2224/2553/2108 2225/2556/2111 1675/2154/1711
f 2222/2557/2112 1678/2161/1718 1679/2164/1721 2227/2558/2113
f 1675/2154/1711 2225/2556/2111 2230/2958/2462 1709/2959/1739
f 2227/2558/2113 1679/2164/1721 1714/2960/2463 2228/2961/2464
f 1652/2135/1692 2233/2559/2114 2234/2562/2117 1660/2136/1693
f 2231/2563/2118 1663/2143/1700 1664/2146/1703 2236/2564/2119
f 1660/2136/1693 2234/2562/2117 2239/2962/2465 1730/2963/1757
f 2236/2564/2119 1664/2146/1703 1735/2964/2466 2237/2965/2467
f 1637/2117/1674 2242/2565/2120 2243/2568/2123 1645/2118/1675
f 2240/2569/2124 1648/2125/1682 1649/2128/1685 2245/2570/2125
f 1645/2118/1675 2243/2568/2123 2248/2966/2468 1751/2967/1775
f 2245/2570/2125 1649/2128/1685 1756/2968/2469 2246/2969/2470
f 1622/2099/1656 2251/2571/2126 2252/2574/2129 1630/2100/1657
f 2249/2575/2130 1633/2107/1664 1634/2110/1667 2254/2576/2131
f 1630/2100/1657 2252/2574/2129 2257/2970/2471 1772/2971/1793
f 2254/2576/2131 1634/2110/1667 1777/2972/2472 2255/2973/2473
f 1607/2081/1638 2260/2577/2132 2261/2580/2135 1615/2082/1639
f 2258/2581/2136 1618/2089/1646 1619/2092/1649 2263/2582/2137
f 1615/2082/1639 2261/2580/2135 2266/2974/2474 1793/2975/1811
f 2263/2582/2137 1619/2092/1649 1798/2976/2475 2264/2977/2476
f 1592/2063/1620 2269/2583/2138 2270/2586/2141 1600/2064/1621
f 2267/2587/2142 1603/2071/1628 1604/2074/1631 2272/2588/2143
f 1600/2064/1621 2270/2586/2141 2275/2978/2477 1814/2979/1829
f 2272/2588/2143 1604/2074/1631 1819/2980/2478 2273/2981/2479
f 1577/2045/1602 2278/2589/2144 2279/2592/2147 1585/2046/1603
f 2276/2593/2148 1588/2053/1610 1589/2056/1613 2281/2594/2149
f 1585/2046/1603 2279/2592/2147 2284/2982/2480 1835/2983/1847
f 2281/2594/2149 1589/2056/1613 1840/2984/2481 2282/2985/2482
f 1562/2027/1584 2287/2595/2150 2288/2598/2153 1570/2028/1585
f 2285/2599/2154 1573/2035/1592 1574/2038/1595 2290/2600/2155
f 1570/2028/1585 2288/2598/2153 2293/2986/2483 1856/2987/1865
f 2290/2600/2155 1574/2038/1595 1861/2988/2484 2291/2989/2485
f 1547/2009/1566 2296/2601/2156 2297/2604/2159 1555/2010/1567
f 2294/2606/2160 1558/2017/1574 1559/2020/1577 2299/2607/2161
f 1555/2010/1567 2297/2604/2159 2302/2990/2486 1877/2991/1883
f 2299/2607/2161 1559/2020/1577 1882/2992/2487 2300/2993/2488
f 1532/1991/1548 2305/2609/2162 2306/2612/2165 1540/1992/1549
f 2303/2613/2166 1543/1999/1556 1544/2002/1559 2308/2614/2167
f 1540/1992/1549 2306/2612/2165 2311/2994/2489 1898/2995/1901
f 2308/2614/2167 1544/2002/1559 1903/2996/2490 2309/2997/2491
f 1517/1973/1530 2314/2615/2168 2315/2618/2171 1525/1974/1531
f 2312/2619/2172 1528/1981/1538 1529/1984/1541 2317/2620/2173
f 1525/1974/1531 2315/2618/2171 2320/2998/2492 1919/2999/1919
f 2317/2620/2173 1529/1984/1541 1924/3000/2493 2318/3001/2494
f 1502/1955/1512 2323/2621/2174 2324/2624/2177 1510/1956/1513
f 2321/2625/2178 1513/1963/1520 1514/1966/1523 2326/2626/2179
f 1510/1956/1513 2324/2624/2177 2329/3002/2495 1940/3003/1937
f 2326/2626/2179 1514/1966/1523 1945/3004/2496 2327/3005/2497
f 1487/1937/1494 2332/2627/2180 2333/2630/2183 1495/1938/1495
f 2330/2631/2184 1498/1945/1502 1499/1948/1505 2335/2632/2185
f 1495/1938/1495 2333/2630/2183 2338/3006/2498 1961/3007/1955
f 2335/2632/2185 1499/1948/1505 1966/3008/2499 2336/3009/2500
f 1472/1919/1476 2341/2633/2186 2342/2636/2189 1480/1920/1477
f 2339/2637/2190 1483/1927/1484 1484/1930/1487 2344/2638/2191
f 1480/1920/1477 2342/2636/2189 2347/3010/2501 1982/3011/1973
f 2344/2638/2191 1484/1930/1487 1987/3012/2502 2345/3013/2503
f 1457/1901/1458 2350/2639/2192 2351/2642/2195 1465/1902/1459
f 2348/2643/2196 1468/1909/1466 1469/1912/1469 2353/2644/2197
f 1465/1902/1459 2351/2642/2195 2356/3014/2504 2003/3015/1991
f 2353/2644/2197 1469/1912/1469 2008/3016/2505 2354/3017/2506
f 1697/2956/2460 2219/2550/2105 2357/3018/2507 2021/3019/2010
f 2221/2552/2107 1703/2176/1733 2024/3020/2508 2359/3021/2509
f 2027/2461/2016 1718/2188/1745 2360/3022/2510 2032/2462/2017
f 1720/2190/1747 1724/2194/1751 2033/3023/2511 2362/3024/2512
f 2036/2467/2022 1739/2206/1763 2363/3025/2513 2041/2468/2023
f 1741/2208/1765 1745/2212/1769 2042/3026/2514 2365/3027/2515
f 2045/2473/2028 1760/2224/1781 2366/3028/2516 2050/2474/2029
f 1762/2226/1783 1766/2230/1787 2051/3029/2517 2368/3030/2518
f 2054/2479/2034 1781/2242/1799 2369/3031/2519 2059/2480/2035
f 1783/2244/1801 1787/2248/1805 2060/3032/2520 2371/3033/2521
f 2063/2485/2040 1802/2260/1817 2372/3034/2522 2068/2486/2041
f 1804/2262/1819 1808/2266/1823 2069/3035/2523 2374/3036/2524
f 2072/2491/2046 1823/2278/1835 2375/3037/2525 2077/2492/2047
f 1825/2280/1837 1829/2284/1841 2078/3038/2526 2377/3039/2527
f 2081/2497/2052 1844/2296/1853 2378/3040/2528 2086/2498/2053
f 1846/2298/1855 1850/2302/1859 2087/3041/2529 2380/3042/2530
f 2090/2503/2058 1865/2314/1871 2381/3043/2531 2095/2504/2059
f 1867/2316/1873 1871/2320/1877 2096/3044/2532 2383/3045/2533
f 2099/2509/2064 1886/2332/1889 2384/3046/2534 2104/2510/2065
f 1888/2335/1891 1892/2340/1895 2105/3047/2535 2386/3048/2536
f 2108/2515/2070 1907/2352/1907 2387/3049/2537 2113/2516/2071
f 1909/2354/1909 1913/2358/1913 2114/3050/2538 2389/3051/2539
f 2117/2521/2076 1928/2370/1925 2390/3052/2540 2122/2522/2077
f 1930/2372/1927 1934/2376/1931 2123/3053/2541 2392/3054/2542
f 2126/2527/2082 1949/2388/1943 2393/3055/2543 2131/2528/2083
f 1951/2390/1945 1955/2394/1949 2132/3056/2544 2395/3057/2545
f 2135/2533/2088 1970/2406/1961 2396/3058/2546 2140/2534/2089
f 1972/2408/1963 1976/2412/1967 2141/3059/2547 2398/3060/2548
f 2144/2539/2094 1991/2424/1979 2399/3061/2549 2149/2540/2095
f 1993/2426/1981 1997/2430/1985 2150/3062/2550 2401/3063/2551
f 2153/2545/2100 2012/2442/1997 2402/3064/2552 2158/2546/2101
f 2014/2444/1999 2018/2448/2003 2159/3065/2553 2404/3066/2554
f 2357/3067/2507 2407/3068/2555 2164/2456/2011 2021/2455/2010
f 2024/3069/2508 2166/3070/2556 2406/3071/2557 2359/3072/2509
f 2402/3073/2552 2410/3074/2558 2694/3075/2559 2158/3076/2101
f 2159/3077/2553 2169/3078/2560 2409/3079/2561 2404/3080/2554
f 2399/3081/2549 2413/3082/2562 2697/3083/2563 2149/3084/2095
f 2150/3085/2550 2172/3086/2564 2412/3087/2565 2401/3088/2551
f 2396/3089/2546 2416/3090/2566 2700/3091/2567 2140/3092/2089
f 2141/3093/2547 2175/3094/2568 2415/3095/2569 2398/3096/2548
f 2393/3097/2543 2419/3098/2570 2703/3099/2571 2131/3100/2083
f 2132/3101/2544 2178/3102/2572 2418/3103/2573 2395/3104/2545
f 2390/3105/2540 2422/3106/2574 2706/3107/2575 2122/3108/2077
f 2123/3109/2541 2181/3110/2576 2421/3111/2577 2392/3112/2542
f 2387/3113/2537 2425/3114/2578 2709/3115/2579 2113/3116/2071
f 2114/3117/2538 2184/3118/2580 2424/3119/2581 2389/3120/2539
f 2384/3121/2534 2428/3122/2582 2712/3123/2583 2104/3124/2065
f 2105/3125/2535 2187/3126/2584 2427/3127/2585 2386/3128/2536
f 2381/3129/2531 2431/3130/2586 2715/3131/2587 2095/3132/2059
f 2096/3133/2532 2190/3134/2588 2430/3135/2589 2383/3136/2533
f 2378/3137/2528 2434/3138/2590 2718/3139/2591 2086/3140/2053
f 2087/3141/2529 2193/3142/2592 2433/3143/2593 2380/3144/2530
f 2375/3145/2525 2437/3146/2594 2721/3147/2595 2077/3148/2047
f 2078/3149/2526 2196/3150/2596 2436/3151/2597 2377/3152/2527
f 2372/3153/2522 2440/3154/2598 2724/3155/2599 2068/3156/2041
f 2069/3157/2523 2199/3158/2600 2439/3159/2601 2374/3160/2524
f 2369/3161/2519 2443/3162/2602 2727/3163/2603 2059/3164/2035
f 2060/3165/2520 2202/3166/2604 2442/3167/2605 2371/3168/2521
f 2366/3169/2516 2446/3170/2606 2730/3171/2607 2050/3172/2029
f 2051/3173/2517 2205/3174/2608 2445/3175/2609 2368/3176/2518
f 2363/3177/2513 2449/3178/2610 2733/3179/2611 2041/3180/2023
f 2042/3181/2514 2208/3182/2612 2448/3183/2613 2365/3184/2515
f 2360/3185/2510 2452/3186/2614 2736/3187/2615 2032/3188/2017
f 2033/3189/2511 2211/3190/2616 2451/3191/2617 2362/3192/2512
f 1445/3193/2618 2456/2648/2201 2215/2954/2458 1442/1889/1446
f 1676/2165/1722 2464/2656/2209 1447/3194/2619 1444/1885/1442
f 2470/2662/2215 2462/2654/2207 1678/2161/1718 2222/2557/2112
f 1672/2155/1712 2468/2660/2213 2224/2553/2108 1667/2153/1710
f 1661/2147/1704 2476/2668/2221 1670/2159/1716 1669/2149/1706
f 2482/2674/2227 2474/2666/2219 1663/2143/1700 2231/2563/2118
f 1657/2137/1694 2480/2672/2225 2233/2559/2114 1652/2135/1692
f 1646/2129/1686 2488/2680/2233 1655/2141/1698 1654/2131/1688
f 2494/2686/2239 2486/2678/2231 1648/2125/1682 2240/2569/2124
f 1642/2119/1676 2492/2684/2237 2242/2565/2120 1637/2117/1674
f 1631/2111/1668 2500/2692/2245 1640/2123/1680 1639/2113/1670
f 2506/2698/2251 2498/2690/2243 1633/2107/1664 2249/2575/2130
f 1627/2101/1658 2504/2696/2249 2251/2571/2126 1622/2099/1656
f 1616/2093/1650 2512/2704/2257 1625/2105/1662 1624/2095/1652
f 2518/2710/2263 2510/2702/2255 1618/2089/1646 2258/2581/2136
f 1612/2083/1640 2516/2708/2261 2260/2577/2132 1607/2081/1638
f 1601/2075/1632 2524/2716/2269 1610/2087/1644 1609/2077/1634
f 2530/2722/2275 2522/2714/2267 1603/2071/1628 2267/2587/2142
f 1597/2065/1622 2528/2720/2273 2269/2583/2138 1592/2063/1620
f 1586/2057/1614 2536/2728/2281 1595/2069/1626 1594/2059/1616
f 2542/2734/2287 2534/2726/2279 1588/2053/1610 2276/2593/2148
f 1582/2047/1604 2540/2732/2285 2278/2589/2144 1577/2045/1602
f 1571/2039/1596 2548/2740/2293 1580/2051/1608 1579/2041/1598
f 2554/2746/2299 2546/2738/2291 1573/2035/1592 2285/2599/2154
f 1567/2029/1586 2552/2744/2297 2287/2595/2150 1562/2027/1584
f 1556/2021/1578 2560/2752/2305 1565/2033/1590 1564/2023/1580
f 2566/2759/2311 2558/2750/2303 1558/2017/1574 2294/2606/2160
f 1552/2011/1568 2564/2756/2309 2296/2601/2156 1547/2009/1566
f 1541/2003/1560 2572/2766/2317 1550/2015/1572 1549/2005/1562
f 2578/2772/2323 2570/2764/2315 1543/1999/1556 2303/2613/2166
f 1537/1993/1550 2576/2770/2321 2305/2609/2162 1532/1991/1548
f 1526/1985/1542 2584/2778/2329 1535/1997/1554 1534/1987/1544
f 2590/2784/2335 2582/2776/2327 1528/1981/1538 2312/2619/2172
f 1522/1975/1532 2588/2782/2333 2314/2615/2168 1517/1973/1530
f 1511/1967/1524 2596/2790/2341 1520/1979/1536 1519/1969/1526
f 2602/2796/2347 2594/2788/2339 1513/1963/1520 2321/2625/2178
f 1507/1957/1514 2600/2794/2345 2323/2621/2174 1502/1955/1512
f 1496/1949/1506 2608/2802/2353 1505/1961/1518 1504/1951/1508
f 2614/2808/2359 2606/2800/2351 1498/1945/1502 2330/2631/2184
f 1492/1939/1496 2612/2806/2357 2332/2627/2180 1487/1937/1494
f 1481/1931/1488 2620/2814/2365 1490/1943/1500 1489/1933/1490
f 2626/2820/2371 2618/2812/2363 1483/1927/1484 2339/2637/2190
f 1477/1921/1478 2624/2818/2369 2341/2633/2186 1472/1919/1476
f 1466/1913/1470 2632/2826/2377 1475/1925/1482 1474/1915/1472
f 2638/2832/2383 2630/2824/2375 1468/1909/1466 2348/2643/2196
f 1462/1903/1460 2636/2830/2381 2350/2639/2192 1457/1901/1458
f 1451/1895/1452 2644/2838/2389 1460/1907/1464 1459/1897/1454
f 2458/2650/2203 2642/2836/2387 1453/1891/1448 2213/2955/2459
f 1445/3193/2618 2647/3195/2620 2455/2645/2198 2456/2648/2201
f 2458/2650/2203 2453/2649/2202 2639/2833/2384 2642/2836/2387
f 1460/1907/1464 2644/2838/2389 2640/2837/2388 2649/1908/1465
f 1462/1903/1460 2650/1906/1463 2633/2827/2378 2636/2830/2381
f 2638/2832/2383 2634/2831/2382 2627/2821/2372 2630/2824/2375
f 1475/1925/1482 2632/2826/2377 2628/2825/2376 2652/1926/1483
f 1477/1921/1478 2653/1924/1481 2621/2815/2366 2624/2818/2369
f 2626/2820/2371 2622/2819/2370 2615/2809/2360 2618/2812/2363
f 1490/1943/1500 2620/2814/2365 2616/2813/2364 2655/1944/1501
f 1492/1939/1496 2656/1942/1499 2609/2803/2354 2612/2806/2357
f 2614/2808/2359 2610/2807/2358 2603/2797/2348 2606/2800/2351
f 1505/1961/1518 2608/2802/2353 2604/2801/2352 2658/1962/1519
f 1507/1957/1514 2659/1960/1517 2597/2791/2342 2600/2794/2345
f 2602/2796/2347 2598/2795/2346 2591/2785/2336 2594/2788/2339
f 1520/1979/1536 2596/2790/2341 2592/2789/2340 2661/1980/1537
f 1522/1975/1532 2662/1978/1535 2585/2779/2330 2588/2782/2333
f 2590/2784/2335 2586/2783/2334 2579/2773/2324 2582/2776/2327
f 1535/1997/1554 2584/2778/2329 2580/2777/2328 2664/1998/1555
f 1537/1993/1550 2665/1996/1553 2573/2767/2318 2576/2770/2321
f 2578/2772/2323 2574/2771/2322 2567/2761/2312 2570/2764/2315
f 1550/2015/1572 2572/2766/2317 2568/2765/2316 2667/2016/1573
f 1552/2011/1568 2668/2014/1571 2561/2753/2306 2564/2756/2309
f 2566/2759/2311 2562/2758/2310 2555/2747/2300 2558/2750/2303
f 1565/2033/1590 2560/2752/2305 2556/2751/2304 2670/2034/1591
f 1567/2029/1586 2671/2032/1589 2549/2741/2294 2552/2744/2297
f 2554/2746/2299 2550/2745/2298 2543/2735/2288 2546/2738/2291
f 1580/2051/1608 2548/2740/2293 2544/2739/2292 2673/2052/1609
f 1582/2047/1604 2674/2050/1607 2537/2729/2282 2540/2732/2285
f 2542/2734/2287 2538/2733/2286 2531/2723/2276 2534/2726/2279
f 1595/2069/1626 2536/2728/2281 2532/2727/2280 2676/2070/1627
f 1597/2065/1622 2677/2068/1625 2525/2717/2270 2528/2720/2273
f 2530/2722/2275 2526/2721/2274 2519/2711/2264 2522/2714/2267
f 1610/2087/1644 2524/2716/2269 2520/2715/2268 2679/2088/1645
f 1612/2083/1640 2680/2086/1643 2513/2705/2258 2516/2708/2261
f 2518/2710/2263 2514/2709/2262 2507/2699/2252 2510/2702/2255
f 1625/2105/1662 2512/2704/2257 2508/2703/2256 2682/2106/1663
f 1627/2101/1658 2683/2104/1661 2501/2693/2246 2504/2696/2249
f 2506/2698/2251 2502/2697/2250 2495/2687/2240 2498/2690/2243
f 1640/2123/1680 2500/2692/2245 2496/2691/2244 2685/2124/1681
f 1642/2119/1676 2686/2122/1679 2489/2681/2234 2492/2684/2237
f 2494/2686/2239 2490/2685/2238 2483/2675/2228 2486/2678/2231
f 1655/2141/1698 2488/2680/2233 2484/2679/2232 2688/2142/1699
f 1657/2137/1694 2689/2140/1697 2477/2669/2222 2480/2672/2225
f 2482/2674/2227 2478/2673/2226 2471/2663/2216 2474/2666/2219
f 1670/2159/1716 2476/2668/2221 2472/2667/2220 2691/2160/1717
f 1672/2155/1712 2692/2158/1715 2465/2657/2210 2468/2660/2213
f 2470/2662/2215 2466/2661/2214 2459/2651/2204 2462/2654/2207
f 1447/3194/2619 2464/2656/2209 2460/2655/2208 2646/3196/2621
f 1691/3197/2390 1685/3198/1727 2218/2547/2102 1688/2957/2461
f 1712/3199/2393 1693/3200/2392 1690/2873/2409 1721/2195/1752
f 2228/3201/2464 1714/3202/2463 1723/2191/1748 1715/2189/1746
f 1709/2182/1739 2230/3203/2462 1717/2185/1742 1708/2179/1736
f 1733/3204/2394 1711/2184/1741 1706/2183/1740 1742/2213/1770
f 2237/3205/2467 1735/3206/2466 1744/2209/1766 1736/2207/1764
f 1730/2200/1757 2239/3207/2465 1738/2203/1760 1729/2197/1754
f 1754/3208/2395 1732/2202/1759 1727/2201/1758 1763/2231/1788
f 2246/3209/2470 1756/3210/2469 1765/2227/1784 1757/2225/1782
f 1751/2218/1775 2248/3211/2468 1759/2221/1778 1750/2215/1772
f 1775/3212/2396 1753/2220/1777 1748/2219/1776 1784/2249/1806
f 2255/3213/2473 1777/3214/2472 1786/2245/1802 1778/2243/1800
f 1772/2236/1793 2257/3215/2471 1780/2239/1796 1771/2233/1790
f 1796/3216/2397 1774/2238/1795 1769/2237/1794 1805/2267/1824
f 2264/3217/2476 1798/3218/2475 1807/2263/1820 1799/2261/1818
f 1793/2254/1811 2266/3219/2474 1801/2257/1814 1792/2251/1808
f 1817/3220/2398 1795/2256/1813 1790/2255/1812 1826/2285/1842
f 2273/3221/2479 1819/3222/2478 1828/2281/1838 1820/2279/1836
f 1814/2272/1829 2275/3223/2477 1822/2275/1832 1813/2269/1826
f 1838/3224/2399 1816/2274/1831 1811/2273/1830 1847/2303/1860
f 2282/3225/2482 1840/3226/2481 1849/2299/1856 1841/2297/1854
f 1835/2290/1847 2284/3227/2480 1843/2293/1850 1834/2287/1844
f 1859/3228/2400 1837/2292/1849 1832/2291/1848 1868/2321/1878
f 2291/3229/2485 1861/3230/2484 1870/2317/1874 1862/2315/1872
f 1856/2308/1865 2293/3231/2483 1864/2311/1868 1855/2305/1862
f 1880/3232/2401 1858/2310/1867 1853/2309/1866 1889/2341/1896
f 2300/3233/2488 1882/3234/2487 1891/2337/1892 1883/2334/1890
f 1877/2326/1883 2302/3235/2486 1885/2329/1886 1876/2323/1880
f 1901/3236/2402 1879/2328/1885 1874/2327/1884 1910/2359/1914
f 2309/3237/2491 1903/3238/2490 1912/2355/1910 1904/2353/1908
f 1898/2346/1901 2311/3239/2489 1906/2349/1904 1897/2343/1898
f 1922/3240/2403 1900/2348/1903 1895/2347/1902 1931/2377/1932
f 2318/3241/2494 1924/3242/2493 1933/2373/1928 1925/2371/1926
f 1919/2364/1919 2320/3243/2492 1927/2367/1922 1918/2361/1916
f 1943/3244/2404 1921/2366/1921 1916/2365/1920 1952/2395/1950
f 2327/3245/2497 1945/3246/2496 1954/2391/1946 1946/2389/1944
f 1940/2382/1937 2329/3247/2495 1948/2385/1940 1939/2379/1934
f 1964/3248/2405 1942/2384/1939 1937/2383/1938 1973/2413/1968
f 2336/3249/2500 1966/3250/2499 1975/2409/1964 1967/2407/1962
f 1961/2400/1955 2338/3251/2498 1969/2403/1958 1960/2397/1952
f 1985/3252/2406 1963/2402/1957 1958/2401/1956 1994/2431/1986
f 2345/3253/2503 1987/3254/2502 1996/2427/1982 1988/2425/1980
f 1982/2418/1973 2347/3255/2501 1990/2421/1976 1981/2415/1970
f 2006/3256/2407 1984/2420/1975 1979/2419/1974 2015/2449/2004
f 2354/3257/2506 2008/3258/2505 2017/2445/2000 2009/2443/1998
f 2003/2436/1991 2356/3259/2504 2011/2439/1994 2002/2433/1988
f 1694/3260/2408 2005/2438/1993 2000/2437/1992 1700/2177/1734
f 1687/3261/1729 1696/3262/2391 1702/2173/1730 2216/2551/2106
f 1442/1889/1446 1443/1886/1443 1446/3263/2622 1445/3193/2618
f 1443/1886/1443 1444/1885/1442 1447/3194/2619 1446/3263/2622
f 1445/3193/2618 1446/3263/2622 2645/3264/2623 2647/3195/2620
f 1446/3263/2622 1447/3194/2619 2646/3196/2621 2645/3264/2623
f 1457/1901/1458 1458/1898/1455 1461/1904/1461 1462/1903/1460
f 1458/1898/1455 1459/1897/1454 1460/1907/1464 1461/1904/1461
f 1472/1919/1476 1473/1916/1473 1476/1922/1479 1477/1921/1478
f 1473/1916/1473 1474/1915/1472 1475/1925/1482 1476/1922/1479
f 1487/1937/1494 1488/1934/1491 1491/1940/1497 1492/1939/1496
f 1488/1934/1491 1489/1933/1490 1490/1943/1500 1491/1940/1497
f 1502/1955/1512 1503/1952/1509 1506/1958/1515 1507/1957/1514
f 1503/1952/1509 1504/1951/1508 1505/1961/1518 1506/1958/1515
f 1517/1973/1530 1518/1970/1527 1521/1976/1533 1522/1975/1532
f 1518/1970/1527 1519/1969/1526 1520/1979/1536 1521/1976/1533
f 1532/1991/1548 1533/1988/1545 1536/1994/1551 1537/1993/1550
f 1533/1988/1545 1534/1987/1544 1535/1997/1554 1536/1994/1551
f 1547/2009/1566 1548/2006/1563 1551/2012/1569 1552/2011/1568
f 1548/2006/1563 1549/2005/1562 1550/2015/1572 1551/2012/1569
f 1562/2027/1584 1563/2024/1581 1566/2030/1587 1567/2029/1586
f 1563/2024/1581 1564/2023/1580 1565/2033/1590 1566/2030/1587
f 1577/2045/1602 1578/2042/1599 1581/2048/1605 1582/2047/1604
f 1578/2042/1599 1579/2041/1598 1580/2051/1608 1581/2048/1605
f 1592/2063/1620 1593/2060/1617 1596/2066/1623 1597/2065/1622
f 1593/2060/1617 1594/2059/1616 1595/2069/1626 1596/2066/1623
f 1607/2081/1638 1608/2078/1635 1611/2084/1641 1612/2083/1640
f 1608/2078/1635 1609/2077/1634 1610/2087/1644 1611/2084/1641
f 1622/2099/1656 1623/2096/1653 1626/2102/1659 1627/2101/1658
f 1623/2096/1653 1624/2095/1652 1625/2105/1662 1626/2102/1659
f 1637/2117/1674 1638/2114/1671 1641/2120/1677 1642/2119/1676
f 1638/2114/1671 1639/2113/1670 1640/2123/1680 1641/2120/1677
f 1652/2135/1692 1653/2132/1689 1656/2138/1695 1657/2137/1694
f 1653/2132/1689 1654/2131/1688 1655/2141/1698 1656/2138/1695
f 1667/2153/1710 1668/2150/1707 1671/2156/1713 1672/2155/1712
f 1668/2150/1707 1669/2149/1706 1670/2159/1716 1671/2156/1713
f 1682/2171/1728 1683/2168/1725 2214/3265/2624 2213/2955/2459
f 1683/2168/1725 1684/2167/1724 2215/2954/2458 2214/3265/2624
f 1688/2957/2461 1689/3266/2625 1692/3267/2626 1691/3197/2390
f 1689/3266/2625 1690/2873/2409 1693/3200/2392 1692/3267/2626
f 1448/1888/1445 1449/1887/1444 1692/3268/2626 1693/2841/2392
f 1449/1887/1444 1450/1890/1447 1691/2839/2390 1692/3268/2626
f 1454/1894/1451 1455/1893/1450 1695/3269/2627 1696/2840/2391
f 1455/1893/1450 1456/1896/1453 1694/2872/2408 1695/3269/2627
f 1690/2873/2409 1689/3266/2625 1698/3270/2628 1699/2874/2410
f 1689/3266/2625 1688/2957/2461 1697/2956/2460 1698/3270/2628
f 1696/3262/2391 1695/3271/2627 1701/2174/1731 1702/2173/1730
f 1695/3271/2627 1694/3260/2408 1700/2177/1734 1701/2174/1731
f 1703/2176/1733 1704/2175/1732 2025/3272/2629 2024/3020/2508
f 1704/2175/1732 1705/2178/1735 2026/2875/2411 2025/3272/2629
f 1673/2152/1709 1674/2151/1708 1710/3273/1738 1711/2843/1741
f 1674/2151/1708 1675/2154/1711 1709/2959/1739 1710/3273/1738
f 1679/2164/1721 1680/2163/1720 1713/3274/2630 1714/2960/2463
f 1680/2163/1720 1681/2166/1723 1712/2842/2393 1713/3274/2630
f 1715/2189/1746 1716/2186/1743 2229/3275/2631 2228/3201/2464
f 1716/2186/1743 1717/2185/1742 2230/3203/2462 2229/3275/2631
f 1718/2188/1745 1719/2187/1744 2361/3276/2632 2360/3022/2510
f 1719/2187/1744 1720/2190/1747 2362/3024/2512 2361/3276/2632
f 1714/3202/2463 1713/3277/2630 1722/2192/1749 1723/2191/1748
f 1713/3277/2630 1712/3199/2393 1721/2195/1752 1722/2192/1749
f 1724/2194/1751 1725/2193/1750 2034/3278/2633 2033/3023/2511
f 1725/2193/1750 1726/2196/1753 2035/2891/2426 2034/3278/2633
f 1658/2134/1691 1659/2133/1690 1731/3279/1756 1732/2845/1759
f 1659/2133/1690 1660/2136/1693 1730/2963/1757 1731/3279/1756
f 1664/2146/1703 1665/2145/1702 1734/3280/2634 1735/2964/2466
f 1665/2145/1702 1666/2148/1705 1733/2844/2394 1734/3280/2634
f 1736/2207/1764 1737/2204/1761 2238/3281/2635 2237/3205/2467
f 1737/2204/1761 1738/2203/1760 2239/3207/2465 2238/3281/2635
f 1739/2206/1763 1740/2205/1762 2364/3282/2636 2363/3025/2513
f 1740/2205/1762 1741/2208/1765 2365/3027/2515 2364/3282/2636
f 1735/3206/2466 1734/3283/2634 1743/2210/1767 1744/2209/1766
f 1734/3283/2634 1733/3204/2394 1742/2213/1770 1743/2210/1767
f 1745/2212/1769 1746/2211/1768 2043/3284/2637 2042/3026/2514
f 1746/2211/1768 1747/2214/1771 2044/2889/2425 2043/3284/2637
f 1643/2116/1673 1644/2115/1672 1752/3285/1774 1753/2847/1777
f 1644/2115/1672 1645/2118/1675 1751/2967/1775 1752/3285/1774
f 1649/2128/1685 1650/2127/1684 1755/3286/2638 1756/2968/2469
f 1650/2127/1684 1651/2130/1687 1754/2846/2395 1755/3286/2638
f 1757/2225/1782 1758/2222/1779 2247/3287/2639 2246/3209/2470
f 1758/2222/1779 1759/2221/1778 2248/3211/2468 2247/3287/2639
f 1760/2224/1781 1761/2223/1780 2367/3288/2640 2366/3028/2516
f 1761/2223/1780 1762/2226/1783 2368/3030/2518 2367/3288/2640
f 1756/3210/2469 1755/3289/2638 1764/2228/1785 1765/2227/1784
f 1755/3289/2638 1754/3208/2395 1763/2231/1788 1764/2228/1785
f 1766/2230/1787 1767/2229/1786 2052/3290/2641 2051/3029/2517
f 1767/2229/1786 1768/2232/1789 2053/2888/2424 2052/3290/2641
f 1628/2098/1655 1629/2097/1654 1773/3291/1792 1774/2849/1795
f 1629/2097/1654 1630/2100/1657 1772/2971/1793 1773/3291/1792
f 1634/2110/1667 1635/2109/1666 1776/3292/2642 1777/2972/2472
f 1635/2109/1666 1636/2112/1669 1775/2848/2396 1776/3292/2642
f 1778/2243/1800 1779/2240/1797 2256/3293/2643 2255/3213/2473
f 1779/2240/1797 1780/2239/1796 2257/3215/2471 2256/3293/2643
f 1781/2242/1799 1782/2241/1798 2370/3294/2644 2369/3031/2519
f 1782/2241/1798 1783/2244/1801 2371/3033/2521 2370/3294/2644
f 1777/3214/2472 1776/3295/2642 1785/2246/1803 1786/2245/1802
f 1776/3295/2642 1775/3212/2396 1784/2249/1806 1785/2246/1803
f 1787/2248/1805 1788/2247/1804 2061/3296/2645 2060/3032/2520
f 1788/2247/1804 1789/2250/1807 2062/2887/2423 2061/3296/2645
f 1613/2080/1637 1614/2079/1636 1794/3297/1810 1795/2851/1813
f 1614/2079/1636 1615/2082/1639 1793/2975/1811 1794/3297/1810
f 1619/2092/1649 1620/2091/1648 1797/3298/2646 1798/2976/2475
f 1620/2091/1648 1621/2094/1651 1796/2850/2397 1797/3298/2646
f 1799/2261/1818 1800/2258/1815 2265/3299/2647 2264/3217/2476
f 1800/2258/1815 1801/2257/1814 2266/3219/2474 2265/3299/2647
f 1802/2260/1817 1803/2259/1816 2373/3300/2648 2372/3034/2522
f 1803/2259/1816 1804/2262/1819 2374/3036/2524 2373/3300/2648
f 1798/3218/2475 1797/3301/2646 1806/2264/1821 1807/2263/1820
f 1797/3301/2646 1796/3216/2397 1805/2267/1824 1806/2264/1821
f 1808/2266/1823 1809/2265/1822 2070/3302/2649 2069/3035/2523
f 1809/2265/1822 1810/2268/1825 2071/2886/2422 2070/3302/2649
f 1598/2062/1619 1599/2061/1618 1815/3303/1828 1816/2853/1831
f 1599/2061/1618 1600/2064/1621 1814/2979/1829 1815/3303/1828
f 1604/2074/1631 1605/2073/1630 1818/3304/2650 1819/2980/2478
f 1605/2073/1630 1606/2076/1633 1817/2852/2398 1818/3304/2650
f 1820/2279/1836 1821/2276/1833 2274/3305/2651 2273/3221/2479
f 1821/2276/1833 1822/2275/1832 2275/3223/2477 2274/3305/2651
f 1823/2278/1835 1824/2277/1834 2376/3306/2652 2375/3037/2525
f 1824/2277/1834 1825/2280/1837 2377/3039/2527 2376/3306/2652
f 1819/3222/2478 1818/3307/2650 1827/2282/1839 1828/2281/1838
f 1818/3307/2650 1817/3220/2398 1826/2285/1842 1827/2282/1839
f 1829/2284/1841 1830/2283/1840 2079/3308/2653 2078/3038/2526
f 1830/2283/1840 1831/2286/1843 2080/2885/2421 2079/3308/2653
f 1583/2044/1601 1584/2043/1600 1836/3309/1846 1837/2855/1849
f 1584/2043/1600 1585/2046/1603 1835/2983/1847 1836/3309/1846
f 1589/2056/1613 1590/2055/1612 1839/3310/2654 1840/2984/2481
f 1590/2055/1612 1591/2058/1615 1838/2854/2399 1839/3310/2654
f 1841/2297/1854 1842/2294/1851 2283/3311/2655 2282/3225/2482
f 1842/2294/1851 1843/2293/1850 2284/3227/2480 2283/3311/2655
f 1844/2296/1853 1845/2295/1852 2379/3312/2656 2378/3040/2528
f 1845/2295/1852 1846/2298/1855 2380/3042/2530 2379/3312/2656
f 1840/3226/2481 1839/3313/2654 1848/2300/1857 1849/2299/1856
f 1839/3313/2654 1838/3224/2399 1847/2303/1860 1848/2300/1857
f 1850/2302/1859 1851/2301/1858 2088/3314/2657 2087/3041/2529
f 1851/2301/1858 1852/2304/1861 2089/2884/2420 2088/3314/2657
f 1568/2026/1583 1569/2025/1582 1857/3315/1864 1858/2857/1867
f 1569/2025/1582 1570/2028/1585 1856/2987/1865 1857/3315/1864
f 1574/2038/1595 1575/2037/1594 1860/3316/2658 1861/2988/2484
f 1575/2037/1594 1576/2040/1597 1859/2856/2400 1860/3316/2658
f 1862/2315/1872 1863/2312/1869 2292/3317/2659 2291/3229/2485
f 1863/2312/1869 1864/2311/1868 2293/3231/2483 2292/3317/2659
f 1865/2314/1871 1866/2313/1870 2382/3318/2660 2381/3043/2531
f 1866/2313/1870 1867/2316/1873 2383/3045/2533 2382/3318/2660
f 1861/3230/2484 1860/3319/2658 1869/2318/1875 1870/2317/1874
f 1860/3319/2658 1859/3228/2400 1868/2321/1878 1869/2318/1875
f 1871/2320/1877 1872/2319/1876 2097/3320/2661 2096/3044/2532
f 1872/2319/1876 1873/2322/1879 2098/2883/2419 2097/3320/2661
f 1553/2008/1565 1554/2007/1564 1878/3321/1882 1879/2859/1885
f 1554/2007/1564 1555/2010/1567 1877/2991/1883 1878/3321/1882
f 1559/2020/1577 1560/2019/1576 1881/3322/2662 1882/2992/2487
f 1560/2019/1576 1561/2022/1579 1880/2858/2401 1881/3322/2662
f 1883/2334/1890 1884/2333/1887 2301/3323/2663 2300/3233/2488
f 1884/2330/1887 1885/2329/1886 2302/3235/2486 2301/3324/2663
f 1886/2332/1889 1887/2331/1888 2385/3325/2664 2384/3046/2534
f 1887/2336/1888 1888/2335/1891 2386/3048/2536 2385/3326/2664
f 1882/3234/2487 1881/3327/2662 1890/2338/1893 1891/2337/1892
f 1881/3327/2662 1880/3232/2401 1889/2341/1896 1890/2338/1893
f 1892/2340/1895 1893/2339/1894 2106/3328/2665 2105/3047/2535
f 1893/2339/1894 1894/2342/1897 2107/2882/2418 2106/3328/2665
f 1538/1990/1547 1539/1989/1546 1899/3329/1900 1900/2861/1903
f 1539/1989/1546 1540/1992/1549 1898/2995/1901 1899/3329/1900
f 1544/2002/1559 1545/2001/1558 1902/3330/2666 1903/2996/2490
f 1545/2001/1558 1546/2004/1561 1901/2860/2402 1902/3330/2666
f 1904/2353/1908 1905/2350/1905 2310/3331/2667 2309/3237/2491
f 1905/2350/1905 1906/2349/1904 2311/3239/2489 2310/3331/2667
f 1907/2352/1907 1908/2351/1906 2388/3332/2668 2387/3049/2537
f 1908/2351/1906 1909/2354/1909 2389/3051/2539 2388/3332/2668
f 1903/3238/2490 1902/3333/2666 1911/2356/1911 1912/2355/1910
f 1902/3333/2666 1901/3236/2402 1910/2359/1914 1911/2356/1911
f 1913/2358/1913 1914/2357/1912 2115/3334/2669 2114/3050/2538
f 1914/2357/1912 1915/2360/1915 2116/2881/2417 2115/3334/2669
f 1523/1972/1529 1524/1971/1528 1920/3335/1918 1921/2863/1921
f 1524/1971/1528 1525/1974/1531 1919/2999/1919 1920/3335/1918
f 1529/1984/1541 1530/1983/1540 1923/3336/2670 1924/3000/2493
f 1530/1983/1540 1531/1986/1543 1922/2862/2403 1923/3336/2670
f 1925/2371/1926 1926/2368/1923 2319/3337/2671 2318/3241/2494
f 1926/2368/1923 1927/2367/1922 2320/3243/2492 2319/3337/2671
f 1928/2370/1925 1929/2369/1924 2391/3338/2672 2390/3052/2540
f 1929/2369/1924 1930/2372/1927 2392/3054/2542 2391/3338/2672
f 1924/3242/2493 1923/3339/2670 1932/2374/1929 1933/2373/1928
f 1923/3339/2670 1922/3240/2403 1931/2377/1932 1932/2374/1929
f 1934/2376/1931 1935/2375/1930 2124/3340/2673 2123/3053/2541
f 1935/2375/1930 1936/2378/1933 2125/2880/2416 2124/3340/2673
f 1508/1954/1511 1509/1953/1510 1941/3341/1936 1942/2865/1939
f 1509/1953/1510 1510/1956/1513 1940/3003/1937 1941/3341/1936
f 1514/1966/1523 1515/1965/1522 1944/3342/2674 1945/3004/2496
f 1515/1965/1522 1516/1968/1525 1943/2864/2404 1944/3342/2674
f 1946/2389/1944 1947/2386/1941 2328/3343/2675 2327/3245/2497
f 1947/2386/1941 1948/2385/1940 2329/3247/2495 2328/3343/2675
f 1949/2388/1943 1950/2387/1942 2394/3344/2676 2393/3055/2543
f 1950/2387/1942 1951/2390/1945 2395/3057/2545 2394/3344/2676
f 1945/3246/2496 1944/3345/2674 1953/2392/1947 1954/2391/1946
f 1944/3345/2674 1943/3244/2404 1952/2395/1950 1953/2392/1947
f 1955/2394/1949 1956/2393/1948 2133/3346/2677 2132/3056/2544
f 1956/2393/1948 1957/2396/1951 2134/2879/2415 2133/3346/2677
f 1493/1936/1493 1494/1935/1492 1962/3347/1954 1963/2867/1957
f 1494/1935/1492 1495/1938/1495 1961/3007/1955 1962/3347/1954
f 1499/1948/1505 1500/1947/1504 1965/3348/2678 1966/3008/2499
f 1500/1947/1504 1501/1950/1507 1964/2866/2405 1965/3348/2678
f 1967/2407/1962 1968/2404/1959 2337/3349/2679 2336/3249/2500
f 1968/2404/1959 1969/2403/1958 2338/3251/2498 2337/3349/2679
f 1970/2406/1961 1971/2405/1960 2397/3350/2680 2396/3058/2546
f 1971/2405/1960 1972/2408/1963 2398/3060/2548 2397/3350/2680
f 1966/3250/2499 1965/3351/2678 1974/2410/1965 1975/2409/1964
f 1965/3351/2678 1964/3248/2405 1973/2413/1968 1974/2410/1965
f 1976/2412/1967 1977/2411/1966 2142/3352/2681 2141/3059/2547
f 1977/2411/1966 1978/2414/1969 2143/2878/2414 2142/3352/2681
f 1478/1918/1475 1479/1917/1474 1983/3353/1972 1984/2869/1975
f 1479/1917/1474 1480/1920/1477 1982/3011/1973 1983/3353/1972
f 1484/1930/1487 1485/1929/1486 1986/3354/2682 1987/3012/2502
f 1485/1929/1486 1486/1932/1489 1985/2868/2406 1986/3354/2682
f 1988/2425/1980 1989/2422/1977 2346/3355/2683 2345/3253/2503
f 1989/2422/1977 1990/2421/1976 2347/3255/2501 2346/3355/2683
f 1991/2424/1979 1992/2423/1978 2400/3356/2684 2399/3061/2549
f 1992/2423/1978 1993/2426/1981 2401/3063/2551 2400/3356/2684
f 1987/3254/2502 1986/3357/2682 1995/2428/1983 1996/2427/1982
f 1986/3357/2682 1985/3252/2406 1994/2431/1986 1995/2428/1983
f 1997/2430/1985 1998/2429/1984 2151/3358/2685 2150/3062/2550
f 1998/2429/1984 1999/2432/1987 2152/2877/2413 2151/3358/2685
f 1463/1900/1457 1464/1899/1456 2004/3359/1990 2005/2871/1993
f 1464/1899/1456 1465/1902/1459 2003/3015/1991 2004/3359/1990
f 1469/1912/1469 1470/1911/1468 2007/3360/2686 2008/3016/2505
f 1470/1911/1468 1471/1914/1471 2006/2870/2407 2007/3360/2686
f 2009/2443/1998 2010/2440/1995 2355/3361/2687 2354/3257/2506
f 2010/2440/1995 2011/2439/1994 2356/3259/2504 2355/3361/2687
f 2012/2442/1997 2013/2441/1996 2403/3362/2688 2402/3064/2552
f 2013/2441/1996 2014/2444/1999 2404/3066/2554 2403/3362/2688
f 2008/3258/2505 2007/3363/2686 2016/2446/2001 2017/2445/2000
f 2007/3363/2686 2006/3256/2407 2015/2449/2004 2016/2446/2001
f 2018/2448/2003 2019/2447/2002 2160/3364/2689 2159/3065/2553
f 2019/2447/2002 2020/2450/2005 2161/2876/2412 2160/3364/2689
f 1699/2874/2410 1698/3270/2628 2022/3365/2007 2023/2890/2006
f 1698/3270/2628 1697/2956/2460 2021/3019/2010 2022/3365/2007
f 2024/3069/2508 2025/3366/2629 2167/3367/2690 2166/3070/2556
f 2025/3366/2629 2026/2895/2411 2165/2894/2428 2167/3367/2690
f 1706/2183/1740 1707/2180/1737 2028/2458/2013 2029/2457/2012
f 1707/2180/1737 1708/2179/1736 2027/2461/2016 2028/2458/2013
f 2030/2948/2015 2031/3368/2014 2735/3369/2691 2737/2949/2455
f 2031/3368/2014 2032/3188/2017 2736/3187/2615 2735/3369/2691
f 2033/3189/2511 2034/3370/2633 2212/3371/2692 2211/3190/2616
f 2034/3370/2633 2035/2953/2426 2210/2952/2457 2212/3371/2692
f 1727/2201/1758 1728/2198/1755 2037/2464/2019 2038/2463/2018
f 1728/2198/1755 1729/2197/1754 2036/2467/2022 2037/2464/2019
f 2039/2944/2021 2040/3372/2020 2732/3373/2693 2734/2945/2453
f 2040/3372/2020 2041/3180/2023 2733/3179/2611 2732/3373/2693
f 2042/3181/2514 2043/3374/2637 2209/3375/2694 2208/3182/2612
f 2043/3374/2637 2044/2951/2425 2207/2950/2456 2209/3375/2694
f 1748/2219/1776 1749/2216/1773 2046/2470/2025 2047/2469/2024
f 1749/2216/1773 1750/2215/1772 2045/2473/2028 2046/2470/2025
f 2048/2940/2027 2049/3376/2026 2729/3377/2695 2731/2941/2451
f 2049/3376/2026 2050/3172/2029 2730/3171/2607 2729/3377/2695
f 2051/3173/2517 2052/3378/2641 2206/3379/2696 2205/3174/2608
f 2052/3378/2641 2053/2947/2424 2204/2946/2454 2206/3379/2696
f 1769/2237/1794 1770/2234/1791 2055/2476/2031 2056/2475/2030
f 1770/2234/1791 1771/2233/1790 2054/2479/2034 2055/2476/2031
f 2057/2936/2033 2058/3380/2032 2726/3381/2697 2728/2937/2449
f 2058/3380/2032 2059/3164/2035 2727/3163/2603 2726/3381/2697
f 2060/3165/2520 2061/3382/2645 2203/3383/2698 2202/3166/2604
f 2061/3382/2645 2062/2943/2423 2201/2942/2452 2203/3383/2698
f 1790/2255/1812 1791/2252/1809 2064/2482/2037 2065/2481/2036
f 1791/2252/1809 1792/2251/1808 2063/2485/2040 2064/2482/2037
f 2066/2932/2039 2067/3384/2038 2723/3385/2699 2725/2933/2447
f 2067/3384/2038 2068/3156/2041 2724/3155/2599 2723/3385/2699
f 2069/3157/2523 2070/3386/2649 2200/3387/2700 2199/3158/2600
f 2070/3386/2649 2071/2939/2422 2198/2938/2450 2200/3387/2700
f 1811/2273/1830 1812/2270/1827 2073/2488/2043 2074/2487/2042
f 1812/2270/1827 1813/2269/1826 2072/2491/2046 2073/2488/2043
f 2075/2928/2045 2076/3388/2044 2720/3389/2701 2722/2929/2445
f 2076/3388/2044 2077/3148/2047 2721/3147/2595 2720/3389/2701
f 2078/3149/2526 2079/3390/2653 2197/3391/2702 2196/3150/2596
f 2079/3390/2653 2080/2935/2421 2195/2934/2448 2197/3391/2702
f 1832/2291/1848 1833/2288/1845 2082/2494/2049 2083/2493/2048
f 1833/2288/1845 1834/2287/1844 2081/2497/2052 2082/2494/2049
f 2084/2924/2051 2085/3392/2050 2717/3393/2703 2719/2925/2443
f 2085/3392/2050 2086/3140/2053 2718/3139/2591 2717/3393/2703
f 2087/3141/2529 2088/3394/2657 2194/3395/2704 2193/3142/2592
f 2088/3394/2657 2089/2931/2420 2192/2930/2446 2194/3395/2704
f 1853/2309/1866 1854/2306/1863 2091/2500/2055 2092/2499/2054
f 1854/2306/1863 1855/2305/1862 2090/2503/2058 2091/2500/2055
f 2093/2920/2057 2094/3396/2056 2714/3397/2705 2716/2921/2441
f 2094/3396/2056 2095/3132/2059 2715/3131/2587 2714/3397/2705
f 2096/3133/2532 2097/3398/2661 2191/3399/2706 2190/3134/2588
f 2097/3398/2661 2098/2927/2419 2189/2926/2444 2191/3399/2706
f 1874/2327/1884 1875/2324/1881 2100/2506/2061 2101/2505/2060
f 1875/2324/1881 1876/2323/1880 2099/2509/2064 2100/2506/2061
f 2102/2916/2063 2103/3400/2062 2711/3401/2707 2713/2917/2439
f 2103/3400/2062 2104/3124/2065 2712/3123/2583 2711/3401/2707
f 2105/3125/2535 2106/3402/2665 2188/3403/2708 2187/3126/2584
f 2106/3402/2665 2107/2923/2418 2186/2922/2442 2188/3403/2708
f 1895/2347/1902 1896/2344/1899 2109/2512/2067 2110/2511/2066
f 1896/2344/1899 1897/2343/1898 2108/2515/2070 2109/2512/2067
f 2111/2912/2069 2112/3404/2068 2708/3405/2709 2710/2913/2437
f 2112/3404/2068 2113/3116/2071 2709/3115/2579 2708/3405/2709
f 2114/3117/2538 2115/3406/2669 2185/3407/2710 2184/3118/2580
f 2115/3406/2669 2116/2919/2417 2183/2918/2440 2185/3407/2710
f 1916/2365/1920 1917/2362/1917 2118/2518/2073 2119/2517/2072
f 1917/2362/1917 1918/2361/1916 2117/2521/2076 2118/2518/2073
f 2120/2908/2075 2121/3408/2074 2705/3409/2711 2707/2909/2435
f 2121/3408/2074 2122/3108/2077 2706/3107/2575 2705/3409/2711
f 2123/3109/2541 2124/3410/2673 2182/3411/2712 2181/3110/2576
f 2124/3410/2673 2125/2915/2416 2180/2914/2438 2182/3411/2712
f 1937/2383/1938 1938/2380/1935 2127/2524/2079 2128/2523/2078
f 1938/2380/1935 1939/2379/1934 2126/2527/2082 2127/2524/2079
f 2129/2904/2081 2130/3412/2080 2702/3413/2713 2704/2905/2433
f 2130/3412/2080 2131/3100/2083 2703/3099/2571 2702/3413/2713
f 2132/3101/2544 2133/3414/2677 2179/3415/2714 2178/3102/2572
f 2133/3414/2677 2134/2911/2415 2177/2910/2436 2179/3415/2714
f 1958/2401/1956 1959/2398/1953 2136/2530/2085 2137/2529/2084
f 1959/2398/1953 1960/2397/1952 2135/2533/2088 2136/2530/2085
f 2138/2900/2087 2139/3416/2086 2699/3417/2715 2701/2901/2431
f 2139/3416/2086 2140/3092/2089 2700/3091/2567 2699/3417/2715
f 2141/3093/2547 2142/3418/2681 2176/3419/2716 2175/3094/2568
f 2142/3418/2681 2143/2907/2414 2174/2906/2434 2176/3419/2716
f 1979/2419/1974 1980/2416/1971 2145/2536/2091 2146/2535/2090
f 1980/2416/1971 1981/2415/1970 2144/2539/2094 2145/2536/2091
f 2147/2896/2093 2148/3420/2092 2696/3421/2717 2698/2897/2429
f 2148/3420/2092 2149/3084/2095 2697/3083/2563 2696/3421/2717
f 2150/3085/2550 2151/3422/2685 2173/3423/2718 2172/3086/2564
f 2151/3422/2685 2152/2903/2413 2171/2902/2432 2173/3423/2718
f 2000/2437/1992 2001/2434/1989 2154/2542/2097 2155/2541/2096
f 2001/2434/1989 2002/2433/1988 2153/2545/2100 2154/2542/2097
f 2156/2892/2099 2157/3424/2098 2693/3425/2719 2695/2893/2427
f 2157/3424/2098 2158/3076/2101 2694/3075/2559 2693/3425/2719
f 2159/3077/2553 2160/3426/2689 2170/3427/2720 2169/3078/2560
f 2160/3426/2689 2161/2899/2412 2168/2898/2430 2170/3427/2720
f 1685/3198/1727 1686/3428/1726 2217/2548/2103 2218/2547/2102
f 1686/3428/1726 1687/3261/1729 2216/2551/2106 2217/2548/2103
f 2219/2550/2105 2220/2549/2104 2358/3429/2721 2357/3018/2507
f 2220/2549/2104 2221/2552/2107 2359/3021/2509 2358/3429/2721
f 2225/2556/2111 2226/2555/2110 2229/3430/2631 2230/2958/2462
f 2226/2555/2110 2227/2558/2113 2228/2961/2464 2229/3430/2631
f 2234/2562/2117 2235/2561/2116 2238/3431/2635 2239/2962/2465
f 2235/2561/2116 2236/2564/2119 2237/2965/2467 2238/3431/2635
f 2243/2568/2123 2244/2567/2122 2247/3432/2639 2248/2966/2468
f 2244/2567/2122 2245/2570/2125 2246/2969/2470 2247/3432/2639
f 2252/2574/2129 2253/2573/2128 2256/3433/2643 2257/2970/2471
f 2253/2573/2128 2254/2576/2131 2255/2973/2473 2256/3433/2643
f 2261/2580/2135 2262/2579/2134 2265/3434/2647 2266/2974/2474
f 2262/2579/2134 2263/2582/2137 2264/2977/2476 2265/3434/2647
f 2270/2586/2141 2271/2585/2140 2274/3435/2651 2275/2978/2477
f 2271/2585/2140 2272/2588/2143 2273/2981/2479 2274/3435/2651
f 2279/2592/2147 2280/2591/2146 2283/3436/2655 2284/2982/2480
f 2280/2591/2146 2281/2594/2149 2282/2985/2482 2283/3436/2655
f 2288/2598/2153 2289/2597/2152 2292/3437/2659 2293/2986/2483
f 2289/2597/2152 2290/2600/2155 2291/2989/2485 2292/3437/2659
f 2297/2604/2159 2298/2603/2158 2301/3438/2663 2302/2990/2486
f 2298/2608/2158 2299/2607/2161 2300/2993/2488 2301/3439/2663
f 2306/2612/2165 2307/2611/2164 2310/3440/2667 2311/2994/2489
f 2307/2611/2164 2308/2614/2167 2309/2997/2491 2310/3440/2667
f 2315/2618/2171 2316/2617/2170 2319/3441/2671 2320/2998/2492
f 2316/2617/2170 2317/2620/2173 2318/3001/2494 2319/3441/2671
f 2324/2624/2177 2325/2623/2176 2328/3442/2675 2329/3002/2495
f 2325/2623/2176 2326/2626/2179 2327/3005/2497 2328/3442/2675
f 2333/2630/2183 2334/2629/2182 2337/3443/2679 2338/3006/2498
f 2334/2629/2182 2335/2632/2185 2336/3009/2500 2337/3443/2679
f 2342/2636/2189 2343/2635/2188 2346/3444/2683 2347/3010/2501
f 2343/2635/2188 2344/2638/2191 2345/3013/2503 2346/3444/2683
f 2351/2642/2195 2352/2641/2194 2355/3445/2687 2356/3014/2504
f 2352/2641/2194 2353/2644/2197 2354/3017/2506 2355/3445/2687
f 2357/3067/2507 2358/3446/2721 2405/3447/2722 2407/3068/2555
f 2358/3446/2721 2359/3072/2509 2406/3071/2557 2405/3447/2722
f 2360/3185/2510 2361/3448/2632 2450/3449/2723 2452/3186/2614
f 2361/3448/2632 2362/3192/2512 2451/3191/2617 2450/3449/2723
f 2363/3177/2513 2364/3450/2636 2447/3451/2724 2449/3178/2610
f 2364/3450/2636 2365/3184/2515 2448/3183/2613 2447/3451/2724
f 2366/3169/2516 2367/3452/2640 2444/3453/2725 2446/3170/2606
f 2367/3452/2640 2368/3176/2518 2445/3175/2609 2444/3453/2725
f 2369/3161/2519 2370/3454/2644 2441/3455/2726 2443/3162/2602
f 2370/3454/2644 2371/3168/2521 2442/3167/2605 2441/3455/2726
f 2372/3153/2522 2373/3456/2648 2438/3457/2727 2440/3154/2598
f 2373/3456/2648 2374/3160/2524 2439/3159/2601 2438/3457/2727
f 2375/3145/2525 2376/3458/2652 2435/3459/2728 2437/3146/2594
f 2376/3458/2652 2377/3152/2527 2436/3151/2597 2435/3459/2728
f 2378/3137/2528 2379/3460/2656 2432/3461/2729 2434/3138/2590
f 2379/3460/2656 2380/3144/2530 2433/3143/2593 2432/3461/2729
f 2381/3129/2531 2382/3462/2660 2429/3463/2730 2431/3130/2586
f 2382/3462/2660 2383/3136/2533 2430/3135/2589 2429/3463/2730
f 2384/3121/2534 2385/3464/2664 2426/3465/2731 2428/3122/2582
f 2385/3466/2664 2386/3128/2536 2427/3127/2585 2426/3467/2731
f 2387/3113/2537 2388/3468/2668 2423/3469/2732 2425/3114/2578
f 2388/3468/2668 2389/3120/2539 2424/3119/2581 2423/3469/2732
f 2390/3105/2540 2391/3470/2672 2420/3471/2733 2422/3106/2574
f 2391/3470/2672 2392/3112/2542 2421/3111/2577 2420/3471/2733
f 2393/3097/2543 2394/3472/2676 2417/3473/2734 2419/3098/2570
f 2394/3472/2676 2395/3104/2545 2418/3103/2573 2417/3473/2734
f 2396/3089/2546 2397/3474/2680 2414/3475/2735 2416/3090/2566
f 2397/3474/2680 2398/3096/2548 2415/3095/2569 2414/3475/2735
f 2399/3081/2549 2400/3476/2684 2411/3477/2736 2413/3082/2562
f 2400/3476/2684 2401/3088/2551 2412/3087/2565 2411/3477/2736
f 2402/3073/2552 2403/3478/2688 2408/3479/2737 2410/3074/2558
f 2403/3478/2688 2404/3080/2554 2409/3079/2561 2408/3479/2737
f 2213/2955/2459 2214/3265/2624 2457/2647/2200 2458/2650/2203
f 2214/3265/2624 2215/2954/2458 2456/2648/2201 2457/2647/2200
f 1676/2165/1722 1677/2162/1719 2463/2653/2206 2464/2656/2209
f 1677/2162/1719 1678/2161/1718 2462/2654/2207 2463/2653/2206
f 2222/2557/2112 2223/2554/2109 2469/2659/2212 2470/2662/2215
f 2223/2554/2109 2224/2553/2108 2468/2660/2213 2469/2659/2212
f 1661/2147/1704 1662/2144/1701 2475/2665/2218 2476/2668/2221
f 1662/2144/1701 1663/2143/1700 2474/2666/2219 2475/2665/2218
f 2231/2563/2118 2232/2560/2115 2481/2671/2224 2482/2674/2227
f 2232/2560/2115 2233/2559/2114 2480/2672/2225 2481/2671/2224
f 1646/2129/1686 1647/2126/1683 2487/2677/2230 2488/2680/2233
f 1647/2126/1683 1648/2125/1682 2486/2678/2231 2487/2677/2230
f 2240/2569/2124 2241/2566/2121 2493/2683/2236 2494/2686/2239
f 2241/2566/2121 2242/2565/2120 2492/2684/2237 2493/2683/2236
f 1631/2111/1668 1632/2108/1665 2499/2689/2242 2500/2692/2245
f 1632/2108/1665 1633/2107/1664 2498/2690/2243 2499/2689/2242
f 2249/2575/2130 2250/2572/2127 2505/2695/2248 2506/2698/2251
f 2250/2572/2127 2251/2571/2126 2504/2696/2249 2505/2695/2248
f 1616/2093/1650 1617/2090/1647 2511/2701/2254 2512/2704/2257
f 1617/2090/1647 1618/2089/1646 2510/2702/2255 2511/2701/2254
f 2258/2581/2136 2259/2578/2133 2517/2707/2260 2518/2710/2263
f 2259/2578/2133 2260/2577/2132 2516/2708/2261 2517/2707/2260
f 1601/2075/1632 1602/2072/1629 2523/2713/2266 2524/2716/2269
f 1602/2072/1629 1603/2071/1628 2522/2714/2267 2523/2713/2266
f 2267/2587/2142 2268/2584/2139 2529/2719/2272 2530/2722/2275
f 2268/2584/2139 2269/2583/2138 2528/2720/2273 2529/2719/2272
f 1586/2057/1614 1587/2054/1611 2535/2725/2278 2536/2728/2281
f 1587/2054/1611 1588/2053/1610 2534/2726/2279 2535/2725/2278
f 2276/2593/2148 2277/2590/2145 2541/2731/2284 2542/2734/2287
f 2277/2590/2145 2278/2589/2144 2540/2732/2285 2541/2731/2284
f 1571/2039/1596 1572/2036/1593 2547/2737/2290 2548/2740/2293
f 1572/2036/1593 1573/2035/1592 2546/2738/2291 2547/2737/2290
f 2285/2599/2154 2286/2596/2151 2553/2743/2296 2554/2746/2299
f 2286/2596/2151 2287/2595/2150 2552/2744/2297 2553/2743/2296
f 1556/2021/1578 1557/2018/1575 2559/2749/2302 2560/2752/2305
f 1557/2018/1575 1558/2017/1574 2558/2750/2303 2559/2749/2302
f 2294/2606/2160 2295/2605/2157 2565/2760/2308 2566/2759/2311
f 2295/2602/2157 2296/2601/2156 2564/2756/2309 2565/2755/2308
f 1541/2003/1560 1542/2000/1557 2571/2763/2314 2572/2766/2317
f 1542/2000/1557 1543/1999/1556 2570/2764/2315 2571/2763/2314
f 2303/2613/2166 2304/2610/2163 2577/2769/2320 2578/2772/2323
f 2304/2610/2163 2305/2609/2162 2576/2770/2321 2577/2769/2320
f 1526/1985/1542 1527/1982/1539 2583/2775/2326 2584/2778/2329
f 1527/1982/1539 1528/1981/1538 2582/2776/2327 2583/2775/2326
f 2312/2619/2172 2313/2616/2169 2589/2781/2332 2590/2784/2335
f 2313/2616/2169 2314/2615/2168 2588/2782/2333 2589/2781/2332
f 1511/1967/1524 1512/1964/1521 2595/2787/2338 2596/2790/2341
f 1512/1964/1521 1513/1963/1520 2594/2788/2339 2595/2787/2338
f 2321/2625/2178 2322/2622/2175 2601/2793/2344 2602/2796/2347
f 2322/2622/2175 2323/2621/2174 2600/2794/2345 2601/2793/2344
f 1496/1949/1506 1497/1946/1503 2607/2799/2350 2608/2802/2353
f 1497/1946/1503 1498/1945/1502 2606/2800/2351 2607/2799/2350
f 2330/2631/2184 2331/2628/2181 2613/2805/2356 2614/2808/2359
f 2331/2628/2181 2332/2627/2180 2612/2806/2357 2613/2805/2356
f 1481/1931/1488 1482/1928/1485 2619/2811/2362 2620/2814/2365
f 1482/1928/1485 1483/1927/1484 2618/2812/2363 2619/2811/2362
f 2339/2637/2190 2340/2634/2187 2625/2817/2368 2626/2820/2371
f 2340/2634/2187 2341/2633/2186 2624/2818/2369 2625/2817/2368
f 1466/1913/1470 1467/1910/1467 2631/2823/2374 2632/2826/2377
f 1467/1910/1467 1468/1909/1466 2630/2824/2375 2631/2823/2374
f 2348/2643/2196 2349/2640/2193 2637/2829/2380 2638/2832/2383
f 2349/2640/2193 2350/2639/2192 2636/2830/2381 2637/2829/2380
f 1451/1895/1452 1452/1892/1449 2643/2835/2386 2644/2838/2389
f 1452/1892/1449 1453/1891/1448 2642/2836/2387 2643/2835/2386
f 2735/3480/2691 2736/3481/2615 2739/3482/2738 2738/3483/2739
f 2736/3481/2615 2452/3484/2614 2740/3485/2740 2739/3482/2738
f 2452/3484/2614 2450/3486/2723 2741/3487/2741 2740/3485/2740
f 2450/3486/2723 2451/3488/2617 2742/3489/2742 2741/3487/2741
f 2451/3488/2617 2211/3490/2616 2743/3491/2743 2742/3489/2742
f 2211/3490/2616 2212/3492/2692 2744/3493/2744 2743/3491/2743
f 2212/3492/2692 2210/3494/2457 2745/3495/2745 2744/3493/2744
f 2210/3494/2457 2162/3496/2009 2746/3497/2746 2745/3495/2745
f 2162/3496/2009 2163/3498/2008 2747/3499/2747 2746/3497/2746
f 2163/3498/2008 2164/3500/2011 2748/3501/2748 2747/3499/2747
f 2164/3500/2011 2407/3502/2555 2749/3503/2749 2748/3501/2748
f 2407/3502/2555 2405/3504/2722 2750/3505/2750 2749/3503/2749
f 2405/3504/2722 2406/3506/2557 2751/3507/2751 2750/3505/2750
f 2406/3506/2557 2166/3508/2556 2752/3509/2752 2751/3507/2751
f 2166/3508/2556 2167/3510/2690 2753/3511/2753 2752/3509/2752
f 2167/3510/2690 2165/3512/2428 2754/3513/2754 2753/3511/2753
f 2165/3512/2428 2695/3514/2427 2755/3515/2755 2754/3513/2754
f 2695/3514/2427 2693/3516/2719 2756/3517/2756 2755/3515/2755
f 2693/3516/2719 2694/3518/2559 2757/3519/2757 2756/3517/2756
f 2694/3518/2559 2410/3520/2558 2758/3521/2758 2757/3519/2757
f 2410/3520/2558 2408/3522/2737 2759/3523/2759 2758/3521/2758
f 2408/3522/2737 2409/3524/2561 2760/3525/2760 2759/3523/2759
f 2409/3524/2561 2169/3526/2560 2761/3527/2761 2760/3525/2760
f 2169/3526/2560 2170/3528/2720 2762/3529/2762 2761/3527/2761
f 2170/3528/2720 2168/3530/2430 2763/3531/2763 2762/3529/2762
f 2168/3530/2430 2698/3532/2429 2764/3533/2764 2763/3531/2763
f 2698/3532/2429 2696/3534/2717 2765/3535/2765 2764/3533/2764
f 2696/3534/2717 2697/3536/2563 2766/3537/2766 2765/3535/2765
f 2697/3536/2563 2413/3538/2562 2767/3539/2767 2766/3537/2766
f 2413/3538/2562 2411/3540/2736 2768/3541/2768 2767/3539/2767
f 2411/3540/2736 2412/3542/2565 2769/3543/2769 2768/3541/2768
f 2412/3542/2565 2172/3544/2564 2770/3545/2770 2769/3543/2769
f 2172/3544/2564 2173/3546/2718 2771/3547/2771 2770/3545/2770
f 2173/3546/2718 2171/3548/2432 2772/3549/2772 2771/3547/2771
f 2171/3548/2432 2701/3550/2431 2773/3551/2773 2772/3549/2772
f 2701/3550/2431 2699/3552/2715 2774/3553/2774 2773/3551/2773
f 2699/3552/2715 2700/3554/2567 2775/3555/2775 2774/3553/2774
f 2700/3554/2567 2416/3556/2566 2776/3557/2776 2775/3555/2775
f 2416/3556/2566 2414/3558/2735 2777/3559/2777 2776/3557/2776
f 2414/3558/2735 2415/3560/2569 2778/3561/2778 2777/3559/2777
f 2415/3560/2569 2175/3562/2568 2779/3563/2779 2778/3561/2778
f 2175/3562/2568 2176/3564/2716 2780/3565/2780 2779/3563/2779
f 2176/3564/2716 2174/3566/2434 2781/3567/2781 2780/3565/2780
f 2174/3566/2434 2704/3568/2433 2782/3569/2782 2781/3567/2781
f 2704/3568/2433 2702/3570/2713 2783/3571/2783 2782/3569/2782
f 2702/3570/2713 2703/3572/2571 2784/3573/2784 2783/3571/2783
f 2703/3572/2571 2419/3574/2570 2785/3575/2785 2784/3573/2784
f 2419/3574/2570 2417/3576/2734 2786/3577/2786 2785/3575/2785
f 2417/3576/2734 2418/3578/2573 2787/3579/2787 2786/3577/2786
f 2418/3578/2573 2178/3580/2572 2788/3581/2788 2787/3579/2787
f 2178/3580/2572 2179/3582/2714 2789/3583/2789 2788/3581/2788
f 2179/3582/2714 2177/3584/2436 2790/3585/2790 2789/3583/2789
f 2177/3584/2436 2707/3586/2435 2791/3587/2791 2790/3585/2790
f 2707/3586/2435 2705/3588/2711 2792/3589/2792 2791/3587/2791
f 2705/3588/2711 2706/3590/2575 2793/3591/2793 2792/3589/2792
f 2706/3590/2575 2422/3592/2574 2794/3593/2794 2793/3591/2793
f 2422/3592/2574 2420/3594/2733 2795/3595/2795 2794/3593/2794
f 2420/3594/2733 2421/3596/2577 2796/3597/2796 2795/3595/2795
f 2421/3596/2577 2181/3598/2576 2797/3599/2797 2796/3597/2796
f 2181/3598/2576 2182/3600/2712 2798/3601/2798 2797/3599/2797
f 2182/3600/2712 2180/3602/2438 2799/3603/2799 2798/3601/2798
f 2180/3602/2438 2710/3604/2437 2800/3605/2800 2799/3603/2799
f 2710/3604/2437 2708/3606/2709 2801/3607/2801 2800/3605/2800
f 2708/3606/2709 2709/3608/2579 2802/3609/2802 2801/3607/2801
f 2709/3608/2579 2425/3610/2578 2803/3611/2803 2802/3609/2802
f 2425/3610/2578 2423/3612/2732 2804/3613/2804 2803/3611/2803
f 2423/3612/2732 2424/3614/2581 2805/3615/2805 2804/3613/2804
f 2424/3614/2581 2184/3616/2580 2806/3617/2806 2805/3615/2805
f 2184/3616/2580 2185/3618/2710 2807/3619/2807 2806/3617/2806
f 2185/3618/2710 2183/3620/2440 2808/3621/2808 2807/3619/2807
f 2183/3620/2440 2713/3622/2439 2809/3623/2809 2808/3621/2808
f 2713/3622/2439 2711/3624/2707 2810/3625/2810 2809/3623/2809
f 2711/3624/2707 2712/3626/2583 2811/3627/2811 2810/3625/2810
f 2712/3626/2583 2428/3628/2582 2812/3629/2812 2811/3627/2811
f 2428/3628/2582 2426/3630/2731 2813/3631/2813 2812/3629/2812
f 2426/3630/2731 2427/3632/2585 2814/3633/2814 2813/3631/2813
f 2427/3632/2585 2187/3634/2584 2815/3635/2815 2814/3633/2814
f 2187/3634/2584 2188/3636/2708 2816/3637/2816 2815/3635/2815
f 2188/3636/2708 2186/3638/2442 2817/3639/2817 2816/3637/2816
f 2186/3638/2442 2716/3640/2441 2818/3641/2818 2817/3639/2817
f 2716/3640/2441 2714/3642/2705 2819/3643/2819 2818/3641/2818
f 2714/3642/2705 2715/3644/2587 2820/3645/2820 2819/3643/2819
f 2715/3644/2587 2431/3646/2586 2821/3647/2821 2820/3645/2820
f 2431/3646/2586 2429/3648/2730 2822/3649/2822 2821/3647/2821
f 2429/3648/2730 2430/3650/2589 2823/3651/2823 2822/3649/2822
f 2430/3650/2589 2190/3652/2588 2824/3653/2824 2823/3651/2823
f 2190/3652/2588 2191/3654/2706 2825/3655/2825 2824/3653/2824
f 2191/3654/2706 2189/3656/2444 2826/3657/2826 2825/3655/2825
f 2189/3656/2444 2719/3658/2443 2827/3659/2827 2826/3657/2826
f 2719/3658/2443 2717/3660/2703 2828/3661/2828 2827/3659/2827
f 2717/3660/2703 2718/3662/2591 2829/3663/2829 2828/3661/2828
f 2718/3662/2591 2434/3664/2590 2830/3665/2830 2829/3663/2829
f 2434/3664/2590 2432/3666/2729 2831/3667/2831 2830/3665/2830
f 2432/3666/2729 2433/3668/2593 2832/3669/2832 2831/3667/2831
f 2433/3668/2593 2193/3670/2592 2833/3671/2833 2832/3669/2832
f 2193/3670/2592 2194/3672/2704 2834/3673/2834 2833/3671/2833
f 2194/3672/2704 2192/3674/2446 2835/3675/2835 2834/3673/2834
f 2192/3674/2446 2722/3676/2445 2836/3677/2836 2835/3675/2835
f 2722/3676/2445 2720/3678/2701 2837/3679/2837 2836/3677/2836
f 2720/3678/2701 2721/3680/2595 2838/3681/2838 2837/3679/2837
f 2721/3680/2595 2437/3682/2594 2839/3683/2839 2838/3681/2838
f 2437/3682/2594 2435/3684/2728 2840/3685/2840 2839/3683/2839
f 2435/3684/2728 2436/3686/2597 2841/3687/2841 2840/3685/2840
f 2436/3686/2597 2196/3688/2596 2842/3689/2842 2841/3687/2841
f 2196/3688/2596 2197/3690/2702 2843/3691/2843 2842/3689/2842
f 2197/3690/2702 2195/3692/2448 2844/3693/2844 2843/3691/2843
f 2195/3692/2448 2725/3694/2447 2845/3695/2845 2844/3693/2844
f 2725/3694/2447 2723/3696/2699 2846/3697/2846 2845/3695/2845
f 2723/3696/2699 2724/3698/2599 2847/3699/2847 2846/3697/2846
f 2724/3698/2599 2440/3700/2598 2848/3701/2848 2847/3699/2847
f 2440/3700/2598 2438/3702/2727 2849/3703/2849 2848/3701/2848
f 2438/3702/2727 2439/3704/2601 2850/3705/2850 2849/3703/2849
f 2439/3704/2601 2199/3706/2600 2851/3707/2851 2850/3705/2850
f 2199/3706/2600 2200/3708/2700 2852/3709/2852 2851/3707/2851
f 2200/3708/2700 2198/3710/2450 2853/3711/2853 2852/3709/2852
f 2198/3710/2450 2728/3712/2449 2854/3713/2854 2853/3711/2853
f 2728/3712/2449 2726/3714/2697 2855/3715/2855 2854/3713/2854
f 2726/3714/2697 2727/3716/2603 2856/3717/2856 2855/3715/2855
f 2727/3716/2603 2443/3718/2602 2857/3719/2857 2856/3717/2856
f 2443/3718/2602 2441/3720/2726 2858/3721/2858 2857/3719/2857
f 2441/3720/2726 2442/3722/2605 2859/3723/2859 2858/3721/2858
f 2442/3722/2605 2202/3724/2604 2860/3725/2860 2859/3723/2859
f 2202/3724/2604 2203/3726/2698 2861/3727/2861 2860/3725/2860
f 2203/3726/2698 2201/3728/2452 2862/3729/2862 2861/3727/2861
f 2201/3728/2452 2731/3730/2451 2863/3731/2863 2862/3729/2862
f 2731/3730/2451 2729/3732/2695 2864/3733/2864 2863/3731/2863
f 2729/3732/2695 2730/3734/2607 2865/3735/2865 2864/3733/2864
f 2730/3734/2607 2446/3736/2606 2866/3737/2866 2865/3735/2865
f 2446/3736/2606 2444/3738/2725 2867/3739/2867 2866/3737/2866
f 2444/3738/2725 2445/3740/2609 2868/3741/2868 2867/3739/2867
f 2445/3740/2609 2205/3742/2608 2869/3743/2869 2868/3741/2868
f 2205/3742/2608 2206/3744/2696 2870/3745/2870 2869/3743/2869
f 2206/3744/2696 2204/3746/2454 2871/3747/2871 2870/3745/2870
f 2204/3746/2454 2734/3748/2453 2872/3749/2872 2871/3747/2871
f 2734/3748/2453 2732/3750/2693 2873/3751/2873 2872/3749/2872
f 2732/3750/2693 2733/3752/2611 2874/3753/2874 2873/3751/2873
f 2733/3752/2611 2449/3754/2610 2875/3755/2875 2874/3753/2874
f 2449/3754/2610 2447/3756/2724 2876/3757/2876 2875/3755/2875
f 2447/3756/2724 2448/3758/2613 2877/3759/2877 2876/3757/2876
f 2448/3758/2613 2208/3760/2612 2878/3761/2878 2877/3759/2877
f 2208/3760/2612 2209/3762/2694 2879/3763/2879 2878/3761/2878
f 2209/3762/2694 2207/3764/2456 2880/3765/2880 2879/3763/2879
f 2207/3764/2456 2737/3766/2455 2881/3767/2881 2880/3765/2880
f 2737/3766/2455 2735/3480/2691 2738/3483/2739 2881/3767/2881
f 2738/3483/2739 2739/3482/2738 2882/3768/2882
f 2739/3482/2738 2740/3485/2740 2882/3768/2882
f 2740/3485/2740 2741/3487/2741 2882/3768/2882
f 2741/3487/2741 2742/3489/2742 2882/3768/2882
f 2742/3489/2742 2743/3491/2743 2882/3768/2882
f 2743/3491/2743 2744/3493/2744 2882/3768/2882
f 2744/3493/2744 2745/3495/2745 2882/3768/2882
f 2745/3495/2745 2746/3497/2746 2882/3768/2882
f 2746/3497/2746 2747/3499/2747 2882/3768/2882
f 2747/3499/2747 2748/3501/2748 2882/3768/2882
f 2748/3501/2748 2749/3503/2749 2882/3768/2882
f 2749/3503/2749 2750/3505/2750 2882/3768/2882
f 2750/3505/2750 2751/3507/2751 2882/3768/2882
f 2751/3507/2751 2752/3509/2752 2882/3768/2882
f 2752/3509/2752 2753/3511/2753 2882/3768/2882
f 2753/3511/2753 2754/3513/2754 2882/3768/2882
f 2754/3513/2754 2755/3515/2755 2882/3768/2882
f 2755/3515/2755 2756/3517/2756 2882/3768/2882
f 2756/3517/2756 2757/3519/2757 2882/3768/2882
f 2757/3519/2757 2758/3521/2758 2882/3768/2882
f 2758/3521/2758 2759/3523/2759 2882/3768/2882
f 2759/3523/2759 2760/3525/2760 2882/3768/2882
f 2760/3525/2760 2761/3527/2761 2882/3768/2882
f 2761/3527/2761 2762/3529/2762 2882/3768/2882
f 2762/3529/2762 2763/3531/2763 2882/3768/2882
f 2763/3531/2763 2764/3533/2764 2882/3768/2882
f 2764/3533/2764 2765/3535/2765 2882/3768/2882
f 2765/3535/2765 2766/3537/2766 2882/3768/2882
f 2766/3537/2766 2767/3539/2767 2882/3768/2882
f 2767/3539/2767 2768/3541/2768 2882/3768/2882
f 2768/3541/2768 2769/3543/2769 2882/3768/2882
f 2769/3543/2769 2770/3545/2770 2882/3768/2882
f 2770/3545/2770 2771/3547/2771 2882/3768/2882
f 2771/3547/2771 2772/3549/2772 2882/3768/2882
f 2772/3549/2772 2773/3551/2773 2882/3768/2882
f 2773/3551/2773 2774/3553/2774 2882/3768/2882
f 2774/3553/2774 2775/3555/2775 2882/3768/2882
f 2775/3555/2775 2776/3557/2776 2882/3768/2882
f 2776/3557/2776 2777/3559/2777 2882/3768/2882
f 2777/3559/2777 2778/3561/2778 2882/3768/2882
f 2778/3561/2778 2779/3563/2779 2882/3768/2882
f 2779/3563/2779 2780/3565/2780 2882/3768/2882
f 2780/3565/2780 2781/3567/2781 2882/3768/2882
f 2781/3567/2781 2782/3569/2782 2882/3768/2882
f 2782/3569/2782 2783/3571/2783 2882/3768/2882
f 2783/3571/2783 2784/3573/2784 2882/3768/2882
f 2784/3573/2784 2785/3575/2785 2882/3768/2882
f 2785/3575/2785 2786/3577/2786 2882/3768/2882
f 2786/3577/2786 2787/3579/2787 2882/3768/2882
f 2787/3579/2787 2788/3581/2788 2882/3768/2882
f 2788/3581/2788 2789/3583/2789 2882/3768/2882
f 2789/3583/2789 2790/3585/2790 2882/3768/2882
f 2790/3585/2790 2791/3587/2791 2882/3768/2882
f 2791/3587/2791 2792/3589/2792 2882/3768/2882
f 2792/3589/2792 2793/3591/2793 2882/3768/2882
f 2793/3591/2793 2794/3593/2794 2882/3768/2882
f 2794/3593/2794 2795/3595/2795 2882/3768/2882
f 2795/3595/2795 2796/3597/2796 2882/3768/2882
f 2796/3597/2796 2797/3599/2797 2882/3768/2882
f 2797/3599/2797 2798/3601/2798 2882/3768/2882
f 2798/3601/2798 2799/3603/2799 2882/3768/2882
f 2799/3603/2799 2800/3605/2800 2882/3768/2882
f 2800/3605/2800 2801/3607/2801 2882/3768/2882
f 2801/3607/2801 2802/3609/2802 2882/3768/2882
f 2802/3609/2802 2803/3611/2803 2882/3768/2882
f 2803/3611/2803 2804/3613/2804 2882/3768/2882
f 2804/3613/2804 2805/3615/2805 2882/3768/2882
f 2805/3615/2805 2806/3617/2806 2882/3768/2882
f 2806/3617/2806 2807/3619/2807 2882/3768/2882
f 2807/3619/2807 2808/3621/2808 2882/3768/2882
f 2808/3621/2808 2809/3623/2809 2882/3768/2882
f 2809/3623/2809 2810/3625/2810 2882/3768/2882
f 2810/3625/2810 2811/3627/2811 2882/3768/2882
f 2811/3627/2811 2812/3629/2812 2882/3768/2882
f 2812/3629/2812 2813/3631/2813 2882/3768/2882
f 2813/3631/2813 2814/3633/2814 2882/3768/2882
f 2814/3633/2814 2815/3635/2815 2882/3768/2882
f 2815/3635/2815 2816/3637/2816 2882/3768/2882
f 2816/3637/2816 2817/3639/2817 2882/3768/2882
f 2817/3639/2817 2818/3641/2818 2882/3768/2882
f 2818/3641/2818 2819/3643/2819 2882/3768/2882
f 2819/3643/2819 2820/3645/2820 2882/3768/2882
f 2820/3645/2820 2821/3647/2821 2882/3768/2882
f 2821/3647/2821 2822/3649/2822 2882/3768/2882
f 2822/3649/2822 2823/3651/2823 2882/3768/2882
f 2823/3651/2823 2824/3653/2824 2882/3768/2882
f 2824/3653/2824 2825/3655/2825 2882/3768/2882
f 2825/3655/2825 2826/3657/2826 2882/3768/2882
f 2826/3657/2826 2827/3659/2827 2882/3768/2882
f 2827/3659/2827 2828/3661/2828 2882/3768/2882
f 2828/3661/2828 2829/3663/2829 2882/3768/2882
f 2829/3663/2829 2830/3665/2830 2882/3768/2882
f 2830/3665/2830 2831/3667/2831 2882/3768/2882
f 2831/3667/2831 2832/3669/2832 2882/3768/2882
f 2832/3669/2832 2833/3671/2833 2882/3768/2882
f 2833/3671/2833 2834/3673/2834 2882/3768/2882
f 2834/3673/2834 2835/3675/2835 2882/3768/2882
f 2835/3675/2835 2836/3677/2836 2882/3768/2882
f 2836/3677/2836 2837/3679/2837 2882/3768/2882
f 2837/3679/2837 2838/3681/2838 2882/3768/2882
f 2838/3681/2838 2839/3683/2839 2882/3768/2882
f 2839/3683/2839 2840/3685/2840 2882/3768/2882
f 2840/3685/2840 2841/3687/2841 2882/3768/2882
f 2841/3687/2841 2842/3689/2842 2882/3768/2882
f 2842/3689/2842 2843/3691/2843 2882/3768/2882
f 2843/3691/2843 2844/3693/2844 2882/3768/2882
f 2844/3693/2844 2845/3695/2845 2882/3768/2882
f 2845/3695/2845 2846/3697/2846 2882/3768/2882
f 2846/3697/2846 2847/3699/2847 2882/3768/2882
f 2847/3699/2847 2848/3701/2848 2882/3768/2882
f 2848/3701/2848 2849/3703/2849 2882/3768/2882
f 2849/3703/2849 2850/3705/2850 2882/3768/2882
f 2850/3705/2850 2851/3707/2851 2882/3768/2882
f 2851/3707/2851 2852/3709/2852 2882/3768/2882
f 2852/3709/2852 2853/3711/2853 2882/3768/2882
f 2853/3711/2853 2854/3713/2854 2882/3768/2882
f 2854/3713/2854 2855/3715/2855 2882/3768/2882
f 2855/3715/2855 2856/3717/2856 2882/3768/2882
f 2856/3717/2856 2857/3719/2857 2882/3768/2882
f 2857/3719/2857 2858/3721/2858 2882/3768/2882
f 2858/3721/2858 2859/3723/2859 2882/3768/2882
f 2859/3723/2859 2860/3725/2860 2882/3768/2882
f 2860/3725/2860 2861/3727/2861 2882/3768/2882
f 2861/3727/2861 2862/3729/2862 2882/3768/2882
f 2862/3729/2862 2863/3731/2863 2882/3768/2882
f 2863/3731/2863 2864/3733/2864 2882/3768/2882
f 2864/3733/2864 2865/3735/2865 2882/3768/2882
f 2865/3735/2865 2866/3737/2866 2882/3768/2882
f 2866/3737/2866 2867/3739/2867 2882/3768/2882
f 2867/3739/2867 2868/3741/2868 2882/3768/2882
f 2868/3741/2868 2869/3743/2869 2882/3768/2882
f 2869/3743/2869 2870/3745/2870 2882/3768/2882
f 2870/3745/2870 2871/3747/2871 2882/3768/2882
f 2871/3747/2871 2872/3749/2872 2882/3768/2882
f 2872/3749/2872 2873/3751/2873 2882/3768/2882
f 2873/3751/2873 2874/3753/2874 2882/3768/2882
f 2874/3753/2874 2875/3755/2875 2882/3768/2882
f 2875/3755/2875 2876/3757/2876 2882/3768/2882
f 2876/3757/2876 2877/3759/2877 2882/3768/2882
f 2877/3759/2877 2878/3761/2878 2882/3768/2882
f 2878/3761/2878 2879/3763/2879 2882/3768/2882
f 2879/3763/2879 2880/3765/2880 2882/3768/2882
f 2880/3765/2880 2881/3767/2881 2882/3768/2882
f 2881/3767/2881 2738/3483/2739 2882/3768/2882
s 255
f 2894/3769/2883 2893/3770/2884 2896/3771/2885 2895/3772/2886
f 2893/3770/2884 2892/3773/2887 2897/3774/2888 2896/3771/2885
f 2903/3775/2889 2902/3776/2890 3946/3777/2891 3945/3778/2892
f 2902/3776/2890 2901/3779/2893 3947/3780/2894 3946/3777/2891
f 2909/3781/2895 2908/3782/2896 2911/3783/2897 2910/3784/2898
f 2908/3782/2896 2907/3785/2899 2912/3786/2900 2911/3783/2897
f 2918/3787/2901 2917/3788/2902 3949/3789/2903 3948/3790/2904
f 2917/3788/2902 2916/3791/2905 3950/3792/2906 3949/3789/2903
f 2924/3793/2907 2923/3794/2908 2926/3795/2909 2925/3796/2910
f 2923/3794/2908 2922/3797/2911 2927/3798/2912 2926/3795/2909
f 2933/3799/2913 2932/3800/2914 3952/3801/2915 3951/3802/2916
f 2932/3800/2914 2931/3803/2917 3953/3804/2918 3952/3801/2915
f 2939/3805/2919 2938/3806/2920 2941/3807/2921 2940/3808/2922
f 2938/3806/2920 2937/3809/2923 2942/3810/2924 2941/3807/2921
f 2948/3811/2925 2947/3812/2926 3955/3813/2927 3954/3814/2928
f 2947/3812/2926 2946/3815/2929 3956/3816/2930 3955/3813/2927
f 2954/3817/2931 2953/3818/2932 2956/3819/2933 2955/3820/2934
f 2953/3818/2932 2952/3821/2935 2957/3822/2936 2956/3819/2933
f 2963/3823/2937 2962/3824/2938 3958/3825/2939 3957/3826/2940
f 2962/3824/2938 2961/3827/2941 3959/3828/2942 3958/3825/2939
f 2969/3829/2943 2968/3830/2944 2971/3831/2945 2970/3832/2946
f 2968/3830/2944 2967/3833/2947 2972/3834/2948 2971/3831/2945
f 2978/3835/2949 2977/3836/2950 3961/3837/2951 3960/3838/2952
f 2977/3836/2950 2976/3839/2953 3962/3840/2954 3961/3837/2951
f 2984/3841/2955 2983/3842/2956 2986/3843/2957 2985/3844/2958
f 2983/3842/2956 2982/3845/2959 2987/3846/2960 2986/3843/2957
f 2993/3847/2961 2992/3848/2962 3964/3849/2963 3963/3850/2964
f 2992/3848/2962 2991/3851/2965 3965/3852/2966 3964/3849/2963
f 2999/3853/2967 2998/3854/2968 3001/3855/2969 3000/3856/2970
f 2998/3854/2968 2997/3857/2971 3002/3858/2972 3001/3855/2969
f 3008/3859/2973 3007/3860/2974 3967/3861/2975 3966/3862/2976
f 3007/3860/2974 3006/3863/2977 3968/3864/2978 3967/3861/2975
f 3014/3865/2979 3013/3866/2980 3016/3867/2981 3015/3868/2982
f 3013/3866/2980 3012/3869/2983 3017/3870/2984 3016/3867/2981
f 3023/3871/2985 3022/3872/2986 3970/3873/2987 3969/3874/2988
f 3022/3872/2986 3021/3875/2989 3971/3876/2990 3970/3873/2987
f 3029/3877/2991 3028/3878/2992 3031/3879/2993 3030/3880/2994
f 3028/3878/2992 3027/3881/2995 3032/3882/2996 3031/3879/2993
f 3038/3883/2997 3037/3884/2998 3973/3885/2999 3972/3886/3000
f 3037/3884/2998 3036/3887/3001 3974/3888/3002 3973/3885/2999
f 3044/3889/3003 3043/3890/3004 3046/3891/3005 3045/3892/3006
f 3043/3890/3004 3042/3893/3007 3047/3894/3008 3046/3891/3005
f 3053/3895/3009 3052/3896/3010 3976/3897/3011 3975/3898/3012
f 3052/3896/3010 3051/3899/3013 3977/3900/3014 3976/3897/3011
f 3059/3901/3015 3058/3902/3016 3061/3903/3017 3060/3904/3018
f 3058/3902/3016 3057/3905/3019 3062/3906/3020 3061/3903/3017
f 3068/3907/3021 3067/3908/3022 3979/3909/3023 3978/3910/3024
f 3067/3908/3022 3066/3911/3025 3980/3912/3026 3979/3909/3023
f 3074/3913/3027 3073/3914/3028 3076/3915/3029 3075/3916/3030
f 3073/3914/3028 3072/3917/3031 3077/3918/3032 3076/3915/3029
f 3083/3919/3033 3082/3920/3034 3982/3921/3035 3981/3922/3036
f 3082/3920/3034 3081/3923/3037 3983/3924/3038 3982/3921/3035
f 3089/3925/3039 3088/3926/3040 3091/3927/3041 3090/3928/3042
f 3088/3926/3040 3087/3929/3043 3092/3930/3044 3091/3927/3041
f 3098/3931/3045 3097/3932/3046 3985/3933/3047 3984/3934/3048
f 3097/3932/3046 3096/3935/3049 3986/3936/3050 3985/3933/3047
f 3104/3937/3051 3103/3938/3052 3106/3939/3053 3105/3940/3054
f 3103/3938/3052 3102/3941/3055 3107/3942/3056 3106/3939/3053
f 3113/3943/3057 3112/3944/3058 3988/3945/3059 3987/3946/3060
f 3112/3944/3058 3111/3947/3061 3989/3948/3062 3988/3945/3059
f 3119/3949/3063 3118/3950/3064 3121/3951/3065 3120/3952/3066
f 3118/3950/3064 3117/3953/3067 3122/3954/3068 3121/3951/3065
f 3125/3955/3069 3124/3956/3070 3127/3957/3071 3126/3958/3072
f 3124/3956/3070 3123/3959/3073 3128/3960/3074 3127/3957/3071
f 3149/3961/3075 3148/3962/3076 3151/3963/3077 3150/3964/3078
f 3148/3962/3076 3147/3965/3079 3152/3966/3080 3151/3963/3077
f 3155/3967/3081 3154/3968/3082 4180/3969/3083 4181/3970/3084
f 3154/3968/3082 3153/3971/3085 4323/3972/3086 4180/3969/3083
f 3167/3973/3087 3166/3974/3088 3169/3975/3089 3168/3976/3090
f 3166/3974/3088 3165/3977/3091 3170/3978/3092 3169/3975/3089
f 3173/3979/3093 3172/3980/3094 4189/3981/3095 4190/3982/3096
f 3172/3980/3094 3171/3983/3097 4188/3984/3098 4189/3981/3095
f 3185/3985/3099 3184/3986/3100 3187/3987/3101 3186/3988/3102
f 3184/3986/3100 3183/3989/3103 3188/3990/3104 3187/3987/3101
f 3191/3991/3105 3190/3992/3106 4198/3993/3107 4199/3994/3108
f 3190/3992/3106 3189/3995/3109 4197/3996/3110 4198/3993/3107
f 3203/3997/3111 3202/3998/3112 3205/3999/3113 3204/4000/3114
f 3202/3998/3112 3201/4001/3115 3206/4002/3116 3205/3999/3113
f 3209/4003/3117 3208/4004/3118 4207/4005/3119 4208/4006/3120
f 3208/4004/3118 3207/4007/3121 4206/4008/3122 4207/4005/3119
f 3221/4009/3123 3220/4010/3124 3223/4011/3125 3222/4012/3126
f 3220/4013/3124 3219/4014/3127 3224/4015/3128 3223/4016/3125
f 3227/4017/3129 3226/4018/3130 4216/4019/3131 4217/4020/3132
f 3226/4018/3130 3225/4021/3133 4215/4022/3134 4216/4019/3131
f 3239/4023/3135 3238/4024/3136 3241/4025/3137 3240/4026/3138
f 3238/4024/3136 3237/4027/3139 3242/4028/3140 3241/4025/3137
f 3245/4029/3141 3244/4030/3142 4225/4031/3143 4226/4032/3144
f 3244/4030/3142 3243/4033/3145 4224/4034/3146 4225/4031/3143
f 3257/4035/3147 3256/4036/3148 3259/4037/3149 3258/4038/3150
f 3256/4036/3148 3255/4039/3151 3260/4040/3152 3259/4037/3149
f 3263/4041/3153 3262/4042/3154 4234/4043/3155 4235/4044/3156
f 3262/4042/3154 3261/4045/3157 4233/4046/3158 4234/4043/3155
f 3275/4047/3159 3274/4048/3160 3277/4049/3161 3276/4050/3162
f 3274/4048/3160 3273/4051/3163 3278/4052/3164 3277/4049/3161
f 3281/4053/3165 3280/4054/3166 4243/4055/3167 4244/4056/3168
f 3280/4054/3166 3279/4057/3169 4242/4058/3170 4243/4055/3167
f 3293/4059/3171 3292/4060/3172 3295/4061/3173 3294/4062/3174
f 3292/4060/3172 3291/4063/3175 3296/4064/3176 3295/4061/3173
f 3299/4065/3177 3298/4066/3178 4252/4067/3179 4253/4068/3180
f 3298/4066/3178 3297/4069/3181 4251/4070/3182 4252/4067/3179
f 3311/4071/3183 3310/4072/3184 3313/4073/3185 3312/4074/3186
f 3310/4072/3184 3309/4075/3187 3314/4076/3188 3313/4073/3185
f 3317/4077/3189 3316/4078/3190 4261/4079/3191 4262/4080/3192
f 3316/4078/3190 3315/4081/3193 4260/4082/3194 4261/4079/3191
f 3329/4083/3195 3328/4084/3196 3331/4085/3197 3330/4086/3198
f 3328/4084/3196 3327/4087/3199 3332/4088/3200 3331/4085/3197
f 3335/4089/3201 3334/4090/3202 4270/4091/3203 4271/4092/3204
f 3334/4090/3202 3333/4093/3205 4269/4094/3206 4270/4091/3203
f 3347/4095/3207 3346/4096/3208 3349/4097/3209 3348/4098/3210
f 3346/4096/3208 3345/4099/3211 3350/4100/3212 3349/4097/3209
f 3353/4101/3213 3352/4102/3214 4279/4103/3215 4280/4104/3216
f 3352/4102/3214 3351/4105/3217 4278/4106/3218 4279/4103/3215
f 3365/4107/3219 3364/4108/3220 3367/4109/3221 3366/4110/3222
f 3364/4108/3220 3363/4111/3223 3368/4112/3224 3367/4109/3221
f 3371/4113/3225 3370/4114/3226 4288/4115/3227 4289/4116/3228
f 3370/4114/3226 3369/4117/3229 4287/4118/3230 4288/4115/3227
f 3383/4119/3231 3382/4120/3232 3385/4121/3233 3384/4122/3234
f 3382/4120/3232 3381/4123/3235 3386/4124/3236 3385/4121/3233
f 3389/4125/3237 3388/4126/3238 4297/4127/3239 4298/4128/3240
f 3388/4126/3238 3387/4129/3241 4296/4130/3242 4297/4127/3239
f 3401/4131/3243 3400/4132/3244 3403/4133/3245 3402/4134/3246
f 3400/4132/3244 3399/4135/3247 3404/4136/3248 3403/4133/3245
f 3407/4137/3249 3406/4138/3250 4306/4139/3251 4307/4140/3252
f 3406/4138/3250 3405/4141/3253 4305/4142/3254 4306/4139/3251
f 3413/4143/3255 3412/4144/3256 3508/4145/3257 3507/4146/3258
f 3508/4145/3257 3412/4144/3256 3411/4147/3259 3509/4148/3260
f 3566/4149/3261 3565/4150/3262 3568/4151/3263 3567/4152/3264
f 3565/4150/3262 3564/4153/3265 3569/4154/3266 3568/4151/3263
f 3572/4155/3267 3571/4156/3268 3574/4157/3269 3573/4158/3270
f 3571/4156/3268 3570/4159/3271 3575/4160/3272 3574/4157/3269
f 3578/4161/3273 3577/4162/3274 3580/4163/3275 3579/4164/3276
f 3577/4162/3274 3576/4165/3277 3581/4166/3278 3580/4163/3275
f 3584/4167/3279 3583/4168/3280 3586/4169/3281 3585/4170/3282
f 3583/4168/3280 3582/4171/3283 3587/4172/3284 3586/4169/3281
f 3590/4173/3285 3589/4174/3286 3592/4175/3287 3591/4176/3288
f 3589/4177/3286 3588/4178/3289 3593/4179/3290 3592/4180/3287
f 3596/4181/3291 3595/4182/3292 3598/4183/3293 3597/4184/3294
f 3595/4182/3292 3594/4185/3295 3599/4186/3296 3598/4183/3293
f 3602/4187/3297 3601/4188/3298 3604/4189/3299 3603/4190/3300
f 3601/4188/3298 3600/4191/3301 3605/4192/3302 3604/4189/3299
f 3608/4193/3303 3607/4194/3304 3610/4195/3305 3609/4196/3306
f 3607/4194/3304 3606/4197/3307 3611/4198/3308 3610/4195/3305
f 3614/4199/3309 3613/4200/3310 3616/4201/3311 3615/4202/3312
f 3613/4200/3310 3612/4203/3313 3617/4204/3314 3616/4201/3311
f 3620/4205/3315 3619/4206/3316 3622/4207/3317 3621/4208/3318
f 3619/4206/3316 3618/4209/3319 3623/4210/3320 3622/4207/3317
f 3626/4211/3321 3625/4212/3322 3628/4213/3323 3627/4214/3324
f 3625/4212/3322 3624/4215/3325 3629/4216/3326 3628/4213/3323
f 3632/4217/3327 3631/4218/3328 3634/4219/3329 3633/4220/3330
f 3631/4218/3328 3630/4221/3331 3635/4222/3332 3634/4219/3329
f 3638/4223/3333 3637/4224/3334 3640/4225/3335 3639/4226/3336
f 3637/4224/3334 3636/4227/3337 3641/4228/3338 3640/4225/3335
f 3644/4229/3339 3643/4230/3340 3646/4231/3341 3645/4232/3342
f 3643/4230/3340 3642/4233/3343 3647/4234/3344 3646/4231/3341
f 3650/4235/3345 3649/4236/3346 3652/4237/3347 3651/4238/3348
f 3649/4236/3346 3648/4239/3349 3653/4240/3350 3652/4237/3347
f 3752/4241/3351 3751/4242/3352 3754/4243/3353 3753/4244/3354
f 3751/4242/3352 3750/4245/3355 3755/4246/3356 3754/4243/3353
f 3758/4247/3357 3757/4248/3358 3760/4249/3359 3759/4250/3360
f 3757/4248/3358 3756/4251/3361 3761/4252/3362 3760/4249/3359
f 3764/4253/3363 3763/4254/3364 3766/4255/3365 3765/4256/3366
f 3763/4254/3364 3762/4257/3367 3767/4258/3368 3766/4255/3365
f 3770/4259/3369 3769/4260/3370 3772/4261/3371 3771/4262/3372
f 3769/4260/3370 3768/4263/3373 3773/4264/3374 3772/4261/3371
f 3776/4265/3375 3775/4266/3376 3778/4267/3377 3777/4268/3378
f 3775/4266/3376 3774/4269/3379 3779/4270/3380 3778/4267/3377
f 3782/4271/3381 3781/4272/3382 3784/4273/3383 3783/4274/3384
f 3781/4272/3382 3780/4275/3385 3785/4276/3386 3784/4273/3383
f 3788/4277/3387 3787/4278/3388 3790/4279/3389 3789/4280/3390
f 3787/4278/3388 3786/4281/3391 3791/4282/3392 3790/4279/3389
f 3794/4283/3393 3793/4284/3394 3796/4285/3395 3795/4286/3396
f 3793/4284/3394 3792/4287/3397 3797/4288/3398 3796/4285/3395
f 3800/4289/3399 3799/4290/3400 3802/4291/3401 3801/4292/3402
f 3799/4290/3400 3798/4293/3403 3803/4294/3404 3802/4291/3401
f 3806/4295/3405 3805/4296/3406 3808/4297/3407 3807/4298/3408
f 3805/4296/3406 3804/4299/3409 3809/4300/3410 3808/4297/3407
f 3812/4301/3411 3811/4302/3412 3814/4303/3413 3813/4304/3414
f 3811/4305/3412 3810/4306/3415 3815/4307/3416 3814/4308/3413
f 3818/4309/3417 3817/4310/3418 3820/4311/3419 3819/4312/3420
f 3817/4310/3418 3816/4313/3421 3821/4314/3422 3820/4311/3419
f 3824/4315/3423 3823/4316/3424 3826/4317/3425 3825/4318/3426
f 3823/4316/3424 3822/4319/3427 3827/4320/3428 3826/4317/3425
f 3830/4321/3429 3829/4322/3430 3832/4323/3431 3831/4324/3432
f 3829/4322/3430 3828/4325/3433 3833/4326/3434 3832/4323/3431
f 3836/4327/3435 3835/4328/3436 3838/4329/3437 3837/4330/3438
f 3835/4328/3436 3834/4331/3439 3839/4332/3440 3838/4329/3437
f 3842/4333/3441 3841/4334/3442 3844/4335/3443 3843/4336/3444
f 3841/4334/3442 3840/4337/3445 3845/4338/3446 3844/4335/3443
f 3848/4339/3447 3847/4340/3448 3850/4341/3449 3849/4342/3450
f 3847/4340/3448 3846/4343/3451 3851/4344/3452 3850/4341/3449
f 3854/4345/3453 3853/4346/3454 3856/4347/3455 3855/4348/3456
f 3853/4346/3454 3852/4349/3457 3857/4350/3458 3856/4347/3455
f 3860/4351/3459 3859/4352/3460 3862/4353/3461 3861/4354/3462
f 3859/4352/3460 3858/4355/3463 3863/4356/3464 3862/4353/3461
f 3866/4357/3465 3865/4358/3466 3868/4359/3467 3867/4360/3468
f 3865/4358/3466 3864/4361/3469 3869/4362/3470 3868/4359/3467
f 3872/4363/3471 3871/4364/3472 3874/4365/3473 3873/4366/3474
f 3871/4364/3472 3870/4367/3475 3875/4368/3476 3874/4365/3473
f 3878/4369/3477 3877/4370/3478 3880/4371/3479 3879/4372/3480
f 3877/4370/3478 3876/4373/3481 3881/4374/3482 3880/4371/3479
f 3884/4375/3483 3883/4376/3484 3886/4377/3485 3885/4378/3486
f 3883/4376/3484 3882/4379/3487 3887/4380/3488 3886/4377/3485
f 3890/4381/3489 3889/4382/3490 3892/4383/3491 3891/4384/3492
f 3889/4382/3490 3888/4385/3493 3893/4386/3494 3892/4383/3491
f 3896/4387/3495 3895/4388/3496 3898/4389/3497 3897/4390/3498
f 3895/4388/3496 3894/4391/3499 3899/4392/3500 3898/4389/3497
f 3902/4393/3501 3901/4394/3502 3904/4395/3503 3903/4396/3504
f 3901/4394/3502 3900/4397/3505 3905/4398/3506 3904/4395/3503
f 3908/4399/3507 3907/4400/3508 3910/4401/3509 3909/4402/3510
f 3907/4400/3508 3906/4403/3511 3911/4404/3512 3910/4401/3509
f 3914/4405/3513 3913/4406/3514 3916/4407/3515 3915/4408/3516
f 3913/4406/3514 3912/4409/3517 3917/4410/3518 3916/4407/3515
f 3920/4411/3519 3919/4412/3520 3922/4413/3521 3921/4414/3522
f 3919/4412/3520 3918/4415/3523 3923/4416/3524 3922/4413/3521
f 3926/4417/3525 3925/4418/3526 3928/4419/3527 3927/4420/3528
f 3925/4418/3526 3924/4421/3529 3929/4422/3530 3928/4419/3527
f 3932/4423/3531 3931/4424/3532 3934/4425/3533 3933/4426/3534
f 3931/4424/3532 3930/4427/3535 3935/4428/3536 3934/4425/3533
f 3938/4429/3537 3937/4430/3538 3940/4431/3539 3939/4432/3540
f 3937/4430/3538 3936/4433/3541 3941/4434/3542 3940/4431/3539
f 2889/4435/3543 3125/3955/3069 3126/3958/3072 3129/4436/3544
f 3123/3959/3073 2895/3772/2886 3132/4437/3545 3128/3960/3074
f 3141/4438/3546 3149/3961/3075 3150/3964/3078 3153/4439/3085
f 3147/3965/3079 3144/4440/3547 3156/4441/3548 3152/3966/3080
f 3159/4442/3549 3167/3973/3087 3168/3976/3090 3171/4443/3097
f 3165/3977/3091 3162/4444/3550 3174/4445/3551 3170/3978/3092
f 3177/4446/3552 3185/3985/3099 3186/3988/3102 3189/4447/3109
f 3183/3989/3103 3180/4448/3553 3192/4449/3554 3188/3990/3104
f 3195/4450/3555 3203/3997/3111 3204/4000/3114 3207/4451/3121
f 3201/4001/3115 3198/4452/3556 3210/4453/3557 3206/4002/3116
f 3213/4454/3558 3221/4009/3123 3222/4012/3126 3225/4455/3133
f 3219/4014/3127 3216/4456/3559 3228/4457/3560 3224/4015/3128
f 3231/4458/3561 3239/4023/3135 3240/4026/3138 3243/4459/3145
f 3237/4027/3139 3234/4460/3562 3246/4461/3563 3242/4028/3140
f 3249/4462/3564 3257/4035/3147 3258/4038/3150 3261/4463/3157
f 3255/4039/3151 3252/4464/3565 3264/4465/3566 3260/4040/3152
f 3267/4466/3567 3275/4047/3159 3276/4050/3162 3279/4467/3169
f 3273/4051/3163 3270/4468/3568 3282/4469/3569 3278/4052/3164
f 3285/4470/3570 3293/4059/3171 3294/4062/3174 3297/4471/3181
f 3291/4063/3175 3288/4472/3571 3300/4473/3572 3296/4064/3176
f 3303/4474/3573 3311/4071/3183 3312/4074/3186 3315/4475/3193
f 3309/4075/3187 3306/4476/3574 3318/4477/3575 3314/4076/3188
f 3321/4478/3576 3329/4083/3195 3330/4086/3198 3333/4479/3205
f 3327/4087/3199 3324/4480/3577 3336/4481/3578 3332/4088/3200
f 3339/4482/3579 3347/4095/3207 3348/4098/3210 3351/4483/3217
f 3345/4099/3211 3342/4484/3580 3354/4485/3581 3350/4100/3212
f 3357/4486/3582 3365/4107/3219 3366/4110/3222 3369/4487/3229
f 3363/4111/3223 3360/4488/3583 3372/4489/3584 3368/4112/3224
f 3375/4490/3585 3383/4119/3231 3384/4122/3234 3387/4491/3241
f 3381/4123/3235 3378/4492/3586 3390/4493/3587 3386/4124/3236
f 3393/4494/3588 3401/4131/3243 3402/4134/3246 3405/4495/3253
f 3399/4135/3247 3396/4496/3589 3408/4497/3590 3404/4136/3248
f 3122/3954/3068 2891/4498/3591 3131/4499/3592 3146/4500/3593
f 3107/3942/3056 3116/4501/3594 3143/4502/3595 3164/4503/3596
f 3092/3930/3044 3101/4504/3597 3161/4505/3598 3182/4506/3599
f 3077/3918/3032 3086/4507/3600 3179/4508/3601 3200/4509/3602
f 3062/3906/3020 3071/4510/3603 3197/4511/3604 3218/4512/3605
f 3047/3894/3008 3056/4513/3606 3215/4514/3607 3236/4515/3608
f 3032/3882/2996 3041/4516/3609 3233/4517/3610 3254/4518/3611
f 3017/3870/2984 3026/4519/3612 3251/4520/3613 3272/4521/3614
f 3002/3858/2972 3011/4522/3615 3269/4523/3616 3290/4524/3617
f 2987/3846/2960 2996/4525/3618 3287/4526/3619 3308/4527/3620
f 2972/3834/2948 2981/4528/3621 3305/4529/3622 3326/4530/3623
f 2957/3822/2936 2966/4531/3624 3323/4532/3625 3344/4533/3626
f 2942/3810/2924 2951/4534/3627 3341/4535/3628 3362/4536/3629
f 2927/3798/2912 2936/4537/3630 3359/4538/3631 3380/4539/3632
f 2912/3786/2900 2921/4540/3633 3377/4541/3634 3398/4542/3635
f 2897/3774/2888 2906/4543/3636 3395/4544/3637 3134/4545/3638
f 3146/4500/3593 3131/4499/3592 3137/4546/3639 3158/4547/3640
f 3164/4503/3596 3143/4502/3595 3155/4548/3081 3176/4549/3641
f 3182/4506/3599 3161/4505/3598 3173/4550/3093 3194/4551/3642
f 3200/4509/3602 3179/4508/3601 3191/4552/3105 3212/4553/3643
f 3218/4512/3605 3197/4511/3604 3209/4554/3117 3230/4555/3644
f 3236/4515/3608 3215/4514/3607 3227/4556/3129 3248/4557/3645
f 3254/4518/3611 3233/4517/3610 3245/4558/3141 3266/4559/3646
f 3272/4521/3614 3251/4520/3613 3263/4560/3153 3284/4561/3647
f 3290/4524/3617 3269/4523/3616 3281/4562/3165 3302/4563/3648
f 3308/4527/3620 3287/4526/3619 3299/4564/3177 3320/4565/3649
f 3326/4530/3623 3305/4529/3622 3317/4566/3189 3338/4567/3650
f 3344/4533/3626 3323/4532/3625 3335/4568/3201 3356/4569/3651
f 3362/4536/3629 3341/4535/3628 3353/4570/3213 3374/4571/3652
f 3380/4539/3632 3359/4538/3631 3371/4572/3225 3392/4573/3653
f 3398/4542/3635 3377/4541/3634 3389/4574/3237 3410/4575/3654
f 3134/4545/3638 3395/4544/3637 3407/4576/3249 3140/4577/3655
f 3117/3953/3067 2885/4578/3656 2891/4498/3591 3122/3954/3068
f 3102/3941/3055 3110/4579/3657 3116/4501/3594 3107/3942/3056
f 3087/3929/3043 3095/4580/3658 3101/4504/3597 3092/3930/3044
f 3072/3917/3031 3080/4581/3659 3086/4507/3600 3077/3918/3032
f 3057/3905/3019 3065/4582/3660 3071/4510/3603 3062/3906/3020
f 3042/3893/3007 3050/4583/3661 3056/4513/3606 3047/3894/3008
f 3027/3881/2995 3035/4584/3662 3041/4516/3609 3032/3882/2996
f 3012/3869/2983 3020/4585/3663 3026/4519/3612 3017/3870/2984
f 2997/3857/2971 3005/4586/3664 3011/4522/3615 3002/3858/2972
f 2982/3845/2959 2990/4587/3665 2996/4525/3618 2987/3846/2960
f 2967/3833/2947 2975/4588/3666 2981/4528/3621 2972/3834/2948
f 2952/3821/2935 2960/4589/3667 2966/4531/3624 2957/3822/2936
f 2937/3809/2923 2945/4590/3668 2951/4534/3627 2942/3810/2924
f 2922/3797/2911 2930/4591/3669 2936/4537/3630 2927/3798/2912
f 2907/3785/2899 2915/4592/3670 2921/4540/3633 2912/3786/2900
f 2892/3773/2887 2900/4593/3671 2906/4543/3636 2897/3774/2888
f 3140/4594/3655 3407/4137/3249 4307/4140/3252 4308/4595/3672
f 3410/4596/3654 3389/4125/3237 4298/4128/3240 4299/4597/3673
f 3392/4598/3653 3371/4113/3225 4289/4116/3228 4290/4599/3674
f 3374/4600/3652 3353/4101/3213 4280/4104/3216 4281/4601/3675
f 3356/4602/3651 3335/4089/3201 4271/4092/3204 4272/4603/3676
f 3338/4604/3650 3317/4077/3189 4262/4080/3192 4263/4605/3677
f 3320/4606/3649 3299/4065/3177 4253/4068/3180 4254/4607/3678
f 3302/4608/3648 3281/4053/3165 4244/4056/3168 4245/4609/3679
f 3284/4610/3647 3263/4041/3153 4235/4044/3156 4236/4611/3680
f 3266/4612/3646 3245/4029/3141 4226/4032/3144 4227/4613/3681
f 3248/4614/3645 3227/4017/3129 4217/4020/3132 4218/4615/3682
f 3230/4616/3644 3209/4003/3117 4208/4006/3120 4209/4617/3683
f 3212/4618/3643 3191/3991/3105 4199/3994/3108 4200/4619/3684
f 3194/4620/3642 3173/3979/3093 4190/3982/3096 4191/4621/3685
f 3176/4622/3641 3155/3967/3081 4181/3970/3084 4182/4623/3686
f 3158/4624/3640 3137/4625/3639 4316/4626/3687 4317/4627/3688
f 3416/4628/3689 3501/4629/3690 3992/4630/3691 3510/4631/3692
f 3506/4632/3693 3495/4633/3694 3995/4634/3695 3513/4635/3696
f 3500/4636/3697 3489/4637/3698 3998/4638/3699 3516/4639/3700
f 3494/4640/3701 3483/4641/3702 4001/4642/3703 3519/4643/3704
f 3488/4644/3705 3477/4645/3706 4004/4646/3707 3522/4647/3708
f 3482/4648/3709 3471/4649/3710 4007/4650/3711 3525/4651/3712
f 3476/4652/3713 3465/4653/3714 4010/4654/3715 3528/4655/3716
f 3470/4656/3717 3459/4657/3718 4013/4658/3719 3531/4659/3720
f 3464/4660/3721 3453/4661/3722 4016/4662/3723 3534/4663/3724
f 3458/4664/3725 3447/4665/3726 4019/4666/3727 3537/4667/3728
f 3452/4668/3729 3441/4669/3730 4022/4670/3731 3540/4671/3732
f 3446/4672/3733 3435/4673/3734 4025/4674/3735 3543/4675/3736
f 3440/4676/3737 3429/4677/3738 4028/4678/3739 3546/4679/3740
f 3434/4680/3741 3423/4681/3742 4031/4682/3743 3549/4683/3744
f 3428/4684/3745 3417/4685/3746 4034/4686/3747 3552/4687/3748
f 3422/4688/3749 3413/4143/3255 3507/4146/3258 3555/4689/3750
f 2883/4690/3751 3560/4691/3752 3125/3955/3069 2889/4435/3543
f 3558/4692/3753 2894/3769/2883 2895/3772/2886 3123/3959/3073
f 3129/4436/3544 3126/3958/3072 3561/4693/3754 3135/4694/3755
f 3128/3960/3074 3132/4437/3545 3138/4695/3756 3563/4696/3757
f 3108/4697/3758 3566/4149/3261 3567/4152/3264 3114/4698/3759
f 3564/4153/3265 3119/3949/3063 3120/3952/3066 3569/4154/3266
f 3114/4698/3759 3567/4152/3264 3149/3961/3075 3141/4438/3546
f 3569/4154/3266 3120/3952/3066 3144/4440/3547 3147/3965/3079
f 3093/4699/3760 3572/4155/3267 3573/4158/3270 3099/4700/3761
f 3570/4159/3271 3104/3937/3051 3105/3940/3054 3575/4160/3272
f 3099/4700/3761 3573/4158/3270 3167/3973/3087 3159/4442/3549
f 3575/4160/3272 3105/3940/3054 3162/4444/3550 3165/3977/3091
f 3078/4701/3762 3578/4161/3273 3579/4164/3276 3084/4702/3763
f 3576/4165/3277 3089/3925/3039 3090/3928/3042 3581/4166/3278
f 3084/4702/3763 3579/4164/3276 3185/3985/3099 3177/4446/3552
f 3581/4166/3278 3090/3928/3042 3180/4448/3553 3183/3989/3103
f 3063/4703/3764 3584/4167/3279 3585/4170/3282 3069/4704/3765
f 3582/4171/3283 3074/3913/3027 3075/3916/3030 3587/4172/3284
f 3069/4704/3765 3585/4170/3282 3203/3997/3111 3195/4450/3555
f 3587/4172/3284 3075/3916/3030 3198/4452/3556 3201/4001/3115
f 3048/4705/3766 3590/4173/3285 3591/4176/3288 3054/4706/3767
f 3588/4178/3289 3059/3901/3015 3060/3904/3018 3593/4179/3290
f 3054/4706/3767 3591/4176/3288 3221/4009/3123 3213/4454/3558
f 3593/4179/3290 3060/3904/3018 3216/4456/3559 3219/4014/3127
f 3033/4707/3768 3596/4181/3291 3597/4184/3294 3039/4708/3769
f 3594/4185/3295 3044/3889/3003 3045/3892/3006 3599/4186/3296
f 3039/4708/3769 3597/4184/3294 3239/4023/3135 3231/4458/3561
f 3599/4186/3296 3045/3892/3006 3234/4460/3562 3237/4027/3139
f 3018/4709/3770 3602/4187/3297 3603/4190/3300 3024/4710/3771
f 3600/4191/3301 3029/3877/2991 3030/3880/2994 3605/4192/3302
f 3024/4710/3771 3603/4190/3300 3257/4035/3147 3249/4462/3564
f 3605/4192/3302 3030/3880/2994 3252/4464/3565 3255/4039/3151
f 3003/4711/3772 3608/4193/3303 3609/4196/3306 3009/4712/3773
f 3606/4197/3307 3014/3865/2979 3015/3868/2982 3611/4198/3308
f 3009/4712/3773 3609/4196/3306 3275/4047/3159 3267/4466/3567
f 3611/4198/3308 3015/3868/2982 3270/4468/3568 3273/4051/3163
f 2988/4713/3774 3614/4199/3309 3615/4202/3312 2994/4714/3775
f 3612/4203/3313 2999/3853/2967 3000/3856/2970 3617/4204/3314
f 2994/4714/3775 3615/4202/3312 3293/4059/3171 3285/4470/3570
f 3617/4204/3314 3000/3856/2970 3288/4472/3571 3291/4063/3175
f 2973/4715/3776 3620/4205/3315 3621/4208/3318 2979/4716/3777
f 3618/4209/3319 2984/3841/2955 2985/3844/2958 3623/4210/3320
f 2979/4716/3777 3621/4208/3318 3311/4071/3183 3303/4474/3573
f 3623/4210/3320 2985/3844/2958 3306/4476/3574 3309/4075/3187
f 2958/4717/3778 3626/4211/3321 3627/4214/3324 2964/4718/3779
f 3624/4215/3325 2969/3829/2943 2970/3832/2946 3629/4216/3326
f 2964/4718/3779 3627/4214/3324 3329/4083/3195 3321/4478/3576
f 3629/4216/3326 2970/3832/2946 3324/4480/3577 3327/4087/3199
f 2943/4719/3780 3632/4217/3327 3633/4220/3330 2949/4720/3781
f 3630/4221/3331 2954/3817/2931 2955/3820/2934 3635/4222/3332
f 2949/4720/3781 3633/4220/3330 3347/4095/3207 3339/4482/3579
f 3635/4222/3332 2955/3820/2934 3342/4484/3580 3345/4099/3211
f 2928/4721/3782 3638/4223/3333 3639/4226/3336 2934/4722/3783
f 3636/4227/3337 2939/3805/2919 2940/3808/2922 3641/4228/3338
f 2934/4722/3783 3639/4226/3336 3365/4107/3219 3357/4486/3582
f 3641/4228/3338 2940/3808/2922 3360/4488/3583 3363/4111/3223
f 2913/4723/3784 3644/4229/3339 3645/4232/3342 2919/4724/3785
f 3642/4233/3343 2924/3793/2907 2925/3796/2910 3647/4234/3344
f 2919/4724/3785 3645/4232/3342 3383/4119/3231 3375/4490/3585
f 3647/4234/3344 2925/3796/2910 3378/4492/3586 3381/4123/3235
f 2898/4725/3786 3650/4235/3345 3651/4238/3348 2904/4726/3787
f 3648/4239/3349 2909/3781/2895 2910/3784/2898 3653/4240/3350
f 2904/4726/3787 3651/4238/3348 3401/4131/3243 3393/4494/3588
f 3653/4240/3350 2910/3784/2898 3396/4496/3589 3399/4135/3247
f 3135/4727/3755 3561/4728/3754 4313/4729/3788 4314/4730/3789
f 3563/4731/3757 3138/4732/3756 4310/4733/3790 4311/4734/3791
f 3153/3971/3085 3150/4735/3078 4322/4736/3792 4323/3972/3086
f 3152/4737/3080 3156/4738/3548 4319/4739/3793 4320/4740/3794
f 3171/3983/3097 3168/4741/3090 4187/4742/3795 4188/3984/3098
f 3170/4743/3092 3174/4744/3551 4184/4745/3796 4185/4746/3797
f 3189/3995/3109 3186/4747/3102 4196/4748/3798 4197/3996/3110
f 3188/4749/3104 3192/4750/3554 4193/4751/3799 4194/4752/3800
f 3207/4007/3121 3204/4753/3114 4205/4754/3801 4206/4008/3122
f 3206/4755/3116 3210/4756/3557 4202/4757/3802 4203/4758/3803
f 3225/4021/3133 3222/4759/3126 4214/4760/3804 4215/4022/3134
f 3224/4761/3128 3228/4762/3560 4211/4763/3805 4212/4764/3806
f 3243/4033/3145 3240/4765/3138 4223/4766/3807 4224/4034/3146
f 3242/4767/3140 3246/4768/3563 4220/4769/3808 4221/4770/3809
f 3261/4045/3157 3258/4771/3150 4232/4772/3810 4233/4046/3158
f 3260/4773/3152 3264/4774/3566 4229/4775/3811 4230/4776/3812
f 3279/4057/3169 3276/4777/3162 4241/4778/3813 4242/4058/3170
f 3278/4779/3164 3282/4780/3569 4238/4781/3814 4239/4782/3815
f 3297/4069/3181 3294/4783/3174 4250/4784/3816 4251/4070/3182
f 3296/4785/3176 3300/4786/3572 4247/4787/3817 4248/4788/3818
f 3315/4081/3193 3312/4789/3186 4259/4790/3819 4260/4082/3194
f 3314/4791/3188 3318/4792/3575 4256/4793/3820 4257/4794/3821
f 3333/4093/3205 3330/4795/3198 4268/4796/3822 4269/4094/3206
f 3332/4797/3200 3336/4798/3578 4265/4799/3823 4266/4800/3824
f 3351/4105/3217 3348/4801/3210 4277/4802/3825 4278/4106/3218
f 3350/4803/3212 3354/4804/3581 4274/4805/3826 4275/4806/3827
f 3369/4117/3229 3366/4807/3222 4286/4808/3828 4287/4118/3230
f 3368/4809/3224 3372/4810/3584 4283/4811/3829 4284/4812/3830
f 3387/4129/3241 3384/4813/3234 4295/4814/3831 4296/4130/3242
f 3386/4815/3236 3390/4816/3587 4292/4817/3832 4293/4818/3833
f 3405/4141/3253 3402/4819/3246 4304/4820/3834 4305/4142/3254
f 3404/4821/3248 3408/4822/3590 4301/4823/3835 4302/4824/3836
f 3411/4147/3259 3654/4825/3837 3704/4826/3838 3509/4148/3260
f 3656/4827/3839 3414/4828/3840 3511/4829/3841 3703/4830/3842
f 3503/4831/3843 3699/4832/3844 3707/4833/3845 3991/4834/3846
f 3701/4835/3847 3504/4836/3848 3514/4837/3849 3706/4838/3850
f 3497/4839/3851 3696/4840/3852 3710/4841/3853 3994/4842/3854
f 3698/4843/3855 3498/4844/3856 3517/4845/3857 3709/4846/3858
f 3491/4847/3859 3693/4848/3860 3713/4849/3861 3997/4850/3862
f 3695/4851/3863 3492/4852/3864 3520/4853/3865 3712/4854/3866
f 3485/4855/3867 3690/4856/3868 3716/4857/3869 4000/4858/3870
f 3692/4859/3871 3486/4860/3872 3523/4861/3873 3715/4862/3874
f 3479/4863/3875 3687/4864/3876 3719/4865/3877 4003/4866/3878
f 3689/4867/3879 3480/4868/3880 3526/4869/3881 3718/4870/3882
f 3473/4871/3883 3684/4872/3884 3722/4873/3885 4006/4874/3886
f 3686/4875/3887 3474/4876/3888 3529/4877/3889 3721/4878/3890
f 3467/4879/3891 3681/4880/3892 3725/4881/3893 4009/4882/3894
f 3683/4883/3895 3468/4884/3896 3532/4885/3897 3724/4886/3898
f 3461/4887/3899 3678/4888/3900 3728/4889/3901 4012/4890/3902
f 3680/4891/3903 3462/4892/3904 3535/4893/3905 3727/4894/3906
f 3455/4895/3907 3675/4896/3908 3731/4897/3909 4015/4898/3910
f 3677/4899/3911 3456/4900/3912 3538/4901/3913 3730/4902/3914
f 3449/4903/3915 3672/4904/3916 3734/4905/3917 4018/4906/3918
f 3674/4907/3919 3450/4908/3920 3541/4909/3921 3733/4910/3922
f 3443/4911/3923 3669/4912/3924 3737/4913/3925 4021/4914/3926
f 3671/4915/3927 3444/4916/3928 3544/4917/3929 3736/4918/3930
f 3437/4919/3931 3666/4920/3932 3740/4921/3933 4024/4922/3934
f 3668/4923/3935 3438/4924/3936 3547/4925/3937 3739/4926/3938
f 3431/4927/3939 3663/4928/3940 3743/4929/3941 4027/4930/3942
f 3665/4931/3943 3432/4932/3944 3550/4933/3945 3742/4934/3946
f 3425/4935/3947 3660/4936/3948 3746/4937/3949 4030/4938/3950
f 3662/4939/3951 3426/4940/3952 3553/4941/3953 3745/4942/3954
f 3419/4943/3955 3657/4944/3956 3749/4945/3957 4033/4946/3958
f 3659/4947/3959 3420/4948/3960 3556/4949/3961 3748/4950/3962
f 2886/4951/3963 3753/4244/3354 3560/4691/3752 2883/4690/3751
f 3117/3953/3067 3761/4252/3362 2888/4952/3964 2885/4578/3656
f 3767/4258/3368 3759/4250/3360 3119/3949/3063 3564/4153/3265
f 3113/3943/3057 3765/4256/3366 3566/4149/3261 3108/4697/3758
f 3102/3941/3055 3773/4264/3374 3111/3947/3061 3110/4579/3657
f 3779/4270/3380 3771/4262/3372 3104/3937/3051 3570/4159/3271
f 3098/3931/3045 3777/4268/3378 3572/4155/3267 3093/4699/3760
f 3087/3929/3043 3785/4276/3386 3096/3935/3049 3095/4580/3658
f 3791/4282/3392 3783/4274/3384 3089/3925/3039 3576/4165/3277
f 3083/3919/3033 3789/4280/3390 3578/4161/3273 3078/4701/3762
f 3072/3917/3031 3797/4288/3398 3081/3923/3037 3080/4581/3659
f 3803/4294/3404 3795/4286/3396 3074/3913/3027 3582/4171/3283
f 3068/3907/3021 3801/4292/3402 3584/4167/3279 3063/4703/3764
f 3057/3905/3019 3809/4300/3410 3066/3911/3025 3065/4582/3660
f 3815/4307/3416 3807/4298/3408 3059/3901/3015 3588/4178/3289
f 3053/3895/3009 3813/4304/3414 3590/4173/3285 3048/4705/3766
f 3042/3893/3007 3821/4314/3422 3051/3899/3013 3050/4583/3661
f 3827/4320/3428 3819/4312/3420 3044/3889/3003 3594/4185/3295
f 3038/3883/2997 3825/4318/3426 3596/4181/3291 3033/4707/3768
f 3027/3881/2995 3833/4326/3434 3036/3887/3001 3035/4584/3662
f 3839/4332/3440 3831/4324/3432 3029/3877/2991 3600/4191/3301
f 3023/3871/2985 3837/4330/3438 3602/4187/3297 3018/4709/3770
f 3012/3869/2983 3845/4338/3446 3021/3875/2989 3020/4585/3663
f 3851/4344/3452 3843/4336/3444 3014/3865/2979 3606/4197/3307
f 3008/3859/2973 3849/4342/3450 3608/4193/3303 3003/4711/3772
f 2997/3857/2971 3857/4350/3458 3006/3863/2977 3005/4586/3664
f 3863/4356/3464 3855/4348/3456 2999/3853/2967 3612/4203/3313
f 2993/3847/2961 3861/4354/3462 3614/4199/3309 2988/4713/3774
f 2982/3845/2959 3869/4362/3470 2991/3851/2965 2990/4587/3665
f 3875/4368/3476 3867/4360/3468 2984/3841/2955 3618/4209/3319
f 2978/3835/2949 3873/4366/3474 3620/4205/3315 2973/4715/3776
f 2967/3833/2947 3881/4374/3482 2976/3839/2953 2975/4588/3666
f 3887/4380/3488 3879/4372/3480 2969/3829/2943 3624/4215/3325
f 2963/3823/2937 3885/4378/3486 3626/4211/3321 2958/4717/3778
f 2952/3821/2935 3893/4386/3494 2961/3827/2941 2960/4589/3667
f 3899/4392/3500 3891/4384/3492 2954/3817/2931 3630/4221/3331
f 2948/3811/2925 3897/4390/3498 3632/4217/3327 2943/4719/3780
f 2937/3809/2923 3905/4398/3506 2946/3815/2929 2945/4590/3668
f 3911/4404/3512 3903/4396/3504 2939/3805/2919 3636/4227/3337
f 2933/3799/2913 3909/4402/3510 3638/4223/3333 2928/4721/3782
f 2922/3797/2911 3917/4410/3518 2931/3803/2917 2930/4591/3669
f 3923/4416/3524 3915/4408/3516 2924/3793/2907 3642/4233/3343
f 2918/3787/2901 3921/4414/3522 3644/4229/3339 2913/4723/3784
f 2907/3785/2899 3929/4422/3530 2916/3791/2905 2915/4592/3670
f 3935/4428/3536 3927/4420/3528 2909/3781/2895 3648/4239/3349
f 2903/3775/2889 3933/4426/3534 3650/4235/3345 2898/4725/3786
f 2892/3773/2887 3941/4434/3542 2901/3779/2893 2900/4593/3671
f 3755/4246/3356 3939/4432/3540 2894/3769/2883 3558/4692/3753
f 2886/4951/3963 3942/4953/3965 3752/4241/3351 3753/4244/3354
f 3755/4246/3356 3750/4245/3355 3938/4429/3537 3939/4432/3540
f 2901/3779/2893 3941/4434/3542 3936/4433/3541 3947/3780/2894
f 2903/3775/2889 3945/3778/2892 3932/4423/3531 3933/4426/3534
f 3935/4428/3536 3930/4427/3535 3926/4417/3525 3927/4420/3528
f 2916/3791/2905 3929/4422/3530 3924/4421/3529 3950/3792/2906
f 2918/3787/2901 3948/3790/2904 3920/4411/3519 3921/4414/3522
f 3923/4416/3524 3918/4415/3523 3914/4405/3513 3915/4408/3516
f 2931/3803/2917 3917/4410/3518 3912/4409/3517 3953/3804/2918
f 2933/3799/2913 3951/3802/2916 3908/4399/3507 3909/4402/3510
f 3911/4404/3512 3906/4403/3511 3902/4393/3501 3903/4396/3504
f 2946/3815/2929 3905/4398/3506 3900/4397/3505 3956/3816/2930
f 2948/3811/2925 3954/3814/2928 3896/4387/3495 3897/4390/3498
f 3899/4392/3500 3894/4391/3499 3890/4381/3489 3891/4384/3492
f 2961/3827/2941 3893/4386/3494 3888/4385/3493 3959/3828/2942
f 2963/3823/2937 3957/3826/2940 3884/4375/3483 3885/4378/3486
f 3887/4380/3488 3882/4379/3487 3878/4369/3477 3879/4372/3480
f 2976/3839/2953 3881/4374/3482 3876/4373/3481 3962/3840/2954
f 2978/3835/2949 3960/3838/2952 3872/4363/3471 3873/4366/3474
f 3875/4368/3476 3870/4367/3475 3866/4357/3465 3867/4360/3468
f 2991/3851/2965 3869/4362/3470 3864/4361/3469 3965/3852/2966
f 2993/3847/2961 3963/3850/2964 3860/4351/3459 3861/4354/3462
f 3863/4356/3464 3858/4355/3463 3854/4345/3453 3855/4348/3456
f 3006/3863/2977 3857/4350/3458 3852/4349/3457 3968/3864/2978
f 3008/3859/2973 3966/3862/2976 3848/4339/3447 3849/4342/3450
f 3851/4344/3452 3846/4343/3451 3842/4333/3441 3843/4336/3444
f 3021/3875/2989 3845/4338/3446 3840/4337/3445 3971/3876/2990
f 3023/3871/2985 3969/3874/2988 3836/4327/3435 3837/4330/3438
f 3839/4332/3440 3834/4331/3439 3830/4321/3429 3831/4324/3432
f 3036/3887/3001 3833/4326/3434 3828/4325/3433 3974/3888/3002
f 3038/3883/2997 3972/3886/3000 3824/4315/3423 3825/4318/3426
f 3827/4320/3428 3822/4319/3427 3818/4309/3417 3819/4312/3420
f 3051/3899/3013 3821/4314/3422 3816/4313/3421 3977/3900/3014
f 3053/3895/3009 3975/3898/3012 3812/4301/3411 3813/4304/3414
f 3815/4307/3416 3810/4306/3415 3806/4295/3405 3807/4298/3408
f 3066/3911/3025 3809/4300/3410 3804/4299/3409 3980/3912/3026
f 3068/3907/3021 3978/3910/3024 3800/4289/3399 3801/4292/3402
f 3803/4294/3404 3798/4293/3403 3794/4283/3393 3795/4286/3396
f 3081/3923/3037 3797/4288/3398 3792/4287/3397 3983/3924/3038
f 3083/3919/3033 3981/3922/3036 3788/4277/3387 3789/4280/3390
f 3791/4282/3392 3786/4281/3391 3782/4271/3381 3783/4274/3384
f 3096/3935/3049 3785/4276/3386 3780/4275/3385 3986/3936/3050
f 3098/3931/3045 3984/3934/3048 3776/4265/3375 3777/4268/3378
f 3779/4270/3380 3774/4269/3379 3770/4259/3369 3771/4262/3372
f 3111/3947/3061 3773/4264/3374 3768/4263/3373 3989/3948/3062
f 3113/3943/3057 3987/3946/3060 3764/4253/3363 3765/4256/3366
f 3767/4258/3368 3762/4257/3367 3758/4247/3357 3759/4250/3360
f 2888/4952/3964 3761/4252/3362 3756/4251/3361 3944/4954/3966
f 2883/4690/3751 2884/4955/3967 2887/4956/3968 2886/4951/3963
f 2884/4955/3967 2885/4578/3656 2888/4952/3964 2887/4956/3968
f 2886/4951/3963 2887/4956/3968 3943/4957/3969 3942/4953/3965
f 2887/4956/3968 2888/4952/3964 3944/4954/3966 3943/4957/3969
f 2885/4578/3656 2884/4955/3967 2890/4958/3970 2891/4498/3591
f 2884/4955/3967 2883/4690/3751 2889/4435/3543 2890/4958/3970
f 2895/3772/2886 2896/3771/2885 3133/4959/3971 3132/4437/3545
f 2896/3771/2885 2897/3774/2888 3134/4545/3638 3133/4959/3971
f 2898/4725/3786 2899/4960/3972 2902/3776/2890 2903/3775/2889
f 2899/4960/3972 2900/4593/3671 2901/3779/2893 2902/3776/2890
f 2900/4593/3671 2899/4960/3972 2905/4961/3973 2906/4543/3636
f 2899/4960/3972 2898/4725/3786 2904/4726/3787 2905/4961/3973
f 2910/3784/2898 2911/3783/2897 3397/4962/3974 3396/4496/3589
f 2911/3783/2897 2912/3786/2900 3398/4542/3635 3397/4962/3974
f 2913/4723/3784 2914/4963/3975 2917/3788/2902 2918/3787/2901
f 2914/4963/3975 2915/4592/3670 2916/3791/2905 2917/3788/2902
f 2915/4592/3670 2914/4963/3975 2920/4964/3976 2921/4540/3633
f 2914/4963/3975 2913/4723/3784 2919/4724/3785 2920/4964/3976
f 2925/3796/2910 2926/3795/2909 3379/4965/3977 3378/4492/3586
f 2926/3795/2909 2927/3798/2912 3380/4539/3632 3379/4965/3977
f 2928/4721/3782 2929/4966/3978 2932/3800/2914 2933/3799/2913
f 2929/4966/3978 2930/4591/3669 2931/3803/2917 2932/3800/2914
f 2930/4591/3669 2929/4966/3978 2935/4967/3979 2936/4537/3630
f 2929/4966/3978 2928/4721/3782 2934/4722/3783 2935/4967/3979
f 2940/3808/2922 2941/3807/2921 3361/4968/3980 3360/4488/3583
f 2941/3807/2921 2942/3810/2924 3362/4536/3629 3361/4968/3980
f 2943/4719/3780 2944/4969/3981 2947/3812/2926 2948/3811/2925
f 2944/4969/3981 2945/4590/3668 2946/3815/2929 2947/3812/2926
f 2945/4590/3668 2944/4969/3981 2950/4970/3982 2951/4534/3627
f 2944/4969/3981 2943/4719/3780 2949/4720/3781 2950/4970/3982
f 2955/3820/2934 2956/3819/2933 3343/4971/3983 3342/4484/3580
f 2956/3819/2933 2957/3822/2936 3344/4533/3626 3343/4971/3983
f 2958/4717/3778 2959/4972/3984 2962/3824/2938 2963/3823/2937
f 2959/4972/3984 2960/4589/3667 2961/3827/2941 2962/3824/2938
f 2960/4589/3667 2959/4972/3984 2965/4973/3985 2966/4531/3624
f 2959/4972/3984 2958/4717/3778 2964/4718/3779 2965/4973/3985
f 2970/3832/2946 2971/3831/2945 3325/4974/3986 3324/4480/3577
f 2971/3831/2945 2972/3834/2948 3326/4530/3623 3325/4974/3986
f 2973/4715/3776 2974/4975/3987 2977/3836/2950 2978/3835/2949
f 2974/4975/3987 2975/4588/3666 2976/3839/2953 2977/3836/2950
f 2975/4588/3666 2974/4975/3987 2980/4976/3988 2981/4528/3621
f 2974/4975/3987 2973/4715/3776 2979/4716/3777 2980/4976/3988
f 2985/3844/2958 2986/3843/2957 3307/4977/3989 3306/4476/3574
f 2986/3843/2957 2987/3846/2960 3308/4527/3620 3307/4977/3989
f 2988/4713/3774 2989/4978/3990 2992/3848/2962 2993/3847/2961
f 2989/4978/3990 2990/4587/3665 2991/3851/2965 2992/3848/2962
f 2990/4587/3665 2989/4978/3990 2995/4979/3991 2996/4525/3618
f 2989/4978/3990 2988/4713/3774 2994/4714/3775 2995/4979/3991
f 3000/3856/2970 3001/3855/2969 3289/4980/3992 3288/4472/3571
f 3001/3855/2969 3002/3858/2972 3290/4524/3617 3289/4980/3992
f 3003/4711/3772 3004/4981/3993 3007/3860/2974 3008/3859/2973
f 3004/4981/3993 3005/4586/3664 3006/3863/2977 3007/3860/2974
f 3005/4586/3664 3004/4981/3993 3010/4982/3994 3011/4522/3615
f 3004/4981/3993 3003/4711/3772 3009/4712/3773 3010/4982/3994
f 3015/3868/2982 3016/3867/2981 3271/4983/3995 3270/4468/3568
f 3016/3867/2981 3017/3870/2984 3272/4521/3614 3271/4983/3995
f 3018/4709/3770 3019/4984/3996 3022/3872/2986 3023/3871/2985
f 3019/4984/3996 3020/4585/3663 3021/3875/2989 3022/3872/2986
f 3020/4585/3663 3019/4984/3996 3025/4985/3997 3026/4519/3612
f 3019/4984/3996 3018/4709/3770 3024/4710/3771 3025/4985/3997
f 3030/3880/2994 3031/3879/2993 3253/4986/3998 3252/4464/3565
f 3031/3879/2993 3032/3882/2996 3254/4518/3611 3253/4986/3998
f 3033/4707/3768 3034/4987/3999 3037/3884/2998 3038/3883/2997
f 3034/4987/3999 3035/4584/3662 3036/3887/3001 3037/3884/2998
f 3035/4584/3662 3034/4987/3999 3040/4988/4000 3041/4516/3609
f 3034/4987/3999 3033/4707/3768 3039/4708/3769 3040/4988/4000
f 3045/3892/3006 3046/3891/3005 3235/4989/4001 3234/4460/3562
f 3046/3891/3005 3047/3894/3008 3236/4515/3608 3235/4989/4001
f 3048/4705/3766 3049/4990/4002 3052/3896/3010 3053/3895/3009
f 3049/4990/4002 3050/4583/3661 3051/3899/3013 3052/3896/3010
f 3050/4583/3661 3049/4990/4002 3055/4991/4003 3056/4513/3606
f 3049/4990/4002 3048/4705/3766 3054/4706/3767 3055/4991/4003
f 3060/3904/3018 3061/3903/3017 3217/4992/4004 3216/4456/3559
f 3061/3903/3017 3062/3906/3020 3218/4512/3605 3217/4992/4004
f 3063/4703/3764 3064/4993/4005 3067/3908/3022 3068/3907/3021
f 3064/4993/4005 3065/4582/3660 3066/3911/3025 3067/3908/3022
f 3065/4582/3660 3064/4993/4005 3070/4994/4006 3071/4510/3603
f 3064/4993/4005 3063/4703/3764 3069/4704/3765 3070/4994/4006
f 3075/3916/3030 3076/3915/3029 3199/4995/4007 3198/4452/3556
f 3076/3915/3029 3077/3918/3032 3200/4509/3602 3199/4995/4007
f 3078/4701/3762 3079/4996/4008 3082/3920/3034 3083/3919/3033
f 3079/4996/4008 3080/4581/3659 3081/3923/3037 3082/3920/3034
f 3080/4581/3659 3079/4996/4008 3085/4997/4009 3086/4507/3600
f 3079/4996/4008 3078/4701/3762 3084/4702/3763 3085/4997/4009
f 3090/3928/3042 3091/3927/3041 3181/4998/4010 3180/4448/3553
f 3091/3927/3041 3092/3930/3044 3182/4506/3599 3181/4998/4010
f 3093/4699/3760 3094/4999/4011 3097/3932/3046 3098/3931/3045
f 3094/4999/4011 3095/4580/3658 3096/3935/3049 3097/3932/3046
f 3095/4580/3658 3094/4999/4011 3100/5000/4012 3101/4504/3597
f 3094/4999/4011 3093/4699/3760 3099/4700/3761 3100/5000/4012
f 3105/3940/3054 3106/3939/3053 3163/5001/4013 3162/4444/3550
f 3106/3939/3053 3107/3942/3056 3164/4503/3596 3163/5001/4013
f 3108/4697/3758 3109/5002/4014 3112/3944/3058 3113/3943/3057
f 3109/5002/4014 3110/4579/3657 3111/3947/3061 3112/3944/3058
f 3110/4579/3657 3109/5002/4014 3115/5003/4015 3116/4501/3594
f 3109/5002/4014 3108/4697/3758 3114/4698/3759 3115/5003/4015
f 3120/3952/3066 3121/3951/3065 3145/5004/4016 3144/4440/3547
f 3121/3951/3065 3122/3954/3068 3146/4500/3593 3145/5004/4016
f 3123/3959/3073 3124/3956/3070 3559/5005/4017 3558/4692/3753
f 3124/3956/3070 3125/3955/3069 3560/4691/3752 3559/5005/4017
f 3126/3958/3072 3127/3957/3071 3562/5006/4018 3561/4693/3754
f 3127/3957/3071 3128/3960/3074 3563/4696/3757 3562/5006/4018
f 2891/4498/3591 2890/4958/3970 3130/5007/4019 3131/4499/3592
f 2890/4958/3970 2889/4435/3543 3129/4436/3544 3130/5007/4019
f 3132/4437/3545 3133/4959/3971 3139/5008/4020 3138/4695/3756
f 3133/4959/3971 3134/4545/3638 3140/4577/3655 3139/5008/4020
f 3131/4499/3592 3130/5007/4019 3136/5009/4021 3137/4546/3639
f 3130/5007/4019 3129/4436/3544 3135/4694/3755 3136/5009/4021
f 3138/4732/3756 3139/5010/4020 4309/5011/4022 4310/4733/3790
f 3139/5010/4020 3140/4594/3655 4308/4595/3672 4309/5011/4022
f 3116/4501/3594 3115/5003/4015 3142/5012/4023 3143/4502/3595
f 3115/5003/4015 3114/4698/3759 3141/4438/3546 3142/5012/4023
f 3144/4440/3547 3145/5004/4016 3157/5013/4024 3156/4441/3548
f 3145/5004/4016 3146/4500/3593 3158/4547/3640 3157/5013/4024
f 3150/4735/3078 3151/5014/3077 4321/5015/4025 4322/4736/3792
f 3151/5014/3077 3152/4737/3080 4320/4740/3794 4321/5015/4025
f 3143/4502/3595 3142/5012/4023 3154/5016/3082 3155/4548/3081
f 3142/5012/4023 3141/4438/3546 3153/4439/3085 3154/5016/3082
f 3156/4738/3548 3157/5017/4024 4318/5018/4026 4319/4739/3793
f 3157/5017/4024 3158/4624/3640 4317/4627/3688 4318/5018/4026
f 3101/4504/3597 3100/5000/4012 3160/5019/4027 3161/4505/3598
f 3100/5000/4012 3099/4700/3761 3159/4442/3549 3160/5019/4027
f 3162/4444/3550 3163/5001/4013 3175/5020/4028 3174/4445/3551
f 3163/5001/4013 3164/4503/3596 3176/4549/3641 3175/5020/4028
f 3168/4741/3090 3169/5021/3089 4186/5022/4029 4187/4742/3795
f 3169/5021/3089 3170/4743/3092 4185/4746/3797 4186/5022/4029
f 3161/4505/3598 3160/5019/4027 3172/5023/3094 3173/4550/3093
f 3160/5019/4027 3159/4442/3549 3171/4443/3097 3172/5023/3094
f 3174/4744/3551 3175/5024/4028 4183/5025/4030 4184/4745/3796
f 3175/5024/4028 3176/4622/3641 4182/4623/3686 4183/5025/4030
f 3086/4507/3600 3085/4997/4009 3178/5026/4031 3179/4508/3601
f 3085/4997/4009 3084/4702/3763 3177/4446/3552 3178/5026/4031
f 3180/4448/3553 3181/4998/4010 3193/5027/4032 3192/4449/3554
f 3181/4998/4010 3182/4506/3599 3194/4551/3642 3193/5027/4032
f 3186/4747/3102 3187/5028/3101 4195/5029/4033 4196/4748/3798
f 3187/5028/3101 3188/4749/3104 4194/4752/3800 4195/5029/4033
f 3179/4508/3601 3178/5026/4031 3190/5030/3106 3191/4552/3105
f 3178/5026/4031 3177/4446/3552 3189/4447/3109 3190/5030/3106
f 3192/4750/3554 3193/5031/4032 4192/5032/4034 4193/4751/3799
f 3193/5031/4032 3194/4620/3642 4191/4621/3685 4192/5032/4034
f 3071/4510/3603 3070/4994/4006 3196/5033/4035 3197/4511/3604
f 3070/4994/4006 3069/4704/3765 3195/4450/3555 3196/5033/4035
f 3198/4452/3556 3199/4995/4007 3211/5034/4036 3210/4453/3557
f 3199/4995/4007 3200/4509/3602 3212/4553/3643 3211/5034/4036
f 3204/4753/3114 3205/5035/3113 4204/5036/4037 4205/4754/3801
f 3205/5035/3113 3206/4755/3116 4203/4758/3803 4204/5036/4037
f 3197/4511/3604 3196/5033/4035 3208/5037/3118 3209/4554/3117
f 3196/5033/4035 3195/4450/3555 3207/4451/3121 3208/5037/3118
f 3210/4756/3557 3211/5038/4036 4201/5039/4038 4202/4757/3802
f 3211/5038/4036 3212/4618/3643 4200/4619/3684 4201/5039/4038
f 3056/4513/3606 3055/4991/4003 3214/5040/4039 3215/4514/3607
f 3055/4991/4003 3054/4706/3767 3213/4454/3558 3214/5040/4039
f 3216/4456/3559 3217/4992/4004 3229/5041/4040 3228/4457/3560
f 3217/4992/4004 3218/4512/3605 3230/4555/3644 3229/5041/4040
f 3222/4759/3126 3223/5042/3125 4213/5043/4041 4214/4760/3804
f 3223/5044/3125 3224/4761/3128 4212/4764/3806 4213/5045/4041
f 3215/4514/3607 3214/5040/4039 3226/5046/3130 3227/4556/3129
f 3214/5040/4039 3213/4454/3558 3225/4455/3133 3226/5046/3130
f 3228/4762/3560 3229/5047/4040 4210/5048/4042 4211/4763/3805
f 3229/5047/4040 3230/4616/3644 4209/4617/3683 4210/5048/4042
f 3041/4516/3609 3040/4988/4000 3232/5049/4043 3233/4517/3610
f 3040/4988/4000 3039/4708/3769 3231/4458/3561 3232/5049/4043
f 3234/4460/3562 3235/4989/4001 3247/5050/4044 3246/4461/3563
f 3235/4989/4001 3236/4515/3608 3248/4557/3645 3247/5050/4044
f 3240/4765/3138 3241/5051/3137 4222/5052/4045 4223/4766/3807
f 3241/5051/3137 3242/4767/3140 4221/4770/3809 4222/5052/4045
f 3233/4517/3610 3232/5049/4043 3244/5053/3142 3245/4558/3141
f 3232/5049/4043 3231/4458/3561 3243/4459/3145 3244/5053/3142
f 3246/4768/3563 3247/5054/4044 4219/5055/4046 4220/4769/3808
f 3247/5054/4044 3248/4614/3645 4218/4615/3682 4219/5055/4046
f 3026/4519/3612 3025/4985/3997 3250/5056/4047 3251/4520/3613
f 3025/4985/3997 3024/4710/3771 3249/4462/3564 3250/5056/4047
f 3252/4464/3565 3253/4986/3998 3265/5057/4048 3264/4465/3566
f 3253/4986/3998 3254/4518/3611 3266/4559/3646 3265/5057/4048
f 3258/4771/3150 3259/5058/3149 4231/5059/4049 4232/4772/3810
f 3259/5058/3149 3260/4773/3152 4230/4776/3812 4231/5059/4049
f 3251/4520/3613 3250/5056/4047 3262/5060/3154 3263/4560/3153
f 3250/5056/4047 3249/4462/3564 3261/4463/3157 3262/5060/3154
f 3264/4774/3566 3265/5061/4048 4228/5062/4050 4229/4775/3811
f 3265/5061/4048 3266/4612/3646 4227/4613/3681 4228/5062/4050
f 3011/4522/3615 3010/4982/3994 3268/5063/4051 3269/4523/3616
f 3010/4982/3994 3009/4712/3773 3267/4466/3567 3268/5063/4051
f 3270/4468/3568 3271/4983/3995 3283/5064/4052 3282/4469/3569
f 3271/4983/3995 3272/4521/3614 3284/4561/3647 3283/5064/4052
f 3276/4777/3162 3277/5065/3161 4240/5066/4053 4241/4778/3813
f 3277/5065/3161 3278/4779/3164 4239/4782/3815 4240/5066/4053
f 3269/4523/3616 3268/5063/4051 3280/5067/3166 3281/4562/3165
f 3268/5063/4051 3267/4466/3567 3279/4467/3169 3280/5067/3166
f 3282/4780/3569 3283/5068/4052 4237/5069/4054 4238/4781/3814
f 3283/5068/4052 3284/4610/3647 4236/4611/3680 4237/5069/4054
f 2996/4525/3618 2995/4979/3991 3286/5070/4055 3287/4526/3619
f 2995/4979/3991 2994/4714/3775 3285/4470/3570 3286/5070/4055
f 3288/4472/3571 3289/4980/3992 3301/5071/4056 3300/4473/3572
f 3289/4980/3992 3290/4524/3617 3302/4563/3648 3301/5071/4056
f 3294/4783/3174 3295/5072/3173 4249/5073/4057 4250/4784/3816
f 3295/5072/3173 3296/4785/3176 4248/4788/3818 4249/5073/4057
f 3287/4526/3619 3286/5070/4055 3298/5074/3178 3299/4564/3177
f 3286/5070/4055 3285/4470/3570 3297/4471/3181 3298/5074/3178
f 3300/4786/3572 3301/5075/4056 4246/5076/4058 4247/4787/3817
f 3301/5075/4056 3302/4608/3648 4245/4609/3679 4246/5076/4058
f 2981/4528/3621 2980/4976/3988 3304/5077/4059 3305/4529/3622
f 2980/4976/3988 2979/4716/3777 3303/4474/3573 3304/5077/4059
f 3306/4476/3574 3307/4977/3989 3319/5078/4060 3318/4477/3575
f 3307/4977/3989 3308/4527/3620 3320/4565/3649 3319/5078/4060
f 3312/4789/3186 3313/5079/3185 4258/5080/4061 4259/4790/3819
f 3313/5079/3185 3314/4791/3188 4257/4794/3821 4258/5080/4061
f 3305/4529/3622 3304/5077/4059 3316/5081/3190 3317/4566/3189
f 3304/5077/4059 3303/4474/3573 3315/4475/3193 3316/5081/3190
f 3318/4792/3575 3319/5082/4060 4255/5083/4062 4256/4793/3820
f 3319/5082/4060 3320/4606/3649 4254/4607/3678 4255/5083/4062
f 2966/4531/3624 2965/4973/3985 3322/5084/4063 3323/4532/3625
f 2965/4973/3985 2964/4718/3779 3321/4478/3576 3322/5084/4063
f 3324/4480/3577 3325/4974/3986 3337/5085/4064 3336/4481/3578
f 3325/4974/3986 3326/4530/3623 3338/4567/3650 3337/5085/4064
f 3330/4795/3198 3331/5086/3197 4267/5087/4065 4268/4796/3822
f 3331/5086/3197 3332/4797/3200 4266/4800/3824 4267/5087/4065
f 3323/4532/3625 3322/5084/4063 3334/5088/3202 3335/4568/3201
f 3322/5084/4063 3321/4478/3576 3333/4479/3205 3334/5088/3202
f 3336/4798/3578 3337/5089/4064 4264/5090/4066 4265/4799/3823
f 3337/5089/4064 3338/4604/3650 4263/4605/3677 4264/5090/4066
f 2951/4534/3627 2950/4970/3982 3340/5091/4067 3341/4535/3628
f 2950/4970/3982 2949/4720/3781 3339/4482/3579 3340/5091/4067
f 3342/4484/3580 3343/4971/3983 3355/5092/4068 3354/4485/3581
f 3343/4971/3983 3344/4533/3626 3356/4569/3651 3355/5092/4068
f 3348/4801/3210 3349/5093/3209 4276/5094/4069 4277/4802/3825
f 3349/5093/3209 3350/4803/3212 4275/4806/3827 4276/5094/4069
f 3341/4535/3628 3340/5091/4067 3352/5095/3214 3353/4570/3213
f 3340/5091/4067 3339/4482/3579 3351/4483/3217 3352/5095/3214
f 3354/4804/3581 3355/5096/4068 4273/5097/4070 4274/4805/3826
f 3355/5096/4068 3356/4602/3651 4272/4603/3676 4273/5097/4070
f 2936/4537/3630 2935/4967/3979 3358/5098/4071 3359/4538/3631
f 2935/4967/3979 2934/4722/3783 3357/4486/3582 3358/5098/4071
f 3360/4488/3583 3361/4968/3980 3373/5099/4072 3372/4489/3584
f 3361/4968/3980 3362/4536/3629 3374/4571/3652 3373/5099/4072
f 3366/4807/3222 3367/5100/3221 4285/5101/4073 4286/4808/3828
f 3367/5100/3221 3368/4809/3224 4284/4812/3830 4285/5101/4073
f 3359/4538/3631 3358/5098/4071 3370/5102/3226 3371/4572/3225
f 3358/5098/4071 3357/4486/3582 3369/4487/3229 3370/5102/3226
f 3372/4810/3584 3373/5103/4072 4282/5104/4074 4283/4811/3829
f 3373/5103/4072 3374/4600/3652 4281/4601/3675 4282/5104/4074
f 2921/4540/3633 2920/4964/3976 3376/5105/4075 3377/4541/3634
f 2920/4964/3976 2919/4724/3785 3375/4490/3585 3376/5105/4075
f 3378/4492/3586 3379/4965/3977 3391/5106/4076 3390/4493/3587
f 3379/4965/3977 3380/4539/3632 3392/4573/3653 3391/5106/4076
f 3384/4813/3234 3385/5107/3233 4294/5108/4077 4295/4814/3831
f 3385/5107/3233 3386/4815/3236 4293/4818/3833 4294/5108/4077
f 3377/4541/3634 3376/5105/4075 3388/5109/3238 3389/4574/3237
f 3376/5105/4075 3375/4490/3585 3387/4491/3241 3388/5109/3238
f 3390/4816/3587 3391/5110/4076 4291/5111/4078 4292/4817/3832
f 3391/5110/4076 3392/4598/3653 4290/4599/3674 4291/5111/4078
f 2906/4543/3636 2905/4961/3973 3394/5112/4079 3395/4544/3637
f 2905/4961/3973 2904/4726/3787 3393/4494/3588 3394/5112/4079
f 3396/4496/3589 3397/4962/3974 3409/5113/4080 3408/4497/3590
f 3397/4962/3974 3398/4542/3635 3410/4575/3654 3409/5113/4080
f 3402/4819/3246 3403/5114/3245 4303/5115/4081 4304/4820/3834
f 3403/5114/3245 3404/4821/3248 4302/4824/3836 4303/5115/4081
f 3395/4544/3637 3394/5112/4079 3406/5116/3250 3407/4576/3249
f 3394/5112/4079 3393/4494/3588 3405/4495/3253 3406/5116/3250
f 3408/4822/3590 3409/5117/4080 4300/5118/4082 4301/4823/3835
f 3409/5117/4080 3410/4596/3654 4299/4597/3673 4300/5118/4082
f 3137/4625/3639 3136/5119/4021 4315/5120/4083 4316/4626/3687
f 3136/5119/4021 3135/4727/3755 4314/4730/3789 4315/5120/4083
f 3414/4828/3840 3415/5121/4084 3512/5122/4085 3511/4829/3841
f 3415/5121/4084 3416/4628/3689 3510/4631/3692 3512/5122/4085
f 3417/4685/3746 3418/5123/4086 4032/5124/4087 4034/4686/3747
f 3418/5123/4086 3419/4943/3955 4033/4946/3958 4032/5124/4087
f 3420/4948/3960 3421/5125/4088 3557/5126/4089 3556/4949/3961
f 3421/5125/4088 3422/4688/3749 3555/4689/3750 3557/5126/4089
f 3423/4681/3742 3424/5127/4090 4029/5128/4091 4031/4682/3743
f 3424/5127/4090 3425/4935/3947 4030/4938/3950 4029/5128/4091
f 3426/4940/3952 3427/5129/4092 3554/5130/4093 3553/4941/3953
f 3427/5129/4092 3428/4684/3745 3552/4687/3748 3554/5130/4093
f 3429/4677/3738 3430/5131/4094 4026/5132/4095 4028/4678/3739
f 3430/5131/4094 3431/4927/3939 4027/4930/3942 4026/5132/4095
f 3432/4932/3944 3433/5133/4096 3551/5134/4097 3550/4933/3945
f 3433/5133/4096 3434/4680/3741 3549/4683/3744 3551/5134/4097
f 3435/4673/3734 3436/5135/4098 4023/5136/4099 4025/4674/3735
f 3436/5135/4098 3437/4919/3931 4024/4922/3934 4023/5136/4099
f 3438/4924/3936 3439/5137/4100 3548/5138/4101 3547/4925/3937
f 3439/5137/4100 3440/4676/3737 3546/4679/3740 3548/5138/4101
f 3441/4669/3730 3442/5139/4102 4020/5140/4103 4022/4670/3731
f 3442/5139/4102 3443/4911/3923 4021/4914/3926 4020/5140/4103
f 3444/4916/3928 3445/5141/4104 3545/5142/4105 3544/4917/3929
f 3445/5141/4104 3446/4672/3733 3543/4675/3736 3545/5142/4105
f 3447/4665/3726 3448/5143/4106 4017/5144/4107 4019/4666/3727
f 3448/5143/4106 3449/4903/3915 4018/4906/3918 4017/5144/4107
f 3450/4908/3920 3451/5145/4108 3542/5146/4109 3541/4909/3921
f 3451/5145/4108 3452/4668/3729 3540/4671/3732 3542/5146/4109
f 3453/4661/3722 3454/5147/4110 4014/5148/4111 4016/4662/3723
f 3454/5147/4110 3455/4895/3907 4015/4898/3910 4014/5148/4111
f 3456/4900/3912 3457/5149/4112 3539/5150/4113 3538/4901/3913
f 3457/5149/4112 3458/4664/3725 3537/4667/3728 3539/5150/4113
f 3459/4657/3718 3460/5151/4114 4011/5152/4115 4013/4658/3719
f 3460/5151/4114 3461/4887/3899 4012/4890/3902 4011/5152/4115
f 3462/4892/3904 3463/5153/4116 3536/5154/4117 3535/4893/3905
f 3463/5153/4116 3464/4660/3721 3534/4663/3724 3536/5154/4117
f 3465/4653/3714 3466/5155/4118 4008/5156/4119 4010/4654/3715
f 3466/5155/4118 3467/4879/3891 4009/4882/3894 4008/5156/4119
f 3468/4884/3896 3469/5157/4120 3533/5158/4121 3532/4885/3897
f 3469/5157/4120 3470/4656/3717 3531/4659/3720 3533/5158/4121
f 3471/4649/3710 3472/5159/4122 4005/5160/4123 4007/4650/3711
f 3472/5159/4122 3473/4871/3883 4006/4874/3886 4005/5160/4123
f 3474/4876/3888 3475/5161/4124 3530/5162/4125 3529/4877/3889
f 3475/5161/4124 3476/4652/3713 3528/4655/3716 3530/5162/4125
f 3477/4645/3706 3478/5163/4126 4002/5164/4127 4004/4646/3707
f 3478/5163/4126 3479/4863/3875 4003/4866/3878 4002/5164/4127
f 3480/4868/3880 3481/5165/4128 3527/5166/4129 3526/4869/3881
f 3481/5165/4128 3482/4648/3709 3525/4651/3712 3527/5166/4129
f 3483/4641/3702 3484/5167/4130 3999/5168/4131 4001/4642/3703
f 3484/5167/4130 3485/4855/3867 4000/4858/3870 3999/5168/4131
f 3486/4860/3872 3487/5169/4132 3524/5170/4133 3523/4861/3873
f 3487/5169/4132 3488/4644/3705 3522/4647/3708 3524/5170/4133
f 3489/4637/3698 3490/5171/4134 3996/5172/4135 3998/4638/3699
f 3490/5171/4134 3491/4847/3859 3997/4850/3862 3996/5172/4135
f 3492/4852/3864 3493/5173/4136 3521/5174/4137 3520/4853/3865
f 3493/5173/4136 3494/4640/3701 3519/4643/3704 3521/5174/4137
f 3495/4633/3694 3496/5175/4138 3993/5176/4139 3995/4634/3695
f 3496/5175/4138 3497/4839/3851 3994/4842/3854 3993/5176/4139
f 3498/4844/3856 3499/5177/4140 3518/5178/4141 3517/4845/3857
f 3499/5177/4140 3500/4636/3697 3516/4639/3700 3518/5178/4141
f 3501/4629/3690 3502/5179/4142 3990/5180/4143 3992/4630/3691
f 3502/5179/4142 3503/4831/3843 3991/4834/3846 3990/5180/4143
f 3504/4836/3848 3505/5181/4144 3515/5182/4145 3514/4837/3849
f 3505/5181/4144 3506/4632/3693 3513/4635/3696 3515/5182/4145
f 3561/4728/3754 3562/5183/4018 4312/5184/4146 4313/4729/3788
f 3562/5183/4018 3563/4731/3757 4311/4734/3791 4312/5184/4146
f 3147/3965/3079 3148/3962/3076 3568/4151/3263 3569/4154/3266
f 3148/3962/3076 3149/3961/3075 3567/4152/3264 3568/4151/3263
f 3165/3977/3091 3166/3974/3088 3574/4157/3269 3575/4160/3272
f 3166/3974/3088 3167/3973/3087 3573/4158/3270 3574/4157/3269
f 3183/3989/3103 3184/3986/3100 3580/4163/3275 3581/4166/3278
f 3184/3986/3100 3185/3985/3099 3579/4164/3276 3580/4163/3275
f 3201/4001/3115 3202/3998/3112 3586/4169/3281 3587/4172/3284
f 3202/3998/3112 3203/3997/3111 3585/4170/3282 3586/4169/3281
f 3219/4014/3127 3220/4013/3124 3592/4180/3287 3593/4179/3290
f 3220/4010/3124 3221/4009/3123 3591/4176/3288 3592/4175/3287
f 3237/4027/3139 3238/4024/3136 3598/4183/3293 3599/4186/3296
f 3238/4024/3136 3239/4023/3135 3597/4184/3294 3598/4183/3293
f 3255/4039/3151 3256/4036/3148 3604/4189/3299 3605/4192/3302
f 3256/4036/3148 3257/4035/3147 3603/4190/3300 3604/4189/3299
f 3273/4051/3163 3274/4048/3160 3610/4195/3305 3611/4198/3308
f 3274/4048/3160 3275/4047/3159 3609/4196/3306 3610/4195/3305
f 3291/4063/3175 3292/4060/3172 3616/4201/3311 3617/4204/3314
f 3292/4060/3172 3293/4059/3171 3615/4202/3312 3616/4201/3311
f 3309/4075/3187 3310/4072/3184 3622/4207/3317 3623/4210/3320
f 3310/4072/3184 3311/4071/3183 3621/4208/3318 3622/4207/3317
f 3327/4087/3199 3328/4084/3196 3628/4213/3323 3629/4216/3326
f 3328/4084/3196 3329/4083/3195 3627/4214/3324 3628/4213/3323
f 3345/4099/3211 3346/4096/3208 3634/4219/3329 3635/4222/3332
f 3346/4096/3208 3347/4095/3207 3633/4220/3330 3634/4219/3329
f 3363/4111/3223 3364/4108/3220 3640/4225/3335 3641/4228/3338
f 3364/4108/3220 3365/4107/3219 3639/4226/3336 3640/4225/3335
f 3381/4123/3235 3382/4120/3232 3646/4231/3341 3647/4234/3344
f 3382/4120/3232 3383/4119/3231 3645/4232/3342 3646/4231/3341
f 3399/4135/3247 3400/4132/3244 3652/4237/3347 3653/4240/3350
f 3400/4132/3244 3401/4131/3243 3651/4238/3348 3652/4237/3347
f 3654/4825/3837 3655/5185/4147 3702/5186/4148 3704/4826/3838
f 3655/5185/4147 3656/4827/3839 3703/4830/3842 3702/5186/4148
f 3657/4944/3956 3658/5187/4149 3747/5188/4150 3749/4945/3957
f 3658/5187/4149 3659/4947/3959 3748/4950/3962 3747/5188/4150
f 3660/4936/3948 3661/5189/4151 3744/5190/4152 3746/4937/3949
f 3661/5189/4151 3662/4939/3951 3745/4942/3954 3744/5190/4152
f 3663/4928/3940 3664/5191/4153 3741/5192/4154 3743/4929/3941
f 3664/5191/4153 3665/4931/3943 3742/4934/3946 3741/5192/4154
f 3666/4920/3932 3667/5193/4155 3738/5194/4156 3740/4921/3933
f 3667/5193/4155 3668/4923/3935 3739/4926/3938 3738/5194/4156
f 3669/4912/3924 3670/5195/4157 3735/5196/4158 3737/4913/3925
f 3670/5197/4157 3671/4915/3927 3736/4918/3930 3735/5198/4158
f 3672/4904/3916 3673/5199/4159 3732/5200/4160 3734/4905/3917
f 3673/5199/4159 3674/4907/3919 3733/4910/3922 3732/5200/4160
f 3675/4896/3908 3676/5201/4161 3729/5202/4162 3731/4897/3909
f 3676/5201/4161 3677/4899/3911 3730/4902/3914 3729/5202/4162
f 3678/4888/3900 3679/5203/4163 3726/5204/4164 3728/4889/3901
f 3679/5203/4163 3680/4891/3903 3727/4894/3906 3726/5204/4164
f 3681/4880/3892 3682/5205/4165 3723/5206/4166 3725/4881/3893
f 3682/5205/4165 3683/4883/3895 3724/4886/3898 3723/5206/4166
f 3684/4872/3884 3685/5207/4167 3720/5208/4168 3722/4873/3885
f 3685/5207/4167 3686/4875/3887 3721/4878/3890 3720/5208/4168
f 3687/4864/3876 3688/5209/4169 3717/5210/4170 3719/4865/3877
f 3688/5209/4169 3689/4867/3879 3718/4870/3882 3717/5210/4170
f 3690/4856/3868 3691/5211/4171 3714/5212/4172 3716/4857/3869
f 3691/5211/4171 3692/4859/3871 3715/4862/3874 3714/5212/4172
f 3693/4848/3860 3694/5213/4173 3711/5214/4174 3713/4849/3861
f 3694/5213/4173 3695/4851/3863 3712/4854/3866 3711/5214/4174
f 3696/4840/3852 3697/5215/4175 3708/5216/4176 3710/4841/3853
f 3697/5215/4175 3698/4843/3855 3709/4846/3858 3708/5216/4176
f 3699/4832/3844 3700/5217/4177 3705/5218/4178 3707/4833/3845
f 3700/5217/4177 3701/4835/3847 3706/4838/3850 3705/5218/4178
f 3558/4692/3753 3559/5005/4017 3754/4243/3353 3755/4246/3356
f 3559/5005/4017 3560/4691/3752 3753/4244/3354 3754/4243/3353
f 3117/3953/3067 3118/3950/3064 3760/4249/3359 3761/4252/3362
f 3118/3950/3064 3119/3949/3063 3759/4250/3360 3760/4249/3359
f 3564/4153/3265 3565/4150/3262 3766/4255/3365 3767/4258/3368
f 3565/4150/3262 3566/4149/3261 3765/4256/3366 3766/4255/3365
f 3102/3941/3055 3103/3938/3052 3772/4261/3371 3773/4264/3374
f 3103/3938/3052 3104/3937/3051 3771/4262/3372 3772/4261/3371
f 3570/4159/3271 3571/4156/3268 3778/4267/3377 3779/4270/3380
f 3571/4156/3268 3572/4155/3267 3777/4268/3378 3778/4267/3377
f 3087/3929/3043 3088/3926/3040 3784/4273/3383 3785/4276/3386
f 3088/3926/3040 3089/3925/3039 3783/4274/3384 3784/4273/3383
f 3576/4165/3277 3577/4162/3274 3790/4279/3389 3791/4282/3392
f 3577/4162/3274 3578/4161/3273 3789/4280/3390 3790/4279/3389
f 3072/3917/3031 3073/3914/3028 3796/4285/3395 3797/4288/3398
f 3073/3914/3028 3074/3913/3027 3795/4286/3396 3796/4285/3395
f 3582/4171/3283 3583/4168/3280 3802/4291/3401 3803/4294/3404
f 3583/4168/3280 3584/4167/3279 3801/4292/3402 3802/4291/3401
f 3057/3905/3019 3058/3902/3016 3808/4297/3407 3809/4300/3410
f 3058/3902/3016 3059/3901/3015 3807/4298/3408 3808/4297/3407
f 3588/4178/3289 3589/4177/3286 3814/4308/3413 3815/4307/3416
f 3589/4174/3286 3590/4173/3285 3813/4304/3414 3814/4303/3413
f 3042/3893/3007 3043/3890/3004 3820/4311/3419 3821/4314/3422
f 3043/3890/3004 3044/3889/3003 3819/4312/3420 3820/4311/3419
f 3594/4185/3295 3595/4182/3292 3826/4317/3425 3827/4320/3428
f 3595/4182/3292 3596/4181/3291 3825/4318/3426 3826/4317/3425
f 3027/3881/2995 3028/3878/2992 3832/4323/3431 3833/4326/3434
f 3028/3878/2992 3029/3877/2991 3831/4324/3432 3832/4323/3431
f 3600/4191/3301 3601/4188/3298 3838/4329/3437 3839/4332/3440
f 3601/4188/3298 3602/4187/3297 3837/4330/3438 3838/4329/3437
f 3012/3869/2983 3013/3866/2980 3844/4335/3443 3845/4338/3446
f 3013/3866/2980 3014/3865/2979 3843/4336/3444 3844/4335/3443
f 3606/4197/3307 3607/4194/3304 3850/4341/3449 3851/4344/3452
f 3607/4194/3304 3608/4193/3303 3849/4342/3450 3850/4341/3449
f 2997/3857/2971 2998/3854/2968 3856/4347/3455 3857/4350/3458
f 2998/3854/2968 2999/3853/2967 3855/4348/3456 3856/4347/3455
f 3612/4203/3313 3613/4200/3310 3862/4353/3461 3863/4356/3464
f 3613/4200/3310 3614/4199/3309 3861/4354/3462 3862/4353/3461
f 2982/3845/2959 2983/3842/2956 3868/4359/3467 3869/4362/3470
f 2983/3842/2956 2984/3841/2955 3867/4360/3468 3868/4359/3467
f 3618/4209/3319 3619/4206/3316 3874/4365/3473 3875/4368/3476
f 3619/4206/3316 3620/4205/3315 3873/4366/3474 3874/4365/3473
f 2967/3833/2947 2968/3830/2944 3880/4371/3479 3881/4374/3482
f 2968/3830/2944 2969/3829/2943 3879/4372/3480 3880/4371/3479
f 3624/4215/3325 3625/4212/3322 3886/4377/3485 3887/4380/3488
f 3625/4212/3322 3626/4211/3321 3885/4378/3486 3886/4377/3485
f 2952/3821/2935 2953/3818/2932 3892/4383/3491 3893/4386/3494
f 2953/3818/2932 2954/3817/2931 3891/4384/3492 3892/4383/3491
f 3630/4221/3331 3631/4218/3328 3898/4389/3497 3899/4392/3500
f 3631/4218/3328 3632/4217/3327 3897/4390/3498 3898/4389/3497
f 2937/3809/2923 2938/3806/2920 3904/4395/3503 3905/4398/3506
f 2938/3806/2920 2939/3805/2919 3903/4396/3504 3904/4395/3503
f 3636/4227/3337 3637/4224/3334 3910/4401/3509 3911/4404/3512
f 3637/4224/3334 3638/4223/3333 3909/4402/3510 3910/4401/3509
f 2922/3797/2911 2923/3794/2908 3916/4407/3515 3917/4410/3518
f 2923/3794/2908 2924/3793/2907 3915/4408/3516 3916/4407/3515
f 3642/4233/3343 3643/4230/3340 3922/4413/3521 3923/4416/3524
f 3643/4230/3340 3644/4229/3339 3921/4414/3522 3922/4413/3521
f 2907/3785/2899 2908/3782/2896 3928/4419/3527 3929/4422/3530
f 2908/3782/2896 2909/3781/2895 3927/4420/3528 3928/4419/3527
f 3648/4239/3349 3649/4236/3346 3934/4425/3533 3935/4428/3536
f 3649/4236/3346 3650/4235/3345 3933/4426/3534 3934/4425/3533
f 2892/3773/2887 2893/3770/2884 3940/4431/3539 3941/4434/3542
f 2893/3770/2884 2894/3769/2883 3939/4432/3540 3940/4431/3539
f 4032/5219/4087 4033/5220/3958 4036/5221/4179 4035/5222/4180
f 4033/5220/3958 3749/5223/3957 4037/5224/4181 4036/5221/4179
f 3749/5223/3957 3747/5225/4150 4038/5226/4182 4037/5224/4181
f 3747/5225/4150 3748/5227/3962 4039/5228/4183 4038/5226/4182
f 3748/5227/3962 3556/5229/3961 4040/5230/4184 4039/5228/4183
f 3556/5229/3961 3557/5231/4089 4041/5232/4185 4040/5230/4184
f 3557/5231/4089 3555/5233/3750 4042/5234/4186 4041/5232/4185
f 3555/5233/3750 3507/5235/3258 4043/5236/4187 4042/5234/4186
f 3507/5235/3258 3508/5237/3257 4044/5238/4188 4043/5236/4187
f 3508/5237/3257 3509/5239/3260 4045/5240/4189 4044/5238/4188
f 3509/5239/3260 3704/5241/3838 4046/5242/4190 4045/5240/4189
f 3704/5241/3838 3702/5243/4148 4047/5244/4191 4046/5242/4190
f 3702/5243/4148 3703/5245/3842 4048/5246/4192 4047/5244/4191
f 3703/5245/3842 3511/5247/3841 4049/5248/4193 4048/5246/4192
f 3511/5247/3841 3512/5249/4085 4050/5250/4194 4049/5248/4193
f 3512/5249/4085 3510/5251/3692 4051/5252/4195 4050/5250/4194
f 3510/5251/3692 3992/5253/3691 4052/5254/4196 4051/5252/4195
f 3992/5253/3691 3990/5255/4143 4053/5256/4197 4052/5254/4196
f 3990/5255/4143 3991/5257/3846 4054/5258/4198 4053/5256/4197
f 3991/5257/3846 3707/5259/3845 4055/5260/4199 4054/5258/4198
f 3707/5259/3845 3705/5261/4178 4056/5262/4200 4055/5260/4199
f 3705/5261/4178 3706/5263/3850 4057/5264/4201 4056/5262/4200
f 3706/5263/3850 3514/5265/3849 4058/5266/4202 4057/5264/4201
f 3514/5265/3849 3515/5267/4145 4059/5268/4203 4058/5266/4202
f 3515/5267/4145 3513/5269/3696 4060/5270/4204 4059/5268/4203
f 3513/5269/3696 3995/5271/3695 4061/5272/4205 4060/5270/4204
f 3995/5271/3695 3993/5273/4139 4062/5274/4206 4061/5272/4205
f 3993/5273/4139 3994/5275/3854 4063/5276/4207 4062/5274/4206
f 3994/5275/3854 3710/5277/3853 4064/5278/4208 4063/5276/4207
f 3710/5277/3853 3708/5279/4176 4065/5280/4209 4064/5278/4208
f 3708/5279/4176 3709/5281/3858 4066/5282/4210 4065/5280/4209
f 3709/5281/3858 3517/5283/3857 4067/5284/4211 4066/5282/4210
f 3517/5283/3857 3518/5285/4141 4068/5286/4212 4067/5284/4211
f 3518/5285/4141 3516/5287/3700 4069/5288/4213 4068/5286/4212
f 3516/5287/3700 3998/5289/3699 4070/5290/4214 4069/5288/4213
f 3998/5289/3699 3996/5291/4135 4071/5292/4215 4070/5290/4214
f 3996/5291/4135 3997/5293/3862 4072/5294/4216 4071/5292/4215
f 3997/5293/3862 3713/5295/3861 4073/5296/4217 4072/5294/4216
f 3713/5295/3861 3711/5297/4174 4074/5298/4218 4073/5296/4217
f 3711/5297/4174 3712/5299/3866 4075/5300/4219 4074/5298/4218
f 3712/5299/3866 3520/5301/3865 4076/5302/4220 4075/5300/4219
f 3520/5301/3865 3521/5303/4137 4077/5304/4221 4076/5302/4220
f 3521/5303/4137 3519/5305/3704 4078/5306/4222 4077/5304/4221
f 3519/5305/3704 4001/5307/3703 4079/5308/4223 4078/5306/4222
f 4001/5307/3703 3999/5309/4131 4080/5310/4224 4079/5308/4223
f 3999/5309/4131 4000/5311/3870 4081/5312/4225 4080/5310/4224
f 4000/5311/3870 3716/5313/3869 4082/5314/4226 4081/5312/4225
f 3716/5313/3869 3714/5315/4172 4083/5316/4227 4082/5314/4226
f 3714/5315/4172 3715/5317/3874 4084/5318/4228 4083/5316/4227
f 3715/5317/3874 3523/5319/3873 4085/5320/4229 4084/5318/4228
f 3523/5319/3873 3524/5321/4133 4086/5322/4230 4085/5320/4229
f 3524/5321/4133 3522/5323/3708 4087/5324/4231 4086/5322/4230
f 3522/5323/3708 4004/5325/3707 4088/5326/4232 4087/5324/4231
f 4004/5325/3707 4002/5327/4127 4089/5328/4233 4088/5326/4232
f 4002/5327/4127 4003/5329/3878 4090/5330/4234 4089/5328/4233
f 4003/5329/3878 3719/5331/3877 4091/5332/4235 4090/5330/4234
f 3719/5331/3877 3717/5333/4170 4092/5334/4236 4091/5332/4235
f 3717/5333/4170 3718/5335/3882 4093/5336/4237 4092/5334/4236
f 3718/5335/3882 3526/5337/3881 4094/5338/4238 4093/5336/4237
f 3526/5337/3881 3527/5339/4129 4095/5340/4239 4094/5338/4238
f 3527/5339/4129 3525/5341/3712 4096/5342/4240 4095/5340/4239
f 3525/5341/3712 4007/5343/3711 4097/5344/4241 4096/5342/4240
f 4007/5343/3711 4005/5345/4123 4098/5346/4242 4097/5344/4241
f 4005/5345/4123 4006/5347/3886 4099/5348/4243 4098/5346/4242
f 4006/5347/3886 3722/5349/3885 4100/5350/4244 4099/5348/4243
f 3722/5349/3885 3720/5351/4168 4101/5352/4245 4100/5350/4244
f 3720/5351/4168 3721/5353/3890 4102/5354/4246 4101/5352/4245
f 3721/5353/3890 3529/5355/3889 4103/5356/4247 4102/5354/4246
f 3529/5355/3889 3530/5357/4125 4104/5358/4248 4103/5356/4247
f 3530/5357/4125 3528/5359/3716 4105/5360/4249 4104/5358/4248
f 3528/5359/3716 4010/5361/3715 4106/5362/4250 4105/5360/4249
f 4010/5361/3715 4008/5363/4119 4107/5364/4251 4106/5362/4250
f 4008/5363/4119 4009/5365/3894 4108/5366/4252 4107/5364/4251
f 4009/5365/3894 3725/5367/3893 4109/5368/4253 4108/5366/4252
f 3725/5367/3893 3723/5369/4166 4110/5370/4254 4109/5368/4253
f 3723/5369/4166 3724/5371/3898 4111/5372/4255 4110/5370/4254
f 3724/5371/3898 3532/5373/3897 4112/5374/4256 4111/5372/4255
f 3532/5373/3897 3533/5375/4121 4113/5376/4257 4112/5374/4256
f 3533/5375/4121 3531/5377/3720 4114/5378/4258 4113/5376/4257
f 3531/5377/3720 4013/5379/3719 4115/5380/4259 4114/5378/4258
f 4013/5379/3719 4011/5381/4115 4116/5382/4260 4115/5380/4259
f 4011/5381/4115 4012/5383/3902 4117/5384/4261 4116/5382/4260
f 4012/5383/3902 3728/5385/3901 4118/5386/4262 4117/5384/4261
f 3728/5385/3901 3726/5387/4164 4119/5388/4263 4118/5386/4262
f 3726/5387/4164 3727/5389/3906 4120/5390/4264 4119/5388/4263
f 3727/5389/3906 3535/5391/3905 4121/5392/4265 4120/5390/4264
f 3535/5391/3905 3536/5393/4117 4122/5394/4266 4121/5392/4265
f 3536/5393/4117 3534/5395/3724 4123/5396/4267 4122/5394/4266
f 3534/5395/3724 4016/5397/3723 4124/5398/4268 4123/5396/4267
f 4016/5397/3723 4014/5399/4111 4125/5400/4269 4124/5398/4268
f 4014/5399/4111 4015/5401/3910 4126/5402/4270 4125/5400/4269
f 4015/5401/3910 3731/5403/3909 4127/5404/4271 4126/5402/4270
f 3731/5403/3909 3729/5405/4162 4128/5406/4272 4127/5404/4271
f 3729/5405/4162 3730/5407/3914 4129/5408/4273 4128/5406/4272
f 3730/5407/3914 3538/5409/3913 4130/5410/4274 4129/5408/4273
f 3538/5409/3913 3539/5411/4113 4131/5412/4275 4130/5410/4274
f 3539/5411/4113 3537/5413/3728 4132/5414/4276 4131/5412/4275
f 3537/5413/3728 4019/5415/3727 4133/5416/4277 4132/5414/4276
f 4019/5415/3727 4017/5417/4107 4134/5418/4278 4133/5416/4277
f 4017/5417/4107 4018/5419/3918 4135/5420/4279 4134/5418/4278
f 4018/5419/3918 3734/5421/3917 4136/5422/4280 4135/5420/4279
f 3734/5421/3917 3732/5423/4160 4137/5424/4281 4136/5422/4280
f 3732/5423/4160 3733/5425/3922 4138/5426/4282 4137/5424/4281
f 3733/5425/3922 3541/5427/3921 4139/5428/4283 4138/5426/4282
f 3541/5427/3921 3542/5429/4109 4140/5430/4284 4139/5428/4283
f 3542/5429/4109 3540/5431/3732 4141/5432/4285 4140/5430/4284
f 3540/5431/3732 4022/5433/3731 4142/5434/4286 4141/5432/4285
f 4022/5433/3731 4020/5435/4103 4143/5436/4287 4142/5434/4286
f 4020/5435/4103 4021/5437/3926 4144/5438/4288 4143/5436/4287
f 4021/5437/3926 3737/5439/3925 4145/5440/4289 4144/5438/4288
f 3737/5439/3925 3735/5441/4158 4146/5442/4290 4145/5440/4289
f 3735/5441/4158 3736/5443/3930 4147/5444/4291 4146/5442/4290
f 3736/5443/3930 3544/5445/3929 4148/5446/4292 4147/5444/4291
f 3544/5445/3929 3545/5447/4105 4149/5448/4293 4148/5446/4292
f 3545/5447/4105 3543/5449/3736 4150/5450/4294 4149/5448/4293
f 3543/5449/3736 4025/5451/3735 4151/5452/4295 4150/5450/4294
f 4025/5451/3735 4023/5453/4099 4152/5454/4296 4151/5452/4295
f 4023/5453/4099 4024/5455/3934 4153/5456/4297 4152/5454/4296
f 4024/5455/3934 3740/5457/3933 4154/5458/4298 4153/5456/4297
f 3740/5457/3933 3738/5459/4156 4155/5460/4299 4154/5458/4298
f 3738/5459/4156 3739/5461/3938 4156/5462/4300 4155/5460/4299
f 3739/5461/3938 3547/5463/3937 4157/5464/4301 4156/5462/4300
f 3547/5463/3937 3548/5465/4101 4158/5466/4302 4157/5464/4301
f 3548/5465/4101 3546/5467/3740 4159/5468/4303 4158/5466/4302
f 3546/5467/3740 4028/5469/3739 4160/5470/4304 4159/5468/4303
f 4028/5469/3739 4026/5471/4095 4161/5472/4305 4160/5470/4304
f 4026/5471/4095 4027/5473/3942 4162/5474/4306 4161/5472/4305
f 4027/5473/3942 3743/5475/3941 4163/5476/4307 4162/5474/4306
f 3743/5475/3941 3741/5477/4154 4164/5478/4308 4163/5476/4307
f 3741/5477/4154 3742/5479/3946 4165/5480/4309 4164/5478/4308
f 3742/5479/3946 3550/5481/3945 4166/5482/4310 4165/5480/4309
f 3550/5481/3945 3551/5483/4097 4167/5484/4311 4166/5482/4310
f 3551/5483/4097 3549/5485/3744 4168/5486/4312 4167/5484/4311
f 3549/5485/3744 4031/5487/3743 4169/5488/4313 4168/5486/4312
f 4031/5487/3743 4029/5489/4091 4170/5490/4314 4169/5488/4313
f 4029/5489/4091 4030/5491/3950 4171/5492/4315 4170/5490/4314
f 4030/5491/3950 3746/5493/3949 4172/5494/4316 4171/5492/4315
f 3746/5493/3949 3744/5495/4152 4173/5496/4317 4172/5494/4316
f 3744/5495/4152 3745/5497/3954 4174/5498/4318 4173/5496/4317
f 3745/5497/3954 3553/5499/3953 4175/5500/4319 4174/5498/4318
f 3553/5499/3953 3554/5501/4093 4176/5502/4320 4175/5500/4319
f 3554/5501/4093 3552/5503/3748 4177/5504/4321 4176/5502/4320
f 3552/5503/3748 4034/5505/3747 4178/5506/4322 4177/5504/4321
f 4034/5505/3747 4032/5219/4087 4035/5222/4180 4178/5506/4322
f 4035/5222/4180 4036/5221/4179 4179/5507/4323
f 4036/5221/4179 4037/5224/4181 4179/5507/4323
f 4037/5224/4181 4038/5226/4182 4179/5507/4323
f 4038/5226/4182 4039/5228/4183 4179/5507/4323
f 4039/5228/4183 4040/5230/4184 4179/5507/4323
f 4040/5230/4184 4041/5232/4185 4179/5507/4323
f 4041/5232/4185 4042/5234/4186 4179/5507/4323
f 4042/5234/4186 4043/5236/4187 4179/5507/4323
f 4043/5236/4187 4044/5238/4188 4179/5507/4323
f 4044/5238/4188 4045/5240/4189 4179/5507/4323
f 4045/5240/4189 4046/5242/4190 4179/5507/4323
f 4046/5242/4190 4047/5244/4191 4179/5507/4323
f 4047/5244/4191 4048/5246/4192 4179/5507/4323
f 4048/5246/4192 4049/5248/4193 4179/5507/4323
f 4049/5248/4193 4050/5250/4194 4179/5507/4323
f 4050/5250/4194 4051/5252/4195 4179/5507/4323
f 4051/5252/4195 4052/5254/4196 4179/5507/4323
f 4052/5254/4196 4053/5256/4197 4179/5507/4323
f 4053/5256/4197 4054/5258/4198 4179/5507/4323
f 4054/5258/4198 4055/5260/4199 4179/5507/4323
f 4055/5260/4199 4056/5262/4200 4179/5507/4323
f 4056/5262/4200 4057/5264/4201 4179/5507/4323
f 4057/5264/4201 4058/5266/4202 4179/5507/4323
f 4058/5266/4202 4059/5268/4203 4179/5507/4323
f 4059/5268/4203 4060/5270/4204 4179/5507/4323
f 4060/5270/4204 4061/5272/4205 4179/5507/4323
f 4061/5272/4205 4062/5274/4206 4179/5507/4323
f 4062/5274/4206 4063/5276/4207 4179/5507/4323
f 4063/5276/4207 4064/5278/4208 4179/5507/4323
f 4064/5278/4208 4065/5280/4209 4179/5507/4323
f 4065/5280/4209 4066/5282/4210 4179/5507/4323
f 4066/5282/4210 4067/5284/4211 4179/5507/4323
f 4067/5284/4211 4068/5286/4212 4179/5507/4323
f 4068/5286/4212 4069/5288/4213 4179/5507/4323
f 4069/5288/4213 4070/5290/4214 4179/5507/4323
f 4070/5290/4214 4071/5292/4215 4179/5507/4323
f 4071/5292/4215 4072/5294/4216 4179/5507/4323
f 4072/5294/4216 4073/5296/4217 4179/5507/4323
f 4073/5296/4217 4074/5298/4218 4179/5507/4323
f 4074/5298/4218 4075/5300/4219 4179/5507/4323
f 4075/5300/4219 4076/5302/4220 4179/5507/4323
f 4076/5302/4220 4077/5304/4221 4179/5507/4323
f 4077/5304/4221 4078/5306/4222 4179/5507/4323
f 4078/5306/4222 4079/5308/4223 4179/5507/4323
f 4079/5308/4223 4080/5310/4224 4179/5507/4323
f 4080/5310/4224 4081/5312/4225 4179/5507/4323
f 4081/5312/4225 4082/5314/4226 4179/5507/4323
f 4082/5314/4226 4083/5316/4227 4179/5507/4323
f 4083/5316/4227 4084/5318/4228 4179/5507/4323
f 4084/5318/4228 4085/5320/4229 4179/5507/4323
f 4085/5320/4229 4086/5322/4230 4179/5507/4323
f 4086/5322/4230 4087/5324/4231 4179/5507/4323
f 4087/5324/4231 4088/5326/4232 4179/5507/4323
f 4088/5326/4232 4089/5328/4233 4179/5507/4323
f 4089/5328/4233 4090/5330/4234 4179/5507/4323
f 4090/5330/4234 4091/5332/4235 4179/5507/4323
f 4091/5332/4235 4092/5334/4236 4179/5507/4323
f 4092/5334/4236 4093/5336/4237 4179/5507/4323
f 4093/5336/4237 4094/5338/4238 4179/5507/4323
f 4094/5338/4238 4095/5340/4239 4179/5507/4323
f 4095/5340/4239 4096/5342/4240 4179/5507/4323
f 4096/5342/4240 4097/5344/4241 4179/5507/4323
f 4097/5344/4241 4098/5346/4242 4179/5507/4323
f 4098/5346/4242 4099/5348/4243 4179/5507/4323
f 4099/5348/4243 4100/5350/4244 4179/5507/4323
f 4100/5350/4244 4101/5352/4245 4179/5507/4323
f 4101/5352/4245 4102/5354/4246 4179/5507/4323
f 4102/5354/4246 4103/5356/4247 4179/5507/4323
f 4103/5356/4247 4104/5358/4248 4179/5507/4323
f 4104/5358/4248 4105/5360/4249 4179/5507/4323
f 4105/5360/4249 4106/5362/4250 4179/5507/4323
f 4106/5362/4250 4107/5364/4251 4179/5507/4323
f 4107/5364/4251 4108/5366/4252 4179/5507/4323
f 4108/5366/4252 4109/5368/4253 4179/5507/4323
f 4109/5368/4253 4110/5370/4254 4179/5507/4323
f 4110/5370/4254 4111/5372/4255 4179/5507/4323
f 4111/5372/4255 4112/5374/4256 4179/5507/4323
f 4112/5374/4256 4113/5376/4257 4179/5507/4323
f 4113/5376/4257 4114/5378/4258 4179/5507/4323
f 4114/5378/4258 4115/5380/4259 4179/5507/4323
f 4115/5380/4259 4116/5382/4260 4179/5507/4323
f 4116/5382/4260 4117/5384/4261 4179/5507/4323
f 4117/5384/4261 4118/5386/4262 4179/5507/4323
f 4118/5386/4262 4119/5388/4263 4179/5507/4323
f 4119/5388/4263 4120/5390/4264 4179/5507/4323
f 4120/5390/4264 4121/5392/4265 4179/5507/4323
f 4121/5392/4265 4122/5394/4266 4179/5507/4323
f 4122/5394/4266 4123/5396/4267 4179/5507/4323
f 4123/5396/4267 4124/5398/4268 4179/5507/4323
f 4124/5398/4268 4125/5400/4269 4179/5507/4323
f 4125/5400/4269 4126/5402/4270 4179/5507/4323
f 4126/5402/4270 4127/5404/4271 4179/5507/4323
f 4127/5404/4271 4128/5406/4272 4179/5507/4323
f 4128/5406/4272 4129/5408/4273 4179/5507/4323
f 4129/5408/4273 4130/5410/4274 4179/5507/4323
f 4130/5410/4274 4131/5412/4275 4179/5507/4323
f 4131/5412/4275 4132/5414/4276 4179/5507/4323
f 4132/5414/4276 4133/5416/4277 4179/5507/4323
f 4133/5416/4277 4134/5418/4278 4179/5507/4323
f 4134/5418/4278 4135/5420/4279 4179/5507/4323
f 4135/5420/4279 4136/5422/4280 4179/5507/4323
f 4136/5422/4280 4137/5424/4281 4179/5507/4323
f 4137/5424/4281 4138/5426/4282 4179/5507/4323
f 4138/5426/4282 4139/5428/4283 4179/5507/4323
f 4139/5428/4283 4140/5430/4284 4179/5507/4323
f 4140/5430/4284 4141/5432/4285 4179/5507/4323
f 4141/5432/4285 4142/5434/4286 4179/5507/4323
f 4142/5434/4286 4143/5436/4287 4179/5507/4323
f 4143/5436/4287 4144/5438/4288 4179/5507/4323
f 4144/5438/4288 4145/5440/4289 4179/5507/4323
f 4145/5440/4289 4146/5442/4290 4179/5507/4323
f 4146/5442/4290 4147/5444/4291 4179/5507/4323
f 4147/5444/4291 4148/5446/4292 4179/5507/4323
f 4148/5446/4292 4149/5448/4293 4179/5507/4323
f 4149/5448/4293 4150/5450/4294 4179/5507/4323
f 4150/5450/4294 4151/5452/4295 4179/5507/4323
f 4151/5452/4295 4152/5454/4296 4179/5507/4323
f 4152/5454/4296 4153/5456/4297 4179/5507/4323
f 4153/5456/4297 4154/5458/4298 4179/5507/4323
f 4154/5458/4298 4155/5460/4299 4179/5507/4323
f 4155/5460/4299 4156/5462/4300 4179/5507/4323
f 4156/5462/4300 4157/5464/4301 4179/5507/4323
f 4157/5464/4301 4158/5466/4302 4179/5507/4323
f 4158/5466/4302 4159/5468/4303 4179/5507/4323
f 4159/5468/4303 4160/5470/4304 4179/5507/4323
f 4160/5470/4304 4161/5472/4305 4179/5507/4323
f 4161/5472/4305 4162/5474/4306 4179/5507/4323
f 4162/5474/4306 4163/5476/4307 4179/5507/4323
f 4163/5476/4307 4164/5478/4308 4179/5507/4323
f 4164/5478/4308 4165/5480/4309 4179/5507/4323
f 4165/5480/4309 4166/5482/4310 4179/5507/4323
f 4166/5482/4310 4167/5484/4311 4179/5507/4323
f 4167/5484/4311 4168/5486/4312 4179/5507/4323
f 4168/5486/4312 4169/5488/4313 4179/5507/4323
f 4169/5488/4313 4170/5490/4314 4179/5507/4323
f 4170/5490/4314 4171/5492/4315 4179/5507/4323
f 4171/5492/4315 4172/5494/4316 4179/5507/4323
f 4172/5494/4316 4173/5496/4317 4179/5507/4323
f 4173/5496/4317 4174/5498/4318 4179/5507/4323
f 4174/5498/4318 4175/5500/4319 4179/5507/4323
f 4175/5500/4319 4176/5502/4320 4179/5507/4323
f 4176/5502/4320 4177/5504/4321 4179/5507/4323
f 4177/5504/4321 4178/5506/4322 4179/5507/4323
f 4178/5506/4322 4035/5222/4180 4179/5507/4323
f 4181/3970/3084 4180/3969/3083 3418/5508/4086 3417/5509/3746
f 4182/4623/3686 4181/3970/3084 3417/5509/3746 3428/5510/3745
f 4183/5025/4030 4182/4623/3686 3428/5510/3745 3427/5511/4092
f 4184/4745/3796 4183/5025/4030 3427/5511/4092 3426/5512/3952
f 4185/4746/3797 4184/4745/3796 3426/5512/3952 3662/5513/3951
f 4186/5022/4029 4185/4746/3797 3662/5513/3951 3661/5514/4151
f 4187/4742/3795 4186/5022/4029 3661/5514/4151 3660/5515/3948
f 4188/3984/3098 4187/4742/3795 3660/5515/3948 3425/5516/3947
f 4189/3981/3095 4188/3984/3098 3425/5516/3947 3424/5517/4090
f 4190/3982/3096 4189/3981/3095 3424/5517/4090 3423/5518/3742
f 4191/4621/3685 4190/3982/3096 3423/5518/3742 3434/5519/3741
f 4192/5032/4034 4191/4621/3685 3434/5519/3741 3433/5520/4096
f 4193/4751/3799 4192/5032/4034 3433/5520/4096 3432/5521/3944
f 4194/4752/3800 4193/4751/3799 3432/5521/3944 3665/5522/3943
f 4195/5029/4033 4194/4752/3800 3665/5522/3943 3664/5523/4153
f 4196/4748/3798 4195/5029/4033 3664/5523/4153 3663/5524/3940
f 4197/3996/3110 4196/4748/3798 3663/5524/3940 3431/5525/3939
f 4198/3993/3107 4197/3996/3110 3431/5525/3939 3430/5526/4094
f 4199/3994/3108 4198/3993/3107 3430/5526/4094 3429/5527/3738
f 4200/4619/3684 4199/3994/3108 3429/5527/3738 3440/5528/3737
f 4201/5039/4038 4200/4619/3684 3440/5528/3737 3439/5529/4100
f 4202/4757/3802 4201/5039/4038 3439/5529/4100 3438/5530/3936
f 4203/4758/3803 4202/4757/3802 3438/5530/3936 3668/5531/3935
f 4204/5036/4037 4203/4758/3803 3668/5531/3935 3667/5532/4155
f 4205/4754/3801 4204/5036/4037 3667/5532/4155 3666/5533/3932
f 4206/4008/3122 4205/4754/3801 3666/5533/3932 3437/5534/3931
f 4207/4005/3119 4206/4008/3122 3437/5534/3931 3436/5535/4098
f 4208/4006/3120 4207/4005/3119 3436/5535/4098 3435/5536/3734
f 4209/4617/3683 4208/4006/3120 3435/5536/3734 3446/5537/3733
f 4210/5048/4042 4209/4617/3683 3446/5537/3733 3445/5538/4104
f 4211/4763/3805 4210/5048/4042 3445/5538/4104 3444/5539/3928
f 4212/4764/3806 4211/4763/3805 3444/5539/3928 3671/5540/3927
f 4213/5045/4041 4212/4764/3806 3671/5540/3927 3670/5541/4157
f 4214/4760/3804 4213/5043/4041 3670/5542/4157 3669/5543/3924
f 4215/4022/3134 4214/4760/3804 3669/5543/3924 3443/5544/3923
f 4216/4019/3131 4215/4022/3134 3443/5544/3923 3442/5545/4102
f 4217/4020/3132 4216/4019/3131 3442/5545/4102 3441/5546/3730
f 4218/4615/3682 4217/4020/3132 3441/5546/3730 3452/5547/3729
f 4219/5055/4046 4218/4615/3682 3452/5547/3729 3451/5548/4108
f 4220/4769/3808 4219/5055/4046 3451/5548/4108 3450/5549/3920
f 4221/4770/3809 4220/4769/3808 3450/5549/3920 3674/5550/3919
f 4222/5052/4045 4221/4770/3809 3674/5550/3919 3673/5551/4159
f 4223/4766/3807 4222/5052/4045 3673/5551/4159 3672/5552/3916
f 4224/4034/3146 4223/4766/3807 3672/5552/3916 3449/5553/3915
f 4225/4031/3143 4224/4034/3146 3449/5553/3915 3448/5554/4106
f 4226/4032/3144 4225/4031/3143 3448/5554/4106 3447/5555/3726
f 4227/4613/3681 4226/4032/3144 3447/5555/3726 3458/5556/3725
f 4228/5062/4050 4227/4613/3681 3458/5556/3725 3457/5557/4112
f 4229/4775/3811 4228/5062/4050 3457/5557/4112 3456/5558/3912
f 4230/4776/3812 4229/4775/3811 3456/5558/3912 3677/5559/3911
f 4231/5059/4049 4230/4776/3812 3677/5559/3911 3676/5560/4161
f 4232/4772/3810 4231/5059/4049 3676/5560/4161 3675/5561/3908
f 4233/4046/3158 4232/4772/3810 3675/5561/3908 3455/5562/3907
f 4234/4043/3155 4233/4046/3158 3455/5562/3907 3454/5563/4110
f 4235/4044/3156 4234/4043/3155 3454/5563/4110 3453/5564/3722
f 4236/4611/3680 4235/4044/3156 3453/5564/3722 3464/5565/3721
f 4237/5069/4054 4236/4611/3680 3464/5565/3721 3463/5566/4116
f 4238/4781/3814 4237/5069/4054 3463/5566/4116 3462/5567/3904
f 4239/4782/3815 4238/4781/3814 3462/5567/3904 3680/5568/3903
f 4240/5066/4053 4239/4782/3815 3680/5568/3903 3679/5569/4163
f 4241/4778/3813 4240/5066/4053 3679/5569/4163 3678/5570/3900
f 4242/4058/3170 4241/4778/3813 3678/5570/3900 3461/5571/3899
f 4243/4055/3167 4242/4058/3170 3461/5571/3899 3460/5572/4114
f 4244/4056/3168 4243/4055/3167 3460/5572/4114 3459/5573/3718
f 4245/4609/3679 4244/4056/3168 3459/5573/3718 3470/5574/3717
f 4246/5076/4058 4245/4609/3679 3470/5574/3717 3469/5575/4120
f 4247/4787/3817 4246/5076/4058 3469/5575/4120 3468/5576/3896
f 4248/4788/3818 4247/4787/3817 3468/5576/3896 3683/5577/3895
f 4249/5073/4057 4248/4788/3818 3683/5577/3895 3682/5578/4165
f 4250/4784/3816 4249/5073/4057 3682/5578/4165 3681/5579/3892
f 4251/4070/3182 4250/4784/3816 3681/5579/3892 3467/5580/3891
f 4252/4067/3179 4251/4070/3182 3467/5580/3891 3466/5581/4118
f 4253/4068/3180 4252/4067/3179 3466/5581/4118 3465/5582/3714
f 4254/4607/3678 4253/4068/3180 3465/5582/3714 3476/5583/3713
f 4255/5083/4062 4254/4607/3678 3476/5583/3713 3475/5584/4124
f 4256/4793/3820 4255/5083/4062 3475/5584/4124 3474/5585/3888
f 4257/4794/3821 4256/4793/3820 3474/5585/3888 3686/5586/3887
f 4258/5080/4061 4257/4794/3821 3686/5586/3887 3685/5587/4167
f 4259/4790/3819 4258/5080/4061 3685/5587/4167 3684/5588/3884
f 4260/4082/3194 4259/4790/3819 3684/5588/3884 3473/5589/3883
f 4261/4079/3191 4260/4082/3194 3473/5589/3883 3472/5590/4122
f 4262/4080/3192 4261/4079/3191 3472/5590/4122 3471/5591/3710
f 4263/4605/3677 4262/4080/3192 3471/5591/3710 3482/5592/3709
f 4264/5090/4066 4263/4605/3677 3482/5592/3709 3481/5593/4128
f 4265/4799/3823 4264/5090/4066 3481/5593/4128 3480/5594/3880
f 4266/4800/3824 4265/4799/3823 3480/5594/3880 3689/5595/3879
f 4267/5087/4065 4266/4800/3824 3689/5595/3879 3688/5596/4169
f 4268/4796/3822 4267/5087/4065 3688/5596/4169 3687/5597/3876
f 4269/4094/3206 4268/4796/3822 3687/5597/3876 3479/5598/3875
f 4270/4091/3203 4269/4094/3206 3479/5598/3875 3478/5599/4126
f 4271/4092/3204 4270/4091/3203 3478/5599/4126 3477/5600/3706
f 4272/4603/3676 4271/4092/3204 3477/5600/3706 3488/5601/3705
f 4273/5097/4070 4272/4603/3676 3488/5601/3705 3487/5602/4132
f 4274/4805/3826 4273/5097/4070 3487/5602/4132 3486/5603/3872
f 4275/4806/3827 4274/4805/3826 3486/5603/3872 3692/5604/3871
f 4276/5094/4069 4275/4806/3827 3692/5604/3871 3691/5605/4171
f 4277/4802/3825 4276/5094/4069 3691/5605/4171 3690/5606/3868
f 4278/4106/3218 4277/4802/3825 3690/5606/3868 3485/5607/3867
f 4279/4103/3215 4278/4106/3218 3485/5607/3867 3484/5608/4130
f 4280/4104/3216 4279/4103/3215 3484/5608/4130 3483/5609/3702
f 4281/4601/3675 4280/4104/3216 3483/5609/3702 3494/5610/3701
f 4282/5104/4074 4281/4601/3675 3494/5610/3701 3493/5611/4136
f 4283/4811/3829 4282/5104/4074 3493/5611/4136 3492/5612/3864
f 4284/4812/3830 4283/4811/3829 3492/5612/3864 3695/5613/3863
f 4285/5101/4073 4284/4812/3830 3695/5613/3863 3694/5614/4173
f 4286/4808/3828 4285/5101/4073 3694/5614/4173 3693/5615/3860
f 4287/4118/3230 4286/4808/3828 3693/5615/3860 3491/5616/3859
f 4288/4115/3227 4287/4118/3230 3491/5616/3859 3490/5617/4134
f 4289/4116/3228 4288/4115/3227 3490/5617/4134 3489/5618/3698
f 4290/4599/3674 4289/4116/3228 3489/5618/3698 3500/5619/3697
f 4291/5111/4078 4290/4599/3674 3500/5619/3697 3499/5620/4140
f 4292/4817/3832 4291/5111/4078 3499/5620/4140 3498/5621/3856
f 4293/4818/3833 4292/4817/3832 3498/5621/3856 3698/5622/3855
f 4294/5108/4077 4293/4818/3833 3698/5622/3855 3697/5623/4175
f 4295/4814/3831 4294/5108/4077 3697/5623/4175 3696/5624/3852
f 4296/4130/3242 4295/4814/3831 3696/5624/3852 3497/5625/3851
f 4297/4127/3239 4296/4130/3242 3497/5625/3851 3496/5626/4138
f 4298/4128/3240 4297/4127/3239 3496/5626/4138 3495/5627/3694
f 4299/4597/3673 4298/4128/3240 3495/5627/3694 3506/5628/3693
f 4300/5118/4082 4299/4597/3673 3506/5628/3693 3505/5629/4144
f 4301/4823/3835 4300/5118/4082 3505/5629/4144 3504/5630/3848
f 4302/4824/3836 4301/4823/3835 3504/5630/3848 3701/5631/3847
f 4303/5115/4081 4302/4824/3836 3701/5631/3847 3700/5632/4177
f 4304/4820/3834 4303/5115/4081 3700/5632/4177 3699/5633/3844
f 4305/4142/3254 4304/4820/3834 3699/5633/3844 3503/5634/3843
f 4306/4139/3251 4305/4142/3254 3503/5634/3843 3502/5635/4142
f 4307/4140/3252 4306/4139/3251 3502/5635/4142 3501/5636/3690
f 4308/4595/3672 4307/4140/3252 3501/5636/3690 3416/5637/3689
f 4309/5011/4022 4308/4595/3672 3416/5637/3689 3415/5638/4084
f 4310/4733/3790 4309/5011/4022 3415/5638/4084 3414/5639/3840
f 4311/4734/3791 4310/4733/3790 3414/5639/3840 3656/5640/3839
f 4312/5184/4146 4311/4734/3791 3656/5640/3839 3655/5641/4147
f 4313/4729/3788 4312/5184/4146 3655/5641/4147 3654/5642/3837
f 4314/4730/3789 4313/4729/3788 3654/5642/3837 3411/5643/3259
f 4315/5120/4083 4314/4730/3789 3411/5643/3259 3412/5644/3256
f 4316/4626/3687 4315/5120/4083 3412/5644/3256 3413/5645/3255
f 4317/4627/3688 4316/4626/3687 3413/5645/3255 3422/5646/3749
f 4318/5018/4026 4317/4627/3688 3422/5646/3749 3421/5647/4088
f 4319/4739/3793 4318/5018/4026 3421/5647/4088 3420/5648/3960
f 4320/4740/3794 4319/4739/3793 3420/5648/3960 3659/5649/3959
f 4321/5015/4025 4320/4740/3794 3659/5649/3959 3658/5650/4149
f 4322/4736/3792 4321/5015/4025 3658/5650/4149 3657/5651/3956
f 4323/3972/3086 4322/4736/3792 3657/5651/3956 3419/5652/3955
f 4180/3969/3083 4323/3972/3086 3419/5652/3955 3418/5508/4086
