# This file uses centimeters as units for non-parametric coordinates.

mtllib OBJ_Changteng_01.mtl
g default
v -15.891321 0.625795 -1.155134
v -15.881260 1.085640 -1.339600
v -15.869699 1.539769 -1.140748
v -15.849454 1.720576 -0.671650
v -15.856214 1.518831 -0.212730
v -15.866658 1.056838 -0.032183
v -15.874990 0.607691 -0.233472
v -15.892480 0.428037 -0.697814
v -14.967481 1.076052 -1.504069
v -14.955379 1.573029 -1.487282
v -14.947082 1.912373 -1.115447
v -14.947427 1.890842 -0.607676
v -14.982885 1.519613 -0.267087
v -15.007518 1.020216 -0.290375
v -15.005857 0.687155 -0.661420
v -14.999454 0.708007 -1.164117
v -13.956806 1.659883 -1.539855
v -13.999907 2.110464 -1.326792
v -14.036565 2.275855 -0.850535
v -14.043900 2.055833 -0.393625
v -14.054985 1.578994 -0.229227
v -14.027844 1.127594 -0.448438
v -13.985214 0.965827 -0.922056
v -13.958118 1.185547 -1.373806
v -13.112043 2.365125 -1.238922
v -13.234659 2.679432 -0.875977
v -13.283691 2.639345 -0.380875
v -13.226084 2.268328 -0.046675
v -13.130379 1.783877 -0.071696
v -13.015878 1.470547 -0.436426
v -12.959345 1.511436 -0.928151
v -12.993175 1.882768 -1.258773
v -12.492708 3.093139 -0.638272
v -12.627975 3.211291 -0.192232
v -12.597794 2.987765 0.244430
v -12.432899 2.556323 0.410213
v -12.249281 2.168496 0.210246
v -12.122233 2.050724 -0.235943
v -12.134506 2.273116 -0.668235
v -12.285226 2.704935 -0.834087
v -11.821928 3.688959 0.184453
v -11.884837 3.614529 0.640720
v -11.785297 3.265867 0.941731
v -11.574558 2.847948 0.913308
v -11.371003 2.606571 0.573093
v -11.308178 2.680247 0.119445
v -11.408811 3.027504 -0.181847
v -11.622561 3.444948 -0.155554
v -10.896946 4.042691 1.125914
v -10.912247 3.797196 1.497197
v -10.785888 3.380518 1.606934
v -10.593222 3.037194 1.390449
v -10.439732 2.969758 0.975411
v -10.423544 3.216239 0.605509
v -10.554262 3.631043 0.495732
v -10.750131 3.973435 0.710817
v -9.764310 3.950988 1.994820
v -9.789603 3.585536 2.198430
v -9.702040 3.186666 2.097218
v -9.554445 2.988759 1.750470
v -9.427644 3.108351 1.362241
v -9.401074 3.474156 1.160345
v -9.490422 3.871380 1.261401
v -9.638773 4.069018 1.607132
v -8.738272 3.375775 2.584936
v -8.812326 2.994194 2.583837
v -8.751853 2.712967 2.318148
v -8.593717 2.697706 1.943858
v -8.429412 2.956970 1.681027
v -8.354466 3.338245 1.683445
v -8.412192 3.618351 1.949200
v -8.572349 3.633869 2.321938
v -8.009409 2.532782 2.806911
v -8.100203 2.240393 2.624205
v -7.997936 2.122269 2.283778
v -7.764028 2.248427 1.985888
v -7.534030 2.544176 1.905640
v -7.441068 2.835737 2.089678
v -7.541788 2.952636 2.429316
v -7.777485 2.827333 2.725957
v -7.480829 1.653925 2.703572
v -7.498064 1.487313 2.411693
v -7.296970 1.506560 2.094948
v -6.995749 1.700455 1.940091
v -6.768054 1.954309 2.037742
v -6.747160 2.119177 2.330352
v -6.947554 2.099201 2.645815
v -7.252438 1.907026 2.799976
v -6.870414 0.826623 2.401346
v -6.769125 0.781102 2.084523
v -6.487686 0.900974 1.865865
v -6.189809 1.115142 1.874152
v -6.047944 1.297232 2.104035
v -6.145871 1.340675 2.420635
v -6.428226 1.221076 2.638111
v -6.729142 1.008821 2.630023
v -6.015942 0.090473 2.024460
v -5.820004 0.164842 1.759439
v -5.525893 0.357773 1.681280
v -5.306063 0.556084 1.836196
v -5.288360 0.643101 2.133000
v -5.484023 0.568191 2.397740
v -5.778117 0.375437 2.475409
v -5.998524 0.177706 2.320840
v -4.988708 -0.408096 1.679840
v -4.754446 -0.233182 1.521146
v -4.507386 -0.017583 1.590189
v -4.392254 0.112405 1.846524
v -4.476491 0.080637 2.139994
v -4.710753 -0.094278 2.298688
v -4.957812 -0.309876 2.229645
v -5.072945 -0.439864 1.973310
v -3.938476 -0.670221 1.418883
v -3.691885 -0.456980 1.401563
v -3.501994 -0.297714 1.601097
v -3.480038 -0.285720 1.900599
v -3.638881 -0.428025 2.124625
v -3.885473 -0.641266 2.141944
v -4.075364 -0.800531 1.942411
v -4.097318 -0.812525 1.642909
v -2.880625 -0.878448 1.303331
v -2.638169 -0.704809 1.430219
v -2.518707 -0.655844 1.713325
v -2.592217 -0.760236 1.986808
v -2.815641 -0.956834 2.090466
v -3.058097 -1.130472 1.963578
v -3.177559 -1.179437 1.680472
v -3.104048 -1.075045 1.406989
v -1.862510 -1.140071 1.346357
v -1.668031 -1.051298 1.588270
v -1.636114 -1.129273 1.889138
v -1.785453 -1.328319 2.072717
v -2.028569 -1.531839 2.031469
v -2.223047 -1.620612 1.789556
v -2.254966 -1.542637 1.488688
v -2.105626 -1.343590 1.305109
v -0.992651 -1.363562 1.502978
v -0.857743 -1.403400 1.799568
v -0.877532 -1.624571 2.035775
v -1.040428 -1.897516 2.073231
v -1.251007 -2.062348 1.889996
v -1.385916 -2.022511 1.593405
v -1.366126 -1.801340 1.357199
v -1.203231 -1.528394 1.319743
v -0.263051 -1.574766 1.689320
v -0.139189 -1.776153 1.935629
v -0.146857 -2.112804 2.011241
v -0.281562 -2.387512 1.871865
v -0.464396 -2.439358 1.599144
v -0.588258 -2.237971 1.352835
v -0.580590 -1.901321 1.277223
v -0.445885 -1.626612 1.416599
v 0.535101 -1.850966 1.668861
v 0.667736 -2.167726 1.768102
v 0.659667 -2.515901 1.652624
v 0.515621 -2.691533 1.390074
v 0.319979 -2.591740 1.134248
v 0.187344 -2.274979 1.035008
v 0.196133 -1.926853 1.150901
v 0.339459 -1.751173 1.413036
v 1.435211 -2.145417 1.310423
v 1.524552 -2.505291 1.253420
v 1.453789 -2.781428 1.009733
v 1.264158 -2.811559 0.721963
v 1.068072 -2.578436 0.559062
v 0.979288 -2.218402 0.616781
v 1.050136 -1.942865 0.861058
v 1.238924 -1.912875 1.148141
v 2.258415 -2.411643 0.703928
v 2.268494 -2.749917 0.509841
v 2.116321 -2.900471 0.203211
v 1.892283 -2.773292 -0.037236
v 1.729604 -2.443422 -0.068472
v 1.720767 -2.104281 0.128810
v 1.868969 -1.954827 0.436575
v 2.091605 -2.082440 0.673469
v 2.927217 -2.603723 -0.092136
v 2.843133 -2.859514 -0.385941
v 2.622959 -2.852174 -0.694129
v 2.403028 -2.585804 -0.835311
v 2.313040 -2.217924 -0.722283
v 2.396585 -1.962840 -0.421571
v 2.605428 -1.970271 -0.113698
v 2.826956 -2.236768 0.020318
v 3.429239 -2.663764 -1.016741
v 3.261315 -2.785669 -1.365079
v 3.012562 -2.615104 -1.620721
v 2.843120 -2.254703 -1.629588
v 2.846335 -1.916802 -1.381050
v 3.010017 -1.798677 -1.024523
v 3.242129 -1.967873 -0.774168
v 3.420990 -2.327392 -0.774043
v 3.827476 -2.509298 -2.018237
v 3.607846 -2.463562 -2.371937
v 3.383110 -2.156240 -2.525522
v 3.287254 -1.767580 -2.379744
v 3.375626 -1.532004 -2.018790
v 3.584620 -1.583086 -1.658940
v 3.794495 -1.888720 -1.517994
v 3.895359 -2.267985 -1.668879
v 4.214210 -2.045616 -2.994200
v 3.986235 -1.833261 -3.290165
v 3.816403 -1.452785 -3.296954
v 3.795825 -1.122841 -2.997800
v 3.937742 -1.046533 -2.571602
v 4.147310 -1.261469 -2.274197
v 4.307756 -1.637890 -2.283220
v 4.343612 -1.960763 -2.581257
v 4.641029 -1.254284 -3.781606
v 4.438300 -0.931013 -3.955975
v 4.326794 -0.558711 -3.796679
v 4.368132 -0.359101 -3.387612
v 4.538880 -0.456678 -2.974569
v 4.727686 -0.785597 -2.805176
v 4.830620 -1.146653 -2.977838
v 4.813766 -1.347342 -3.380060
v 5.090286 -0.272609 -4.260171
v 4.928466 0.094465 -4.276035
v 4.884789 0.386886 -3.977794
v 4.982233 0.427549 -3.534007
v 5.166434 0.186649 -3.211939
v 5.316405 -0.184269 -3.204316
v 5.361038 -0.466527 -3.511001
v 5.274571 -0.505431 -3.945940
v 5.699380 0.799962 -4.376017
v 5.594996 1.143889 -4.234496
v 5.599956 1.295756 -3.852687
v 5.708493 1.161489 -3.450670
v 5.861657 0.815150 -3.270920
v 5.952810 0.472386 -3.420463
v 5.953396 0.327888 -3.806297
v 5.848649 0.464247 -4.199817
v 6.740064 1.748778 -3.903557
v 6.647770 1.983903 -3.650119
v 6.594763 1.944498 -3.287053
v 6.609135 1.649809 -3.025530
v 6.691749 1.267450 -3.024827
v 6.769197 1.038038 -3.284134
v 6.829064 1.081051 -3.648895
v 6.816787 1.375782 -3.903775
v 7.746586 1.859525 -2.707705
v 7.564054 1.963387 -2.473146
v 7.394614 1.810788 -2.276978
v 7.342101 1.485772 -2.234452
v 7.432525 1.180627 -2.373574
v 7.601885 1.083377 -2.611475
v 7.775435 1.238108 -2.808074
v 7.835089 1.559942 -2.846656
v 8.032468 1.454021 -1.618966
v 7.803919 1.451205 -1.465398
v 7.654867 1.245098 -1.411500
v 7.690447 0.946622 -1.490300
v 7.857323 0.745444 -1.655628
v 8.072478 0.755560 -1.810305
v 8.224456 0.961869 -1.864290
v 8.207388 1.251675 -1.784204
v 8.041769 0.840707 -0.727661
v 7.830723 0.748291 -0.670544
v 7.775372 0.515831 -0.719238
v 7.909895 0.279375 -0.845710
v 8.133103 0.184939 -0.974571
v 8.331465 0.284413 -1.031070
v 8.396114 0.512207 -0.983778
v 8.276879 0.742777 -0.857116
v 7.998202 0.065460 -0.020671
v 7.857200 -0.085847 -0.055217
v 7.922118 -0.306474 -0.165078
v 8.126328 -0.453102 -0.284046
v 8.353939 -0.444145 -0.343007
v 8.474692 -0.283358 -0.309245
v 8.434447 -0.074944 -0.202866
v 8.238238 0.070046 -0.081406
v 8.040711 -0.797535 0.501938
v 8.010595 -0.974167 0.400973
v 8.160682 -1.135680 0.274952
v 8.393299 -1.185863 0.199406
v 8.571118 -1.093728 0.216420
v 8.595823 -0.915053 0.315866
v 8.462383 -0.760318 0.438756
v 8.234294 -0.711686 0.517815
v 8.292657 -1.727543 0.910565
v 8.369493 -1.882684 0.775425
v 8.570963 -1.956690 0.667981
v 8.778288 -1.907282 0.650610
v 8.871964 -1.763327 0.732342
v 8.797001 -1.608103 0.866271
v 8.604992 -1.538296 0.972444
v 8.395355 -1.586746 0.991866
v 8.867859 -2.644926 1.266554
v 9.014292 -2.727849 1.124617
v 9.212798 -2.692307 1.050158
v 9.346682 -2.558899 1.086194
v 9.338571 -2.405677 1.211629
v 9.192577 -2.322042 1.353567
v 8.997086 -2.359262 1.428622
v 8.859613 -2.491624 1.392816
v 9.811337 -3.363284 1.575264
v 9.965211 -3.336109 1.439744
v 10.098468 -3.196685 1.402022
v 10.130687 -3.024735 1.484244
v 10.045168 -2.922254 1.639000
v 9.890136 -2.949005 1.775504
v 9.755974 -3.089010 1.813195
v 9.723119 -3.260522 1.729959
v 10.956064 -3.671232 1.782831
v 11.061794 -3.541505 1.674496
v 11.101205 -3.348953 1.689331
v 11.059316 -3.210109 1.819772
v 10.955979 -3.204721 1.989443
v 10.844212 -3.332027 2.098536
v 10.795534 -3.520569 2.082864
v 10.842509 -3.661320 1.951738
v 12.140765 -3.499449 1.922945
v 12.143311 -3.311292 1.859937
v 12.096580 -3.141416 1.934650
v 12.018441 -3.084967 2.102994
v 11.954670 -3.175013 2.266357
v 11.942618 -3.358804 2.329041
v 11.989350 -3.528680 2.254328
v 12.075194 -3.588696 2.085956
v 13.120764 -2.821326 1.999800
v 12.996624 -2.669726 1.997757
v 12.873342 -2.585533 2.130124
v 12.823133 -2.618067 2.319187
v 12.875410 -2.748270 2.453948
v 12.999550 -2.899870 2.455713
v 13.122832 -2.984063 2.323624
v 13.173041 -2.951529 2.134901
v 13.624372 -1.928722 2.032469
v 13.454664 -1.840316 2.117977
v 13.366430 -1.833057 2.305963
v 13.411358 -1.911197 2.486334
v 13.563128 -2.028963 2.553484
v 13.732837 -2.117370 2.468051
v 13.821071 -2.124629 2.280015
v 13.776143 -2.046489 2.099570
v 13.903951 -1.044861 2.149358
v 13.767572 -0.999754 2.318362
v 13.761395 -1.046927 2.527997
v 13.887699 -1.158920 2.653837
v 14.071613 -1.269765 2.622795
v 14.207129 -1.314525 2.453691
v 14.215602 -1.266486 2.245316
v 14.090136 -1.154820 2.119641
v 14.236357 -0.191270 2.393986
v 14.177758 -0.192461 2.615419
v 14.244588 -0.308355 2.795638
v 14.397128 -0.470141 2.827728
v 14.543301 -0.582596 2.693504
v 14.604234 -0.579091 2.473765
v 14.538942 -0.463573 2.295298
v 14.384040 -0.304197 2.263368
v 14.842623 0.463880 2.728055
v 14.865275 0.386784 2.954647
v 14.954326 0.187493 3.060399
v 15.057199 -0.014911 2.982740
v 15.114513 -0.100851 2.769522
v 15.095953 -0.020253 2.546855
v 15.007499 0.176773 2.442990
v 14.904747 0.377647 2.518765
v 15.763945 0.716260 3.034815
v 15.833942 0.539554 3.217727
v 15.878745 0.279581 3.220761
v 15.869346 0.091241 3.042176
v 15.820454 0.087195 2.791232
v 15.754855 0.267018 2.613869
v 15.713397 0.524712 2.612777
v 15.718637 0.710485 2.787159
v 16.827040 0.384060 3.160465
v 16.872541 0.122648 3.261909
v 16.813076 -0.129199 3.166112
v 16.677895 -0.221921 2.925443
v 16.560610 -0.097712 2.682907
v 16.517159 0.165289 2.586401
v 16.582493 0.415275 2.687858
v 16.711147 0.505035 2.924933
v 17.632633 -0.371079 3.109835
v 17.610943 -0.662281 3.114516
v 17.466377 -0.840342 2.928236
v 17.288593 -0.797563 2.653133
v 17.180262 -0.558487 2.451678
v 17.205236 -0.264929 2.455222
v 17.352306 -0.089557 2.652294
v 17.530262 -0.134086 2.922343
v 18.199997 -1.180958 2.950406
v 18.125490 -1.458396 2.842328
v 17.955471 -1.539834 2.566088
v 17.792318 -1.377100 2.283330
v 17.732893 -1.057474 2.161926
v 17.812012 -0.775630 2.284666
v 17.986696 -0.696614 2.572150
v 18.147772 -0.865858 2.845800
v 18.737055 -1.890575 2.639107
v 18.648491 -2.122047 2.396870
v 18.491230 -2.098236 2.056583
v 18.357748 -1.823823 1.815047
v 18.329964 -1.454720 1.819354
v 18.423843 -1.216925 2.074734
v 18.585878 -1.249408 2.425055
v 18.716173 -1.530060 2.650521
v 19.441320 -2.306460 2.121698
v 19.386465 -2.446288 1.756956
v 19.239464 -2.307671 1.403628
v 19.103678 -1.939735 1.272460
v 19.046526 -1.573838 1.443116
v 19.108974 -1.426873 1.820003
v 19.252802 -1.585531 2.175944
v 19.388056 -1.952376 2.294642
v 20.257769 -2.281780 1.494919
v 20.181839 -2.304092 1.078125
v 20.026136 -2.043066 0.785844
v 19.879177 -1.644701 0.795521
v 19.820976 -1.353964 1.101648
v 19.893187 -1.340539 1.525622
v 20.052208 -1.612481 1.816155
v 20.198872 -2.005170 1.799836
v 20.982681 -2.018951 0.877414
v 20.877491 -1.910934 0.473712
v 20.728600 -1.561243 0.284264
v 20.601311 -1.184776 0.426793
v 20.580482 -1.003074 0.819129
v 20.685265 -1.119790 1.225427
v 20.848143 -1.469195 1.409263
v 20.973009 -1.839282 1.263314
v 21.603853 -1.696176 0.326336
v 21.509504 -1.462145 -0.015561
v 21.396576 -1.070985 -0.088792
v 21.331682 -0.754546 0.162116
v 21.353451 -0.697977 0.589138
v 21.459465 -0.929913 0.932732
v 21.579613 -1.319539 0.995080
v 21.639019 -1.634108 0.742552
v 22.323618 -1.418492 -0.154541
v 22.275867 -1.100521 -0.398176
v 22.233324 -0.725629 -0.331915
v 22.222118 -0.517014 0.004161
v 22.243904 -0.592278 0.407922
v 22.297604 -0.905755 0.650085
v 22.344032 -1.279701 0.580535
v 22.351793 -1.492328 0.249747
v 23.244400 -1.229232 -0.487537
v 23.236773 -0.878687 -0.589515
v 23.223860 -0.570995 -0.406944
v 23.212299 -0.483916 -0.033423
v 23.209463 -0.668168 0.306006
v 23.221052 -1.013944 0.412498
v 23.234167 -1.324687 0.220648
v 23.241676 -1.415035 -0.149968
v 24.284622 -1.076286 -0.649009
v 24.302538 -0.727096 -0.622320
v 24.303480 -0.501996 -0.347037
v 24.284842 -0.533178 0.015755
v 24.255692 -0.803354 0.256754
v 24.239557 -1.151143 0.231213
v 24.240227 -1.376576 -0.047354
v 24.259987 -1.345164 -0.409839
v 25.385820 -0.902590 -0.647279
v 25.441536 -0.596049 -0.504010
v 25.462826 -0.478978 -0.181990
v 25.437222 -0.619956 0.130147
v 25.379719 -0.936399 0.249556
v 25.324005 -1.242941 0.106288
v 25.302713 -1.360011 -0.215734
v 25.328320 -1.219033 -0.527871
v 26.527565 -0.789811 -0.507748
v 26.604218 -0.579056 -0.284041
v 26.630758 -0.584196 0.036578
v 26.591635 -0.802222 0.266295
v 26.509766 -1.105416 0.270545
v 26.433109 -1.316171 0.046837
v 26.406572 -1.311030 -0.273782
v 26.445696 -1.093004 -0.503500
v 27.671783 -0.795093 -0.263781
v 27.752409 -0.698004 0.002898
v 27.768181 -0.806722 0.284703
v 27.719812 -1.052831 0.410312
v 27.625633 -1.296987 0.314606
v 27.543171 -1.394668 0.050272
v 27.522532 -1.288128 -0.228623
v 27.575804 -1.039775 -0.358708
v 28.802734 -0.922798 0.038265
v 28.875755 -0.931839 0.305435
v 28.881390 -1.102736 0.510445
v 28.821421 -1.334666 0.535553
v 28.720743 -1.493411 0.369609
v 28.643274 -1.486573 0.105510
v 28.635191 -1.316488 -0.102688
v 28.699406 -1.081128 -0.128101
v 29.906898 -1.155474 0.346982
v 29.963820 -1.245816 0.572917
v 29.955437 -1.437525 0.685037
v 29.893576 -1.621784 0.623206
v 29.796747 -1.690457 0.423794
v 29.730949 -1.603737 0.196785
v 29.740103 -1.411037 0.075656
v 29.814503 -1.223609 0.138363
v 30.988014 -1.466881 0.598659
v 31.024258 -1.602884 0.756059
v 31.007290 -1.780033 0.779382
v 30.937687 -1.896106 0.662913
v 30.845581 -1.881236 0.469337
v 30.803804 -1.751501 0.305284
v 30.828779 -1.570989 0.273066
v 30.907644 -1.452329 0.396174
v 32.014858 -1.809811 0.761298
v 32.027664 -1.954048 0.837838
v 32.005886 -2.089778 0.791153
v 31.939369 -2.134573 0.654467
v 31.874538 -2.070373 0.498118
v 31.853584 -1.928466 0.408951
v 31.893280 -1.790229 0.447738
v 31.961765 -1.739776 0.597426
v 33.001301 -2.136914 0.799673
v 32.997997 -2.258626 0.811504
v 32.968075 -2.334697 0.729667
v 32.913776 -2.322333 0.607010
v 32.866959 -2.228716 0.508798
v 32.866123 -2.105838 0.487380
v 32.913017 -2.025715 0.561516
v 32.969166 -2.037922 0.696041
v 33.925774 -2.378573 0.749997
v 33.917931 -2.459439 0.700154
v 33.886589 -2.475369 0.607581
v 33.843758 -2.422758 0.530241
v 33.815994 -2.329151 0.496046
v 33.830212 -2.247810 0.530923
v 33.876610 -2.228588 0.621068
v 33.915371 -2.283043 0.714875
v -13.789015 2.090532 -0.530178
v -13.792450 2.211476 -0.025438
v -13.830351 1.945989 0.418627
v -13.884220 1.444927 0.537489
v -13.918905 1.005918 0.259436
v -13.908888 0.889533 -0.250051
v -13.861092 1.157807 -0.688021
v -13.815929 1.656184 -0.797530
v -12.899369 2.302887 0.076260
v -12.933664 2.224480 0.581353
v -12.990226 1.811281 0.881063
v -13.037558 1.302660 0.797279
v -13.044449 1.001083 0.372691
v -13.005216 1.085895 -0.136751
v -12.945286 1.501824 -0.432838
v -12.904031 2.004988 -0.345104
v -12.253919 2.343950 0.764202
v -12.306455 2.084534 1.180288
v -12.327055 1.598456 1.292358
v -12.304033 1.169287 1.028373
v -12.248561 1.051841 0.539024
v -12.191193 1.314605 0.113711
v -12.171665 1.803720 0.005726
v -12.198456 2.228464 0.277281
v -11.842759 2.262427 1.406628
v -11.834679 1.883816 1.676319
v -11.742782 1.429832 1.601523
v -11.619669 1.163949 1.219958
v -11.537008 1.244082 0.752103
v -11.543516 1.624963 0.473200
v -11.636563 2.081765 0.550954
v -11.759572 2.344023 0.940770
v -11.316432 2.173939 1.962740
v -11.203848 1.775873 2.059966
v -11.022935 1.452749 1.824541
v -10.880785 1.391981 1.395193
v -10.859822 1.629671 1.017493
v -10.971187 2.028503 0.914268
v -11.150496 2.354328 1.149742
v -11.293867 2.414331 1.588827
v -10.542295 2.151554 2.372930
v -10.380801 1.804151 2.281428
v -10.208619 1.645740 1.929608
v -10.128381 1.767081 1.522748
v -10.185442 2.097491 1.293476
v -10.344540 2.445598 1.379151
v -10.514141 2.607067 1.732305
v -10.596774 2.485020 2.147056
v -9.676787 2.092334 2.535814
v -9.541069 1.842439 2.272518
v -9.426022 1.859207 1.874258
v -9.401024 2.131782 1.571377
v -9.477331 2.500309 1.539171
v -9.608121 2.750284 1.797716
v -9.720251 2.735296 2.199012
v -9.750179 2.462638 2.506537
v -8.910118 1.897700 2.385208
v -8.819981 1.795832 2.013994
v -8.728179 1.987508 1.666047
v -8.689795 2.360456 1.544111
v -8.721148 2.693734 1.718097
v -8.801177 2.791757 2.086936
v -8.892248 2.601235 2.438276
v -8.939551 2.231260 2.561869
v -8.263850 1.658464 1.994315
v -8.153659 1.728093 1.617912
v -8.016388 2.044629 1.413939
v -7.932434 2.422564 1.501770
v -7.940050 2.633672 1.828517
v -8.038023 2.557271 2.203886
v -8.175335 2.240942 2.409885
v -8.275686 1.872687 2.322912
v -7.598742 1.457526 1.523458
v -7.403742 1.657390 1.243929
v -7.195260 1.995654 1.235561
v -7.095420 2.274169 1.503271
v -7.162709 2.329783 1.890242
v -7.352268 2.126570 2.169513
v -7.566191 1.791654 2.178368
v -7.666030 1.513140 1.910650
v -6.762833 1.238904 1.157040
v -6.495673 1.500074 1.038934
v -6.281627 1.781113 1.217692
v -6.246080 1.917392 1.588400
v -6.409856 1.829081 1.934042
v -6.677016 1.567911 2.052608
v -6.891062 1.286872 1.874090
v -6.926608 1.150593 1.503190
v -5.768686 0.970217 0.992970
v -5.497255 1.243334 1.054439
v -5.360494 1.436756 1.370521
v -5.438515 1.437179 1.756461
v -5.685615 1.244355 1.986113
v -5.957045 0.971238 1.925023
v -6.093807 0.777817 1.608511
v -6.015786 0.777394 1.222096
v -4.738887 0.723552 1.060535
v -4.536341 0.970577 1.282541
v -4.516792 1.052393 1.666767
v -4.691693 0.921075 1.988424
v -4.958588 0.653547 2.059260
v -5.161134 0.406522 1.837405
v -5.180683 0.324706 1.452660
v -5.005782 0.456024 1.130835
v -3.809401 0.550001 1.329947
v -3.702411 0.715849 1.663233
v -3.781587 0.661790 2.040077
v -4.000548 0.419492 2.240237
v -4.231031 0.130890 2.145916
v -4.338021 -0.034958 1.812268
v -4.258845 0.019100 1.435261
v -4.039883 0.261398 1.235455
v -2.936292 0.271316 1.748058
v -2.916226 0.303415 2.129835
v -3.071440 0.122480 2.428688
v -3.311014 -0.165501 2.469873
v -3.494607 -0.391832 2.228164
v -3.514674 -0.423932 1.845700
v -3.359459 -0.242996 1.547237
v -3.119886 0.044985 1.506720
v -2.118168 -0.278126 2.219666
v -2.191558 -0.379700 2.576542
v -2.417226 -0.628808 2.742968
v -2.662979 -0.879524 2.621011
v -2.784857 -0.984984 2.281605
v -2.711466 -0.883409 1.924237
v -2.485798 -0.634301 1.758897
v -2.240046 -0.383585 1.881476
v -1.482237 -1.037009 2.630697
v -1.634219 -1.250270 2.893792
v -1.888933 -1.516179 2.899936
v -2.097172 -1.678971 2.644439
v -2.136951 -1.643284 2.276635
v -1.984969 -1.430023 2.012982
v -1.730254 -1.164114 2.008410
v -1.522016 -1.001322 2.264781
v -0.933080 -1.910179 2.813754
v -1.105846 -2.212260 2.922920
v -1.339202 -2.444328 2.769761
v -1.496452 -2.470442 2.442409
v -1.485481 -2.275304 2.132624
v -1.312716 -1.973224 2.023457
v -1.079360 -1.741155 2.178559
v -0.922110 -1.715041 2.505911
v -0.251901 -2.788225 2.537109
v -0.407015 -3.103350 2.458907
v -0.623573 -3.221979 2.197982
v -0.774717 -3.074622 1.906050
v -0.771911 -2.747597 1.754310
v -0.616797 -2.432473 1.833160
v -0.400239 -2.313844 2.095097
v -0.249095 -2.461201 2.386682
v 0.507998 -3.364528 1.738826
v 0.331716 -3.587521 1.524756
v 0.093991 -3.549557 1.263348
v -0.065922 -3.272875 1.106169
v -0.054348 -2.919551 1.146855
v 0.121934 -2.696557 1.360926
v 0.359659 -2.734521 1.622981
v 0.519572 -3.011204 1.779512
v 1.081157 -3.575888 0.727584
v 0.852122 -3.659201 0.473990
v 0.611592 -3.482236 0.288149
v 0.500468 -3.148659 0.278923
v 0.583844 -2.853873 0.451716
v 0.812879 -2.770561 0.705310
v 1.053409 -2.947525 0.891151
v 1.164533 -3.281103 0.900377
v 1.476190 -3.492552 -0.327754
v 1.215561 -3.429732 -0.548997
v 1.014564 -3.155292 -0.620450
v 0.990940 -2.829996 -0.500256
v 1.158529 -2.644397 -0.258824
v 1.419158 -2.707217 -0.037581
v 1.620155 -2.981656 0.033872
v 1.643778 -3.306953 -0.086322
v 1.762862 -3.140523 -1.328942
v 1.511433 -2.951580 -1.466982
v 1.387608 -2.635719 -1.413410
v 1.463921 -2.377967 -1.199608
v 1.695669 -2.329312 -0.950818
v 1.947098 -2.518255 -0.812778
v 2.070923 -2.834116 -0.866350
v 1.994610 -3.091868 -1.080152
v 1.997333 -2.540268 -2.209402
v 1.789292 -2.265843 -2.234050
v 1.764468 -1.972221 -2.065583
v 1.936383 -1.831073 -1.803356
v 2.203487 -1.924466 -1.600787
v 2.409468 -2.197937 -1.576012
v 2.435212 -2.491895 -1.743659
v 2.265424 -2.633996 -2.005994
v 2.263978 -1.711967 -2.921097
v 2.129303 -1.415801 -2.814166
v 2.200068 -1.211379 -2.553397
v 2.435153 -1.217623 -2.292581
v 2.695276 -1.429874 -2.183568
v 2.828556 -1.724715 -2.289295
v 2.758217 -1.930312 -2.548655
v 2.524149 -1.925372 -2.810719
v 2.638720 -0.742317 -3.352281
v 2.579800 -0.504059 -3.117711
v 2.719705 -0.440660 -2.810402
v 2.976290 -0.587638 -2.611084
v 3.198873 -0.858338 -2.634702
v 3.257830 -1.095755 -2.866762
v 3.119227 -1.161403 -3.172977
v 2.863280 -1.015332 -3.374763
v 3.108553 0.218627 -3.421176
v 3.116739 0.336343 -3.101875
v 3.301521 0.249105 -2.819146
v 3.554443 0.010034 -2.738491
v 3.725109 -0.240984 -2.904904
v 3.716860 -0.358803 -3.221067
v 3.529778 -0.274265 -3.504092
v 3.278183 -0.035005 -3.587878
v 3.665214 1.032007 -3.195191
v 3.741365 1.008701 -2.861121
v 3.951896 0.803245 -2.670680
v 4.174322 0.537691 -2.734348
v 4.275280 0.366509 -3.012948
v 4.197825 0.388438 -3.344460
v 3.985867 0.591576 -3.536500
v 3.765574 0.858582 -3.475403
v 4.414060 1.639602 -2.778101
v 4.509623 1.464312 -2.497699
v 4.691109 1.175536 -2.440151
v 4.853834 0.943319 -2.638102
v 4.896188 0.902163 -2.974646
v 4.797420 1.075783 -3.254070
v 4.615347 1.363622 -3.313277
v 4.456669 1.597649 -3.116376
v 5.268947 1.821239 -2.155550
v 5.272514 1.508957 -2.017456
v 5.375575 1.200655 -2.120171
v 5.517211 1.077157 -2.403523
v 5.605819 1.209972 -2.701240
v 5.596539 1.522127 -2.839375
v 5.496300 1.830753 -2.736603
v 5.359995 1.954573 -2.453284
v 5.724888 1.338191 -1.497419
v 5.659386 1.019849 -1.569368
v 5.772556 0.795086 -1.789430
v 5.997725 0.796061 -2.029632
v 6.193377 1.022215 -2.148634
v 6.254507 1.341956 -2.076234
v 6.145413 1.566652 -1.854713
v 5.928448 1.564565 -1.615136
v 5.952106 0.583296 -1.028435
v 5.969911 0.313293 -1.206455
v 6.170079 0.189427 -1.430950
v 6.435161 0.285439 -1.571566
v 6.602347 0.545582 -1.544544
v 6.582220 0.817319 -1.364914
v 6.387354 0.939878 -1.138746
v 6.126883 0.842348 -0.999952
v 6.267878 -0.228447 -0.678024
v 6.398864 -0.429531 -0.887470
v 6.661962 -0.451686 -1.057777
v 6.903341 -0.280294 -1.089943
v 6.977633 -0.015347 -0.963244
v 6.846238 0.186729 -0.751425
v 6.586528 0.206626 -0.580197
v 6.347244 0.034338 -0.550607
v 6.759686 -1.014370 -0.379550
v 6.985132 -1.127334 -0.568302
v 7.260736 -1.055070 -0.655079
v 7.424918 -0.838411 -0.589072
v 7.381523 -0.604324 -0.407321
v 7.157569 -0.491503 -0.216382
v 6.885361 -0.566170 -0.129919
v 6.719090 -0.782578 -0.198159
v 7.419651 -1.707146 -0.084049
v 7.691826 -1.725451 -0.219387
v 7.925832 -1.579902 -0.219311
v 7.984003 -1.354759 -0.083249
v 7.832569 -1.182445 0.110120
v 7.560892 -1.164937 0.246942
v 7.327672 -1.311943 0.246001
v 7.268428 -1.536217 0.108566
v 8.244010 -2.306029 0.261508
v 8.504514 -2.228178 0.192949
v 8.650241 -2.034973 0.267294
v 8.595634 -1.839258 0.441508
v 8.372746 -1.756147 0.613869
v 8.112069 -1.834624 0.682944
v 7.966534 -2.028302 0.607919
v 8.021637 -2.223453 0.433098
v 9.191188 -2.747145 0.652201
v 9.376788 -2.581843 0.646215
v 9.409909 -2.379348 0.774496
v 9.271148 -2.258267 0.962063
v 9.041146 -2.289594 1.099093
v 8.855463 -2.455057 1.105153
v 8.822342 -2.657564 0.976717
v 8.961185 -2.778478 0.789162
v 10.171916 -2.926964 1.035239
v 10.240479 -2.713690 1.086680
v 10.178746 -2.559501 1.255808
v 10.022880 -2.554718 1.443551
v 9.864182 -2.702144 1.539931
v 9.795619 -2.915418 1.488490
v 9.857352 -3.069607 1.319362
v 10.013221 -3.074390 1.131619
v 11.083775 -2.854255 1.410038
v 11.047041 -2.662829 1.522323
v 10.948720 -2.605028 1.718535
v 10.846406 -2.714710 1.883738
v 10.800032 -2.927624 1.921156
v 10.836764 -3.119050 1.808872
v 10.935086 -3.176852 1.612659
v 11.037400 -3.067170 1.447457
v 11.824153 -2.603398 1.785207
v 11.728736 -2.489683 1.948686
v 11.671284 -2.536156 2.149950
v 11.685452 -2.715592 2.271101
v 11.762939 -2.922881 2.241172
v 11.858357 -3.036595 2.077693
v 11.915808 -2.990123 1.876429
v 11.901641 -2.810686 1.755277
v 12.313857 -2.262608 2.139703
v 12.244536 -2.241332 2.337909
v 12.312326 -2.338003 2.519451
v 12.477514 -2.495993 2.577983
v 12.643337 -2.622754 2.479218
v 12.712658 -2.644030 2.281011
v 12.644868 -2.547359 2.099470
v 12.479679 -2.389368 2.040938
v 12.822403 -1.777127 2.508879
v 12.854284 -1.806426 2.710938
v 13.032944 -1.900457 2.830029
v 13.253724 -2.004138 2.796389
v 13.387296 -2.056734 2.629726
v 13.355414 -2.027435 2.427667
v 13.176756 -1.933404 2.308576
v 12.955975 -1.829723 2.342215
v 13.530017 -1.144549 2.859858
v 13.655498 -1.211070 3.020741
v 13.874190 -1.311124 3.047100
v 14.057984 -1.386101 2.923493
v 14.099218 -1.392081 2.722328
v 13.973151 -1.325337 2.561379
v 13.755046 -1.225506 2.535087
v 13.571250 -1.150529 2.658693
v 14.488449 -0.505377 3.142163
v 14.651070 -0.629298 3.226851
v 14.834820 -0.752107 3.155337
v 14.932608 -0.802023 2.969451
v 14.886376 -0.749578 2.778222
v 14.723204 -0.625501 2.693543
v 14.539455 -0.502692 2.765058
v 14.442216 -0.452934 2.950882
v 15.637572 -0.115884 3.308680
v 15.758925 -0.297772 3.304501
v 15.853542 -0.424681 3.154015
v 15.864011 -0.421637 2.945756
v 15.785934 -0.291015 2.801486
v 15.664227 -0.109120 2.805732
v 15.569270 0.017963 2.955975
v 15.558814 0.014991 3.164335
v 16.831461 -0.111549 3.293720
v 16.851986 -0.307420 3.207161
v 16.838947 -0.386435 3.010038
v 16.804012 -0.303415 2.817417
v 16.764671 -0.106407 2.742465
v 16.743988 0.089289 2.828824
v 16.754984 0.169003 3.025993
v 16.792023 0.085584 3.218565
v 17.793488 -0.502501 3.047287
v 17.698286 -0.639902 2.907060
v 17.622477 -0.625171 2.701412
v 17.611193 -0.467341 2.550815
v 17.671453 -0.259059 2.543283
v 17.765907 -0.121649 2.683162
v 17.841105 -0.135869 2.888721
v 17.852619 -0.293605 3.039654
v 18.373232 -1.072447 2.623889
v 18.241158 -1.117295 2.446750
v 18.186897 -1.012827 2.254479
v 18.242170 -0.820649 2.159634
v 18.374460 -0.653232 2.217359
v 18.508629 -0.608755 2.393861
v 18.562279 -0.712516 2.586216
v 18.506195 -0.904593 2.681675
v 18.816023 -1.609845 2.064622
v 18.710375 -1.570658 1.864266
v 18.709375 -1.402161 1.710234
v 18.811413 -1.203099 1.692643
v 18.958908 -1.090109 1.821314
v 19.065134 -1.129039 2.021183
v 19.065069 -1.296750 2.175626
v 18.962177 -1.496091 2.193792
v 19.353134 -2.011842 1.371123
v 19.287544 -1.892666 1.183451
v 19.316004 -1.676388 1.107095
v 19.421343 -1.489844 1.186456
v 19.541910 -1.441943 1.374826
v 19.607107 -1.560531 1.562232
v 19.578691 -1.776509 1.639113
v 19.473753 -1.963654 1.560020
v 20.131420 -2.037431 0.607731
v 20.063774 -1.849331 0.489723
v 20.056002 -1.619752 0.532513
v 20.112656 -1.483197 0.710677
v 20.200220 -1.519253 0.919833
v 20.267942 -1.706850 1.037816
v 20.275715 -1.936400 0.995540
v 20.218983 -2.073457 0.817416
v 20.802599 -1.590209 0.056289
v 20.721302 -1.376112 0.032750
v 20.697739 -1.191435 0.171470
v 20.745743 -1.144234 0.390924
v 20.837233 -1.261898 0.562689
v 20.918787 -1.475659 0.586403
v 20.942112 -1.660487 0.448061
v 20.894051 -1.708053 0.228426
v 21.345573 -0.993884 -0.265870
v 21.283350 -0.785359 -0.201883
v 21.283937 -0.668301 -0.007104
v 21.345409 -0.710947 0.204243
v 21.435688 -0.888557 0.308536
v 21.497936 -1.096908 0.244811
v 21.497288 -1.214221 0.050211
v 21.434174 -1.171600 -0.161396
v 21.968212 -0.440745 -0.418614
v 21.959108 -0.263766 -0.285484
v 21.987358 -0.228317 -0.069172
v 22.037546 -0.355071 0.103583
v 22.079811 -0.569741 0.131747
v 22.088913 -0.746683 -0.001157
v 22.059521 -0.782268 -0.217414
v 22.009335 -0.655550 -0.390387
v 22.873354 -0.130851 -0.420102
v 22.902584 -0.025656 -0.234196
v 22.915998 -0.083455 -0.027080
v 22.905773 -0.270308 0.079963
v 22.877863 -0.476800 0.024313
v 22.848566 -0.582049 -0.161472
v 22.835100 -0.524366 -0.368646
v 22.845381 -0.337458 -0.475810
v 23.821903 -0.134938 -0.261297
v 23.836174 -0.118070 -0.052294
v 23.811649 -0.249862 0.109645
v 23.761663 -0.453067 0.129664
v 23.715498 -0.608650 -0.003965
v 23.700197 -0.625473 -0.212963
v 23.724722 -0.493681 -0.374902
v 23.775738 -0.290528 -0.394940
v 24.717386 -0.311673 -0.008654
v 24.704342 -0.380520 0.184789
v 24.659927 -0.561426 0.272142
v 24.610163 -0.748420 0.202235
v 24.584196 -0.831962 0.016018
v 24.597240 -0.763116 -0.177425
v 24.641655 -0.582210 -0.264778
v 24.691420 -0.395216 -0.194871
v 25.564831 -0.566470 0.256550
v 25.539215 -0.707512 0.398298
v 25.501127 -0.905476 0.397176
v 25.472879 -1.044396 0.253842
v 25.471020 -1.042896 0.052259
v 25.496635 -0.901854 -0.089489
v 25.534723 -0.703890 -0.088367
v 25.562969 -0.564970 0.054967
v 26.411329 -0.878193 0.471991
v 26.387583 -1.063065 0.537147
v 26.364536 -1.239437 0.451421
v 26.355692 -1.303992 0.265031
v 26.366230 -1.218915 0.087160
v 26.389977 -1.034043 0.022004
v 26.413023 -0.857671 0.107730
v 26.421867 -0.793116 0.294120
v 27.281351 -1.211604 0.593406
v 27.268219 -1.403356 0.572775
v 27.259930 -1.524392 0.422280
v 27.261339 -1.503809 0.230078
v 27.271622 -1.353665 0.108759
v 27.284754 -1.161913 0.129390
v 27.293043 -1.040878 0.279885
v 27.291634 -1.061460 0.472087
v 28.184683 -1.518867 0.597744
v 28.181654 -1.680094 0.498861
v 28.180826 -1.724191 0.314915
v 28.182684 -1.625325 0.153659
v 28.186140 -1.441412 0.109554
v 28.189169 -1.280184 0.208438
v 28.189997 -1.236087 0.392384
v 28.188139 -1.334953 0.553640
v 28.199705 -1.665251 0.337712
v 28.240021 -1.746629 0.249988
v 28.274811 -1.738638 0.129821
v 28.276955 -1.642195 0.051376
v 28.231750 -1.519172 0.063242
v 28.215387 -1.442363 0.156314
v 28.189081 -1.454893 0.272238
v 28.178240 -1.545951 0.345352
v 29.105703 -1.776166 0.170137
v 29.138243 -1.795308 0.067689
v 29.140247 -1.731178 -0.018209
v 29.149326 -1.624144 -0.033628
v 29.098272 -1.538090 0.031616
v 29.082077 -1.524184 0.135525
v 29.055689 -1.588037 0.213976
v 29.062159 -1.689625 0.227267
v 30.036062 -1.791240 -0.025208
v 30.044971 -1.748263 -0.112478
v 30.053804 -1.655604 -0.144306
v 30.051960 -1.565769 -0.099889
v 30.006647 -1.535417 -0.004603
v 29.994932 -1.580730 0.081175
v 29.978895 -1.672713 0.106546
v 30.004971 -1.758358 0.064405
v 30.984417 -1.707593 -0.205558
v 30.998993 -1.622100 -0.252351
v 31.004351 -1.526612 -0.224315
v 30.988203 -1.478660 -0.134217
v 30.958244 -1.509768 -0.037644
v 30.952221 -1.598445 0.006428
v 30.952436 -1.691658 -0.025609
v 30.969370 -1.736229 -0.112333
v 31.960869 -1.542703 -0.332709
v 31.965677 -1.435313 -0.323572
v 31.969761 -1.365392 -0.241111
v 31.950785 -1.375630 -0.129924
v 31.945860 -1.460064 -0.060811
v 31.944422 -1.568090 -0.072391
v 31.934414 -1.634911 -0.157857
v 31.940939 -1.622879 -0.264338
v -15.654966 2.893777 1.128549
v -15.670585 2.423765 1.343350
v -15.690856 1.940067 1.163118
v -15.711983 1.723402 0.694510
v -15.701126 1.903089 0.207237
v -15.684147 2.373362 -0.010260
v -15.668336 2.860106 0.169959
v -15.647983 3.074319 0.642442
v -14.737155 2.256723 1.499639
v -14.749535 1.753569 1.506652
v -14.743623 1.392301 1.154313
v -14.726795 1.382633 0.649517
v -14.696424 1.732299 0.284652
v -14.685404 2.235501 0.275641
v -14.686049 2.597936 0.628200
v -14.708853 2.606418 1.135321
v -13.846846 1.589067 1.633131
v -13.788225 1.140470 1.444133
v -13.721831 0.958034 0.991426
v -13.684916 1.147676 0.539723
v -13.698275 1.598565 0.352586
v -13.758057 2.047064 0.539892
v -13.826041 2.231003 0.992926
v -13.863148 2.041293 1.446356
v -12.752251 1.119004 1.573719
v -12.594910 0.812515 1.241644
v -12.509993 0.834585 0.773932
v -12.544223 1.171926 0.443307
v -12.679884 1.626798 0.443153
v -12.839044 1.933773 0.773818
v -12.925733 1.912922 1.242605
v -12.889821 1.575234 1.574458
v -11.459241 1.063443 1.403086
v -11.288761 0.950144 0.992382
v -11.278769 1.149038 0.583076
v -11.432809 1.543670 0.413664
v -11.664117 1.902647 0.583611
v -11.836091 2.016824 0.993634
v -11.847201 1.818589 1.404260
v -11.691277 1.423398 1.574270
v -10.292356 1.316162 1.124179
v -10.194489 1.385109 0.705926
v -10.276648 1.702802 0.421584
v -10.490912 2.083015 0.437532
v -10.713881 2.303154 0.744511
v -10.812268 2.234894 1.162873
v -10.730399 1.917479 1.448049
v -10.515100 1.536671 1.432241
v -9.366378 1.711601 0.779232
v -9.335411 1.940361 0.439677
v -9.448429 2.321387 0.337718
v -9.640123 2.631255 0.533230
v -9.797119 2.688955 0.911452
v -9.828352 2.460391 1.251189
v -9.715517 2.079429 1.353490
v -9.524204 1.769153 1.158104
v -8.568755 2.168780 0.495787
v -8.533157 2.507906 0.317345
v -8.604086 2.871571 0.416591
v -8.739990 3.046744 0.735388
v -8.861261 2.930811 1.086989
v -8.896857 2.591685 1.265431
v -8.825930 2.228020 1.166185
v -8.690024 2.052847 0.847388
v -7.644201 2.591899 0.446143
v -7.561990 2.941247 0.464125
v -7.599572 3.191767 0.718364
v -7.734933 3.196707 1.059931
v -7.888780 2.953176 1.288739
v -7.970991 2.603828 1.270757
v -7.933409 2.353308 1.016518
v -7.798048 2.348367 0.674951
v -6.544004 2.745971 0.693248
v -6.442277 3.004379 0.883702
v -6.513193 3.098624 1.204180
v -6.715210 2.973500 1.466952
v -6.929991 2.702301 1.518088
v -7.031718 2.443893 1.327634
v -6.960802 2.349647 1.007155
v -6.758784 2.474772 0.744384
v -5.460631 2.511470 1.178579
v -5.425204 2.644932 1.468619
v -5.586735 2.609131 1.758543
v -5.850599 2.425038 1.878518
v -6.062229 2.200494 1.758263
v -6.097655 2.067032 1.468223
v -5.936125 2.102833 1.178299
v -5.672261 2.286925 1.058325
v -4.594966 2.036067 1.783713
v -4.670345 2.050704 2.089523
v -4.905847 1.920270 2.276907
v -5.163517 1.721172 2.236098
v -5.292417 1.570039 1.991002
v -5.217039 1.555401 1.685193
v -4.981537 1.685835 1.497809
v -4.723866 1.884933 1.538617
v -3.972683 1.436278 2.398074
v -4.137713 1.334095 2.644958
v -4.381832 1.133803 2.689672
v -4.562037 0.952730 2.506023
v -4.572766 0.896947 2.201591
v -4.407735 0.999130 1.954708
v -4.163617 1.199422 1.909994
v -3.983412 1.380494 2.093642
v -3.467901 0.719657 2.906178
v -3.666453 0.517775 3.041116
v -3.863213 0.295955 2.938432
v -3.942920 0.184137 2.658274
v -3.858883 0.247821 2.364757
v -3.660330 0.449703 2.229818
v -3.463571 0.671523 2.332503
v -3.383864 0.783341 2.612660
v -2.935103 -0.207899 3.234301
v -3.142440 -0.448518 3.223334
v -3.283951 -0.613020 2.991230
v -3.276740 -0.605042 2.673950
v -3.125031 -0.429257 2.457355
v -2.917693 -0.188637 2.468321
v -2.776182 -0.024135 2.700426
v -2.783393 -0.032114 3.017705
v -2.450155 -1.264470 3.300952
v -2.654665 -1.463192 3.142389
v -2.734811 -1.510772 2.828855
v -2.640333 -1.381468 2.544606
v -2.427572 -1.151468 2.456370
v -2.221343 -0.954711 2.614937
v -2.141903 -0.906094 2.927855
v -2.237117 -1.034013 3.212136
v -2.036854 -2.330532 3.065617
v -2.204423 -2.430351 2.786825
v -2.207532 -2.337003 2.460421
v -2.044164 -2.106928 2.278119
v -1.809916 -1.877030 2.345664
v -1.642615 -1.778789 2.621982
v -1.640141 -1.868733 2.947085
v -1.802924 -2.097281 3.131384
v -1.482381 -3.299780 2.444498
v -1.596882 -3.250789 2.108386
v -1.554338 -2.997683 1.857228
v -1.380675 -2.692952 1.839248
v -1.179123 -2.515313 2.061024
v -1.065047 -2.564844 2.391711
v -1.104828 -2.812992 2.641491
v -1.277625 -3.117305 2.664638
v -0.730379 -3.867589 1.394053
v -0.838907 -3.633790 1.116222
v -0.813193 -3.254778 1.046382
v -0.665951 -2.955946 1.224380
v -0.489052 -2.911390 1.543640
v -0.385713 -3.143115 1.817345
v -0.411350 -3.517231 1.888873
v -0.554953 -3.817354 1.715661
v -0.090645 -3.753423 0.211342
v -0.209605 -3.385947 0.099942
v -0.184563 -2.994989 0.246056
v -0.019316 -2.811391 0.562528
v 0.164097 -2.940749 0.866185
v 0.271166 -3.304511 0.977667
v 0.244685 -3.692902 0.833783
v 0.090300 -3.877970 0.519486
v 0.330940 -3.194824 -0.735545
v 0.254064 -2.776674 -0.665159
v 0.357855 -2.467512 -0.372764
v 0.557479 -2.447082 -0.020100
v 0.734824 -2.727549 0.182395
v 0.799435 -3.146056 0.113632
v 0.706677 -3.454718 -0.183693
v 0.507327 -3.472992 -0.531961
v 0.731059 -2.431223 -1.419442
v 0.745043 -2.038847 -1.194163
v 0.927169 -1.866616 -0.824349
v 1.153199 -2.011298 -0.519782
v 1.291541 -2.400187 -0.462317
v 1.266549 -2.796294 -0.691066
v 1.097330 -2.967589 -1.068908
v 0.870407 -2.813301 -1.366571
v 1.209049 -1.598012 -1.863362
v 1.335024 -1.300511 -1.528376
v 1.580658 -1.291378 -1.153322
v 1.793172 -1.579381 -0.953577
v 1.849852 -2.010743 -1.054036
v 1.728382 -2.317241 -1.399976
v 1.505552 -2.320906 -1.785226
v 1.292826 -2.021118 -1.974245
v 1.831342 -0.804781 -2.115627
v 2.054453 -0.654587 -1.722922
v 2.310293 -0.798660 -1.403390
v 2.466697 -1.190814 -1.343228
v 2.427876 -1.590457 -1.588844
v 2.226139 -1.753075 -1.995568
v 1.988428 -1.587983 -2.321988
v 1.825597 -1.192630 -2.367989
v 2.609612 -0.139807 -2.201577
v 2.854361 -0.142035 -1.807563
v 3.081023 -0.431042 -1.594857
v 3.161317 -0.853975 -1.694764
v 3.041254 -1.147280 -2.055431
v 2.793474 -1.132242 -2.461541
v 2.580518 -0.828048 -2.673157
v 2.488055 -0.410867 -2.559347
v 3.411945 0.337947 -2.125640
v 3.650464 0.177120 -1.795739
v 3.827159 -0.191159 -1.736836
v 3.838132 -0.553243 -1.990888
v 3.669958 -0.683173 -2.411813
v 3.425699 -0.504377 -2.748777
v 3.244856 -0.123961 -2.800891
v 3.242729 0.219463 -2.539371
v 4.204859 0.625145 -1.970073
v 4.423918 0.346851 -1.768933
v 4.543934 -0.008245 -1.876789
v 4.501682 -0.240789 -2.238202
v 4.309792 -0.197200 -2.639334
v 4.087904 0.091757 -2.842944
v 3.964790 0.453685 -2.727767
v 4.017518 0.666387 -2.364147
v 5.022553 0.784566 -1.866700
v 5.201166 0.467488 -1.825210
v 5.258549 0.189931 -2.070641
v 5.162403 0.115734 -2.463027
v 4.958783 0.298686 -2.768916
v 4.774697 0.626522 -2.809991
v 4.719482 0.902257 -2.559926
v 4.823582 0.964279 -2.168960
v 5.790968 0.800962 -1.853377
v 5.909310 0.509222 -1.965514
v 5.913414 0.371288 -2.289515
v 5.805099 0.466861 -2.638825
v 5.636270 0.747281 -2.804437
v 5.513296 1.044697 -2.691460
v 5.510536 1.181442 -2.364929
v 5.626612 1.078215 -2.018008
v 6.288069 0.586363 -1.935423
v 6.384871 0.403716 -2.151087
v 6.438157 0.450540 -2.453306
v 6.416814 0.700200 -2.664681
v 6.326729 1.009143 -2.660314
v 6.229655 1.193489 -2.444107
v 6.178962 1.144847 -2.141648
v 6.203625 0.892268 -1.931391
v 6.647274 0.273842 -2.056583
v 6.821296 0.216669 -2.245329
v 6.981775 0.365163 -2.379848
v 7.030926 0.633719 -2.382057
v 6.943552 0.864253 -2.251450
v 6.768049 0.922741 -2.063478
v 6.611511 0.772346 -1.928481
v 6.562280 0.502938 -1.925738
v 7.318441 -0.153743 -1.841245
v 7.529126 -0.118226 -1.941930
v 7.663775 0.069223 -1.940224
v 7.641273 0.299814 -1.837572
v 7.476806 0.437453 -1.694271
v 7.266808 0.401934 -1.594090
v 7.132387 0.214855 -1.595407
v 7.154665 -0.015900 -1.697575
v 8.080989 -0.611572 -1.416136
v 8.286103 -0.511325 -1.419331
v 8.345181 -0.318928 -1.327395
v 8.220000 -0.145194 -1.194795
v 7.987464 -0.093903 -1.099332
v 7.785946 -0.195691 -1.096633
v 7.731011 -0.389733 -1.187722
v 7.852497 -0.561821 -1.319827
v 8.880238 -1.041652 -0.836135
v 9.042868 -0.908282 -0.752500
v 9.002328 -0.742946 -0.616919
v 8.782369 -0.642496 -0.508815
v 8.511838 -0.665775 -0.491512
v 8.349210 -0.799145 -0.575147
v 8.389749 -0.964481 -0.710728
v 8.609708 -1.064931 -0.818832
v 9.606843 -1.400630 -0.170678
v 9.681991 -1.258883 -0.031392
v 9.539932 -1.146052 0.103847
v 9.263881 -1.128233 0.155818
v 9.015547 -1.215863 0.094076
v 8.940399 -1.357610 -0.045210
v 9.082458 -1.470441 -0.180448
v 9.358508 -1.488261 -0.232419
v 10.225589 -1.693498 0.540507
v 10.194278 -1.578301 0.701572
v 9.974901 -1.544817 0.804763
v 9.695965 -1.612661 0.789634
v 9.520869 -1.742090 0.665045
v 9.552180 -1.857288 0.503981
v 9.771558 -1.890771 0.400789
v 10.050493 -1.822927 0.415918
v 10.722363 -1.909548 1.221063
v 10.600068 -1.863114 1.379338
v 10.359708 -1.933496 1.440191
v 10.140575 -2.078529 1.367188
v 10.073941 -2.213380 1.203895
v 10.196445 -2.258790 1.046968
v 10.436548 -2.189336 0.987002
v 10.653181 -2.044570 1.057793
v 11.083553 -2.115256 1.838386
v 10.932707 -2.175894 1.980437
v 10.744864 -2.349375 1.995441
v 10.631700 -2.537356 1.873109
v 10.662271 -2.617365 1.688758
v 10.815063 -2.553700 1.551742
v 11.000633 -2.384809 1.539609
v 11.111049 -2.204995 1.657191
v 11.423329 -2.412729 2.416540
v 11.304624 -2.577690 2.514414
v 11.211414 -2.806269 2.462829
v 11.204978 -2.944767 2.291959
v 11.285278 -2.915992 2.106945
v 11.393212 -2.754388 2.016032
v 11.483124 -2.542652 2.069081
v 11.493193 -2.403644 2.233164
v 11.815264 -2.719950 2.897146
v 11.789583 -2.948952 2.927495
v 11.816200 -3.139190 2.803312
v 11.870011 -3.171714 2.602479
v 11.923319 -3.032149 2.445617
v 11.930797 -2.820026 2.422457
v 11.902909 -2.647049 2.544595
v 11.855085 -2.606271 2.738644
v 12.322833 -2.854394 3.226798
v 12.445149 -3.035838 3.170800
v 12.557611 -3.106039 2.981432
v 12.584828 -3.021964 2.778091
v 12.525213 -2.837639 2.678154
v 12.394566 -2.675235 2.738280
v 12.287579 -2.615927 2.921948
v 12.265952 -2.682547 3.121036
v 13.001140 -2.590352 3.354429
v 13.178773 -2.677405 3.188016
v 13.251257 -2.631715 2.949626
v 13.179868 -2.482786 2.783559
v 13.026074 -2.316890 2.783458
v 12.846303 -2.246340 2.948759
v 12.775508 -2.294591 3.181335
v 12.844026 -2.426026 3.347710
v 13.710475 -2.114433 3.245560
v 13.840710 -2.124698 2.987385
v 13.818432 -1.998327 2.746672
v 13.671059 -1.806572 2.665016
v 13.480642 -1.667053 2.791229
v 13.351961 -1.664647 3.047685
v 13.365990 -1.788940 3.283684
v 13.509802 -1.975560 3.366691
v 14.381641 -1.648181 2.950228
v 14.409015 -1.592548 2.643985
v 14.316751 -1.378274 2.451837
v 14.144185 -1.138861 2.494738
v 13.994136 -1.019451 2.740630
v 13.960524 -1.085599 3.044957
v 14.047360 -1.297847 3.230142
v 14.222770 -1.528896 3.192056
v 14.965007 -1.314212 2.552313
v 14.910988 -1.162259 2.251418
v 14.789204 -0.861037 2.160054
v 14.671559 -0.590962 2.331500
v 14.620234 -0.514803 2.660199
v 14.680026 -0.670952 2.956057
v 14.796066 -0.970677 3.045414
v 14.914417 -1.233390 2.880617
v 15.472135 -1.061862 2.089457
v 15.365938 -0.804532 1.854164
v 15.290528 -0.449674 1.882678
v 15.288713 -0.205857 2.159198
v 15.353970 -0.218911 2.519762
v 15.466539 -0.477643 2.755508
v 15.539767 -0.833418 2.726320
v 15.547708 -1.071270 2.451062
v 15.863358 -0.878310 1.613588
v 15.782257 -0.545001 1.474120
v 15.818312 -0.209324 1.609104
v 15.944891 -0.066062 1.940722
v 16.089516 -0.201603 2.278120
v 16.177328 -0.539204 2.421847
v 16.149500 -0.875528 2.284650
v 16.016481 -1.016204 1.948023
v 16.323364 -0.807228 1.128459
v 16.316486 -0.458697 1.091397
v 16.442904 -0.204274 1.309593
v 16.621481 -0.187328 1.659653
v 16.756096 -0.426973 1.942833
v 16.772909 -0.785301 1.986631
v 16.652563 -1.043664 1.759795
v 16.463198 -1.050924 1.401817
v 16.948799 -0.825546 0.667088
v 17.004456 -0.502613 0.741125
v 17.160784 -0.343769 1.030028
v 17.321777 -0.433187 1.373318
v 17.405849 -0.739002 1.575655
v 17.363844 -1.077897 1.506813
v 17.209461 -1.239433 1.202120
v 17.034231 -1.131586 0.852936
v 17.716572 -0.791759 0.287128
v 17.776815 -0.506644 0.472840
v 17.925001 -0.448096 0.818134
v 18.064642 -0.647824 1.122594
v 18.122555 -1.000382 1.210043
v 18.062399 -1.294373 1.019909
v 17.917059 -1.350607 0.663834
v 17.775900 -1.140955 0.366161
v 18.587603 -0.484106 0.098493
v 18.622196 -0.272413 0.401595
v 18.743361 -0.338319 0.758949
v 18.881237 -0.642190 0.962636
v 18.956648 -1.011771 0.894303
v 18.924290 -1.226933 0.587576
v 18.801865 -1.159459 0.226149
v 18.662153 -0.852460 0.026444
v 19.598972 0.075724 0.165252
v 19.647842 0.170895 0.524741
v 19.759741 -0.024943 0.828990
v 19.869120 -0.397071 0.900511
v 19.911905 -0.727500 0.698141
v 19.863035 -0.822670 0.335985
v 19.751137 -0.626832 0.031999
v 19.641758 -0.254705 -0.038438
v 20.797077 0.534692 0.383917
v 20.866196 0.499363 0.740398
v 20.940527 0.210679 0.950038
v 20.976528 -0.162251 0.892058
v 20.953112 -0.400972 0.599187
v 20.883993 -0.365642 0.240348
v 20.809662 -0.076958 0.030183
v 20.773661 0.295972 0.089637
v 22.139828 0.690720 0.644230
v 22.179365 0.535081 0.958986
v 22.165798 0.197066 1.061031
v 22.107077 -0.125322 0.892213
v 22.037596 -0.243231 0.551351
v 21.998060 -0.087593 0.237875
v 22.011625 0.250423 0.133912
v 22.070349 0.572810 0.301849
v 23.498692 0.379595 0.923532
v 23.452950 0.139902 1.158780
v 23.341959 -0.185318 1.144303
v 23.233517 -0.405359 0.891815
v 23.187017 -0.392146 0.545156
v 23.233629 -0.150852 0.308687
v 23.341499 0.174105 0.321745
v 23.452011 0.393539 0.576372
v 24.576595 -0.265969 1.174592
v 24.472235 -0.535505 1.304706
v 24.336090 -0.801199 1.184640
v 24.247135 -0.908182 0.882607
v 24.260263 -0.790081 0.575255
v 24.372841 -0.515917 0.443184
v 24.511377 -0.248196 0.565933
v 24.592588 -0.146465 0.869613
v 25.494324 -1.011932 1.323498
v 25.378672 -1.276965 1.343253
v 25.266088 -1.465539 1.144503
v 25.223063 -1.466700 0.839406
v 25.279310 -1.274748 0.606440
v 25.400694 -1.002396 0.586374
v 25.512671 -0.814722 0.790886
v 25.549894 -0.820737 1.096380
v 26.401972 -1.718051 1.334253
v 26.301220 -1.945523 1.257867
v 26.216068 -2.040584 1.016560
v 26.203234 -1.947329 0.748117
v 26.274763 -1.717502 0.612594
v 26.385447 -1.486680 0.691984
v 26.465866 -1.393646 0.939566
v 26.471184 -1.491163 1.205693
v 27.317732 -2.298276 1.206383
v 27.236643 -2.458813 1.064741
v 27.173664 -2.456510 0.822747
v 27.188856 -2.306489 0.625535
v 27.265383 -2.082875 0.591113
v 27.349138 -1.915891 0.743192
v 27.398813 -1.916296 0.991134
v 27.385454 -2.076470 1.182646
v 28.240221 -2.698018 0.982416
v 28.168926 -2.770114 0.800809
v 28.141108 -2.707360 0.604683
v 28.171543 -2.536527 0.496340
v 28.243780 -2.352169 0.549292
v 28.309532 -2.267261 0.738235
v 28.328175 -2.335881 0.944071
v 28.293095 -2.511623 1.041088
v 29.152615 -2.886913 0.705981
v 29.101196 -2.888225 0.533121
v 29.086922 -2.779622 0.399243
v 29.123638 -2.619277 0.381049
v 29.190294 -2.499372 0.497632
v 29.243675 -2.497065 0.682310
v 29.249435 -2.612632 0.818277
v 29.211782 -2.774958 0.824748
v 30.036434 -2.876613 0.431570
v 29.994923 -2.814159 0.297235
v 29.992775 -2.689689 0.243051
v 30.035282 -2.571043 0.301748
v 30.097166 -2.528956 0.445777
v 30.136675 -2.591438 0.589412
v 30.133261 -2.722972 0.642055
v 30.091988 -2.840743 0.573969
v 30.880077 -2.684491 0.207305
v 30.850582 -2.580963 0.135955
v 30.861214 -2.472609 0.161209
v 30.908455 -2.419575 0.270170
v 30.963112 -2.453992 0.403395
v 30.990467 -2.559014 0.480831
v 30.976486 -2.672453 0.452922
v 30.930950 -2.723552 0.337781
v 31.687078 -2.350496 0.070942
v 31.669619 -2.233500 0.074061
v 31.690622 -2.170323 0.163681
v 31.739519 -2.195767 0.288343
v 31.786793 -2.295433 0.377858
v 31.803019 -2.413155 0.378698
v 31.779587 -2.479428 0.287563
v 31.732649 -2.454092 0.159134
v 32.460037 -1.922336 0.043434
v 32.451752 -1.822886 0.117723
v 32.480267 -1.827735 0.244269
v 32.530773 -1.931989 0.348736
v 32.573589 -2.074081 0.372884
v 32.580902 -2.172046 0.302669
v 32.550499 -2.170959 0.176432
v 32.499420 -2.066495 0.067649
v 33.203850 -1.476745 0.125913
v 33.202240 -1.424719 0.252478
v 33.238064 -1.507338 0.380809
v 33.292027 -1.672601 0.435279
v 33.331936 -1.822488 0.387986
v 33.333549 -1.873654 0.267030
v 33.292850 -1.793474 0.138912
v 33.239792 -1.629834 0.078886
v -14.767471 0.473752 1.425123
v -14.772120 0.309641 1.002401
v -14.720731 0.460449 0.591301
v -14.644062 0.843763 0.433498
v -14.583959 1.230941 0.625523
v -14.579246 1.393626 1.054200
v -14.636021 1.240774 1.463717
v -14.712679 0.859048 1.615752
v -14.049837 0.267759 0.886427
v -14.022046 0.289844 0.449989
v -13.946842 0.586354 0.164118
v -13.869289 0.988168 0.198220
v -13.832909 1.256033 0.535431
v -13.864907 1.234702 0.976202
v -13.942327 0.935314 1.259136
v -14.017145 0.534070 1.220830
v -13.061873 0.274715 0.339516
v -13.019582 0.476983 -0.031884
v -12.986904 0.866981 -0.146836
v -12.979928 1.215354 0.063671
v -13.009711 1.321862 0.478248
v -13.058818 1.122586 0.851636
v -13.097089 0.735443 0.963629
v -13.097188 0.384204 0.751119
v -11.819749 0.657950 -0.051830
v -11.854586 0.999323 -0.299461
v -11.953211 1.396331 -0.238813
v -12.056642 1.616177 0.095158
v -12.115924 1.537872 0.507799
v -12.096306 1.207154 0.755857
v -11.997663 0.810060 0.694222
v -11.879013 0.579555 0.359767
v -10.774802 1.478867 -0.215128
v -10.921809 1.860813 -0.304459
v -11.119592 2.160127 -0.088201
v -11.252293 2.201474 0.306963
v -11.242176 1.960634 0.649553
v -11.095168 1.578688 0.738883
v -10.897386 1.279374 0.522626
v -10.764686 1.238027 0.127461
v -10.091341 2.432093 -0.149194
v -10.291053 2.784245 -0.059650
v -10.478283 2.937661 0.276985
v -10.543353 2.802472 0.663513
v -10.448148 2.457870 0.873512
v -10.248435 2.105719 0.783967
v -10.061205 1.952303 0.447332
v -9.996135 2.087492 0.060804
v -9.470627 3.332735 0.201669
v -9.642495 3.600138 0.461183
v -9.767531 3.585996 0.851768
v -9.772491 3.298592 1.144625
v -9.654469 2.906283 1.168202
v -9.482600 2.638880 0.908688
v -9.357565 2.653022 0.518102
v -9.352605 2.940427 0.225245
v -8.613062 3.972847 0.858561
v -8.729074 4.091950 1.229047
v -8.824057 3.901925 1.575129
v -8.842371 3.514085 1.694077
v -8.773288 3.155621 1.516213
v -8.657276 3.036518 1.145727
v -8.562293 3.226543 0.799645
v -8.543980 3.614383 0.680697
v -7.541819 4.095895 1.716130
v -7.661880 4.033453 2.094468
v -7.799150 3.716916 2.300419
v -7.873219 3.331709 2.213338
v -7.840698 3.103480 1.884237
v -7.720637 3.165922 1.505898
v -7.583367 3.482459 1.299948
v -7.509298 3.867666 1.387028
v -6.530975 3.593525 2.580075
v -6.725975 3.393661 2.862375
v -6.934457 3.055396 2.875375
v -7.034297 2.776882 2.609853
v -6.967009 2.721268 2.222014
v -6.772009 2.921132 1.938382
v -6.563527 3.259397 1.926048
v -6.463687 3.537911 2.192235
v -5.898456 2.684141 3.246152
v -6.165616 2.422971 3.368190
v -6.379662 2.141932 3.195378
v -6.415208 2.005653 2.827652
v -6.251433 2.093964 2.481181
v -5.984273 2.355134 2.358387
v -5.770227 2.636173 2.531199
v -5.734681 2.772452 2.898926
v -5.565259 1.641532 3.627460
v -5.836689 1.368415 3.572443
v -5.973451 1.174993 3.263639
v -5.895430 1.174570 2.881491
v -5.648330 1.367394 2.650945
v -5.376899 1.640511 2.706361
v -5.240138 1.833933 3.014766
v -5.318159 1.834356 3.397974
v -5.276895 0.552121 3.716357
v -5.479441 0.305097 3.502348
v -5.498990 0.223280 3.125560
v -5.324089 0.354598 2.808362
v -5.057194 0.622127 2.736161
v -4.854648 0.869151 2.950250
v -4.835099 0.950968 3.326674
v -5.009999 0.819650 3.644557
v -4.841897 -0.476327 3.538224
v -4.948887 -0.642175 3.212790
v -4.869711 -0.588116 2.842774
v -4.650749 -0.345818 2.647308
v -4.420267 -0.057215 2.739209
v -4.313277 0.108632 3.063774
v -4.392453 0.054574 3.433233
v -4.611414 -0.187724 3.629416
v -4.303504 -1.352614 3.124056
v -4.323571 -1.384713 2.749485
v -4.168356 -1.203778 2.457099
v -3.928783 -0.915797 2.419585
v -3.745189 -0.689466 2.657292
v -3.725122 -0.657366 3.030454
v -3.880337 -0.838301 3.322247
v -4.119911 -1.126283 3.360763
v -3.750768 -2.009093 2.552313
v -3.677378 -1.907518 2.202622
v -3.451710 -1.658411 2.042015
v -3.205957 -1.407694 2.165546
v -3.084079 -1.302235 2.499282
v -3.157470 -1.403810 2.847383
v -3.383138 -1.652917 3.007307
v -3.628890 -1.903634 2.885667
v -3.085513 -2.521667 1.920279
v -2.933531 -2.308406 1.663568
v -2.678817 -2.042496 1.662318
v -2.470578 -1.879705 1.916590
v -2.430799 -1.915392 2.276754
v -2.582781 -2.128652 2.531860
v -2.837495 -2.394562 2.533625
v -3.045734 -2.557353 2.281014
v -2.285810 -2.804304 1.274830
v -2.113045 -2.502224 1.171223
v -1.879689 -2.270155 1.327188
v -1.722438 -2.244041 1.650184
v -1.733409 -2.439179 1.951161
v -1.906175 -2.741260 2.053818
v -2.139531 -2.973328 1.898722
v -2.296781 -2.999442 1.576325
v -1.578117 -2.680225 0.726109
v -1.411975 -2.367829 0.808351
v -1.183815 -2.251626 1.067057
v -1.026036 -2.400095 1.351265
v -1.029817 -2.726926 1.493583
v -1.194639 -3.040337 1.410366
v -1.423096 -3.156256 1.151417
v -1.580809 -3.007037 0.867747
v -1.013897 -2.257739 0.378813
v -0.816403 -2.040395 0.594723
v -0.557599 -2.082875 0.849903
v -0.388123 -2.361176 0.994886
v -0.409309 -2.712957 0.944193
v -0.605591 -2.931591 0.726965
v -0.865629 -2.887855 0.470855
v -1.034201 -2.608430 0.326586
v -0.390009 -1.790900 0.135433
v -0.129649 -1.715678 0.388199
v 0.135590 -1.897957 0.561812
v 0.251938 -2.232550 0.555820
v 0.150900 -2.523985 0.371907
v -0.108831 -2.600047 0.117110
v -0.373607 -2.415660 -0.058197
v -0.490361 -2.080233 -0.049873
v 0.334404 -1.412082 -0.074842
v 0.629745 -1.484485 0.141102
v 0.853178 -1.764199 0.195359
v 0.875041 -2.089236 0.056569
v 0.679175 -2.269084 -0.195989
v 0.384032 -2.196344 -0.415565
v 0.161728 -1.913895 -0.470342
v 0.140060 -1.589109 -0.328358
v 1.120361 -1.178211 -0.312180
v 1.403710 -1.378548 -0.185232
v 1.543111 -1.699516 -0.261181
v 1.454254 -1.955068 -0.496417
v 1.190828 -1.994161 -0.755676
v 0.910865 -1.791999 -0.886752
v 0.772478 -1.468455 -0.810220
v 0.858637 -1.214717 -0.571147
v 1.902434 -1.096880 -0.620089
v 2.124537 -1.384807 -0.611093
v 2.157254 -1.683906 -0.807515
v 1.975668 -1.820673 -1.093971
v 1.694292 -1.712137 -1.305098
v 1.478146 -1.421356 -1.316473
v 1.446589 -1.120849 -1.119513
v 1.621550 -0.987157 -0.830303
v 2.621803 -1.132244 -1.007052
v 2.755543 -1.446381 -1.135761
v 2.688161 -1.656675 -1.429457
v 2.461346 -1.639285 -1.716713
v 2.211880 -1.402921 -1.830674
v 2.086861 -1.086533 -1.705286
v 2.148837 -0.877204 -1.411460
v 2.370992 -0.896404 -1.121783
v 3.272199 -1.170772 -1.482100
v 3.329287 -1.429306 -1.744618
v 3.196588 -1.495269 -2.089512
v 2.961464 -1.327552 -2.314901
v 2.761804 -1.024978 -2.290488
v 2.715181 -0.765327 -2.030971
v 2.838877 -0.701232 -1.686833
v 3.067705 -0.869343 -1.458259
v 3.928901 -1.053954 -2.045842
v 3.920354 -1.191076 -2.399296
v 3.748985 -1.099121 -2.722020
v 3.521424 -0.830763 -2.825928
v 3.371258 -0.544334 -2.651704
v 3.385877 -0.407573 -2.301348
v 3.547356 -0.500559 -1.978166
v 3.772625 -0.768084 -1.871139
v 4.605472 -0.709143 -2.648643
v 4.532958 -0.701654 -3.021160
v 4.335672 -0.483781 -3.251379
v 4.131614 -0.183462 -3.205175
v 4.040575 0.022428 -2.911377
v 4.112646 0.013802 -2.541910
v 4.302596 -0.203854 -2.310283
v 4.506714 -0.503278 -2.353665
v 5.260444 -0.209008 -3.177624
v 5.166257 -0.044288 -3.498424
v 4.988160 0.262663 -3.592255
v 4.830113 0.530885 -3.404680
v 4.785508 0.602957 -3.047440
v 4.875996 0.437463 -2.728276
v 5.049278 0.131429 -2.633079
v 5.209332 -0.136394 -2.818356
v 6.022986 0.358537 -3.433472
v 6.011302 0.665959 -3.609973
v 5.897467 0.995751 -3.536031
v 5.748414 1.153822 -3.256407
v 5.649951 1.047709 -2.935832
v 5.658886 0.740400 -2.760366
v 5.770405 0.411492 -2.831774
v 5.923440 0.253381 -3.110538
v 7.033829 0.650778 -3.051790
v 7.087486 0.969583 -3.013952
v 6.959935 1.218132 -2.817014
v 6.728162 1.250440 -2.576464
v 6.522636 1.048064 -2.433980
v 6.468184 0.729709 -2.472226
v 6.595470 0.481543 -2.668691
v 6.830968 0.448859 -2.908718
v 7.897717 0.588766 -2.263598
v 7.871496 0.863124 -2.115387
v 7.665281 1.011701 -1.909663
v 7.398132 0.947365 -1.767385
v 7.227307 0.707988 -1.771718
v 7.253524 0.433727 -1.920043
v 7.460511 0.285227 -2.125461
v 7.727931 0.349484 -2.267750
v 8.521283 0.361700 -1.352217
v 8.393591 0.568639 -1.168640
v 8.134134 0.614218 -1.015437
v 7.896717 0.471837 -0.981777
v 7.819664 0.224861 -1.087617
v 7.948112 0.017963 -1.270956
v 8.206815 -0.027657 -1.424397
v 8.444232 0.114723 -1.458056
v 8.934578 -0.005780 -0.422919
v 8.724072 0.112294 -0.258706
v 8.461896 0.061527 -0.188595
v 8.301628 -0.128342 -0.253656
v 8.337152 -0.346091 -0.415778
v 8.547658 -0.464166 -0.579992
v 8.809834 -0.413398 -0.650103
v 8.970102 -0.223529 -0.585041
v 9.193974 -0.504662 0.415613
v 8.944141 -0.482487 0.526050
v 8.726564 -0.607530 0.509092
v 8.668695 -0.806543 0.374672
v 8.804434 -0.962946 0.201532
v 9.054266 -0.985121 0.091094
v 9.271844 -0.860078 0.108052
v 9.329712 -0.661065 0.242472
v 9.401870 -1.134218 1.143520
v 9.163984 -1.208452 1.185945
v 9.031427 -1.380449 1.095747
v 9.081849 -1.549456 0.925762
v 9.285714 -1.616471 0.775566
v 9.523602 -1.542237 0.733140
v 9.656159 -1.370240 0.823339
v 9.605737 -1.201232 0.993323
v 9.705270 -1.876444 1.753749
v 9.535501 -2.035143 1.733480
v 9.510187 -2.213930 1.592478
v 9.644157 -2.308074 1.413339
v 9.858933 -2.262427 1.301000
v 10.028703 -2.103729 1.321268
v 10.054016 -1.924942 1.462271
v 9.920046 -1.830798 1.641410
v 10.301695 -2.666269 2.261019
v 10.241523 -2.867357 2.185467
v 10.308035 -2.995510 2.008772
v 10.461646 -2.975596 1.834510
v 10.613880 -2.819428 1.764591
v 10.674053 -2.618340 1.840143
v 10.607540 -2.490187 2.016837
v 10.453304 -2.510040 2.191170
v 11.253536 -3.329504 2.635248
v 11.294291 -3.503878 2.502280
v 11.397584 -3.535138 2.303822
v 11.501784 -3.404839 2.156190
v 11.548567 -3.189630 2.145712
v 11.507812 -3.015255 2.278680
v 11.403969 -2.983836 2.477252
v 11.299192 -3.114162 2.624833
v 12.497017 -3.661792 2.864440
v 12.595140 -3.755664 2.683205
v 12.659454 -3.683376 2.483519
v 12.650608 -3.487059 2.382395
v 12.576521 -3.281971 2.439019
v 12.478065 -3.187963 2.620361
v 12.413746 -3.260269 2.820163
v 12.422565 -3.456750 2.921058
v 13.870915 -3.384079 2.926297
v 13.943640 -3.383956 2.712343
v 13.882829 -3.262012 2.535049
v 13.725388 -3.089590 2.498160
v 13.565544 -2.968111 2.623433
v 13.491412 -2.967895 2.837602
v 13.551531 -3.090005 3.014947
v 13.709355 -3.262481 3.051530
v 14.845079 -2.655024 2.753489
v 14.816374 -2.602766 2.536847
v 14.645388 -2.483096 2.423892
v 14.432570 -2.365957 2.480899
v 14.303370 -2.320235 2.674639
v 14.330330 -2.372338 2.891594
v 14.502346 -2.492453 3.004308
v 14.714672 -2.609361 2.947105
v 15.407106 -1.892884 2.463746
v 15.284334 -1.800992 2.288865
v 15.072098 -1.673648 2.270709
v 14.895055 -1.585355 2.420162
v 14.855547 -1.587876 2.649802
v 14.978658 -1.680167 2.824882
v 15.190339 -1.807640 2.842741
v 15.367578 -1.895653 2.693110
v 15.746312 -1.189906 2.181113
v 15.585690 -1.037561 2.083807
v 15.406790 -0.885988 2.166580
v 15.313695 -0.823848 2.381237
v 15.361609 -0.887928 2.602115
v 15.520850 -1.040529 2.699549
v 15.702004 -1.192471 2.616259
v 15.794238 -1.254067 2.401543
v 16.061031 -0.573680 1.985982
v 15.940368 -0.360735 1.980549
v 15.849123 -0.205460 2.145922
v 15.841751 -0.198984 2.385603
v 15.921814 -0.345363 2.559079
v 16.042604 -0.558790 2.564408
v 16.133726 -0.713944 2.398536
v 16.141439 -0.719971 2.158979
v 16.498112 -0.073095 1.854402
v 16.477989 0.154772 1.935336
v 16.491238 0.260687 2.151577
v 16.529089 0.182526 2.376707
v 16.571369 -0.034465 2.478711
v 16.592020 -0.262800 2.397482
v 16.578402 -0.368384 2.180846
v 16.539801 -0.289715 1.955976
v 17.109180 0.166271 1.719033
v 17.204412 0.335219 1.858454
v 17.281986 0.343114 2.086335
v 17.295006 0.185207 2.269287
v 17.237722 -0.046385 2.299930
v 17.142574 -0.215577 2.160101
v 17.065241 -0.223096 1.932009
v 17.052219 -0.064917 1.749442
v 17.818008 0.060379 1.535159
v 17.952261 0.134116 1.716242
v 18.008032 0.047035 1.932652
v 17.954035 -0.150275 2.057730
v 17.822659 -0.342365 2.017895
v 17.685879 -0.415890 1.836417
v 17.630131 -0.328420 1.619917
v 17.685223 -0.131141 1.495261
v 18.492683 -0.211706 1.382378
v 18.599972 -0.225869 1.590916
v 18.603655 -0.382999 1.769381
v 18.499414 -0.591047 1.813080
v 18.350479 -0.728329 1.696272
v 18.242065 -0.713991 1.487391
v 18.238220 -0.556568 1.309013
v 18.339556 -0.348368 1.265498
v 19.095642 -0.486354 1.306529
v 19.165422 -0.586064 1.505328
v 19.139301 -0.796752 1.604307
v 19.032581 -0.995094 1.545379
v 18.905945 -1.064617 1.362951
v 18.836449 -0.964810 1.164020
v 18.862568 -0.754006 1.065172
v 18.971535 -0.555973 1.124299
v 19.620468 -0.649192 1.315604
v 19.693998 -0.824031 1.445739
v 19.701790 -1.052658 1.421689
v 19.639277 -1.201146 1.257540
v 19.544409 -1.182636 1.049462
v 19.475273 -1.008117 0.919393
v 19.463087 -0.779141 0.943402
v 19.525600 -0.630658 1.107570
v 20.344194 -0.691220 1.259723
v 20.428993 -0.897844 1.294045
v 20.450443 -1.084612 1.168666
v 20.395981 -1.142119 0.957031
v 20.297506 -1.036677 0.783114
v 20.212708 -0.830052 0.748792
v 20.191256 -0.643284 0.874171
v 20.245720 -0.585778 1.085806
v 21.186316 -0.670007 1.120893
v 21.249784 -0.875317 1.064885
v 21.245798 -0.995466 0.878162
v 21.176689 -0.960072 0.670102
v 21.082943 -0.789869 0.562585
v 21.019474 -0.584559 0.618593
v 21.023460 -0.464410 0.805317
v 21.092569 -0.499804 1.013377
v 22.016188 -0.718294 0.920776
v 22.025274 -0.894481 0.792409
v 21.992870 -0.932455 0.580016
v 21.937958 -0.809969 0.408014
v 21.892702 -0.598776 0.377159
v 21.883615 -0.422588 0.505527
v 21.916019 -0.384614 0.717920
v 21.970932 -0.507100 0.889922
v 22.785374 -0.961551 0.665982
v 22.754881 -1.066808 0.482129
v 22.738497 -1.010341 0.276328
v 22.745819 -0.825227 0.169135
v 22.772556 -0.619904 0.223343
v 22.803049 -0.514647 0.407196
v 22.819433 -0.571114 0.612997
v 22.812111 -0.756228 0.720190
v 23.539093 -1.291653 0.368747
v 23.523792 -1.308586 0.160102
v 23.548325 -1.177120 -0.001665
v 23.598318 -0.974268 -0.021793
v 23.644487 -0.818858 0.111509
v 23.659788 -0.801925 0.320154
v 23.635256 -0.933390 0.481920
v 23.585262 -1.136243 0.502048
v 23.664427 -1.515148 0.178465
v 23.686762 -1.497520 0.002091
v 23.710247 -1.366373 -0.104125
v 23.697460 -1.203400 -0.079462
v 23.680004 -1.097589 0.053784
v 23.684629 -1.108384 0.224526
v 23.648472 -1.233242 0.336796
v 23.639883 -1.403023 0.320170
v 24.549927 -1.695785 -0.066878
v 24.552755 -1.618342 -0.196593
v 24.581398 -1.472250 -0.234420
v 24.563351 -1.346659 -0.151253
v 24.527628 -1.308661 -0.002636
v 24.527105 -1.378669 0.129255
v 24.502317 -1.521236 0.170785
v 24.526625 -1.655880 0.088854
v 25.459934 -1.728293 -0.243609
v 25.471910 -1.617238 -0.315660
v 25.493048 -1.486859 -0.288366
v 25.469276 -1.419167 -0.172086
v 25.430393 -1.447263 -0.040591
v 25.432049 -1.553141 0.032294
v 25.435345 -1.681802 0.004868
v 25.461636 -1.756212 -0.113338
v 26.409575 -1.643865 -0.334105
v 26.420750 -1.528049 -0.342006
v 26.436176 -1.439033 -0.266476
v 26.408989 -1.437470 -0.146800
v 26.379532 -1.515430 -0.059031
v 26.384653 -1.627291 -0.051824
v 26.398424 -1.713149 -0.130087
v 26.405783 -1.720302 -0.247582
v 27.379353 -1.485664 -0.328322
v 27.381660 -1.396449 -0.276926
v 27.398790 -1.363935 -0.179851
v 27.383127 -1.419032 -0.087581
v 27.366583 -1.520623 -0.059442
v 27.359814 -1.609858 -0.109647
v 27.370935 -1.636210 -0.210540
v 27.373169 -1.585238 -0.300209
v 28.369003 -1.310934 -0.230889
v 28.379395 -1.267486 -0.142538
v 28.385931 -1.299151 -0.050427
v 28.378359 -1.390583 -0.008383
v 28.364368 -1.485683 -0.042337
v 28.353594 -1.528043 -0.131335
v 28.360025 -1.492846 -0.224881
v 28.366629 -1.402509 -0.266677
v 29.409136 -1.161379 -0.071524
v 29.424030 -1.175417 0.029609
v 29.424223 -1.259620 0.089438
v 29.409475 -1.365126 0.071883
v 29.388186 -1.429063 -0.013150
v 29.374325 -1.413283 -0.114982
v 29.380602 -1.326928 -0.175061
v 29.393204 -1.222958 -0.156694
v 30.462418 -1.075203 0.121146
v 30.476116 -1.147929 0.207165
v 30.467077 -1.265627 0.214631
v 30.440485 -1.358988 0.137978
v 30.411684 -1.372160 0.022478
v 30.399744 -1.297308 -0.063400
v 30.411758 -1.179128 -0.070218
v 30.435699 -1.088036 0.006677
v 31.500208 -1.079137 0.307103
v 31.507528 -1.199069 0.350665
v 31.489035 -1.321577 0.295597
v 31.455189 -1.374031 0.173445
v 31.425694 -1.325015 0.056699
v 31.421181 -1.203351 0.013894
v 31.440672 -1.081566 0.069452
v 31.471169 -1.031335 0.191342
v 32.519798 -1.165422 0.442920
v 32.518944 -1.308895 0.425314
v 32.492691 -1.404905 0.311838
v 32.456120 -1.396189 0.169016
v 32.431728 -1.287671 0.081512
v 32.435425 -1.143458 0.099900
v 32.461246 -1.048642 0.213176
v 32.494839 -1.058514 0.355396
vt 0.100177 0.746639
vt 0.100299 0.739940
vt 0.116021 0.739945
vt 0.116238 0.746706
vt 0.084896 0.746348
vt 0.085401 0.739710
vt 0.102081 0.733860
vt 0.117586 0.733826
vt 0.133426 0.740246
vt 0.133584 0.746749
vt 0.087512 0.733797
vt 0.151534 0.741411
vt 0.151487 0.747235
vt 0.117607 0.753632
vt 0.134666 0.753632
vt 0.382257 0.759837
vt 0.381418 0.753631
vt 0.395544 0.753631
vt 0.396649 0.760111
vt 0.368209 0.759585
vt 0.367591 0.753631
vt 0.410054 0.753631
vt 0.411460 0.760411
vt 0.381014 0.765246
vt 0.395490 0.765841
vt 0.354217 0.759230
vt 0.353765 0.753631
vt 0.366051 0.747637
vt 0.379518 0.747594
vt 0.366964 0.764705
vt 0.424934 0.753631
vt 0.426516 0.760385
vt 0.410455 0.766438
vt 0.340219 0.758745
vt 0.339887 0.753631
vt 0.352456 0.747765
vt 0.439992 0.753631
vt 0.441300 0.760078
vt 0.425672 0.766590
vt 0.392719 0.770398
vt 0.407723 0.771042
vt 0.338583 0.748069
vt 0.440303 0.766066
vt 0.423116 0.771328
vt 0.326074 0.753631
vt 0.324670 0.748491
vt 0.456266 0.759949
vt 0.454902 0.765425
vt 0.437941 0.770710
vt 0.472224 0.760021
vt 0.470785 0.764967
vt 0.452659 0.769670
vt 0.488203 0.759130
vt 0.486812 0.763560
vt 0.468884 0.768721
vt 0.472158 0.753631
vt 0.488718 0.753631
vt 0.503106 0.758204
vt 0.501231 0.762259
vt 0.503844 0.753631
vt 0.517500 0.757681
vt 0.515760 0.761684
vt 0.518043 0.753631
vt 0.531667 0.757136
vt 0.530282 0.760938
vt 0.499449 0.765238
vt 0.513817 0.764518
vt 0.545320 0.756642
vt 0.544166 0.760073
vt 0.528413 0.764025
vt 0.542488 0.763193
vt 0.558312 0.759432
vt 0.556738 0.762325
vt 0.527115 0.766648
vt 0.541147 0.765677
vt 0.555276 0.764886
vt 0.379837 0.736592
vt 0.374930 0.773800
vt 0.389201 0.774509
vt 0.393664 0.735737
vt 0.366348 0.737165
vt 0.361185 0.773168
vt 0.404207 0.775269
vt 0.408243 0.735026
vt 0.378534 0.742023
vt 0.392249 0.741516
vt 0.352689 0.737330
vt 0.347423 0.772475
vt 0.364379 0.769057
vt 0.378317 0.769738
vt 0.365182 0.742203
vt 0.419813 0.775545
vt 0.423341 0.735143
vt 0.406587 0.741067
vt 0.338645 0.737298
vt 0.333449 0.771648
vt 0.350447 0.768339
vt 0.435078 0.774787
vt 0.438074 0.735469
vt 0.421557 0.741157
vt 0.393296 0.747454
vt 0.407578 0.747316
vt 0.336406 0.767626
vt 0.436603 0.741367
vt 0.422409 0.747424
vt 0.452836 0.735587
vt 0.452018 0.741301
vt 0.437496 0.747683
vt 0.469880 0.736751
vt 0.469411 0.741817
vt 0.453178 0.747668
vt 0.487892 0.740369
vt 0.487499 0.744470
vt 0.470448 0.747597
vt 0.467419 0.772447
vt 0.484755 0.770566
vt 0.502068 0.742435
vt 0.502236 0.746277
vt 0.498433 0.768550
vt 0.515858 0.743251
vt 0.516134 0.747115
vt 0.512489 0.767468
vt 0.529756 0.743674
vt 0.529955 0.747441
vt 0.503143 0.749766
vt 0.517167 0.750365
vt 0.543171 0.743965
vt 0.543344 0.747376
vt 0.530896 0.750749
vt 0.544224 0.750722
vt 0.556921 0.747325
vt 0.557766 0.750535
vt 0.531902 0.753631
vt 0.545236 0.753631
vt 0.558854 0.753631
vt 0.559204 0.756481
vt 0.648210 0.762547
vt 0.648315 0.759544
vt 0.661546 0.759746
vt 0.661257 0.762708
vt 0.634398 0.762478
vt 0.634455 0.759495
vt 0.648240 0.756542
vt 0.661607 0.756758
vt 0.674281 0.760194
vt 0.673907 0.763076
vt 0.647830 0.765466
vt 0.660743 0.765653
vt 0.634131 0.756494
vt 0.686304 0.760778
vt 0.685634 0.763707
vt 0.673270 0.765885
vt 0.684735 0.766408
vt 0.648808 0.750757
vt 0.649444 0.747974
vt 0.662728 0.747471
vt 0.662116 0.750463
vt 0.634089 0.750965
vt 0.634700 0.748407
vt 0.650058 0.745344
vt 0.663379 0.744596
vt 0.675406 0.746898
vt 0.674761 0.750162
vt 0.648331 0.753630
vt 0.661711 0.753630
vt 0.635440 0.745950
vt 0.686974 0.746335
vt 0.686554 0.749812
vt 0.674389 0.753630
vt 0.686511 0.753630
vt 0.726787 0.757913
vt 0.724395 0.753630
vt 0.736628 0.753630
vt 0.739069 0.757930
vt 0.713271 0.758103
vt 0.711603 0.753630
vt 0.748776 0.753630
vt 0.750673 0.758638
vt 0.727415 0.762507
vt 0.739688 0.762751
vt 0.713418 0.762392
vt 0.761514 0.753630
vt 0.763004 0.759594
vt 0.750920 0.763611
vt 0.774957 0.753630
vt 0.776190 0.759762
vt 0.762820 0.764958
vt 0.738340 0.766722
vt 0.749450 0.767825
vt 0.787998 0.753630
vt 0.789207 0.759429
vt 0.775763 0.765511
vt 0.789012 0.765093
vt 0.801069 0.759007
vt 0.801174 0.764178
vt 0.332954 0.835932
vt 0.333288 0.830551
vt 0.348857 0.830551
vt 0.348486 0.835969
vt 0.316698 0.835627
vt 0.317211 0.830551
vt 0.332517 0.825022
vt 0.348237 0.825007
vt 0.364142 0.830551
vt 0.363685 0.835924
vt 0.301205 0.835505
vt 0.301724 0.830551
vt 0.316657 0.825222
vt 0.363593 0.825095
vt 0.379301 0.830551
vt 0.378784 0.835957
vt 0.347169 0.840757
vt 0.362281 0.840716
vt 0.286747 0.835788
vt 0.287130 0.830551
vt 0.301475 0.825221
vt 0.378717 0.825141
vt 0.394349 0.830551
vt 0.393872 0.836029
vt 0.377259 0.840762
vt 0.286882 0.824924
vt 0.409361 0.830551
vt 0.409036 0.836227
vt 0.392290 0.840791
vt 0.272610 0.830551
vt 0.272199 0.824642
vt 0.407552 0.841006
vt 0.257903 0.830551
vt 0.257451 0.824625
vt 0.271791 0.818431
vt 0.286594 0.818888
vt 0.423778 0.836393
vt 0.422446 0.841340
vt 0.390113 0.845112
vt 0.405391 0.845233
vt 0.256948 0.818388
vt 0.437818 0.836339
vt 0.436522 0.841349
vt 0.420437 0.845542
vt 0.451494 0.836338
vt 0.449905 0.841267
vt 0.434652 0.845577
vt 0.447892 0.845365
vt 0.463636 0.841829
vt 0.461339 0.845765
vt 0.432715 0.849706
vt 0.446012 0.849331
vt 0.477146 0.842465
vt 0.474863 0.846502
vt 0.459365 0.849445
vt 0.489086 0.841024
vt 0.486958 0.845262
vt 0.478815 0.836899
vt 0.490597 0.835918
vt 0.502190 0.840221
vt 0.499897 0.844350
vt 0.478824 0.830551
vt 0.490631 0.830551
vt 0.503710 0.835492
vt 0.515939 0.839791
vt 0.513707 0.843954
vt 0.517466 0.835247
vt 0.530300 0.839236
vt 0.528049 0.843330
vt 0.497757 0.848170
vt 0.511620 0.847862
vt 0.526050 0.847246
vt 0.542643 0.842522
vt 0.540523 0.846396
vt 0.558233 0.841935
vt 0.555996 0.845561
vt 0.529769 0.816862
vt 0.543618 0.817583
vt 0.558328 0.818619
vt 0.572375 0.844917
vt 0.574123 0.819697
vt 0.558157 0.822296
vt 0.573550 0.823016
vt 0.332421 0.813475
vt 0.327633 0.849191
vt 0.343329 0.849407
vt 0.348297 0.814043
vt 0.316481 0.813209
vt 0.311487 0.848706
vt 0.329771 0.844875
vt 0.345288 0.845113
vt 0.358431 0.849287
vt 0.363630 0.814497
vt 0.301763 0.813346
vt 0.296244 0.849307
vt 0.313575 0.844293
vt 0.360351 0.845053
vt 0.373226 0.849270
vt 0.378580 0.814764
vt 0.347673 0.819415
vt 0.363074 0.819691
vt 0.287472 0.813167
vt 0.281461 0.850512
vt 0.298268 0.844601
vt 0.375209 0.845077
vt 0.388004 0.849363
vt 0.393265 0.814846
vt 0.378133 0.819849
vt 0.272561 0.812629
vt 0.266149 0.850921
vt 0.283629 0.845592
vt 0.403190 0.849445
vt 0.408190 0.814758
vt 0.392924 0.819826
vt 0.268489 0.846121
vt 0.407767 0.819704
vt 0.250901 0.850820
vt 0.253265 0.846032
vt 0.270675 0.841302
vt 0.285540 0.840785
vt 0.423294 0.814717
vt 0.422634 0.819630
vt 0.393646 0.825072
vt 0.408525 0.824943
vt 0.255591 0.841255
vt 0.437849 0.814876
vt 0.437068 0.819755
vt 0.423189 0.824854
vt 0.239224 0.846489
vt 0.241592 0.841550
vt 0.451315 0.814999
vt 0.450707 0.819801
vt 0.437417 0.824942
vt 0.451216 0.824997
vt 0.464041 0.819839
vt 0.464793 0.824828
vt 0.438082 0.830551
vt 0.451998 0.830551
vt 0.477066 0.820355
vt 0.477598 0.824869
vt 0.465969 0.830551
vt 0.489490 0.821430
vt 0.489779 0.825763
vt 0.477694 0.816449
vt 0.490092 0.817452
vt 0.502092 0.821582
vt 0.502827 0.826083
vt 0.502392 0.817204
vt 0.515700 0.821357
vt 0.516673 0.826041
vt 0.515809 0.816767
vt 0.529793 0.821304
vt 0.530889 0.826028
vt 0.503845 0.830551
vt 0.517749 0.830551
vt 0.543701 0.821649
vt 0.544914 0.826144
vt 0.531998 0.830551
vt 0.546211 0.830551
vt 0.559352 0.826310
vt 0.560880 0.830551
vt 0.531826 0.834998
vt 0.546369 0.834769
vt 0.561478 0.834667
vt 0.575794 0.830551
vt 0.576669 0.834577
vt 0.560410 0.838409
vt 0.576116 0.838293
vt 0.906133 0.838272
vt 0.907028 0.836086
vt 0.909595 0.833826
vt 0.908900 0.835675
vt 0.905755 0.840698
vt 0.908674 0.837440
vt 0.907538 0.822429
vt 0.909664 0.824702
vt 0.907601 0.824841
vt 0.909530 0.826674
vt 0.908422 0.827540
vt 0.909901 0.828645
vt 0.755962 0.875650
vt 0.754651 0.880338
vt 0.738041 0.879967
vt 0.739360 0.875172
vt 0.772292 0.876236
vt 0.771147 0.880785
vt 0.754248 0.885365
vt 0.737576 0.885178
vt 0.721765 0.879418
vt 0.723235 0.874609
vt 0.770901 0.885567
vt 0.721291 0.884808
vt 0.704516 0.878280
vt 0.706099 0.873135
vt 0.741239 0.870907
vt 0.725207 0.870338
vt 0.786433 0.880934
vt 0.786685 0.885721
vt 0.771277 0.890552
vt 0.754728 0.890552
vt 0.704388 0.884214
vt 0.686350 0.877239
vt 0.687605 0.871450
vt 0.708361 0.868818
vt 0.787246 0.890552
vt 0.686951 0.883879
vt 0.669100 0.877222
vt 0.670100 0.870876
vt 0.689951 0.866810
vt 0.802656 0.885588
vt 0.803623 0.890552
vt 0.670121 0.884081
vt 0.653295 0.877277
vt 0.654615 0.870707
vt 0.672463 0.865983
vt 0.819151 0.885343
vt 0.820404 0.890552
vt 0.803722 0.895661
vt 0.787213 0.895552
vt 0.654478 0.884116
vt 0.638275 0.876940
vt 0.639668 0.870139
vt 0.657357 0.865524
vt 0.820832 0.895890
vt 0.623445 0.876453
vt 0.624844 0.869534
vt 0.642754 0.864512
vt 0.628045 0.863526
vt 0.609953 0.869162
vt 0.613161 0.862849
vt 0.636945 0.908782
vt 0.621150 0.909209
vt 0.595148 0.869114
vt 0.598085 0.862709
vt 0.605880 0.909145
vt 0.591238 0.908639
vt 0.583814 0.863629
vt 0.577430 0.907937
vt 0.755095 0.895807
vt 0.754525 0.900772
vt 0.737704 0.900713
vt 0.738310 0.895815
vt 0.771463 0.895727
vt 0.770785 0.900696
vt 0.753111 0.905222
vt 0.736357 0.905137
vt 0.721605 0.901106
vt 0.722143 0.896057
vt 0.769305 0.905177
vt 0.720299 0.905570
vt 0.705364 0.901594
vt 0.705990 0.896443
vt 0.738010 0.890552
vt 0.721732 0.890552
vt 0.786102 0.900405
vt 0.784233 0.904731
vt 0.774072 0.872068
vt 0.757864 0.871462
vt 0.703876 0.905990
vt 0.688335 0.901791
vt 0.689371 0.896595
vt 0.705330 0.890552
vt 0.788751 0.871959
vt 0.671508 0.902090
vt 0.672965 0.896538
vt 0.688630 0.890552
vt 0.799985 0.904787
vt 0.804046 0.871293
vt 0.686348 0.906121
vt 0.669090 0.906613
vt 0.655704 0.902980
vt 0.657296 0.896939
vt 0.672278 0.890552
vt 0.816749 0.905471
vt 0.820790 0.870851
vt 0.802513 0.875615
vt 0.787184 0.876264
vt 0.652967 0.907800
vt 0.639985 0.903806
vt 0.641832 0.897516
vt 0.656679 0.890552
vt 0.819032 0.875144
vt 0.624422 0.904167
vt 0.626536 0.897927
vt 0.641372 0.890552
vt 0.626429 0.890552
vt 0.611568 0.898060
vt 0.611800 0.890552
vt 0.639385 0.883712
vt 0.624571 0.883227
vt 0.596994 0.897864
vt 0.597433 0.890552
vt 0.610023 0.882907
vt 0.595779 0.882997
vt 0.583822 0.890552
vt 0.582473 0.883446
vt 0.465393 0.876963
vt 0.463882 0.879733
vt 0.449396 0.879776
vt 0.450525 0.876896
vt 0.481039 0.876708
vt 0.479339 0.879659
vt 0.436471 0.879924
vt 0.437258 0.876885
vt 0.465120 0.900667
vt 0.449633 0.900801
vt 0.479353 0.882851
vt 0.464280 0.883097
vt 0.435450 0.901141
vt 0.495917 0.879062
vt 0.495650 0.882619
vt 0.425841 0.877244
vt 0.423118 0.901259
vt 0.511979 0.878484
vt 0.511374 0.882232
vt 0.496831 0.886535
vt 0.480953 0.886712
vt 0.414638 0.878142
vt 0.411246 0.900673
vt 0.437925 0.897547
vt 0.425059 0.897891
vt 0.512041 0.886456
vt 0.413073 0.897654
vt 0.525287 0.882488
vt 0.525477 0.886553
vt 0.513064 0.890552
vt 0.498436 0.890552
vt 0.400201 0.900564
vt 0.401948 0.897508
vt 0.426383 0.894014
vt 0.414246 0.893990
vt 0.525896 0.890552
vt 0.403039 0.893933
vt 0.535356 0.886864
vt 0.535982 0.890552
vt 0.468130 0.890552
vt 0.468919 0.893845
vt 0.454036 0.893696
vt 0.453718 0.890552
vt 0.482997 0.890552
vt 0.484028 0.893931
vt 0.439639 0.893757
vt 0.439822 0.890551
vt 0.466112 0.886827
vt 0.452010 0.887203
vt 0.483244 0.897044
vt 0.467732 0.897130
vt 0.438680 0.887542
vt 0.499240 0.893851
vt 0.498540 0.897157
vt 0.426640 0.890551
vt 0.425893 0.887768
vt 0.513688 0.894062
vt 0.512936 0.897472
vt 0.496647 0.900403
vt 0.480972 0.900476
vt 0.437194 0.883790
vt 0.425116 0.884191
vt 0.510924 0.900647
vt 0.413778 0.887794
vt 0.413322 0.884829
vt 0.525648 0.898125
vt 0.523171 0.901641
vt 0.513831 0.874729
vt 0.497518 0.875860
vt 0.403138 0.887599
vt 0.403006 0.884961
vt 0.424976 0.880379
vt 0.413620 0.881238
vt 0.529572 0.874304
vt 0.403430 0.882043
vt 0.826990 0.935431
vt 0.826614 0.941905
vt 0.809077 0.942516
vt 0.809630 0.936145
vt 0.845733 0.935215
vt 0.845172 0.941525
vt 0.827503 0.948832
vt 0.809757 0.949160
vt 0.792467 0.942803
vt 0.793260 0.936615
vt 0.864285 0.935556
vt 0.863548 0.941643
vt 0.846013 0.948496
vt 0.792977 0.949245
vt 0.775902 0.942840
vt 0.776700 0.936740
vt 0.811248 0.930534
vt 0.795157 0.931069
vt 0.881770 0.936016
vt 0.880953 0.942009
vt 0.759587 0.943082
vt 0.760183 0.936912
vt 0.778695 0.931228
vt 0.897946 0.935952
vt 0.897304 0.942180
vt 0.762160 0.931380
vt 0.914169 0.935203
vt 0.913728 0.941824
vt 0.897922 0.948846
vt 0.881414 0.948590
vt 0.899701 0.930310
vt 0.883592 0.930591
vt 0.744208 0.937315
vt 0.746242 0.931764
vt 0.772988 0.972783
vt 0.756646 0.972104
vt 0.931988 0.934623
vt 0.931090 0.941268
vt 0.914684 0.948799
vt 0.728890 0.937536
vt 0.731110 0.931917
vt 0.740608 0.971298
vt 0.932110 0.948626
vt 0.725395 0.971109
vt 0.715091 0.931688
vt 0.709839 0.970342
vt 0.698985 0.932366
vt 0.694197 0.969048
vt 0.728287 0.966544
vt 0.712763 0.966041
vt 0.685934 0.933842
vt 0.680491 0.968942
vt 0.697030 0.965021
vt 0.674328 0.934613
vt 0.668096 0.970716
vt 0.683056 0.964717
vt 0.661504 0.934568
vt 0.655019 0.972130
vt 0.670486 0.965864
vt 0.657471 0.966972
vt 0.641837 0.972737
vt 0.644352 0.967461
vt 0.658943 0.961544
vt 0.645879 0.961860
vt 0.631447 0.967646
vt 0.632917 0.961929
vt 0.827434 0.961887
vt 0.825559 0.967078
vt 0.808037 0.966884
vt 0.809702 0.961626
vt 0.846188 0.962478
vt 0.844232 0.968037
vt 0.823263 0.971819
vt 0.805822 0.971763
vt 0.791692 0.967348
vt 0.793226 0.961772
vt 0.864456 0.962919
vt 0.862434 0.968978
vt 0.841792 0.972872
vt 0.789408 0.972392
vt 0.775527 0.967766
vt 0.777149 0.962025
vt 0.810350 0.955704
vt 0.793586 0.955704
vt 0.881531 0.962782
vt 0.879588 0.969053
vt 0.759444 0.967372
vt 0.761292 0.961878
vt 0.777395 0.955704
vt 0.897843 0.962309
vt 0.895868 0.968249
vt 0.882076 0.955704
vt 0.865087 0.955704
vt 0.761649 0.955704
vt 0.914588 0.962182
vt 0.912468 0.967848
vt 0.893227 0.973576
vt 0.876987 0.974420
vt 0.898541 0.955704
vt 0.745379 0.961493
vt 0.745834 0.955704
vt 0.776540 0.949209
vt 0.760550 0.949406
vt 0.909772 0.972996
vt 0.730131 0.961351
vt 0.730516 0.955704
vt 0.744768 0.949685
vt 0.729436 0.949795
vt 0.715162 0.955704
vt 0.714004 0.949938
vt 0.699622 0.955704
vt 0.698621 0.950375
vt 0.728347 0.943715
vt 0.712684 0.943884
vt 0.685158 0.955704
vt 0.684544 0.950681
vt 0.697198 0.944564
vt 0.672084 0.955704
vt 0.671756 0.950456
vt 0.683586 0.945219
vt 0.671276 0.945118
vt 0.658898 0.950196
vt 0.658517 0.944793
vt 0.645810 0.950165
vt 0.645445 0.944696
vt 0.659343 0.939662
vt 0.646293 0.939709
vt 0.632469 0.944884
vt 0.633386 0.940032
vt 0.498613 0.968081
vt 0.504226 0.935465
vt 0.487448 0.936464
vt 0.482796 0.967067
vt 0.514704 0.971364
vt 0.521330 0.935213
vt 0.471178 0.937814
vt 0.466892 0.966951
vt 0.500430 0.964513
vt 0.483870 0.963452
vt 0.520730 0.939943
vt 0.504065 0.940272
vt 0.467478 0.963101
vt 0.451586 0.967044
vt 0.451856 0.962983
vt 0.485251 0.959810
vt 0.468354 0.959516
vt 0.436469 0.967184
vt 0.436571 0.963115
vt 0.452327 0.959343
vt 0.436677 0.959198
vt 0.421382 0.963399
vt 0.421205 0.959376
vt 0.453108 0.955704
vt 0.437086 0.955704
vt 0.405306 0.963451
vt 0.405202 0.959734
vt 0.421114 0.955704
vt 0.404742 0.955704
vt 0.388001 0.959798
vt 0.387499 0.955704
vt 0.421506 0.952001
vt 0.404472 0.952372
vt 0.386885 0.952475
vt 0.487744 0.945459
vt 0.487538 0.950405
vt 0.470493 0.950691
vt 0.471108 0.946002
vt 0.504459 0.945065
vt 0.504778 0.950209
vt 0.486650 0.955704
vt 0.469429 0.955704
vt 0.454170 0.951026
vt 0.455092 0.946631
vt 0.487532 0.940974
vt 0.471252 0.941861
vt 0.504300 0.955704
vt 0.437942 0.951425
vt 0.438978 0.947410
vt 0.455616 0.942720
vt 0.521681 0.949950
vt 0.521875 0.955704
vt 0.439821 0.943694
vt 0.422360 0.948156
vt 0.423324 0.944569
vt 0.455746 0.938983
vt 0.440252 0.939984
vt 0.404824 0.948857
vt 0.405610 0.945127
vt 0.424039 0.940963
vt 0.406511 0.942059
vt 0.387325 0.945721
vt 0.388290 0.942699
vt 0.421235 0.967236
vt 0.404821 0.966677
vt 0.386974 0.966413
vt 0.161359 0.944212
vt 0.160973 0.947861
vt 0.156533 0.947149
vt 0.156534 0.944309
vt 0.160273 0.962138
vt 0.155951 0.964167
vt 0.161557 0.951187
vt 0.162629 0.953426
vt 0.158719 0.952624
vt 0.157744 0.949642
vt 0.163190 0.955704
vt 0.158567 0.955704
vt 0.163026 0.957567
vt 0.158754 0.959066
vt 0.161936 0.959670
vt 0.157722 0.961775
vt 0.042502 0.767333
vt 0.044329 0.760705
vt 0.057637 0.761406
vt 0.056134 0.768734
vt 0.043884 0.753632
vt 0.056738 0.753632
vt 0.072418 0.761495
vt 0.071085 0.769331
vt 0.039296 0.772984
vt 0.053017 0.774865
vt 0.071039 0.753632
vt 0.087221 0.761007
vt 0.085947 0.768702
vt 0.068012 0.776026
vt 0.082975 0.775490
vt 0.100963 0.767746
vt 0.097941 0.773998
vt 0.064352 0.781734
vt 0.079472 0.781356
vt 0.094556 0.779623
vt 0.114201 0.773284
vt 0.110955 0.778592
vt 0.131552 0.773101
vt 0.128899 0.778253
vt 0.149163 0.772605
vt 0.147039 0.777554
vt 0.134905 0.734463
vt 0.152899 0.736158
vt 0.163308 0.776116
vt 0.169410 0.737886
vt 0.168414 0.742824
vt 0.184108 0.738825
vt 0.183567 0.743785
vt 0.168464 0.747980
vt 0.184011 0.748634
vt 0.197429 0.743896
vt 0.198348 0.748922
vt 0.043192 0.741543
vt 0.044279 0.735289
vt 0.057700 0.732929
vt 0.055884 0.739400
vt 0.046595 0.729162
vt 0.049094 0.780082
vt 0.072660 0.732916
vt 0.070465 0.739046
vt 0.043163 0.747602
vt 0.055473 0.746357
vt 0.069891 0.745985
vt 0.085913 0.753632
vt 0.101366 0.753632
vt 0.102367 0.760640
vt 0.118178 0.760727
vt 0.135135 0.760864
vt 0.152196 0.753632
vt 0.152429 0.760666
vt 0.168997 0.753632
vt 0.168866 0.760083
vt 0.133942 0.767474
vt 0.151280 0.767163
vt 0.167451 0.766338
vt 0.184065 0.759398
vt 0.182186 0.765269
vt 0.165243 0.771487
vt 0.179625 0.770141
vt 0.196715 0.764345
vt 0.193833 0.769013
vt 0.177529 0.774466
vt 0.191370 0.773072
vt 0.209167 0.768256
vt 0.206507 0.772203
vt 0.225760 0.767631
vt 0.223119 0.771517
vt 0.241900 0.766809
vt 0.239334 0.770577
vt 0.211529 0.738655
vt 0.226892 0.739241
vt 0.242440 0.740250
vt 0.254295 0.769721
vt 0.257343 0.740602
vt 0.226456 0.743772
vt 0.241660 0.744370
vt 0.268991 0.769704
vt 0.272211 0.740465
vt 0.256335 0.744660
vt 0.270866 0.744596
vt 0.242479 0.749007
vt 0.256999 0.749142
vt 0.287187 0.740554
vt 0.285560 0.744703
vt 0.271321 0.749118
vt 0.285698 0.749190
vt 0.299183 0.744644
vt 0.299344 0.749255
vt 0.272800 0.753632
vt 0.286910 0.753631
vt 0.300315 0.753631
vt 0.311911 0.749024
vt 0.313037 0.753631
vt 0.301210 0.758002
vt 0.313472 0.758013
vt 0.326370 0.758313
vt 0.312627 0.762221
vt 0.325101 0.762685
vt 0.338914 0.763334
vt 0.352963 0.764032
vt 0.244128 0.762596
vt 0.244959 0.758115
vt 0.259518 0.757973
vt 0.258955 0.762210
vt 0.228391 0.763187
vt 0.229765 0.758364
vt 0.244014 0.753632
vt 0.258492 0.753632
vt 0.273982 0.758057
vt 0.273666 0.762346
vt 0.256937 0.766152
vt 0.229164 0.753632
vt 0.288122 0.758088
vt 0.288007 0.762516
vt 0.271774 0.766243
vt 0.213975 0.758555
vt 0.214020 0.753632
vt 0.227561 0.748815
vt 0.286273 0.766607
vt 0.212611 0.748891
vt 0.300920 0.762344
vt 0.299172 0.766512
vt 0.283472 0.770182
vt 0.199343 0.753632
vt 0.296304 0.770197
vt 0.310559 0.766212
vt 0.307563 0.769855
vt 0.322651 0.766771
vt 0.319625 0.770514
vt 0.300742 0.740239
vt 0.312419 0.738856
vt 0.324548 0.737546
vt 0.311256 0.743919
vt 0.323693 0.742848
vt 0.337762 0.742341
vt 0.351681 0.742205
vt 0.485472 0.766979
vt 0.450404 0.773582
vt 0.488019 0.748750
vt 0.455558 0.753631
vt 0.570323 0.764475
vt 0.571819 0.761965
vt 0.587731 0.762080
vt 0.586433 0.764479
vt 0.573176 0.759350
vt 0.588664 0.759498
vt 0.603401 0.762193
vt 0.602242 0.764567
vt 0.571408 0.744917
vt 0.587216 0.745451
vt 0.619071 0.762238
vt 0.618077 0.764709
vt 0.602939 0.745657
vt 0.618977 0.745910
vt 0.586630 0.747978
vt 0.602282 0.748223
vt 0.633918 0.765121
vt 0.618276 0.748388
vt 0.618254 0.750975
vt 0.573039 0.753630
vt 0.571911 0.750488
vt 0.586968 0.750686
vt 0.587901 0.753630
vt 0.571208 0.747546
vt 0.602478 0.750844
vt 0.603310 0.753630
vt 0.573678 0.756588
vt 0.588708 0.756654
vt 0.618840 0.753630
vt 0.604033 0.756567
vt 0.619515 0.756537
vt 0.604090 0.759499
vt 0.633875 0.753630
vt 0.619702 0.759559
vt 0.686604 0.757458
vt 0.698778 0.753630
vt 0.699415 0.757855
vt 0.674381 0.757095
vt 0.697912 0.749452
vt 0.699005 0.761595
vt 0.709658 0.749579
vt 0.687711 0.743365
vt 0.696123 0.767377
vt 0.698419 0.742779
vt 0.676165 0.743840
vt 0.697703 0.764670
vt 0.709469 0.768350
vt 0.710357 0.742381
vt 0.697769 0.745800
vt 0.711829 0.765702
vt 0.723217 0.768567
vt 0.723396 0.741650
vt 0.709228 0.745738
vt 0.721630 0.745636
vt 0.736422 0.739740
vt 0.734246 0.744405
vt 0.749036 0.736918
vt 0.746906 0.742265
vt 0.721965 0.749919
vt 0.734259 0.749532
vt 0.761550 0.734509
vt 0.759645 0.740446
vt 0.746772 0.748443
vt 0.759651 0.747310
vt 0.773635 0.740247
vt 0.773577 0.746981
vt 0.787430 0.741027
vt 0.787069 0.747362
vt 0.799563 0.747792
vt 0.800124 0.753630
vt 0.812709 0.747875
vt 0.812823 0.753630
vt 0.813251 0.759036
vt 0.826743 0.753630
vt 0.826750 0.759138
vt 0.813406 0.764117
vt 0.842161 0.753630
vt 0.842160 0.758936
vt 0.826813 0.764422
vt 0.858801 0.753629
vt 0.859045 0.758597
vt 0.842025 0.764171
vt 0.858759 0.763515
vt 0.826421 0.769331
vt 0.841568 0.769200
vt 0.876050 0.758142
vt 0.875736 0.762725
vt 0.857927 0.768322
vt 0.892866 0.757585
vt 0.892628 0.761609
vt 0.874675 0.767223
vt 0.891521 0.765772
vt 0.856795 0.773111
vt 0.873324 0.771548
vt 0.909377 0.760490
vt 0.908345 0.764161
vt 0.890001 0.769736
vt 0.925575 0.759556
vt 0.924817 0.762608
vt 0.906728 0.767731
vt 0.923303 0.765769
vt 0.940897 0.761246
vt 0.939707 0.764030
vt 0.907211 0.742732
vt 0.923385 0.744218
vt 0.956040 0.760108
vt 0.955353 0.762329
vt 0.939509 0.745678
vt 0.955160 0.747081
vt 0.970191 0.760677
vt 0.970098 0.748534
vt 0.938231 0.748049
vt 0.953919 0.749186
vt 0.983811 0.759034
vt 0.983974 0.749724
vt 0.968985 0.750311
vt 0.983104 0.751113
vt 0.968383 0.751888
vt 0.982371 0.752370
vt 0.761074 0.769511
vt 0.773813 0.770612
vt 0.746680 0.770812
vt 0.758080 0.773165
vt 0.787084 0.770522
vt 0.770914 0.775263
vt 0.735536 0.769205
vt 0.784300 0.775789
vt 0.799808 0.769521
vt 0.797179 0.774989
vt 0.775502 0.734284
vt 0.789575 0.735252
vt 0.812627 0.769068
vt 0.810726 0.774398
vt 0.802783 0.736144
vt 0.816379 0.736566
vt 0.825352 0.774379
vt 0.830853 0.737369
vt 0.800377 0.741820
vt 0.813945 0.742148
vt 0.840753 0.774172
vt 0.845445 0.738342
vt 0.828743 0.742630
vt 0.860122 0.739111
vt 0.843881 0.743235
vt 0.859019 0.743754
vt 0.827256 0.748074
vt 0.842728 0.748412
vt 0.875522 0.740129
vt 0.874620 0.744467
vt 0.858662 0.748646
vt 0.891270 0.741363
vt 0.890457 0.745264
vt 0.874791 0.749060
vt 0.890895 0.749519
vt 0.875538 0.753629
vt 0.906347 0.746081
vt 0.906824 0.749930
vt 0.892032 0.753629
vt 0.922309 0.747031
vt 0.922602 0.750259
vt 0.908150 0.753629
vt 0.923916 0.753629
vt 0.938221 0.750733
vt 0.939237 0.753629
vt 0.909320 0.757081
vt 0.925257 0.756667
vt 0.953558 0.751295
vt 0.954240 0.753629
vt 0.940685 0.756328
vt 0.955366 0.755948
vt 0.968640 0.753629
vt 0.969497 0.755517
vt 0.941344 0.758770
vt 0.956187 0.758054
vt 0.982312 0.753629
vt 0.982869 0.755004
vt 0.970250 0.757314
vt 0.983538 0.756312
vt 0.970448 0.758956
vt 0.983902 0.757675
vt 0.068534 0.852821
vt 0.072543 0.846704
vt 0.088107 0.846388
vt 0.084055 0.852635
vt 0.075543 0.839338
vt 0.090455 0.838857
vt 0.101283 0.844984
vt 0.097566 0.851203
vt 0.075703 0.801885
vt 0.079904 0.858550
vt 0.111628 0.843066
vt 0.108592 0.848774
vt 0.093407 0.857068
vt 0.104538 0.854393
vt 0.119592 0.847630
vt 0.116421 0.853015
vt 0.103081 0.809101
vt 0.115619 0.810168
vt 0.131649 0.847737
vt 0.129568 0.852873
vt 0.128357 0.810644
vt 0.141486 0.811324
vt 0.141974 0.852236
vt 0.153843 0.812167
vt 0.125647 0.817099
vt 0.139572 0.817470
vt 0.152232 0.851001
vt 0.164750 0.812943
vt 0.152668 0.817988
vt 0.164017 0.818530
vt 0.138383 0.823810
vt 0.151866 0.823986
vt 0.175115 0.813376
vt 0.174502 0.819041
vt 0.163662 0.824235
vt 0.174787 0.824651
vt 0.185813 0.819064
vt 0.186663 0.824829
vt 0.162959 0.830551
vt 0.174868 0.830551
vt 0.187496 0.830551
vt 0.200122 0.824732
vt 0.201134 0.830551
vt 0.214518 0.824546
vt 0.215528 0.830551
vt 0.186622 0.836143
vt 0.200431 0.836409
vt 0.215088 0.836637
vt 0.229961 0.830551
vt 0.229649 0.836549
vt 0.198102 0.841784
vt 0.213125 0.842248
vt 0.243701 0.830551
vt 0.243205 0.836210
vt 0.227977 0.842173
vt 0.257256 0.836074
vt 0.225372 0.847178
vt 0.272137 0.836085
vt 0.075946 0.824295
vt 0.073989 0.817426
vt 0.087582 0.815754
vt 0.088630 0.823206
vt 0.073659 0.809695
vt 0.088906 0.808165
vt 0.100587 0.816112
vt 0.100683 0.823352
vt 0.076799 0.830551
vt 0.090243 0.830551
vt 0.112592 0.816868
vt 0.111861 0.823770
vt 0.101999 0.830551
vt 0.112447 0.830551
vt 0.124442 0.823781
vt 0.124293 0.830551
vt 0.102889 0.837775
vt 0.112925 0.836916
vt 0.137549 0.830551
vt 0.123537 0.836892
vt 0.135805 0.837089
vt 0.150800 0.830551
vt 0.148677 0.836959
vt 0.121990 0.842527
vt 0.133754 0.842825
vt 0.161139 0.836358
vt 0.145867 0.842758
vt 0.157722 0.841905
vt 0.143479 0.847584
vt 0.173676 0.836092
vt 0.170463 0.841344
vt 0.154262 0.846597
vt 0.166020 0.845838
vt 0.183903 0.841322
vt 0.179631 0.845788
vt 0.162336 0.850307
vt 0.175066 0.850401
vt 0.194517 0.846465
vt 0.190523 0.851305
vt 0.186309 0.813121
vt 0.210106 0.847119
vt 0.206855 0.851983
vt 0.199716 0.812670
vt 0.214403 0.812519
vt 0.222659 0.852052
vt 0.229441 0.812657
vt 0.199100 0.818687
vt 0.213664 0.818417
vt 0.236819 0.851381
vt 0.243515 0.812730
vt 0.228602 0.818369
vt 0.242769 0.818445
vt 0.257560 0.812544
vt 0.229168 0.824472
vt 0.243194 0.824581
vt 0.315415 0.840050
vt 0.331685 0.840592
vt 0.300021 0.840101
vt 0.315935 0.819214
vt 0.331790 0.819168
vt 0.301043 0.819231
vt 0.465508 0.836755
vt 0.473022 0.850016
vt 0.485286 0.848991
vt 0.464485 0.815414
vt 0.544949 0.838696
vt 0.574410 0.841654
vt 0.589954 0.841221
vt 0.588538 0.844272
vt 0.590332 0.820371
vt 0.603495 0.843798
vt 0.606020 0.820778
vt 0.589539 0.823634
vt 0.616893 0.843692
vt 0.620449 0.821156
vt 0.605332 0.823940
vt 0.620162 0.824084
vt 0.632750 0.821406
vt 0.633294 0.824399
vt 0.605066 0.827167
vt 0.619750 0.827218
vt 0.633151 0.827363
vt 0.646175 0.824308
vt 0.646704 0.827341
vt 0.660504 0.824053
vt 0.661533 0.827311
vt 0.632152 0.830551
vt 0.645978 0.830551
vt 0.661332 0.830551
vt 0.677417 0.827255
vt 0.677703 0.830551
vt 0.693225 0.827235
vt 0.693716 0.830551
vt 0.659866 0.833726
vt 0.676742 0.833678
vt 0.708660 0.827142
vt 0.709110 0.830551
vt 0.693245 0.833753
vt 0.708960 0.833954
vt 0.675040 0.836670
vt 0.691985 0.836721
vt 0.723104 0.830551
vt 0.723117 0.833978
vt 0.708199 0.837071
vt 0.722700 0.837360
vt 0.736256 0.833888
vt 0.735808 0.837213
vt 0.707084 0.839837
vt 0.721954 0.840451
vt 0.749304 0.833850
vt 0.748727 0.837063
vt 0.735052 0.840347
vt 0.747849 0.840124
vt 0.761930 0.837131
vt 0.760948 0.840107
vt 0.734218 0.843377
vt 0.746896 0.843158
vt 0.776031 0.837507
vt 0.775065 0.840485
vt 0.759980 0.842980
vt 0.773975 0.843267
vt 0.787811 0.840247
vt 0.786681 0.843122
vt 0.761832 0.819607
vt 0.775578 0.819475
vt 0.799651 0.839621
vt 0.798497 0.842536
vt 0.788364 0.819990
vt 0.800357 0.820271
vt 0.810141 0.841959
vt 0.812231 0.820171
vt 0.787993 0.823402
vt 0.799988 0.823729
vt 0.823095 0.842117
vt 0.825362 0.820224
vt 0.811904 0.823756
vt 0.825021 0.823674
vt 0.838913 0.820769
vt 0.838609 0.823926
vt 0.812213 0.827346
vt 0.825278 0.827174
vt 0.852647 0.821286
vt 0.852396 0.824284
vt 0.838777 0.827218
vt 0.852539 0.827391
vt 0.866056 0.824462
vt 0.866241 0.827492
vt 0.839010 0.830551
vt 0.852715 0.830551
vt 0.879828 0.824458
vt 0.879988 0.827501
vt 0.866418 0.830551
vt 0.880130 0.830551
vt 0.893985 0.827593
vt 0.894068 0.830551
vt 0.866249 0.833476
vt 0.879981 0.833368
vt 0.893892 0.833317
vt 0.908612 0.830551
vt 0.908165 0.833778
vt 0.879463 0.836181
vt 0.893385 0.836031
vt 0.910748 0.830551
vt 0.910541 0.832284
vt 0.923387 0.832197
vt 0.923106 0.833844
vt 0.937178 0.832126
vt 0.936833 0.833632
vt 0.922331 0.835281
vt 0.936418 0.835026
vt 0.951296 0.833716
vt 0.950794 0.835088
vt 0.921476 0.836598
vt 0.935704 0.836414
vt 0.950282 0.836549
vt 0.965591 0.835323
vt 0.964958 0.836780
vt 0.936015 0.826402
vt 0.950602 0.826355
vt 0.965383 0.825711
vt 0.950612 0.827727
vt 0.965501 0.827331
vt 0.574360 0.826576
vt 0.589702 0.826955
vt 0.590510 0.830551
vt 0.591209 0.834243
vt 0.605171 0.830551
vt 0.605311 0.833954
vt 0.591008 0.837921
vt 0.619206 0.830551
vt 0.618584 0.833813
vt 0.605055 0.837480
vt 0.617907 0.837082
vt 0.630631 0.833568
vt 0.629115 0.836486
vt 0.604379 0.840752
vt 0.617312 0.840405
vt 0.628239 0.839657
vt 0.642276 0.836378
vt 0.640960 0.839264
vt 0.657889 0.836573
vt 0.656337 0.839234
vt 0.628265 0.843272
vt 0.640837 0.842625
vt 0.655856 0.842209
vt 0.673477 0.839325
vt 0.672697 0.841987
vt 0.690602 0.839391
vt 0.689665 0.842022
vt 0.659176 0.820658
vt 0.675262 0.820543
vt 0.706115 0.842561
vt 0.691827 0.820872
vt 0.708205 0.820976
vt 0.676291 0.823940
vt 0.692364 0.823921
vt 0.721133 0.843274
vt 0.723368 0.820965
vt 0.708209 0.823933
vt 0.722979 0.823919
vt 0.736551 0.820655
vt 0.736197 0.823828
vt 0.722957 0.827074
vt 0.749008 0.820188
vt 0.748820 0.823563
vt 0.736140 0.827139
vt 0.749046 0.827082
vt 0.761778 0.823107
vt 0.762263 0.826847
vt 0.736259 0.830551
vt 0.749351 0.830551
vt 0.775240 0.822932
vt 0.775671 0.826719
vt 0.762758 0.830551
vt 0.776354 0.830551
vt 0.788434 0.827010
vt 0.789104 0.830551
vt 0.762644 0.833993
vt 0.776542 0.834214
vt 0.800382 0.827258
vt 0.800916 0.830551
vt 0.789354 0.834024
vt 0.801128 0.833701
vt 0.812608 0.830551
vt 0.812566 0.833507
vt 0.788837 0.837293
vt 0.800638 0.836737
vt 0.825639 0.830551
vt 0.825540 0.833611
vt 0.812061 0.836348
vt 0.824991 0.836501
vt 0.838854 0.833633
vt 0.838277 0.836623
vt 0.811185 0.839106
vt 0.824103 0.839327
vt 0.852550 0.833545
vt 0.851981 0.836527
vt 0.837422 0.839527
vt 0.851134 0.839454
vt 0.865692 0.836401
vt 0.864874 0.839283
vt 0.836523 0.842391
vt 0.850287 0.842363
vt 0.878700 0.838925
vt 0.864076 0.842209
vt 0.877948 0.841804
vt 0.892681 0.838658
vt 0.892001 0.841486
vt 0.866221 0.821503
vt 0.880005 0.821445
vt 0.894124 0.821671
vt 0.893879 0.824637
vt 0.922590 0.827598
vt 0.922859 0.829104
vt 0.922279 0.826067
vt 0.936234 0.827787
vt 0.936483 0.829157
vt 0.950807 0.829087
vt 0.923628 0.830551
vt 0.937229 0.830551
vt 0.951351 0.830551
vt 0.965623 0.828945
vt 0.965838 0.830551
vt 0.951573 0.832164
vt 0.966169 0.832198
vt 0.965960 0.833778
vt 0.982039 0.873217
vt 0.981622 0.881664
vt 0.965490 0.882703
vt 0.965914 0.875244
vt 0.982656 0.890552
vt 0.966668 0.890552
vt 0.949589 0.883207
vt 0.950364 0.876364
vt 0.950516 0.890552
vt 0.932891 0.883190
vt 0.933597 0.876539
vt 0.968030 0.868493
vt 0.952602 0.870163
vt 0.915244 0.883255
vt 0.915528 0.876463
vt 0.935865 0.870569
vt 0.917540 0.870331
vt 0.955874 0.864441
vt 0.939236 0.865044
vt 0.898303 0.877152
vt 0.900030 0.870978
vt 0.920764 0.864756
vt 0.902992 0.865380
vt 0.884141 0.872605
vt 0.887081 0.867169
vt 0.913638 0.912588
vt 0.896016 0.910336
vt 0.869158 0.874268
vt 0.872044 0.869182
vt 0.880273 0.908778
vt 0.865606 0.908249
vt 0.855877 0.870322
vt 0.850263 0.907673
vt 0.883282 0.903095
vt 0.868542 0.902574
vt 0.838540 0.870759
vt 0.833906 0.906688
vt 0.853166 0.902280
vt 0.836733 0.901811
vt 0.819381 0.901079
vt 0.854210 0.896162
vt 0.837985 0.896112
vt 0.802291 0.900553
vt 0.837201 0.890552
vt 0.984433 0.903533
vt 0.983237 0.910585
vt 0.966306 0.913076
vt 0.968258 0.905648
vt 0.980296 0.917623
vt 0.971153 0.862372
vt 0.949670 0.914431
vt 0.952080 0.906716
vt 0.932278 0.914420
vt 0.935190 0.907019
vt 0.968304 0.898045
vt 0.952203 0.898460
vt 0.916866 0.906049
vt 0.935649 0.898633
vt 0.917890 0.898354
vt 0.933968 0.890552
vt 0.899174 0.904411
vt 0.900462 0.897579
vt 0.916638 0.890552
vt 0.899709 0.890552
vt 0.884463 0.896821
vt 0.883775 0.890552
vt 0.898305 0.883780
vt 0.869515 0.896393
vt 0.868630 0.890552
vt 0.882605 0.884502
vt 0.867671 0.884957
vt 0.853308 0.890552
vt 0.852358 0.885137
vt 0.882572 0.878464
vt 0.867679 0.879560
vt 0.835987 0.885208
vt 0.852206 0.879976
vt 0.835527 0.880005
vt 0.818431 0.880103
vt 0.853411 0.875093
vt 0.836432 0.875123
vt 0.802003 0.880533
vt 0.608707 0.875942
vt 0.594312 0.875899
vt 0.609272 0.904015
vt 0.594621 0.903459
vt 0.581475 0.869996
vt 0.569019 0.871811
vt 0.570704 0.866008
vt 0.564287 0.907276
vt 0.558449 0.868316
vt 0.551423 0.905893
vt 0.580943 0.902942
vt 0.567818 0.902185
vt 0.547437 0.869988
vt 0.539864 0.903050
vt 0.555021 0.901137
vt 0.543347 0.899274
vt 0.531260 0.901173
vt 0.534314 0.897869
vt 0.557336 0.896280
vt 0.545524 0.895239
vt 0.535832 0.894326
vt 0.526497 0.894279
vt 0.546268 0.890552
vt 0.583197 0.897399
vt 0.570073 0.896875
vt 0.570806 0.890552
vt 0.569876 0.884080
vt 0.558143 0.890552
vt 0.557351 0.884886
vt 0.581040 0.876594
vt 0.568780 0.877741
vt 0.545378 0.885887
vt 0.556586 0.878968
vt 0.544733 0.880275
vt 0.534809 0.882172
vt 0.556951 0.873396
vt 0.545506 0.874605
vt 0.535937 0.876558
vt 0.526584 0.878359
vt 0.539326 0.871996
vt 0.450135 0.883363
vt 0.452420 0.897182
vt 0.414315 0.890551
vt 0.403195 0.890551
vt 0.392438 0.890551
vt 0.392912 0.887328
vt 0.393581 0.884469
vt 0.380940 0.886854
vt 0.382321 0.883491
vt 0.394647 0.881715
vt 0.384297 0.880425
vt 0.368934 0.882198
vt 0.371620 0.878777
vt 0.395912 0.879138
vt 0.386317 0.877555
vt 0.355193 0.881134
vt 0.358238 0.877186
vt 0.374552 0.875625
vt 0.342888 0.880666
vt 0.345449 0.875785
vt 0.361756 0.873613
vt 0.349378 0.871668
vt 0.333566 0.875276
vt 0.336994 0.870126
vt 0.356318 0.903039
vt 0.343172 0.904219
vt 0.323495 0.875372
vt 0.325676 0.869824
vt 0.329857 0.905303
vt 0.317757 0.906845
vt 0.314522 0.869285
vt 0.305778 0.908058
vt 0.331832 0.899989
vt 0.319776 0.900741
vt 0.302865 0.868067
vt 0.293649 0.907739
vt 0.307537 0.901675
vt 0.294958 0.901810
vt 0.321141 0.895527
vt 0.309299 0.895996
vt 0.281716 0.906493
vt 0.282620 0.901328
vt 0.296604 0.896125
vt 0.269012 0.906062
vt 0.269685 0.901034
vt 0.283676 0.896003
vt 0.270216 0.895909
vt 0.254660 0.901505
vt 0.254985 0.896096
vt 0.284953 0.890551
vt 0.270760 0.890551
vt 0.237075 0.901909
vt 0.237481 0.896377
vt 0.254589 0.890551
vt 0.236721 0.890551
vt 0.218976 0.896420
vt 0.218367 0.890551
vt 0.254319 0.884167
vt 0.235832 0.884175
vt 0.199270 0.896103
vt 0.199025 0.890551
vt 0.217206 0.884340
vt 0.180474 0.895690
vt 0.180358 0.890551
vt 0.197993 0.884859
vt 0.179577 0.885466
vt 0.216634 0.878313
vt 0.197305 0.879177
vt 0.162424 0.890551
vt 0.161867 0.885905
vt 0.179000 0.880308
vt 0.145271 0.890551
vt 0.144958 0.886329
vt 0.161407 0.881248
vt 0.144483 0.882101
vt 0.128685 0.886827
vt 0.128509 0.883139
vt 0.161577 0.876830
vt 0.144317 0.878075
vt 0.112946 0.887346
vt 0.113130 0.884317
vt 0.128074 0.879407
vt 0.113005 0.881133
vt 0.098471 0.885299
vt 0.098523 0.882725
vt 0.128085 0.876013
vt 0.112625 0.878132
vt 0.084345 0.886003
vt 0.084695 0.883958
vt 0.098205 0.880024
vt 0.084532 0.881631
vt 0.110625 0.900545
vt 0.095900 0.898929
vt 0.071043 0.884729
vt 0.071244 0.882704
vt 0.082256 0.897328
vt 0.069232 0.896292
vt 0.057982 0.882876
vt 0.056378 0.896012
vt 0.082068 0.895233
vt 0.068906 0.894292
vt 0.056133 0.894024
vt 0.043435 0.896582
vt 0.043437 0.894247
vt 0.068591 0.892563
vt 0.055696 0.892281
vt 0.043089 0.892330
vt 0.030753 0.894949
vt 0.030642 0.892547
vt 0.042718 0.890551
vt 0.030349 0.890551
vt 0.404468 0.879102
vt 0.391285 0.902030
vt 0.392258 0.898618
vt 0.381295 0.902515
vt 0.381550 0.899088
vt 0.392638 0.894433
vt 0.381102 0.894888
vt 0.369514 0.898707
vt 0.368596 0.894776
vt 0.380324 0.890551
vt 0.357008 0.898712
vt 0.356100 0.894626
vt 0.367475 0.890551
vt 0.354934 0.890551
vt 0.344203 0.894807
vt 0.343417 0.890551
vt 0.332468 0.895122
vt 0.332431 0.890551
vt 0.354101 0.885776
vt 0.342361 0.885812
vt 0.321765 0.890551
vt 0.331765 0.885821
vt 0.322241 0.885484
vt 0.310581 0.890551
vt 0.311948 0.884999
vt 0.331853 0.880723
vt 0.322504 0.880498
vt 0.298306 0.890551
vt 0.299840 0.884690
vt 0.312785 0.879520
vt 0.301054 0.878547
vt 0.313558 0.874434
vt 0.286117 0.884607
vt 0.287638 0.877865
vt 0.302095 0.872982
vt 0.271462 0.884483
vt 0.272840 0.877905
vt 0.289289 0.871701
vt 0.274645 0.871622
vt 0.254828 0.877780
vt 0.256240 0.871945
vt 0.290503 0.866632
vt 0.276428 0.866022
vt 0.235671 0.878016
vt 0.236651 0.872454
vt 0.258150 0.866355
vt 0.238322 0.867268
vt 0.217220 0.872951
vt 0.218608 0.868032
vt 0.253574 0.906905
vt 0.235634 0.907163
vt 0.197549 0.873890
vt 0.198585 0.869067
vt 0.216625 0.906855
vt 0.179247 0.875393
vt 0.180193 0.870771
vt 0.196691 0.905987
vt 0.178150 0.905200
vt 0.218294 0.901829
vt 0.198388 0.901169
vt 0.162362 0.872469
vt 0.160275 0.904455
vt 0.179647 0.900541
vt 0.144746 0.874087
vt 0.142691 0.903444
vt 0.161744 0.899901
vt 0.144094 0.899181
vt 0.126048 0.902108
vt 0.127209 0.898417
vt 0.162512 0.895286
vt 0.145023 0.894837
vt 0.111170 0.897441
vt 0.128162 0.894386
vt 0.111798 0.894007
vt 0.096052 0.896418
vt 0.096408 0.893553
vt 0.128584 0.890551
vt 0.112444 0.890551
vt 0.082090 0.893084
vt 0.097132 0.890551
vt 0.082612 0.890551
vt 0.068756 0.890551
vt 0.097937 0.887828
vt 0.083532 0.888080
vt 0.069490 0.888241
vt 0.055501 0.890551
vt 0.055862 0.888279
vt 0.070399 0.886215
vt 0.056599 0.886109
vt 0.042680 0.888166
vt 0.043073 0.885674
vt 0.057386 0.884651
vt 0.043764 0.883820
vt 0.030161 0.885365
vt 0.030546 0.883027
vt 0.044602 0.882047
vt 0.031307 0.881080
vt 0.976726 0.971761
vt 0.973870 0.977809
vt 0.969068 0.931517
vt 0.963645 0.974545
vt 0.977946 0.936369
vt 0.965370 0.936114
vt 0.953090 0.930089
vt 0.947226 0.975127
vt 0.977992 0.965859
vt 0.965794 0.968466
vt 0.934191 0.928870
vt 0.928225 0.973802
vt 0.949988 0.969343
vt 0.931056 0.968563
vt 0.951234 0.962813
vt 0.933168 0.962581
vt 0.974636 0.948089
vt 0.976085 0.955704
vt 0.964209 0.955704
vt 0.962554 0.948546
vt 0.977447 0.960564
vt 0.966038 0.962202
vt 0.950257 0.955704
vt 0.948481 0.948470
vt 0.975278 0.941508
vt 0.962896 0.941672
vt 0.933604 0.955704
vt 0.948062 0.941230
vt 0.949951 0.935173
vt 0.866071 0.930158
vt 0.847387 0.929725
vt 0.859839 0.974053
vt 0.828451 0.929821
vt 0.864204 0.948412
vt 0.846945 0.955704
vt 0.828266 0.955704
vt 0.712999 0.937553
vt 0.697226 0.938314
vt 0.683932 0.939388
vt 0.672067 0.939776
vt 0.648308 0.934803
vt 0.635405 0.935430
vt 0.628958 0.972964
vt 0.623088 0.936079
vt 0.616331 0.973310
vt 0.618735 0.967866
vt 0.603714 0.974186
vt 0.606108 0.968454
vt 0.620087 0.961982
vt 0.590770 0.975217
vt 0.593405 0.969273
vt 0.607381 0.962261
vt 0.594715 0.962649
vt 0.620266 0.955704
vt 0.607313 0.955704
vt 0.579655 0.969508
vt 0.581210 0.962884
vt 0.594620 0.955704
vt 0.581212 0.955704
vt 0.566412 0.962497
vt 0.566575 0.955704
vt 0.594241 0.950387
vt 0.580720 0.950213
vt 0.551197 0.962416
vt 0.551601 0.955704
vt 0.566205 0.950195
vt 0.551505 0.950112
vt 0.536998 0.955704
vt 0.537031 0.949847
vt 0.566221 0.945094
vt 0.551673 0.945185
vt 0.537021 0.944854
vt 0.520922 0.944775
vt 0.552414 0.940215
vt 0.537491 0.940221
vt 0.538388 0.935528
vt 0.714665 0.961168
vt 0.698922 0.960583
vt 0.684628 0.960304
vt 0.671830 0.960864
vt 0.659262 0.955704
vt 0.646272 0.955704
vt 0.633225 0.955704
vt 0.632662 0.950319
vt 0.619695 0.950557
vt 0.619754 0.945292
vt 0.606929 0.950599
vt 0.607119 0.945516
vt 0.620857 0.940480
vt 0.608501 0.940800
vt 0.594402 0.945326
vt 0.595860 0.940615
vt 0.611011 0.936408
vt 0.580775 0.945081
vt 0.582091 0.940095
vt 0.598466 0.936034
vt 0.584538 0.935167
vt 0.567215 0.939929
vt 0.569191 0.934760
vt 0.576830 0.975147
vt 0.553797 0.935143
vt 0.561934 0.974256
vt 0.546824 0.974520
vt 0.531273 0.975038
vt 0.564690 0.968866
vt 0.549378 0.968959
vt 0.533908 0.969615
vt 0.517495 0.967301
vt 0.536182 0.962662
vt 0.520277 0.962093
vt 0.502536 0.960553
vt 0.368729 0.945353
vt 0.369624 0.942319
vt 0.386773 0.949073
vt 0.368562 0.948664
vt 0.349602 0.944172
vt 0.350013 0.941016
vt 0.368110 0.966663
vt 0.332697 0.943933
vt 0.332883 0.940182
vt 0.348090 0.966147
vt 0.330509 0.965776
vt 0.318307 0.940250
vt 0.315718 0.965751
vt 0.349718 0.962960
vt 0.332050 0.962743
vt 0.317115 0.962636
vt 0.302600 0.966618
vt 0.304098 0.963136
vt 0.290720 0.967857
vt 0.292490 0.964085
vt 0.279228 0.969066
vt 0.281144 0.965103
vt 0.305202 0.959561
vt 0.293706 0.959885
vt 0.282671 0.960344
vt 0.270175 0.965183
vt 0.271858 0.960564
vt 0.293905 0.955704
vt 0.283104 0.955704
vt 0.258981 0.963602
vt 0.260379 0.959848
vt 0.272680 0.955704
vt 0.261302 0.955704
vt 0.282847 0.951819
vt 0.272581 0.951689
vt 0.248928 0.959202
vt 0.249557 0.955704
vt 0.261356 0.951819
vt 0.249653 0.952046
vt 0.238581 0.955704
vt 0.238587 0.952236
vt 0.228405 0.955704
vt 0.228284 0.952220
vt 0.249787 0.948410
vt 0.238574 0.948880
vt 0.228246 0.948653
vt 0.216234 0.951897
vt 0.216065 0.948046
vt 0.238944 0.945082
vt 0.228745 0.945141
vt 0.202831 0.951758
vt 0.202440 0.947803
vt 0.216508 0.944384
vt 0.202654 0.943897
vt 0.188789 0.948303
vt 0.188747 0.944416
vt 0.217616 0.940962
vt 0.203583 0.940258
vt 0.175180 0.949444
vt 0.175132 0.946100
vt 0.189343 0.940666
vt 0.175568 0.942656
vt 0.187728 0.964218
vt 0.174038 0.964835
vt 0.369961 0.959703
vt 0.369788 0.955704
vt 0.387785 0.963337
vt 0.369261 0.963190
vt 0.351230 0.959600
vt 0.351839 0.955704
vt 0.369101 0.952242
vt 0.333628 0.959445
vt 0.334592 0.955704
vt 0.351213 0.952045
vt 0.334294 0.951763
vt 0.319143 0.955704
vt 0.319001 0.951770
vt 0.350191 0.948085
vt 0.333386 0.947939
vt 0.318376 0.947874
vt 0.305291 0.951865
vt 0.304788 0.948054
vt 0.293475 0.951881
vt 0.292992 0.948331
vt 0.282546 0.948429
vt 0.304596 0.944424
vt 0.292893 0.944949
vt 0.282550 0.945191
vt 0.272444 0.948163
vt 0.272622 0.944847
vt 0.293550 0.941469
vt 0.283166 0.941987
vt 0.261413 0.948109
vt 0.261757 0.944475
vt 0.273331 0.941668
vt 0.262533 0.941002
vt 0.268297 0.968777
vt 0.250210 0.944541
vt 0.251096 0.940738
vt 0.257426 0.966750
vt 0.246590 0.965715
vt 0.239919 0.941053
vt 0.235917 0.965627
vt 0.229901 0.941535
vt 0.226281 0.966436
vt 0.247929 0.962617
vt 0.237257 0.962391
vt 0.227720 0.962901
vt 0.213976 0.965725
vt 0.215478 0.962424
vt 0.238189 0.958914
vt 0.228468 0.959105
vt 0.200774 0.964602
vt 0.202123 0.961706
vt 0.216372 0.959174
vt 0.202999 0.958641
vt 0.188878 0.961276
vt 0.189596 0.958374
vt 0.216520 0.955704
vt 0.203239 0.955704
vt 0.175195 0.961706
vt 0.175860 0.958581
vt 0.189778 0.955704
vt 0.176045 0.955704
vt 0.189319 0.952003
vt 0.175624 0.952503
vt 0.142424 0.946259
vt 0.141863 0.963084
vt 0.128398 0.948119
vt 0.127614 0.962471
vt 0.142939 0.960577
vt 0.128027 0.960237
vt 0.112755 0.961516
vt 0.113177 0.959510
vt 0.144097 0.958225
vt 0.128901 0.958032
vt 0.097586 0.960295
vt 0.098012 0.958836
vt 0.113594 0.957771
vt 0.098270 0.957072
vt 0.082264 0.958317
vt 0.082595 0.957011
vt 0.114016 0.955705
vt 0.098544 0.955704
vt 0.082783 0.955705
vt 0.066333 0.957135
vt 0.066550 0.955705
vt 0.098417 0.953982
vt 0.082548 0.953953
vt 0.066272 0.953931
vt 0.050217 0.955705
vt 0.050029 0.953802
vt 0.082246 0.952214
vt 0.065817 0.952052
vt 0.033947 0.955705
vt 0.033955 0.953602
vt 0.049488 0.952241
vt 0.033475 0.951772
vt 0.018057 0.953503
vt 0.017688 0.951376
vt 0.049026 0.949887
vt 0.032960 0.949527
vt 0.017124 0.949139
vt 0.032822 0.947441
vt 0.016844 0.946741
vt 0.144174 0.953224
vt 0.143157 0.950834
vt 0.144217 0.955704
vt 0.129419 0.953869
vt 0.128697 0.951771
vt 0.129297 0.955704
vt 0.114182 0.953990
vt 0.113747 0.952444
vt 0.142326 0.948830
vt 0.128157 0.949857
vt 0.098140 0.952316
vt 0.113383 0.950461
vt 0.097967 0.950756
vt 0.082138 0.950507
vt 0.113767 0.948633
vt 0.098447 0.949092
vt 0.082434 0.949104
vt 0.065530 0.950545
vt 0.065649 0.948743
vt 0.081909 0.959683
vt 0.065358 0.960072
vt 0.048982 0.948345
vt 0.048536 0.960815
vt 0.065891 0.958493
vt 0.031995 0.961581
vt 0.049209 0.959147
vt 0.032686 0.959694
vt 0.015787 0.962378
vt 0.016381 0.960238
vt 0.049857 0.957461
vt 0.033436 0.957741
vt 0.017182 0.958032
vt 0.017834 0.955705
vt 0.116889 0.767427
vt 0.197609 0.738747
vt 0.211399 0.743664
vt 0.184598 0.753632
vt 0.198805 0.758898
vt 0.212073 0.763681
vt 0.556832 0.744365
vt 0.725971 0.766125
vt 0.423977 0.830551
vt 0.418337 0.849729
vt 0.644995 0.821004
vt 0.644239 0.833588
vt 0.984212 0.865851
vt 0.983760 0.896885
vt 0.367362 0.886153
vt 0.369414 0.902461
vt 0.344422 0.899320
vt 0.030440 0.897725
vt 0.030121 0.888111
vt 0.915842 0.929284
vt 0.915525 0.955704
vt 0.743471 0.966723
vt 0.743704 0.943502
vt 0.317956 0.943929
vt 0.305199 0.940740
vt 0.318411 0.959262
vt 0.305589 0.955704
vt 0.031773 0.963506
vt 0.015739 0.964623
vt 0.048193 0.962586
vt 0.064938 0.961578
vt 0.081451 0.961211
vt 0.097184 0.961860
vt 0.112191 0.963032
vt 0.127084 0.964766
vt 0.141392 0.965365
vt 0.154952 0.966514
vt 0.158880 0.964994
vt 0.172648 0.967963
vt 0.186510 0.967284
vt 0.199352 0.967601
vt 0.212360 0.969007
vt 0.224686 0.969934
vt 0.234544 0.968913
vt 0.245332 0.968816
vt 0.255988 0.969694
vt 0.266724 0.971992
vt 0.277821 0.972717
vt 0.289346 0.971491
vt 0.301380 0.970211
vt 0.314731 0.969212
vt 0.329534 0.968649
vt 0.346921 0.969056
vt 0.366956 0.969451
vt 0.385894 0.969443
vt 0.403901 0.969732
vt 0.420642 0.970442
vt 0.436117 0.971115
vt 0.451337 0.971390
vt 0.466551 0.971396
vt 0.482107 0.971383
vt 0.497262 0.972159
vt 0.512429 0.975285
vt 0.529147 0.979806
vt 0.544723 0.979588
vt 0.559223 0.979172
vt 0.573699 0.980183
vt 0.587711 0.980630
vt 0.600908 0.979548
vt 0.613611 0.978352
vt 0.626184 0.977928
vt 0.639057 0.977946
vt 0.652331 0.977537
vt 0.665476 0.976082
vt 0.677541 0.973722
vt 0.691017 0.973375
vt 0.706595 0.974673
vt 0.722239 0.975629
vt 0.737544 0.975864
vt 0.753651 0.976715
vt 0.770255 0.977643
vt 0.786964 0.977422
vt 0.803564 0.976716
vt 0.821024 0.976611
vt 0.839415 0.977593
vt 0.857377 0.978877
vt 0.874552 0.979528
vt 0.890705 0.978840
vt 0.907124 0.978213
vt 0.925311 0.978961
vt 0.943953 0.980367
vt 0.960404 0.980209
vt 0.981888 0.931929
vt 0.029897 0.900173
vt 0.043026 0.898810
vt 0.056207 0.898115
vt 0.069242 0.898354
vt 0.082272 0.899682
vt 0.095707 0.901507
vt 0.109874 0.903529
vt 0.125011 0.905535
vt 0.141263 0.907252
vt 0.158560 0.908636
vt 0.176335 0.909600
vt 0.194766 0.910474
vt 0.214602 0.911561
vt 0.233680 0.912101
vt 0.251939 0.912026
vt 0.267963 0.911090
vt 0.280807 0.911403
vt 0.292687 0.913122
vt 0.304452 0.914281
vt 0.315643 0.913350
vt 0.327064 0.911149
vt 0.340441 0.909413
vt 0.354065 0.907509
vt 0.367904 0.906257
vt 0.380537 0.905646
vt 0.390509 0.904824
vt 0.398480 0.903066
vt 0.409280 0.903246
vt 0.421288 0.903996
vt 0.433304 0.903912
vt 0.447042 0.903826
vt 0.462367 0.903976
vt 0.478319 0.903786
vt 0.494433 0.903507
vt 0.508616 0.903443
vt 0.520185 0.904189
vt 0.527098 0.903559
vt 0.535546 0.906415
vt 0.547249 0.910554
vt 0.560244 0.912571
vt 0.573331 0.913436
vt 0.587299 0.914121
vt 0.602288 0.914876
vt 0.617675 0.914847
vt 0.633554 0.913776
vt 0.649819 0.912225
vt 0.666342 0.910716
vt 0.684072 0.910217
vt 0.702059 0.910131
vt 0.718649 0.909778
vt 0.734620 0.909401
vt 0.751260 0.909479
vt 0.767479 0.909386
vt 0.782203 0.908799
vt 0.797631 0.908734
vt 0.814051 0.909387
vt 0.830828 0.910652
vt 0.846796 0.911924
vt 0.861693 0.912905
vt 0.876180 0.913651
vt 0.891866 0.915420
vt 0.909368 0.917999
vt 0.928073 0.920381
vt 0.945675 0.920949
vt 0.962800 0.919976
vt 0.987358 0.859460
vt 0.950986 0.824886
vt 0.965666 0.824133
vt 0.936552 0.825091
vt 0.922624 0.824703
vt 0.910187 0.823256
vt 0.908394 0.820192
vt 0.894789 0.818860
vt 0.880577 0.818483
vt 0.866789 0.818561
vt 0.853311 0.818330
vt 0.839678 0.817776
vt 0.826217 0.817174
vt 0.813119 0.817008
vt 0.801389 0.817131
vt 0.789380 0.816972
vt 0.776510 0.816495
vt 0.762422 0.816545
vt 0.749635 0.817126
vt 0.737149 0.817679
vt 0.723967 0.818082
vt 0.708728 0.818148
vt 0.692042 0.817952
vt 0.675041 0.817533
vt 0.658473 0.817243
vt 0.644051 0.817451
vt 0.632101 0.818092
vt 0.620753 0.818061
vt 0.606988 0.817812
vt 0.591775 0.817321
vt 0.575868 0.816484
vt 0.560017 0.815339
vt 0.545089 0.813991
vt 0.531080 0.812928
vt 0.517076 0.812646
vt 0.503661 0.813204
vt 0.491342 0.813825
vt 0.479149 0.812919
vt 0.465914 0.811525
vt 0.452833 0.810746
vt 0.439521 0.810413
vt 0.424938 0.810124
vt 0.409700 0.810143
vt 0.394663 0.810283
vt 0.380014 0.810163
vt 0.365163 0.809831
vt 0.349951 0.809296
vt 0.334210 0.808584
vt 0.318157 0.808090
vt 0.303582 0.808209
vt 0.289478 0.808064
vt 0.274468 0.807462
vt 0.259286 0.807342
vt 0.245370 0.807645
vt 0.231525 0.807606
vt 0.216616 0.807332
vt 0.202059 0.807364
vt 0.188780 0.807773
vt 0.177005 0.808123
vt 0.166245 0.807859
vt 0.155525 0.806941
vt 0.143902 0.805755
vt 0.132017 0.804895
vt 0.120637 0.804590
vt 0.108151 0.803053
vt 0.092648 0.801060
vt 0.064880 0.858834
vt 0.984594 0.748413
vt 0.971161 0.746765
vt 0.956664 0.744935
vt 0.941447 0.743294
vt 0.925412 0.741518
vt 0.909208 0.739845
vt 0.893105 0.737995
vt 0.877266 0.736219
vt 0.861747 0.734801
vt 0.846999 0.733728
vt 0.832944 0.732394
vt 0.819249 0.731238
vt 0.806107 0.730776
vt 0.792869 0.729931
vt 0.778475 0.729104
vt 0.764081 0.729570
vt 0.751507 0.732616
vt 0.739362 0.736182
vt 0.726090 0.738468
vt 0.712226 0.739464
vt 0.699398 0.740084
vt 0.688389 0.740670
vt 0.676865 0.740916
vt 0.663891 0.741539
vt 0.650490 0.742577
vt 0.636095 0.743444
vt 0.620016 0.743570
vt 0.604115 0.743313
vt 0.588415 0.743065
vt 0.572518 0.742570
vt 0.557683 0.741963
vt 0.543916 0.741221
vt 0.530538 0.740448
vt 0.516647 0.739599
vt 0.502953 0.738677
vt 0.489180 0.736558
vt 0.471548 0.732626
vt 0.454903 0.731280
vt 0.440840 0.730924
vt 0.426494 0.730328
vt 0.411276 0.730062
vt 0.396472 0.730790
vt 0.382440 0.731794
vt 0.368838 0.732546
vt 0.355028 0.732898
vt 0.340851 0.732991
vt 0.326764 0.733172
vt 0.314835 0.734530
vt 0.303447 0.736264
vt 0.289947 0.736837
vt 0.274796 0.736809
vt 0.259657 0.737032
vt 0.244599 0.736759
vt 0.228822 0.735619
vt 0.213159 0.734679
vt 0.199091 0.734372
vt 0.185709 0.734275
vt 0.171383 0.733329
vt 0.155198 0.731440
vt 0.137520 0.729475
vt 0.120419 0.728611
vt 0.105110 0.728534
vt 0.090795 0.728475
vt 0.076117 0.727458
vt 0.060757 0.727053
vt 0.035166 0.777848
vn -0.015322 -0.642011 -0.766542
vn -0.243592 0.110586 -0.963553
vn -0.214365 0.401188 -0.890559
vn 0.000392 -0.341842 -0.939757
vn -0.317848 0.771996 -0.550450
vn -0.319818 0.885862 -0.336102
vn -0.201176 0.958782 0.200662
vn -0.247785 0.881170 0.402668
vn 0.057021 0.517785 0.853608
vn 0.000339 0.334091 0.942541
vn 0.267626 -0.220172 0.938030
vn 0.239386 -0.434948 0.868052
vn 0.318943 -0.779550 0.539052
vn 0.304916 -0.904582 0.297922
vn 0.216157 -0.970404 -0.107670
vn 0.207243 -0.883571 -0.419944
vn -0.216809 0.687261 -0.693301
vn 0.110190 0.028091 -0.993514
vn -0.428002 0.903663 0.014413
vn -0.375215 0.603233 0.703792
vn -0.067809 -0.090706 0.993567
vn 0.246969 -0.734745 0.631788
vn 0.380109 -0.923505 -0.051542
vn 0.332514 -0.637272 -0.695211
vn -0.392718 0.840448 -0.373390
vn 0.112255 0.417913 -0.901525
vn -0.631401 0.686299 0.361008
vn -0.479220 0.173929 0.860289
vn -0.018767 -0.483799 0.874978
vn 0.410969 -0.853672 0.319921
vn 0.571600 -0.740294 -0.353891
vn 0.477752 -0.254956 -0.840685
vn -0.590021 0.806987 0.025444
vn -0.068685 0.754500 -0.652696
vn -0.696995 0.355282 0.622875
vn -0.421578 -0.248014 0.872216
vn 0.138674 -0.761711 0.632903
vn 0.600726 -0.799043 -0.025662
vn 0.691541 -0.399098 -0.602073
vn 0.456558 0.202145 -0.866425
vn -0.623611 0.670630 0.401701
vn -0.245434 0.928494 -0.278677
vn -0.610989 0.040998 0.790577
vn -0.269744 -0.590150 0.760895
vn 0.286718 -0.917313 0.276280
vn 0.662918 -0.636665 -0.393951
vn 0.626243 -0.020599 -0.779356
vn 0.280674 0.594740 -0.753330
vn -0.530611 0.464239 0.709179
vn -0.263715 0.952340 0.153304
vn -0.491802 -0.281206 0.824048
vn -0.172587 -0.855514 0.488170
vn 0.306766 -0.938493 -0.158512
vn 0.591715 -0.381515 -0.710155
vn 0.491535 0.349283 -0.797744
vn 0.152737 0.871180 -0.466601
vn -0.431638 0.146994 0.889989
vn -0.156105 0.809909 0.565401
vn -0.460528 -0.607188 0.647485
vn -0.200102 -0.978828 0.043072
vn 0.224768 -0.767700 -0.600097
vn 0.504389 -0.032885 -0.862850
vn 0.445546 0.665377 -0.598967
vn 0.181918 0.982345 -0.043637
vn -0.459916 -0.255303 0.850469
vn -0.073367 0.470339 0.879431
vn -0.556430 -0.802052 0.217020
vn -0.285806 -0.830972 -0.477283
vn 0.178808 -0.388488 -0.903939
vn 0.535577 0.346518 -0.770118
vn 0.529405 0.826584 -0.191023
vn 0.289058 0.855687 0.429239
vn -0.639007 -0.581227 0.503830
vn -0.153796 0.005516 0.988087
vn -0.635569 -0.691164 -0.344011
vn -0.262155 -0.432502 -0.862680
vn 0.285840 0.068484 -0.955827
vn 0.681497 0.600093 -0.418867
vn 0.615157 0.723917 0.312291
vn 0.306433 0.494045 0.813645
vn -0.751547 -0.657492 -0.053678
vn -0.402922 -0.434102 0.805736
vn -0.526193 -0.395581 -0.752753
vn -0.072705 -0.005352 -0.997339
vn 0.497278 0.450106 -0.741700
vn 0.763026 0.640630 0.085935
vn 0.535068 0.420710 0.732602
vn 0.133164 0.040549 0.990264
vn -0.643601 -0.553956 -0.528120
vn -0.601278 -0.709132 0.368235
vn -0.289211 -0.098487 -0.952186
vn 0.182109 0.367646 -0.911961
vn 0.643075 0.699360 -0.312010
vn 0.651193 0.522471 0.550428
vn 0.300881 0.087492 0.949640
vn -0.139378 -0.357404 0.923491
vn -0.418635 -0.356542 -0.835238
vn -0.588834 -0.796637 -0.136545
vn -0.041978 0.226890 -0.973015
vn 0.358888 0.696896 -0.620915
vn 0.601505 0.776644 0.187128
vn 0.422514 0.307429 0.852625
vn 0.049376 -0.242175 0.968975
vn -0.342360 -0.680737 0.647600
vn -0.178504 -0.020227 -0.983731
vn -0.433924 -0.689651 -0.579735
vn 0.152793 0.600594 -0.784819
vn 0.409022 0.898609 -0.158757
vn 0.436096 0.649174 0.623213
vn 0.182533 -0.003972 0.983192
vn -0.140279 -0.579442 0.802850
vn -0.399513 -0.889582 0.221436
vn 0.054728 0.407459 -0.911582
vn -0.242104 -0.354267 -0.903261
vn 0.303253 0.868100 -0.392989
vn 0.383020 0.859681 0.338002
vn 0.236956 0.338061 0.910806
vn -0.043525 -0.382444 0.922953
vn -0.276071 -0.850373 0.447940
vn -0.372155 -0.885423 -0.278435
vn 0.279310 0.731977 -0.621447
vn -0.013271 0.081230 -0.996607
vn 0.393984 0.914952 0.087401
vn 0.285026 0.607888 0.741102
vn 0.001496 -0.065129 0.997876
vn -0.273606 -0.705248 0.654037
vn -0.379344 -0.924751 -0.030562
vn -0.290886 -0.636924 -0.713942
vn 0.391689 0.905283 -0.164450
vn 0.208935 0.479639 -0.852228
vn 0.335232 0.752789 0.566504
vn 0.094645 0.203517 0.974486
vn -0.229862 -0.475878 0.848943
vn -0.422376 -0.878321 0.223944
vn -0.369340 -0.786582 -0.494850
vn -0.120984 -0.263203 -0.957125
vn 0.336309 0.852417 0.400353
vn 0.322818 0.825067 -0.463739
vn 0.182517 0.349654 0.918929
vn -0.077650 -0.304949 0.949198
vn -0.349745 -0.806939 0.475950
vn -0.423615 -0.861967 -0.278502
vn -0.237718 -0.461737 -0.854569
vn 0.071062 0.195150 -0.978196
vn 0.303666 0.475983 0.825365
vn 0.316064 0.939992 0.128523
vn 0.158080 -0.201827 0.966580
vn -0.100975 -0.758016 0.644373
vn -0.361421 -0.931861 -0.031782
vn -0.388146 -0.575272 -0.720003
vn -0.151053 0.073193 -0.985812
vn 0.140620 0.700015 -0.700147
vn 0.409320 0.022052 0.912125
vn 0.395572 0.726071 0.562445
vn 0.217056 -0.628121 0.747228
vn -0.121089 -0.969643 0.212439
vn -0.429495 -0.764877 -0.480101
vn -0.439449 -0.089510 -0.893797
vn -0.178330 0.592627 -0.785488
vn 0.152715 0.964285 -0.216410
vn 0.493096 -0.369358 0.787674
vn 0.550809 0.379965 0.743125
vn 0.175802 -0.891421 0.417686
vn -0.278595 -0.942064 -0.186814
vn -0.583302 -0.415377 -0.698012
vn -0.509030 0.344874 -0.788638
vn -0.154691 0.885856 -0.437413
vn 0.280489 0.937755 0.204796
vn 0.482805 -0.693115 0.535249
vn 0.687316 -0.001907 0.726356
vn -0.009170 -0.998899 0.046000
vn -0.524280 -0.717497 -0.458616
vn -0.726361 -0.016886 -0.687106
vn -0.500949 0.686202 -0.527425
vn 0.011318 0.998830 -0.047010
vn 0.504405 0.709639 0.491922
vn 0.347887 -0.915989 0.199848
vn 0.750341 -0.350016 0.560783
vn -0.293033 -0.915215 -0.276611
vn -0.745459 -0.381798 -0.546372
vn -0.785603 0.341407 -0.516012
vn -0.369226 0.909730 -0.189904
vn 0.282540 0.915694 0.285788
vn 0.714503 0.381550 0.586434
vn 0.101497 -0.981687 -0.161209
vn 0.712423 -0.635402 0.297855
vn -0.564157 -0.668898 -0.484048
vn -0.869033 -0.030072 -0.493839
vn -0.738783 0.622695 -0.257781
vn -0.127817 0.978181 0.163782
vn 0.555667 0.671241 0.490582
vn 0.846395 0.038564 0.531158
vn -0.146740 -0.859865 -0.488978
vn 0.580373 -0.813819 -0.029413
vn -0.735462 -0.337888 -0.587305
vn -0.889715 0.278864 -0.361445
vn -0.616202 0.786306 0.044924
vn 0.138943 0.863415 0.484984
vn 0.745994 0.335509 0.575262
vn 0.881208 -0.275496 0.384155
vn -0.315176 -0.588164 -0.744800
vn 0.430561 -0.817517 -0.382469
vn -0.812450 0.013161 -0.582882
vn -0.850310 0.502501 -0.156418
vn -0.476199 0.797515 0.370410
vn 0.351925 0.585414 0.730369
vn 0.834406 -0.015626 0.550929
vn 0.844963 -0.509970 0.161149
vn -0.441453 -0.223484 -0.869008
vn 0.316703 -0.654225 -0.686796
vn -0.840661 0.317583 -0.438669
vn -0.786891 0.606752 0.112489
vn -0.339992 0.656037 0.673810
vn 0.504497 0.215935 0.835975
vn 0.861167 -0.300497 0.409991
vn 0.785127 -0.607481 -0.120593
vn -0.528217 0.188867 -0.827838
vn 0.199463 -0.369733 -0.907476
vn -0.811751 0.547545 -0.203115
vn -0.697945 0.599268 0.392111
vn -0.208076 0.387555 0.898056
vn 0.601663 -0.171001 0.780231
vn 0.846246 -0.505388 0.168675
vn 0.699592 -0.579487 -0.418049
vn -0.419215 0.608686 -0.673617
vn 0.151686 0.044189 -0.987441
vn -0.680466 0.732013 0.033498
vn -0.609821 0.497175 0.617200
vn -0.183056 0.005139 0.983089
vn 0.551022 -0.570008 0.609480
vn 0.751824 -0.647808 -0.122909
vn 0.589969 -0.431063 -0.682731
vn -0.071308 0.927583 -0.366749
vn 0.378414 0.467693 -0.798791
vn -0.506433 0.810712 0.293721
vn -0.654353 0.272564 0.705359
vn -0.430259 -0.412220 0.803089
vn 0.266386 -0.917125 0.296513
vn 0.647407 -0.650536 -0.397074
vn 0.631559 -0.132502 -0.763922
vn 0.162741 0.980920 0.106354
vn 0.663032 0.673197 -0.327406
vn -0.573723 0.635085 0.517212
vn -0.857322 -0.093422 0.506232
vn -0.661951 -0.691474 0.289282
vn 0.046855 -0.988185 -0.145926
vn 0.696503 -0.511824 -0.502912
vn 0.834535 0.139448 -0.533016
vn -0.075543 0.838514 0.539618
vn 0.634673 0.732050 0.247574
vn -0.897628 0.219144 0.382413
vn -0.922754 -0.384770 0.021838
vn -0.581953 -0.771679 -0.256598
vn 0.251365 -0.838456 -0.483537
vn 0.911324 -0.216846 -0.349952
vn 0.929810 0.363300 -0.058881
vn -0.573370 0.555266 0.602433
vn 0.318111 0.726773 0.608775
vn -0.987218 -0.159349 -0.002837
vn -0.758052 -0.540359 -0.365197
vn -0.238023 -0.763132 -0.600811
vn 0.674399 -0.537644 -0.506088
vn 0.993080 0.115398 -0.021791
vn 0.778839 0.522319 0.347266
vn -0.940299 0.113373 0.320912
vn -0.139442 0.606851 0.782488
vn -0.853414 -0.396504 -0.338334
vn -0.464804 -0.603833 -0.647567
vn 0.254438 -0.608743 -0.751461
vn 0.957951 -0.121031 -0.260157
vn 0.875962 0.365508 0.314792
vn 0.489635 0.589441 0.642509
vn -0.956051 -0.288478 -0.052420
vn -0.634469 0.281229 0.719972
vn -0.613054 -0.529536 -0.586307
vn -0.062478 -0.544285 -0.836570
vn 0.719827 -0.234477 -0.653353
vn 0.959123 0.272069 0.077863
vn 0.620048 0.514825 0.592027
vn 0.094061 0.539574 0.836667
vn -0.762531 -0.562401 -0.319769
vn -0.880270 -0.208032 0.426437
vn -0.289078 -0.564365 -0.773257
vn 0.362206 -0.280485 -0.888895
vn 0.889077 0.245135 -0.386589
vn 0.756312 0.547627 0.357907
vn 0.269480 0.539138 0.797942
vn -0.345752 0.296993 0.890085
vn -0.453915 -0.723365 -0.520293
vn -0.758151 -0.636766 0.140486
vn 0.065269 -0.413465 -0.908178
vn 0.578690 0.180631 -0.795293
vn 0.742938 0.658426 -0.120489
vn 0.432619 0.684755 0.586474
vn -0.101157 0.365972 0.925112
vn -0.613159 -0.155670 0.774470
vn -0.095313 -0.679696 -0.727275
vn -0.427039 -0.899257 -0.094735
vn 0.265422 -0.042299 -0.963204
vn 0.469697 0.631251 -0.617176
vn 0.405831 0.903160 0.140008
vn 0.084080 0.612070 0.786321
vn -0.309013 0.001114 0.951057
vn -0.529757 -0.614996 0.584070
vn 0.152630 -0.385680 -0.909920
vn -0.009561 -0.928415 -0.371422
vn 0.190811 0.379033 -0.905497
vn 0.130251 0.924961 -0.357047
vn 0.008436 0.898295 0.439311
vn -0.138848 0.309437 0.940729
vn -0.236879 -0.422645 0.874791
vn -0.189107 -0.915442 0.355252
vn 0.125543 -0.007846 -0.992057
vn 0.313815 -0.686986 -0.655416
vn -0.154664 0.665617 -0.730091
vn -0.315286 0.948845 -0.016997
vn -0.267839 0.624311 0.733824
vn -0.089726 -0.096774 0.991254
vn 0.103114 -0.716814 0.689598
vn 0.274910 -0.959855 0.055708
vn -0.195387 0.265396 -0.944134
vn 0.326134 -0.302471 -0.895627
vn -0.603903 0.672086 -0.428488
vn -0.633720 0.675312 0.377297
vn -0.260789 0.219888 0.940020
vn 0.217014 -0.363691 0.905888
vn 0.556682 -0.724187 0.407011
vn 0.628780 -0.713026 -0.310208
vn -0.597461 0.385733 -0.703029
vn -0.000268 0.059241 -0.998244
vn -0.869546 0.493820 -0.005555
vn -0.610448 0.293425 0.735700
vn 0.019842 -0.103066 0.994477
vn 0.587270 -0.429990 0.685728
vn 0.845162 -0.534400 0.010884
vn 0.616233 -0.332998 -0.713702
vn -0.839218 0.453261 -0.300446
vn -0.399169 0.322892 -0.858140
vn -0.835648 0.324860 0.442897
vn -0.321899 -0.015188 0.946652
vn 0.368439 -0.335023 0.867187
vn 0.826954 -0.465208 0.315797
vn 0.822288 -0.343494 -0.453713
vn 0.282342 -0.000666 -0.959314
vn -0.812799 0.553972 0.180204
vn -0.615917 0.602830 -0.507190
vn -0.596979 0.193601 0.778546
vn -0.031646 -0.300117 0.953377
vn 0.570339 -0.601843 0.559016
vn 0.823720 -0.539157 -0.175489
vn 0.543003 -0.152203 -0.825822
vn -0.078733 0.322332 -0.943347
vn -0.503791 0.584356 0.636179
vn -0.490377 0.871122 -0.026012
vn -0.293942 -0.009867 0.955772
vn 0.071414 -0.639042 0.765849
vn 0.444317 -0.893279 0.068087
vn 0.511715 -0.532278 -0.674409
vn 0.221466 0.116461 -0.968189
vn -0.202402 0.685860 -0.699021
vn -0.095520 0.403698 0.909892
vn -0.049598 0.921445 0.385330
vn -0.152859 -0.314089 0.937007
vn -0.159340 -0.872413 0.462068
vn -0.029492 -0.923668 -0.382057
vn 0.126687 -0.287986 -0.949218
vn 0.121927 0.444790 -0.887297
vn 0.029497 0.932533 -0.359879
vn 0.077517 0.042540 0.996083
vn 0.385891 0.710482 0.588475
vn -0.306745 -0.552062 0.775329
vn -0.517031 -0.825697 0.225619
vn -0.447828 -0.673537 -0.588046
vn -0.012238 0.054454 -0.998441
vn 0.277674 0.636198 -0.719826
vn 0.415892 0.899842 -0.131596
vn -0.118819 -0.341051 0.932505
vn 0.534058 0.364865 0.762663
vn -0.541168 -0.643166 0.541733
vn -0.730521 -0.682529 0.022205
vn -0.595514 -0.346051 -0.724991
vn 0.085960 0.365857 -0.926693
vn 0.497435 0.684226 -0.533285
vn 0.684542 0.728414 0.028554
vn -0.332994 -0.616802 0.713211
vn 0.351813 -0.043748 0.935048
vn -0.651747 -0.715111 0.252669
vn -0.782143 -0.563404 -0.266136
vn -0.505956 0.020333 -0.862319
vn 0.261694 0.621800 -0.738160
vn 0.631647 0.723030 -0.279733
vn 0.751862 0.580578 0.312462
vn -0.299605 -0.874617 0.381158
vn 0.193395 -0.461639 0.865730
vn -0.579620 -0.802588 -0.141045
vn -0.690136 -0.402257 -0.601582
vn -0.395750 0.368330 -0.841258
vn 0.271810 0.857506 -0.436809
vn 0.607325 0.786458 0.112428
vn 0.628397 0.347143 0.696138
vn -0.080075 -0.996785 0.002780
vn 0.287830 -0.737398 0.611063
vn -0.406426 -0.744535 -0.529609
vn -0.576968 -0.140263 -0.804633
vn -0.413844 0.641333 -0.646084
vn 0.085359 0.996222 -0.015998
vn 0.440672 0.699282 0.562861
vn 0.517510 0.013759 0.855566
vn 0.056384 -0.939481 -0.337928
vn 0.423339 -0.846525 0.322768
vn -0.346545 -0.508495 -0.788251
vn -0.569275 0.180709 -0.802041
vn -0.465169 0.814271 -0.347247
vn -0.042939 0.936236 0.348738
vn 0.364904 0.478215 0.798846
vn 0.547187 -0.242298 0.801173
vn -0.004810 -0.787704 -0.616035
vn 0.424196 -0.904974 0.032858
vn -0.417301 -0.201456 -0.886158
vn -0.582657 0.480598 -0.655390
vn -0.414550 0.908832 -0.046613
vn 0.013385 0.800409 0.599305
vn 0.424565 0.229971 0.875704
vn 0.595954 -0.469987 0.651115
vn -0.174797 -0.543626 -0.820924
vn 0.226634 -0.935932 -0.269570
vn -0.431505 0.174333 -0.885105
vn -0.435081 0.783005 -0.444532
vn -0.202386 0.952986 0.225515
vn 0.169573 0.613431 0.771328
vn 0.478726 -0.075129 0.874744
vn 0.512502 -0.734235 0.445243
vn -0.215981 -0.219537 -0.951397
vn -0.016240 -0.831795 -0.554845
vn -0.273678 0.540810 -0.795377
vn -0.170651 0.967308 -0.187602
vn 0.035252 0.876281 0.480509
vn 0.268006 0.314011 0.910807
vn 0.370824 -0.477820 0.796353
vn 0.237551 -0.957903 0.161221
vn -0.126827 0.130682 -0.983279
vn -0.076512 -0.611662 -0.787410
vn -0.096468 0.805309 -0.584954
vn -0.002176 0.992595 0.121450
vn 0.117332 0.657038 0.744671
vn 0.198253 -0.093152 0.975714
vn 0.158729 -0.800854 0.577441
vn 0.036233 -0.987069 -0.156146
vn -0.028620 0.466438 -0.884091
vn -0.020775 -0.315016 -0.948859
vn -0.015673 0.956345 -0.291819
vn 0.018538 0.897625 0.440370
vn 0.064971 0.337489 0.939085
vn 0.082445 -0.463168 0.882428
vn 0.052070 -0.957184 0.284760
vn 0.008685 -0.889721 -0.456422
vn 0.051165 0.740510 -0.670095
vn 0.061941 0.024806 -0.997772
vn 0.025562 0.998969 0.037521
vn -0.002179 0.702024 0.712150
vn -0.010936 -0.009776 0.999892
vn 0.007385 -0.734956 0.678075
vn 0.033393 -0.998850 -0.034406
vn 0.053920 -0.696312 -0.715711
vn 0.121422 0.920512 -0.371368
vn 0.140700 0.350811 -0.925816
vn 0.052232 0.928941 0.366526
vn -0.035612 0.429217 0.902499
vn -0.082921 -0.352047 0.932302
vn -0.046697 -0.922611 0.382894
vn 0.033608 -0.934218 -0.355115
vn 0.104845 -0.436832 -0.893412
vn 0.156785 0.987522 -0.014769
vn 0.214327 0.648123 -0.730754
vn 0.033669 0.756629 0.652977
vn -0.098227 0.100177 0.990109
vn -0.147448 -0.661733 0.735097
vn -0.073083 -0.996768 0.033359
vn 0.051473 -0.774044 -0.631036
vn 0.164649 -0.134766 -0.977102
vn 0.146504 0.933246 0.328008
vn 0.254798 0.873288 -0.415267
vn -0.016553 0.497950 0.867048
vn -0.164682 -0.266818 0.949573
vn -0.182380 -0.885737 0.426857
vn -0.067431 -0.950864 -0.302175
vn 0.091128 -0.536277 -0.839109
vn 0.230199 0.214851 -0.949130
vn 0.110999 0.771104 0.626960
vn 0.253859 0.966095 -0.047085
vn -0.076992 0.150208 0.985652
vn -0.212619 -0.618770 0.756252
vn -0.184987 -0.980136 0.071504
vn -0.040979 -0.808228 -0.587442
vn 0.144351 -0.223146 -0.964038
vn 0.282014 0.577354 -0.766244
vn 0.063898 0.503111 0.861856
vn 0.229187 0.924732 0.303881
vn -0.132309 -0.259282 0.956696
vn -0.229791 -0.866937 0.442285
vn -0.167051 -0.949423 -0.265877
vn -0.001540 -0.576554 -0.817058
vn 0.202431 0.164259 -0.965423
vn 0.300470 0.844679 -0.442984
vn 0.017302 0.128093 0.991611
vn 0.195392 0.763522 0.615513
vn -0.164585 -0.647708 0.743899
vn -0.215760 -0.973514 0.075613
vn -0.133190 -0.811910 -0.568386
vn 0.043231 -0.257878 -0.965210
vn 0.241584 0.564334 -0.789407
vn 0.285809 0.956137 -0.064142
vn -0.018418 -0.337246 0.941236
vn 0.150068 0.465717 0.872116
vn -0.155667 -0.910378 0.383379
vn -0.174901 -0.933957 -0.311665
vn -0.085761 -0.558501 -0.825059
vn 0.088829 0.160253 -0.983071
vn 0.238993 0.868540 -0.434190
vn 0.242224 0.914759 0.323331
vn -0.031796 -0.581328 0.813048
vn 0.107450 0.181294 0.977541
vn -0.128935 -0.970771 0.202433
vn -0.139083 -0.865014 -0.482086
vn -0.049848 -0.330430 -0.942513
vn 0.120050 0.528631 -0.840320
vn 0.218310 0.974246 -0.056446
vn 0.197656 0.774859 0.600438
vn 0.125583 0.828753 -0.545342
vn -0.193134 0.960630 0.199722
vn -0.310873 0.834184 0.455517
vn 0.043815 0.965944 -0.255016
vn -0.378388 0.482112 0.790184
vn -0.455053 0.248937 0.854960
vn -0.326480 -0.309734 0.893015
vn -0.337077 -0.489000 0.804523
vn -0.044874 -0.924518 0.378486
vn 0.000345 -0.972667 0.232205
vn 0.241903 -0.913433 -0.327297
vn 0.313638 -0.829269 -0.462541
vn 0.379613 -0.463363 -0.800743
vn 0.440527 -0.252084 -0.861621
vn 0.346160 0.201745 -0.916227
vn 0.353432 0.469252 -0.809252
vn -0.516093 0.517405 0.682598
vn -0.125049 0.985216 0.117097
vn -0.522829 -0.176454 0.833974
vn -0.231818 -0.807855 0.541877
vn 0.187786 -0.975202 -0.117123
vn 0.477985 -0.565695 -0.671952
vn 0.543384 0.107065 -0.832629
vn 0.352221 0.755774 -0.552037
vn -0.575732 0.056710 0.815670
vn -0.439763 0.764914 0.470654
vn -0.328753 -0.618924 0.713340
vn 0.091176 -0.972072 0.216248
vn 0.452839 -0.788940 -0.415344
vn 0.594200 -0.173364 -0.785411
vn 0.473509 0.530050 -0.703446
vn 0.076987 0.975123 -0.207867
vn -0.354098 -0.345803 0.868927
vn -0.494714 0.431690 0.754256
vn 0.011363 -0.867603 0.497128
vn 0.375132 -0.919784 -0.115209
vn 0.559609 -0.471529 -0.681541
vn 0.447957 0.293773 -0.844412
vn 0.101114 0.878357 -0.467188
vn -0.281469 0.942604 0.179646
vn -0.084494 -0.661743 0.744955
vn -0.330369 0.090506 0.939503
vn 0.218517 -0.964302 0.149573
vn 0.423725 -0.753011 -0.503420
vn 0.402648 -0.063386 -0.913158
vn 0.123133 0.699645 -0.703801
vn -0.169302 0.981232 -0.092306
vn -0.343084 0.766201 0.543351
vn 0.029947 -0.913803 0.405052
vn -0.100492 -0.306678 0.946494
vn 0.138245 -0.930248 -0.339894
vn 0.198941 -0.409455 -0.890376
vn 0.134267 0.426945 -0.894254
vn -0.024887 0.947015 -0.320223
vn -0.139333 0.928396 0.344481
vn -0.172290 0.481475 0.859359
vn -0.160634 -0.975619 -0.149548
vn -0.013754 -0.733518 0.679531
vn -0.170667 -0.563217 -0.808492
vn -0.039003 0.148484 -0.988145
vn 0.080709 0.818003 -0.569524
vn 0.104761 0.981377 0.161010
vn 0.089491 0.658241 0.747469
vn 0.065666 0.007486 0.997814
vn -0.392542 -0.642358 -0.658246
vn -0.218032 -0.959506 0.178352
vn -0.235590 0.000137 -0.971852
vn 0.041189 0.622511 -0.781527
vn 0.256917 0.958948 -0.120052
vn 0.304386 0.738196 0.602009
vn 0.238730 0.147377 0.959837
vn 0.083846 -0.526136 0.846257
vn -0.313250 -0.188986 -0.930676
vn -0.423833 -0.824137 -0.375719
vn -0.006422 0.444946 -0.895534
vn 0.285148 0.863635 -0.415723
vn 0.410223 0.843286 0.347256
vn 0.304598 0.302016 0.903331
vn 0.091135 -0.371861 0.923804
vn -0.183240 -0.862976 0.470845
vn -0.037993 0.181040 -0.982742
vn -0.350035 -0.533898 -0.769693
vn 0.271454 0.717307 -0.641703
vn 0.436395 0.899380 0.025979
vn 0.355539 0.569222 0.741335
vn 0.068133 -0.129685 0.989212
vn -0.217214 -0.708325 0.671635
vn -0.404277 -0.914520 -0.014617
vn 0.237165 0.478473 -0.845468
vn -0.100405 -0.229076 -0.968216
vn 0.416927 0.867193 -0.272302
vn 0.380177 0.804846 0.455728
vn 0.107433 0.236440 0.965689
vn -0.225037 -0.474470 0.851021
vn -0.406571 -0.869608 0.280146
vn -0.376263 -0.806837 -0.455457
vn 0.396918 0.731249 -0.554735
vn 0.183995 0.094707 -0.978354
vn 0.374606 0.915641 0.145848
vn 0.152056 0.600405 0.785107
vn -0.183011 -0.115731 0.976275
vn -0.398079 -0.731646 0.553378
vn -0.385357 -0.913099 -0.133231
vn -0.161002 -0.615445 -0.771560
vn 0.442688 0.885314 -0.142290
vn 0.416505 0.444005 -0.793337
vn 0.226369 0.806803 0.545734
vn -0.119194 0.284974 0.951095
vn -0.408800 -0.445213 0.796661
vn -0.436723 -0.884563 0.163772
vn -0.224594 -0.823847 -0.520416
vn 0.121746 -0.306213 -0.944146
vn 0.447183 0.847024 0.287364
vn 0.580520 0.679429 -0.448745
vn 0.075045 0.545880 0.834496
vn -0.350368 -0.059166 0.934742
vn -0.571469 -0.668076 0.476547
vn -0.422411 -0.866875 -0.264758
vn -0.039461 -0.564218 -0.824682
vn 0.372243 0.071867 -0.925349
vn 0.388173 0.645819 0.657449
vn 0.686980 0.725351 -0.043876
vn -0.118631 0.212253 0.969987
vn -0.569353 -0.340468 0.748277
vn -0.683660 -0.726349 0.070903
vn -0.356056 -0.673983 -0.647279
vn 0.163330 -0.227163 -0.960063
vn 0.588652 0.353915 -0.726796
vn 0.221911 0.297884 0.928451
vn 0.681931 0.619039 0.389565
vn -0.336316 -0.178191 0.924738
vn -0.719202 -0.547352 0.427966
vn -0.696398 -0.634544 -0.335237
vn -0.215311 -0.359148 -0.908105
vn 0.379545 0.116531 -0.917805
vn 0.746890 0.531647 -0.399384
vn 0.081717 -0.197213 0.976949
vn 0.579247 0.329313 0.745671
vn -0.430637 -0.593652 0.679801
vn -0.737424 -0.673935 0.044912
vn -0.634038 -0.402392 -0.660361
vn -0.075906 0.093513 -0.992720
vn 0.515475 0.507471 -0.690477
vn 0.775914 0.630106 0.030408
vn 0.087153 -0.674404 0.733201
vn 0.549897 -0.105308 0.828567
vn -0.410254 -0.871172 0.269724
vn -0.717457 -0.617238 -0.322913
vn -0.610854 -0.004028 -0.791733
vn -0.047211 0.617881 -0.784853
vn 0.519375 0.814017 -0.260048
vn 0.741230 0.523176 0.420554
vn 0.081240 -0.944363 0.318713
vn 0.587126 -0.497288 0.638739
vn -0.463633 -0.873091 -0.150850
vn -0.774704 -0.331043 -0.538743
vn -0.617490 0.446723 -0.647413
vn -0.023558 0.937997 -0.345843
vn 0.542883 0.823180 0.166291
vn 0.778353 0.239357 0.580409
vn -0.079492 -0.991665 -0.101394
vn 0.539607 -0.786744 0.299762
vn -0.643208 -0.638267 -0.422965
vn -0.856713 0.069533 -0.511086
vn -0.545610 0.778195 -0.311004
vn 0.128730 0.988219 0.082776
vn 0.682052 0.599632 0.418625
vn 0.847404 -0.118463 0.517565
vn -0.336672 -0.845557 -0.414348
vn 0.356356 -0.931043 -0.078540
vn -0.820728 -0.286221 -0.494452
vn -0.849377 0.433628 -0.300873
vn -0.352489 0.933149 0.070598
vn 0.373471 0.839959 0.393684
vn 0.837594 0.259639 0.480650
vn 0.836539 -0.458835 0.299455
vn -0.594735 -0.559119 -0.577648
vn 0.087587 -0.899789 -0.427443
vn -0.920574 0.087494 -0.380643
vn -0.726934 0.686261 0.024754
vn -0.076071 0.903118 0.422601
vn 0.622815 0.548955 0.557450
vn 0.921430 -0.110546 0.372487
vn 0.711677 -0.702204 -0.020624
vn -0.795281 -0.194521 -0.574187
vn -0.206375 -0.697673 -0.686048
vn -0.908728 0.401081 -0.115530
vn -0.507511 0.766364 0.393850
vn 0.221244 0.697280 0.681801
vn 0.814607 0.179067 0.551681
vn 0.896484 -0.428009 0.114561
vn 0.487360 -0.784361 -0.383742
vn -0.886759 0.170972 -0.429450
vn -0.448866 -0.362317 -0.816851
vn -0.793486 0.569614 0.214287
vn -0.260631 0.650462 0.713422
vn 0.467947 0.358600 0.807732
vn 0.902176 -0.190049 0.387247
vn 0.761567 -0.605994 -0.229755
vn 0.223660 -0.672803 -0.705203
vn -0.878737 0.448470 -0.163391
vn -0.598361 0.045509 -0.799933
vn -0.635577 0.543362 0.548452
vn -0.043354 0.354249 0.934146
vn 0.633360 -0.056702 0.771777
vn 0.881575 -0.462117 0.096302
vn 0.581723 -0.579688 -0.570580
vn 0.008229 -0.382804 -0.923793
vn -0.804591 0.560223 0.196936
vn -0.681029 0.433192 -0.590377
vn -0.463922 0.334355 0.820356
vn 0.136481 -0.053690 0.989187
vn 0.715501 -0.434290 0.547221
vn 0.793721 -0.551178 -0.257314
vn 0.411340 -0.362779 -0.836177
vn -0.158275 0.020095 -0.987191
vn -0.667906 0.509846 0.542179
vn -0.672962 0.706417 -0.219312
vn -0.300901 0.019866 0.953449
vn 0.256828 -0.471522 0.843627
vn 0.707126 -0.686158 0.170761
vn 0.652407 -0.464947 -0.598489
vn 0.238110 -0.022166 -0.970985
vn -0.285720 0.451031 -0.845539
vn -0.559276 0.328817 0.760980
vn -0.536064 0.826817 0.170320
vn -0.284981 -0.363267 0.887031
vn 0.211092 -0.843655 0.493645
vn 0.600200 -0.752089 -0.272253
vn 0.527611 -0.204738 -0.824445
vn 0.174523 0.393238 -0.902721
vn -0.240728 0.817602 -0.523046
vn -0.677385 0.036822 0.734707
vn -0.396795 0.752282 0.525952
vn -0.573403 -0.689535 0.442437
vn -0.013779 -0.993785 -0.110459
vn 0.561694 -0.557819 -0.611014
vn 0.637386 0.148642 -0.756072
vn 0.402830 0.732487 -0.548808
vn 0.022238 0.998710 -0.045641
vn -0.905724 -0.267747 0.328596
vn -0.556521 0.411288 0.721891
vn -0.681595 -0.696532 -0.224212
vn -0.033014 -0.768956 -0.638449
vn 0.680621 -0.284164 -0.675282
vn 0.857192 0.346491 -0.381007
vn 0.639866 0.766798 0.050914
vn 0.130036 0.840016 0.526748
vn -0.882913 -0.467678 -0.041729
vn -0.816571 0.025835 0.576667
vn -0.468172 -0.669280 -0.576957
vn 0.242222 -0.514727 -0.822426
vn 0.845058 -0.001618 -0.534673
vn 0.886722 0.461671 0.024167
vn 0.506965 0.672997 0.538574
vn -0.181535 0.535737 0.824640
vn -0.688895 -0.636439 -0.346943
vn -0.893001 -0.323698 0.312680
vn -0.131650 -0.597906 -0.790681
vn 0.551922 -0.208593 -0.807386
vn 0.904407 0.319566 -0.282710
vn 0.710609 0.606885 0.355985
vn 0.165461 0.581121 0.796819
vn -0.522730 0.216657 0.824508
vn -0.393364 -0.697395 -0.599087
vn -0.792674 -0.609487 0.013903
vn 0.221956 -0.399740 -0.889350
vn 0.746622 0.157792 -0.646264
vn 0.805728 0.592100 0.014819
vn 0.418714 0.661251 0.622436
vn -0.193142 0.384981 0.902489
vn -0.729859 -0.148537 0.667265
vn -0.057088 -0.616195 -0.785522
vn -0.566611 -0.779125 -0.268174
vn 0.507542 -0.072009 -0.858612
vn 0.767946 0.511446 -0.385592
vn 0.578886 0.755000 0.308004
vn 0.078409 0.575597 0.813966
vn -0.482883 0.071586 0.872754
vn -0.759925 -0.502717 0.412055
vn 0.256040 -0.377441 -0.889934
vn -0.273389 -0.815492 -0.510129
vn 0.628124 0.315081 -0.711467
vn 0.625577 0.773195 -0.104031
vn 0.281710 0.777138 0.562758
vn -0.234841 0.337760 0.911465
vn -0.621517 -0.302364 0.722698
vn -0.625522 -0.768765 0.133125
vn 0.442300 0.012362 -0.896782
vn 0.051767 -0.693278 -0.718808
vn 0.538043 0.676869 -0.502352
vn 0.353579 0.918785 0.175545
vn -0.040990 0.627547 0.777499
vn -0.433028 -0.039953 0.900494
vn -0.558532 -0.659158 0.503540
vn -0.361979 -0.923290 -0.128483
vn 0.412419 0.452842 -0.790471
vn 0.310603 -0.350219 -0.883670
vn 0.275922 0.932849 -0.231645
vn 0.004768 0.879449 0.475969
vn -0.290666 0.278141 0.915506
vn -0.420602 -0.465645 0.778633
vn -0.307351 -0.919219 0.246113
vn -0.012536 -0.911849 -0.410334
vn 0.197295 0.790983 -0.579155
vn 0.364598 0.117470 -0.923726
vn -0.070955 0.991492 0.109127
vn -0.289832 0.582170 0.759655
vn -0.335833 -0.187368 0.923098
vn -0.199194 -0.804524 0.559521
vn 0.050414 -0.995665 -0.078158
vn 0.298151 -0.645967 -0.702732
vn -0.151775 0.948369 -0.278497
vn 0.192756 0.521532 -0.831174
vn -0.408164 0.763306 0.500765
vn -0.364911 0.078493 0.927728
vn -0.118708 -0.591783 0.797309
vn 0.178328 -0.948789 0.260766
vn 0.396006 -0.807180 -0.437766
vn 0.406852 -0.195167 -0.892402
vn -0.566981 0.804493 0.176985
vn -0.214650 0.770841 -0.599774
vn -0.490455 0.249759 0.834910
vn -0.120624 -0.352939 0.927838
vn 0.295596 -0.767011 0.569489
vn 0.572056 -0.806824 -0.147607
vn 0.509611 -0.353710 -0.784338
vn 0.200192 0.281096 -0.938567
vn -0.629545 0.473779 0.615798
vn -0.579686 0.787010 -0.211137
vn -0.243005 -0.107888 0.964007
vn 0.224256 -0.558488 0.798625
vn 0.613396 -0.766053 0.192116
vn 0.628166 -0.483028 -0.609993
vn 0.261735 0.090936 -0.960846
vn -0.183331 0.569142 -0.801541
vn -0.398070 0.210749 0.892819
vn -0.649387 0.713658 0.262658
vn 0.054829 -0.357430 0.932329
vn 0.461954 -0.735712 0.495304
vn 0.637157 -0.707243 -0.306329
vn 0.378759 -0.177967 -0.908223
vn -0.063998 0.384417 -0.920939
vn -0.458389 0.733926 -0.501230
vn -0.124970 -0.047860 0.991006
vn -0.449249 0.595387 0.666101
vn 0.228101 -0.642548 0.731506
vn 0.452650 -0.890529 0.045443
vn 0.413174 -0.558732 -0.719100
vn 0.099259 0.125731 -0.987086
vn -0.257151 0.660516 -0.705402
vn -0.494811 0.865829 -0.074170
vn 0.041187 -0.369793 0.928201
vn -0.140699 0.382311 0.913259
vn 0.163992 -0.907459 0.386815
vn 0.194539 -0.896156 -0.398821
vn 0.115320 -0.297365 -0.947774
vn -0.056673 0.458984 -0.886635
vn -0.217142 0.910191 -0.352706
vn -0.259688 0.893230 0.367019
vn -0.007361 -0.674812 0.737953
vn 0.105400 0.054491 0.992936
vn -0.139682 -0.989707 0.031142
vn -0.172038 -0.686891 -0.706105
vn -0.090089 0.066979 -0.993679
vn 0.008013 0.753482 -0.657420
vn 0.075321 0.996987 0.018557
vn 0.120507 0.726284 0.676749
vn -0.275765 -0.831627 0.482028
vn 0.145436 -0.342765 0.928095
vn -0.539345 -0.803686 -0.251388
vn -0.458460 -0.271195 -0.846326
vn -0.090589 0.445572 -0.890651
vn 0.279464 0.874989 -0.395341
vn 0.478404 0.829911 0.287014
vn 0.442191 0.352403 0.824791
vn -0.581020 -0.795392 0.172532
vn -0.063719 -0.681957 0.728612
vn -0.761799 -0.448159 -0.467778
vn -0.490369 0.180309 -0.852659
vn 0.088441 0.707245 -0.701414
vn 0.575002 0.805989 -0.140550
vn 0.735987 0.474353 0.483024
vn 0.493945 -0.136484 0.858714
vn -0.718391 -0.673957 -0.172327
vn -0.296981 -0.862096 0.410601
vn -0.752086 -0.117732 -0.648465
vn -0.350975 0.533259 -0.769709
vn 0.288549 0.862271 -0.416206
vn 0.729396 0.660932 0.176498
vn 0.742296 0.095942 0.663168
vn 0.319682 -0.543486 0.776162
vn -0.659814 -0.534605 -0.528057
vn -0.331018 -0.943281 -0.025447
vn -0.657839 0.158629 -0.736264
vn -0.274222 0.799138 -0.534958
vn 0.335975 0.941815 0.010327
vn 0.706676 0.464179 0.533992
vn 0.627988 -0.258640 0.733987
vn 0.193274 -0.839069 0.508536
vn -0.548176 -0.300839 -0.780384
vn -0.182317 -0.863550 -0.470151
vn -0.640689 0.407274 -0.650881
vn -0.361363 0.921828 -0.140179
vn 0.217625 0.844694 0.489010
vn 0.612460 0.197280 0.765489
vn 0.602670 -0.516163 0.608576
vn 0.279169 -0.953206 0.116030
vn -0.553288 0.068994 -0.830128
vn -0.109287 -0.567169 -0.816319
vn -0.683241 0.623923 -0.379344
vn -0.432149 0.852469 0.294184
vn 0.139723 0.554520 0.820357
vn 0.594898 -0.098201 0.797780
vn 0.670816 -0.654160 0.349399
vn 0.400182 -0.867024 -0.296855
vn -0.577021 0.452079 -0.680200
vn -0.216065 -0.167022 -0.961987
vn -0.611951 0.788983 -0.054979
vn -0.325628 0.714333 0.619431
vn 0.203718 0.204802 0.957369
vn 0.608236 -0.413468 0.677564
vn 0.642710 -0.765095 0.039426
vn 0.315300 -0.697272 -0.643738
vn -0.379848 0.814463 -0.438595
vn -0.228759 0.283697 -0.931228
vn -0.337458 0.902750 0.266766
vn -0.123110 0.512018 0.850107
vn 0.205388 -0.194064 0.959247
vn 0.438886 -0.775270 0.454241
vn 0.388759 -0.865450 -0.316010
vn 0.093515 -0.430210 -0.897872
vn -0.065259 0.990191 -0.123544
vn -0.028355 0.633987 -0.772823
vn -0.075045 0.807235 0.585440
vn -0.045313 0.173145 0.983853
vn 0.034369 -0.594274 0.803528
vn 0.109458 -0.988743 0.102017
vn 0.106490 -0.758433 -0.642993
vn 0.038848 -0.085655 -0.995567
vn 0.111582 0.952327 0.283941
vn 0.188538 0.861812 -0.470886
vn -0.032075 0.492888 0.869502
vn -0.155068 -0.254207 0.954637
vn -0.176371 -0.866636 0.466729
vn -0.083755 -0.947525 -0.308516
vn 0.052250 -0.468133 -0.882112
vn 0.160083 0.271544 -0.949019
vn 0.075088 0.737761 0.670873
vn 0.253162 0.965890 -0.054467
vn -0.141270 0.076980 0.986974
vn -0.270516 -0.624234 0.732907
vn -0.239035 -0.969896 0.046509
vn -0.063493 -0.742138 -0.667233
vn 0.147947 -0.092541 -0.984656
vn 0.279710 0.609107 -0.742126
vn -0.035617 0.382450 0.923290
vn 0.194139 0.901304 0.387249
vn -0.234600 -0.350011 0.906893
vn -0.296005 -0.878428 0.375159
vn -0.183994 -0.906008 -0.381176
vn 0.041299 -0.401760 -0.914813
vn 0.244529 0.326914 -0.912871
vn 0.310410 0.869609 -0.383962
vn -0.116250 -0.049396 0.991991
vn 0.104657 0.654385 0.748884
vn -0.260577 -0.709975 0.654244
vn -0.255262 -0.965516 -0.051183
vn -0.098142 -0.667426 -0.738181
vn 0.124656 0.025661 -0.991868
vn 0.276513 0.694996 -0.663718
vn 0.269566 0.961596 0.051652
vn -0.141318 -0.472325 0.870022
vn 0.037134 0.273404 0.961182
vn -0.231935 -0.931796 0.279219
vn -0.190164 -0.863386 -0.467336
vn -0.031626 -0.292990 -0.955592
vn 0.154299 0.454638 -0.877209
vn 0.250373 0.925677 -0.283610
vn 0.201444 0.856253 0.475659
vn -0.044150 -0.689852 0.722603
vn 0.166910 -0.000741 0.985972
vn -0.226740 -0.973401 0.032860
vn -0.236200 -0.726998 -0.644736
vn -0.001008 -0.072259 -0.997386
vn 0.259347 0.638407 -0.724691
vn 0.366845 0.929953 -0.024752
vn 0.326842 0.665752 0.670783
vn -0.009120 -0.980873 0.194435
vn 0.431315 -0.445247 0.784680
vn -0.194870 -0.761154 -0.618603
vn -0.180774 -0.069513 -0.981065
vn -0.113937 0.655840 -0.746252
vn 0.272356 0.961916 0.023229
vn 0.565757 0.547908 0.616211
vn 0.620013 0.099837 0.778213
vn -0.051490 -0.964235 -0.260001
vn 0.056827 -0.825893 0.560956
vn -0.114729 -0.510778 -0.852023
vn -0.101384 0.271781 -0.957004
vn -0.015305 0.831064 -0.555966
vn 0.094153 0.955831 0.278428
vn 0.150158 0.506953 0.848794
vn 0.134876 -0.161499 0.977613
vn -0.072274 -0.651252 -0.755412
vn 0.028134 -0.997304 -0.067777
vn -0.125382 0.084331 -0.988518
vn -0.104208 0.770395 -0.628993
vn -0.014136 0.999047 0.041292
vn 0.086403 0.611480 0.786528
vn 0.130636 -0.046719 0.990329
vn 0.111849 -0.711563 0.693663
vn -0.099808 -0.076078 -0.992094
vn -0.000999 -0.771085 -0.636731
vn -0.143965 0.651575 -0.744798
vn -0.109310 0.990707 -0.080935
vn -0.010225 0.767745 0.640673
vn 0.086085 0.050174 0.995024
vn 0.123502 -0.632433 0.764706
vn 0.092507 -0.990002 0.106481
vn -0.114929 0.249692 -0.961481
vn -0.026857 -0.475729 -0.879182
vn -0.146245 0.819696 -0.553814
vn -0.109248 0.982523 0.150712
vn -0.010684 0.553493 0.832786
vn 0.083595 -0.223627 0.971083
vn 0.119460 -0.849970 0.513108
vn 0.074800 -0.960962 -0.266379
vn 0.145152 0.690936 0.708193
vn -0.229908 -0.027692 0.972818
vn -0.291808 -0.367930 0.882879
vn 0.034607 0.401354 0.915269
vn -0.417429 -0.698666 0.581049
vn -0.396810 -0.852306 0.340758
vn -0.332981 -0.930213 -0.154361
vn -0.292829 -0.886719 -0.357743
vn -0.020811 -0.552675 -0.833137
vn -0.002244 -0.413615 -0.910449
vn 0.301518 0.176807 -0.936924
vn 0.318680 0.327866 -0.889352
vn 0.438024 0.707172 -0.555016
vn 0.445545 0.817168 -0.365686
vn 0.394485 0.917694 0.047100
vn 0.347614 0.873839 0.339955
vn -0.227993 -0.741356 0.631198
vn -0.038254 -0.035416 0.998640
vn -0.245540 -0.968121 -0.049518
vn -0.151189 -0.708717 -0.689102
vn 0.053245 -0.032349 -0.998057
vn 0.289585 0.681505 -0.672080
vn 0.365588 0.930529 0.021457
vn 0.237129 0.681682 0.692156
vn -0.003188 -0.951807 0.306680
vn 0.007151 -0.440460 0.897744
vn 0.001236 -0.913389 -0.407086
vn -0.007475 -0.415703 -0.909470
vn 0.015853 0.361550 -0.932218
vn 0.095509 0.934609 -0.342614
vn 0.131560 0.901466 0.412373
vn 0.077107 0.364530 0.927994
vn 0.223031 -0.973659 -0.047390
vn 0.186330 -0.704174 0.685143
vn 0.139016 -0.686636 -0.713587
vn -0.015959 -0.037123 -0.999183
vn -0.143872 0.687904 -0.711400
vn -0.141810 0.988892 0.044535
vn -0.048853 0.688455 0.723632
vn 0.069078 0.009831 0.997563
vn 0.296596 -0.842527 -0.449643
vn 0.368663 -0.857780 0.358193
vn 0.072827 -0.328385 -0.941732
vn -0.171053 0.359195 -0.917453
vn -0.312153 0.882735 -0.351197
vn -0.237889 0.866284 0.439272
vn -0.019870 0.368339 0.929479
vn 0.221605 -0.318379 0.921697
vn 0.188771 -0.536617 -0.822440
vn 0.416739 -0.903968 -0.095759
vn -0.082831 0.134118 -0.987498
vn -0.289495 0.717874 -0.633127
vn -0.343798 0.934048 0.096733
vn -0.162321 0.605560 0.779069
vn 0.136394 -0.018138 0.990489
vn 0.382200 -0.624215 0.681380
vn 0.081306 -0.047675 -0.995548
vn 0.297797 -0.745619 -0.596128
vn -0.106585 0.615164 -0.781161
vn -0.241953 0.951850 -0.188258
vn -0.248618 0.800200 0.545774
vn -0.045707 0.181998 0.982236
vn 0.227750 -0.483674 0.845097
vn 0.379924 -0.891760 0.245808
vn 0.166393 0.453159 -0.875763
vn 0.226293 -0.346129 -0.910487
vn 0.047870 0.929689 -0.365222
vn -0.105243 0.946835 0.304018
vn -0.187317 0.456952 0.869544
vn -0.078592 -0.335561 0.938734
vn 0.110238 -0.881577 0.458988
vn 0.220598 -0.929409 -0.295864
vn 0.373717 0.770975 -0.515687
vn 0.345497 0.104758 -0.932555
vn 0.202678 0.969831 0.135459
vn -0.069688 0.701648 0.709108
vn -0.294084 0.000849 0.955779
vn -0.278120 -0.746076 0.604996
vn -0.086734 -0.992447 -0.086756
vn 0.145434 -0.663554 -0.733857
vn 0.496050 0.867597 -0.034799
vn 0.566476 0.444610 -0.693850
vn 0.169968 0.797565 0.578792
vn -0.238502 0.327724 0.914174
vn -0.523265 -0.411425 0.746273
vn -0.438626 -0.894367 0.087837
vn -0.109359 -0.816900 -0.566317
vn 0.289385 -0.290565 -0.912046
vn 0.403026 0.800100 0.444308
vn 0.701567 0.662351 -0.262857
vn -0.077252 0.505540 0.859338
vn -0.529928 -0.070173 0.845134
vn -0.681058 -0.667153 0.301772
vn -0.385674 -0.824194 -0.414681
vn 0.098180 -0.521980 -0.847289
vn 0.555643 0.074075 -0.828115
vn 0.129071 0.577469 0.806145
vn 0.630286 0.735997 0.247079
vn -0.405436 0.118414 0.906422
vn -0.741941 -0.424312 0.519117
vn -0.638671 -0.740496 -0.209200
vn -0.148919 -0.604976 -0.782193
vn 0.404643 -0.151626 -0.901817
vn 0.756593 0.414949 -0.505356
vn -0.170377 0.212051 0.962292
vn 0.419865 0.597165 0.683452
vn -0.650375 -0.271923 0.709274
vn -0.786222 -0.615444 0.055537
vn -0.448440 -0.605072 -0.657867
vn 0.159888 -0.232913 -0.959264
vn 0.659801 0.264481 -0.703358
vn 0.780794 0.624264 -0.025592
vn -0.419639 -0.159455 0.893575
vn 0.196785 0.285680 0.937903
vn -0.795750 -0.493160 0.351534
vn -0.730326 -0.552390 -0.401858
vn -0.207177 -0.277719 -0.938056
vn 0.434274 0.170821 -0.884436
vn 0.793506 0.515437 -0.323531
vn 0.701795 0.571630 0.425115
vn -0.647176 -0.428539 0.630490
vn -0.058621 -0.098217 0.993437
vn -0.868153 -0.491269 -0.070467
vn -0.599891 -0.274152 -0.751646
vn 0.062539 0.118626 -0.990968
vn 0.659967 0.440958 -0.608276
vn 0.848718 0.518695 0.103113
vn 0.564997 0.306405 0.766091
vn -0.777690 -0.582892 0.235446
vn -0.310523 -0.493357 0.812511
vn -0.833752 -0.335069 -0.438847
vn -0.423422 0.116903 -0.898358
vn 0.301277 0.503684 -0.809651
vn 0.797902 0.566950 -0.204743
vn 0.802180 0.332900 0.495666
vn 0.351135 -0.098208 0.931161
vn -0.775477 -0.607212 -0.173001
vn -0.404586 -0.809686 0.425111
vn -0.765329 -0.074418 -0.639322
vn -0.314060 0.543187 -0.778662
vn 0.419972 0.814027 -0.401227
vn 0.808373 0.541164 0.231680
vn 0.697301 0.017598 0.716563
vn 0.203498 -0.540221 0.816547
vn -0.773276 -0.431264 -0.464817
vn -0.394773 -0.917053 -0.056293
vn -0.775110 0.242893 -0.583273
vn -0.327399 0.861259 -0.388642
vn 0.448345 0.886660 0.113224
vn 0.795126 0.325165 0.511900
vn 0.682982 -0.326063 0.653620
vn 0.222431 -0.863599 0.452462
vn -0.843175 -0.105297 -0.527226
vn -0.484933 -0.738822 -0.467956
vn -0.800170 0.507299 -0.319963
vn -0.306255 0.946655 0.100257
vn 0.519143 0.692113 0.501469
vn 0.834827 0.031401 0.549616
vn 0.730848 -0.567946 0.378548
vn 0.245046 -0.969209 -0.024225
vn -0.888666 0.225552 -0.399247
vn -0.671866 -0.370152 -0.641549
vn -0.733196 0.680005 0.004084
vn -0.128394 0.851902 0.507718
vn 0.660389 0.343983 0.667504
vn 0.869083 -0.260437 0.420556
vn 0.698089 -0.714853 0.040706
vn 0.084108 -0.884241 -0.459396
vn -0.846878 0.498790 -0.184407
vn -0.786384 0.007645 -0.617691
vn -0.562120 0.762744 0.319754
vn 0.142222 0.611560 0.778311
vn 0.763841 -0.033428 0.644538
vn 0.830967 -0.512878 0.215521
vn 0.537985 -0.790427 -0.292912
vn -0.201790 -0.632984 -0.747404
vn -0.716627 0.693175 0.077157
vn -0.802714 0.347011 -0.485010
vn -0.323128 0.722016 0.611785
vn 0.380894 0.260758 0.887088
vn 0.781548 -0.369336 0.502766
vn 0.718564 -0.694335 -0.039563
vn 0.295794 -0.738587 -0.605802
vn -0.437342 -0.268194 -0.858373
vn -0.534984 0.772816 0.341390
vn -0.727108 0.629166 -0.274708
vn -0.077409 0.532386 0.842955
vn 0.517453 -0.124099 0.846665
vn 0.719095 -0.635427 0.281310
vn 0.545880 -0.771268 -0.327354
vn 0.038993 -0.529339 -0.847514
vn -0.551466 0.115763 -0.826126
vn -0.354697 0.714643 0.602889
vn -0.594852 0.803662 -0.016672
vn 0.113114 0.205810 0.972033
vn 0.550396 -0.476596 0.685508
vn 0.605205 -0.796069 0.000336
vn 0.354166 -0.701003 -0.619000
vn -0.144795 -0.194369 -0.970183
vn -0.558167 0.474178 -0.680886
vn -0.183599 0.490315 0.851987
vn -0.453399 0.846926 0.277751
vn 0.238684 -0.202061 0.949843
vn 0.522030 -0.746329 0.412890
vn 0.483026 -0.816249 -0.316897
vn 0.196303 -0.468826 -0.861201
vn -0.229958 0.198823 -0.952675
vn -0.492695 0.758974 -0.425688
vn -0.003723 0.131700 0.991283
vn -0.303890 0.740689 0.599192
vn 0.331414 -0.569453 0.752255
vn 0.474040 -0.877993 0.066443
vn 0.363692 -0.693765 -0.621626
vn 0.061708 -0.125187 -0.990212
vn -0.280683 0.573744 -0.769438
vn -0.413443 0.906492 -0.085655
vn 0.148269 -0.255932 0.955257
vn -0.129157 0.511341 0.849617
vn 0.360170 -0.826268 0.433080
vn 0.387296 -0.870767 -0.302930
vn 0.217444 -0.441503 -0.870513
vn -0.077587 0.276708 -0.957817
vn -0.299809 0.845761 -0.441364
vn -0.301010 0.914010 0.271990
vn 0.156083 -0.645456 0.747679
vn 0.038675 0.193127 0.980411
vn 0.242245 -0.970115 0.013913
vn 0.253334 -0.693015 -0.674946
vn 0.118234 -0.040475 -0.992161
vn -0.085157 0.666428 -0.740690
vn -0.173688 0.982516 -0.067047
vn -0.106448 0.804410 0.584460
vn -0.169736 -0.978289 0.118917
vn -0.032922 -0.360868 0.932036
vn 0.080478 -0.804335 -0.588701
vn 0.313187 -0.215348 -0.924954
vn 0.309436 0.469312 -0.827040
vn 0.175287 0.937311 -0.301202
vn 0.082865 0.919117 0.385172
vn 0.077733 0.478532 0.874623
vn -0.160934 -0.809237 -0.565010
vn -0.546544 -0.820080 0.169586
vn 0.343362 -0.339291 -0.875776
vn 0.622751 0.289383 -0.726938
vn 0.576374 0.779086 -0.246615
vn 0.287371 0.877434 0.384093
vn -0.076034 0.482231 0.872738
vn -0.431047 -0.227040 0.873299
vn 0.196029 -0.570834 -0.797321
vn -0.387608 -0.873452 -0.294690
vn 0.641057 0.058973 -0.765224
vn 0.724443 0.603933 -0.332335
vn 0.448707 0.848889 0.279374
vn -0.083276 0.614829 0.784252
vn -0.550361 -0.004804 0.834913
vn -0.680835 -0.614285 0.398896
vn 0.545540 -0.204848 -0.812664
vn -0.037442 -0.781789 -0.622418
vn 0.751275 0.463332 -0.470011
vn 0.563966 0.821066 0.088273
vn 0.085535 0.775480 0.625552
vn -0.489300 0.258224 0.833010
vn -0.744693 -0.420088 0.518612
vn -0.556043 -0.829041 -0.059226
vn 0.748457 0.202656 -0.631460
vn 0.333366 -0.558427 -0.759622
vn 0.644306 0.757569 -0.104680
vn 0.256782 0.871744 0.417283
vn -0.288943 0.566619 0.771657
vn -0.731045 -0.132832 0.669275
vn -0.672006 -0.729063 0.129902
vn -0.246275 -0.878831 -0.408662
vn 0.743061 0.594712 -0.306885
vn 0.639152 -0.232401 -0.733127
vn 0.368466 0.896198 0.247108
vn -0.105200 0.767542 0.632308
vn -0.604385 0.249377 0.756657
vn -0.772360 -0.523227 0.360131
vn -0.402542 -0.884841 -0.234556
vn 0.112394 -0.780201 -0.615349
vn 0.495590 0.866893 0.053741
vn 0.798108 0.215927 -0.562494
vn 0.011411 0.863788 0.503726
vn -0.443511 0.522913 0.727914
vn -0.785782 -0.171919 0.594131
vn -0.575989 -0.817296 -0.016267
vn -0.048189 -0.870551 -0.489713
vn 0.446612 -0.556908 -0.700280
vn 0.116654 0.918293 0.378326
vn 0.701779 0.671491 -0.237921
vn -0.348921 0.653722 0.671491
vn -0.698367 0.135358 0.702824
vn -0.735967 -0.617074 0.278517
vn -0.208623 -0.909742 -0.358951
vn 0.312457 -0.692906 -0.649809
vn 0.711728 -0.183094 -0.678174
vn -0.260007 0.720611 0.642741
vn 0.386840 0.905312 0.175399
vn -0.617070 0.265338 0.740824
vn -0.772160 -0.362214 0.522082
vn -0.437427 -0.888735 -0.137140
vn 0.181326 -0.761068 -0.622814
vn 0.607885 -0.346069 -0.714642
vn 0.813385 0.293562 -0.502221
vn -0.527756 0.319869 0.786866
vn -0.044714 0.834810 0.548720
vn -0.689715 -0.263934 0.674264
vn -0.552270 -0.815510 0.173038
vn -0.017946 -0.858003 -0.513330
vn 0.478820 -0.410322 -0.776124
vn 0.740574 0.139181 -0.657403
vn 0.652247 0.735804 -0.182117
vn -0.506072 -0.278214 0.816387
vn -0.417956 0.419018 0.806062
vn -0.347021 -0.826706 0.442869
vn -0.033710 -0.972262 -0.231451
vn 0.312092 -0.546289 -0.777282
vn 0.523384 0.141222 -0.840313
vn 0.507647 0.728348 -0.460222
vn 0.109526 0.963784 0.243154
vn 0.046362 -0.714003 0.698606
vn -0.261687 -0.128670 0.956538
vn 0.311686 -0.946158 0.087395
vn 0.381455 -0.706417 -0.596211
vn 0.217308 -0.048741 -0.974886
vn -0.059323 0.668920 -0.740964
vn -0.301142 0.952167 -0.051880
vn -0.423192 0.596433 0.682039
vn 0.531605 -0.738448 0.414839
vn 0.188235 -0.356482 0.915144
vn 0.566457 -0.750400 -0.340625
vn 0.217158 -0.329732 -0.918760
vn -0.296917 0.292970 -0.908850
vn -0.602456 0.705285 -0.373658
vn -0.605523 0.701957 0.374964
vn -0.273179 0.241727 0.931097
vn 0.645112 -0.763894 -0.017216
vn 0.527063 -0.494781 0.690939
vn 0.297576 -0.576026 -0.761343
vn -0.252707 -0.034942 -0.966912
vn -0.630272 0.470704 -0.617410
vn -0.707906 0.704421 0.051583
vn -0.422005 0.520331 0.742407
vn 0.094446 0.008585 0.995493
vn 0.368686 -0.796350 -0.479477
vn 0.613261 -0.717328 0.330684
vn -0.167078 -0.328229 -0.929704
vn -0.547157 0.264974 -0.793982
vn -0.684331 0.687414 -0.243215
vn -0.501638 0.718431 0.481888
vn -0.057082 0.323930 0.944357
vn 0.403305 -0.241590 0.882598
vn -0.084707 -0.652605 -0.752948
vn 0.393847 -0.915349 -0.083797
vn -0.477384 0.001663 -0.878693
vn -0.601172 0.604395 -0.522779
vn -0.469813 0.869586 0.151974
vn -0.115892 0.621760 0.774586
vn 0.280411 0.038811 0.959095
vn 0.517419 -0.569404 0.638793
vn -0.444433 -0.366946 -0.817208
vn 0.003063 -0.920359 -0.391064
vn -0.573602 0.380461 -0.725418
vn -0.398963 0.889697 -0.221962
vn -0.080610 0.897573 0.433434
vn 0.254506 0.413431 0.874243
vn 0.456325 -0.297189 0.838717
vn 0.391760 -0.861573 0.322826
vn -0.591838 0.022581 -0.805741
vn -0.407213 -0.722769 -0.558375
vn -0.383609 0.741249 -0.550812
vn -0.004865 0.999975 0.005147
vn 0.329611 0.759968 0.560184
vn 0.506241 0.103721 0.856132
vn 0.388514 -0.670387 0.632170
vn 0.014578 -0.999595 0.024448
vn -0.471044 0.367824 -0.801763
vn -0.559440 -0.453242 -0.693973
vn -0.078732 0.915071 -0.395532
vn 0.309751 0.936522 0.164260
vn 0.551997 0.516424 0.654680
vn 0.491613 -0.301243 0.817049
vn 0.076524 -0.920465 0.383260
vn -0.317353 -0.926090 -0.204068
vn -0.295165 0.631409 -0.717078
vn -0.511969 -0.183260 -0.839228
vn 0.096243 0.980668 -0.170377
vn 0.410690 0.817808 0.403143
vn 0.532854 0.197398 0.822861
vn 0.277374 -0.661443 0.696819
vn -0.123758 -0.985888 0.112733
vn -0.402928 -0.796404 -0.450987
vn -0.252173 0.825937 -0.504220
vn -0.382189 0.117485 -0.916586
vn 0.021936 0.980602 0.194778
vn 0.291569 0.585147 0.756697
vn 0.385765 -0.214088 0.897414
vn 0.194792 -0.884677 0.423559
vn -0.078110 -0.969312 -0.233095
vn -0.291636 -0.599121 -0.745655
vn -0.349374 0.926863 -0.137342
vn -0.304581 0.472955 -0.826767
vn -0.178790 0.769937 0.612562
vn 0.112999 0.180430 0.977075
vn 0.332464 -0.550853 0.765525
vn 0.305761 -0.948903 0.078056
vn 0.109987 -0.790933 -0.601937
vn -0.118085 -0.241073 -0.963296
vn -0.349865 0.910803 0.219164
vn -0.286414 0.769480 -0.570848
vn -0.202465 0.495818 0.844495
vn 0.068063 -0.169068 0.983252
vn 0.324244 -0.768362 0.551803
vn 0.367198 -0.898016 -0.242348
vn 0.189795 -0.486699 -0.852703
vn -0.063792 0.173683 -0.982733
vn -0.211553 0.833725 0.510048
vn -0.179955 0.947601 -0.263949
vn -0.127530 0.233350 0.963994
vn 0.044020 -0.472866 0.880034
vn 0.230680 -0.934341 0.271649
vn 0.270370 -0.801251 -0.533757
vn 0.134973 -0.182699 -0.973860
vn -0.045615 0.512601 -0.857414
vn -0.039070 0.666377 0.744591
vn 0.044599 0.997797 0.049109
vn -0.113210 -0.047403 0.992440
vn -0.098211 -0.724510 0.682231
vn 0.012002 -0.997853 -0.064390
vn 0.108080 -0.612856 -0.782768
vn 0.120538 0.124226 -0.984905
vn 0.093871 0.758765 -0.644565
vn 0.027975 0.397192 0.917309
vn 0.264301 0.895642 0.357729
vn -0.224051 -0.322722 0.919593
vn -0.320454 -0.857985 0.401462
vn -0.199489 -0.898593 -0.390813
vn 0.041887 -0.351677 -0.935184
vn 0.240435 0.372179 -0.896478
vn 0.330140 0.863699 -0.380829
vn -0.058366 0.061244 0.996415
vn 0.328845 0.672447 0.663081
vn -0.386044 -0.566853 0.727769
vn -0.471451 -0.879853 0.059939
vn -0.263769 -0.690759 -0.673259
vn 0.113503 -0.067478 -0.991244
vn 0.418334 0.565256 -0.710973
vn 0.508092 0.859806 -0.050745
vn -0.185955 -0.277700 0.942498
vn 0.238169 0.392142 0.888538
vn -0.466350 -0.763132 0.447379
vn -0.472988 -0.836113 -0.277843
vn -0.190611 -0.439779 -0.877645
vn 0.233870 0.232625 -0.944029
vn 0.520759 0.735793 -0.432919
vn 0.521858 0.797431 0.302933
vn -0.257470 -0.593052 0.762888
vn 0.116565 0.065875 0.990996
vn -0.449211 -0.885722 0.117072
vn -0.383379 -0.717883 -0.581089
vn -0.068958 -0.133741 -0.988614
vn 0.322451 0.546159 -0.773134
vn 0.516219 0.851616 -0.090924
vn 0.432801 0.659650 0.614447
vn -0.259368 -0.844144 0.469201
vn 0.028899 -0.305947 0.951610
vn -0.374383 -0.899502 -0.225241
vn -0.267694 -0.496919 -0.825477
vn 0.038102 0.233985 -0.971493
vn 0.343597 0.804513 -0.484458
vn 0.445675 0.855290 0.264297
vn 0.320968 0.410017 0.853736
vn -0.204039 -0.972405 0.113124
vn -0.004861 -0.673218 0.739428
vn -0.272346 -0.788918 -0.550850
vn -0.163199 -0.158290 -0.973812
vn 0.089251 0.610286 -0.787138
vn 0.293864 0.948751 -0.116258
vn 0.347337 0.722962 0.597229
vn 0.227277 0.051638 0.972460
vn -0.116549 -0.955883 -0.269638
vn 0.021395 -0.923505 0.382988
vn -0.179951 -0.522591 -0.833377
vn -0.104767 0.310705 -0.944715
vn 0.061643 0.905834 -0.419124
vn 0.200847 0.935691 0.290073
vn 0.261019 0.416425 0.870896
vn 0.180126 -0.406676 0.895639
vn -0.045239 -0.752035 -0.657569
vn 0.080002 -0.992895 -0.088088
vn -0.150567 -0.029555 -0.988158
vn -0.133367 0.788806 -0.599999
vn -0.020405 0.996764 0.077753
vn 0.121992 0.712321 0.691171
vn 0.235167 -0.099802 0.966818
vn 0.193552 -0.819917 0.538770
vn -0.060034 -0.283807 -0.957000
vn 0.113655 -0.809881 -0.575478
vn -0.245275 0.631994 -0.735136
vn -0.220274 0.975237 0.019824
vn -0.084440 0.805599 0.586413
vn 0.124517 0.211717 0.969367
vn 0.281536 -0.682541 0.674444
vn 0.230917 -0.972652 -0.025025
vn -0.224098 0.402952 -0.887361
vn 0.065226 -0.376718 -0.924029
vn -0.378137 0.924864 -0.040481
vn -0.261743 0.763713 0.590112
vn -0.059063 0.345637 0.936508
vn 0.236057 -0.456538 0.857817
vn 0.334709 -0.940756 0.054304
vn 0.234463 -0.792715 -0.562699
vn -0.409660 0.836938 -0.362924
vn -0.070156 0.161940 -0.984304
vn -0.401985 0.756292 0.516170
vn -0.214445 0.370504 0.903737
vn 0.054430 -0.195197 0.979252
vn 0.352726 -0.866527 0.353150
vn 0.332130 -0.806202 -0.489621
vn 0.180788 -0.421211 -0.888762
vn -0.461830 0.886968 0.000206
vn -0.193658 0.486489 -0.851953
vn -0.376958 0.611792 0.695422
vn -0.175637 0.183366 0.967227
vn 0.102851 -0.395191 0.912823
vn 0.374041 -0.921793 0.101935
vn 0.304362 -0.652211 -0.694252
vn 0.117573 -0.164611 -0.979326
vn 0.174421 -0.784561 0.595014
vn -0.114883 -0.992485 -0.042142
vn -0.166754 -0.885815 -0.433042
vn 0.084098 -0.954438 0.286314
vn -0.355649 -0.578489 -0.734074
vn -0.323749 -0.256258 -0.910779
vn -0.340897 0.241929 -0.908438
vn -0.297978 0.498571 -0.814025
vn -0.087753 0.866781 -0.490908
vn -0.088902 0.953512 -0.287945
vn 0.248725 0.935081 0.252507
vn 0.224000 0.870986 0.437274
vn 0.422294 0.410179 0.808345
vn 0.389339 0.222201 0.893891
vn 0.371454 -0.245426 0.895426
vn 0.306312 -0.506205 0.806182
vn -0.060300 -0.630430 -0.773901
vn 0.125984 -0.982930 -0.134075
vn -0.246479 0.104877 -0.963457
vn -0.315298 0.750122 -0.581295
vn -0.170908 0.978811 0.112781
vn 0.128065 0.595655 0.792965
vn 0.297144 -0.178868 0.937930
vn 0.263423 -0.791783 0.551079
vn 0.038688 -0.275554 -0.960507
vn 0.305858 -0.813678 -0.494348
vn -0.294513 0.409986 -0.863235
vn -0.471223 0.839352 -0.270995
vn -0.333717 0.797888 0.502005
vn 0.039319 0.215563 0.975698
vn 0.309945 -0.481723 0.819681
vn 0.395704 -0.887603 0.235751
vn -0.033958 0.137497 -0.989920
vn 0.421408 -0.466338 -0.777781
vn -0.476522 0.624502 -0.618809
vn -0.649109 0.755151 0.091674
vn -0.413688 0.448810 0.792106
vn 0.091483 -0.161995 0.982542
vn 0.475914 -0.650132 0.592313
vn 0.610008 -0.785535 -0.104042
vn -0.231161 0.529509 -0.816202
vn 0.332544 -0.016411 -0.942945
vn -0.630436 0.738506 -0.239080
vn -0.696970 0.552249 0.457442
vn -0.338879 0.037011 0.940102
vn 0.254495 -0.496719 0.829760
vn 0.654520 -0.713724 0.249403
vn 0.697880 -0.542952 -0.467083
vn -0.319358 0.837831 -0.442775
vn 0.173229 0.440550 -0.880856
vn -0.615756 0.760974 0.204363
vn -0.608779 0.286778 0.739693
vn -0.221934 -0.377031 0.899218
vn 0.358498 -0.792708 0.493046
vn 0.682408 -0.705900 -0.189803
vn 0.602775 -0.221179 -0.766644
vn -0.230925 0.972558 0.028353
vn 0.161731 0.796433 -0.582698
vn -0.502261 0.628377 0.594034
vn -0.526561 -0.050648 0.848627
vn -0.200281 -0.748357 0.632336
vn 0.307095 -0.951677 -0.001659
vn 0.575082 -0.550585 -0.605093
vn 0.496889 0.158430 -0.853230
vn -0.099708 0.869676 0.483448
vn 0.294693 0.945213 -0.140456
vn -0.455811 0.336527 0.824006
vn -0.576819 -0.389294 0.718144
vn -0.306909 -0.936137 0.171626
vn 0.194503 -0.848032 -0.492960
vn 0.516392 -0.237063 -0.822886
vn 0.539575 0.490872 -0.684035
vn -0.097393 0.580485 0.808425
vn 0.416496 0.848637 0.326108
vn -0.571182 0.009614 0.820767
vn -0.730079 -0.576422 0.367046
vn -0.402890 -0.849753 -0.339999
vn 0.194712 -0.545718 -0.815033
vn 0.609585 0.076820 -0.788990
vn 0.690469 0.640919 -0.335374
vn -0.295945 0.217621 0.930085
vn 0.363232 0.581980 0.727573
vn -0.776941 -0.245029 0.579935
vn -0.815976 -0.570102 -0.095748
vn -0.335290 -0.576922 -0.744810
vn 0.358364 -0.203437 -0.911147
vn 0.785846 0.280870 -0.550961
vn 0.792159 0.602343 0.098316
vn -0.570692 -0.126740 0.811325
vn 0.112391 0.247473 0.962354
vn -0.894864 -0.401141 0.195715
vn -0.726613 -0.452509 -0.516982
vn -0.103606 -0.250957 -0.962438
vn 0.595503 0.109412 -0.795868
vn 0.900599 0.394217 -0.183068
vn 0.718733 0.461144 0.520355
vn -0.742982 -0.421891 0.519601
vn -0.182772 -0.109353 0.977055
vn -0.856505 -0.472347 -0.208057
vn -0.514583 -0.265895 -0.815171
vn 0.165374 0.094964 -0.981648
vn 0.763650 0.389832 -0.514655
vn 0.867664 0.442349 0.226906
vn 0.493209 0.255054 0.831681
vn -0.789878 -0.596111 0.144032
vn -0.386067 -0.445842 0.807575
vn -0.727316 -0.386455 -0.567155
vn -0.268776 0.030678 -0.962714
vn 0.395014 0.443016 -0.804799
vn 0.814281 0.568153 -0.118948
vn 0.722988 0.363649 0.587407
vn 0.248021 -0.031309 0.968249
vn -0.785299 -0.558359 -0.267471
vn -0.534834 -0.685630 0.493826
vn -0.561909 -0.102882 -0.820776
vn -0.027742 0.394326 -0.918552
vn 0.565293 0.680027 -0.466913
vn 0.792261 0.538693 0.286589
vn 0.555189 0.115274 0.823698
vn 0.038965 -0.370821 0.927887
vn -0.708315 -0.318857 -0.629778
vn -0.663306 -0.745727 0.062584
vn -0.340001 0.264381 -0.902498
vn 0.216295 0.692532 -0.688197
vn 0.683601 0.728849 -0.038326
vn 0.706932 0.313600 0.633957
vn 0.343045 -0.237355 0.908836
vn -0.194540 -0.675639 0.711102
vn -0.562209 -0.005328 -0.826978
vn -0.676226 -0.643798 -0.358111
vn -0.140224 0.604307 -0.784315
vn 0.380523 0.871540 -0.309225
vn 0.695900 0.597452 0.398466
vn 0.541838 -0.030100 0.839943
vn 0.107686 -0.586700 0.802613
vn -0.379211 -0.858828 0.344402
vn -0.472865 0.378991 -0.795465
vn -0.615088 -0.409774 -0.673611
vn -0.067302 0.901289 -0.427959
vn 0.416438 0.889481 0.188157
vn 0.630565 0.290744 0.719622
vn 0.411179 -0.423699 0.807100
vn -0.001998 -0.872051 0.489411
vn -0.407908 -0.907841 -0.097138
vn -0.493861 0.761560 -0.419677
vn -0.618959 0.012136 -0.785330
vn -0.074645 0.983424 0.165244
vn 0.425506 0.626818 0.652721
vn 0.619711 -0.149315 0.770496
vn 0.402640 -0.776358 0.484921
vn 0.013940 -0.999795 -0.014722
vn -0.381895 -0.740156 -0.553467
vn -0.417819 0.902213 0.106951
vn -0.669752 0.499766 -0.549242
vn 0.055426 0.769765 0.635917
vn 0.519913 0.188937 0.833063
vn 0.641219 -0.543584 0.541622
vn 0.373739 -0.927483 -0.009727
vn -0.052791 -0.842608 -0.535934
vn -0.483490 -0.296035 -0.823772
vn -0.181185 0.866601 0.464946
vn -0.568768 0.798484 -0.197299
vn 0.291767 0.455006 0.841333
vn 0.613373 -0.240918 0.752151
vn 0.553820 -0.806766 0.205942
vn 0.179645 -0.888555 -0.422134
vn -0.277925 -0.503601 -0.818012
vn -0.610681 0.198664 -0.766551
vn 0.113733 0.696515 0.708471
vn -0.336436 0.931210 0.140207
vn 0.495035 0.063738 0.866532
vn 0.588869 -0.619983 0.518511
vn 0.331647 -0.933904 -0.133541
vn -0.109166 -0.710753 -0.694920
vn -0.489468 -0.089388 -0.867428
vn -0.594700 0.604698 -0.529785
vn 0.390770 0.395462 0.831209
vn -0.036455 0.904332 0.425270
vn 0.579641 -0.355950 0.733018
vn 0.423974 -0.880617 0.211564
vn 0.030253 -0.903723 -0.427048
vn -0.388188 -0.399044 -0.830707
vn -0.577444 0.339172 -0.742645
vn -0.432673 0.873385 -0.223590
vn 0.573093 -0.017521 0.819303
vn 0.270413 0.714866 0.644859
vn 0.505023 -0.722776 0.471748
vn 0.158480 -0.980244 -0.118346
vn -0.283133 -0.700058 -0.655557
vn -0.571640 0.012893 -0.820404
vn -0.515474 0.699153 -0.495451
vn -0.178617 0.979544 0.092682
vn 0.603396 -0.469036 0.644917
vn 0.513576 0.350144 0.783351
vn 0.321644 -0.940424 0.110221
vn -0.117951 -0.883081 -0.454153
vn -0.517430 -0.338383 -0.785980
vn -0.616507 0.429509 -0.659879
vn -0.349837 0.922431 -0.163507
vn 0.100236 0.905462 0.412421
vn 0.536029 -0.785830 0.308454
vn 0.633430 -0.118863 0.764617
vn 0.147204 -0.941289 -0.303819
vn -0.320580 -0.594789 -0.737193
vn -0.635257 0.093610 -0.766607
vn -0.567285 0.744879 -0.351202
vn -0.160578 0.956313 0.244295
vn 0.329432 0.626187 0.706657
vn 0.457833 -0.884082 -0.093747
vn 0.673527 -0.493145 0.550608
vn -0.001285 -0.748394 -0.663253
vn -0.466993 -0.205322 -0.860093
vn -0.680142 0.464396 -0.567224
vn -0.479189 0.876049 0.054010
vn 0.011150 0.778574 0.627454
vn 0.486849 0.220496 0.845198
vn 0.334685 -0.807592 -0.485573
vn 0.661782 -0.716138 0.221792
vn -0.164576 -0.415022 -0.894802
vn -0.571502 0.198742 -0.796171
vn -0.663306 0.705738 -0.248916
vn -0.352904 0.825459 0.440540
vn 0.178819 0.472421 0.863042
vn 0.598424 -0.163008 0.784421
vn 0.192712 -0.519762 -0.832292
vn 0.555101 -0.810502 -0.186948
vn -0.225533 0.068560 -0.971820
vn -0.529083 0.595378 -0.604645
vn -0.560897 0.822713 0.092400
vn -0.218312 0.618573 0.754790
vn 0.296080 0.070956 0.952524
vn 0.616368 -0.529738 0.582639
vn 0.296483 -0.003812 -0.955031
vn 0.442802 -0.655042 -0.612247
vn 0.031020 0.604136 -0.796277
vn -0.271365 0.923674 -0.270533
vn -0.436760 0.787110 0.435544
vn -0.257112 0.207886 0.943757
vn 0.138703 -0.489546 0.860875
vn 0.407653 -0.893653 0.187627
vn 0.566435 0.393946 -0.723850
vn 0.556920 -0.341710 -0.757017
vn 0.307661 0.881982 -0.357006
vn -0.117925 0.973696 0.194963
vn -0.496043 0.492772 0.714925
vn -0.501483 -0.325004 0.801803
vn -0.192408 -0.899444 0.392403
vn 0.232614 -0.931181 -0.280700
vn 0.681552 0.647793 -0.340368
vn 0.764304 0.001945 -0.644853
vn 0.286145 0.951924 0.109366
vn -0.299935 0.774473 0.556983
vn -0.716476 0.053205 0.695579
vn -0.635735 -0.658555 0.402674
vn -0.213330 -0.972975 -0.088375
vn 0.384390 -0.732977 -0.561239
vn 0.587746 0.807469 0.050483
vn 0.866444 0.339790 -0.365811
vn 0.030408 0.891407 0.452183
vn -0.618529 0.440323 0.650798
vn -0.843298 -0.328702 0.425211
vn -0.555825 -0.831271 -0.006915
vn 0.031118 -0.901826 -0.430977
vn 0.678870 -0.402896 -0.613849
vn 0.344397 0.847303 0.404313
vn 0.806420 0.591292 -0.007729
vn -0.332428 0.683285 0.650088
vn -0.863038 0.038604 0.503661
vn -0.799347 -0.598374 0.054705
vn -0.317389 -0.871763 -0.373220
vn 0.389484 -0.681386 -0.619690
vn 0.893499 -0.011885 -0.448907
vn -0.012940 0.741008 0.671371
vn 0.594075 0.723226 0.352162
vn -0.688530 0.326451 0.647578
vn -0.923526 -0.331965 0.192092
vn -0.595334 -0.737445 -0.318985
vn 0.036016 -0.761729 -0.646894
vn 0.727609 -0.318913 -0.607354
vn 0.928970 0.341583 -0.142602
vn -0.402141 0.462013 0.790460
vn 0.265623 0.712973 0.648933
vn -0.883348 -0.110767 0.455441
vn -0.786689 -0.598964 -0.149539
vn -0.280249 -0.734260 -0.618323
vn 0.410409 -0.484406 -0.772603
vn 0.901678 0.111599 -0.417758
vn 0.779054 0.595636 0.195683
vn -0.664345 0.012733 0.747318
vn -0.101718 0.523595 0.845873
vn -0.825184 -0.531359 0.191650
vn -0.508695 -0.743759 -0.433649
vn 0.064392 -0.566136 -0.821793
vn 0.660923 -0.039497 -0.749414
vn 0.836886 0.526734 -0.148907
vn 0.486268 0.720417 0.494512
vn -0.653115 -0.476812 0.588295
vn -0.350537 0.154490 0.923719
vn -0.562100 -0.823918 -0.072129
vn -0.182929 -0.716201 -0.673494
vn 0.310205 -0.207227 -0.927809
vn 0.657597 0.461883 -0.595172
vn 0.573897 0.808310 0.131443
vn 0.155075 0.665881 0.729764
vn -0.392915 -0.850367 0.349990
vn -0.364752 -0.309263 0.878244
vn -0.208921 -0.913644 -0.348721
vn 0.070393 -0.485017 -0.871667
vn 0.334117 0.250991 -0.908498
vn 0.416884 0.839609 -0.348230
vn 0.233456 0.881575 0.410273
vn -0.097580 0.412289 0.905813
vn 0.043209 -0.995715 0.081758
vn -0.081517 -0.683810 0.725092
vn 0.122537 -0.785353 -0.606800
vn 0.118543 -0.143494 -0.982526
vn 0.078317 0.621795 -0.779254
vn 0.011916 0.998327 -0.056576
vn -0.084180 0.726805 0.681665
vn -0.140888 0.018236 0.989858
vn 0.435320 -0.872181 -0.223153
vn 0.367931 -0.773037 0.516760
vn 0.229002 -0.511479 -0.828219
vn -0.093803 0.125857 -0.987604
vn -0.355691 0.753648 -0.552719
vn -0.378604 0.882634 0.278596
vn -0.192823 0.416442 0.888479
vn 0.098422 -0.258575 0.960964
vn 0.512173 -0.619650 -0.594737
vn 0.712659 -0.676902 0.184176
vn 0.029027 -0.229113 -0.972967
vn -0.457442 0.280638 -0.843795
vn -0.708465 0.682735 -0.178744
vn -0.484958 0.608737 0.627897
vn -0.008462 0.165760 0.986130
vn 0.457910 -0.332743 0.824379
vn 0.253247 -0.389813 -0.885388
vn 0.763885 -0.584033 -0.274564
vn -0.331952 -0.004740 -0.943284
vn -0.757202 0.390739 -0.523420
vn -0.763569 0.583818 0.275895
vn -0.271792 0.382223 0.883196
vn 0.309955 -0.000220 0.950751
vn 0.749014 -0.386770 0.537947
vn -0.121800 -0.133529 -0.983532
vn 0.526396 -0.498170 -0.689009
vn -0.621746 0.280782 -0.731159
vn -0.826297 0.554617 -0.098151
vn -0.565413 0.509936 0.648285
vn 0.040100 0.171832 0.984310
vn 0.595145 -0.215688 0.774133
vn 0.850488 -0.512051 0.120306
vn -0.400349 0.234783 -0.885775
vn 0.141354 -0.331019 -0.932977
vn -0.660578 0.648277 -0.378647
vn -0.610742 0.720754 0.327884
vn -0.230329 0.392193 0.890580
vn 0.318785 -0.133726 0.938346
vn 0.706167 -0.542105 0.455467
vn 0.670905 -0.663717 -0.330707
vn -0.374870 0.669430 -0.641355
vn -0.192151 0.010198 -0.981312
vn -0.337655 0.941238 0.007705
vn -0.168805 0.737954 0.653398
vn 0.099205 0.143426 0.984676
vn 0.382575 -0.533771 0.754139
vn 0.472903 -0.879314 0.056303
vn 0.212432 -0.678040 -0.703658
vn -0.010651 0.924701 -0.380546
vn -0.209171 0.411355 -0.887150
vn 0.181725 0.934775 0.305241
vn 0.262966 0.478915 0.837550
vn 0.218292 -0.254588 0.942090
vn 0.075797 -0.878377 0.471921
vn -0.116609 -0.940066 -0.320435
vn -0.256242 -0.375239 -0.890806
vn 0.353006 0.926383 -0.131155
vn 0.010282 0.657318 -0.753543
vn 0.493095 0.677123 0.546225
vn 0.363736 0.058850 0.929641
vn 0.017997 -0.622275 0.782592
vn -0.335548 -0.930947 0.144035
vn -0.477176 -0.665164 -0.574335
vn -0.335459 -0.006415 -0.942033
vn 0.523585 0.826824 0.205478
vn 0.248058 0.814194 -0.524934
vn 0.489915 0.344378 0.800867
vn 0.176587 -0.339033 0.924053
vn -0.244325 -0.829138 0.502828
vn -0.516867 -0.830103 -0.209231
vn -0.486137 -0.363569 -0.794663
vn -0.175792 0.307716 -0.935098
vn 0.450388 0.635460 0.627169
vn 0.338951 0.930363 -0.139774
vn 0.299726 -0.067715 0.951619
vn -0.001271 -0.707861 0.706351
vn -0.310525 -0.946819 0.084315
vn -0.452530 -0.674767 -0.583015
vn -0.327133 -0.048705 -0.943722
vn 0.004464 0.612304 -0.790610
vn 0.254578 0.218395 0.942069
vn 0.181481 0.871394 0.455781
vn 0.202527 -0.528587 0.824366
vn 0.036790 -0.963919 0.263640
vn -0.168511 -0.886994 -0.429936
vn -0.275557 -0.329996 -0.902868
vn -0.201079 0.406120 -0.891422
vn -0.001729 0.935975 -0.352063
vn 0.241632 -0.183509 0.952858
vn 0.118531 0.578689 0.806889
vn 0.230444 -0.812492 0.535493
vn 0.090202 -0.980437 -0.174952
vn -0.106204 -0.597403 -0.794877
vn -0.234781 0.134534 -0.962693
vn -0.214863 0.786648 -0.578808
vn -0.069427 0.986028 0.151422
vn 0.248479 -0.540220 0.804003
vn 0.190870 0.226003 0.955244
vn 0.160015 -0.971385 0.175520
vn -0.013688 -0.831946 -0.554688
vn -0.180366 -0.196703 -0.963730
vn -0.242018 0.548432 -0.800406
vn -0.161912 0.968461 -0.189387
vn 0.015904 0.848607 0.528785
vn 0.082559 -0.840896 0.534863
vn 0.215097 -0.174273 0.960917
vn -0.095845 -0.969845 -0.224087
vn -0.196675 -0.505539 -0.840089
vn -0.184747 0.258398 -0.948209
vn -0.083197 0.855477 -0.511113
vn 0.065232 0.980099 0.187486
vn 0.195762 0.580662 0.790259
vn -0.209949 -0.968658 0.132754
vn 0.050651 -0.597183 0.800504
vn -0.322789 -0.734088 -0.597430
vn -0.236310 -0.076948 -0.968626
vn -0.022250 0.627830 -0.778032
vn 0.191972 0.969739 -0.150838
vn 0.307455 0.780139 0.544843
vn 0.265754 0.152824 0.951851
vn -0.495194 -0.851505 -0.172404
vn -0.194604 -0.798660 0.569449
vn -0.441816 -0.474275 -0.761486
vn -0.085105 0.158694 -0.983653
vn 0.284557 0.723663 -0.628761
vn 0.508605 0.858250 0.068752
vn 0.522140 0.492496 0.696288
vn 0.296239 -0.177876 0.938404
vn -0.397401 -0.729380 -0.556846
vn -0.310967 -0.938256 0.151573
vn -0.292230 -0.097432 -0.951372
vn 0.012101 0.634152 -0.773114
vn 0.510138 0.852099 -0.116987
vn 0.645554 0.572183 0.505832
vn 0.501501 0.050332 0.863692
vn 0.016943 -0.583555 0.811897
vn -0.190220 -0.592269 -0.782965
vn -0.146434 -0.977150 -0.154065
vn -0.103589 0.170116 -0.979964
vn 0.052889 0.810584 -0.583229
vn 0.205445 0.974633 0.088781
vn 0.250331 0.594314 0.764281
vn 0.166934 -0.120914 0.978526
vn -0.011338 -0.810899 0.585076
vn -0.078152 -0.198009 -0.977080
vn -0.062060 -0.833762 -0.548625
vn -0.036915 0.589598 -0.806853
vn 0.039930 0.985957 -0.162158
vn 0.120803 0.846773 0.518056
vn 0.137094 0.197084 0.970754
vn 0.085814 -0.558624 0.824970
vn 0.006026 -0.985247 0.171034
vn -0.025975 0.293380 -0.955643
vn 0.011400 -0.463338 -0.886109
vn -0.043415 0.909772 -0.412832
vn -0.016993 0.944741 0.327378
vn 0.037756 0.482319 0.875181
vn 0.074343 -0.316330 0.945732
vn 0.080466 -0.895552 0.437620
vn 0.056090 -0.949960 -0.307295
vn -0.043334 0.759179 -0.649438
vn 0.028339 0.110161 -0.993510
vn -0.091485 0.984577 0.149127
vn -0.070332 0.622008 0.779846
vn 0.000071 -0.095199 0.995458
vn 0.074733 -0.774435 0.628224
vn 0.112419 -0.986722 -0.117221
vn 0.093745 -0.631137 -0.769986
vn -0.103050 0.993620 -0.045817
vn -0.015941 0.669846 -0.742329
vn -0.130456 0.711320 0.690656
vn -0.080589 0.042276 0.995851
vn 0.016780 -0.665895 0.745857
vn 0.103397 -0.992917 0.058516
vn 0.129002 -0.735244 -0.665413
vn 0.079702 -0.040437 -0.995998
vn -0.140241 0.821910 0.552083
vn -0.071072 0.971678 -0.225367
vn -0.131529 0.195365 0.971871
vn -0.056931 -0.521445 0.851384
vn 0.047405 -0.970067 0.238164
vn 0.117325 -0.844209 -0.523016
vn 0.110823 -0.225247 -0.967978
vn 0.032993 0.528506 -0.848289
vn -0.136781 0.401171 0.905733
vn -0.093880 0.940323 0.327076
vn -0.110931 -0.320397 0.940766
vn -0.033928 -0.879177 0.475286
vn 0.059776 -0.949881 -0.306844
vn 0.105177 -0.436171 -0.893696
vn 0.078707 0.307837 -0.948178
vn -0.001861 0.885139 -0.465324
vn -0.113873 -0.073724 0.990756
vn -0.085778 0.653232 0.752284
vn -0.090565 -0.713009 0.695282
vn -0.025457 -0.999663 0.005013
vn 0.050318 -0.676838 -0.734410
vn 0.079892 0.046621 -0.995713
vn 0.053780 0.714374 -0.697694
vn -0.013355 0.999867 0.009398
vn -0.099963 -0.267803 0.958274
vn -0.080070 0.417913 0.904952
vn -0.081601 -0.814752 0.574038
vn -0.027700 -0.984884 -0.170986
vn 0.038618 -0.482920 -0.874813
vn 0.064972 0.320521 -0.945011
vn 0.040250 0.894233 -0.445788
vn -0.021309 0.942172 0.334451
s 1
g sweep1
usemtl OBJ_Bigleaves_01:lambert2SG
f 1/2376/1 2/786/2 10/787/3 9/820/4
f 2/786/2 3/778/5 11/781/6 10/787/3
f 3/778/5 4/779/7 12/780/8 11/781/6
f 4/779/7 5/782/9 13/783/10 12/780/8
f 5/782/9 6/823/11 14/824/12 13/783/10
f 6/823/11 7/815/13 15/818/14 14/824/12
f 7/815/13 8/816/15 16/817/16 15/818/14
f 8/816/15 1/819/1 9/2375/4 16/817/16
f 9/820/4 10/787/3 18/791/17 17/795/18
f 10/787/3 11/781/6 19/785/19 18/791/17
f 11/781/6 12/780/8 20/784/20 19/785/19
f 12/780/8 13/783/10 21/788/21 20/784/20
f 13/783/10 14/824/12 22/825/22 21/788/21
f 14/824/12 15/818/14 23/822/23 22/825/22
f 15/818/14 16/817/16 24/821/24 23/822/23
f 16/817/16 9/2375/4 17/2374/18 24/821/24
f 17/795/18 18/791/17 26/792/25 25/796/26
f 18/791/17 19/785/19 27/790/27 26/792/25
f 19/785/19 20/784/20 28/789/28 27/790/27
f 20/784/20 21/788/21 29/826/29 28/789/28
f 21/788/21 22/825/22 30/5/30 29/826/29
f 22/825/22 23/822/23 31/6/31 30/5/30
f 23/822/23 24/821/24 32/11/32 31/6/31
f 24/821/24 17/2374/18 25/2373/26 32/11/32
f 25/796/26 26/792/25 34/794/33 33/797/34
f 26/792/25 27/790/27 35/793/35 34/794/33
f 27/790/27 28/789/28 36/828/36 35/793/35
f 28/789/28 29/826/29 37/827/37 36/828/36
f 29/826/29 30/5/30 38/1/38 37/827/37
f 30/5/30 31/6/31 39/2/39 38/1/38
f 31/6/31 32/11/32 40/7/40 39/2/39
f 32/11/32 25/2373/26 33/2372/34 40/7/40
f 33/797/34 34/794/33 42/798/41 41/799/42
f 34/794/33 35/793/35 43/2086/43 42/798/41
f 35/793/35 36/828/36 44/829/44 43/2086/43
f 36/828/36 37/827/37 45/14/45 44/829/44
f 37/827/37 38/1/38 46/4/46 45/14/45
f 38/1/38 39/2/39 47/3/47 46/4/46
f 39/2/39 40/7/40 48/8/48 47/3/47
f 40/7/40 33/2372/34 41/2371/42 48/8/48
f 41/799/42 42/798/41 50/800/49 49/801/50
f 42/798/41 43/2086/43 51/835/51 50/800/49
f 43/2086/43 44/829/44 52/830/52 51/835/51
f 44/829/44 45/14/45 53/15/53 52/830/52
f 45/14/45 46/4/46 54/10/54 53/15/53
f 46/4/46 47/3/47 55/9/55 54/10/54
f 47/3/47 48/8/48 56/804/56 55/9/55
f 48/8/48 41/2371/42 49/2370/50 56/804/56
f 49/801/50 50/800/49 58/802/57 57/803/58
f 50/800/49 51/835/51 59/836/59 58/802/57
f 51/835/51 52/830/52 60/832/60 59/836/59
f 52/830/52 53/15/53 61/831/61 60/832/60
f 53/15/53 54/10/54 62/13/62 61/831/61
f 54/10/54 55/9/55 63/12/63 62/13/62
f 55/9/55 56/804/56 64/805/64 63/12/63
f 56/804/56 49/2370/50 57/2369/58 64/805/64
f 57/803/58 58/802/57 66/840/65 65/806/66
f 58/802/57 59/836/59 67/837/67 66/840/65
f 59/836/59 60/832/60 68/834/68 67/837/67
f 60/832/60 61/831/61 69/833/69 68/834/68
f 61/831/61 62/13/62 70/811/70 69/833/69
f 62/13/62 63/12/63 71/808/71 70/811/70
f 63/12/63 64/805/64 72/807/72 71/808/71
f 64/805/64 57/2369/58 65/2368/66 72/807/72
f 65/806/66 66/840/65 74/841/73 73/844/74
f 66/840/65 67/837/67 75/839/75 74/841/73
f 67/837/67 68/834/68 76/838/76 75/839/75
f 68/834/68 69/833/69 77/2089/77 76/838/76
f 69/833/69 70/811/70 78/812/78 77/2089/77
f 70/811/70 71/808/71 79/810/79 78/812/78
f 71/808/71 72/807/72 80/809/80 79/810/79
f 72/807/72 65/2368/66 73/2367/74 80/809/80
f 73/844/74 74/841/73 82/843/81 81/845/82
f 74/841/73 75/839/75 83/842/83 82/843/81
f 75/839/75 76/838/76 84/2090/84 83/842/83
f 76/838/76 77/2089/77 85/906/85 84/2090/84
f 77/2089/77 78/812/78 86/814/86 85/906/85
f 78/812/78 79/810/79 87/813/87 86/814/86
f 79/810/79 80/809/80 88/2087/88 87/813/87
f 80/809/80 73/2367/74 81/2366/82 88/2087/88
f 81/845/82 82/843/81 90/846/89 89/847/90
f 82/843/81 83/842/83 91/2091/91 90/846/89
f 83/842/83 84/2090/84 92/898/92 91/2091/91
f 84/2090/84 85/906/85 93/899/93 92/898/92
f 85/906/85 86/814/86 94/902/94 93/899/93
f 86/814/86 87/813/87 95/2088/95 94/902/94
f 87/813/87 88/2087/88 96/852/96 95/2088/95
f 88/2087/88 81/2366/82 89/2365/90 96/852/96
f 89/847/90 90/846/89 98/848/97 97/849/98
f 90/846/89 91/2091/91 99/887/99 98/848/97
f 91/2091/91 92/898/92 100/888/100 99/887/99
f 92/898/92 93/899/93 101/894/101 100/888/100
f 93/899/93 94/902/94 102/900/102 101/894/101
f 94/902/94 95/2088/95 103/857/103 102/900/102
f 95/2088/95 96/852/96 104/853/104 103/857/103
f 96/852/96 89/2365/90 97/2364/98 104/853/104
f 97/849/98 98/848/97 106/850/105 105/851/106
f 98/848/97 99/887/99 107/883/107 106/850/105
f 99/887/99 100/888/100 108/884/108 107/883/107
f 100/888/100 101/894/101 109/889/109 108/884/108
f 101/894/101 102/900/102 110/863/110 109/889/109
f 102/900/102 103/857/103 111/858/111 110/863/110
f 103/857/103 104/853/104 112/854/112 111/858/111
f 104/853/104 97/2364/98 105/2363/106 112/854/112
f 105/851/106 106/850/105 114/893/113 113/855/114
f 106/850/105 107/883/107 115/886/115 114/893/113
f 107/883/107 108/884/108 116/885/116 115/886/115
f 108/884/108 109/889/109 117/890/117 116/885/116
f 109/889/109 110/863/110 118/864/118 117/890/117
f 110/863/110 111/858/111 119/861/119 118/864/118
f 111/858/111 112/854/112 120/856/120 119/861/119
f 112/854/112 105/2363/106 113/2362/114 120/856/120
f 113/855/114 114/893/113 122/897/121 121/859/122
f 114/893/113 115/886/115 123/892/123 122/897/121
f 115/886/115 116/885/116 124/891/124 123/892/123
f 116/885/116 117/890/117 125/871/125 124/891/124
f 117/890/117 118/864/118 126/867/126 125/871/125
f 118/864/118 119/861/119 127/862/127 126/867/126
f 119/861/119 120/856/120 128/860/128 127/862/127
f 120/856/120 113/2362/114 121/2361/122 128/860/128
f 121/859/122 122/897/121 130/901/129 129/905/130
f 122/897/121 123/892/123 131/896/131 130/901/129
f 123/892/123 124/891/124 132/895/132 131/896/131
f 124/891/124 125/871/125 133/872/133 132/895/132
f 125/871/125 126/867/126 134/868/134 133/872/133
f 126/867/126 127/862/127 135/866/135 134/868/134
f 127/862/127 128/860/128 136/865/136 135/866/135
f 128/860/128 121/2361/122 129/2360/130 136/865/136
f 129/905/130 130/901/129 138/904/137 137/907/138
f 130/901/129 131/896/131 139/903/139 138/904/137
f 131/896/131 132/895/132 140/876/140 139/903/139
f 132/895/132 133/872/133 141/873/141 140/876/140
f 133/872/133 134/868/134 142/870/142 141/873/141
f 134/868/134 135/866/135 143/869/143 142/870/142
f 135/866/135 136/865/136 144/912/144 143/869/143
f 136/865/136 129/2360/130 137/2359/138 144/912/144
f 137/907/138 138/904/137 146/908/145 145/909/146
f 138/904/137 139/903/139 147/879/147 146/908/145
f 139/903/139 140/876/140 148/877/148 147/879/147
f 140/876/140 141/873/141 149/875/149 148/877/148
f 141/873/141 142/870/142 150/874/150 149/875/149
f 142/870/142 143/869/143 151/915/151 150/874/150
f 143/869/143 144/912/144 152/913/152 151/915/151
f 144/912/144 137/2359/138 145/2358/146 152/913/152
f 145/909/146 146/908/145 154/910/153 153/911/154
f 146/908/145 147/879/147 155/880/155 154/910/153
f 147/879/147 148/877/148 156/878/156 155/880/155
f 148/877/148 149/875/149 157/45/157 156/878/156
f 149/875/149 150/874/150 158/46/158 157/45/157
f 150/874/150 151/915/151 159/916/159 158/46/158
f 151/915/151 152/913/152 160/914/160 159/916/159
f 152/913/152 145/2358/146 153/2357/154 160/914/160
f 153/911/154 154/910/153 162/103/161 161/96/162
f 154/910/153 155/880/155 163/881/163 162/103/161
f 155/880/155 156/878/156 164/34/164 163/881/163
f 156/878/156 157/45/157 165/35/165 164/34/164
f 157/45/157 158/46/158 166/42/166 165/35/165
f 158/46/158 159/916/159 167/917/167 166/42/166
f 159/916/159 160/914/160 168/95/168 167/917/167
f 160/914/160 153/2357/154 161/2356/162 168/95/168
f 161/96/162 162/103/161 170/97/169 169/88/170
f 162/103/161 163/881/163 171/882/171 170/97/169
f 163/881/163 164/34/164 172/26/172 171/882/171
f 164/34/164 165/35/165 173/27/173 172/26/172
f 165/35/165 166/42/166 174/36/174 173/27/173
f 166/42/166 167/917/167 175/918/175 174/36/174
f 167/917/167 168/95/168 176/87/176 175/918/175
f 168/95/168 161/2356/162 169/2355/170 176/87/176
f 169/88/170 170/97/169 178/89/177 177/82/178
f 170/97/169 171/882/171 179/30/179 178/89/177
f 171/882/171 172/26/172 180/20/180 179/30/179
f 172/26/172 173/27/173 181/21/181 180/20/180
f 173/27/173 174/36/174 182/28/182 181/21/181
f 174/36/174 175/918/175 183/91/183 182/28/182
f 175/918/175 176/87/176 184/81/184 183/91/183
f 176/87/176 169/2355/170 177/2354/178 184/81/184
f 177/82/178 178/89/177 186/90/185 185/78/186
f 178/89/177 179/30/179 187/24/187 186/90/185
f 179/30/179 180/20/180 188/16/188 187/24/187
f 180/20/180 181/21/181 189/17/189 188/16/188
f 181/21/181 182/28/182 190/29/190 189/17/189
f 182/28/182 183/91/183 191/85/191 190/29/190
f 183/91/183 184/81/184 192/77/192 191/85/191
f 184/81/184 177/2354/178 185/2353/186 192/77/192
f 185/78/186 186/90/185 194/40/193 193/79/194
f 186/90/185 187/24/187 195/25/195 194/40/193
f 187/24/187 188/16/188 196/19/196 195/25/195
f 188/16/188 189/17/189 197/18/197 196/19/196
f 189/17/189 190/29/190 198/101/198 197/18/197
f 190/29/190 191/85/191 199/86/199 198/101/198
f 191/85/191 192/77/192 200/80/200 199/86/199
f 192/77/192 185/2353/186 193/2352/194 200/80/200
f 193/79/194 194/40/193 202/41/201 201/83/202
f 194/40/193 195/25/195 203/33/203 202/41/201
f 195/25/195 196/19/196 204/23/204 203/33/203
f 196/19/196 197/18/197 205/22/205 204/23/204
f 197/18/197 198/101/198 206/102/206 205/22/205
f 198/101/198 199/86/199 207/94/207 206/102/206
f 199/86/199 200/80/200 208/84/208 207/94/207
f 200/80/200 193/2352/194 201/2351/202 208/84/208
f 201/83/202 202/41/201 210/44/209 209/92/210
f 202/41/201 203/33/203 211/39/211 210/44/209
f 203/33/203 204/23/204 212/32/212 211/39/211
f 204/23/204 205/22/205 213/31/213 212/32/212
f 205/22/205 206/102/206 214/105/214 213/31/213
f 206/102/206 207/94/207 215/100/215 214/105/214
f 207/94/207 208/84/208 216/93/216 215/100/215
f 208/84/208 201/2351/202 209/2350/210 216/93/216
f 209/92/210 210/44/209 218/49/217 217/98/218
f 210/44/209 211/39/211 219/43/219 218/49/217
f 211/39/211 212/32/212 220/38/220 219/43/219
f 212/32/212 213/31/213 221/37/221 220/38/220
f 213/31/213 214/105/214 222/108/222 221/37/221
f 214/105/214 215/100/215 223/104/223 222/108/222
f 215/100/215 216/93/216 224/99/224 223/104/223
f 216/93/216 209/2350/210 217/2349/218 224/99/224
f 217/98/218 218/49/217 226/52/225 225/920/226
f 218/49/217 219/43/219 227/48/227 226/52/225
f 219/43/219 220/38/220 228/47/228 227/48/227
f 220/38/220 221/37/221 229/922/229 228/47/228
f 221/37/221 222/108/222 230/111/230 229/922/229
f 222/108/222 223/104/223 231/107/231 230/111/230
f 223/104/223 224/99/224 232/106/232 231/107/231
f 224/99/224 217/2349/218 225/2348/226 232/106/232
f 225/920/226 226/52/225 234/55/233 233/115/234
f 226/52/225 227/48/227 235/51/235 234/55/233
f 227/48/227 228/47/228 236/50/236 235/51/235
f 228/47/228 229/922/229 237/56/237 236/50/236
f 229/922/229 230/111/230 238/114/238 237/56/237
f 230/111/230 231/107/231 239/110/239 238/114/238
f 231/107/231 232/106/232 240/109/240 239/110/239
f 232/106/232 225/2348/226 233/2347/234 240/109/240
f 233/115/234 234/55/233 242/919/241 241/116/242
f 234/55/233 235/51/235 243/54/243 242/919/241
f 235/51/235 236/50/236 244/53/244 243/54/243
f 236/50/236 237/56/237 245/57/245 244/53/244
f 237/56/237 238/114/238 246/921/246 245/57/245
f 238/114/238 239/110/239 247/113/247 246/921/246
f 239/110/239 240/109/240 248/112/248 247/113/247
f 240/109/240 233/2347/234 241/2346/242 248/112/248
f 241/116/242 242/919/241 250/66/249 249/119/250
f 242/919/241 243/54/243 251/59/251 250/66/249
f 243/54/243 244/53/244 252/58/252 251/59/251
f 244/53/244 245/57/245 253/60/253 252/58/252
f 245/57/245 246/921/246 254/125/254 253/60/253
f 246/921/246 247/113/247 255/118/255 254/125/254
f 247/113/247 248/112/248 256/117/256 255/118/255
f 248/112/248 241/2346/242 249/2345/250 256/117/256
f 249/119/250 250/66/249 258/67/257 257/122/258
f 250/66/249 251/59/251 259/62/259 258/67/257
f 251/59/251 252/58/252 260/61/260 259/62/259
f 252/58/252 253/60/253 261/63/261 260/61/260
f 253/60/253 254/125/254 262/126/262 261/63/261
f 254/125/254 255/118/255 263/121/263 262/126/262
f 255/118/255 256/117/256 264/120/264 263/121/263
f 256/117/256 249/2345/250 257/2344/258 264/120/264
f 257/122/258 258/67/257 266/70/265 265/74/266
f 258/67/257 259/62/259 267/65/267 266/70/265
f 259/62/259 260/61/260 268/64/268 267/65/267
f 260/61/260 261/63/261 269/133/269 268/64/268
f 261/63/261 262/126/262 270/129/270 269/133/269
f 262/126/262 263/121/263 271/124/271 270/129/270
f 263/121/263 264/120/264 272/123/272 271/124/271
f 264/120/264 257/2344/258 265/2343/266 272/123/272
f 265/74/266 266/70/265 274/71/273 273/75/274
f 266/70/265 267/65/267 275/69/275 274/71/273
f 267/65/267 268/64/268 276/68/276 275/69/275
f 268/64/268 269/133/269 277/134/277 276/68/276
f 269/133/269 270/129/270 278/130/278 277/134/277
f 270/129/270 271/124/271 279/128/279 278/130/278
f 271/124/271 272/123/272 280/127/280 279/128/279
f 272/123/272 265/2343/266 273/2342/274 280/127/280
f 273/75/274 274/71/273 282/73/281 281/76/282
f 274/71/273 275/69/275 283/72/283 282/73/281
f 275/69/275 276/68/276 284/136/284 283/72/283
f 276/68/276 277/134/277 285/135/285 284/136/284
f 277/134/277 278/130/278 286/132/286 285/135/285
f 278/130/278 279/128/279 287/131/287 286/132/286
f 279/128/279 280/127/280 288/2092/288 287/131/287
f 280/127/280 273/2342/274 281/2341/282 288/2092/288
f 281/76/282 282/73/281 290/924/289 289/923/290
f 282/73/281 283/72/283 291/927/291 290/924/289
f 283/72/283 284/136/284 292/949/292 291/927/291
f 284/136/284 285/135/285 293/942/293 292/949/292
f 285/135/285 286/132/286 294/943/294 293/942/293
f 286/132/286 287/131/287 295/946/295 294/943/294
f 287/131/287 288/2092/288 296/931/296 295/946/295
f 288/2092/288 281/2341/282 289/2340/290 296/931/296
f 289/923/290 290/924/289 298/925/297 297/926/298
f 290/924/289 291/927/291 299/928/299 298/925/297
f 291/927/291 292/949/292 300/950/300 299/928/299
f 292/949/292 293/942/293 301/945/301 300/950/300
f 293/942/293 294/943/294 302/944/302 301/945/301
f 294/943/294 295/946/295 303/937/303 302/944/302
f 295/946/295 296/931/296 304/932/304 303/937/303
f 296/931/296 289/2340/290 297/2339/298 304/932/304
f 297/926/298 298/925/297 306/929/305 305/930/306
f 298/925/297 299/928/299 307/954/307 306/929/305
f 299/928/299 300/950/300 308/952/308 307/954/307
f 300/950/300 301/945/301 309/948/309 308/952/308
f 301/945/301 302/944/302 310/947/310 309/948/309
f 302/944/302 303/937/303 311/938/311 310/947/310
f 303/937/303 304/932/304 312/935/312 311/938/311
f 304/932/304 297/2339/298 305/2338/306 312/935/312
f 305/930/306 306/929/305 314/933/313 313/934/314
f 306/929/305 307/954/307 315/956/315 314/933/313
f 307/954/307 308/952/308 316/953/316 315/956/315
f 308/952/308 309/948/309 317/951/317 316/953/316
f 309/948/309 310/947/310 318/941/318 317/951/317
f 310/947/310 311/938/311 319/940/319 318/941/318
f 311/938/311 312/935/312 320/936/320 319/940/319
f 312/935/312 305/2338/306 313/2337/314 320/936/320
f 313/934/314 314/933/313 322/141/321 321/939/322
f 314/933/313 315/956/315 323/142/323 322/141/321
f 315/956/315 316/953/316 324/149/324 323/142/323
f 316/953/316 317/951/317 325/955/325 324/149/324
f 317/951/317 318/941/318 326/158/326 325/955/325
f 318/941/318 319/940/319 327/159/327 326/158/326
f 319/940/319 320/936/320 328/166/328 327/159/327
f 320/936/320 313/2337/314 321/2336/322 328/166/328
f 321/939/322 322/141/321 330/137/329 329/147/330
f 322/141/321 323/142/323 331/138/331 330/137/329
f 323/142/323 324/149/324 332/143/332 331/138/331
f 324/149/324 325/955/325 333/164/333 332/143/332
f 325/955/325 326/158/326 334/154/334 333/164/333
f 326/158/326 327/159/327 335/155/335 334/154/334
f 327/159/327 328/166/328 336/160/336 335/155/335
f 328/166/328 321/2336/322 329/2335/330 336/160/336
f 329/147/330 330/137/329 338/140/337 337/148/338
f 330/137/329 331/138/331 339/139/339 338/140/337
f 331/138/331 332/143/332 340/144/340 339/139/339
f 332/143/332 333/164/333 341/165/341 340/144/340
f 333/164/333 334/154/334 342/157/342 341/165/341
f 334/154/334 335/155/335 343/156/343 342/157/342
f 335/155/335 336/160/336 344/161/344 343/156/343
f 336/160/336 329/2335/330 337/2334/338 344/161/344
f 337/148/338 338/140/337 346/146/345 345/152/346
f 338/140/337 339/139/339 347/145/347 346/146/345
f 339/139/339 340/144/340 348/960/348 347/145/347
f 340/144/340 341/165/341 349/169/349 348/960/348
f 341/165/341 342/157/342 350/163/350 349/169/349
f 342/157/342 343/156/343 351/162/351 350/163/350
f 343/156/343 344/161/344 352/967/352 351/162/351
f 344/161/344 337/2334/338 345/2333/346 352/967/352
f 345/152/346 346/146/345 354/151/353 353/153/354
f 346/146/345 347/145/347 355/150/355 354/151/353
f 347/145/347 348/960/348 356/957/356 355/150/355
f 348/960/348 349/169/349 357/170/357 356/957/356
f 349/169/349 350/163/350 358/168/358 357/170/357
f 350/163/350 351/162/351 359/167/359 358/168/358
f 351/162/351 352/967/352 360/964/360 359/167/359
f 352/967/352 345/2333/346 353/2332/354 360/964/360
f 353/153/354 354/151/353 362/968/361 361/965/362
f 354/151/353 355/150/355 363/962/363 362/968/361
f 355/150/355 356/957/356 364/959/364 363/962/363
f 356/957/356 357/170/357 365/958/365 364/959/364
f 357/170/357 358/168/358 366/961/366 365/958/365
f 358/168/358 359/167/359 367/971/367 366/961/366
f 359/167/359 360/964/360 368/966/368 367/971/367
f 360/964/360 353/2332/354 361/2331/362 368/966/368
f 361/965/362 362/968/361 370/972/369 369/969/370
f 362/968/361 363/962/363 371/181/371 370/972/369
f 363/962/363 364/959/364 372/175/372 371/181/371
f 364/959/364 365/958/365 373/176/373 372/175/372
f 365/958/365 366/961/366 374/963/374 373/176/373
f 366/961/366 367/971/367 375/975/375 374/963/374
f 367/971/367 368/966/368 376/970/376 375/975/375
f 368/966/368 361/2331/362 369/2330/370 376/970/376
f 369/969/370 370/972/369 378/2093/377 377/973/378
f 370/972/369 371/181/371 379/179/379 378/2093/377
f 371/181/371 372/175/372 380/171/380 379/179/379
f 372/175/372 373/176/373 381/172/381 380/171/380
f 373/176/373 374/963/374 382/981/382 381/172/381
f 374/963/374 375/975/375 383/976/383 382/981/382
f 375/975/375 376/970/376 384/974/384 383/976/383
f 376/970/376 369/2330/370 377/2329/378 384/974/384
f 377/973/378 378/2093/377 386/188/385 385/1048/386
f 378/2093/377 379/179/379 387/180/387 386/188/385
f 379/179/379 380/171/380 388/174/388 387/180/387
f 380/171/380 381/172/381 389/173/389 388/174/388
f 381/172/381 382/981/382 390/982/390 389/173/389
f 382/981/382 383/976/383 391/978/391 390/982/390
f 383/976/383 384/974/384 392/977/392 391/978/391
f 384/974/384 377/2329/378 385/2328/386 392/977/392
f 385/1048/386 386/188/385 394/189/393 393/1044/394
f 386/188/385 387/180/387 395/184/395 394/189/393
f 387/180/387 388/174/388 396/178/396 395/184/395
f 388/174/388 389/173/389 397/177/397 396/178/396
f 389/173/389 390/982/390 398/985/398 397/177/397
f 390/982/390 391/978/391 399/980/399 398/985/398
f 391/978/391 392/977/392 400/979/400 399/980/399
f 392/977/392 385/2328/386 393/2327/394 400/979/400
f 393/1044/394 394/189/393 402/1042/401 401/1045/402
f 394/189/393 395/184/395 403/187/403 402/1042/401
f 395/184/395 396/178/396 404/183/404 403/187/403
f 396/178/396 397/177/397 405/182/405 404/183/404
f 397/177/397 398/985/398 406/986/406 405/182/405
f 398/985/398 399/980/399 407/984/407 406/986/406
f 399/980/399 400/979/400 408/983/408 407/984/407
f 400/979/400 393/2327/394 401/2326/402 408/983/408
f 401/1045/402 402/1042/401 410/1043/409 409/1047/410
f 402/1042/401 403/187/403 411/192/411 410/1043/409
f 403/187/403 404/183/404 412/186/412 411/192/411
f 404/183/404 405/182/405 413/185/413 412/186/412
f 405/182/405 406/986/406 414/988/414 413/185/413
f 406/986/406 407/984/407 415/987/415 414/988/414
f 407/984/407 408/983/408 416/1052/416 415/987/415
f 408/983/408 401/2326/402 409/2325/410 416/1052/416
f 409/1047/410 410/1043/409 418/1046/417 417/1049/418
f 410/1043/409 411/192/411 419/193/419 418/1046/417
f 411/192/411 412/186/412 420/191/420 419/193/419
f 412/186/412 413/185/413 421/190/421 420/191/420
f 413/185/413 414/988/414 422/990/422 421/190/421
f 414/988/414 415/987/415 423/989/423 422/990/422
f 415/987/415 416/1052/416 424/1053/424 423/989/423
f 416/1052/416 409/2325/410 417/2324/418 424/1053/424
f 417/1049/418 418/1046/417 426/1050/425 425/1051/426
f 418/1046/417 419/193/419 427/195/427 426/1050/425
f 419/193/419 420/191/420 428/194/428 427/195/427
f 420/191/420 421/190/421 429/992/429 428/194/428
f 421/190/421 422/990/422 430/991/430 429/992/429
f 422/990/422 423/989/423 431/1060/431 430/991/430
f 423/989/423 424/1053/424 432/1056/432 431/1060/431
f 424/1053/424 417/2324/418 425/2323/426 432/1056/432
f 425/1051/426 426/1050/425 434/1054/433 433/1055/434
f 426/1050/425 427/195/427 435/998/435 434/1054/433
f 427/195/427 428/194/428 436/995/436 435/998/435
f 428/194/428 429/992/429 437/994/437 436/995/436
f 429/992/429 430/991/430 438/993/438 437/994/437
f 430/991/430 431/1060/431 439/1061/439 438/993/438
f 431/1060/431 432/1056/432 440/1057/440 439/1061/439
f 432/1056/432 425/2323/426 433/2322/434 440/1057/440
f 433/1055/434 434/1054/433 442/1006/441 441/1058/442
f 434/1054/433 435/998/435 443/1001/443 442/1006/441
f 435/998/435 436/995/436 444/997/444 443/1001/443
f 436/995/436 437/994/437 445/996/445 444/997/444
f 437/994/437 438/993/438 446/1068/446 445/996/445
f 438/993/438 439/1061/439 447/1064/447 446/1068/446
f 439/1061/439 440/1057/440 448/1059/448 447/1064/447
f 440/1057/440 433/2322/434 441/2321/442 448/1059/448
f 441/1058/442 442/1006/441 450/1007/449 449/1062/450
f 442/1006/441 443/1001/443 451/1004/451 450/1007/449
f 443/1001/443 444/997/444 452/1000/452 451/1004/451
f 444/997/444 445/996/445 453/999/453 452/1000/452
f 445/996/445 446/1068/446 454/1069/454 453/999/453
f 446/1068/446 447/1064/447 455/1066/455 454/1069/454
f 447/1064/447 448/1059/448 456/1063/456 455/1066/455
f 448/1059/448 441/2321/442 449/2320/450 456/1063/456
f 449/1062/450 450/1007/449 458/1010/457 457/1015/458
f 450/1007/449 451/1004/451 459/1005/459 458/1010/457
f 451/1004/451 452/1000/452 460/1003/460 459/1005/459
f 452/1000/452 453/999/453 461/1002/461 460/1003/460
f 453/999/453 454/1069/454 462/1072/462 461/1002/461
f 454/1069/454 455/1066/455 463/1067/463 462/1072/462
f 455/1066/455 456/1063/456 464/1065/464 463/1067/463
f 456/1063/456 449/2320/450 457/2319/458 464/1065/464
f 457/1015/458 458/1010/457 466/1013/465 465/1016/466
f 458/1010/457 459/1005/459 467/1009/467 466/1013/465
f 459/1005/459 460/1003/460 468/1008/468 467/1009/467
f 460/1003/460 461/1002/461 469/1077/469 468/1008/468
f 461/1002/461 462/1072/462 470/1075/470 469/1077/469
f 462/1072/462 463/1067/463 471/1071/471 470/1075/470
f 463/1067/463 464/1065/464 472/1070/472 471/1071/471
f 464/1065/464 457/2319/458 465/2318/466 472/1070/472
f 465/1016/466 466/1013/465 474/1014/473 473/1019/474
f 466/1013/465 467/1009/467 475/1012/475 474/1014/473
f 467/1009/467 468/1008/468 476/1011/476 475/1012/475
f 468/1008/468 469/1077/469 477/1080/477 476/1011/476
f 469/1077/469 470/1075/470 478/1076/478 477/1080/477
f 470/1075/470 471/1071/471 479/1074/479 478/1076/478
f 471/1071/471 472/1070/472 480/1073/480 479/1074/479
f 472/1070/472 465/2318/466 473/2317/474 480/1073/480
f 473/1019/474 474/1014/473 482/1018/481 481/1022/482
f 474/1014/473 475/1012/475 483/1017/483 482/1018/481
f 475/1012/475 476/1011/476 484/1087/484 483/1017/483
f 476/1011/476 477/1080/477 485/1083/485 484/1087/484
f 477/1080/477 478/1076/478 486/1079/486 485/1083/485
f 478/1076/478 479/1074/479 487/1078/487 486/1079/486
f 479/1074/479 480/1073/480 488/1026/488 487/1078/487
f 480/1073/480 473/2317/474 481/2316/482 488/1026/488
f 481/1022/482 482/1018/481 490/1021/489 489/1023/490
f 482/1018/481 483/1017/483 491/1020/491 490/1021/489
f 483/1017/483 484/1087/484 492/1088/492 491/1020/491
f 484/1087/484 485/1083/485 493/1084/493 492/1088/492
f 485/1083/485 486/1079/486 494/1082/494 493/1084/493
f 486/1079/486 487/1078/487 495/1081/495 494/1082/494
f 487/1078/487 488/1026/488 496/1027/496 495/1081/495
f 488/1026/488 481/2316/482 489/2315/490 496/1027/496
f 489/1023/490 490/1021/489 498/1024/497 497/1025/498
f 490/1021/489 491/1020/491 499/1095/499 498/1024/497
f 491/1020/491 492/1088/492 500/1091/500 499/1095/499
f 492/1088/492 493/1084/493 501/1086/501 500/1091/500
f 493/1084/493 494/1082/494 502/1085/502 501/1086/501
f 494/1082/494 495/1081/495 503/1034/503 502/1085/502
f 495/1081/495 496/1027/496 504/1030/504 503/1034/503
f 496/1027/496 489/2315/490 497/2314/498 504/1030/504
f 497/1025/498 498/1024/497 506/1028/505 505/1029/506
f 498/1024/497 499/1095/499 507/1096/507 506/1028/505
f 499/1095/499 500/1091/500 508/1092/508 507/1096/507
f 500/1091/500 501/1086/501 509/1090/509 508/1092/508
f 501/1086/501 502/1085/502 510/1089/510 509/1090/509
f 502/1085/502 503/1034/503 511/1035/511 510/1089/510
f 503/1034/503 504/1030/504 512/1031/512 511/1035/511
f 504/1030/504 497/2314/498 505/2313/506 512/1031/512
f 505/1029/506 506/1028/505 514/1101/513 513/1032/514
f 506/1028/505 507/1096/507 515/1099/515 514/1101/513
f 507/1096/507 508/1092/508 516/1094/516 515/1099/515
f 508/1092/508 509/1090/509 517/1093/517 516/1094/516
f 509/1090/509 510/1089/510 518/1040/518 517/1093/517
f 510/1089/510 511/1035/511 519/1038/519 518/1040/518
f 511/1035/511 512/1031/512 520/1033/520 519/1038/519
f 512/1031/512 505/2313/506 513/2312/514 520/1033/520
f 513/1032/514 514/1101/513 522/1102/521 521/1036/522
f 514/1101/513 515/1099/515 523/1100/523 522/1102/521
f 515/1099/515 516/1094/516 524/1098/524 523/1100/523
f 516/1094/516 517/1093/517 525/1097/525 524/1098/524
f 517/1093/517 518/1040/518 526/1041/526 525/1097/525
f 518/1040/518 519/1038/519 527/1039/527 526/1041/526
f 519/1038/519 520/1033/520 528/1037/528 527/1039/527
f 520/1033/520 513/2312/514 521/2311/522 528/1037/528
s 2
f 529/1103/529 530/1104/530 538/1105/531 537/1106/532
f 530/1104/530 531/1107/533 539/1108/534 538/1105/531
f 531/1107/533 532/1169/535 540/1170/536 539/1108/534
f 532/1169/535 533/1161/537 541/1164/538 540/1170/536
f 533/1161/537 534/1162/539 542/1163/540 541/1164/538
f 534/1162/539 535/1165/541 543/1166/542 542/1163/540
f 535/1165/541 536/1111/543 544/2309/544 543/1166/542
f 536/2310/543 529/1103/529 537/1106/532 544/1112/544
f 537/1106/532 538/1105/531 546/1109/545 545/1110/546
f 538/1105/531 539/1108/534 547/1177/547 546/1109/545
f 539/1108/534 540/1170/536 548/1173/548 547/1177/547
f 540/1170/536 541/1164/538 549/1168/549 548/1173/548
f 541/1164/538 542/1163/540 550/1167/550 549/1168/549
f 542/1163/540 543/1166/542 551/1119/551 550/1167/550
f 543/1166/542 544/2309/544 552/2308/552 551/1119/551
f 544/1112/544 537/1106/532 545/1110/546 552/1115/552
f 545/1110/546 546/1109/545 554/1113/553 553/1114/554
f 546/1109/545 547/1177/547 555/1178/555 554/1113/553
f 547/1177/547 548/1173/548 556/1174/556 555/1178/555
f 548/1173/548 549/1168/549 557/1172/557 556/1174/556
f 549/1168/549 550/1167/550 558/1171/558 557/1172/557
f 550/1167/550 551/1119/551 559/1120/559 558/1171/558
f 551/1119/551 552/2308/552 560/2307/560 559/1120/559
f 552/1115/552 545/1110/546 553/1114/554 560/1116/560
f 553/1114/554 554/1113/553 562/1184/561 561/1117/562
f 554/1113/553 555/1178/555 563/1180/563 562/1184/561
f 555/1178/555 556/1174/556 564/1176/564 563/1180/563
f 556/1174/556 557/1172/557 565/1175/565 564/1176/564
f 557/1172/557 558/1171/558 566/1127/566 565/1175/565
f 558/1171/558 559/1120/559 567/1123/567 566/1127/566
f 559/1120/559 560/2307/560 568/2306/568 567/1123/567
f 560/1116/560 553/1114/554 561/1117/562 568/1118/568
f 561/1117/562 562/1184/561 570/1185/569 569/1121/570
f 562/1184/561 563/1180/563 571/1181/571 570/1185/569
f 563/1180/563 564/1176/564 572/1179/572 571/1181/571
f 564/1176/564 565/1175/565 573/1133/573 572/1179/572
f 565/1175/565 566/1127/566 574/1128/574 573/1133/573
f 566/1127/566 567/1123/567 575/1124/575 574/1128/574
f 567/1123/567 568/2306/568 576/2305/576 575/1124/575
f 568/1118/568 561/1117/562 569/1121/570 576/1122/576
f 569/1121/570 570/1185/569 578/1187/577 577/1189/578
f 570/1185/569 571/1181/571 579/1183/579 578/1187/577
f 571/1181/571 572/1179/572 580/1182/580 579/1183/579
f 572/1179/572 573/1133/573 581/1134/581 580/1182/580
f 573/1133/573 574/1128/574 582/1131/582 581/1134/581
f 574/1128/574 575/1124/575 583/1126/583 582/1131/582
f 575/1124/575 576/2305/576 584/2304/584 583/1126/583
f 576/1122/576 569/1121/570 577/1189/578 584/1125/584
f 577/1189/578 578/1187/577 586/1188/585 585/1192/586
f 578/1187/577 579/1183/579 587/1186/587 586/1188/585
f 579/1183/579 580/1182/580 588/1141/588 587/1186/587
f 580/1182/580 581/1134/581 589/1137/589 588/1141/588
f 581/1134/581 582/1131/582 590/1132/590 589/1137/589
f 582/1131/582 583/1126/583 591/1130/591 590/1132/590
f 583/1126/583 584/2304/584 592/2303/592 591/1130/591
f 584/1125/584 577/1189/578 585/1192/586 592/1129/592
f 585/1192/586 586/1188/585 594/1191/593 593/1193/594
f 586/1188/585 587/1186/587 595/1190/595 594/1191/593
f 587/1186/587 588/1141/588 596/1142/596 595/1190/595
f 588/1141/588 589/1137/589 597/1138/597 596/1142/596
f 589/1137/589 590/1132/590 598/1136/598 597/1138/597
f 590/1132/590 591/1130/591 599/1135/599 598/1136/598
f 591/1130/591 592/2303/592 600/2302/600 599/1135/599
f 592/1129/592 585/1192/586 593/1193/594 600/1196/600
f 593/1193/594 594/1191/593 602/1194/601 601/1195/602
f 594/1191/593 595/1190/595 603/1148/603 602/1194/601
f 595/1190/595 596/1142/596 604/1143/604 603/1148/603
f 596/1142/596 597/1138/597 605/1140/605 604/1143/604
f 597/1138/597 598/1136/598 606/1139/606 605/1140/605
f 598/1136/598 599/1135/599 607/1200/607 606/1139/606
f 599/1135/599 600/2302/600 608/2301/608 607/1200/607
f 600/1196/600 593/1193/594 601/1195/602 608/1197/608
f 601/1195/602 602/1194/601 610/1153/609 609/1198/610
f 602/1194/601 603/1148/603 611/1149/611 610/1153/609
f 603/1148/603 604/1143/604 612/1145/612 611/1149/611
f 604/1143/604 605/1140/605 613/1144/613 612/1145/612
f 605/1140/605 606/1139/606 614/1207/614 613/1144/613
f 606/1139/606 607/1200/607 615/1203/615 614/1207/614
f 607/1200/607 608/2301/608 616/2300/616 615/1203/615
f 608/1197/608 601/1195/602 609/1198/610 616/1199/616
f 609/1198/610 610/1153/609 618/1154/617 617/1201/618
f 610/1153/609 611/1149/611 619/1150/619 618/1154/617
f 611/1149/611 612/1145/612 620/1147/620 619/1150/619
f 612/1145/612 613/1144/613 621/1146/621 620/1147/620
f 613/1144/613 614/1207/614 622/1208/622 621/1146/621
f 614/1207/614 615/1203/615 623/1204/623 622/1208/622
f 615/1203/615 616/2300/616 624/2299/624 623/1204/623
f 616/1199/616 609/1198/610 617/1201/618 624/1202/624
f 617/1201/618 618/1154/617 626/1157/625 625/1159/626
f 618/1154/617 619/1150/619 627/1152/627 626/1157/625
f 619/1150/619 620/1147/620 628/1151/628 627/1152/627
f 620/1147/620 621/1146/621 629/1214/629 628/1151/628
f 621/1146/621 622/1208/622 630/1211/630 629/1214/629
f 622/1208/622 623/1204/623 631/1206/631 630/1211/630
f 623/1204/623 624/2299/624 632/2298/632 631/1206/631
f 624/1202/624 617/1201/618 625/1159/626 632/1205/632
f 625/1159/626 626/1157/625 634/325/633 633/324/634
f 626/1157/625 627/1152/627 635/1156/635 634/325/633
f 627/1152/627 628/1151/628 636/1155/636 635/1156/635
f 628/1151/628 629/1214/629 637/1215/637 636/1155/636
f 629/1214/629 630/1211/630 638/1212/638 637/1215/637
f 630/1211/630 631/1206/631 639/1210/639 638/1212/638
f 631/1206/631 632/2298/632 640/2297/640 639/1210/639
f 632/1205/632 625/1159/626 633/324/634 640/1209/640
f 633/324/634 634/325/633 642/320/641 641/313/642
f 634/325/633 635/1156/635 643/1158/643 642/320/641
f 635/1156/635 636/1155/636 644/228/644 643/1158/643
f 636/1155/636 637/1215/637 645/229/645 644/228/644
f 637/1215/637 638/1212/638 646/236/646 645/229/645
f 638/1212/638 639/1210/639 647/1213/647 646/236/646
f 639/1210/639 640/2297/640 648/2296/648 647/1213/647
f 640/1209/640 633/324/634 641/313/642 648/312/648
f 641/313/642 642/320/641 650/314/649 649/310/650
f 642/320/641 643/1158/643 651/1160/651 650/314/649
f 643/1158/643 644/228/644 652/225/652 651/1160/651
f 644/228/644 645/229/645 653/226/653 652/225/652
f 645/229/645 646/236/646 654/230/654 653/226/653
f 646/236/646 647/1213/647 655/304/655 654/230/654
f 647/1213/647 648/2296/648 656/2295/656 655/304/655
f 648/312/648 641/313/642 649/310/650 656/305/656
f 649/310/650 650/314/649 658/315/657 657/306/658
f 650/314/649 651/1160/651 659/214/659 658/315/657
f 651/1160/651 652/225/652 660/215/660 659/214/659
f 652/225/652 653/226/653 661/221/661 660/215/660
f 653/226/653 654/230/654 662/231/662 661/221/661
f 654/230/654 655/304/655 663/297/663 662/231/662
f 655/304/655 656/2295/656 664/2294/664 663/297/663
f 656/305/656 649/310/650 657/306/658 664/298/664
f 657/306/658 658/315/657 666/1218/665 665/299/666
f 658/315/657 659/214/659 667/206/667 666/1218/665
f 659/214/659 660/215/660 668/207/668 667/206/667
f 660/215/660 661/221/661 669/216/669 668/207/668
f 661/221/661 662/231/662 670/1221/670 669/216/669
f 662/231/662 663/297/663 671/289/671 670/1221/670
f 663/297/663 664/2294/664 672/2293/672 671/289/671
f 664/298/664 657/306/658 665/299/666 672/290/672
f 665/299/666 666/1218/665 674/1216/673 673/291/674
f 666/1218/665 667/206/667 675/200/675 674/1216/673
f 667/206/667 668/207/668 676/201/676 675/200/675
f 668/207/668 669/216/669 677/208/677 676/201/676
f 669/216/669 670/1221/670 678/1219/678 677/208/677
f 670/1221/670 671/289/671 679/283/679 678/1219/678
f 671/289/671 672/2293/672 680/2292/680 679/283/679
f 672/290/672 665/299/666 673/291/674 680/284/680
f 673/291/674 674/1216/673 682/1217/681 681/285/682
f 674/1216/673 675/200/675 683/196/683 682/1217/681
f 675/200/675 676/201/676 684/197/684 683/196/683
f 676/201/676 677/208/677 685/202/685 684/197/684
f 677/208/677 678/1219/678 686/1220/686 685/202/685
f 678/1219/678 679/283/679 687/279/687 686/1220/686
f 679/283/679 680/2292/680 688/2291/688 687/279/687
f 680/284/680 673/291/674 681/285/682 688/280/688
f 681/285/682 682/1217/681 690/212/689 689/286/690
f 682/1217/681 683/196/683 691/199/691 690/212/689
f 683/196/683 684/197/684 692/198/692 691/199/691
f 684/197/684 685/202/685 693/203/693 692/198/692
f 685/202/685 686/1220/686 694/295/694 693/203/693
f 686/1220/686 687/279/687 695/282/695 694/295/694
f 687/279/687 688/2291/688 696/2290/696 695/282/695
f 688/280/688 681/285/682 689/286/690 696/281/696
f 689/286/690 690/212/689 698/213/697 697/292/698
f 690/212/689 691/199/691 699/205/699 698/213/697
f 691/199/691 692/198/692 700/204/700 699/205/699
f 692/198/692 693/203/693 701/209/701 700/204/700
f 693/203/693 694/295/694 702/296/702 701/209/701
f 694/295/694 695/282/695 703/288/703 702/296/702
f 695/282/695 696/2290/696 704/2289/704 703/288/703
f 696/281/696 689/286/690 697/292/698 704/287/704
f 697/292/698 698/213/697 706/220/705 705/300/706
f 698/213/697 699/205/699 707/211/707 706/220/705
f 699/205/699 700/204/700 708/210/708 707/211/707
f 700/204/700 701/209/701 709/217/709 708/210/708
f 701/209/701 702/296/702 710/303/710 709/217/709
f 702/296/702 703/288/703 711/294/711 710/303/710
f 703/288/703 704/2289/704 712/2288/712 711/294/711
f 704/287/704 697/292/698 705/300/706 712/293/712
f 705/300/706 706/220/705 714/224/713 713/234/714
f 706/220/705 707/211/707 715/219/715 714/224/713
f 707/211/707 708/210/708 716/218/716 715/219/715
f 708/210/708 709/217/709 717/318/717 716/218/716
f 709/217/709 710/303/710 718/309/718 717/318/717
f 710/303/710 711/294/711 719/302/719 718/309/718
f 711/294/711 712/2288/712 720/2287/720 719/302/719
f 712/293/712 705/300/706 713/234/714 720/301/720
f 713/234/714 714/224/713 722/227/721 721/235/722
f 714/224/713 715/219/715 723/223/723 722/227/721
f 715/219/715 716/218/716 724/222/724 723/223/723
f 716/218/716 717/318/717 725/319/725 724/222/724
f 717/318/717 718/309/718 726/311/726 725/319/725
f 718/309/718 719/302/719 727/308/727 726/311/726
f 719/302/719 720/2287/720 728/2286/728 727/308/727
f 720/301/720 713/234/714 721/235/722 728/307/728
f 721/235/722 722/227/721 730/233/729 729/239/730
f 722/227/721 723/223/723 731/232/731 730/233/729
f 723/223/723 724/222/724 732/2094/732 731/232/731
f 724/222/724 725/319/725 733/323/733 732/2094/732
f 725/319/725 726/311/726 734/317/734 733/323/733
f 726/311/726 727/308/727 735/316/735 734/317/734
f 727/308/727 728/2286/728 736/2285/736 735/316/735
f 728/307/728 721/235/722 729/239/730 736/2095/736
f 729/239/730 730/233/729 738/238/737 737/242/738
f 730/233/729 731/232/731 739/237/739 738/238/737
f 731/232/731 732/2094/732 740/332/740 739/237/739
f 732/2094/732 733/323/733 741/328/741 740/332/740
f 733/323/733 734/317/734 742/322/742 741/328/741
f 734/317/734 735/316/735 743/321/743 742/322/742
f 735/316/735 736/2285/736 744/2284/744 743/321/743
f 736/2095/736 729/239/730 737/242/738 744/246/744
f 737/242/738 738/238/737 746/241/745 745/243/746
f 738/238/737 739/237/739 747/240/747 746/241/745
f 739/237/739 740/332/740 748/333/748 747/240/747
f 740/332/740 741/328/741 749/329/749 748/333/748
f 741/328/741 742/322/742 750/327/750 749/329/749
f 742/322/742 743/321/743 751/326/751 750/327/750
f 743/321/743 744/2284/744 752/2283/752 751/326/751
f 744/246/744 737/242/738 745/243/746 752/247/752
f 745/243/746 746/241/745 754/244/753 753/245/754
f 746/241/745 747/240/747 755/1222/755 754/244/753
f 747/240/747 748/333/748 756/336/756 755/1222/755
f 748/333/748 749/329/749 757/331/757 756/336/756
f 749/329/749 750/327/750 758/330/758 757/331/757
f 750/327/750 751/326/751 759/1225/759 758/330/758
f 751/326/751 752/2283/752 760/2282/760 759/1225/759
f 752/247/752 745/243/746 753/245/754 760/250/760
f 753/245/754 754/244/753 762/248/761 761/249/762
f 754/244/753 755/1222/755 763/253/763 762/248/761
f 755/1222/755 756/336/756 764/257/764 763/253/763
f 756/336/756 757/331/757 765/335/765 764/257/764
f 757/331/757 758/330/758 766/334/766 765/335/765
f 758/330/758 759/1225/759 767/339/767 766/334/766
f 759/1225/759 760/2282/760 768/2281/768 767/339/767
f 760/250/760 753/245/754 761/249/762 768/1223/768
f 761/249/762 762/248/761 770/251/769 769/252/770
f 762/248/761 763/253/763 771/254/771 770/251/769
f 763/253/763 764/257/764 772/258/772 771/254/771
f 764/257/764 765/335/765 773/338/773 772/258/772
f 765/335/765 766/334/766 774/337/774 773/338/773
f 766/334/766 767/339/767 775/340/775 774/337/774
f 767/339/767 768/2281/768 776/2280/776 775/340/775
f 768/1223/768 761/249/762 769/252/770 776/1224/776
f 769/252/770 770/251/769 778/255/777 777/256/778
f 770/251/769 771/254/771 779/259/779 778/255/777
f 771/254/771 772/258/772 780/349/780 779/259/779
f 772/258/772 773/338/773 781/342/781 780/349/780
f 773/338/773 774/337/774 782/341/782 781/342/781
f 774/337/774 775/340/775 783/343/783 782/341/782
f 775/340/775 776/2280/776 784/2279/784 783/343/783
f 776/1224/776 769/252/770 777/256/778 784/265/784
f 777/256/778 778/255/777 786/260/785 785/261/786
f 778/255/777 779/259/779 787/262/787 786/260/785
f 779/259/779 780/349/780 788/350/788 787/262/787
f 780/349/780 781/342/781 789/345/789 788/350/788
f 781/342/781 782/341/782 790/344/790 789/345/789
f 782/341/782 783/343/783 791/346/791 790/344/790
f 783/343/783 784/2279/784 792/2278/792 791/346/791
f 784/265/784 777/256/778 785/261/786 792/266/792
f 785/261/786 786/260/785 794/263/793 793/264/794
f 786/260/785 787/262/787 795/357/795 794/263/793
f 787/262/787 788/350/788 796/353/796 795/357/795
f 788/350/788 789/345/789 797/348/797 796/353/796
f 789/345/789 790/344/790 798/347/798 797/348/797
f 790/344/790 791/346/791 799/272/799 798/347/798
f 791/346/791 792/2278/792 800/2277/800 799/272/799
f 792/266/792 785/261/786 793/264/794 800/267/800
f 793/264/794 794/263/793 802/1226/801 801/268/802
f 794/263/793 795/357/795 803/358/803 802/1226/801
f 795/357/795 796/353/796 804/354/804 803/358/803
f 796/353/796 797/348/797 805/352/805 804/354/804
f 797/348/797 798/347/798 806/351/806 805/352/805
f 798/347/798 799/272/799 807/273/807 806/351/806
f 799/272/799 800/2277/800 808/2276/808 807/273/807
f 800/267/800 793/264/794 801/268/802 808/269/808
f 801/268/802 802/1226/801 810/362/809 809/270/810
f 802/1226/801 803/358/803 811/359/811 810/362/809
f 803/358/803 804/354/804 812/356/812 811/359/811
f 804/354/804 805/352/805 813/355/813 812/356/812
f 805/352/805 806/351/806 814/277/814 813/355/813
f 806/351/806 807/273/807 815/274/815 814/277/814
f 807/273/807 808/2276/808 816/2275/816 815/274/815
f 808/269/808 801/268/802 809/270/810 816/271/816
f 809/270/810 810/362/809 818/363/817 817/1227/818
f 810/362/809 811/359/811 819/361/819 818/363/817
f 811/359/811 812/356/812 820/360/820 819/361/819
f 812/356/812 813/355/813 821/1343/821 820/360/820
f 813/355/813 814/277/814 822/278/822 821/1343/821
f 814/277/814 815/274/815 823/276/823 822/278/822
f 815/274/815 816/2275/816 824/2274/824 823/276/823
f 816/271/816 809/270/810 817/1227/818 824/275/824
f 817/1227/818 818/363/817 826/1349/825 825/1228/826
f 818/363/817 819/361/819 827/1346/827 826/1349/825
f 819/361/819 820/360/820 828/1345/828 827/1346/827
f 820/360/820 821/1343/821 829/1344/829 828/1345/828
f 821/1343/821 822/278/822 830/1233/830 829/1344/829
f 822/278/822 823/276/823 831/1230/831 830/1233/830
f 823/276/823 824/2274/824 832/2273/832 831/1230/831
f 824/275/824 817/1227/818 825/1228/826 832/1229/832
f 825/1228/826 826/1349/825 834/1352/833 833/1356/834
f 826/1349/825 827/1346/827 835/1348/835 834/1352/833
f 827/1346/827 828/1345/828 836/1347/836 835/1348/835
f 828/1345/828 829/1344/829 837/1240/837 836/1347/836
f 829/1344/829 830/1233/830 838/1236/838 837/1240/837
f 830/1233/830 831/1230/831 839/1232/839 838/1236/838
f 831/1230/831 832/2273/832 840/2272/840 839/1232/839
f 832/1229/832 825/1228/826 833/1356/834 840/1231/840
f 833/1356/834 834/1352/833 842/1353/841 841/1357/842
f 834/1352/833 835/1348/835 843/1351/843 842/1353/841
f 835/1348/835 836/1347/836 844/1350/844 843/1351/843
f 836/1347/836 837/1240/837 845/1241/845 844/1350/844
f 837/1240/837 838/1236/838 846/1237/846 845/1241/845
f 838/1236/838 839/1232/839 847/1235/847 846/1237/846
f 839/1232/839 840/2272/840 848/2271/848 847/1235/847
f 840/1231/840 833/1356/834 841/1357/842 848/1234/848
f 841/1357/842 842/1353/841 850/1355/849 849/1358/850
f 842/1353/841 843/1351/843 851/1354/851 850/1355/849
f 843/1351/843 844/1350/844 852/1247/852 851/1354/851
f 844/1350/844 845/1241/845 853/1242/853 852/1247/852
f 845/1241/845 846/1237/846 854/1239/854 853/1242/853
f 846/1237/846 847/1235/847 855/1238/855 854/1239/854
f 847/1235/847 848/2271/848 856/2270/856 855/1238/855
f 848/1234/848 841/1357/842 849/1358/850 856/1363/856
f 849/1358/850 850/1355/849 858/1359/857 857/1360/858
f 850/1355/849 851/1354/851 859/2097/859 858/1359/857
f 851/1354/851 852/1247/852 860/1248/860 859/2097/859
f 852/1247/852 853/1242/853 861/1244/861 860/1248/860
f 853/1242/853 854/1239/854 862/1243/862 861/1244/861
f 854/1239/854 855/1238/855 863/2096/863 862/1243/862
f 855/1238/855 856/2270/856 864/2269/864 863/2096/863
f 856/1363/856 849/1358/850 857/1360/858 864/1364/864
f 857/1360/858 858/1359/857 866/1361/865 865/1362/866
f 858/1359/857 859/2097/859 867/1254/867 866/1361/865
f 859/2097/859 860/1248/860 868/1249/868 867/1254/867
f 860/1248/860 861/1244/861 869/1246/869 868/1249/868
f 861/1244/861 862/1243/862 870/1245/870 869/1246/869
f 862/1243/862 863/2096/863 871/1370/871 870/1245/870
f 863/2096/863 864/2269/864 872/2268/872 871/1370/871
f 864/1364/864 857/1360/858 865/1362/866 872/1365/872
f 865/1362/866 866/1361/865 874/1260/873 873/1366/874
f 866/1361/865 867/1254/867 875/1255/875 874/1260/873
f 867/1254/867 868/1249/868 876/1251/876 875/1255/875
f 868/1249/868 869/1246/869 877/1250/877 876/1251/876
f 869/1246/869 870/1245/870 878/1375/878 877/1250/877
f 870/1245/870 871/1370/871 879/1371/879 878/1375/878
f 871/1370/871 872/2268/872 880/2267/880 879/1371/879
f 872/1365/872 865/1362/866 873/1366/874 880/1367/880
f 873/1366/874 874/1260/873 882/1261/881 881/1368/882
f 874/1260/873 875/1255/875 883/1258/883 882/1261/881
f 875/1255/875 876/1251/876 884/1253/884 883/1258/883
f 876/1251/876 877/1250/877 885/1252/885 884/1253/884
f 877/1250/877 878/1375/878 886/1376/886 885/1252/885
f 878/1375/878 879/1371/879 887/1373/887 886/1376/886
f 879/1371/879 880/2267/880 888/2266/888 887/1373/887
f 880/1367/880 873/1366/874 881/1368/882 888/1369/888
f 881/1368/882 882/1261/881 890/1264/889 889/1268/890
f 882/1261/881 883/1258/883 891/1259/891 890/1264/889
f 883/1258/883 884/1253/884 892/1257/892 891/1259/891
f 884/1253/884 885/1252/885 893/1256/893 892/1257/892
f 885/1252/885 886/1376/886 894/1379/894 893/1256/893
f 886/1376/886 887/1373/887 895/1374/895 894/1379/894
f 887/1373/887 888/2266/888 896/2265/896 895/1374/895
f 888/1369/888 881/1368/882 889/1268/890 896/1372/896
f 889/1268/890 890/1264/889 898/1265/897 897/1269/898
f 890/1264/889 891/1259/891 899/1263/899 898/1265/897
f 891/1259/891 892/1257/892 900/1262/900 899/1263/899
f 892/1257/892 893/1256/893 901/1383/901 900/1262/900
f 893/1256/893 894/1379/894 902/1380/902 901/1383/901
f 894/1379/894 895/1374/895 903/1378/903 902/1380/902
f 895/1374/895 896/2265/896 904/2264/904 903/1378/903
f 896/1372/896 889/1268/890 897/1269/898 904/1377/904
f 897/1269/898 898/1265/897 906/1267/905 905/1272/906
f 898/1265/897 899/1263/899 907/1266/907 906/1267/905
f 899/1263/899 900/1262/900 908/1390/908 907/1266/907
f 900/1262/900 901/1383/901 909/1386/909 908/1390/908
f 901/1383/901 902/1380/902 910/1382/910 909/1386/909
f 902/1380/902 903/1378/903 911/1381/911 910/1382/910
f 903/1378/903 904/2264/904 912/2263/912 911/1381/911
f 904/1377/904 897/1269/898 905/1272/906 912/1276/912
f 905/1272/906 906/1267/905 914/1271/913 913/1273/914
f 906/1267/905 907/1266/907 915/1270/915 914/1271/913
f 907/1266/907 908/1390/908 916/1391/916 915/1270/915
f 908/1390/908 909/1386/909 917/1387/917 916/1391/916
f 909/1386/909 910/1382/910 918/1385/918 917/1387/917
f 910/1382/910 911/1381/911 919/1384/919 918/1385/918
f 911/1381/911 912/2263/912 920/2262/920 919/1384/919
f 912/1276/912 905/1272/906 913/1273/914 920/1277/920
f 913/1273/914 914/1271/913 922/1274/921 921/1275/922
f 914/1271/913 915/1270/915 923/1398/923 922/1274/921
f 915/1270/915 916/1391/916 924/1394/924 923/1398/923
f 916/1391/916 917/1387/917 925/1389/925 924/1394/924
f 917/1387/917 918/1385/918 926/1388/926 925/1389/925
f 918/1385/918 919/1384/919 927/1284/927 926/1388/926
f 919/1384/919 920/2262/920 928/2261/928 927/1284/927
f 920/1277/920 913/1273/914 921/1275/922 928/1280/928
f 921/1275/922 922/1274/921 930/1278/929 929/1279/930
f 922/1274/921 923/1398/923 931/1399/931 930/1278/929
f 923/1398/923 924/1394/924 932/1395/932 931/1399/931
f 924/1394/924 925/1389/925 933/1393/933 932/1395/932
f 925/1389/925 926/1388/926 934/1392/934 933/1393/933
f 926/1388/926 927/1284/927 935/1285/935 934/1392/934
f 927/1284/927 928/2261/928 936/2260/936 935/1285/935
f 928/1280/928 921/1275/922 929/1279/930 936/1281/936
f 929/1279/930 930/1278/929 938/1406/937 937/1282/938
f 930/1278/929 931/1399/931 939/1402/939 938/1406/937
f 931/1399/931 932/1395/932 940/1397/940 939/1402/939
f 932/1395/932 933/1393/933 941/1396/941 940/1397/940
f 933/1393/933 934/1392/934 942/1292/942 941/1396/941
f 934/1392/934 935/1285/935 943/1288/943 942/1292/942
f 935/1285/935 936/2260/936 944/2259/944 943/1288/943
f 936/1281/936 929/1279/930 937/1282/938 944/1283/944
f 937/1282/938 938/1406/937 946/1407/945 945/1286/946
f 938/1406/937 939/1402/939 947/1403/947 946/1407/945
f 939/1402/939 940/1397/940 948/1401/948 947/1403/947
f 940/1397/940 941/1396/941 949/1400/949 948/1401/948
f 941/1396/941 942/1292/942 950/1293/950 949/1400/949
f 942/1292/942 943/1288/943 951/1289/951 950/1293/950
f 943/1288/943 944/2259/944 952/2258/952 951/1289/951
f 944/1283/944 937/1282/938 945/1286/946 952/1287/952
f 945/1286/946 946/1407/945 954/1410/953 953/1414/954
f 946/1407/945 947/1403/947 955/1405/955 954/1410/953
f 947/1403/947 948/1401/948 956/1404/956 955/1405/955
f 948/1401/948 949/1400/949 957/1300/957 956/1404/956
f 949/1400/949 950/1293/950 958/1296/958 957/1300/957
f 950/1293/950 951/1289/951 959/1291/959 958/1296/958
f 951/1289/951 952/2258/952 960/2257/960 959/1291/959
f 952/1287/952 945/1286/946 953/1414/954 960/1290/960
f 953/1414/954 954/1410/953 962/1411/961 961/1415/962
f 954/1410/953 955/1405/955 963/1409/963 962/1411/961
f 955/1405/955 956/1404/956 964/1408/964 963/1409/963
f 956/1404/956 957/1300/957 965/1301/965 964/1408/964
f 957/1300/957 958/1296/958 966/1297/966 965/1301/965
f 958/1296/958 959/1291/959 967/1295/967 966/1297/966
f 959/1291/959 960/2257/960 968/2256/968 967/1295/967
f 960/1290/960 953/1414/954 961/1415/962 968/1294/968
f 961/1415/962 962/1411/961 970/1413/969 969/1418/970
f 962/1411/961 963/1409/963 971/1412/971 970/1413/969
f 963/1409/963 964/1408/964 972/1308/972 971/1412/971
f 964/1408/964 965/1301/965 973/1304/973 972/1308/972
f 965/1301/965 966/1297/966 974/1299/974 973/1304/973
f 966/1297/966 967/1295/967 975/1298/975 974/1299/974
f 967/1295/967 968/2256/968 976/2255/976 975/1298/975
f 968/1294/968 961/1415/962 969/1418/970 976/1422/976
f 969/1418/970 970/1413/969 978/1417/977 977/1419/978
f 970/1413/969 971/1412/971 979/1416/979 978/1417/977
f 971/1412/971 972/1308/972 980/1309/980 979/1416/979
f 972/1308/972 973/1304/973 981/1305/981 980/1309/980
f 973/1304/973 974/1299/974 982/1303/982 981/1305/981
f 974/1299/974 975/1298/975 983/1302/983 982/1303/982
f 975/1298/975 976/2255/976 984/2254/984 983/1302/983
f 976/1422/976 969/1418/970 977/1419/978 984/1423/984
f 977/1419/978 978/1417/977 986/1420/985 985/1421/986
f 978/1417/977 979/1416/979 987/1316/987 986/1420/985
f 979/1416/979 980/1309/980 988/1312/988 987/1316/987
f 980/1309/980 981/1305/981 989/1307/989 988/1312/988
f 981/1305/981 982/1303/982 990/1306/990 989/1307/989
f 982/1303/982 983/1302/983 991/1429/991 990/1306/990
f 983/1302/983 984/2254/984 992/2253/992 991/1429/991
f 984/1423/984 977/1419/978 985/1421/986 992/1425/992
f 985/1421/986 986/1420/985 994/1321/993 993/1424/994
f 986/1420/985 987/1316/987 995/1317/995 994/1321/993
f 987/1316/987 988/1312/988 996/1313/996 995/1317/995
f 988/1312/988 989/1307/989 997/1311/997 996/1313/996
f 989/1307/989 990/1306/990 998/1310/998 997/1311/997
f 990/1306/990 991/1429/991 999/1430/999 998/1310/998
f 991/1429/991 992/2253/992 1000/2252/1000 999/1430/999
f 992/1425/992 985/1421/986 993/1424/994 1000/1426/1000
f 993/1424/994 994/1321/993 1002/1322/1001 1001/1427/1002
f 994/1321/993 995/1317/995 1003/1318/1003 1002/1322/1001
f 995/1317/995 996/1313/996 1004/1315/1004 1003/1318/1003
f 996/1313/996 997/1311/997 1005/1314/1005 1004/1315/1004
f 997/1311/997 998/1310/998 1006/1432/1006 1005/1314/1005
f 998/1310/998 999/1430/999 1007/1431/1007 1006/1432/1006
f 999/1430/999 1000/2252/1000 1008/2251/1008 1007/1431/1007
f 1000/1426/1000 993/1424/994 1001/1427/1002 1008/1428/1008
f 1001/1427/1002 1002/1322/1001 1010/365/1009 1009/364/1010
f 1002/1322/1001 1003/1318/1003 1011/1320/1011 1010/365/1009
f 1003/1318/1003 1004/1315/1004 1012/1319/1012 1011/1320/1011
f 1004/1315/1004 1005/1314/1005 1013/374/1013 1012/1319/1012
f 1005/1314/1005 1006/1432/1006 1014/372/1014 1013/374/1013
f 1006/1432/1006 1007/1431/1007 1015/370/1015 1014/372/1014
f 1007/1431/1007 1008/2251/1008 1016/2250/1016 1015/370/1015
f 1008/1428/1008 1001/1427/1002 1009/364/1010 1016/368/1016
f 1009/364/1010 1010/365/1009 1018/366/1017 1017/367/1018
f 1010/365/1009 1011/1320/1011 1019/1324/1019 1018/366/1017
f 1011/1320/1011 1012/1319/1012 1020/1323/1020 1019/1324/1019
f 1012/1319/1012 1013/374/1013 1021/375/1021 1020/1323/1020
f 1013/374/1013 1014/372/1014 1022/373/1022 1021/375/1021
f 1014/372/1014 1015/370/1015 1023/371/1023 1022/373/1022
f 1015/370/1015 1016/2250/1016 1024/2249/1024 1023/371/1023
f 1016/368/1016 1009/364/1010 1017/367/1018 1024/369/1024
f 1017/367/1018 1018/366/1017 1026/1326/1025 1025/1329/1026
f 1018/366/1017 1019/1324/1019 1027/1325/1027 1026/1326/1025
f 1019/1324/1019 1020/1323/1020 1028/1439/1028 1027/1325/1027
f 1020/1323/1020 1021/375/1021 1029/1434/1029 1028/1439/1028
f 1021/375/1021 1022/373/1022 1030/1433/1030 1029/1434/1029
f 1022/373/1022 1023/371/1023 1031/1435/1031 1030/1433/1030
f 1023/371/1023 1024/2249/1024 1032/2248/1032 1031/1435/1031
f 1024/369/1024 1017/367/1018 1025/1329/1026 1032/1333/1032
f 1025/1329/1026 1026/1326/1025 1034/1328/1033 1033/1330/1034
f 1026/1326/1025 1027/1325/1027 1035/1327/1035 1034/1328/1033
f 1027/1325/1027 1028/1439/1028 1036/1440/1036 1035/1327/1035
f 1028/1439/1028 1029/1434/1029 1037/1437/1037 1036/1440/1036
f 1029/1434/1029 1030/1433/1030 1038/1436/1038 1037/1437/1037
f 1030/1433/1030 1031/1435/1031 1039/1338/1039 1038/1436/1038
f 1031/1435/1031 1032/2248/1032 1040/2247/1040 1039/1338/1039
f 1032/1333/1032 1025/1329/1026 1033/1330/1034 1040/1334/1040
f 1033/1330/1034 1034/1328/1033 1042/1331/1041 1041/1332/1042
f 1034/1328/1033 1035/1327/1035 1043/1444/1043 1042/1331/1041
f 1035/1327/1035 1036/1440/1036 1044/1441/1044 1043/1444/1043
f 1036/1440/1036 1037/1437/1037 1045/1438/1045 1044/1441/1044
f 1037/1437/1037 1038/1436/1038 1046/1341/1046 1045/1438/1045
f 1038/1436/1038 1039/1338/1039 1047/1339/1047 1046/1341/1046
f 1039/1338/1039 1040/2247/1040 1048/2245/1048 1047/1339/1047
f 1040/1334/1040 1033/1330/1034 1041/1332/1042 1048/1335/1048
f 1041/1332/1042 1042/1331/1041 1050/1446/1049 1049/1336/1050
f 1042/1331/1041 1043/1444/1043 1051/1445/1051 1050/1446/1049
f 1043/1444/1043 1044/1441/1044 1052/1443/1052 1051/1445/1051
f 1044/1441/1044 1045/1438/1045 1053/1442/1053 1052/1443/1052
f 1045/1438/1045 1046/1341/1046 1054/1342/1054 1053/1442/1053
f 1046/1341/1046 1047/1339/1047 1055/1340/1055 1054/1342/1054
f 1047/1339/1047 1048/2245/1048 1056/2246/1056 1055/1340/1055
f 1048/1335/1048 1041/1332/1042 1049/1336/1050 1056/1337/1056
s 3
f 1057/2244/1057 1058/2098/1058 1066/1458/1059 1065/1496/1060
f 1058/2098/1058 1059/1447/1061 1067/1450/1062 1066/1458/1059
f 1059/1447/1061 1060/1448/1063 1068/1449/1064 1067/1450/1062
f 1060/1448/1063 1061/1451/1065 1069/1452/1066 1068/1449/1064
f 1061/1451/1065 1062/2099/1067 1070/1501/1068 1069/1452/1066
f 1062/2099/1067 1063/1491/1069 1071/1494/1070 1070/1501/1068
f 1063/1491/1069 1064/1492/1071 1072/1493/1072 1071/1494/1070
f 1064/1492/1071 1057/1495/1057 1065/2243/1060 1072/1493/1072
f 1065/1496/1060 1066/1458/1059 1074/1459/1073 1073/1464/1074
f 1066/1458/1059 1067/1450/1062 1075/1454/1075 1074/1459/1073
f 1067/1450/1062 1068/1449/1064 1076/1453/1076 1075/1454/1075
f 1068/1449/1064 1069/1452/1066 1077/1455/1077 1076/1453/1076
f 1069/1452/1066 1070/1501/1068 1078/1502/1078 1077/1455/1077
f 1070/1501/1068 1071/1494/1070 1079/1498/1079 1078/1502/1078
f 1071/1494/1070 1072/1493/1072 1080/1497/1080 1079/1498/1079
f 1072/1493/1072 1065/2243/1060 1073/2242/1074 1080/1497/1080
f 1073/1464/1074 1074/1459/1073 1082/1462/1081 1081/1465/1082
f 1074/1459/1073 1075/1454/1075 1083/1457/1083 1082/1462/1081
f 1075/1454/1075 1076/1453/1076 1084/1456/1084 1083/1457/1083
f 1076/1453/1076 1077/1455/1077 1085/1506/1085 1084/1456/1084
f 1077/1455/1077 1078/1502/1078 1086/1504/1086 1085/1506/1085
f 1078/1502/1078 1079/1498/1079 1087/1500/1087 1086/1504/1086
f 1079/1498/1079 1080/1497/1080 1088/1499/1088 1087/1500/1087
f 1080/1497/1080 1073/2242/1074 1081/2241/1082 1088/1499/1088
f 1081/1465/1082 1082/1462/1081 1090/1463/1089 1089/1468/1090
f 1082/1462/1081 1083/1457/1083 1091/1461/1091 1090/1463/1089
f 1083/1457/1083 1084/1456/1084 1092/1460/1092 1091/1461/1091
f 1084/1456/1084 1085/1506/1085 1093/1509/1093 1092/1460/1092
f 1085/1506/1085 1086/1504/1086 1094/1505/1094 1093/1509/1093
f 1086/1504/1086 1087/1500/1087 1095/1503/1095 1094/1505/1094
f 1087/1500/1087 1088/1499/1088 1096/1472/1096 1095/1503/1095
f 1088/1499/1088 1081/2241/1082 1089/2240/1090 1096/1472/1096
f 1089/1468/1090 1090/1463/1089 1098/1467/1097 1097/1469/1098
f 1090/1463/1089 1091/1461/1091 1099/1466/1099 1098/1467/1097
f 1091/1461/1091 1092/1460/1092 1100/1513/1100 1099/1466/1099
f 1092/1460/1092 1093/1509/1093 1101/1510/1101 1100/1513/1100
f 1093/1509/1093 1094/1505/1094 1102/1508/1102 1101/1510/1101
f 1094/1505/1094 1095/1503/1095 1103/1507/1103 1102/1508/1102
f 1095/1503/1095 1096/1472/1096 1104/1473/1104 1103/1507/1103
f 1096/1472/1096 1089/2240/1090 1097/2239/1098 1104/1473/1104
f 1097/1469/1098 1098/1467/1097 1106/1470/1105 1105/1471/1106
f 1098/1467/1097 1099/1466/1099 1107/1520/1107 1106/1470/1105
f 1099/1466/1099 1100/1513/1100 1108/1516/1108 1107/1520/1107
f 1100/1513/1100 1101/1510/1101 1109/1512/1109 1108/1516/1108
f 1101/1510/1101 1102/1508/1102 1110/1511/1110 1109/1512/1109
f 1102/1508/1102 1103/1507/1103 1111/1480/1111 1110/1511/1110
f 1103/1507/1103 1104/1473/1104 1112/1476/1112 1111/1480/1111
f 1104/1473/1104 1097/2239/1098 1105/2238/1106 1112/1476/1112
f 1105/1471/1106 1106/1470/1105 1114/1474/1113 1113/1475/1114
f 1106/1470/1105 1107/1520/1107 1115/1521/1115 1114/1474/1113
f 1107/1520/1107 1108/1516/1108 1116/1517/1116 1115/1521/1115
f 1108/1516/1108 1109/1512/1109 1117/1515/1117 1116/1517/1116
f 1109/1512/1109 1110/1511/1110 1118/1514/1118 1117/1515/1117
f 1110/1511/1110 1111/1480/1111 1119/1481/1119 1118/1514/1118
f 1111/1480/1111 1112/1476/1112 1120/1477/1120 1119/1481/1119
f 1112/1476/1112 1105/2238/1106 1113/2237/1114 1120/1477/1120
f 1113/1475/1114 1114/1474/1113 1122/1526/1121 1121/1478/1122
f 1114/1474/1113 1115/1521/1115 1123/1523/1123 1122/1526/1121
f 1115/1521/1115 1116/1517/1116 1124/1519/1124 1123/1523/1123
f 1116/1517/1116 1117/1515/1117 1125/1518/1125 1124/1519/1124
f 1117/1515/1117 1118/1514/1118 1126/1487/1126 1125/1518/1125
f 1118/1514/1118 1119/1481/1119 1127/1484/1127 1126/1487/1126
f 1119/1481/1119 1120/1477/1120 1128/1479/1128 1127/1484/1127
f 1120/1477/1120 1113/2237/1114 1121/2236/1122 1128/1479/1128
f 1121/1478/1122 1122/1526/1121 1130/1527/1129 1129/1482/1130
f 1122/1526/1121 1123/1523/1123 1131/1524/1131 1130/1527/1129
f 1123/1523/1123 1124/1519/1124 1132/1522/1132 1131/1524/1131
f 1124/1519/1124 1125/1518/1125 1133/1490/1133 1132/1522/1132
f 1125/1518/1125 1126/1487/1126 1134/1488/1134 1133/1490/1133
f 1126/1487/1126 1127/1484/1127 1135/1485/1135 1134/1488/1134
f 1127/1484/1127 1128/1479/1128 1136/1483/1136 1135/1485/1135
f 1128/1479/1128 1121/2236/1122 1129/2235/1130 1136/1483/1136
f 1129/1482/1130 1130/1527/1129 1138/477/1137 1137/470/1138
f 1130/1527/1129 1131/1524/1131 1139/1525/1139 1138/477/1137
f 1131/1524/1131 1132/1522/1132 1140/411/1140 1139/1525/1139
f 1132/1522/1132 1133/1490/1133 1141/412/1141 1140/411/1140
f 1133/1490/1133 1134/1488/1134 1142/419/1142 1141/412/1141
f 1134/1488/1134 1135/1485/1135 1143/1486/1143 1142/419/1142
f 1135/1485/1135 1136/1483/1136 1144/469/1144 1143/1486/1143
f 1136/1483/1136 1129/2235/1130 1137/2234/1138 1144/469/1144
f 1137/470/1138 1138/477/1137 1146/471/1145 1145/463/1146
f 1138/477/1137 1139/1525/1139 1147/1528/1147 1146/471/1145
f 1139/1525/1139 1140/411/1140 1148/405/1148 1147/1528/1147
f 1140/411/1140 1141/412/1141 1149/406/1149 1148/405/1148
f 1141/412/1141 1142/419/1142 1150/413/1150 1149/406/1149
f 1142/419/1142 1143/1486/1143 1151/1489/1151 1150/413/1150
f 1143/1486/1143 1144/469/1144 1152/462/1152 1151/1489/1151
f 1144/469/1144 1137/2234/1138 1145/2233/1146 1152/462/1152
f 1145/463/1146 1146/471/1145 1154/472/1153 1153/458/1154
f 1146/471/1145 1147/1528/1147 1155/392/1155 1154/472/1153
f 1147/1528/1147 1148/405/1148 1156/393/1156 1155/392/1155
f 1148/405/1148 1149/406/1149 1157/400/1157 1156/393/1156
f 1149/406/1149 1150/413/1150 1158/414/1158 1157/400/1157
f 1150/413/1150 1151/1489/1151 1159/450/1159 1158/414/1158
f 1151/1489/1151 1152/462/1152 1160/451/1160 1159/450/1159
f 1152/462/1152 1145/2233/1146 1153/2232/1154 1160/451/1160
f 1153/458/1154 1154/472/1153 1162/380/1161 1161/452/1162
f 1154/472/1153 1155/392/1155 1163/381/1163 1162/380/1161
f 1155/392/1155 1156/393/1156 1164/386/1164 1163/381/1163
f 1156/393/1156 1157/400/1157 1165/394/1165 1164/386/1164
f 1157/400/1157 1158/414/1158 1166/438/1166 1165/394/1165
f 1158/414/1158 1159/450/1159 1167/439/1167 1166/438/1166
f 1159/450/1159 1160/451/1160 1168/444/1168 1167/439/1167
f 1160/451/1160 1153/2232/1154 1161/2231/1162 1168/444/1168
f 1161/452/1162 1162/380/1161 1170/376/1169 1169/453/1170
f 1162/380/1161 1163/381/1163 1171/377/1171 1170/376/1169
f 1163/381/1163 1164/386/1164 1172/382/1172 1171/377/1171
f 1164/386/1164 1165/394/1165 1173/395/1173 1172/382/1172
f 1165/394/1165 1166/438/1166 1174/434/1174 1173/395/1173
f 1166/438/1166 1167/439/1167 1175/435/1175 1174/434/1174
f 1167/439/1167 1168/444/1168 1176/440/1176 1175/435/1175
f 1168/444/1168 1161/2231/1162 1169/2230/1170 1176/440/1176
f 1169/453/1170 1170/376/1169 1178/379/1177 1177/390/1178
f 1170/376/1169 1171/377/1171 1179/378/1179 1178/379/1177
f 1171/377/1171 1172/382/1172 1180/383/1180 1179/378/1179
f 1172/382/1172 1173/395/1173 1181/448/1181 1180/383/1180
f 1173/395/1173 1174/434/1174 1182/437/1182 1181/448/1181
f 1174/434/1174 1175/435/1175 1183/436/1183 1182/437/1182
f 1175/435/1175 1176/440/1176 1184/441/1184 1183/436/1183
f 1176/440/1176 1169/2230/1170 1177/2229/1178 1184/441/1184
f 1177/390/1178 1178/379/1177 1186/385/1185 1185/391/1186
f 1178/379/1177 1179/378/1179 1187/384/1187 1186/385/1185
f 1179/378/1179 1180/383/1180 1188/387/1188 1187/384/1187
f 1180/383/1180 1181/448/1181 1189/449/1189 1188/387/1188
f 1181/448/1181 1182/437/1182 1190/443/1190 1189/449/1189
f 1182/437/1182 1183/436/1183 1191/442/1191 1190/443/1190
f 1183/436/1183 1184/441/1184 1192/445/1192 1191/442/1191
f 1184/441/1184 1177/2229/1178 1185/2228/1186 1192/445/1192
f 1185/391/1186 1186/385/1185 1194/389/1193 1193/399/1194
f 1186/385/1185 1187/384/1187 1195/388/1195 1194/389/1193
f 1187/384/1187 1188/387/1188 1196/396/1196 1195/388/1195
f 1188/387/1188 1189/449/1189 1197/457/1197 1196/396/1196
f 1189/449/1189 1190/443/1190 1198/447/1198 1197/457/1197
f 1190/443/1190 1191/442/1191 1199/446/1199 1198/447/1198
f 1191/442/1191 1192/445/1192 1200/454/1200 1199/446/1199
f 1192/445/1192 1185/2228/1186 1193/2227/1194 1200/454/1200
f 1193/399/1194 1194/389/1193 1202/398/1201 1201/404/1202
f 1194/389/1193 1195/388/1195 1203/397/1203 1202/398/1201
f 1195/388/1195 1196/396/1196 1204/401/1204 1203/397/1203
f 1196/396/1196 1197/457/1197 1205/461/1205 1204/401/1204
f 1197/457/1197 1198/447/1198 1206/456/1206 1205/461/1205
f 1198/447/1198 1199/446/1199 1207/455/1207 1206/456/1206
f 1199/446/1199 1200/454/1200 1208/464/1208 1207/455/1207
f 1200/454/1200 1193/2227/1194 1201/2226/1202 1208/464/1208
f 1201/404/1202 1202/398/1201 1210/403/1209 1209/410/1210
f 1202/398/1201 1203/397/1203 1211/402/1211 1210/403/1209
f 1203/397/1203 1204/401/1204 1212/407/1212 1211/402/1211
f 1204/401/1204 1205/461/1205 1213/468/1213 1212/407/1212
f 1205/461/1205 1206/456/1206 1214/460/1214 1213/468/1213
f 1206/456/1206 1207/455/1207 1215/459/1215 1214/460/1214
f 1207/455/1207 1208/464/1208 1216/465/1216 1215/459/1215
f 1208/464/1208 1201/2226/1202 1209/2225/1210 1216/465/1216
f 1209/410/1210 1210/403/1209 1218/409/1217 1217/418/1218
f 1210/403/1209 1211/402/1211 1219/408/1219 1218/409/1217
f 1211/402/1211 1212/407/1212 1220/415/1220 1219/408/1219
f 1212/407/1212 1213/468/1213 1221/476/1221 1220/415/1220
f 1213/468/1213 1214/460/1214 1222/467/1222 1221/476/1221
f 1214/460/1214 1215/459/1215 1223/466/1223 1222/467/1222
f 1215/459/1215 1216/465/1216 1224/473/1224 1223/466/1223
f 1216/465/1216 1209/2225/1210 1217/2224/1218 1224/473/1224
f 1217/418/1218 1218/409/1217 1226/417/1225 1225/422/1226
f 1218/409/1217 1219/408/1219 1227/416/1227 1226/417/1225
f 1219/408/1219 1220/415/1220 1228/484/1228 1227/416/1227
f 1220/415/1220 1221/476/1221 1229/480/1229 1228/484/1228
f 1221/476/1221 1222/467/1222 1230/475/1230 1229/480/1229
f 1222/467/1222 1223/466/1223 1231/474/1231 1230/475/1230
f 1223/466/1223 1224/473/1224 1232/426/1232 1231/474/1231
f 1224/473/1224 1217/2224/1218 1225/2223/1226 1232/426/1232
f 1225/422/1226 1226/417/1225 1234/421/1233 1233/423/1234
f 1226/417/1225 1227/416/1227 1235/420/1235 1234/421/1233
f 1227/416/1227 1228/484/1228 1236/485/1236 1235/420/1235
f 1228/484/1228 1229/480/1229 1237/481/1237 1236/485/1236
f 1229/480/1229 1230/475/1230 1238/479/1238 1237/481/1237
f 1230/475/1230 1231/474/1231 1239/478/1239 1238/479/1238
f 1231/474/1231 1232/426/1232 1240/427/1240 1239/478/1239
f 1232/426/1232 1225/2223/1226 1233/2222/1234 1240/427/1240
f 1233/423/1234 1234/421/1233 1242/424/1241 1241/425/1242
f 1234/421/1233 1235/420/1235 1243/1529/1243 1242/424/1241
f 1235/420/1235 1236/485/1236 1244/488/1244 1243/1529/1243
f 1236/485/1236 1237/481/1237 1245/483/1245 1244/488/1244
f 1237/481/1237 1238/479/1238 1246/482/1246 1245/483/1245
f 1238/479/1238 1239/478/1239 1247/1531/1247 1246/482/1246
f 1239/478/1239 1240/427/1240 1248/430/1248 1247/1531/1247
f 1240/427/1240 1233/2222/1234 1241/2221/1242 1248/430/1248
f 1241/425/1242 1242/424/1241 1250/428/1249 1249/429/1250
f 1242/424/1241 1243/1529/1243 1251/1530/1251 1250/428/1249
f 1243/1529/1243 1244/488/1244 1252/489/1252 1251/1530/1251
f 1244/488/1244 1245/483/1245 1253/487/1253 1252/489/1252
f 1245/483/1245 1246/482/1246 1254/486/1254 1253/487/1253
f 1246/482/1246 1247/1531/1247 1255/1532/1255 1254/486/1254
f 1247/1531/1247 1248/430/1248 1256/431/1256 1255/1532/1255
f 1248/430/1248 1241/2221/1242 1249/2220/1250 1256/431/1256
f 1249/429/1250 1250/428/1249 1258/1533/1257 1257/432/1258
f 1250/428/1249 1251/1530/1251 1259/1558/1259 1258/1533/1257
f 1251/1530/1251 1252/489/1252 1260/491/1260 1259/1558/1259
f 1252/489/1252 1253/487/1253 1261/490/1261 1260/491/1260
f 1253/487/1253 1254/486/1254 1262/1552/1262 1261/490/1261
f 1254/486/1254 1255/1532/1255 1263/1539/1263 1262/1552/1262
f 1255/1532/1255 1256/431/1256 1264/433/1264 1263/1539/1263
f 1256/431/1256 1249/2220/1250 1257/2219/1258 1264/433/1264
f 1257/432/1258 1258/1533/1257 1266/1534/1265 1265/1535/1266
f 1258/1533/1257 1259/1558/1259 1267/1559/1267 1266/1534/1265
f 1259/1558/1259 1260/491/1260 1268/1555/1268 1267/1559/1267
f 1260/491/1260 1261/490/1261 1269/1554/1269 1268/1555/1268
f 1261/490/1261 1262/1552/1262 1270/1553/1270 1269/1554/1269
f 1262/1552/1262 1263/1539/1263 1271/1540/1271 1270/1553/1270
f 1263/1539/1263 1264/433/1264 1272/1536/1272 1271/1540/1271
f 1264/433/1264 1257/2219/1258 1265/2218/1266 1272/1536/1272
f 1265/1535/1266 1266/1534/1265 1274/1564/1273 1273/1537/1274
f 1266/1534/1265 1267/1559/1267 1275/1561/1275 1274/1564/1273
f 1267/1559/1267 1268/1555/1268 1276/1557/1276 1275/1561/1275
f 1268/1555/1268 1269/1554/1269 1277/1556/1277 1276/1557/1276
f 1269/1554/1269 1270/1553/1270 1278/1547/1278 1277/1556/1277
f 1270/1553/1270 1271/1540/1271 1279/1543/1279 1278/1547/1278
f 1271/1540/1271 1272/1536/1272 1280/1538/1280 1279/1543/1279
f 1272/1536/1272 1265/2218/1266 1273/2217/1274 1280/1538/1280
f 1273/1537/1274 1274/1564/1273 1282/1565/1281 1281/1541/1282
f 1274/1564/1273 1275/1561/1275 1283/1562/1283 1282/1565/1281
f 1275/1561/1275 1276/1557/1276 1284/1560/1284 1283/1562/1283
f 1276/1557/1276 1277/1556/1277 1285/1551/1285 1284/1560/1284
f 1277/1556/1277 1278/1547/1278 1286/1548/1286 1285/1551/1285
f 1278/1547/1278 1279/1543/1279 1287/1544/1287 1286/1548/1286
f 1279/1543/1279 1280/1538/1280 1288/1542/1288 1287/1544/1287
f 1280/1538/1280 1273/2217/1274 1281/2216/1282 1288/1542/1288
f 1281/1541/1282 1282/1565/1281 1290/1566/1289 1289/1568/1290
f 1282/1565/1281 1283/1562/1283 1291/1563/1291 1290/1566/1289
f 1283/1562/1283 1284/1560/1284 1292/529/1292 1291/1563/1291
f 1284/1560/1284 1285/1551/1285 1293/530/1293 1292/529/1292
f 1285/1551/1285 1286/1548/1286 1294/1549/1294 1293/530/1293
f 1286/1548/1286 1287/1544/1287 1295/1546/1295 1294/1549/1294
f 1287/1544/1287 1288/1542/1288 1296/1545/1296 1295/1546/1295
f 1288/1542/1288 1281/2216/1282 1289/2215/1290 1296/1545/1296
f 1289/1568/1290 1290/1566/1289 1298/1567/1297 1297/565/1298
f 1290/1566/1289 1291/1563/1291 1299/519/1299 1298/1567/1297
f 1291/1563/1291 1292/529/1292 1300/520/1300 1299/519/1299
f 1292/529/1292 1293/530/1293 1301/527/1301 1300/520/1300
f 1293/530/1293 1294/1549/1294 1302/1550/1302 1301/527/1301
f 1294/1549/1294 1295/1546/1295 1303/557/1303 1302/1550/1302
f 1295/1546/1295 1296/1545/1296 1304/558/1304 1303/557/1303
f 1296/1545/1296 1289/2215/1290 1297/2214/1298 1304/558/1304
f 1297/565/1298 1298/1567/1297 1306/509/1305 1305/559/1306
f 1298/1567/1297 1299/519/1299 1307/510/1307 1306/509/1305
f 1299/519/1299 1300/520/1300 1308/517/1308 1307/510/1307
f 1300/520/1300 1301/527/1301 1309/521/1309 1308/517/1308
f 1301/527/1301 1302/1550/1302 1310/548/1310 1309/521/1309
f 1302/1550/1302 1303/557/1303 1311/549/1311 1310/548/1310
f 1303/557/1303 1304/558/1304 1312/554/1312 1311/549/1311
f 1304/558/1304 1297/2214/1298 1305/2213/1306 1312/554/1312
f 1305/559/1306 1306/509/1305 1314/505/1313 1313/560/1314
f 1306/509/1305 1307/510/1307 1315/506/1315 1314/505/1313
f 1307/510/1307 1308/517/1308 1316/511/1316 1315/506/1315
f 1308/517/1308 1309/521/1309 1317/522/1317 1316/511/1316
f 1309/521/1309 1310/548/1310 1318/544/1318 1317/522/1317
f 1310/548/1310 1311/549/1311 1319/545/1319 1318/544/1318
f 1311/549/1311 1312/554/1312 1320/550/1320 1319/545/1319
f 1312/554/1312 1305/2213/1306 1313/2212/1314 1320/550/1320
f 1313/560/1314 1314/505/1313 1322/497/1321 1321/496/1322
f 1314/505/1313 1315/506/1315 1323/502/1323 1322/497/1321
f 1315/506/1315 1316/511/1316 1324/512/1324 1323/502/1323
f 1316/511/1316 1317/522/1317 1325/535/1325 1324/512/1324
f 1317/522/1317 1318/544/1318 1326/536/1326 1325/535/1325
f 1318/544/1318 1319/545/1319 1327/541/1327 1326/536/1326
f 1319/545/1319 1320/550/1320 1328/551/1328 1327/541/1327
f 1320/550/1320 1313/2212/1314 1321/2211/1322 1328/551/1328
f 1321/496/1322 1322/497/1321 1330/493/1329 1329/492/1330
f 1322/497/1321 1323/502/1323 1331/503/1331 1330/493/1329
f 1323/502/1323 1324/512/1324 1332/539/1332 1331/503/1331
f 1324/512/1324 1325/535/1325 1333/531/1333 1332/539/1332
f 1325/535/1325 1326/536/1326 1334/532/1334 1333/531/1333
f 1326/536/1326 1327/541/1327 1335/542/1335 1334/532/1334
f 1327/541/1327 1328/551/1328 1336/500/1336 1335/542/1335
f 1328/551/1328 1321/2211/1322 1329/2210/1330 1336/500/1336
f 1329/492/1330 1330/493/1329 1338/494/1337 1337/495/1338
f 1330/493/1329 1331/503/1331 1339/1569/1339 1338/494/1337
f 1331/503/1331 1332/539/1332 1340/540/1340 1339/1569/1339
f 1332/539/1332 1333/531/1333 1341/534/1341 1340/540/1340
f 1333/531/1333 1334/532/1334 1342/533/1342 1341/534/1341
f 1334/532/1334 1335/542/1335 1343/1570/1343 1342/533/1342
f 1335/542/1335 1336/500/1336 1344/501/1344 1343/1570/1343
f 1336/500/1336 1329/2210/1330 1337/2209/1338 1344/501/1344
f 1337/495/1338 1338/494/1337 1346/498/1345 1345/499/1346
f 1338/494/1337 1339/1569/1339 1347/552/1347 1346/498/1345
f 1339/1569/1339 1340/540/1340 1348/543/1348 1347/552/1347
f 1340/540/1340 1341/534/1341 1349/538/1349 1348/543/1348
f 1341/534/1341 1342/533/1342 1350/537/1350 1349/538/1349
f 1342/533/1342 1343/1570/1343 1351/515/1351 1350/537/1350
f 1343/1570/1343 1344/501/1344 1352/504/1352 1351/515/1351
f 1344/501/1344 1337/2209/1338 1345/2208/1346 1352/504/1352
f 1345/499/1346 1346/498/1345 1354/563/1353 1353/507/1354
f 1346/498/1345 1347/552/1347 1355/553/1355 1354/563/1353
f 1347/552/1347 1348/543/1348 1356/547/1356 1355/553/1355
f 1348/543/1348 1349/538/1349 1357/546/1357 1356/547/1356
f 1349/538/1349 1350/537/1350 1358/525/1358 1357/546/1357
f 1350/537/1350 1351/515/1351 1359/516/1359 1358/525/1358
f 1351/515/1351 1352/504/1352 1360/508/1360 1359/516/1359
f 1352/504/1352 1345/2208/1346 1353/2207/1354 1360/508/1360
f 1353/507/1354 1354/563/1353 1362/564/1361 1361/513/1362
f 1354/563/1353 1355/553/1355 1363/556/1363 1362/564/1361
f 1355/553/1355 1356/547/1356 1364/555/1364 1363/556/1363
f 1356/547/1356 1357/546/1357 1365/1571/1365 1364/555/1364
f 1357/546/1357 1358/525/1358 1366/526/1366 1365/1571/1365
f 1358/525/1358 1359/516/1359 1367/518/1367 1366/526/1366
f 1359/516/1359 1360/508/1360 1368/514/1368 1367/518/1367
f 1360/508/1360 1353/2207/1354 1361/2206/1362 1368/514/1368
f 1361/513/1362 1362/564/1361 1370/566/1369 1369/1680/1370
f 1362/564/1361 1363/556/1363 1371/562/1371 1370/566/1369
f 1363/556/1363 1364/555/1364 1372/561/1372 1371/562/1371
f 1364/555/1364 1365/1571/1365 1373/1572/1373 1372/561/1372
f 1365/1571/1365 1366/526/1366 1374/528/1374 1373/1572/1373
f 1366/526/1366 1367/518/1367 1375/524/1375 1374/528/1374
f 1367/518/1367 1368/514/1368 1376/523/1376 1375/524/1375
f 1368/514/1368 1361/2206/1362 1369/2205/1370 1376/523/1376
f 1369/1680/1370 1370/566/1369 1378/1578/1377 1377/1582/1378
f 1370/566/1369 1371/562/1371 1379/1575/1379 1378/1578/1377
f 1371/562/1371 1372/561/1372 1380/1574/1380 1379/1575/1379
f 1372/561/1372 1373/1572/1373 1381/1573/1381 1380/1574/1380
f 1373/1572/1373 1374/528/1374 1382/1685/1382 1381/1573/1381
f 1374/528/1374 1375/524/1375 1383/1682/1383 1382/1685/1382
f 1375/524/1375 1376/523/1376 1384/1681/1384 1383/1682/1383
f 1376/523/1376 1369/2205/1370 1377/2204/1378 1384/1681/1384
f 1377/1582/1378 1378/1578/1377 1386/1579/1385 1385/1583/1386
f 1378/1578/1377 1379/1575/1379 1387/1577/1387 1386/1579/1385
f 1379/1575/1379 1380/1574/1380 1388/1576/1388 1387/1577/1387
f 1380/1574/1380 1381/1573/1381 1389/1689/1389 1388/1576/1388
f 1381/1573/1381 1382/1685/1382 1390/1686/1390 1389/1689/1389
f 1382/1685/1382 1383/1682/1383 1391/1684/1391 1390/1686/1390
f 1383/1682/1383 1384/1681/1384 1392/1683/1392 1391/1684/1391
f 1384/1681/1384 1377/2204/1378 1385/2203/1386 1392/1683/1392
f 1385/1583/1386 1386/1579/1385 1394/1581/1393 1393/1586/1394
f 1386/1579/1385 1387/1577/1387 1395/1580/1395 1394/1581/1393
f 1387/1577/1387 1388/1576/1388 1396/2100/1396 1395/1580/1395
f 1388/1576/1388 1389/1689/1389 1397/1692/1397 1396/2100/1396
f 1389/1689/1389 1390/1686/1390 1398/1688/1398 1397/1692/1397
f 1390/1686/1390 1391/1684/1391 1399/1687/1399 1398/1688/1398
f 1391/1684/1391 1392/1683/1392 1400/2101/1400 1399/1687/1399
f 1392/1683/1392 1385/2203/1386 1393/2202/1394 1400/2101/1400
f 1393/1586/1394 1394/1581/1393 1402/1585/1401 1401/1589/1402
f 1394/1581/1393 1395/1580/1395 1403/1584/1403 1402/1585/1401
f 1395/1580/1395 1396/2100/1396 1404/1698/1404 1403/1584/1403
f 1396/2100/1396 1397/1692/1397 1405/1693/1405 1404/1698/1404
f 1397/1692/1397 1398/1688/1398 1406/1691/1406 1405/1693/1405
f 1398/1688/1398 1399/1687/1399 1407/1690/1407 1406/1691/1406
f 1399/1687/1399 1400/2101/1400 1408/1593/1408 1407/1690/1407
f 1400/2101/1400 1393/2202/1394 1401/2201/1402 1408/1593/1408
f 1401/1589/1402 1402/1585/1401 1410/1588/1409 1409/1590/1410
f 1402/1585/1401 1403/1584/1403 1411/1587/1411 1410/1588/1409
f 1403/1584/1403 1404/1698/1404 1412/1699/1412 1411/1587/1411
f 1404/1698/1404 1405/1693/1405 1413/1695/1413 1412/1699/1412
f 1405/1693/1405 1406/1691/1406 1414/1694/1414 1413/1695/1413
f 1406/1691/1406 1407/1690/1407 1415/2102/1415 1414/1694/1414
f 1407/1690/1407 1408/1593/1408 1416/1594/1416 1415/2102/1415
f 1408/1593/1408 1401/2201/1402 1409/2200/1410 1416/1594/1416
f 1409/1590/1410 1410/1588/1409 1418/1591/1417 1417/1592/1418
f 1410/1588/1409 1411/1587/1411 1419/1705/1419 1418/1591/1417
f 1411/1587/1411 1412/1699/1412 1420/1701/1420 1419/1705/1419
f 1412/1699/1412 1413/1695/1413 1421/1697/1421 1420/1701/1420
f 1413/1695/1413 1414/1694/1414 1422/1696/1422 1421/1697/1421
f 1414/1694/1414 1415/2102/1415 1423/1601/1423 1422/1696/1422
f 1415/2102/1415 1416/1594/1416 1424/1597/1424 1423/1601/1423
f 1416/1594/1416 1409/2200/1410 1417/2199/1418 1424/1597/1424
f 1417/1592/1418 1418/1591/1417 1426/1595/1425 1425/1596/1426
f 1418/1591/1417 1419/1705/1419 1427/1706/1427 1426/1595/1425
f 1419/1705/1419 1420/1701/1420 1428/1702/1428 1427/1706/1427
f 1420/1701/1420 1421/1697/1421 1429/1700/1429 1428/1702/1428
f 1421/1697/1421 1422/1696/1422 1430/1607/1430 1429/1700/1429
f 1422/1696/1422 1423/1601/1423 1431/1602/1431 1430/1607/1430
f 1423/1601/1423 1424/1597/1424 1432/1598/1432 1431/1602/1431
f 1424/1597/1424 1417/2199/1418 1425/2198/1426 1432/1598/1432
f 1425/1596/1426 1426/1595/1425 1434/1711/1433 1433/1599/1434
f 1426/1595/1425 1427/1706/1427 1435/1709/1435 1434/1711/1433
f 1427/1706/1427 1428/1702/1428 1436/1704/1436 1435/1709/1435
f 1428/1702/1428 1429/1700/1429 1437/1703/1437 1436/1704/1436
f 1429/1700/1429 1430/1607/1430 1438/1608/1438 1437/1703/1437
f 1430/1607/1430 1431/1602/1431 1439/1605/1439 1438/1608/1438
f 1431/1602/1431 1432/1598/1432 1440/1600/1440 1439/1605/1439
f 1432/1598/1432 1425/2198/1426 1433/2197/1434 1440/1600/1440
f 1433/1599/1434 1434/1711/1433 1442/1714/1441 1441/1603/1442
f 1434/1711/1433 1435/1709/1435 1443/1710/1443 1442/1714/1441
f 1435/1709/1435 1436/1704/1436 1444/1708/1444 1443/1710/1443
f 1436/1704/1436 1437/1703/1437 1445/1707/1445 1444/1708/1444
f 1437/1703/1437 1438/1608/1438 1446/1611/1446 1445/1707/1445
f 1438/1608/1438 1439/1605/1439 1447/1606/1447 1446/1611/1446
f 1439/1605/1439 1440/1600/1440 1448/1604/1448 1447/1606/1447
f 1440/1600/1440 1433/2197/1434 1441/2196/1442 1448/1604/1448
f 1441/1603/1442 1442/1714/1441 1450/1717/1449 1449/1721/1450
f 1442/1714/1441 1443/1710/1443 1451/1713/1451 1450/1717/1449
f 1443/1710/1443 1444/1708/1444 1452/1712/1452 1451/1713/1451
f 1444/1708/1444 1445/1707/1445 1453/1618/1453 1452/1712/1452
f 1445/1707/1445 1446/1611/1446 1454/1614/1454 1453/1618/1453
f 1446/1611/1446 1447/1606/1447 1455/1610/1455 1454/1614/1454
f 1447/1606/1447 1448/1604/1448 1456/1609/1456 1455/1610/1455
f 1448/1604/1448 1441/2196/1442 1449/2195/1450 1456/1609/1456
f 1449/1721/1450 1450/1717/1449 1458/1718/1457 1457/1722/1458
f 1450/1717/1449 1451/1713/1451 1459/1716/1459 1458/1718/1457
f 1451/1713/1451 1452/1712/1452 1460/1715/1460 1459/1716/1459
f 1452/1712/1452 1453/1618/1453 1461/1619/1461 1460/1715/1460
f 1453/1618/1453 1454/1614/1454 1462/1615/1462 1461/1619/1461
f 1454/1614/1454 1455/1610/1455 1463/1613/1463 1462/1615/1462
f 1455/1610/1455 1456/1609/1456 1464/1612/1464 1463/1613/1463
f 1456/1609/1456 1449/2195/1450 1457/2194/1458 1464/1612/1464
f 1457/1722/1458 1458/1718/1457 1466/1720/1465 1465/1725/1466
f 1458/1718/1457 1459/1716/1459 1467/1719/1467 1466/1720/1465
f 1459/1716/1459 1460/1715/1460 1468/1626/1468 1467/1719/1467
f 1460/1715/1460 1461/1619/1461 1469/1622/1469 1468/1626/1468
f 1461/1619/1461 1462/1615/1462 1470/1617/1470 1469/1622/1469
f 1462/1615/1462 1463/1613/1463 1471/1616/1471 1470/1617/1470
f 1463/1613/1463 1464/1612/1464 1472/1729/1472 1471/1616/1471
f 1464/1612/1464 1457/2194/1458 1465/2193/1466 1472/1729/1472
f 1465/1725/1466 1466/1720/1465 1474/1724/1473 1473/1726/1474
f 1466/1720/1465 1467/1719/1467 1475/1723/1475 1474/1724/1473
f 1467/1719/1467 1468/1626/1468 1476/1627/1476 1475/1723/1475
f 1468/1626/1468 1469/1622/1469 1477/1623/1477 1476/1627/1476
f 1469/1622/1469 1470/1617/1470 1478/1621/1478 1477/1623/1477
f 1470/1617/1470 1471/1616/1471 1479/1620/1479 1478/1621/1478
f 1471/1616/1471 1472/1729/1472 1480/1730/1480 1479/1620/1479
f 1472/1729/1472 1465/2193/1466 1473/2192/1474 1480/1730/1480
f 1473/1726/1474 1474/1724/1473 1482/1727/1481 1481/1728/1482
f 1474/1724/1473 1475/1723/1475 1483/1635/1483 1482/1727/1481
f 1475/1723/1475 1476/1627/1476 1484/1630/1484 1483/1635/1483
f 1476/1627/1476 1477/1623/1477 1485/1625/1485 1484/1630/1484
f 1477/1623/1477 1478/1621/1478 1486/1624/1486 1485/1625/1485
f 1478/1621/1478 1479/1620/1479 1487/1738/1487 1486/1624/1486
f 1479/1620/1479 1480/1730/1480 1488/1733/1488 1487/1738/1487
f 1480/1730/1480 1473/2192/1474 1481/2191/1482 1488/1733/1488
f 1481/1728/1482 1482/1727/1481 1490/1731/1489 1489/1732/1490
f 1482/1727/1481 1483/1635/1483 1491/1636/1491 1490/1731/1489
f 1483/1635/1483 1484/1630/1484 1492/1633/1492 1491/1636/1491
f 1484/1630/1484 1485/1625/1485 1493/1629/1493 1492/1633/1492
f 1485/1625/1485 1486/1624/1486 1494/1628/1494 1493/1629/1493
f 1486/1624/1486 1487/1738/1487 1495/1739/1495 1494/1628/1494
f 1487/1738/1487 1488/1733/1488 1496/1736/1496 1495/1739/1495
f 1488/1733/1488 1481/2191/1482 1489/2190/1490 1496/1736/1496
f 1489/1732/1490 1490/1731/1489 1498/1734/1497 1497/1735/1498
f 1490/1731/1489 1491/1636/1491 1499/1639/1499 1498/1734/1497
f 1491/1636/1491 1492/1633/1492 1500/1634/1500 1499/1639/1499
f 1492/1633/1492 1493/1629/1493 1501/1632/1501 1500/1634/1500
f 1493/1629/1493 1494/1628/1494 1502/1631/1502 1501/1632/1501
f 1494/1628/1494 1495/1739/1495 1503/1742/1503 1502/1631/1502
f 1495/1739/1495 1496/1736/1496 1504/1737/1504 1503/1742/1503
f 1496/1736/1496 1489/2190/1490 1497/2189/1498 1504/1737/1504
f 1497/1735/1498 1498/1734/1497 1506/1646/1505 1505/1740/1506
f 1498/1734/1497 1499/1639/1499 1507/1642/1507 1506/1646/1505
f 1499/1639/1499 1500/1634/1500 1508/1638/1508 1507/1642/1507
f 1500/1634/1500 1501/1632/1501 1509/1637/1509 1508/1638/1508
f 1501/1632/1501 1502/1631/1502 1510/1749/1510 1509/1637/1509
f 1502/1631/1502 1503/1742/1503 1511/1745/1511 1510/1749/1510
f 1503/1742/1503 1504/1737/1504 1512/1741/1512 1511/1745/1511
f 1504/1737/1504 1497/2189/1498 1505/2188/1506 1512/1741/1512
f 1505/1740/1506 1506/1646/1505 1514/1647/1513 1513/1743/1514
f 1506/1646/1505 1507/1642/1507 1515/1643/1515 1514/1647/1513
f 1507/1642/1507 1508/1638/1508 1516/1641/1516 1515/1643/1515
f 1508/1638/1508 1509/1637/1509 1517/1640/1517 1516/1641/1516
f 1509/1637/1509 1510/1749/1510 1518/1750/1518 1517/1640/1517
f 1510/1749/1510 1511/1745/1511 1519/1746/1519 1518/1750/1518
f 1511/1745/1511 1512/1741/1512 1520/1744/1520 1519/1746/1519
f 1512/1741/1512 1505/2188/1506 1513/2187/1514 1520/1744/1520
f 1513/1743/1514 1514/1647/1513 1522/1650/1521 1521/1654/1522
f 1514/1647/1513 1515/1643/1515 1523/1645/1523 1522/1650/1521
f 1515/1643/1515 1516/1641/1516 1524/1644/1524 1523/1645/1523
f 1516/1641/1516 1517/1640/1517 1525/1756/1525 1524/1644/1524
f 1517/1640/1517 1518/1750/1518 1526/1752/1526 1525/1756/1525
f 1518/1750/1518 1519/1746/1519 1527/1748/1527 1526/1752/1526
f 1519/1746/1519 1520/1744/1520 1528/1747/1528 1527/1748/1527
f 1520/1744/1520 1513/2187/1514 1521/2186/1522 1528/1747/1528
f 1521/1654/1522 1522/1650/1521 1530/1651/1529 1529/1655/1530
f 1522/1650/1521 1523/1645/1523 1531/1649/1531 1530/1651/1529
f 1523/1645/1523 1524/1644/1524 1532/1648/1532 1531/1649/1531
f 1524/1644/1524 1525/1756/1525 1533/1757/1533 1532/1648/1532
f 1525/1756/1525 1526/1752/1526 1534/1753/1534 1533/1757/1533
f 1526/1752/1526 1527/1748/1527 1535/1751/1535 1534/1753/1534
f 1527/1748/1527 1528/1747/1528 1536/1660/1536 1535/1751/1535
f 1528/1747/1528 1521/2186/1522 1529/2185/1530 1536/1660/1536
f 1529/1655/1530 1530/1651/1529 1538/1653/1537 1537/1658/1538
f 1530/1651/1529 1531/1649/1531 1539/1652/1539 1538/1653/1537
f 1531/1649/1531 1532/1648/1532 1540/1762/1540 1539/1652/1539
f 1532/1648/1532 1533/1757/1533 1541/1759/1541 1540/1762/1540
f 1533/1757/1533 1534/1753/1534 1542/1755/1542 1541/1759/1541
f 1534/1753/1534 1535/1751/1535 1543/1754/1543 1542/1755/1542
f 1535/1751/1535 1536/1660/1536 1544/1661/1544 1543/1754/1543
f 1536/1660/1536 1529/2185/1530 1537/2184/1538 1544/1661/1544
f 1537/1658/1538 1538/1653/1537 1546/1657/1545 1545/1659/1546
f 1538/1653/1537 1539/1652/1539 1547/1656/1547 1546/1657/1545
f 1539/1652/1539 1540/1762/1540 1548/1763/1548 1547/1656/1547
f 1540/1762/1540 1541/1759/1541 1549/1760/1549 1548/1763/1548
f 1541/1759/1541 1542/1755/1542 1550/1758/1550 1549/1760/1549
f 1542/1755/1542 1543/1754/1543 1551/1668/1551 1550/1758/1550
f 1543/1754/1543 1544/1661/1544 1552/1664/1552 1551/1668/1551
f 1544/1661/1544 1537/2184/1538 1545/2183/1546 1552/1664/1552
f 1545/1659/1546 1546/1657/1545 1554/1662/1553 1553/1663/1554
f 1546/1657/1545 1547/1656/1547 1555/1767/1555 1554/1662/1553
f 1547/1656/1547 1548/1763/1548 1556/1764/1556 1555/1767/1555
f 1548/1763/1548 1549/1760/1549 1557/1761/1557 1556/1764/1556
f 1549/1760/1549 1550/1758/1550 1558/1673/1558 1557/1761/1557
f 1550/1758/1550 1551/1668/1551 1559/1669/1559 1558/1673/1558
f 1551/1668/1551 1552/1664/1552 1560/1665/1560 1559/1669/1559
f 1552/1664/1552 1545/2183/1546 1553/2182/1554 1560/1665/1560
f 1553/1663/1554 1554/1662/1553 1562/1771/1561 1561/1666/1562
f 1554/1662/1553 1555/1767/1555 1563/1768/1563 1562/1771/1561
f 1555/1767/1555 1556/1764/1556 1564/1766/1564 1563/1768/1563
f 1556/1764/1556 1557/1761/1557 1565/1765/1565 1564/1766/1564
f 1557/1761/1557 1558/1673/1558 1566/1674/1566 1565/1765/1565
f 1558/1673/1558 1559/1669/1559 1567/1670/1567 1566/1674/1566
f 1559/1669/1559 1560/1665/1560 1568/1667/1568 1567/1670/1567
f 1560/1665/1560 1553/2182/1554 1561/2181/1562 1568/1667/1568
f 1561/1666/1562 1562/1771/1561 1570/1772/1569 1569/1775/1570
f 1562/1771/1561 1563/1768/1563 1571/1770/1571 1570/1772/1569
f 1563/1768/1563 1564/1766/1564 1572/1769/1572 1571/1770/1571
f 1564/1766/1564 1565/1765/1565 1573/1678/1573 1572/1769/1572
f 1565/1765/1565 1566/1674/1566 1574/1675/1574 1573/1678/1573
f 1566/1674/1566 1567/1670/1567 1575/1672/1575 1574/1675/1574
f 1567/1670/1567 1568/1667/1568 1576/1671/1576 1575/1672/1575
f 1568/1667/1568 1561/2181/1562 1569/2180/1570 1576/1671/1576
f 1569/1775/1570 1570/1772/1569 1578/1774/1577 1577/1776/1578
f 1570/1772/1569 1571/1770/1571 1579/1773/1579 1578/1774/1577
f 1571/1770/1571 1572/1769/1572 1580/2104/1580 1579/1773/1579
f 1572/1769/1572 1573/1678/1573 1581/1679/1581 1580/2104/1580
f 1573/1678/1573 1574/1675/1574 1582/1677/1582 1581/1679/1581
f 1574/1675/1574 1575/1672/1575 1583/1676/1583 1582/1677/1582
f 1575/1672/1575 1576/1671/1576 1584/2103/1584 1583/1676/1583
f 1576/1671/1576 1569/2180/1570 1577/2179/1578 1584/2103/1584
s 4
f 1585/1777/1585 1586/1778/1586 1594/2177/1587 1593/1780/1588
f 1586/2178/1586 1587/1781/1589 1595/1782/1590 1594/1779/1587
f 1587/1781/1589 1588/1801/1591 1596/1802/1592 1595/1782/1590
f 1588/1801/1591 1589/1793/1593 1597/1796/1594 1596/1802/1592
f 1589/1793/1593 1590/1794/1595 1598/1795/1596 1597/1796/1594
f 1590/1794/1595 1591/1797/1597 1599/1798/1598 1598/1795/1596
f 1591/1797/1597 1592/1785/1599 1600/1786/1600 1599/1798/1598
f 1592/1785/1599 1585/1777/1585 1593/1780/1588 1600/1786/1600
f 1593/1780/1588 1594/2177/1587 1602/2176/1601 1601/1784/1602
f 1594/1779/1587 1595/1782/1590 1603/1805/1603 1602/1783/1601
f 1595/1782/1590 1596/1802/1592 1604/1804/1604 1603/1805/1603
f 1596/1802/1592 1597/1796/1594 1605/1800/1605 1604/1804/1604
f 1597/1796/1594 1598/1795/1596 1606/1799/1606 1605/1800/1605
f 1598/1795/1596 1599/1798/1598 1607/1791/1607 1606/1799/1606
f 1599/1798/1598 1600/1786/1600 1608/1789/1608 1607/1791/1607
f 1600/1786/1600 1593/1780/1588 1601/1784/1602 1608/1789/1608
f 1601/1784/1602 1602/2176/1601 1610/2175/1609 1609/1788/1610
f 1602/1783/1601 1603/1805/1603 1611/603/1611 1610/1787/1609
f 1603/1805/1603 1604/1804/1604 1612/604/1612 1611/603/1611
f 1604/1804/1604 1605/1800/1605 1613/609/1613 1612/604/1612
f 1605/1800/1605 1606/1799/1606 1614/1803/1614 1613/609/1613
f 1606/1799/1606 1607/1791/1607 1615/1792/1615 1614/1803/1614
f 1607/1791/1607 1608/1789/1608 1616/1790/1616 1615/1792/1615
f 1608/1789/1608 1601/1784/1602 1609/1788/1610 1616/1790/1616
f 1609/1788/1610 1610/2175/1609 1618/2174/1617 1617/670/1618
f 1610/1787/1609 1611/603/1611 1619/593/1619 1618/2105/1617
f 1611/603/1611 1612/604/1612 1620/594/1620 1619/593/1619
f 1612/604/1612 1613/609/1613 1621/605/1621 1620/594/1620
f 1613/609/1613 1614/1803/1614 1622/2106/1622 1621/605/1621
f 1614/1803/1614 1615/1792/1615 1623/661/1623 1622/2106/1622
f 1615/1792/1615 1616/1790/1616 1624/662/1624 1623/661/1623
f 1616/1790/1616 1609/1788/1610 1617/670/1618 1624/662/1624
f 1617/670/1618 1618/2174/1617 1626/2173/1625 1625/663/1626
f 1618/2105/1617 1619/593/1619 1627/590/1627 1626/597/1625
f 1619/593/1619 1620/594/1620 1628/591/1628 1627/590/1627
f 1620/594/1620 1621/605/1621 1629/595/1629 1628/591/1628
f 1621/605/1621 1622/2106/1622 1630/665/1630 1629/595/1629
f 1622/2106/1622 1623/661/1623 1631/656/1631 1630/665/1630
f 1623/661/1623 1624/662/1624 1632/657/1632 1631/656/1631
f 1624/662/1624 1617/670/1618 1625/663/1626 1632/657/1632
f 1625/663/1626 1626/2173/1625 1634/2172/1633 1633/664/1634
f 1626/597/1625 1627/590/1627 1635/585/1635 1634/598/1633
f 1627/590/1627 1628/591/1628 1636/586/1636 1635/585/1635
f 1628/591/1628 1629/595/1629 1637/596/1637 1636/586/1636
f 1629/595/1629 1630/665/1630 1638/658/1638 1637/596/1637
f 1630/665/1630 1631/656/1631 1639/651/1639 1638/658/1638
f 1631/656/1631 1632/657/1632 1640/652/1640 1639/651/1639
f 1632/657/1632 1625/663/1626 1633/664/1634 1640/652/1640
f 1633/664/1634 1634/2172/1633 1642/2171/1641 1641/1808/1642
f 1634/598/1633 1635/585/1635 1643/577/1643 1642/1806/1641
f 1635/585/1635 1636/586/1636 1644/578/1644 1643/577/1643
f 1636/586/1636 1637/596/1637 1645/1810/1645 1644/578/1644
f 1637/596/1637 1638/658/1638 1646/659/1646 1645/1810/1645
f 1638/658/1638 1639/651/1639 1647/643/1647 1646/659/1646
f 1639/651/1639 1640/652/1640 1648/644/1648 1647/643/1647
f 1640/652/1640 1633/664/1634 1641/1808/1642 1648/644/1648
f 1641/1808/1642 1642/2171/1641 1650/2170/1649 1649/645/1650
f 1642/1806/1641 1643/577/1643 1651/571/1651 1650/1807/1649
f 1643/577/1643 1644/578/1644 1652/572/1652 1651/571/1651
f 1644/578/1644 1645/1810/1645 1653/579/1653 1652/572/1652
f 1645/1810/1645 1646/659/1646 1654/1811/1654 1653/579/1653
f 1646/659/1646 1647/643/1647 1655/637/1655 1654/1811/1654
f 1647/643/1647 1648/644/1648 1656/638/1656 1655/637/1655
f 1648/644/1648 1641/1808/1642 1649/645/1650 1656/638/1656
f 1649/645/1650 1650/2170/1649 1658/2169/1657 1657/639/1658
f 1650/1807/1649 1651/571/1651 1659/567/1659 1658/1809/1657
f 1651/571/1651 1652/572/1652 1660/568/1660 1659/567/1659
f 1652/572/1652 1653/579/1653 1661/573/1661 1660/568/1660
f 1653/579/1653 1654/1811/1654 1662/1812/1662 1661/573/1661
f 1654/1811/1654 1655/637/1655 1663/633/1663 1662/1812/1662
f 1655/637/1655 1656/638/1656 1664/634/1664 1663/633/1663
f 1656/638/1656 1649/645/1650 1657/639/1658 1664/634/1664
f 1657/639/1658 1658/2169/1657 1666/2168/1665 1665/640/1666
f 1658/1809/1657 1659/567/1659 1667/570/1667 1666/583/1665
f 1659/567/1659 1660/568/1660 1668/569/1668 1667/570/1667
f 1660/568/1660 1661/573/1661 1669/574/1669 1668/569/1668
f 1661/573/1661 1662/1812/1662 1670/649/1670 1669/574/1669
f 1662/1812/1662 1663/633/1663 1671/636/1671 1670/649/1670
f 1663/633/1663 1664/634/1664 1672/635/1672 1671/636/1671
f 1664/634/1664 1657/639/1658 1665/640/1666 1672/635/1672
f 1665/640/1666 1666/2168/1665 1674/2167/1673 1673/646/1674
f 1666/583/1665 1667/570/1667 1675/576/1675 1674/584/1673
f 1667/570/1667 1668/569/1668 1676/575/1676 1675/576/1675
f 1668/569/1668 1669/574/1669 1677/580/1677 1676/575/1676
f 1669/574/1669 1670/649/1670 1678/650/1678 1677/580/1677
f 1670/649/1670 1671/636/1671 1679/642/1679 1678/650/1678
f 1671/636/1671 1672/635/1672 1680/641/1680 1679/642/1679
f 1672/635/1672 1665/640/1666 1673/646/1674 1680/641/1680
f 1673/646/1674 1674/2167/1673 1682/2166/1681 1681/601/1682
f 1674/584/1673 1675/576/1675 1683/582/1683 1682/589/1681
f 1675/576/1675 1676/575/1676 1684/581/1684 1683/582/1683
f 1676/575/1676 1677/580/1677 1685/668/1685 1684/581/1684
f 1677/580/1677 1678/650/1678 1686/655/1686 1685/668/1685
f 1678/650/1678 1679/642/1679 1687/648/1687 1686/655/1686
f 1679/642/1679 1680/641/1680 1688/647/1688 1687/648/1687
f 1680/641/1680 1673/646/1674 1681/601/1682 1688/647/1688
f 1681/601/1682 1682/2166/1681 1690/2165/1689 1689/602/1690
f 1682/589/1681 1683/582/1683 1691/588/1691 1690/592/1689
f 1683/582/1683 1684/581/1684 1692/587/1692 1691/588/1691
f 1684/581/1684 1685/668/1685 1693/669/1693 1692/587/1692
f 1685/668/1685 1686/655/1686 1694/660/1694 1693/669/1693
f 1686/655/1686 1687/648/1687 1695/654/1695 1694/660/1694
f 1687/648/1687 1688/647/1688 1696/653/1696 1695/654/1695
f 1688/647/1688 1681/601/1682 1689/602/1690 1696/653/1696
f 1689/602/1690 1690/2165/1689 1698/2164/1697 1697/608/1698
f 1690/592/1689 1691/588/1691 1699/599/1699 1698/600/1697
f 1691/588/1691 1692/587/1692 1700/2108/1700 1699/599/1699
f 1692/587/1692 1693/669/1693 1701/673/1701 1700/2108/1700
f 1693/669/1693 1694/660/1694 1702/667/1702 1701/673/1701
f 1694/660/1694 1695/654/1695 1703/666/1703 1702/667/1702
f 1695/654/1695 1696/653/1696 1704/2107/1704 1703/666/1703
f 1696/653/1696 1689/602/1690 1697/608/1698 1704/2107/1704
f 1697/608/1698 1698/2164/1697 1706/2163/1705 1705/610/1706
f 1698/600/1697 1699/599/1699 1707/606/1707 1706/607/1705
f 1699/599/1699 1700/2108/1700 1708/679/1708 1707/606/1707
f 1700/2108/1700 1701/673/1701 1709/674/1709 1708/679/1708
f 1701/673/1701 1702/667/1702 1710/672/1710 1709/674/1709
f 1702/667/1702 1703/666/1703 1711/671/1711 1710/672/1710
f 1703/666/1703 1704/2107/1704 1712/615/1712 1711/671/1711
f 1704/2107/1704 1697/608/1698 1705/610/1706 1712/615/1712
f 1705/610/1706 1706/2163/1705 1714/2162/1713 1713/612/1714
f 1706/607/1705 1707/606/1707 1715/1813/1715 1714/611/1713
f 1707/606/1707 1708/679/1708 1716/680/1716 1715/1813/1715
f 1708/679/1708 1709/674/1709 1717/676/1717 1716/680/1716
f 1709/674/1709 1710/672/1710 1718/675/1718 1717/676/1717
f 1710/672/1710 1711/671/1711 1719/1853/1719 1718/675/1718
f 1711/671/1711 1712/615/1712 1720/616/1720 1719/1853/1719
f 1712/615/1712 1705/610/1706 1713/612/1714 1720/616/1720
f 1713/612/1714 1714/2162/1713 1722/2161/1721 1721/614/1722
f 1714/611/1713 1715/1813/1715 1723/1814/1723 1722/613/1721
f 1715/1813/1715 1716/680/1716 1724/683/1724 1723/1814/1723
f 1716/680/1716 1717/676/1717 1725/678/1725 1724/683/1724
f 1717/676/1717 1718/675/1718 1726/677/1726 1725/678/1725
f 1718/675/1718 1719/1853/1719 1727/1854/1727 1726/677/1726
f 1719/1853/1719 1720/616/1720 1728/619/1728 1727/1854/1727
f 1720/616/1720 1713/612/1714 1721/614/1722 1728/619/1728
f 1721/614/1722 1722/2161/1721 1730/2160/1729 1729/618/1730
f 1722/613/1721 1723/1814/1723 1731/1815/1731 1730/617/1729
f 1723/1814/1723 1724/683/1724 1732/686/1732 1731/1815/1731
f 1724/683/1724 1725/678/1725 1733/682/1733 1732/686/1732
f 1725/678/1725 1726/677/1726 1734/681/1734 1733/682/1733
f 1726/677/1726 1727/1854/1727 1735/1855/1735 1734/681/1734
f 1727/1854/1727 1728/619/1728 1736/622/1736 1735/1855/1735
f 1728/619/1728 1721/614/1722 1729/618/1730 1736/622/1736
f 1729/618/1730 1730/2160/1729 1738/2159/1737 1737/621/1738
f 1730/617/1729 1731/1815/1731 1739/1816/1739 1738/620/1737
f 1731/1815/1731 1732/686/1732 1740/687/1740 1739/1816/1739
f 1732/686/1732 1733/682/1733 1741/685/1741 1740/687/1740
f 1733/682/1733 1734/681/1734 1742/684/1742 1741/685/1741
f 1734/681/1734 1735/1855/1735 1743/1856/1743 1742/684/1742
f 1735/1855/1735 1736/622/1736 1744/625/1744 1743/1856/1743
f 1736/622/1736 1729/618/1730 1737/621/1738 1744/625/1744
f 1737/621/1738 1738/2159/1737 1746/2158/1745 1745/624/1746
f 1738/620/1737 1739/1816/1739 1747/692/1747 1746/623/1745
f 1739/1816/1739 1740/687/1740 1748/689/1748 1747/692/1747
f 1740/687/1740 1741/685/1741 1749/688/1749 1748/689/1748
f 1741/685/1741 1742/684/1742 1750/1857/1750 1749/688/1749
f 1742/684/1742 1743/1856/1743 1751/629/1751 1750/1857/1750
f 1743/1856/1743 1744/625/1744 1752/626/1752 1751/629/1751
f 1744/625/1744 1737/621/1738 1745/624/1746 1752/626/1752
f 1745/624/1746 1746/2158/1745 1754/2157/1753 1753/627/1754
f 1746/623/1745 1747/692/1747 1755/693/1755 1754/1817/1753
f 1747/692/1747 1748/689/1748 1756/691/1756 1755/693/1755
f 1748/689/1748 1749/688/1749 1757/690/1757 1756/691/1756
f 1749/688/1749 1750/1857/1750 1758/1858/1758 1757/690/1757
f 1750/1857/1750 1751/629/1751 1759/630/1759 1758/1858/1758
f 1751/629/1751 1752/626/1752 1760/628/1760 1759/630/1759
f 1752/626/1752 1745/624/1746 1753/627/1754 1760/628/1760
f 1753/627/1754 1754/2157/1753 1762/2156/1761 1761/1819/1762
f 1754/1817/1753 1755/693/1755 1763/695/1763 1762/1818/1761
f 1755/693/1755 1756/691/1756 1764/694/1764 1763/695/1763
f 1756/691/1756 1757/690/1757 1765/1860/1765 1764/694/1764
f 1757/690/1757 1758/1858/1758 1766/1859/1766 1765/1860/1765
f 1758/1858/1758 1759/630/1759 1767/632/1767 1766/1859/1766
f 1759/630/1759 1760/628/1760 1768/631/1768 1767/632/1767
f 1760/628/1760 1753/627/1754 1761/1819/1762 1768/631/1768
f 1761/1819/1762 1762/2156/1761 1770/2155/1769 1769/1821/1770
f 1762/1818/1761 1763/695/1763 1771/1865/1771 1770/1820/1769
f 1763/695/1763 1764/694/1764 1772/1862/1772 1771/1865/1771
f 1764/694/1764 1765/1860/1765 1773/1861/1773 1772/1862/1772
f 1765/1860/1765 1766/1859/1766 1774/1830/1774 1773/1861/1773
f 1766/1859/1766 1767/632/1767 1775/1825/1775 1774/1830/1774
f 1767/632/1767 1768/631/1768 1776/1822/1776 1775/1825/1775
f 1768/631/1768 1761/1819/1762 1769/1821/1770 1776/1822/1776
f 1769/1821/1770 1770/2155/1769 1778/2154/1777 1777/1823/1778
f 1770/1820/1769 1771/1865/1771 1779/1866/1779 1778/1869/1777
f 1771/1865/1771 1772/1862/1772 1780/1864/1780 1779/1866/1779
f 1772/1862/1772 1773/1861/1773 1781/1863/1781 1780/1864/1780
f 1773/1861/1773 1774/1830/1774 1782/1831/1782 1781/1863/1781
f 1774/1830/1774 1775/1825/1775 1783/1828/1783 1782/1831/1782
f 1775/1825/1775 1776/1822/1776 1784/1824/1784 1783/1828/1783
f 1776/1822/1776 1769/1821/1770 1777/1823/1778 1784/1824/1784
f 1777/1823/1778 1778/2154/1777 1786/2153/1785 1785/1826/1786
f 1778/1869/1777 1779/1866/1779 1787/1868/1787 1786/1872/1785
f 1779/1866/1779 1780/1864/1780 1788/1867/1788 1787/1868/1787
f 1780/1864/1780 1781/1863/1781 1789/1838/1789 1788/1867/1788
f 1781/1863/1781 1782/1831/1782 1790/1834/1790 1789/1838/1789
f 1782/1831/1782 1783/1828/1783 1791/1829/1791 1790/1834/1790
f 1783/1828/1783 1784/1824/1784 1792/1827/1792 1791/1829/1791
f 1784/1824/1784 1777/1823/1778 1785/1826/1786 1792/1827/1792
f 1785/1826/1786 1786/2153/1785 1794/2152/1793 1793/1876/1794
f 1786/1872/1785 1787/1868/1787 1795/1871/1795 1794/1873/1793
f 1787/1868/1787 1788/1867/1788 1796/1870/1796 1795/1871/1795
f 1788/1867/1788 1789/1838/1789 1797/1839/1797 1796/1870/1796
f 1789/1838/1789 1790/1834/1790 1798/1835/1798 1797/1839/1797
f 1790/1834/1790 1791/1829/1791 1799/1833/1799 1798/1835/1798
f 1791/1829/1791 1792/1827/1792 1800/1832/1800 1799/1833/1799
f 1792/1827/1792 1785/1826/1786 1793/1876/1794 1800/1832/1800
f 1793/1876/1794 1794/2152/1793 1802/2151/1801 1801/1878/1802
f 1794/1873/1793 1795/1871/1795 1803/1874/1803 1802/1875/1801
f 1795/1871/1795 1796/1870/1796 1804/1846/1804 1803/1874/1803
f 1796/1870/1796 1797/1839/1797 1805/1842/1805 1804/1846/1804
f 1797/1839/1797 1798/1835/1798 1806/1837/1806 1805/1842/1805
f 1798/1835/1798 1799/1833/1799 1807/1836/1807 1806/1837/1806
f 1799/1833/1799 1800/1832/1800 1808/1881/1808 1807/1836/1807
f 1800/1832/1800 1793/1876/1794 1801/1878/1802 1808/1881/1808
f 1801/1878/1802 1802/2151/1801 1810/2150/1809 1809/1879/1810
f 1802/1875/1801 1803/1874/1803 1811/1850/1811 1810/1877/1809
f 1803/1874/1803 1804/1846/1804 1812/1847/1812 1811/1850/1811
f 1804/1846/1804 1805/1842/1805 1813/1843/1813 1812/1847/1812
f 1805/1842/1805 1806/1837/1806 1814/1841/1814 1813/1843/1813
f 1806/1837/1806 1807/1836/1807 1815/1840/1815 1814/1841/1814
f 1807/1836/1807 1808/1881/1808 1816/1882/1816 1815/1840/1815
f 1808/1881/1808 1801/1878/1802 1809/1879/1810 1816/1882/1816
f 1809/1879/1810 1810/2150/1809 1818/2149/1817 1817/1880/1818
f 1810/1877/1809 1811/1850/1811 1819/1851/1819 1818/1852/1817
f 1811/1850/1811 1812/1847/1812 1820/1848/1820 1819/1851/1819
f 1812/1847/1812 1813/1843/1813 1821/1845/1821 1820/1848/1820
f 1813/1843/1813 1814/1841/1814 1822/1844/1822 1821/1845/1821
f 1814/1841/1814 1815/1840/1815 1823/1885/1823 1822/1844/1822
f 1815/1840/1815 1816/1882/1816 1824/1883/1824 1823/1885/1823
f 1816/1882/1816 1809/1879/1810 1817/1880/1818 1824/1883/1824
f 1817/1880/1818 1818/2149/1817 1826/2148/1825 1825/700/1826
f 1818/1852/1817 1819/1851/1819 1827/706/1827 1826/701/1825
f 1819/1851/1819 1820/1848/1820 1828/1849/1828 1827/706/1827
f 1820/1848/1820 1821/1845/1821 1829/746/1829 1828/1849/1828
f 1821/1845/1821 1822/1844/1822 1830/747/1830 1829/746/1829
f 1822/1844/1822 1823/1885/1823 1831/1886/1831 1830/747/1830
f 1823/1885/1823 1824/1883/1824 1832/1884/1832 1831/1886/1831
f 1824/1883/1824 1817/1880/1818 1825/700/1826 1832/1884/1832
f 1825/700/1826 1826/2148/1825 1834/2147/1833 1833/696/1834
f 1826/701/1825 1827/706/1827 1835/707/1835 1834/697/1833
f 1827/706/1827 1828/1849/1828 1836/734/1836 1835/707/1835
f 1828/1849/1828 1829/746/1829 1837/735/1837 1836/734/1836
f 1829/746/1829 1830/747/1830 1838/742/1838 1837/735/1837
f 1830/747/1830 1831/1886/1831 1839/1887/1839 1838/742/1838
f 1831/1886/1831 1832/1884/1832 1840/704/1840 1839/1887/1839
f 1832/1884/1832 1825/700/1826 1833/696/1834 1840/704/1840
f 1833/696/1834 1834/2147/1833 1842/2146/1841 1841/699/1842
f 1834/697/1833 1835/707/1835 1843/740/1843 1842/698/1841
f 1835/707/1835 1836/734/1836 1844/730/1844 1843/740/1843
f 1836/734/1836 1837/735/1837 1845/731/1845 1844/730/1844
f 1837/735/1837 1838/742/1838 1846/736/1846 1845/731/1845
f 1838/742/1838 1839/1887/1839 1847/711/1847 1846/736/1846
f 1839/1887/1839 1840/704/1840 1848/705/1848 1847/711/1847
f 1840/704/1840 1833/696/1834 1841/699/1842 1848/705/1848
f 1841/699/1842 1842/2146/1841 1850/2145/1849 1849/703/1850
f 1842/698/1841 1843/740/1843 1851/741/1851 1850/702/1849
f 1843/740/1843 1844/730/1844 1852/733/1852 1851/741/1851
f 1844/730/1844 1845/731/1845 1853/732/1853 1852/733/1852
f 1845/731/1845 1846/736/1846 1854/737/1854 1853/732/1853
f 1846/736/1846 1847/711/1847 1855/712/1855 1854/737/1854
f 1847/711/1847 1848/705/1848 1856/708/1856 1855/712/1855
f 1848/705/1848 1841/699/1842 1849/703/1850 1856/708/1856
f 1849/703/1850 1850/2145/1849 1858/2144/1857 1857/709/1858
f 1850/702/1849 1851/741/1851 1859/745/1859 1858/751/1857
f 1851/741/1851 1852/733/1852 1860/739/1860 1859/745/1859
f 1852/733/1852 1853/732/1853 1861/738/1861 1860/739/1860
f 1853/732/1853 1854/737/1854 1862/719/1862 1861/738/1861
f 1854/737/1854 1855/712/1855 1863/715/1863 1862/719/1862
f 1855/712/1855 1856/708/1856 1864/710/1864 1863/715/1863
f 1856/708/1856 1849/703/1850 1857/709/1858 1864/710/1864
f 1857/709/1858 1858/2144/1857 1866/2143/1865 1865/713/1866
f 1858/751/1857 1859/745/1859 1867/748/1867 1866/752/1865
f 1859/745/1859 1860/739/1860 1868/744/1868 1867/748/1867
f 1860/739/1860 1861/738/1861 1869/743/1869 1868/744/1868
f 1861/738/1861 1862/719/1862 1870/720/1870 1869/743/1869
f 1862/719/1862 1863/715/1863 1871/716/1871 1870/720/1870
f 1863/715/1863 1864/710/1864 1872/714/1872 1871/716/1871
f 1864/710/1864 1857/709/1858 1865/713/1866 1872/714/1872
f 1865/713/1866 1866/2143/1865 1874/2142/1873 1873/759/1874
f 1866/752/1865 1867/748/1867 1875/750/1875 1874/755/1873
f 1867/748/1867 1868/744/1868 1876/749/1876 1875/750/1875
f 1868/744/1868 1869/743/1869 1877/727/1877 1876/749/1876
f 1869/743/1869 1870/720/1870 1878/723/1878 1877/727/1877
f 1870/720/1870 1871/716/1871 1879/718/1879 1878/723/1878
f 1871/716/1871 1872/714/1872 1880/717/1880 1879/718/1879
f 1872/714/1872 1865/713/1866 1873/759/1874 1880/717/1880
f 1873/759/1874 1874/2142/1873 1882/2141/1881 1881/760/1882
f 1874/755/1873 1875/750/1875 1883/754/1883 1882/756/1881
f 1875/750/1875 1876/749/1876 1884/753/1884 1883/754/1883
f 1876/749/1876 1877/727/1877 1885/728/1885 1884/753/1884
f 1877/727/1877 1878/723/1878 1886/724/1886 1885/728/1885
f 1878/723/1878 1879/718/1879 1887/722/1887 1886/724/1886
f 1879/718/1879 1880/717/1880 1888/721/1888 1887/722/1887
f 1880/717/1880 1873/759/1874 1881/760/1882 1888/721/1888
f 1881/760/1882 1882/2141/1881 1890/2140/1889 1889/761/1890
f 1882/756/1881 1883/754/1883 1891/757/1891 1890/758/1889
f 1883/754/1883 1884/753/1884 1892/1890/1892 1891/757/1891
f 1884/753/1884 1885/728/1885 1893/729/1893 1892/1890/1892
f 1885/728/1885 1886/724/1886 1894/726/1894 1893/729/1893
f 1886/724/1886 1887/722/1887 1895/725/1895 1894/726/1894
f 1887/722/1887 1888/721/1888 1896/1954/1896 1895/725/1895
f 1888/721/1888 1881/760/1882 1889/761/1890 1896/1954/1896
f 1889/761/1890 1890/2140/1889 1898/2139/1897 1897/1894/1898
f 1890/758/1889 1891/757/1891 1899/1888/1899 1898/1889/1897
f 1891/757/1891 1892/1890/1892 1900/1891/1900 1899/1888/1899
f 1892/1890/1892 1893/729/1893 1901/1958/1901 1900/1891/1900
f 1893/729/1893 1894/726/1894 1902/1953/1902 1901/1958/1901
f 1894/726/1894 1895/725/1895 1903/1952/1903 1902/1953/1902
f 1895/725/1895 1896/1954/1896 1904/1955/1904 1903/1952/1903
f 1896/1954/1896 1889/761/1890 1897/1894/1898 1904/1955/1904
f 1897/1894/1898 1898/2139/1897 1906/2138/1905 1905/1897/1906
f 1898/1889/1897 1899/1888/1899 1907/1892/1907 1906/1893/1905
f 1899/1888/1899 1900/1891/1900 1908/1965/1908 1907/1892/1907
f 1900/1891/1900 1901/1958/1901 1909/1961/1909 1908/1965/1908
f 1901/1958/1901 1902/1953/1902 1910/1957/1910 1909/1961/1909
f 1902/1953/1902 1903/1952/1903 1911/1956/1911 1910/1957/1910
f 1903/1952/1903 1904/1955/1904 1912/1901/1912 1911/1956/1911
f 1904/1955/1904 1897/1894/1898 1905/1897/1906 1912/1901/1912
f 1905/1897/1906 1906/2138/1905 1914/2137/1913 1913/1898/1914
f 1906/1893/1905 1907/1892/1907 1915/1895/1915 1914/1896/1913
f 1907/1892/1907 1908/1965/1908 1916/1966/1916 1915/1895/1915
f 1908/1965/1908 1909/1961/1909 1917/1962/1917 1916/1966/1916
f 1909/1961/1909 1910/1957/1910 1918/1960/1918 1917/1962/1917
f 1910/1957/1910 1911/1956/1911 1919/1959/1919 1918/1960/1918
f 1911/1956/1911 1912/1901/1912 1920/1902/1920 1919/1959/1919
f 1912/1901/1912 1905/1897/1906 1913/1898/1914 1920/1902/1920
f 1913/1898/1914 1914/2137/1913 1922/2136/1921 1921/1900/1922
f 1914/1896/1913 1915/1895/1915 1923/2109/1923 1922/1899/1921
f 1915/1895/1915 1916/1966/1916 1924/1967/1924 1923/2109/1923
f 1916/1966/1916 1917/1962/1917 1925/1964/1925 1924/1967/1924
f 1917/1962/1917 1918/1960/1918 1926/1963/1926 1925/1964/1925
f 1918/1960/1918 1919/1959/1919 1927/2111/1927 1926/1963/1926
f 1919/1959/1919 1920/1902/1920 1928/1903/1928 1927/2111/1927
f 1920/1902/1920 1913/1898/1914 1921/1900/1922 1928/1903/1928
f 1921/1900/1922 1922/2136/1921 1930/2135/1929 1929/1904/1930
f 1922/1899/1921 1923/2109/1923 1931/1973/1931 1930/2110/1929
f 1923/2109/1923 1924/1967/1924 1932/1969/1932 1931/1973/1931
f 1924/1967/1924 1925/1964/1925 1933/1968/1933 1932/1969/1932
f 1925/1964/1925 1926/1963/1926 1934/2112/1934 1933/1968/1933
f 1926/1963/1926 1927/2111/1927 1935/1910/1935 1934/2112/1934
f 1927/2111/1927 1928/1903/1928 1936/1905/1936 1935/1910/1935
f 1928/1903/1928 1921/1900/1922 1929/1904/1930 1936/1905/1936
f 1929/1904/1930 1930/2135/1929 1938/2134/1937 1937/1906/1938
f 1930/2110/1929 1931/1973/1931 1939/1974/1939 1938/1978/1937
f 1931/1973/1931 1932/1969/1932 1940/1971/1940 1939/1974/1939
f 1932/1969/1932 1933/1968/1933 1941/1970/1941 1940/1971/1940
f 1933/1968/1933 1934/2112/1934 1942/1915/1942 1941/1970/1941
f 1934/2112/1934 1935/1910/1935 1943/1911/1943 1942/1915/1942
f 1935/1910/1935 1936/1905/1936 1944/1907/1944 1943/1911/1943
f 1936/1905/1936 1929/1904/1930 1937/1906/1938 1944/1907/1944
f 1937/1906/1938 1938/2134/1937 1946/2133/1945 1945/1908/1946
f 1938/1978/1937 1939/1974/1939 1947/1975/1947 1946/1979/1945
f 1939/1974/1939 1940/1971/1940 1948/1972/1948 1947/1975/1947
f 1940/1971/1940 1941/1970/1941 1949/1921/1949 1948/1972/1948
f 1941/1970/1941 1942/1915/1942 1950/1916/1950 1949/1921/1949
f 1942/1915/1942 1943/1911/1943 1951/1912/1951 1950/1916/1950
f 1943/1911/1943 1944/1907/1944 1952/1909/1952 1951/1912/1951
f 1944/1907/1944 1937/1906/1938 1945/1908/1946 1952/1909/1952
f 1945/1908/1946 1946/2133/1945 1954/2132/1953 1953/1984/1954
f 1946/1979/1945 1947/1975/1947 1955/1977/1955 1954/1982/1953
f 1947/1975/1947 1948/1972/1948 1956/1976/1956 1955/1977/1955
f 1948/1972/1948 1949/1921/1949 1957/1922/1957 1956/1976/1956
f 1949/1921/1949 1950/1916/1950 1958/1919/1958 1957/1922/1957
f 1950/1916/1950 1951/1912/1951 1959/1914/1959 1958/1919/1958
f 1951/1912/1951 1952/1909/1952 1960/1913/1960 1959/1914/1959
f 1952/1909/1952 1945/1908/1946 1953/1984/1954 1960/1913/1960
f 1953/1984/1954 1954/2132/1953 1962/2131/1961 1961/1987/1962
f 1954/1982/1953 1955/1977/1955 1963/1981/1963 1962/1983/1961
f 1955/1977/1955 1956/1976/1956 1964/1980/1964 1963/1981/1963
f 1956/1976/1956 1957/1922/1957 1965/1925/1965 1964/1980/1964
f 1957/1922/1957 1958/1919/1958 1966/1920/1966 1965/1925/1965
f 1958/1919/1958 1959/1914/1959 1967/1918/1967 1966/1920/1966
f 1959/1914/1959 1960/1913/1960 1968/1917/1968 1967/1918/1967
f 1960/1913/1960 1953/1984/1954 1961/1987/1962 1968/1917/1968
f 1961/1987/1962 1962/2131/1961 1970/2130/1969 1969/1988/1970
f 1962/1983/1961 1963/1981/1963 1971/1985/1971 1970/1986/1969
f 1963/1981/1963 1964/1980/1964 1972/1931/1972 1971/1985/1971
f 1964/1980/1964 1965/1925/1965 1973/1926/1973 1972/1931/1972
f 1965/1925/1965 1966/1920/1966 1974/1924/1974 1973/1926/1973
f 1966/1920/1966 1967/1918/1967 1975/1923/1975 1974/1924/1974
f 1967/1918/1967 1968/1917/1968 1976/1993/1976 1975/1923/1975
f 1968/1917/1968 1961/1987/1962 1969/1988/1970 1976/1993/1976
f 1969/1988/1970 1970/2130/1969 1978/2129/1977 1977/1990/1978
f 1970/1986/1969 1971/1985/1971 1979/1936/1979 1978/1989/1977
f 1971/1985/1971 1972/1931/1972 1980/1932/1980 1979/1936/1979
f 1972/1931/1972 1973/1926/1973 1981/1928/1981 1980/1932/1980
f 1973/1926/1973 1974/1924/1974 1982/1927/1982 1981/1928/1981
f 1974/1924/1974 1975/1923/1975 1983/1998/1983 1982/1927/1982
f 1975/1923/1975 1976/1993/1976 1984/1994/1984 1983/1998/1983
f 1976/1993/1976 1969/1988/1970 1977/1990/1978 1984/1994/1984
f 1977/1990/1978 1978/2129/1977 1986/2128/1985 1985/1992/1986
f 1978/1989/1977 1979/1936/1979 1987/1937/1987 1986/1991/1985
f 1979/1936/1979 1980/1932/1980 1988/1933/1988 1987/1937/1987
f 1980/1932/1980 1981/1928/1981 1989/1930/1989 1988/1933/1988
f 1981/1928/1981 1982/1927/1982 1990/1929/1990 1989/1930/1989
f 1982/1927/1982 1983/1998/1983 1991/1999/1991 1990/1929/1990
f 1983/1998/1983 1984/1994/1984 1992/1995/1992 1991/1999/1991
f 1984/1994/1984 1977/1990/1978 1985/1992/1986 1992/1995/1992
f 1985/1992/1986 1986/2128/1985 1994/2127/1993 1993/1996/1994
f 1986/1991/1985 1987/1937/1987 1995/1940/1995 1994/1944/1993
f 1987/1937/1987 1988/1933/1988 1996/1935/1996 1995/1940/1995
f 1988/1933/1988 1989/1930/1989 1997/1934/1997 1996/1935/1996
f 1989/1930/1989 1990/1929/1990 1998/2006/1998 1997/1934/1997
f 1990/1929/1990 1991/1999/1991 1999/2002/1999 1998/2006/1998
f 1991/1999/1991 1992/1995/1992 2000/1997/2000 1999/2002/1999
f 1992/1995/1992 1985/1992/1986 1993/1996/1994 2000/1997/2000
f 1993/1996/1994 1994/2127/1993 2002/2126/2001 2001/2000/2002
f 1994/1944/1993 1995/1940/1995 2003/1941/2003 2002/1945/2001
f 1995/1940/1995 1996/1935/1996 2004/1939/2004 2003/1941/2003
f 1996/1935/1996 1997/1934/1997 2005/1938/2005 2004/1939/2004
f 1997/1934/1997 1998/2006/1998 2006/2007/2006 2005/1938/2005
f 1998/2006/1998 1999/2002/1999 2007/2003/2007 2006/2007/2006
f 1999/2002/1999 2000/1997/2000 2008/2001/2008 2007/2003/2007
f 2000/1997/2000 1993/1996/1994 2001/2000/2002 2008/2001/2008
f 2001/2000/2002 2002/2126/2001 2010/2125/2009 2009/1950/2010
f 2002/1945/2001 2003/1941/2003 2011/1943/2011 2010/1948/2009
f 2003/1941/2003 2004/1939/2004 2012/1942/2012 2011/1943/2011
f 2004/1939/2004 2005/1938/2005 2013/2012/2013 2012/1942/2012
f 2005/1938/2005 2006/2007/2006 2014/2010/2014 2013/2012/2013
f 2006/2007/2006 2007/2003/2007 2015/2005/2015 2014/2010/2014
f 2007/2003/2007 2008/2001/2008 2016/2004/2016 2015/2005/2015
f 2008/2001/2008 2001/2000/2002 2009/1950/2010 2016/2004/2016
f 2009/1950/2010 2010/2125/2009 2018/2124/2017 2017/1951/2018
f 2010/1948/2009 2011/1943/2011 2019/1947/2019 2018/1949/2017
f 2011/1943/2011 2012/1942/2012 2020/1946/2020 2019/1947/2019
f 2012/1942/2012 2013/2012/2013 2021/2013/2021 2020/1946/2020
f 2013/2012/2013 2014/2010/2014 2022/2011/2022 2021/2013/2021
f 2014/2010/2014 2015/2005/2015 2023/2009/2023 2022/2011/2022
f 2015/2005/2015 2016/2004/2016 2024/2008/2024 2023/2009/2023
f 2016/2004/2016 2009/1950/2010 2017/1951/2018 2024/2008/2024
f 2017/1951/2018 2018/2124/2017 2026/2123/2025 2025/766/2026
f 2018/1949/2017 2019/1947/2019 2027/763/2027 2026/762/2025
f 2019/1947/2019 2020/1946/2020 2028/768/2028 2027/763/2027
f 2020/1946/2020 2021/2013/2021 2029/769/2029 2028/768/2028
f 2021/2013/2021 2022/2011/2022 2030/772/2030 2029/769/2029
f 2022/2011/2022 2023/2009/2023 2031/774/2031 2030/772/2030
f 2023/2009/2023 2024/2008/2024 2032/776/2032 2031/774/2031
f 2024/2008/2024 2017/1951/2018 2025/766/2026 2032/776/2032
f 2025/766/2026 2026/2123/2025 2034/2122/2033 2033/767/2034
f 2026/762/2025 2027/763/2027 2035/764/2035 2034/765/2033
f 2027/763/2027 2028/768/2028 2036/771/2036 2035/764/2035
f 2028/768/2028 2029/769/2029 2037/770/2037 2036/771/2036
f 2029/769/2029 2030/772/2030 2038/773/2038 2037/770/2037
f 2030/772/2030 2031/774/2031 2039/775/2039 2038/773/2038
f 2031/774/2031 2032/776/2032 2040/777/2040 2039/775/2039
f 2032/776/2032 2025/766/2026 2033/767/2034 2040/777/2040
f 2033/767/2034 2034/2122/2033 2042/2121/2041 2041/2015/2042
f 2034/765/2033 2035/764/2035 2043/2061/2043 2042/2014/2041
f 2035/764/2035 2036/771/2036 2044/2054/2044 2043/2061/2043
f 2036/771/2036 2037/770/2037 2045/2053/2045 2044/2054/2044
f 2037/770/2037 2038/773/2038 2046/2055/2046 2045/2053/2045
f 2038/773/2038 2039/775/2039 2047/2022/2047 2046/2055/2046
f 2039/775/2039 2040/777/2040 2048/2018/2048 2047/2022/2047
f 2040/777/2040 2033/767/2034 2041/2015/2042 2048/2018/2048
f 2041/2015/2042 2042/2121/2041 2050/2120/2049 2049/2017/2050
f 2042/2014/2041 2043/2061/2043 2051/2062/2051 2050/2016/2049
f 2043/2061/2043 2044/2054/2044 2052/2057/2052 2051/2062/2051
f 2044/2054/2044 2045/2053/2045 2053/2056/2053 2052/2057/2052
f 2045/2053/2045 2046/2055/2046 2054/2058/2054 2053/2056/2053
f 2046/2055/2046 2047/2022/2047 2055/2023/2055 2054/2058/2054
f 2047/2022/2047 2048/2018/2048 2056/2019/2056 2055/2023/2055
f 2048/2018/2048 2041/2015/2042 2049/2017/2050 2056/2019/2056
f 2049/2017/2050 2050/2120/2049 2058/2119/2057 2057/2020/2058
f 2050/2016/2049 2051/2062/2051 2059/2064/2059 2058/2067/2057
f 2051/2062/2051 2052/2057/2052 2060/2060/2060 2059/2064/2059
f 2052/2057/2052 2053/2056/2053 2061/2059/2061 2060/2060/2060
f 2053/2056/2053 2054/2058/2054 2062/2030/2062 2061/2059/2061
f 2054/2058/2054 2055/2023/2055 2063/2026/2063 2062/2030/2062
f 2055/2023/2055 2056/2019/2056 2064/2021/2064 2063/2026/2063
f 2056/2019/2056 2049/2017/2050 2057/2020/2058 2064/2021/2064
f 2057/2020/2058 2058/2119/2057 2066/2118/2065 2065/2024/2066
f 2058/2067/2057 2059/2064/2059 2067/2065/2067 2066/2068/2065
f 2059/2064/2059 2060/2060/2060 2068/2063/2068 2067/2065/2067
f 2060/2060/2060 2061/2059/2061 2069/2035/2069 2068/2063/2068
f 2061/2059/2061 2062/2030/2062 2070/2031/2070 2069/2035/2069
f 2062/2030/2062 2063/2026/2063 2071/2027/2071 2070/2031/2070
f 2063/2026/2063 2064/2021/2064 2072/2025/2072 2071/2027/2071
f 2064/2021/2064 2057/2020/2058 2065/2024/2066 2072/2025/2072
f 2065/2024/2066 2066/2118/2065 2074/2117/2073 2073/2072/2074
f 2066/2068/2065 2067/2065/2067 2075/2066/2075 2074/2069/2073
f 2067/2065/2067 2068/2063/2068 2076/2040/2076 2075/2066/2075
f 2068/2063/2068 2069/2035/2069 2077/2036/2077 2076/2040/2076
f 2069/2035/2069 2070/2031/2070 2078/2032/2078 2077/2036/2077
f 2070/2031/2070 2071/2027/2071 2079/2029/2079 2078/2032/2078
f 2071/2027/2071 2072/2025/2072 2080/2028/2080 2079/2029/2079
f 2072/2025/2072 2065/2024/2066 2073/2072/2074 2080/2028/2080
f 2073/2072/2074 2074/2117/2073 2082/2116/2081 2081/2073/2082
f 2074/2069/2073 2075/2066/2075 2083/2070/2083 2082/2071/2081
f 2075/2066/2075 2076/2040/2076 2084/2041/2084 2083/2070/2083
f 2076/2040/2076 2077/2036/2077 2085/2037/2085 2084/2041/2084
f 2077/2036/2077 2078/2032/2078 2086/2034/2086 2085/2037/2085
f 2078/2032/2078 2079/2029/2079 2087/2033/2087 2086/2034/2086
f 2079/2029/2079 2080/2028/2080 2088/2076/2088 2087/2033/2087
f 2080/2028/2080 2073/2072/2074 2081/2073/2082 2088/2076/2088
f 2081/2073/2082 2082/2116/2081 2090/2115/2089 2089/2075/2090
f 2082/2071/2081 2083/2070/2083 2091/2048/2091 2090/2074/2089
f 2083/2070/2083 2084/2041/2084 2092/2044/2092 2091/2048/2091
f 2084/2041/2084 2085/2037/2085 2093/2039/2093 2092/2044/2092
f 2085/2037/2085 2086/2034/2086 2094/2038/2094 2093/2039/2093
f 2086/2034/2086 2087/2033/2087 2095/2082/2095 2094/2038/2094
f 2087/2033/2087 2088/2076/2088 2096/2078/2096 2095/2082/2095
f 2088/2076/2088 2081/2073/2082 2089/2075/2090 2096/2078/2096
f 2089/2075/2090 2090/2115/2089 2098/2113/2097 2097/2077/2098
f 2090/2074/2089 2091/2048/2091 2099/2049/2099 2098/2051/2097
f 2091/2048/2091 2092/2044/2092 2100/2045/2100 2099/2049/2099
f 2092/2044/2092 2093/2039/2093 2101/2043/2101 2100/2045/2100
f 2093/2039/2093 2094/2038/2094 2102/2042/2102 2101/2043/2101
f 2094/2038/2094 2095/2082/2095 2103/2083/2103 2102/2042/2102
f 2095/2082/2095 2096/2078/2096 2104/2079/2104 2103/2083/2103
f 2096/2078/2096 2089/2075/2090 2097/2077/2098 2104/2079/2104
f 2097/2077/2098 2098/2113/2097 2106/2114/2105 2105/2080/2106
f 2098/2051/2097 2099/2049/2099 2107/2050/2107 2106/2052/2105
f 2099/2049/2099 2100/2045/2100 2108/2047/2108 2107/2050/2107
f 2100/2045/2100 2101/2043/2101 2109/2046/2109 2108/2047/2108
f 2101/2043/2101 2102/2042/2102 2110/2085/2110 2109/2046/2109
f 2102/2042/2102 2103/2083/2103 2111/2084/2111 2110/2085/2110
f 2103/2083/2103 2104/2079/2104 2112/2081/2112 2111/2084/2111
f 2104/2079/2104 2097/2077/2098 2105/2080/2106 2112/2081/2112
g default
v 23.523317 0.773150 -0.382737
v 23.857883 0.709723 -0.200531
v 24.110971 0.640773 0.048329
v 24.257750 0.570221 0.365310
v 23.214491 0.780342 -0.428184
v 23.490349 0.691599 -0.104095
v 23.743750 0.612742 0.185115
v 23.891008 0.541368 0.519747
v 24.178905 0.405842 1.101769
v 22.740475 0.552381 -0.051290
v 23.123419 0.470940 0.168790
v 23.399963 0.377892 0.514253
v 23.622519 0.265000 0.999370
v 23.975574 0.299782 1.610518
v 22.355484 0.757570 0.344146
v 22.630659 0.662703 0.722670
v 22.893288 0.570058 1.044462
v 23.230610 0.444115 1.505039
v 23.760031 0.057593 2.237025
v 22.140215 0.747581 0.741402
v 22.230471 0.667904 1.172612
v 22.494701 0.566542 1.553624
v 22.984699 0.456013 1.791044
v 23.364695 0.331897 2.126690
v 23.514883 0.166581 1.805430
v 22.986959 0.754765 -0.223512
v 23.316360 0.669673 0.048573
v 23.581333 0.583720 0.365909
v 23.766239 0.491588 0.775783
v 24.077240 0.352812 1.356143
v 22.557455 0.743379 0.162653
v 22.886515 0.655225 0.461955
v 23.156101 0.562378 0.795583
v 23.436041 0.442961 1.268429
v 23.523758 0.847280 -0.360988
v 23.217505 0.855063 -0.409165
v 23.493359 0.766525 -0.085505
v 23.858805 0.784194 -0.180042
v 23.746113 0.688061 0.202146
v 24.111959 0.715947 0.066041
v 23.892813 0.616900 0.535872
v 24.258638 0.645672 0.381883
v 24.180870 0.481246 1.118446
v 22.979771 0.820919 -0.191277
v 23.306252 0.739588 0.079848
v 23.566017 0.654410 0.393054
v 23.747704 0.562755 0.799449
v 24.063065 0.423954 1.375919
v 22.746620 0.614128 -0.038450
v 22.579847 0.814462 0.156034
v 22.911467 0.728221 0.457769
v 23.125513 0.545352 0.189454
v 23.184298 0.634305 0.795940
v 23.399021 0.453072 0.532015
v 23.476622 0.507733 1.279665
v 23.626202 0.340740 1.014144
v 23.954710 0.369467 1.634278
v 23.536022 0.240139 1.815956
v 23.777485 0.124618 2.244035
v 22.368465 0.833101 0.353871
v 22.153652 0.822974 0.751589
v 22.243803 0.743267 1.183147
v 22.643700 0.738148 0.732990
v 22.507919 0.641944 1.564020
v 22.906374 0.645433 1.055223
v 23.009741 0.527626 1.798138
v 23.255026 0.516084 1.518925
v 23.405916 0.396534 2.123654
v 16.815559 0.919465 2.791230
v 17.034996 0.856038 3.102645
v 17.151878 0.787088 3.437794
v 17.143280 0.716536 3.787002
v 16.558701 0.926656 2.613848
v 16.662722 0.837914 3.026536
v 16.762033 0.759057 3.398009
v 16.746058 0.687683 3.763260
v 16.746767 0.552157 4.412593
v 15.966858 0.698696 2.742153
v 16.212929 0.617255 3.108937
v 16.308109 0.524207 3.541098
v 16.293089 0.411315 4.074617
v 16.339348 0.446097 4.778898
v 15.446651 0.903885 2.926470
v 15.525978 0.809018 3.387675
v 15.619150 0.716373 3.792449
v 15.717911 0.590430 4.354734
v 15.868879 0.203908 5.245407
v 15.077851 0.893896 3.187504
v 14.968030 0.814219 3.614151
v 15.036440 0.712857 4.072744
v 15.370848 0.602328 4.502439
v 15.563146 0.478212 4.971562
v 15.839962 0.312896 4.749891
v 16.264101 0.901079 2.696744
v 16.439146 0.815988 3.086481
v 16.536392 0.730035 3.488297
v 16.520893 0.637903 3.937682
v 16.543058 0.499127 4.595746
v 15.708076 0.889694 2.853055
v 15.870774 0.801540 3.267049
v 15.964951 0.708693 3.685517
v 16.006821 0.589276 4.233418
v 16.806334 0.993595 2.810929
v 16.552990 1.001378 2.632238
v 16.657198 0.912840 3.044539
v 17.026760 0.930509 3.121429
v 16.756617 0.834375 3.414327
v 17.144928 0.862262 3.454115
v 16.740541 0.763215 3.778519
v 17.136747 0.791987 3.802258
v 16.741150 0.627561 4.428419
v 16.243393 0.967234 2.722473
v 16.416245 0.885903 3.110056
v 16.510647 0.800725 3.505866
v 16.493801 0.709070 3.950705
v 16.521595 0.570269 4.607211
v 15.966690 0.760443 2.756386
v 15.731085 0.960777 2.857024
v 15.895002 0.874536 3.274333
v 16.205666 0.691667 3.128395
v 15.990078 0.780620 3.698310
v 16.299406 0.599387 3.556610
v 16.038244 0.654048 4.261448
v 16.289856 0.487055 4.089497
v 16.310125 0.515782 4.790976
v 15.854263 0.386453 4.768683
v 15.881433 0.270933 5.259416
v 15.453993 0.979416 2.940935
v 15.085395 0.969289 3.202585
v 14.975325 0.889582 3.629497
v 15.533108 0.884463 3.402698
v 15.043694 0.788259 4.087915
v 15.626125 0.791748 3.807889
v 15.390165 0.673941 4.519880
v 15.733665 0.662399 4.377988
v 15.601458 0.542849 4.987076
v 7.923905 1.993190 -1.452226
v 7.774982 1.929763 -1.101577
v 7.551824 1.860813 -0.825559
v 7.250561 1.790262 -0.648751
v 7.939206 2.000381 -1.764004
v 7.643379 1.911639 -1.458034
v 7.380091 1.832782 -1.177795
v 7.061307 1.761408 -0.998797
v 6.509928 1.625882 -0.655846
v 7.518145 1.772421 -2.199260
v 7.336216 1.690980 -1.796789
v 7.019183 1.597932 -1.488063
v 6.557920 1.485040 -1.219538
v 5.983867 1.519822 -0.808911
v 7.087257 1.977610 -2.544113
v 6.737185 1.882743 -2.233546
v 6.442362 1.790098 -1.940966
v 6.016647 1.664155 -1.560593
v 5.339418 1.277633 -0.962721
v 6.671008 1.967621 -2.719866
v 6.250576 1.887944 -2.588241
v 5.896967 1.786582 -2.288327
v 5.708156 1.676053 -1.777625
v 5.410918 1.551937 -1.366889
v 5.745222 1.386621 -1.248544
v 7.713446 1.974805 -1.970628
v 7.474568 1.889713 -1.616407
v 7.184406 1.803760 -1.321924
v 6.794383 1.711628 -1.098164
v 6.246897 1.572852 -0.732378
v 7.287471 1.963419 -2.360682
v 7.021471 1.875265 -2.004163
v 6.715542 1.782418 -1.703510
v 6.272054 1.663001 -1.379061
v 7.902302 2.067320 -1.449679
v 7.920569 2.075103 -1.759161
v 7.625170 1.986565 -1.453236
v 7.754680 2.004234 -1.098673
v 7.363369 1.908101 -1.173794
v 7.534290 1.935987 -0.822859
v 7.045432 1.836941 -0.995440
v 7.234152 1.865712 -0.646260
v 6.493520 1.701287 -0.652276
v 7.680666 2.040959 -1.974658
v 7.442460 1.959628 -1.623436
v 7.155905 1.874450 -1.334537
v 6.769032 1.782795 -1.114319
v 6.225841 1.643994 -0.744571
v 7.505962 1.834168 -2.191899
v 7.296230 2.034502 -2.339038
v 7.028055 1.948261 -1.979735
v 7.315853 1.765392 -1.792701
v 6.717919 1.854345 -1.675414
v 7.001413 1.673112 -1.487280
v 6.264804 1.727773 -1.337582
v 6.543571 1.560781 -1.214439
v 5.958197 1.589507 -0.827375
v 5.736794 1.460179 -1.226483
v 5.334133 1.344658 -0.944667
v 7.078836 2.053141 -2.530249
v 6.662170 2.043015 -2.705504
v 6.241383 1.963307 -2.573952
v 6.728178 1.958188 -2.219568
v 5.887901 1.861984 -2.274165
v 6.432920 1.865474 -1.926899
v 5.703521 1.747666 -1.752015
v 6.005193 1.736124 -1.534946
v 5.417935 1.616574 -1.326155
v -6.528107 4.171785 1.412533
v -6.188802 4.108358 1.585754
v -5.929167 4.039408 1.827777
v -5.773991 3.968857 2.140732
v -6.838036 4.178977 1.375337
v -6.553634 4.090234 1.691955
v -6.292611 4.011377 1.974306
v -6.136483 3.940003 2.304891
v -5.833170 3.804477 2.879030
v -7.301834 3.951017 1.764735
v -6.913158 3.869575 1.974527
v -6.627500 3.776527 2.312493
v -6.392089 3.663636 2.791503
v -6.022862 3.698418 3.393020
v -7.676145 4.156205 2.170296
v -7.390973 4.061338 2.541349
v -7.119859 3.968693 2.856023
v -6.770376 3.842751 3.307443
v -6.221626 3.456229 4.025052
v -7.880744 4.146216 2.573151
v -7.779022 4.066539 3.001801
v -7.504726 3.965177 3.375631
v -7.008572 3.854649 3.599901
v -6.619763 3.730532 3.925297
v -6.478195 3.565216 3.600147
v -7.060029 4.153400 1.586003
v -6.723490 4.068308 1.849207
v -6.450150 3.982355 2.159366
v -6.254381 3.890223 2.564164
v -5.928016 3.751447 3.136026
v -7.479084 4.142015 1.983482
v -7.142160 4.053860 2.273904
v -6.863773 3.961014 2.600225
v -6.571327 3.841596 3.065439
v -6.527086 4.245916 1.434262
v -6.834517 4.253698 1.394268
v -6.550130 4.165160 1.710457
v -6.187334 4.182829 1.606211
v -6.289796 4.086696 1.991267
v -5.927707 4.114583 1.845456
v -6.134250 4.015536 2.320963
v -5.772659 4.044308 2.157274
v -5.830762 3.879882 2.895649
v -7.066356 4.219555 1.618418
v -6.732761 4.138224 1.880741
v -6.464736 4.053045 2.186910
v -6.272280 3.961390 2.588315
v -5.941659 3.822589 3.156172
v -7.295349 4.012764 1.777406
v -7.456877 4.213098 1.976268
v -7.117330 4.126856 2.269055
v -6.910513 3.943987 1.995126
v -6.835579 4.032940 2.599830
v -6.627969 3.851707 2.330273
v -6.530460 3.906368 3.075588
v -6.388012 3.739376 2.806174
v -6.043086 3.768103 3.417328
v -6.456781 3.638774 3.610106
v -6.203990 3.523253 4.031594
v -7.662908 4.231736 2.179672
v -7.867040 4.221610 2.582977
v -7.765415 4.141903 3.011976
v -7.377664 4.136784 2.551317
v -7.491237 4.040580 3.385671
v -7.106491 4.044069 2.866432
v -6.983351 3.926261 3.606326
v -6.745598 3.914719 3.320672
v -6.578637 3.795169 3.921164
v -8.973411 4.332413 1.161562
v -9.216661 4.129436 0.940688
v -9.359540 3.905652 0.695237
v -9.378432 3.668409 0.429989
v -8.703399 4.417819 1.293056
v -8.839554 4.137361 0.990052
v -8.967772 3.886020 0.717176
v -8.980574 3.639687 0.438046
v -9.032348 3.195467 -0.051840
v -8.123480 4.132936 1.257820
v -8.397635 3.887566 1.000242
v -8.526509 3.593225 0.682067
v -8.553493 3.226288 0.279275
v -8.655001 2.903111 -0.340897
v -7.619381 4.196358 0.960244
v -7.734735 3.885176 0.616933
v -7.859451 3.604909 0.321972
v -8.002129 3.216736 -0.091240
v -8.222679 2.440291 -0.651579
v -7.272252 4.041487 0.715766
v -7.196326 3.753308 0.381663
v -7.300591 3.437406 0.043142
v -7.667757 3.138741 -0.247841
v -7.896355 2.802826 -0.575506
v -8.154880 2.782955 -0.282479
v -8.416230 4.342250 1.214705
v -8.621386 4.079336 0.934414
v -8.749931 3.806495 0.638889
v -8.769824 3.499860 0.297928
v -8.843675 3.049288 -0.196369
v -7.874221 4.231520 1.048299
v -8.068975 3.953244 0.747855
v -8.195770 3.665939 0.441287
v -8.280602 3.288385 0.033285
v -8.965763 4.386070 1.106509
v -8.699152 4.472787 1.239069
v -8.835463 4.192708 0.936306
v -9.209927 4.183888 0.886317
v -8.963657 3.942559 0.664689
v -9.353895 3.962004 0.642715
v -8.976274 3.696940 0.386354
v -9.373119 3.725552 0.378272
v -9.027993 3.252320 -0.103961
v -8.397611 4.385531 1.157721
v -8.600409 4.126859 0.877229
v -8.725649 3.857601 0.586287
v -8.743839 3.553616 0.248902
v -8.823181 3.104032 -0.243659
v -8.124432 4.179026 1.214345
v -7.897471 4.291759 1.010502
v -8.093701 4.013511 0.706322
v -8.391925 3.941666 0.945387
v -8.221827 3.722543 0.395618
v -8.519053 3.649920 0.630120
v -8.314134 3.331385 -0.021443
v -8.551442 3.284002 0.227959
v -8.626818 2.955979 -0.388506
v -8.170615 2.837512 -0.334867
v -8.236296 2.491553 -0.696668
v -7.627836 4.254520 0.910108
v -7.280959 4.099229 0.665184
v -7.204805 3.810882 0.330852
v -7.743022 3.942976 0.566346
v -7.309016 3.495099 -0.007542
v -7.867620 3.662432 0.271051
v -7.688387 3.192500 -0.297742
v -8.019663 3.267730 -0.146564
v -7.935768 2.852294 -0.618933
v 6.026560 1.960102 -4.051124
v 6.019087 1.677823 -4.314600
v 6.109877 1.414157 -4.544767
v 6.312510 1.184911 -4.727479
v 6.140079 2.142898 -3.824871
v 6.284937 1.828789 -4.088232
v 6.410624 1.544926 -4.328436
v 6.628350 1.309447 -4.517914
v 6.991301 0.874041 -4.862429
v 6.702305 2.099145 -3.507548
v 6.703763 1.765557 -3.808265
v 6.866847 1.441222 -4.077876
v 7.177992 1.087574 -4.353078
v 7.533961 0.743988 -4.857653
v 7.236532 2.346254 -3.522644
v 7.429014 2.011225 -3.803195
v 7.578432 1.701714 -4.054160
v 7.811402 1.284403 -4.390843
v 8.184965 0.476898 -4.807827
v 7.688258 2.332356 -3.524343
v 8.018118 2.091307 -3.707440
v 8.218184 1.756167 -3.977471
v 8.181668 1.337641 -4.341046
v 8.284977 0.936898 -4.659152
v 7.931506 0.823252 -4.535711
v 6.430591 2.181230 -3.732954
v 6.503749 1.857382 -4.014994
v 6.648135 1.553282 -4.269900
v 6.912570 1.258720 -4.502240
v 7.262631 0.809014 -4.860041
v 6.978817 2.282908 -3.581840
v 7.075788 1.948599 -3.872474
v 7.232039 1.631676 -4.132762
v 7.504095 1.246197 -4.438705
v 6.045233 2.012103 -4.105122
v 6.155107 2.194830 -3.879928
v 6.299594 1.881016 -4.143242
v 6.036427 1.730220 -4.368641
v 6.424247 1.598277 -4.382626
v 6.124773 1.467915 -4.598190
v 6.641464 1.363536 -4.571494
v 6.326465 1.239283 -4.780555
v 7.004814 0.927777 -4.916258
v 6.462152 2.227778 -3.780957
v 6.535925 1.908747 -4.062898
v 6.679302 1.609263 -4.313066
v 6.942311 1.317832 -4.542111
v 7.286832 0.866973 -4.901372
v 6.710413 2.140995 -3.554432
v 6.961974 2.329439 -3.637957
v 7.059791 1.994559 -3.932477
v 6.720675 1.817235 -3.863147
v 7.218382 1.673702 -4.196134
v 6.882744 1.495991 -4.129992
v 7.493752 1.272712 -4.510528
v 7.189000 1.141241 -4.407550
v 7.564938 0.803129 -4.895054
v 7.930177 0.867236 -4.599211
v 8.182407 0.518709 -4.863428
v 7.238548 2.396359 -3.581410
v 7.690451 2.381971 -3.583519
v 8.020665 2.140851 -3.766663
v 7.431519 2.061052 -3.862181
v 8.220666 1.805843 -4.036584
v 7.581297 1.751328 -4.113310
v 8.175426 1.379054 -4.404699
v 7.811368 1.324378 -4.456953
v 8.261918 0.967273 -4.725725
v 1.520708 -1.440666 1.169613
v 1.791023 -1.716435 1.175729
v 1.975745 -2.021365 1.236019
v 2.052828 -2.346812 1.359066
v 1.239816 -1.308874 1.204572
v 1.430530 -1.689163 1.294096
v 1.607588 -2.030514 1.372858
v 1.682827 -2.369968 1.506528
v 1.839524 -2.976541 1.724513
v 0.676909 -1.583414 1.367266
v 0.982008 -1.912909 1.375093
v 1.169468 -2.312104 1.475003
v 1.283836 -2.812392 1.660058
v 1.555634 -3.362319 2.010866
v 0.341430 -1.648628 1.846735
v 0.523221 -2.073536 1.966769
v 0.700518 -2.450346 2.054438
v 0.920495 -2.974187 2.192207
v 1.200882 -3.912370 2.273966
v 0.091585 -1.890743 2.135197
v 0.099737 -2.291045 2.335519
v 0.268823 -2.718288 2.454407
v 0.662125 -3.110038 2.431374
v 0.936850 -3.550946 2.482212
v 1.057976 -3.448114 2.124655
v 0.995238 -1.410234 1.360208
v 1.243145 -1.765127 1.408884
v 1.425403 -2.135400 1.498220
v 1.520206 -2.555270 1.657583
v 1.697579 -3.169430 1.867689
v 0.546045 -1.580112 1.681290
v 0.789490 -1.957313 1.745220
v 0.971868 -2.345316 1.839010
v 1.139041 -2.857379 2.000422
v 1.543688 -1.414466 1.238562
v 1.265711 -1.281037 1.271719
v 1.456540 -1.660883 1.361120
v 1.814712 -1.689228 1.244032
v 1.633303 -2.000628 1.439297
v 2.000050 -1.991665 1.303050
v 1.708196 -2.339104 1.572652
v 2.077264 -2.316059 1.425589
v 1.864936 -2.946218 1.790864
v 1.007198 -1.394293 1.431413
v 1.253757 -1.745405 1.482823
v 1.431884 -2.110527 1.571075
v 1.524237 -2.526511 1.729173
v 1.706119 -3.139051 1.935934
v 0.702051 -1.559332 1.420212
v 0.591741 -1.540779 1.725594
v 0.837946 -1.919494 1.792021
v 1.006752 -1.886222 1.443239
v 1.022474 -2.312538 1.887314
v 1.191965 -2.281856 1.542437
v 1.197559 -2.840724 2.048032
v 1.311186 -2.780950 1.725111
v 1.556978 -3.333786 2.081859
v 1.101382 -3.419978 2.182037
v 1.239039 -3.884231 2.324940
v 0.377973 -1.616284 1.906623
v 0.128453 -1.858966 2.195192
v 0.136457 -2.259516 2.395736
v 0.559720 -2.041709 2.026963
v 0.305465 -2.686598 2.514584
v 0.736987 -2.418909 2.114856
v 0.708908 -3.081599 2.484367
v 0.966040 -2.950506 2.249941
v 0.997550 -3.523737 2.520443
v 19.371939 0.215871 0.017589
v 19.349865 -0.015177 -0.291094
v 19.427467 -0.218126 -0.580109
v 19.618673 -0.377837 -0.834922
v 19.502661 0.373364 0.253384
v 19.632904 0.135595 -0.086483
v 19.745102 -0.079739 -0.394893
v 19.950493 -0.241961 -0.659951
v 20.292805 -0.549213 -1.137884
v 20.116131 0.366527 0.459085
v 20.102098 0.093313 0.102894
v 20.250179 -0.150440 -0.248013
v 20.545010 -0.398179 -0.634426
v 20.838350 -0.590100 -1.248004
v 20.602131 0.694482 0.404877
v 20.778084 0.446864 0.036463
v 20.914558 0.212190 -0.291271
v 21.129559 -0.099488 -0.736703
v 21.515244 -0.754654 -1.359192
v 21.043282 0.753182 0.326172
v 21.359749 0.602316 0.047740
v 21.545107 0.354013 -0.311773
v 21.492798 0.002804 -0.739089
v 21.583048 -0.316557 -1.141983
v 21.276896 -0.504299 -0.986684
v 19.798195 0.441316 0.301930
v 19.856300 0.185825 -0.046098
v 19.986439 -0.043719 -0.375757
v 20.236551 -0.248698 -0.701492
v 20.565578 -0.569657 -1.192944
v 20.347931 0.601876 0.377677
v 20.428890 0.341460 0.015375
v 20.571167 0.102246 -0.323946
v 20.826084 -0.177462 -0.739868
v 19.373238 0.278576 -0.027522
v 19.500217 0.435601 0.207835
v 19.630072 0.198050 -0.131868
v 19.349808 0.047707 -0.335951
v 19.741278 -0.016493 -0.439095
v 19.424976 -0.154412 -0.623700
v 19.946198 -0.178182 -0.703334
v 19.615257 -0.313734 -0.877903
v 20.288895 -0.485671 -1.181644
v 19.813873 0.499753 0.259427
v 19.871988 0.249028 -0.087666
v 20.001471 0.023008 -0.411674
v 20.250427 -0.179711 -0.733376
v 20.573929 -0.502425 -1.225555
v 20.109785 0.416470 0.420604
v 20.314941 0.653964 0.335292
v 20.396055 0.393786 -0.031017
v 20.101555 0.155572 0.057155
v 20.540459 0.151690 -0.374749
v 20.248785 -0.085805 -0.290308
v 20.798939 -0.141143 -0.802419
v 20.538548 -0.334995 -0.678408
v 20.853897 -0.521308 -1.277699
v 21.257915 -0.450967 -1.039258
v 21.496853 -0.704969 -1.404352
v 20.586544 0.753499 0.357526
v 21.027847 0.811821 0.278300
v 21.344660 0.660948 -0.000249
v 20.762964 0.505726 -0.011235
v 21.529961 0.412746 -0.359621
v 20.899784 0.270930 -0.339228
v 21.469330 0.052880 -0.791505
v 21.111847 -0.049404 -0.792796
v 21.544044 -0.279398 -1.196611
v 3.754306 1.741691 -2.598488
v 3.426140 1.538714 -2.582266
v 3.151461 1.314930 -2.654462
v 2.950331 1.077687 -2.828416
v 4.038095 1.827098 -2.696781
v 3.727418 1.546639 -2.814383
v 3.443677 1.295298 -2.916326
v 3.237022 1.048965 -3.104397
v 2.853633 0.604745 -3.413723
v 4.422713 1.542215 -3.132230
v 4.046736 1.296844 -3.120050
v 3.730462 1.002503 -3.253521
v 3.426240 0.635566 -3.518888
v 2.915490 0.312389 -3.885017
v 4.568057 1.605636 -3.699277
v 4.243536 1.294454 -3.860072
v 3.946633 1.014187 -3.980092
v 3.553327 0.626014 -4.170910
v 3.000863 -0.150431 -4.410504
v 4.640133 1.450765 -4.117694
v 4.457221 1.162586 -4.407406
v 4.143923 0.846684 -4.572669
v 3.678607 0.548019 -4.518233
v 3.285185 0.212105 -4.587804
v 3.310056 0.192233 -4.197830
v 4.185436 1.751529 -2.955422
v 3.842109 1.488614 -3.008133
v 3.542102 1.215773 -3.125840
v 3.286663 0.909138 -3.352559
v 2.884561 0.458566 -3.649371
v 4.450417 1.640798 -3.456670
v 4.100168 1.362522 -3.530978
v 3.793579 1.075217 -3.657723
v 3.444816 0.697663 -3.885815
v 3.720731 1.795349 -2.642784
v 4.002872 1.882065 -2.737916
v 3.692258 1.601986 -2.855237
v 3.392403 1.593166 -2.625433
v 3.409425 1.351837 -2.956308
v 3.118264 1.371282 -2.695552
v 3.203462 1.106218 -3.143948
v 2.917470 1.134830 -2.868703
v 2.819808 0.661598 -3.453616
v 4.158242 1.794809 -3.008849
v 3.816438 1.536137 -3.063370
v 3.522011 1.266879 -3.180182
v 3.270307 0.962894 -3.405580
v 2.865555 0.513310 -3.697277
v 4.391262 1.588304 -3.162261
v 4.407238 1.701037 -3.466903
v 4.053302 1.422789 -3.542805
v 4.011933 1.350944 -3.162834
v 3.742845 1.131821 -3.671530
v 3.698951 1.059198 -3.295488
v 3.382389 0.740664 -3.900727
v 3.391359 0.693280 -3.556581
v 2.901689 0.365257 -3.938593
v 3.261855 0.246790 -4.223688
v 2.959325 -0.099169 -4.432708
v 4.526590 1.663799 -3.728699
v 4.598173 1.508507 -4.147254
v 4.415260 1.220160 -4.437289
v 4.201869 1.352254 -3.889931
v 4.102090 0.904377 -4.602499
v 3.904814 1.071710 -4.010272
v 3.628709 0.601778 -4.538870
v 3.501776 0.677008 -4.197569
v 3.226604 0.261572 -4.590572
v 28.240604 -0.826240 0.359609
v 28.614660 -0.731171 0.373744
v 28.967249 -0.716543 0.452528
v 29.279255 -0.795766 0.605413
v 27.982611 -0.996445 0.403891
v 28.401377 -1.010216 0.519871
v 28.780338 -1.017766 0.621873
v 29.102854 -1.104092 0.787068
v 29.691631 -1.242137 1.059624
v 27.923321 -1.593064 0.647274
v 28.361134 -1.494716 0.666275
v 28.793915 -1.519271 0.795031
v 29.271671 -1.645147 1.026369
v 29.862888 -1.638301 1.413378
v 27.782127 -1.847499 1.159151
v 28.233002 -1.886966 1.311326
v 28.642061 -1.910750 1.426264
v 29.196377 -1.964345 1.604140
v 30.140585 -2.180108 1.769688
v 27.847116 -2.142696 1.495138
v 28.184107 -2.307687 1.739377
v 28.630592 -2.359355 1.891829
v 29.168461 -2.220662 1.879701
v 29.684181 -2.197931 1.956995
v 29.677294 -2.091739 1.580472
v 27.936716 -1.235166 0.591563
v 28.365007 -1.192878 0.659054
v 28.770878 -1.208930 0.774433
v 29.171013 -1.315032 0.972699
v 29.777260 -1.440219 1.236501
v 27.836475 -1.660694 0.969193
v 28.280819 -1.631253 1.054781
v 28.701738 -1.655422 1.176629
v 29.217775 -1.745158 1.381235
v 28.225933 -0.784115 0.422686
v 27.968115 -0.951254 0.464733
v 28.386564 -0.964723 0.580530
v 28.599520 -0.688025 0.436000
v 28.764030 -0.971806 0.681792
v 28.950350 -0.671803 0.513180
v 29.085545 -1.057985 0.846591
v 29.261547 -0.750458 0.665428
v 29.674797 -1.196230 1.119432
v 27.925133 -1.207280 0.659056
v 28.349337 -1.163890 0.728930
v 28.748741 -1.181065 0.843004
v 29.144361 -1.287502 1.039783
v 29.751696 -1.408477 1.299684
v 27.912460 -1.552324 0.694577
v 27.823437 -1.595935 1.004326
v 28.270346 -1.564543 1.092313
v 28.346985 -1.450947 0.728344
v 28.696608 -1.589176 1.216045
v 28.775604 -1.475751 0.856179
v 29.230558 -1.680255 1.421143
v 29.254934 -1.597201 1.084588
v 29.835098 -1.613267 1.480138
v 29.671986 -2.032733 1.630055
v 30.132963 -2.126469 1.813402
v 27.769573 -1.791934 1.211333
v 27.835211 -2.087120 1.547464
v 28.172327 -2.252332 1.791965
v 28.220854 -1.831654 1.363876
v 28.618637 -2.303991 1.944366
v 28.630220 -1.855627 1.479084
v 29.164854 -2.159210 1.924605
v 29.195965 -1.905675 1.654401
v 29.689528 -2.127184 1.986197
v 0.905736 -0.944255 -0.058133
v 0.543985 -1.076222 -0.087739
v 0.229578 -1.204980 -0.211470
v -0.016507 -1.322629 -0.440814
v 1.199770 -0.882118 -0.142835
v 0.838345 -1.039776 -0.325926
v 0.509267 -1.181348 -0.486358
v 0.255811 -1.301207 -0.731616
v -0.211442 -1.526187 -1.145209
v 1.515483 -1.055143 -0.680509
v 1.098413 -1.215749 -0.724916
v 0.728575 -1.379356 -0.927235
v 0.354725 -1.563895 -1.279078
v -0.213909 -1.634534 -1.692632
v 1.664480 -0.818638 -1.198733
v 1.282924 -0.986280 -1.431787
v 0.935009 -1.145389 -1.618188
v 0.470430 -1.360121 -1.900741
v -0.227763 -1.883479 -2.352527
v 1.699899 -0.822196 -1.649272
v 1.460319 -0.947915 -2.005969
v 1.088776 -1.120296 -2.245765
v 0.574017 -1.328705 -2.262258
v 0.120996 -1.539424 -2.413350
v 0.145577 -1.703006 -2.058765
v 1.326404 -0.884525 -0.422609
v 0.937155 -1.043657 -0.536358
v 0.587698 -1.196246 -0.717733
v 0.274045 -1.348446 -1.016284
v -0.212676 -1.580361 -1.418921
v 1.558759 -0.852785 -0.950558
v 1.159446 -1.016909 -1.089288
v 0.800569 -1.178267 -1.283648
v 0.381355 -1.377903 -1.600846
v 0.883018 -0.873083 -0.077803
v 1.175731 -0.810590 -0.158962
v 0.814445 -0.968015 -0.341663
v 0.521278 -1.004701 -0.106062
v 0.486502 -1.108975 -0.500937
v 0.207799 -1.132571 -0.227233
v 0.233872 -1.228464 -0.745597
v -0.037791 -1.249847 -0.455577
v -0.233724 -1.453637 -1.159628
v 1.307781 -0.820703 -0.454967
v 0.920849 -0.975577 -0.569034
v 0.577580 -1.126225 -0.748767
v 0.268127 -1.277156 -1.045458
v -0.220940 -1.509533 -1.442763
v 1.493495 -0.996432 -0.689717
v 1.528298 -0.786156 -0.935367
v 1.125360 -0.949010 -1.075273
v 1.074595 -1.144496 -0.742919
v 0.761944 -1.112302 -1.272454
v 0.708508 -1.306621 -0.943831
v 0.328557 -1.321859 -1.594521
v 0.331603 -1.491161 -1.291058
v -0.217504 -1.564318 -1.722844
v 0.108899 -1.635019 -2.059734
v -0.258526 -1.821035 -2.351793
v 1.635081 -0.747287 -1.202304
v 1.669932 -0.751091 -1.653080
v 1.430313 -0.876847 -2.010137
v 1.253251 -0.915067 -1.435878
v 1.058921 -1.049161 -2.249854
v 0.905129 -1.074286 -1.622663
v 0.535574 -1.263026 -2.258502
v 0.429754 -1.294496 -1.903439
v 0.073381 -1.482551 -2.393736
v 20.659822 -0.438961 1.021375
v 20.816988 -0.769483 1.144707
v 20.878309 -1.085462 1.309439
v 20.825224 -1.369968 1.517373
v 20.438967 -0.224686 0.968459
v 20.476851 -0.602774 1.179697
v 20.516510 -0.944364 1.368949
v 20.455736 -1.238051 1.589883
v 20.370211 -1.775455 1.969204
v 19.801764 -0.259415 1.075565
v 19.972807 -0.648814 1.219877
v 20.000034 -1.040187 1.444746
v 19.915035 -1.477463 1.759671
v 19.941586 -1.960101 2.275149
v 19.413326 -0.081802 1.480855
v 19.424236 -0.489165 1.729730
v 19.450996 -0.860584 1.935737
v 19.461714 -1.364454 2.232011
v 19.393194 -2.279655 2.583010
v 19.065399 -0.145259 1.762232
v 18.913824 -0.455266 2.047465
v 18.912207 -0.861267 2.293273
v 19.147659 -1.342604 2.440107
v 19.247469 -1.812106 2.645205
v 19.435276 -1.856460 2.304829
v 20.158834 -0.199312 1.091738
v 20.263298 -0.583056 1.269513
v 20.296741 -0.949537 1.476573
v 20.223856 -1.315018 1.744503
v 20.155899 -1.867778 2.122177
v 19.646015 -0.127870 1.347936
v 19.736992 -0.526251 1.544529
v 19.763985 -0.907647 1.759967
v 19.726845 -1.378221 2.065567
v 20.682596 -0.402410 1.085515
v 20.465219 -0.188032 1.031080
v 20.503376 -0.565784 1.242120
v 20.840837 -0.732411 1.208137
v 20.543375 -0.905991 1.430385
v 20.903728 -1.046667 1.371202
v 20.482647 -1.198772 1.650723
v 20.851183 -1.330397 1.578434
v 20.396954 -1.736617 2.030395
v 20.167564 -0.168152 1.158221
v 20.271763 -0.547271 1.337456
v 20.303234 -0.908130 1.541472
v 20.229532 -1.269696 1.806810
v 20.166706 -1.823286 2.181815
v 19.827600 -0.229989 1.125383
v 19.697206 -0.093185 1.390059
v 19.789965 -0.493064 1.589927
v 19.997482 -0.612577 1.283489
v 19.817072 -0.879268 1.808392
v 20.023911 -1.000235 1.506408
v 19.781874 -1.367093 2.118637
v 19.944111 -1.438559 1.819749
v 19.944742 -1.914347 2.336407
v 19.479050 -1.827565 2.361551
v 19.432783 -2.251003 2.632588
v 19.451860 -0.046303 1.537626
v 19.104031 -0.110344 1.819302
v 18.952208 -0.420469 2.104774
v 19.462519 -0.454037 1.786905
v 18.950577 -0.826311 2.350492
v 19.489094 -0.825738 1.993207
v 19.195175 -1.315695 2.493247
v 19.505922 -1.340158 2.290524
v 19.309185 -1.794691 2.687327
v -7.934029 4.417200 2.701016
v -8.163752 4.353773 3.004925
v -8.447333 4.284822 3.218389
v -8.782549 4.214272 3.316628
v -7.843369 4.424391 2.402318
v -8.204721 4.335649 2.627165
v -8.528255 4.256792 2.834965
v -8.880998 4.185418 2.931068
v -9.499224 4.049891 3.129640
v -8.145946 4.196431 1.877735
v -8.420285 4.114990 2.223883
v -8.802877 4.021942 2.446246
v -9.315594 3.909050 2.594539
v -9.972271 3.943832 2.853243
v -8.480037 4.401620 1.438451
v -8.895123 4.306753 1.654565
v -9.252246 4.214108 1.866667
v -9.757681 4.088165 2.132097
v -10.559970 3.701643 2.547334
v -8.841051 4.391631 1.166751
v -9.280872 4.311954 1.192183
v -9.696798 4.210592 1.397104
v -10.004134 4.100063 1.846561
v -10.392332 3.975947 2.172685
v -10.096842 3.810631 2.368773
v -8.012106 4.398814 2.146997
v -8.329952 4.313723 2.432495
v -8.683015 4.227770 2.647576
v -9.115745 4.135638 2.769773
v -9.735747 3.996862 2.991441
v -8.330440 4.387429 1.665063
v -8.675154 4.299274 1.946195
v -9.045012 4.206428 2.163427
v -9.554086 4.087011 2.370288
v -7.955603 4.491330 2.698233
v -7.862624 4.499113 2.402484
v -8.223551 4.410575 2.627390
v -8.184152 4.428244 3.002804
v -8.545447 4.332110 2.834780
v -8.464996 4.359997 3.216744
v -8.897212 4.260950 2.930464
v -8.799070 4.289722 3.315055
v -9.516007 4.125297 3.129113
v -8.042921 4.464969 2.135116
v -8.359386 4.383638 2.417868
v -8.707595 4.298460 2.628410
v -9.136406 4.206805 2.747938
v -9.753206 4.068004 2.974495
v -8.159553 4.258178 1.881912
v -8.327208 4.458512 1.688188
v -8.674707 4.372271 1.971491
v -8.441031 4.189402 2.222897
v -9.049538 4.278355 2.191258
v -8.820305 4.097122 2.442684
v -9.571205 4.151783 2.408760
v -9.330751 3.984790 2.595996
v -9.992681 4.013517 2.829091
v -10.110381 3.884188 2.388122
v -10.569487 3.768668 2.563560
v -8.491576 4.477151 1.449851
v -8.853116 4.467024 1.178532
v -9.293263 4.387317 1.203808
v -8.907260 4.382198 1.665933
v -9.709036 4.285995 1.408637
v -9.264826 4.289483 1.878016
v -10.014856 4.171676 1.870275
v -9.775028 4.160133 2.154188
v -10.395432 4.040584 2.213902
vt 0.362107 0.510075
vt 0.327703 0.548186
vt 0.328289 0.476167
vt 0.385858 0.450779
vt 0.330838 0.411162
vt 0.392964 0.391662
vt 0.316024 0.351284
vt 0.379497 0.334289
vt 0.292734 0.242996
vt 0.274109 0.545114
vt 0.286363 0.474111
vt 0.287356 0.404374
vt 0.270427 0.330360
vt 0.250111 0.220634
vt 0.216261 0.543127
vt 0.161677 0.540026
vt 0.173784 0.465821
vt 0.238451 0.472094
vt 0.174861 0.393208
vt 0.238465 0.398158
vt 0.164220 0.300989
vt 0.220043 0.309894
vt 0.210017 0.194643
vt 0.131816 0.207705
vt 0.121688 0.124636
vt 0.112968 0.536527
vt 0.043519 0.505812
vt 0.011537 0.437696
vt 0.110068 0.457444
vt 0.008793 0.357823
vt 0.111877 0.387220
vt 0.054410 0.274015
vt 0.113381 0.288686
vt 0.074011 0.187058
vt 0.425127 0.513080
vt 0.399989 0.453998
vt 0.458738 0.478012
vt 0.461313 0.550322
vt 0.391805 0.394416
vt 0.454713 0.412564
vt 0.404200 0.336363
vt 0.468369 0.351983
vt 0.489607 0.243052
vt 0.497502 0.475354
vt 0.512209 0.546721
vt 0.494647 0.404412
vt 0.510259 0.329170
vt 0.529426 0.218620
vt 0.572851 0.541969
vt 0.547652 0.471692
vt 0.617159 0.463687
vt 0.630086 0.537391
vt 0.546136 0.397177
vt 0.614809 0.391817
vt 0.563857 0.308583
vt 0.624311 0.301696
vt 0.567981 0.191896
vt 0.662543 0.122173
vt 0.653524 0.206057
vt 0.675864 0.534243
vt 0.677653 0.454990
vt 0.776037 0.433887
vt 0.745037 0.502579
vt 0.674680 0.384659
vt 0.777586 0.353792
vt 0.672853 0.287533
vt 0.732620 0.271281
vt 0.715198 0.184975
vt 0.794516 0.054795
vt 0.808444 0.141879
vt 0.786772 0.144193
vt 0.772890 0.057708
vt 0.952261 0.526653
vt 0.948862 0.637166
vt 0.926746 0.636924
vt 0.930148 0.526479
vt 0.952354 0.423138
vt 0.930246 0.423535
vt 0.948837 0.321178
vt 0.926732 0.321891
vt 0.912745 0.442193
vt 0.905318 0.631494
vt 0.886038 0.630826
vt 0.893466 0.441525
vt 0.812924 0.228504
vt 0.793266 0.235555
vt 0.915016 0.372556
vt 0.896500 0.369454
vt 0.868414 0.314535
vt 0.811151 0.391703
vt 0.791062 0.385145
vt 0.850526 0.315131
vt 0.954576 0.130710
vt 0.917596 0.302931
vt 0.899075 0.298232
vt 0.937300 0.132649
vt 0.804934 0.468250
vt 0.794760 0.595494
vt 0.772989 0.594006
vt 0.783170 0.466708
vt 0.963541 0.608713
vt 0.964002 0.482577
vt 0.985767 0.482819
vt 0.985306 0.609045
vt 0.965118 0.348860
vt 0.986881 0.349154
vt 0.969457 0.192386
vt 0.990780 0.189897
vt 0.903324 0.018598
vt 0.885524 0.025684
vt 0.963505 0.045442
vt 0.984641 0.040910
vt 0.362107 0.510075
vt 0.327702 0.548186
vt 0.328289 0.476167
vt 0.385858 0.450779
vt 0.330838 0.411162
vt 0.392964 0.391662
vt 0.316024 0.351284
vt 0.379497 0.334289
vt 0.292734 0.242996
vt 0.274109 0.545114
vt 0.286363 0.474111
vt 0.287356 0.404374
vt 0.270427 0.330360
vt 0.250111 0.220634
vt 0.216261 0.543127
vt 0.161677 0.540026
vt 0.173784 0.465821
vt 0.238451 0.472094
vt 0.174861 0.393208
vt 0.238465 0.398158
vt 0.164220 0.300989
vt 0.220043 0.309894
vt 0.210017 0.194643
vt 0.131816 0.207705
vt 0.121688 0.124636
vt 0.112968 0.536527
vt 0.043519 0.505812
vt 0.011537 0.437696
vt 0.110068 0.457444
vt 0.008793 0.357823
vt 0.111877 0.387220
vt 0.054410 0.274015
vt 0.113381 0.288686
vt 0.074011 0.187058
vt 0.425127 0.513080
vt 0.399989 0.453998
vt 0.458738 0.478012
vt 0.461313 0.550322
vt 0.391805 0.394416
vt 0.454713 0.412564
vt 0.404200 0.336363
vt 0.468369 0.351983
vt 0.489607 0.243052
vt 0.497502 0.475354
vt 0.512209 0.546721
vt 0.494647 0.404412
vt 0.510259 0.329170
vt 0.529426 0.218620
vt 0.572851 0.541969
vt 0.547653 0.471692
vt 0.617159 0.463687
vt 0.630086 0.537391
vt 0.546136 0.397177
vt 0.614809 0.391817
vt 0.563857 0.308583
vt 0.624311 0.301696
vt 0.567981 0.191896
vt 0.662543 0.122173
vt 0.653524 0.206057
vt 0.675864 0.534243
vt 0.677653 0.454990
vt 0.776037 0.433887
vt 0.745037 0.502579
vt 0.674680 0.384659
vt 0.777586 0.353792
vt 0.672853 0.287533
vt 0.732620 0.271281
vt 0.715199 0.184975
vt 0.794516 0.054795
vt 0.808444 0.141879
vt 0.786772 0.144193
vt 0.772890 0.057708
vt 0.952261 0.526653
vt 0.948862 0.637166
vt 0.926746 0.636924
vt 0.930148 0.526479
vt 0.952354 0.423138
vt 0.930246 0.423535
vt 0.948837 0.321178
vt 0.926732 0.321891
vt 0.912745 0.442193
vt 0.905318 0.631494
vt 0.886038 0.630826
vt 0.893466 0.441525
vt 0.812924 0.228504
vt 0.793266 0.235555
vt 0.915016 0.372556
vt 0.896500 0.369454
vt 0.868414 0.314535
vt 0.811151 0.391703
vt 0.791062 0.385145
vt 0.850526 0.315131
vt 0.954576 0.130710
vt 0.917596 0.302931
vt 0.899075 0.298232
vt 0.937300 0.132649
vt 0.804934 0.468250
vt 0.794760 0.595494
vt 0.772989 0.594006
vt 0.783170 0.466708
vt 0.963541 0.608713
vt 0.964002 0.482577
vt 0.985767 0.482819
vt 0.985306 0.609045
vt 0.965118 0.348860
vt 0.986881 0.349154
vt 0.969457 0.192386
vt 0.990780 0.189897
vt 0.903324 0.018598
vt 0.885524 0.025684
vt 0.963505 0.045442
vt 0.984641 0.040910
vt 0.362107 0.510075
vt 0.327702 0.548186
vt 0.328289 0.476167
vt 0.385858 0.450779
vt 0.330838 0.411162
vt 0.392964 0.391662
vt 0.316024 0.351284
vt 0.379497 0.334289
vt 0.292734 0.242996
vt 0.274109 0.545114
vt 0.286363 0.474111
vt 0.287356 0.404374
vt 0.270427 0.330360
vt 0.250111 0.220634
vt 0.216261 0.543127
vt 0.161677 0.540026
vt 0.173784 0.465821
vt 0.238451 0.472094
vt 0.174861 0.393208
vt 0.238465 0.398158
vt 0.164220 0.300989
vt 0.220043 0.309894
vt 0.210017 0.194643
vt 0.131816 0.207705
vt 0.121688 0.124636
vt 0.112968 0.536527
vt 0.043519 0.505812
vt 0.011537 0.437696
vt 0.110068 0.457444
vt 0.008793 0.357823
vt 0.111877 0.387220
vt 0.054410 0.274015
vt 0.113381 0.288686
vt 0.074011 0.187058
vt 0.425127 0.513080
vt 0.399989 0.453998
vt 0.458738 0.478012
vt 0.461313 0.550322
vt 0.391805 0.394416
vt 0.454713 0.412564
vt 0.404200 0.336363
vt 0.468369 0.351983
vt 0.489607 0.243052
vt 0.497502 0.475354
vt 0.512209 0.546721
vt 0.494647 0.404412
vt 0.510259 0.329170
vt 0.529426 0.218620
vt 0.572851 0.541969
vt 0.547653 0.471692
vt 0.617159 0.463687
vt 0.630086 0.537391
vt 0.546136 0.397177
vt 0.614809 0.391817
vt 0.563857 0.308583
vt 0.624311 0.301696
vt 0.567981 0.191896
vt 0.662543 0.122173
vt 0.653524 0.206057
vt 0.675864 0.534243
vt 0.677653 0.454990
vt 0.776037 0.433887
vt 0.745037 0.502579
vt 0.674680 0.384659
vt 0.777586 0.353792
vt 0.672853 0.287533
vt 0.732620 0.271281
vt 0.715199 0.184975
vt 0.794516 0.054795
vt 0.808444 0.141879
vt 0.786772 0.144193
vt 0.772890 0.057708
vt 0.952261 0.526653
vt 0.948862 0.637166
vt 0.926746 0.636924
vt 0.930148 0.526479
vt 0.952354 0.423138
vt 0.930246 0.423535
vt 0.948837 0.321178
vt 0.926732 0.321891
vt 0.912745 0.442193
vt 0.905318 0.631494
vt 0.886038 0.630826
vt 0.893466 0.441525
vt 0.812924 0.228504
vt 0.793266 0.235555
vt 0.915016 0.372556
vt 0.896500 0.369454
vt 0.868414 0.314535
vt 0.811151 0.391703
vt 0.791062 0.385145
vt 0.850526 0.315131
vt 0.954576 0.130710
vt 0.917596 0.302931
vt 0.899075 0.298232
vt 0.937300 0.132649
vt 0.804934 0.468250
vt 0.794760 0.595494
vt 0.772989 0.594006
vt 0.783170 0.466708
vt 0.963541 0.608713
vt 0.964002 0.482577
vt 0.985767 0.482819
vt 0.985306 0.609045
vt 0.965118 0.348860
vt 0.986881 0.349154
vt 0.969457 0.192386
vt 0.990780 0.189897
vt 0.903324 0.018598
vt 0.885524 0.025684
vt 0.963505 0.045442
vt 0.984641 0.040910
vt 0.362107 0.510075
vt 0.327702 0.548186
vt 0.328289 0.476167
vt 0.385858 0.450779
vt 0.330838 0.411162
vt 0.392964 0.391662
vt 0.316024 0.351284
vt 0.379497 0.334289
vt 0.292734 0.242996
vt 0.274109 0.545114
vt 0.286363 0.474111
vt 0.287356 0.404374
vt 0.270427 0.330360
vt 0.250111 0.220634
vt 0.216261 0.543127
vt 0.161677 0.540026
vt 0.173784 0.465821
vt 0.238451 0.472094
vt 0.174861 0.393208
vt 0.238465 0.398158
vt 0.164220 0.300989
vt 0.220043 0.309894
vt 0.210017 0.194643
vt 0.131816 0.207705
vt 0.121688 0.124636
vt 0.112968 0.536527
vt 0.043519 0.505812
vt 0.011537 0.437696
vt 0.110068 0.457444
vt 0.008793 0.357823
vt 0.111877 0.387220
vt 0.054410 0.274015
vt 0.113381 0.288686
vt 0.074011 0.187058
vt 0.425127 0.513080
vt 0.399989 0.453998
vt 0.458738 0.478012
vt 0.461313 0.550322
vt 0.391805 0.394416
vt 0.454713 0.412564
vt 0.404200 0.336363
vt 0.468369 0.351983
vt 0.489607 0.243052
vt 0.497502 0.475354
vt 0.512209 0.546721
vt 0.494647 0.404412
vt 0.510259 0.329170
vt 0.529426 0.218620
vt 0.572851 0.541969
vt 0.547653 0.471692
vt 0.617159 0.463687
vt 0.630086 0.537391
vt 0.546136 0.397177
vt 0.614809 0.391817
vt 0.563857 0.308583
vt 0.624311 0.301696
vt 0.567981 0.191896
vt 0.662543 0.122173
vt 0.653524 0.206057
vt 0.675864 0.534243
vt 0.677653 0.454990
vt 0.776037 0.433887
vt 0.745037 0.502579
vt 0.674680 0.384659
vt 0.777586 0.353792
vt 0.672853 0.287533
vt 0.732620 0.271281
vt 0.715199 0.184975
vt 0.794516 0.054795
vt 0.808444 0.141879
vt 0.786772 0.144193
vt 0.772890 0.057708
vt 0.952261 0.526653
vt 0.948862 0.637166
vt 0.926746 0.636924
vt 0.930148 0.526479
vt 0.952354 0.423138
vt 0.930246 0.423535
vt 0.948837 0.321178
vt 0.926732 0.321891
vt 0.912745 0.442193
vt 0.905318 0.631494
vt 0.886038 0.630826
vt 0.893466 0.441525
vt 0.812924 0.228504
vt 0.793266 0.235555
vt 0.915016 0.372556
vt 0.896500 0.369454
vt 0.868414 0.314535
vt 0.811151 0.391703
vt 0.791062 0.385145
vt 0.850526 0.315131
vt 0.954576 0.130710
vt 0.917596 0.302931
vt 0.899075 0.298232
vt 0.937300 0.132649
vt 0.804934 0.468250
vt 0.794760 0.595494
vt 0.772989 0.594006
vt 0.783170 0.466708
vt 0.963541 0.608713
vt 0.964002 0.482577
vt 0.985767 0.482819
vt 0.985306 0.609045
vt 0.965118 0.348860
vt 0.986881 0.349154
vt 0.969457 0.192386
vt 0.990780 0.189897
vt 0.903324 0.018598
vt 0.885524 0.025684
vt 0.963505 0.045442
vt 0.984641 0.040910
vt 0.362107 0.510075
vt 0.327702 0.548186
vt 0.328289 0.476167
vt 0.385858 0.450779
vt 0.330838 0.411162
vt 0.392964 0.391662
vt 0.316024 0.351284
vt 0.379497 0.334289
vt 0.292734 0.242996
vt 0.274109 0.545114
vt 0.286363 0.474111
vt 0.287356 0.404374
vt 0.270427 0.330360
vt 0.250111 0.220634
vt 0.216261 0.543127
vt 0.161677 0.540026
vt 0.173784 0.465821
vt 0.238451 0.472094
vt 0.174861 0.393208
vt 0.238465 0.398158
vt 0.164220 0.300989
vt 0.220043 0.309894
vt 0.210017 0.194643
vt 0.131816 0.207705
vt 0.121688 0.124636
vt 0.112968 0.536527
vt 0.043519 0.505812
vt 0.011537 0.437696
vt 0.110068 0.457444
vt 0.008793 0.357823
vt 0.111877 0.387220
vt 0.054410 0.274015
vt 0.113381 0.288686
vt 0.074011 0.187058
vt 0.425127 0.513080
vt 0.399989 0.453998
vt 0.458738 0.478012
vt 0.461313 0.550322
vt 0.391805 0.394416
vt 0.454713 0.412564
vt 0.404200 0.336363
vt 0.468369 0.351983
vt 0.489607 0.243052
vt 0.497502 0.475354
vt 0.512209 0.546721
vt 0.494647 0.404412
vt 0.510259 0.329170
vt 0.529426 0.218620
vt 0.572851 0.541969
vt 0.547653 0.471692
vt 0.617159 0.463687
vt 0.630086 0.537391
vt 0.546136 0.397177
vt 0.614809 0.391817
vt 0.563857 0.308583
vt 0.624311 0.301696
vt 0.567981 0.191896
vt 0.662543 0.122173
vt 0.653524 0.206057
vt 0.675864 0.534243
vt 0.677653 0.454990
vt 0.776037 0.433887
vt 0.745037 0.502579
vt 0.674680 0.384659
vt 0.777586 0.353792
vt 0.672853 0.287533
vt 0.732620 0.271281
vt 0.715199 0.184975
vt 0.794516 0.054795
vt 0.808444 0.141879
vt 0.786772 0.144193
vt 0.772890 0.057708
vt 0.952261 0.526653
vt 0.948862 0.637166
vt 0.926746 0.636924
vt 0.930148 0.526479
vt 0.952354 0.423138
vt 0.930246 0.423535
vt 0.948837 0.321178
vt 0.926732 0.321891
vt 0.912745 0.442193
vt 0.905318 0.631494
vt 0.886038 0.630826
vt 0.893466 0.441525
vt 0.812924 0.228504
vt 0.793266 0.235555
vt 0.915016 0.372556
vt 0.896500 0.369454
vt 0.868414 0.314535
vt 0.811151 0.391703
vt 0.791062 0.385145
vt 0.850526 0.315131
vt 0.954576 0.130710
vt 0.917596 0.302931
vt 0.899075 0.298232
vt 0.937300 0.132649
vt 0.804934 0.468250
vt 0.794760 0.595494
vt 0.772989 0.594006
vt 0.783170 0.466708
vt 0.963541 0.608713
vt 0.964002 0.482577
vt 0.985767 0.482819
vt 0.985306 0.609045
vt 0.965118 0.348860
vt 0.986881 0.349154
vt 0.969457 0.192386
vt 0.990780 0.189897
vt 0.903324 0.018598
vt 0.885524 0.025684
vt 0.963505 0.045442
vt 0.984641 0.040910
vt 0.362107 0.510075
vt 0.327702 0.548186
vt 0.328289 0.476167
vt 0.385858 0.450779
vt 0.330838 0.411162
vt 0.392964 0.391662
vt 0.316024 0.351284
vt 0.379497 0.334289
vt 0.292734 0.242996
vt 0.274109 0.545114
vt 0.286363 0.474111
vt 0.287356 0.404374
vt 0.270427 0.330360
vt 0.250111 0.220634
vt 0.216261 0.543127
vt 0.161677 0.540026
vt 0.173784 0.465821
vt 0.238451 0.472094
vt 0.174861 0.393208
vt 0.238465 0.398158
vt 0.164220 0.300989
vt 0.220043 0.309894
vt 0.210017 0.194643
vt 0.131816 0.207705
vt 0.121688 0.124636
vt 0.112968 0.536527
vt 0.043519 0.505812
vt 0.011537 0.437696
vt 0.110068 0.457444
vt 0.008793 0.357823
vt 0.111877 0.387220
vt 0.054410 0.274015
vt 0.113381 0.288686
vt 0.074011 0.187058
vt 0.425127 0.513080
vt 0.399989 0.453998
vt 0.458738 0.478012
vt 0.461313 0.550322
vt 0.391805 0.394416
vt 0.454713 0.412564
vt 0.404200 0.336363
vt 0.468369 0.351983
vt 0.489607 0.243052
vt 0.497502 0.475354
vt 0.512209 0.546721
vt 0.494647 0.404412
vt 0.510259 0.329170
vt 0.529426 0.218620
vt 0.572851 0.541969
vt 0.547653 0.471692
vt 0.617159 0.463687
vt 0.630086 0.537391
vt 0.546136 0.397177
vt 0.614809 0.391817
vt 0.563857 0.308583
vt 0.624311 0.301696
vt 0.567981 0.191896
vt 0.662543 0.122173
vt 0.653524 0.206057
vt 0.675864 0.534243
vt 0.677653 0.454990
vt 0.776037 0.433887
vt 0.745037 0.502579
vt 0.674680 0.384659
vt 0.777586 0.353792
vt 0.672853 0.287533
vt 0.732620 0.271281
vt 0.715199 0.184975
vt 0.794516 0.054795
vt 0.808444 0.141879
vt 0.786772 0.144193
vt 0.772890 0.057708
vt 0.952261 0.526653
vt 0.948862 0.637166
vt 0.926746 0.636924
vt 0.930148 0.526479
vt 0.952354 0.423138
vt 0.930246 0.423535
vt 0.948837 0.321178
vt 0.926732 0.321891
vt 0.912745 0.442193
vt 0.905318 0.631494
vt 0.886038 0.630826
vt 0.893466 0.441525
vt 0.812924 0.228504
vt 0.793266 0.235555
vt 0.915016 0.372556
vt 0.896500 0.369454
vt 0.868414 0.314535
vt 0.811151 0.391703
vt 0.791062 0.385145
vt 0.850526 0.315131
vt 0.954576 0.130710
vt 0.917596 0.302931
vt 0.899075 0.298232
vt 0.937300 0.132649
vt 0.804934 0.468250
vt 0.794760 0.595494
vt 0.772989 0.594006
vt 0.783170 0.466708
vt 0.963541 0.608713
vt 0.964002 0.482577
vt 0.985767 0.482819
vt 0.985306 0.609045
vt 0.965118 0.348860
vt 0.986881 0.349154
vt 0.969457 0.192386
vt 0.990780 0.189897
vt 0.903324 0.018598
vt 0.885524 0.025684
vt 0.963505 0.045442
vt 0.984641 0.040910
vt 0.362107 0.510075
vt 0.327702 0.548186
vt 0.328289 0.476167
vt 0.385858 0.450779
vt 0.330838 0.411162
vt 0.392964 0.391662
vt 0.316024 0.351284
vt 0.379497 0.334289
vt 0.292734 0.242996
vt 0.274109 0.545114
vt 0.286363 0.474111
vt 0.287356 0.404374
vt 0.270427 0.330360
vt 0.250111 0.220634
vt 0.216261 0.543127
vt 0.161677 0.540026
vt 0.173784 0.465821
vt 0.238451 0.472094
vt 0.174861 0.393208
vt 0.238465 0.398158
vt 0.164220 0.300989
vt 0.220043 0.309894
vt 0.210017 0.194643
vt 0.131816 0.207705
vt 0.121688 0.124636
vt 0.112968 0.536527
vt 0.043519 0.505812
vt 0.011537 0.437696
vt 0.110068 0.457444
vt 0.008793 0.357823
vt 0.111877 0.387220
vt 0.054410 0.274015
vt 0.113381 0.288686
vt 0.074011 0.187058
vt 0.425127 0.513080
vt 0.399989 0.453998
vt 0.458738 0.478012
vt 0.461313 0.550322
vt 0.391805 0.394416
vt 0.454713 0.412564
vt 0.404200 0.336363
vt 0.468369 0.351983
vt 0.489607 0.243052
vt 0.497502 0.475354
vt 0.512209 0.546721
vt 0.494647 0.404412
vt 0.510259 0.329170
vt 0.529426 0.218620
vt 0.572851 0.541969
vt 0.547653 0.471692
vt 0.617159 0.463687
vt 0.630086 0.537391
vt 0.546136 0.397177
vt 0.614809 0.391817
vt 0.563857 0.308583
vt 0.624311 0.301696
vt 0.567981 0.191896
vt 0.662543 0.122173
vt 0.653524 0.206057
vt 0.675864 0.534243
vt 0.677653 0.454990
vt 0.776037 0.433887
vt 0.745037 0.502579
vt 0.674680 0.384659
vt 0.777586 0.353792
vt 0.672853 0.287533
vt 0.732620 0.271281
vt 0.715199 0.184975
vt 0.794516 0.054795
vt 0.808444 0.141879
vt 0.786772 0.144193
vt 0.772890 0.057708
vt 0.952261 0.526653
vt 0.948862 0.637166
vt 0.926746 0.636924
vt 0.930148 0.526479
vt 0.952354 0.423138
vt 0.930246 0.423535
vt 0.948837 0.321178
vt 0.926732 0.321891
vt 0.912745 0.442193
vt 0.905318 0.631494
vt 0.886038 0.630826
vt 0.893466 0.441525
vt 0.812924 0.228504
vt 0.793266 0.235555
vt 0.915016 0.372556
vt 0.896500 0.369454
vt 0.868414 0.314535
vt 0.811151 0.391703
vt 0.791062 0.385145
vt 0.850526 0.315131
vt 0.954576 0.130710
vt 0.917596 0.302931
vt 0.899075 0.298232
vt 0.937300 0.132649
vt 0.804934 0.468250
vt 0.794760 0.595494
vt 0.772989 0.594006
vt 0.783170 0.466708
vt 0.963541 0.608713
vt 0.964002 0.482577
vt 0.985767 0.482819
vt 0.985306 0.609045
vt 0.965118 0.348860
vt 0.986881 0.349154
vt 0.969457 0.192386
vt 0.990780 0.189897
vt 0.903324 0.018598
vt 0.885524 0.025684
vt 0.963505 0.045442
vt 0.984641 0.040910
vt 0.362107 0.510075
vt 0.327702 0.548186
vt 0.328289 0.476167
vt 0.385858 0.450779
vt 0.330838 0.411162
vt 0.392964 0.391662
vt 0.316024 0.351284
vt 0.379497 0.334289
vt 0.292734 0.242996
vt 0.274109 0.545114
vt 0.286363 0.474111
vt 0.287356 0.404374
vt 0.270427 0.330360
vt 0.250111 0.220634
vt 0.216261 0.543127
vt 0.161677 0.540026
vt 0.173784 0.465821
vt 0.238451 0.472094
vt 0.174861 0.393208
vt 0.238465 0.398158
vt 0.164220 0.300989
vt 0.220043 0.309894
vt 0.210017 0.194643
vt 0.131816 0.207705
vt 0.121688 0.124636
vt 0.112968 0.536527
vt 0.043519 0.505812
vt 0.011537 0.437696
vt 0.110068 0.457444
vt 0.008793 0.357823
vt 0.111877 0.387220
vt 0.054410 0.274015
vt 0.113381 0.288686
vt 0.074011 0.187058
vt 0.425127 0.513080
vt 0.399989 0.453998
vt 0.458738 0.478012
vt 0.461313 0.550322
vt 0.391805 0.394416
vt 0.454713 0.412564
vt 0.404200 0.336363
vt 0.468369 0.351983
vt 0.489607 0.243052
vt 0.497502 0.475354
vt 0.512209 0.546721
vt 0.494647 0.404412
vt 0.510259 0.329170
vt 0.529426 0.218620
vt 0.572851 0.541969
vt 0.547653 0.471692
vt 0.617159 0.463687
vt 0.630086 0.537391
vt 0.546136 0.397177
vt 0.614809 0.391817
vt 0.563857 0.308583
vt 0.624311 0.301696
vt 0.567981 0.191896
vt 0.662543 0.122173
vt 0.653524 0.206057
vt 0.675864 0.534243
vt 0.677653 0.454990
vt 0.776037 0.433887
vt 0.745037 0.502579
vt 0.674680 0.384659
vt 0.777586 0.353792
vt 0.672853 0.287533
vt 0.732620 0.271281
vt 0.715199 0.184975
vt 0.794516 0.054795
vt 0.808444 0.141879
vt 0.786772 0.144193
vt 0.772890 0.057708
vt 0.952261 0.526653
vt 0.948862 0.637166
vt 0.926746 0.636924
vt 0.930148 0.526479
vt 0.952354 0.423138
vt 0.930246 0.423535
vt 0.948837 0.321178
vt 0.926732 0.321891
vt 0.912745 0.442193
vt 0.905318 0.631494
vt 0.886038 0.630826
vt 0.893466 0.441525
vt 0.812924 0.228504
vt 0.793266 0.235555
vt 0.915016 0.372556
vt 0.896500 0.369454
vt 0.868414 0.314535
vt 0.811151 0.391703
vt 0.791062 0.385145
vt 0.850526 0.315131
vt 0.954576 0.130710
vt 0.917596 0.302931
vt 0.899075 0.298232
vt 0.937300 0.132649
vt 0.804934 0.468250
vt 0.794760 0.595494
vt 0.772989 0.594006
vt 0.783170 0.466708
vt 0.963541 0.608713
vt 0.964002 0.482577
vt 0.985767 0.482819
vt 0.985306 0.609045
vt 0.965118 0.348860
vt 0.986881 0.349154
vt 0.969457 0.192386
vt 0.990780 0.189897
vt 0.903324 0.018598
vt 0.885524 0.025684
vt 0.963505 0.045442
vt 0.984641 0.040910
vt 0.362107 0.510075
vt 0.327702 0.548186
vt 0.328289 0.476167
vt 0.385858 0.450779
vt 0.330838 0.411162
vt 0.392964 0.391662
vt 0.316024 0.351284
vt 0.379497 0.334289
vt 0.292734 0.242996
vt 0.274109 0.545114
vt 0.286363 0.474111
vt 0.287356 0.404374
vt 0.270427 0.330360
vt 0.250111 0.220634
vt 0.216261 0.543127
vt 0.161677 0.540026
vt 0.173784 0.465821
vt 0.238451 0.472094
vt 0.174861 0.393208
vt 0.238465 0.398158
vt 0.164220 0.300989
vt 0.220043 0.309894
vt 0.210017 0.194643
vt 0.131816 0.207705
vt 0.121688 0.124636
vt 0.112968 0.536527
vt 0.043519 0.505812
vt 0.011537 0.437696
vt 0.110068 0.457444
vt 0.008793 0.357823
vt 0.111877 0.387220
vt 0.054410 0.274015
vt 0.113381 0.288686
vt 0.074011 0.187058
vt 0.425127 0.513080
vt 0.399989 0.453998
vt 0.458738 0.478012
vt 0.461313 0.550322
vt 0.391805 0.394416
vt 0.454713 0.412564
vt 0.404200 0.336363
vt 0.468369 0.351983
vt 0.489607 0.243052
vt 0.497502 0.475354
vt 0.512209 0.546721
vt 0.494647 0.404412
vt 0.510259 0.329170
vt 0.529426 0.218620
vt 0.572851 0.541969
vt 0.547653 0.471692
vt 0.617159 0.463687
vt 0.630086 0.537391
vt 0.546136 0.397177
vt 0.614809 0.391817
vt 0.563857 0.308583
vt 0.624311 0.301696
vt 0.567981 0.191896
vt 0.662543 0.122173
vt 0.653524 0.206057
vt 0.675864 0.534243
vt 0.677653 0.454990
vt 0.776037 0.433887
vt 0.745037 0.502579
vt 0.674680 0.384659
vt 0.777586 0.353792
vt 0.672853 0.287533
vt 0.732620 0.271281
vt 0.715199 0.184975
vt 0.794516 0.054795
vt 0.808444 0.141879
vt 0.786772 0.144193
vt 0.772890 0.057708
vt 0.952261 0.526653
vt 0.948862 0.637166
vt 0.926746 0.636924
vt 0.930148 0.526479
vt 0.952354 0.423138
vt 0.930246 0.423535
vt 0.948837 0.321178
vt 0.926732 0.321891
vt 0.912745 0.442193
vt 0.905318 0.631494
vt 0.886038 0.630826
vt 0.893466 0.441525
vt 0.812924 0.228504
vt 0.793266 0.235555
vt 0.915016 0.372556
vt 0.896500 0.369454
vt 0.868414 0.314535
vt 0.811151 0.391703
vt 0.791062 0.385145
vt 0.850526 0.315131
vt 0.954576 0.130710
vt 0.917596 0.302931
vt 0.899075 0.298232
vt 0.937300 0.132649
vt 0.804934 0.468250
vt 0.794760 0.595494
vt 0.772989 0.594006
vt 0.783170 0.466708
vt 0.963541 0.608713
vt 0.964002 0.482577
vt 0.985767 0.482819
vt 0.985306 0.609045
vt 0.965118 0.348860
vt 0.986881 0.349154
vt 0.969457 0.192386
vt 0.990780 0.189897
vt 0.903324 0.018598
vt 0.885524 0.025684
vt 0.963505 0.045442
vt 0.984641 0.040910
vt 0.362107 0.510075
vt 0.327702 0.548186
vt 0.328289 0.476167
vt 0.385858 0.450779
vt 0.330838 0.411162
vt 0.392964 0.391662
vt 0.316024 0.351284
vt 0.379497 0.334289
vt 0.292734 0.242996
vt 0.274109 0.545114
vt 0.286363 0.474111
vt 0.287356 0.404374
vt 0.270427 0.330360
vt 0.250111 0.220634
vt 0.216261 0.543127
vt 0.161677 0.540026
vt 0.173784 0.465821
vt 0.238451 0.472094
vt 0.174861 0.393208
vt 0.238465 0.398158
vt 0.164220 0.300989
vt 0.220043 0.309894
vt 0.210017 0.194643
vt 0.131816 0.207705
vt 0.121688 0.124636
vt 0.112968 0.536527
vt 0.043519 0.505812
vt 0.011537 0.437696
vt 0.110068 0.457444
vt 0.008793 0.357823
vt 0.111877 0.387220
vt 0.054410 0.274015
vt 0.113381 0.288686
vt 0.074011 0.187058
vt 0.425127 0.513080
vt 0.399989 0.453998
vt 0.458738 0.478012
vt 0.461313 0.550322
vt 0.391805 0.394416
vt 0.454713 0.412564
vt 0.404200 0.336363
vt 0.468369 0.351983
vt 0.489607 0.243052
vt 0.497502 0.475354
vt 0.512209 0.546721
vt 0.494647 0.404412
vt 0.510259 0.329170
vt 0.529426 0.218620
vt 0.572851 0.541969
vt 0.547653 0.471692
vt 0.617159 0.463687
vt 0.630086 0.537391
vt 0.546136 0.397177
vt 0.614809 0.391817
vt 0.563857 0.308583
vt 0.624311 0.301696
vt 0.567981 0.191896
vt 0.662543 0.122173
vt 0.653524 0.206057
vt 0.675864 0.534243
vt 0.677653 0.454990
vt 0.776037 0.433887
vt 0.745037 0.502579
vt 0.674680 0.384659
vt 0.777586 0.353792
vt 0.672853 0.287533
vt 0.732620 0.271281
vt 0.715199 0.184975
vt 0.794516 0.054795
vt 0.808444 0.141879
vt 0.786772 0.144193
vt 0.772890 0.057708
vt 0.952261 0.526653
vt 0.948862 0.637166
vt 0.926746 0.636924
vt 0.930148 0.526479
vt 0.952354 0.423138
vt 0.930246 0.423535
vt 0.948837 0.321178
vt 0.926732 0.321891
vt 0.912745 0.442193
vt 0.905318 0.631494
vt 0.886038 0.630826
vt 0.893466 0.441525
vt 0.812924 0.228504
vt 0.793266 0.235555
vt 0.915016 0.372556
vt 0.896500 0.369454
vt 0.868414 0.314535
vt 0.811151 0.391703
vt 0.791062 0.385145
vt 0.850526 0.315131
vt 0.954576 0.130710
vt 0.917596 0.302931
vt 0.899075 0.298232
vt 0.937300 0.132649
vt 0.804934 0.468250
vt 0.794760 0.595494
vt 0.772989 0.594006
vt 0.783170 0.466708
vt 0.963541 0.608713
vt 0.964002 0.482577
vt 0.985767 0.482819
vt 0.985306 0.609045
vt 0.965118 0.348860
vt 0.986881 0.349154
vt 0.969457 0.192386
vt 0.990780 0.189897
vt 0.903324 0.018598
vt 0.885524 0.025684
vt 0.963505 0.045442
vt 0.984641 0.040910
vt 0.362107 0.510075
vt 0.327702 0.548186
vt 0.328289 0.476167
vt 0.385858 0.450779
vt 0.330838 0.411162
vt 0.392964 0.391662
vt 0.316024 0.351284
vt 0.379497 0.334289
vt 0.292734 0.242996
vt 0.274109 0.545114
vt 0.286363 0.474111
vt 0.287356 0.404374
vt 0.270427 0.330360
vt 0.250111 0.220634
vt 0.216261 0.543127
vt 0.161677 0.540026
vt 0.173784 0.465821
vt 0.238451 0.472094
vt 0.174861 0.393208
vt 0.238465 0.398158
vt 0.164220 0.300989
vt 0.220043 0.309894
vt 0.210017 0.194643
vt 0.131816 0.207705
vt 0.121688 0.124636
vt 0.112968 0.536527
vt 0.043519 0.505812
vt 0.011537 0.437696
vt 0.110068 0.457444
vt 0.008793 0.357823
vt 0.111877 0.387220
vt 0.054410 0.274015
vt 0.113381 0.288686
vt 0.074011 0.187058
vt 0.425127 0.513080
vt 0.399989 0.453998
vt 0.458738 0.478012
vt 0.461313 0.550322
vt 0.391805 0.394416
vt 0.454713 0.412564
vt 0.404200 0.336363
vt 0.468369 0.351983
vt 0.489607 0.243052
vt 0.497502 0.475354
vt 0.512209 0.546721
vt 0.494647 0.404412
vt 0.510259 0.329170
vt 0.529426 0.218620
vt 0.572851 0.541969
vt 0.547653 0.471692
vt 0.617159 0.463687
vt 0.630086 0.537391
vt 0.546136 0.397177
vt 0.614809 0.391817
vt 0.563857 0.308583
vt 0.624311 0.301696
vt 0.567981 0.191896
vt 0.662543 0.122173
vt 0.653524 0.206057
vt 0.675864 0.534243
vt 0.677653 0.454990
vt 0.776037 0.433887
vt 0.745037 0.502579
vt 0.674680 0.384659
vt 0.777586 0.353792
vt 0.672853 0.287533
vt 0.732620 0.271281
vt 0.715199 0.184975
vt 0.794516 0.054795
vt 0.808444 0.141879
vt 0.786772 0.144193
vt 0.772890 0.057708
vt 0.952261 0.526653
vt 0.948862 0.637166
vt 0.926746 0.636924
vt 0.930148 0.526479
vt 0.952354 0.423138
vt 0.930246 0.423535
vt 0.948837 0.321178
vt 0.926732 0.321891
vt 0.912745 0.442193
vt 0.905318 0.631494
vt 0.886038 0.630826
vt 0.893466 0.441525
vt 0.812924 0.228504
vt 0.793266 0.235555
vt 0.915016 0.372556
vt 0.896500 0.369454
vt 0.868414 0.314535
vt 0.811151 0.391703
vt 0.791062 0.385145
vt 0.850526 0.315131
vt 0.954576 0.130710
vt 0.917596 0.302931
vt 0.899075 0.298232
vt 0.937300 0.132649
vt 0.804934 0.468250
vt 0.794760 0.595494
vt 0.772989 0.594006
vt 0.783170 0.466708
vt 0.963541 0.608713
vt 0.964002 0.482577
vt 0.985767 0.482819
vt 0.985306 0.609045
vt 0.965118 0.348860
vt 0.986881 0.349154
vt 0.969457 0.192386
vt 0.990780 0.189897
vt 0.903324 0.018598
vt 0.885524 0.025684
vt 0.963505 0.045442
vt 0.984641 0.040910
vt 0.362107 0.510075
vt 0.327702 0.548186
vt 0.328289 0.476167
vt 0.385858 0.450779
vt 0.330838 0.411162
vt 0.392964 0.391662
vt 0.316024 0.351284
vt 0.379497 0.334289
vt 0.292734 0.242996
vt 0.274109 0.545114
vt 0.286363 0.474111
vt 0.287356 0.404374
vt 0.270427 0.330360
vt 0.250111 0.220634
vt 0.216261 0.543127
vt 0.161677 0.540026
vt 0.173784 0.465821
vt 0.238451 0.472094
vt 0.174861 0.393208
vt 0.238465 0.398158
vt 0.164220 0.300989
vt 0.220043 0.309894
vt 0.210017 0.194643
vt 0.131816 0.207705
vt 0.121688 0.124636
vt 0.112968 0.536527
vt 0.043519 0.505812
vt 0.011537 0.437696
vt 0.110068 0.457444
vt 0.008793 0.357823
vt 0.111877 0.387220
vt 0.054410 0.274015
vt 0.113381 0.288686
vt 0.074011 0.187058
vt 0.425127 0.513080
vt 0.399989 0.453998
vt 0.458738 0.478012
vt 0.461313 0.550322
vt 0.391805 0.394416
vt 0.454713 0.412564
vt 0.404200 0.336363
vt 0.468369 0.351983
vt 0.489607 0.243052
vt 0.497502 0.475354
vt 0.512209 0.546721
vt 0.494647 0.404412
vt 0.510259 0.329170
vt 0.529426 0.218620
vt 0.572851 0.541969
vt 0.547653 0.471692
vt 0.617159 0.463687
vt 0.630086 0.537391
vt 0.546136 0.397177
vt 0.614809 0.391817
vt 0.563857 0.308583
vt 0.624311 0.301696
vt 0.567981 0.191896
vt 0.662543 0.122173
vt 0.653524 0.206057
vt 0.675864 0.534243
vt 0.677653 0.454990
vt 0.776037 0.433887
vt 0.745037 0.502579
vt 0.674680 0.384659
vt 0.777586 0.353792
vt 0.672853 0.287533
vt 0.732620 0.271281
vt 0.715199 0.184975
vt 0.794516 0.054795
vt 0.808444 0.141879
vt 0.786772 0.144193
vt 0.772890 0.057708
vt 0.952261 0.526653
vt 0.948862 0.637166
vt 0.926746 0.636924
vt 0.930148 0.526479
vt 0.952354 0.423138
vt 0.930246 0.423535
vt 0.948837 0.321178
vt 0.926732 0.321891
vt 0.912745 0.442193
vt 0.905318 0.631494
vt 0.886038 0.630826
vt 0.893466 0.441525
vt 0.812924 0.228504
vt 0.793266 0.235555
vt 0.915016 0.372556
vt 0.896500 0.369454
vt 0.868414 0.314535
vt 0.811151 0.391703
vt 0.791062 0.385145
vt 0.850526 0.315131
vt 0.954576 0.130710
vt 0.917596 0.302931
vt 0.899075 0.298232
vt 0.937300 0.132649
vt 0.804934 0.468250
vt 0.794760 0.595494
vt 0.772989 0.594006
vt 0.783170 0.466708
vt 0.963541 0.608713
vt 0.964002 0.482577
vt 0.985767 0.482819
vt 0.985306 0.609045
vt 0.965118 0.348860
vt 0.986881 0.349154
vt 0.969457 0.192386
vt 0.990780 0.189897
vt 0.903324 0.018598
vt 0.885524 0.025684
vt 0.963505 0.045442
vt 0.984641 0.040910
vt 0.362107 0.510075
vt 0.327702 0.548186
vt 0.328289 0.476167
vt 0.385858 0.450779
vt 0.330838 0.411162
vt 0.392964 0.391662
vt 0.316024 0.351284
vt 0.379497 0.334289
vt 0.292734 0.242996
vt 0.274109 0.545114
vt 0.286363 0.474111
vt 0.287356 0.404374
vt 0.270427 0.330360
vt 0.250111 0.220634
vt 0.216261 0.543127
vt 0.161677 0.540026
vt 0.173784 0.465821
vt 0.238451 0.472094
vt 0.174861 0.393208
vt 0.238465 0.398158
vt 0.164220 0.300989
vt 0.220043 0.309894
vt 0.210017 0.194643
vt 0.131816 0.207705
vt 0.121688 0.124636
vt 0.112968 0.536527
vt 0.043519 0.505812
vt 0.011537 0.437696
vt 0.110068 0.457444
vt 0.008793 0.357823
vt 0.111877 0.387220
vt 0.054410 0.274015
vt 0.113381 0.288686
vt 0.074011 0.187058
vt 0.425127 0.513080
vt 0.399989 0.453998
vt 0.458738 0.478012
vt 0.461313 0.550322
vt 0.391805 0.394416
vt 0.454713 0.412564
vt 0.404200 0.336363
vt 0.468369 0.351983
vt 0.489607 0.243052
vt 0.497502 0.475354
vt 0.512209 0.546721
vt 0.494647 0.404412
vt 0.510259 0.329170
vt 0.529426 0.218620
vt 0.572851 0.541969
vt 0.547653 0.471692
vt 0.617159 0.463687
vt 0.630086 0.537391
vt 0.546136 0.397177
vt 0.614809 0.391817
vt 0.563857 0.308583
vt 0.624311 0.301696
vt 0.567981 0.191896
vt 0.662543 0.122173
vt 0.653524 0.206057
vt 0.675864 0.534243
vt 0.677653 0.454990
vt 0.776037 0.433887
vt 0.745037 0.502579
vt 0.674680 0.384659
vt 0.777586 0.353792
vt 0.672853 0.287533
vt 0.732620 0.271281
vt 0.715199 0.184975
vt 0.794516 0.054795
vt 0.808444 0.141879
vt 0.786772 0.144193
vt 0.772890 0.057708
vt 0.952261 0.526653
vt 0.948862 0.637166
vt 0.926746 0.636924
vt 0.930148 0.526479
vt 0.952354 0.423138
vt 0.930246 0.423535
vt 0.948837 0.321178
vt 0.926732 0.321891
vt 0.912745 0.442193
vt 0.905318 0.631494
vt 0.886038 0.630826
vt 0.893466 0.441525
vt 0.812924 0.228504
vt 0.793266 0.235555
vt 0.915016 0.372556
vt 0.896500 0.369454
vt 0.868414 0.314535
vt 0.811151 0.391703
vt 0.791062 0.385145
vt 0.850526 0.315131
vt 0.954576 0.130710
vt 0.917596 0.302931
vt 0.899075 0.298232
vt 0.937300 0.132649
vt 0.804934 0.468250
vt 0.794760 0.595494
vt 0.772989 0.594006
vt 0.783170 0.466708
vt 0.963541 0.608713
vt 0.964002 0.482577
vt 0.985767 0.482819
vt 0.985306 0.609045
vt 0.965118 0.348860
vt 0.986881 0.349154
vt 0.969457 0.192386
vt 0.990780 0.189897
vt 0.903324 0.018598
vt 0.885524 0.025684
vt 0.963505 0.045442
vt 0.984641 0.040910
vn 0.005329 0.959446 0.281841
vn 0.043781 0.970657 0.236451
vn 0.034006 0.969407 0.243091
vn 0.015453 0.966562 0.255968
vn 0.015453 0.966562 0.255968
vn 0.034006 0.969407 0.243091
vn 0.023736 0.974209 0.224395
vn 0.011614 0.974281 0.225039
vn 0.011614 0.974281 0.225039
vn 0.023736 0.974209 0.224395
vn 0.016417 0.976976 0.212718
vn 0.010576 0.976911 0.213386
vn 0.010576 0.976911 0.213386
vn 0.016417 0.976976 0.212718
vn 0.020771 0.975375 0.219572
vn 0.043781 0.970657 0.236451
vn -0.146108 0.869446 0.471927
vn -0.164291 0.888341 0.428788
vn 0.034006 0.969407 0.243091
vn 0.034006 0.969407 0.243091
vn -0.164291 0.888341 0.428788
vn -0.251531 0.890793 0.378444
vn 0.023736 0.974209 0.224395
vn 0.023736 0.974209 0.224395
vn -0.251531 0.890793 0.378444
vn -0.262616 0.912228 0.314440
vn 0.016417 0.976976 0.212718
vn 0.016417 0.976976 0.212718
vn -0.262616 0.912228 0.314440
vn -0.300265 0.910288 0.284986
vn 0.020771 0.975375 0.219572
vn 0.188564 0.980931 0.047101
vn 0.304828 0.946628 -0.104766
vn 0.340145 0.937282 -0.076183
vn 0.085615 0.975850 0.200966
vn 0.085615 0.975850 0.200966
vn 0.340145 0.937282 -0.076183
vn 0.384990 0.922885 -0.008078
vn 0.093786 0.982057 0.163612
vn 0.093786 0.982057 0.163612
vn 0.384990 0.922885 -0.008078
vn 0.488464 0.866969 0.098827
vn 0.061042 0.985976 0.155326
vn -0.285896 0.935692 0.206747
vn 0.236770 0.961885 0.136813
vn 0.186655 0.969889 0.156448
vn 0.170779 0.977875 0.120807
vn 0.173930 0.975889 0.131864
vn 0.171963 0.975348 0.138296
vn 0.171503 0.976296 0.132036
vn 0.171503 0.976296 0.132036
vn 0.171963 0.975348 0.138296
vn 0.171807 0.975755 0.135589
vn 0.173447 0.975166 0.137726
vn 0.173447 0.975166 0.137726
vn 0.171807 0.975755 0.135589
vn 0.279843 0.954173 0.106025
vn 0.275111 0.950634 0.143562
vn 0.236770 0.961885 0.136813
vn 0.520331 0.853964 -0.001055
vn 0.186655 0.969889 0.156448
vn 0.061042 0.985976 0.155326
vn 0.236770 0.961885 0.136813
vn -0.285896 0.935692 0.206747
vn 0.275111 0.950634 0.143562
vn 0.279843 0.954173 0.106025
vn 0.520331 0.853964 -0.001055
vn 0.236770 0.961885 0.136813
vn 0.061042 0.985976 0.155326
vn 0.488464 0.866969 0.098827
vn 0.236770 0.961885 0.136813
vn -0.164291 0.888341 0.428788
vn -0.146108 0.869446 0.471927
vn 0.188564 0.980931 0.047101
vn 0.085615 0.975850 0.200966
vn -0.251531 0.890793 0.378444
vn -0.164291 0.888341 0.428788
vn 0.085615 0.975850 0.200966
vn 0.093786 0.982057 0.163612
vn -0.262616 0.912228 0.314440
vn -0.251531 0.890793 0.378444
vn 0.093786 0.982057 0.163612
vn 0.061042 0.985976 0.155326
vn -0.300265 0.910288 0.284986
vn -0.262616 0.912228 0.314440
vn 0.061042 0.985976 0.155326
vn -0.285896 0.935692 0.206747
vn 0.340145 0.937282 -0.076183
vn 0.304828 0.946628 -0.104766
vn 0.170779 0.977875 0.120807
vn 0.171503 0.976296 0.132036
vn 0.384990 0.922885 -0.008078
vn 0.340145 0.937282 -0.076183
vn 0.171503 0.976296 0.132036
vn 0.173447 0.975166 0.137726
vn 0.488464 0.866969 0.098827
vn 0.384990 0.922885 -0.008078
vn 0.173447 0.975166 0.137726
vn 0.275111 0.950634 0.143562
vn 0.236770 0.961885 0.136813
vn 0.488464 0.866969 0.098827
vn 0.275111 0.950634 0.143562
vn -0.005712 -0.959542 -0.281508
vn -0.015487 -0.966562 -0.255966
vn -0.039239 -0.970031 -0.239793
vn -0.053274 -0.971418 -0.231320
vn -0.015487 -0.966562 -0.255966
vn -0.011654 -0.974248 -0.225179
vn -0.027124 -0.974627 -0.222185
vn -0.039239 -0.970031 -0.239793
vn -0.011654 -0.974248 -0.225179
vn -0.010578 -0.976907 -0.213404
vn -0.021758 -0.977477 -0.209920
vn -0.027124 -0.974627 -0.222185
vn -0.010578 -0.976907 -0.213404
vn -0.031715 -0.976409 -0.213589
vn -0.021758 -0.977477 -0.209920
vn -0.053274 -0.971418 -0.231320
vn -0.039239 -0.970031 -0.239793
vn 0.156363 -0.888899 -0.430593
vn 0.127796 -0.871386 -0.473660
vn -0.039239 -0.970031 -0.239793
vn -0.027124 -0.974627 -0.222185
vn 0.252828 -0.890329 -0.378671
vn 0.156363 -0.888899 -0.430593
vn -0.027124 -0.974627 -0.222185
vn -0.021758 -0.977477 -0.209920
vn 0.262136 -0.913226 -0.311935
vn 0.252828 -0.890329 -0.378671
vn -0.021758 -0.977477 -0.209920
vn -0.031715 -0.976409 -0.213589
vn 0.304923 -0.908881 -0.284530
vn 0.262136 -0.913226 -0.311935
vn -0.191234 -0.978999 -0.070638
vn -0.087368 -0.973375 -0.211913
vn -0.334924 -0.939950 0.065722
vn -0.299911 -0.949759 0.089506
vn -0.087368 -0.973375 -0.211913
vn -0.087179 -0.981567 -0.170074
vn -0.380107 -0.924932 0.004436
vn -0.334924 -0.939950 0.065722
vn -0.087179 -0.981567 -0.170074
vn -0.056004 -0.985317 -0.161286
vn -0.477734 -0.872559 -0.102034
vn -0.380107 -0.924932 0.004436
vn 0.274674 -0.940549 -0.199805
vn -0.170005 -0.974051 -0.149407
vn -0.232277 -0.963782 -0.131038
vn -0.167919 -0.977747 -0.125751
vn -0.169547 -0.976290 -0.134578
vn -0.171964 -0.975348 -0.138296
vn -0.173928 -0.975889 -0.131868
vn -0.169547 -0.976290 -0.134578
vn -0.169810 -0.975703 -0.138453
vn -0.171082 -0.976067 -0.134255
vn -0.171964 -0.975348 -0.138296
vn -0.169810 -0.975703 -0.138453
vn -0.275785 -0.950609 -0.142428
vn -0.285472 -0.952814 -0.103204
vn -0.171082 -0.976067 -0.134255
vn -0.232277 -0.963782 -0.131038
vn -0.170005 -0.974051 -0.149407
vn -0.512852 -0.858477 -0.000451
vn -0.056004 -0.985317 -0.161286
vn 0.274674 -0.940549 -0.199805
vn -0.232277 -0.963782 -0.131038
vn -0.275785 -0.950609 -0.142428
vn -0.232277 -0.963782 -0.131038
vn -0.512852 -0.858477 -0.000451
vn -0.285472 -0.952814 -0.103204
vn -0.056004 -0.985317 -0.161286
vn -0.232277 -0.963782 -0.131038
vn -0.477734 -0.872559 -0.102034
vn 0.156363 -0.888899 -0.430593
vn -0.087368 -0.973375 -0.211913
vn -0.191234 -0.978999 -0.070638
vn 0.127796 -0.871386 -0.473660
vn 0.252828 -0.890329 -0.378671
vn -0.087179 -0.981567 -0.170074
vn -0.087368 -0.973375 -0.211913
vn 0.156363 -0.888899 -0.430593
vn 0.262136 -0.913226 -0.311935
vn -0.056004 -0.985317 -0.161286
vn -0.087179 -0.981567 -0.170074
vn 0.252828 -0.890329 -0.378671
vn 0.304923 -0.908881 -0.284530
vn 0.274674 -0.940549 -0.199805
vn -0.056004 -0.985317 -0.161286
vn 0.262136 -0.913226 -0.311935
vn -0.334924 -0.939950 0.065722
vn -0.169547 -0.976290 -0.134578
vn -0.167919 -0.977747 -0.125751
vn -0.299911 -0.949759 0.089506
vn -0.380107 -0.924932 0.004436
vn -0.169810 -0.975703 -0.138453
vn -0.169547 -0.976290 -0.134578
vn -0.334924 -0.939950 0.065722
vn -0.477734 -0.872559 -0.102034
vn -0.275785 -0.950609 -0.142428
vn -0.169810 -0.975703 -0.138453
vn -0.380107 -0.924932 0.004436
vn -0.232277 -0.963782 -0.131038
vn -0.275785 -0.950609 -0.142428
vn -0.477734 -0.872559 -0.102034
vn 0.348659 0.248226 -0.903781
vn 0.151526 0.257824 -0.954236
vn 0.151526 0.257824 -0.954236
vn 0.349214 0.248183 -0.903579
vn 0.607160 0.201922 -0.768495
vn 0.348659 0.248226 -0.903781
vn 0.349214 0.248183 -0.903579
vn 0.606064 0.202266 -0.769269
vn 0.823778 0.125123 -0.552932
vn 0.607160 0.201922 -0.768495
vn 0.606064 0.202266 -0.769269
vn 0.823636 0.125184 -0.553130
vn 0.910977 0.080712 -0.404482
vn 0.823778 0.125123 -0.552932
vn 0.823636 0.125184 -0.553130
vn 0.910977 0.080712 -0.404482
vn 0.983555 -0.035156 0.177156
vn 0.994497 -0.040141 0.096775
vn 0.994497 -0.040141 0.096775
vn 0.983679 -0.035202 0.176456
vn -0.669726 0.236285 -0.704015
vn -0.672975 0.237998 -0.700330
vn -0.673026 0.238025 -0.700271
vn -0.669726 0.236285 -0.704015
vn 0.918598 0.036516 0.393504
vn 0.983555 -0.035156 0.177156
vn 0.983679 -0.035202 0.176456
vn 0.917946 0.046706 0.393946
vn -0.668993 0.212015 -0.712389
vn -0.658221 0.174998 -0.732203
vn -0.658222 0.174936 -0.732217
vn -0.668080 0.208787 -0.714197
vn 0.956799 -0.040933 0.287856
vn 0.945453 0.008427 0.325649
vn 0.947991 -0.001309 0.318295
vn 0.956799 -0.040933 0.287856
vn -0.795590 0.200275 -0.571775
vn -0.861838 0.211677 -0.460899
vn -0.861838 0.211677 -0.460899
vn -0.797176 0.200559 -0.569462
vn -0.963717 0.139860 0.227353
vn -0.903000 0.101915 0.417377
vn -0.903513 0.102173 0.416204
vn -0.963717 0.139860 0.227353
vn -0.903000 0.101915 0.417377
vn -0.626546 0.032173 0.778720
vn -0.625644 0.032037 0.779451
vn -0.903513 0.102173 0.416204
vn -0.626546 0.032173 0.778720
vn -0.500921 0.118593 0.857330
vn -0.511216 0.136140 0.848601
vn -0.625644 0.032037 0.779451
vn -0.434587 0.180487 0.882360
vn -0.236967 0.076378 0.968511
vn -0.236967 0.076378 0.968511
vn -0.422692 0.174137 0.889386
vn -0.500921 0.118593 0.857330
vn -0.434587 0.180487 0.882360
vn -0.422692 0.174137 0.889386
vn -0.511216 0.136140 0.848601
vn -0.672975 0.237998 -0.700330
vn -0.668993 0.212015 -0.712389
vn -0.668080 0.208787 -0.714197
vn -0.673026 0.238025 -0.700271
vn 0.945453 0.008427 0.325649
vn 0.918598 0.036516 0.393504
vn 0.917946 0.046706 0.393946
vn 0.947991 -0.001309 0.318295
vn -0.658221 0.174998 -0.732203
vn -0.795590 0.200275 -0.571775
vn -0.797176 0.200559 -0.569462
vn -0.658222 0.174936 -0.732217
vn -0.119906 0.959446 0.255118
vn -0.065341 0.970657 0.231423
vn -0.077044 0.969407 0.233053
vn -0.099380 0.966562 0.236394
vn -0.099380 0.966562 0.236394
vn -0.077044 0.969407 0.233053
vn -0.077985 0.974209 0.211743
vn -0.089141 0.974281 0.206958
vn -0.089141 0.974281 0.206958
vn -0.077985 0.974209 0.211743
vn -0.079382 0.976976 0.198033
vn -0.084916 0.976911 0.196048
vn -0.084916 0.976911 0.196048
vn -0.079382 0.976976 0.198033
vn -0.078509 0.975375 0.206106
vn -0.065341 0.970657 0.231423
vn -0.339811 0.869446 0.358597
vn -0.337033 0.888341 0.311865
vn -0.077044 0.969407 0.233053
vn -0.077044 0.969407 0.233053
vn -0.337033 0.888341 0.311865
vn -0.392999 0.890793 0.228121
vn -0.077985 0.974209 0.211743
vn -0.077985 0.974209 0.211743
vn -0.392999 0.890793 0.228121
vn -0.374626 0.912228 0.165817
vn -0.079382 0.976976 0.198033
vn -0.079382 0.976976 0.198033
vn -0.374626 0.912228 0.165817
vn -0.395360 0.910288 0.122746
vn -0.078509 0.975375 0.206106
vn 0.148271 0.980931 0.125660
vn 0.319724 0.946628 0.040898
vn 0.338752 0.937282 0.082155
vn -0.012125 0.975850 0.218106
vn -0.012125 0.975850 0.218106
vn 0.338752 0.937282 0.082155
vn 0.348841 0.922885 0.163073
vn 0.011728 0.982057 0.188221
vn 0.011728 0.982057 0.188221
vn 0.348841 0.922885 0.163073
vn 0.394344 0.866969 0.304724
vn -0.013971 0.985976 0.166304
vn -0.347861 0.935692 0.058936
vn 0.151814 0.961885 0.227442
vn 0.098184 0.969889 0.222881
vn 0.099714 0.977875 0.183894
vn 0.097648 0.975889 0.195204
vn 0.093038 0.975348 0.200102
vn 0.095396 0.976296 0.194284
vn 0.095396 0.976296 0.194284
vn 0.093038 0.975348 0.200102
vn 0.094096 0.975755 0.197605
vn 0.094622 0.975166 0.200247
vn 0.094622 0.975166 0.200247
vn 0.094096 0.975755 0.197605
vn 0.204064 0.954173 0.218886
vn 0.183214 0.950634 0.250456
vn 0.151814 0.961885 0.227442
vn 0.467110 0.853964 0.229245
vn 0.098184 0.969889 0.222881
vn -0.013971 0.985976 0.166304
vn 0.151814 0.961885 0.227442
vn -0.347861 0.935692 0.058936
vn 0.183214 0.950634 0.250456
vn 0.204064 0.954173 0.218886
vn 0.467110 0.853964 0.229245
vn 0.151814 0.961885 0.227442
vn -0.013971 0.985976 0.166304
vn 0.394344 0.866969 0.304724
vn 0.151814 0.961885 0.227442
vn -0.337033 0.888341 0.311865
vn -0.339811 0.869446 0.358597
vn 0.148271 0.980931 0.125660
vn -0.012125 0.975850 0.218106
vn -0.392999 0.890793 0.228121
vn -0.337033 0.888341 0.311865
vn -0.012125 0.975850 0.218106
vn 0.011728 0.982057 0.188221
vn -0.374626 0.912228 0.165817
vn -0.392999 0.890793 0.228121
vn 0.011728 0.982057 0.188221
vn -0.013971 0.985976 0.166304
vn -0.395360 0.910288 0.122746
vn -0.374626 0.912228 0.165817
vn -0.013971 0.985976 0.166304
vn -0.347861 0.935692 0.058936
vn 0.338752 0.937282 0.082155
vn 0.319724 0.946628 0.040898
vn 0.099714 0.977875 0.183894
vn 0.095396 0.976296 0.194284
vn 0.348841 0.922885 0.163073
vn 0.338752 0.937282 0.082155
vn 0.095396 0.976296 0.194284
vn 0.094622 0.975166 0.200247
vn 0.394344 0.866969 0.304724
vn 0.348841 0.922885 0.163073
vn 0.094622 0.975166 0.200247
vn 0.183214 0.950634 0.250456
vn 0.151814 0.961885 0.227442
vn 0.394344 0.866969 0.304724
vn 0.183214 0.950634 0.250456
vn 0.119415 -0.959542 -0.254989
vn 0.099349 -0.966562 -0.236407
vn 0.070892 -0.970031 -0.232410
vn 0.054557 -0.971418 -0.231021
vn 0.099349 -0.966562 -0.236407
vn 0.089166 -0.974248 -0.207101
vn 0.073968 -0.974627 -0.211259
vn 0.070892 -0.970031 -0.232410
vn 0.089166 -0.974248 -0.207101
vn 0.084922 -0.976907 -0.196065
vn 0.073354 -0.977477 -0.197886
vn 0.073968 -0.974627 -0.211259
vn 0.084922 -0.976907 -0.196065
vn 0.066048 -0.976409 -0.205581
vn 0.073354 -0.977477 -0.197886
vn 0.054557 -0.971418 -0.231021
vn 0.070892 -0.970031 -0.232410
vn 0.330721 -0.888899 -0.316990
vn 0.324154 -0.871386 -0.368252
vn 0.070892 -0.970031 -0.232410
vn 0.073968 -0.974627 -0.211259
vn 0.394264 -0.890329 -0.227750
vn 0.330721 -0.888899 -0.316990
vn 0.073968 -0.974627 -0.211259
vn 0.073354 -0.977477 -0.197886
vn 0.373087 -0.913226 -0.163783
vn 0.394264 -0.890329 -0.227750
vn 0.073354 -0.977477 -0.197886
vn 0.066048 -0.976409 -0.205581
vn 0.399336 -0.908881 -0.120276
vn 0.373087 -0.913226 -0.163783
vn -0.140253 -0.978999 -0.147950
vn 0.015396 -0.973375 -0.228699
vn -0.329442 -0.939950 -0.089228
vn -0.308564 -0.949759 -0.052408
vn 0.015396 -0.973375 -0.228699
vn -0.002944 -0.981567 -0.191094
vn -0.342850 -0.924932 -0.164179
vn -0.329442 -0.939950 -0.089228
vn -0.002944 -0.981567 -0.191094
vn 0.021127 -0.985317 -0.169420
vn -0.383303 -0.872559 -0.302853
vn -0.342850 -0.924932 -0.164179
vn 0.334726 -0.940549 -0.057675
vn -0.086367 -0.974051 -0.209200
vn -0.150341 -0.963782 -0.220276
vn -0.094962 -0.977747 -0.187062
vn -0.092516 -0.976290 -0.195699
vn -0.093039 -0.975348 -0.200102
vn -0.097645 -0.975889 -0.195207
vn -0.092516 -0.976290 -0.195699
vn -0.091038 -0.975703 -0.199290
vn -0.094036 -0.976067 -0.196088
vn -0.093039 -0.975348 -0.200102
vn -0.091038 -0.975703 -0.199290
vn -0.184320 -0.950609 -0.249738
vn -0.210361 -0.952814 -0.218846
vn -0.094036 -0.976067 -0.196088
vn -0.150341 -0.963782 -0.220276
vn -0.086367 -0.974051 -0.209200
vn -0.459737 -0.858477 -0.227287
vn 0.021127 -0.985317 -0.169420
vn 0.334726 -0.940549 -0.057675
vn -0.150341 -0.963782 -0.220276
vn -0.184320 -0.950609 -0.249738
vn -0.150341 -0.963782 -0.220276
vn -0.459737 -0.858477 -0.227287
vn -0.210361 -0.952814 -0.218846
vn 0.021127 -0.985317 -0.169420
vn -0.150341 -0.963782 -0.220276
vn -0.383303 -0.872559 -0.302853
vn 0.330721 -0.888899 -0.316990
vn 0.015396 -0.973375 -0.228699
vn -0.140253 -0.978999 -0.147950
vn 0.324154 -0.871386 -0.368252
vn 0.394264 -0.890329 -0.227750
vn -0.002944 -0.981567 -0.191094
vn 0.015396 -0.973375 -0.228699
vn 0.330721 -0.888899 -0.316990
vn 0.373087 -0.913226 -0.163783
vn 0.021127 -0.985317 -0.169420
vn -0.002944 -0.981567 -0.191094
vn 0.394264 -0.890329 -0.227750
vn 0.399336 -0.908881 -0.120276
vn 0.334726 -0.940549 -0.057675
vn 0.021127 -0.985317 -0.169420
vn 0.373087 -0.913226 -0.163783
vn -0.329442 -0.939950 -0.089228
vn -0.092516 -0.976290 -0.195699
vn -0.094962 -0.977747 -0.187062
vn -0.308564 -0.949759 -0.052408
vn -0.342850 -0.924932 -0.164179
vn -0.091038 -0.975703 -0.199290
vn -0.092516 -0.976290 -0.195699
vn -0.329442 -0.939950 -0.089228
vn -0.383303 -0.872559 -0.302853
vn -0.184320 -0.950609 -0.249738
vn -0.091038 -0.975703 -0.199290
vn -0.342850 -0.924932 -0.164179
vn -0.150341 -0.963782 -0.220276
vn -0.184320 -0.950609 -0.249738
vn -0.383303 -0.872559 -0.302853
vn 0.712512 0.248226 -0.656285
vn 0.558040 0.257824 -0.788745
vn 0.558040 0.257824 -0.788745
vn 0.712920 0.248183 -0.655858
vn 0.884491 0.201922 -0.420598
vn 0.712512 0.248226 -0.656285
vn 0.712920 0.248183 -0.655858
vn 0.883851 0.202266 -0.421777
vn 0.983395 0.125123 -0.131446
vn 0.884491 0.201922 -0.420598
vn 0.883851 0.202266 -0.421777
vn 0.983355 0.125184 -0.131687
vn 0.995924 0.080712 0.040263
vn 0.983395 0.125123 -0.131446
vn 0.983355 0.125184 -0.131687
vn 0.995924 0.080712 0.040263
vn 0.803699 -0.035156 0.593996
vn 0.849073 -0.040141 0.526749
vn 0.849073 -0.040141 0.526749
vn 0.804121 -0.035202 0.593423
vn -0.289172 0.236285 -0.927658
vn -0.293716 0.237998 -0.925790
vn -0.293788 0.238025 -0.925761
vn -0.289172 0.236285 -0.927658
vn 0.649734 0.036516 0.759284
vn 0.803699 -0.035156 0.593996
vn 0.804121 -0.035202 0.593423
vn 0.648954 0.046706 0.759393
vn -0.284811 0.212015 -0.934844
vn -0.266384 0.174999 -0.947848
vn -0.266379 0.174936 -0.947861
vn -0.283192 0.208787 -0.936061
vn 0.730731 -0.040933 0.681437
vn 0.703837 0.008427 0.710312
vn 0.709366 -0.001309 0.704839
vn 0.730731 -0.040933 0.681437
vn -0.460551 0.200275 -0.864744
vn -0.569015 0.211677 -0.794616
vn -0.569015 0.211677 -0.794616
vn -0.462997 0.200559 -0.863371
vn -0.964861 0.139860 -0.222448
vn -0.994475 0.101915 -0.025169
vn -0.994415 0.102173 -0.026449
vn -0.964861 0.139860 -0.222448
vn -0.994475 0.101915 -0.025169
vn -0.906401 0.032173 0.421192
vn -0.905915 0.032037 0.422246
vn -0.994415 0.102173 -0.026449
vn -0.906401 0.032173 0.421192
vn -0.828514 0.118593 0.547267
vn -0.833886 0.136140 0.534884
vn -0.905915 0.032037 0.422246
vn -0.780097 0.180487 0.599060
vn -0.640981 0.076378 0.763748
vn -0.640981 0.076378 0.763748
vn -0.772538 0.174137 0.610624
vn -0.828514 0.118593 0.547267
vn -0.780097 0.180487 0.599060
vn -0.772538 0.174137 0.610624
vn -0.833886 0.136140 0.534884
vn -0.293716 0.237998 -0.925790
vn -0.284811 0.212015 -0.934844
vn -0.283192 0.208787 -0.936061
vn -0.293788 0.238025 -0.925761
vn 0.703837 0.008427 0.710312
vn 0.649734 0.036516 0.759284
vn 0.648954 0.046706 0.759393
vn 0.709366 -0.001309 0.704839
vn -0.266384 0.174999 -0.947848
vn -0.460551 0.200275 -0.864744
vn -0.462997 0.200559 -0.863371
vn -0.266379 0.174936 -0.947861
vn -0.279998 0.959446 0.032620
vn -0.231095 0.970657 0.066491
vn -0.238650 0.969407 0.057407
vn -0.253266 0.966562 0.040189
vn -0.253266 0.966562 0.040189
vn -0.238650 0.969407 0.057407
vn -0.221039 0.974209 0.045372
vn -0.222854 0.974281 0.033370
vn -0.222854 0.974281 0.033370
vn -0.221039 0.974209 0.045372
vn -0.210126 0.976976 0.036957
vn -0.211357 0.976911 0.031208
vn -0.211357 0.976911 0.031208
vn -0.210126 0.976976 0.036957
vn -0.216525 0.975375 0.041954
vn -0.231095 0.970657 0.066491
vn -0.483867 0.869446 -0.099681
vn -0.442693 0.888341 -0.121959
vn -0.238650 0.969407 0.057407
vn -0.238650 0.969407 0.057407
vn -0.442693 0.888341 -0.121959
vn -0.401041 0.890793 -0.213668
vn -0.221039 0.974209 0.045372
vn -0.221039 0.974209 0.045372
vn -0.401041 0.890793 -0.213668
vn -0.338413 0.912228 -0.230904
vn -0.210126 0.976976 0.036957
vn -0.210126 0.976976 0.036957
vn -0.338413 0.912228 -0.230904
vn -0.312746 0.910288 -0.271230
vn -0.216525 0.975375 0.041954
vn -0.028603 0.980931 0.192241
vn 0.133817 0.946628 0.293239
vn 0.108791 0.937282 0.331160
vn -0.191722 0.975850 0.104689
vn -0.191722 0.975850 0.104689
vn 0.108791 0.937282 0.331160
vn 0.045353 0.922885 0.382395
vn -0.153752 0.982057 0.109202
vn -0.153752 0.982057 0.109202
vn 0.045353 0.922885 0.382395
vn -0.051020 0.866969 0.495743
vn -0.148678 0.985976 0.075809
vn -0.233482 0.935692 -0.264512
vn -0.113221 0.961885 0.248915
vn -0.137621 0.969889 0.200939
vn -0.103687 0.977875 0.181684
vn -0.114386 0.975889 0.185892
vn -0.120978 0.975348 0.184557
vn -0.114792 0.976296 0.183492
vn -0.114792 0.976296 0.183492
vn -0.120978 0.975348 0.184557
vn -0.118299 0.975755 0.184139
vn -0.120267 0.975166 0.185979
vn -0.120267 0.975166 0.185979
vn -0.118299 0.975755 0.184139
vn -0.078404 0.954173 0.288801
vn -0.116222 0.950634 0.287730
vn -0.113221 0.961885 0.248915
vn 0.051481 0.853964 0.517779
vn -0.137621 0.969889 0.200939
vn -0.148678 0.985976 0.075809
vn -0.113221 0.961885 0.248915
vn -0.233482 0.935692 -0.264512
vn -0.116222 0.950634 0.287730
vn -0.078404 0.954173 0.288801
vn 0.051481 0.853964 0.517779
vn -0.113221 0.961885 0.248915
vn -0.148678 0.985976 0.075809
vn -0.051020 0.866969 0.495743
vn -0.113221 0.961885 0.248915
vn -0.442693 0.888341 -0.121959
vn -0.483867 0.869446 -0.099681
vn -0.028603 0.980931 0.192241
vn -0.191722 0.975850 0.104689
vn -0.401041 0.890793 -0.213668
vn -0.442693 0.888341 -0.121959
vn -0.191722 0.975850 0.104689
vn -0.153752 0.982057 0.109202
vn -0.338413 0.912228 -0.230904
vn -0.401041 0.890793 -0.213668
vn -0.153752 0.982057 0.109202
vn -0.148678 0.985976 0.075809
vn -0.312746 0.910288 -0.271230
vn -0.338413 0.912228 -0.230904
vn -0.148678 0.985976 0.075809
vn -0.233482 0.935692 -0.264512
vn 0.108791 0.937282 0.331160
vn 0.133817 0.946628 0.293239
vn -0.103687 0.977875 0.181684
vn -0.114792 0.976296 0.183492
vn 0.045353 0.922885 0.382395
vn 0.108791 0.937282 0.331160
vn -0.114792 0.976296 0.183492
vn -0.120267 0.975166 0.185979
vn -0.051020 0.866969 0.495743
vn 0.045353 0.922885 0.382395
vn -0.120267 0.975166 0.185979
vn -0.116222 0.950634 0.287730
vn -0.113221 0.961885 0.248915
vn -0.051020 0.866969 0.495743
vn -0.116222 0.950634 0.287730
vn 0.279629 -0.959542 -0.032969
vn 0.253260 -0.966562 -0.040222
vn 0.234861 -0.970031 -0.062295
vn 0.225067 -0.971418 -0.075443
vn 0.253260 -0.966562 -0.040222
vn 0.222989 -0.974248 -0.033423
vn 0.218510 -0.974627 -0.048531
vn 0.234861 -0.970031 -0.062295
vn 0.222989 -0.974248 -0.033423
vn 0.211374 -0.976907 -0.031211
vn 0.206822 -0.977477 -0.042001
vn 0.218510 -0.974627 -0.048531
vn 0.211374 -0.976907 -0.031211
vn 0.209509 -0.976409 -0.052267
vn 0.206822 -0.977477 -0.042001
vn 0.225067 -0.971418 -0.075443
vn 0.234861 -0.970031 -0.062295
vn 0.443720 -0.888899 0.113894
vn 0.483816 -0.871386 0.081287
vn 0.234861 -0.970031 -0.062295
vn 0.218510 -0.974627 -0.048531
vn 0.401392 -0.890329 0.214937
vn 0.443720 -0.888899 0.113894
vn 0.218510 -0.974627 -0.048531
vn 0.206822 -0.977477 -0.042001
vn 0.335873 -0.913226 0.230669
vn 0.401392 -0.890329 0.214937
vn 0.206822 -0.977477 -0.042001
vn 0.209509 -0.976409 -0.052267
vn 0.312743 -0.908881 0.275911
vn 0.335873 -0.913226 0.230669
vn 0.051771 -0.978999 -0.197180
vn 0.202447 -0.973375 -0.107495
vn -0.097873 -0.939950 -0.326978
vn -0.118152 -0.949759 -0.289824
vn 0.202447 -0.973375 -0.107495
vn 0.160824 -0.981567 -0.103253
vn -0.041255 -0.924932 -0.377888
vn -0.097873 -0.939950 -0.326978
vn 0.160824 -0.981567 -0.103253
vn 0.155099 -0.985317 -0.071372
vn 0.055251 -0.872559 -0.485374
vn -0.041255 -0.924932 -0.377888
vn 0.225486 -0.940549 0.254016
vn 0.132226 -0.974051 -0.183685
vn 0.107909 -0.963782 -0.243884
vn 0.108884 -0.977747 -0.179316
vn 0.117512 -0.976290 -0.181792
vn 0.120978 -0.975348 -0.184558
vn 0.114390 -0.975889 -0.185890
vn 0.117512 -0.976290 -0.181792
vn 0.121343 -0.975703 -0.182429
vn 0.117041 -0.976067 -0.183288
vn 0.120978 -0.975348 -0.184558
vn 0.121343 -0.975703 -0.182429
vn 0.115028 -0.950609 -0.288291
vn 0.075050 -0.952814 -0.294131
vn 0.117041 -0.976067 -0.183288
vn 0.107909 -0.963782 -0.243884
vn 0.132226 -0.974051 -0.183685
vn -0.049257 -0.858477 -0.510481
vn 0.155099 -0.985317 -0.071372
vn 0.225486 -0.940549 0.254016
vn 0.107909 -0.963782 -0.243884
vn 0.115028 -0.950609 -0.288291
vn 0.107909 -0.963782 -0.243884
vn -0.049257 -0.858477 -0.510481
vn 0.075050 -0.952814 -0.294131
vn 0.155099 -0.985317 -0.071372
vn 0.107909 -0.963782 -0.243884
vn 0.055251 -0.872559 -0.485374
vn 0.443720 -0.888899 0.113894
vn 0.202447 -0.973375 -0.107495
vn 0.051771 -0.978999 -0.197180
vn 0.483816 -0.871386 0.081287
vn 0.401392 -0.890329 0.214937
vn 0.160824 -0.981567 -0.103253
vn 0.202447 -0.973375 -0.107495
vn 0.443720 -0.888899 0.113894
vn 0.335873 -0.913226 0.230669
vn 0.155099 -0.985317 -0.071372
vn 0.160824 -0.981567 -0.103253
vn 0.401392 -0.890329 0.214937
vn 0.312743 -0.908881 0.275911
vn 0.225486 -0.940549 0.254016
vn 0.155099 -0.985317 -0.071372
vn 0.335873 -0.913226 0.230669
vn -0.097873 -0.939950 -0.326978
vn 0.117512 -0.976290 -0.181792
vn 0.108884 -0.977747 -0.179316
vn -0.118152 -0.949759 -0.289824
vn -0.041255 -0.924932 -0.377888
vn 0.121343 -0.975703 -0.182429
vn 0.117512 -0.976290 -0.181792
vn -0.097873 -0.939950 -0.326978
vn 0.055251 -0.872559 -0.485374
vn 0.115028 -0.950609 -0.288291
vn 0.121343 -0.975703 -0.182429
vn -0.041255 -0.924932 -0.377888
vn 0.107909 -0.963782 -0.243884
vn 0.115028 -0.950609 -0.288291
vn 0.055251 -0.872559 -0.485374
vn 0.933319 0.248226 0.259423
vn 0.964430 0.257824 0.058328
vn 0.964430 0.257824 0.058328
vn 0.933171 0.248183 0.259995
vn 0.823723 0.201922 0.529819
vn 0.933319 0.248226 0.259423
vn 0.933171 0.248183 0.259995
vn 0.824387 0.202266 0.528653
vn 0.630169 0.125123 0.766310
vn 0.823723 0.201922 0.529819
vn 0.824387 0.202266 0.528653
vn 0.630353 0.125184 0.766149
vn 0.490870 0.080712 0.867486
vn 0.630169 0.125123 0.766310
vn 0.630353 0.125184 0.766149
vn 0.490870 0.080712 0.867486
vn -0.080996 -0.035156 0.996094
vn 0.000068 -0.040141 0.999194
vn 0.000068 -0.040141 0.999194
vn -0.080287 -0.035202 0.996150
vn 0.635790 0.236285 -0.734806
vn 0.631808 0.237998 -0.737683
vn 0.631745 0.238025 -0.737728
vn 0.635790 0.236285 -0.734806
vn -0.302621 0.036516 0.952411
vn -0.080996 -0.035156 0.996094
vn -0.080287 -0.035202 0.996150
vn -0.303124 0.046706 0.951806
vn 0.644196 0.212015 -0.734889
vn 0.664961 0.174998 -0.726087
vn 0.664975 0.174936 -0.726090
vn 0.646084 0.208787 -0.734155
vn -0.193768 -0.040933 0.980193
vn -0.232482 0.008427 0.972564
vn -0.224917 -0.001309 0.974377
vn -0.193768 -0.040933 0.980193
vn 0.491975 0.200275 -0.847261
vn 0.375199 0.211677 -0.902451
vn 0.375199 0.211677 -0.902451
vn 0.489519 0.200559 -0.848615
vn -0.319686 0.139860 -0.937145
vn -0.502931 0.101915 -0.858297
vn -0.501813 0.102173 -0.858921
vn -0.319686 0.139860 -0.937145
vn -0.502931 0.101915 -0.858297
vn -0.835779 0.032173 -0.548123
vn -0.836419 0.032037 -0.547154
vn -0.501813 0.102173 -0.858921
vn -0.835779 0.032173 -0.548123
vn -0.901843 0.118593 -0.415470
vn -0.894153 0.136140 -0.426563
vn -0.836419 0.032037 -0.547154
vn -0.920326 0.180487 -0.347022
vn -0.986918 0.076378 -0.141984
vn -0.986918 0.076378 -0.141984
vn -0.926167 0.174137 -0.334503
vn -0.901843 0.118593 -0.415470
vn -0.920326 0.180487 -0.347022
vn -0.926167 0.174137 -0.334503
vn -0.894153 0.136140 -0.426563
vn 0.631808 0.237998 -0.737683
vn 0.644196 0.212015 -0.734889
vn 0.646084 0.208787 -0.734155
vn 0.631745 0.238025 -0.737728
vn -0.232482 0.008427 0.972564
vn -0.302621 0.036516 0.952411
vn -0.303124 0.046706 0.951806
vn -0.224917 -0.001309 0.974377
vn 0.664961 0.174998 -0.726087
vn 0.491975 0.200275 -0.847261
vn 0.489519 0.200559 -0.848615
vn 0.664975 0.174936 -0.726090
vn 0.012842 0.959446 0.281599
vn 0.050070 0.970657 0.235200
vn 0.040476 0.969407 0.242097
vn 0.022273 0.966562 0.255466
vn 0.022273 0.966562 0.255466
vn 0.040476 0.969407 0.242097
vn 0.029710 0.974209 0.223683
vn 0.017610 0.974281 0.224650
vn 0.017610 0.974281 0.224650
vn 0.029710 0.974209 0.223683
vn 0.022083 0.976976 0.212205
vn 0.016262 0.976911 0.213028
vn 0.016262 0.976911 0.213028
vn 0.022083 0.976976 0.212205
vn 0.026618 0.975375 0.218940
vn 0.050070 0.970657 0.235200
vn -0.133473 0.869446 0.475656
vn -0.152799 0.888341 0.433016
vn 0.040476 0.969407 0.242097
vn 0.040476 0.969407 0.242097
vn -0.152799 0.888341 0.433016
vn -0.241351 0.890793 0.385016
vn 0.029710 0.974209 0.223683
vn 0.029710 0.974209 0.223683
vn -0.241351 0.890793 0.385016
vn -0.254138 0.912228 0.321331
vn 0.022083 0.976976 0.212205
vn 0.022083 0.976976 0.212205
vn -0.254138 0.912228 0.321331
vn -0.292559 0.910288 0.292891
vn 0.026618 0.975375 0.218940
vn 0.189753 0.980931 0.042056
vn 0.301927 0.946628 -0.112857
vn 0.337993 0.937282 -0.085226
vn 0.090943 0.975850 0.198611
vn 0.090943 0.975850 0.198611
vn 0.337993 0.937282 -0.085226
vn 0.384638 0.922885 -0.018340
vn 0.098115 0.982057 0.161053
vn 0.098115 0.982057 0.161053
vn 0.384638 0.922885 -0.018340
vn 0.490926 0.866969 0.085768
vn 0.065162 0.985976 0.153643
vn -0.280282 0.935692 0.214296
vn 0.240333 0.961885 0.130451
vn 0.190760 0.969889 0.151416
vn 0.173940 0.977875 0.116211
vn 0.177384 0.975889 0.127179
vn 0.175589 0.975348 0.133661
vn 0.174963 0.976296 0.127416
vn 0.174963 0.976296 0.127416
vn 0.175589 0.975348 0.133661
vn 0.175361 0.975755 0.130960
vn 0.177057 0.975166 0.133052
vn 0.177057 0.975166 0.133052
vn 0.175361 0.975755 0.130960
vn 0.282570 0.954173 0.098526
vn 0.278841 0.950634 0.136175
vn 0.240333 0.961885 0.130451
vn 0.520118 0.853964 -0.014929
vn 0.190760 0.969889 0.151416
vn 0.065162 0.985976 0.153643
vn 0.240333 0.961885 0.130451
vn -0.280282 0.935692 0.214296
vn 0.278841 0.950634 0.136175
vn 0.282570 0.954173 0.098526
vn 0.520118 0.853964 -0.014929
vn 0.240333 0.961885 0.130451
vn 0.065162 0.985976 0.153643
vn 0.490926 0.866969 0.085768
vn 0.240333 0.961885 0.130451
vn -0.152799 0.888341 0.433016
vn -0.133473 0.869446 0.475656
vn 0.189753 0.980931 0.042056
vn 0.090943 0.975850 0.198611
vn -0.241351 0.890793 0.385016
vn -0.152799 0.888341 0.433016
vn 0.090943 0.975850 0.198611
vn 0.098115 0.982057 0.161053
vn -0.254138 0.912228 0.321331
vn -0.241351 0.890793 0.385016
vn 0.098115 0.982057 0.161053
vn 0.065162 0.985976 0.153643
vn -0.292559 0.910288 0.292891
vn -0.254138 0.912228 0.321331
vn 0.065162 0.985976 0.153643
vn -0.280282 0.935692 0.214296
vn 0.337993 0.937282 -0.085226
vn 0.301927 0.946628 -0.112857
vn 0.173940 0.977875 0.116211
vn 0.174963 0.976296 0.127416
vn 0.384638 0.922885 -0.018340
vn 0.337993 0.937282 -0.085226
vn 0.174963 0.976296 0.127416
vn 0.177057 0.975166 0.133052
vn 0.490926 0.866969 0.085768
vn 0.384638 0.922885 -0.018340
vn 0.177057 0.975166 0.133052
vn 0.278841 0.950634 0.136175
vn 0.240333 0.961885 0.130451
vn 0.490926 0.866969 0.085768
vn 0.278841 0.950634 0.136175
vn -0.013216 -0.959542 -0.281255
vn -0.022307 -0.966562 -0.255462
vn -0.045619 -0.970031 -0.238661
vn -0.059423 -0.971418 -0.229817
vn -0.022307 -0.966562 -0.255462
vn -0.017654 -0.974248 -0.224788
vn -0.033039 -0.974627 -0.221383
vn -0.045619 -0.970031 -0.238661
vn -0.017654 -0.974248 -0.224788
vn -0.016264 -0.976907 -0.213046
vn -0.027348 -0.977477 -0.209265
vn -0.033039 -0.974627 -0.221383
vn -0.016264 -0.976907 -0.213046
vn -0.037399 -0.976409 -0.212667
vn -0.027348 -0.977477 -0.209265
vn -0.059423 -0.971418 -0.229817
vn -0.045619 -0.970031 -0.238661
vn 0.144826 -0.888899 -0.434609
vn 0.115121 -0.871386 -0.476899
vn -0.045619 -0.970031 -0.238661
vn -0.033039 -0.974627 -0.221383
vn 0.242642 -0.890329 -0.385278
vn 0.144826 -0.888899 -0.434609
vn -0.033039 -0.974627 -0.221383
vn -0.027348 -0.977477 -0.209265
vn 0.253725 -0.913226 -0.318814
vn 0.242642 -0.890329 -0.385278
vn -0.027348 -0.977477 -0.209265
vn -0.037399 -0.976409 -0.212667
vn 0.297228 -0.908881 -0.292559
vn 0.253725 -0.913226 -0.318814
vn -0.193050 -0.978999 -0.065514
vn -0.092987 -0.973375 -0.209508
vn -0.333053 -0.939950 0.074628
vn -0.297418 -0.949759 0.097471
vn -0.092987 -0.973375 -0.209508
vn -0.091683 -0.981567 -0.167690
vn -0.379854 -0.924932 0.014569
vn -0.333053 -0.939950 0.074628
vn -0.091683 -0.981567 -0.167690
vn -0.060284 -0.985317 -0.159735
vn -0.480285 -0.872559 -0.089259
vn -0.379854 -0.924932 0.014569
vn 0.269249 -0.940549 -0.207058
vn -0.173928 -0.974051 -0.144821
vn -0.235689 -0.963782 -0.124798
vn -0.171212 -0.977747 -0.121229
vn -0.173075 -0.976290 -0.130009
vn -0.175590 -0.975348 -0.133662
vn -0.177383 -0.975889 -0.127183
vn -0.173075 -0.976290 -0.130009
vn -0.173441 -0.975703 -0.133876
vn -0.174600 -0.976067 -0.129645
vn -0.175590 -0.975348 -0.133662
vn -0.173441 -0.975703 -0.133876
vn -0.279485 -0.950609 -0.135024
vn -0.288123 -0.952814 -0.095555
vn -0.174600 -0.976067 -0.129645
vn -0.235689 -0.963782 -0.124798
vn -0.173928 -0.974051 -0.144821
vn -0.512682 -0.858477 0.013224
vn -0.060284 -0.985317 -0.159735
vn 0.269249 -0.940549 -0.207058
vn -0.235689 -0.963782 -0.124798
vn -0.279485 -0.950609 -0.135024
vn -0.235689 -0.963782 -0.124798
vn -0.512682 -0.858477 0.013224
vn -0.288123 -0.952814 -0.095555
vn -0.060284 -0.985317 -0.159735
vn -0.235689 -0.963782 -0.124798
vn -0.480285 -0.872559 -0.089259
vn 0.144826 -0.888899 -0.434609
vn -0.092987 -0.973375 -0.209508
vn -0.193050 -0.978999 -0.065514
vn 0.115121 -0.871386 -0.476899
vn 0.242642 -0.890329 -0.385278
vn -0.091683 -0.981567 -0.167690
vn -0.092987 -0.973375 -0.209508
vn 0.144826 -0.888899 -0.434609
vn 0.253725 -0.913226 -0.318814
vn -0.060284 -0.985317 -0.159735
vn -0.091683 -0.981567 -0.167690
vn 0.242642 -0.890329 -0.385278
vn 0.297228 -0.908881 -0.292559
vn 0.269249 -0.940549 -0.207058
vn -0.060284 -0.985317 -0.159735
vn 0.253725 -0.913226 -0.318814
vn -0.333053 -0.939950 0.074628
vn -0.173075 -0.976290 -0.130009
vn -0.171212 -0.977747 -0.121229
vn -0.297418 -0.949759 0.097471
vn -0.379854 -0.924932 0.014569
vn -0.173441 -0.975703 -0.133876
vn -0.173075 -0.976290 -0.130009
vn -0.333053 -0.939950 0.074628
vn -0.480285 -0.872559 -0.089259
vn -0.279485 -0.950609 -0.135024
vn -0.173441 -0.975703 -0.133876
vn -0.379854 -0.924932 0.014569
vn -0.235689 -0.963782 -0.124798
vn -0.279485 -0.950609 -0.135024
vn -0.480285 -0.872559 -0.089259
vn 0.324437 0.248226 -0.912757
vn 0.126029 0.257824 -0.957937
vn 0.126029 0.257824 -0.957937
vn 0.324997 0.248183 -0.912569
vn 0.586453 0.201922 -0.784411
vn 0.324437 0.248226 -0.912757
vn 0.324997 0.248183 -0.912569
vn 0.585337 0.202266 -0.785155
vn 0.808742 0.125123 -0.574700
vn 0.586453 0.201922 -0.784411
vn 0.585337 0.202266 -0.785155
vn 0.808595 0.125184 -0.574895
vn 0.899869 0.080712 -0.428628
vn 0.808742 0.125123 -0.574700
vn 0.808595 0.125184 -0.574895
vn 0.899869 0.080712 -0.428628
vn 0.987929 -0.035156 0.150868
vn 0.996723 -0.040141 0.070223
vn 0.996723 -0.040141 0.070223
vn 0.988034 -0.035202 0.150165
vn -0.688260 0.236285 -0.685907
vn -0.691409 0.237998 -0.682136
vn -0.691458 0.238025 -0.682077
vn -0.688260 0.236285 -0.685907
vn 0.928763 0.036516 0.368871
vn 0.987929 -0.035156 0.150868
vn 0.988034 -0.035202 0.150165
vn 0.928124 0.046706 0.369330
vn -0.687750 0.212015 -0.694298
vn -0.677510 0.174998 -0.714392
vn -0.677512 0.174936 -0.714406
vn -0.686886 0.208787 -0.696129
vn 0.964134 -0.040933 0.262242
vn 0.953800 0.008427 0.300324
vn 0.956141 -0.001309 0.292905
vn 0.964134 -0.040933 0.262242
vn -0.810552 0.200275 -0.550359
vn -0.873821 0.211677 -0.437755
vn -0.873821 0.211677 -0.437755
vn -0.812076 0.200559 -0.548004
vn -0.957312 0.139860 0.252968
vn -0.891550 0.101915 0.441306
vn -0.892094 0.102173 0.440147
vn -0.957312 0.139860 0.252968
vn -0.891550 0.101915 0.441306
vn -0.605560 0.032173 0.795149
vn -0.604639 0.032037 0.795855
vn -0.892094 0.102173 0.440147
vn -0.605560 0.032173 0.795149
vn -0.477883 0.118593 0.870381
vn -0.488408 0.136140 0.861930
vn -0.604639 0.032037 0.795855
vn -0.410905 0.180487 0.893634
vn -0.211059 0.076378 0.974485
vn -0.211059 0.076378 0.974485
vn -0.398827 0.174137 0.900341
vn -0.477883 0.118593 0.870381
vn -0.410905 0.180487 0.893634
vn -0.398827 0.174137 0.900341
vn -0.488408 0.136140 0.861930
vn -0.691409 0.237998 -0.682136
vn -0.687750 0.212015 -0.694298
vn -0.686886 0.208787 -0.696129
vn -0.691458 0.238025 -0.682077
vn 0.953800 0.008427 0.300324
vn 0.928763 0.036516 0.368871
vn 0.928124 0.046706 0.369330
vn 0.956141 -0.001309 0.292905
vn -0.677510 0.174998 -0.714392
vn -0.810552 0.200275 -0.550359
vn -0.812076 0.200559 -0.548004
vn -0.677512 0.174936 -0.714406
vn 0.099470 0.694372 -0.712708
vn 0.046938 0.718158 -0.694295
vn 0.058477 0.715794 -0.695859
vn 0.080481 0.710766 -0.698810
vn 0.080481 0.710766 -0.698810
vn 0.058477 0.715794 -0.695859
vn 0.061090 0.730641 -0.680023
vn 0.072588 0.732671 -0.676701
vn 0.072588 0.732671 -0.676701
vn 0.061090 0.730641 -0.680023
vn 0.063561 0.739883 -0.669726
vn 0.069234 0.740608 -0.668361
vn 0.069234 0.740608 -0.668361
vn 0.063561 0.739883 -0.669726
vn 0.062057 0.734468 -0.675800
vn 0.046938 0.718158 -0.694295
vn 0.310555 0.555818 -0.771117
vn 0.311461 0.595786 -0.740291
vn 0.058477 0.715794 -0.695859
vn 0.058477 0.715794 -0.695859
vn 0.311461 0.595786 -0.740291
vn 0.373841 0.637892 -0.673303
vn 0.061090 0.730641 -0.680023
vn 0.061090 0.730641 -0.680023
vn 0.373841 0.637892 -0.673303
vn 0.360425 0.688522 -0.629310
vn 0.063561 0.739883 -0.669726
vn 0.063561 0.739883 -0.669726
vn 0.360425 0.688522 -0.629310
vn 0.384482 0.707736 -0.592692
vn 0.062057 0.734468 -0.675800
vn -0.157695 0.788832 -0.594034
vn -0.321950 0.808784 -0.492155
vn -0.344164 0.780680 -0.521622
vn -0.005066 0.731468 -0.681857
vn -0.005066 0.731468 -0.681857
vn -0.344164 0.780680 -0.521622
vn -0.360585 0.727871 -0.583251
vn -0.026495 0.752836 -0.657674
vn -0.026495 0.752836 -0.657674
vn -0.360585 0.727871 -0.583251
vn -0.417089 0.610034 -0.673717
vn 0.000848 0.766244 -0.642550
vn 0.342148 0.763708 -0.547435
vn -0.169232 0.721233 -0.671702
vn -0.115409 0.728305 -0.675465
vn -0.113868 0.754909 -0.645869
vn -0.112698 0.747413 -0.654732
vn -0.108488 0.744293 -0.658983
vn -0.110380 0.748137 -0.654299
vn -0.110380 0.748137 -0.654299
vn -0.108488 0.744293 -0.658983
vn -0.109346 0.745945 -0.656970
vn -0.110077 0.744125 -0.658908
vn -0.110077 0.744125 -0.658908
vn -0.109346 0.745945 -0.656970
vn -0.220647 0.720971 -0.656899
vn -0.202344 0.701174 -0.683675
vn -0.169232 0.721233 -0.671702
vn -0.483693 0.639757 -0.597288
vn -0.115409 0.728305 -0.675465
vn 0.000848 0.766244 -0.642550
vn -0.169232 0.721233 -0.671702
vn 0.342148 0.763708 -0.547435
vn -0.202344 0.701174 -0.683675
vn -0.220647 0.720971 -0.656899
vn -0.483693 0.639757 -0.597288
vn -0.169232 0.721233 -0.671702
vn 0.000848 0.766244 -0.642550
vn -0.417089 0.610034 -0.673717
vn -0.169232 0.721233 -0.671702
vn 0.311461 0.595786 -0.740291
vn 0.310555 0.555818 -0.771117
vn -0.157695 0.788832 -0.594034
vn -0.005066 0.731468 -0.681857
vn 0.373841 0.637892 -0.673303
vn 0.311461 0.595786 -0.740291
vn -0.005066 0.731468 -0.681857
vn -0.026495 0.752836 -0.657674
vn 0.360425 0.688522 -0.629310
vn 0.373841 0.637892 -0.673303
vn -0.026495 0.752836 -0.657674
vn 0.000848 0.766244 -0.642550
vn 0.384482 0.707736 -0.592692
vn 0.360425 0.688522 -0.629310
vn 0.000848 0.766244 -0.642550
vn 0.342148 0.763708 -0.547435
vn -0.344164 0.780680 -0.521622
vn -0.321950 0.808784 -0.492155
vn -0.113868 0.754909 -0.645869
vn -0.110380 0.748137 -0.654299
vn -0.360585 0.727871 -0.583251
vn -0.344164 0.780680 -0.521622
vn -0.110380 0.748137 -0.654299
vn -0.110077 0.744125 -0.658908
vn -0.417089 0.610034 -0.673717
vn -0.360585 0.727871 -0.583251
vn -0.110077 0.744125 -0.658908
vn -0.202344 0.701174 -0.683675
vn -0.169232 0.721233 -0.671702
vn -0.417089 0.610034 -0.673717
vn -0.202344 0.701174 -0.683675
vn -0.098991 -0.694539 0.712612
vn -0.080448 -0.710761 0.698818
vn -0.052394 -0.716900 0.695204
vn -0.036219 -0.719447 0.693603
vn -0.080448 -0.710761 0.698818
vn -0.072602 -0.732570 0.676809
vn -0.057124 -0.731405 0.679546
vn -0.052394 -0.716900 0.695204
vn -0.072602 -0.732570 0.676809
vn -0.069239 -0.740596 0.668374
vn -0.057563 -0.740629 0.669444
vn -0.057124 -0.731405 0.679546
vn -0.069239 -0.740596 0.668374
vn -0.049675 -0.736120 0.675026
vn -0.057563 -0.740629 0.669444
vn -0.036219 -0.719447 0.693603
vn -0.052394 -0.716900 0.695204
vn -0.304766 -0.593935 0.744553
vn -0.294188 -0.553247 0.779340
vn -0.052394 -0.716900 0.695204
vn -0.057124 -0.731405 0.679546
vn -0.375130 -0.637628 0.672836
vn -0.304766 -0.593935 0.744553
vn -0.057124 -0.731405 0.679546
vn -0.057563 -0.740629 0.669444
vn -0.359050 -0.690469 0.627961
vn -0.375130 -0.637628 0.672836
vn -0.057563 -0.740629 0.669444
vn -0.049675 -0.736120 0.675026
vn -0.388640 -0.707609 0.590126
vn -0.359050 -0.690469 0.627961
vn 0.151454 -0.775610 0.612773
vn 0.002639 -0.723863 0.689938
vn 0.335439 -0.779047 0.529685
vn 0.311730 -0.805239 0.504395
vn 0.002639 -0.723863 0.689938
vn 0.017964 -0.750617 0.660494
vn 0.354700 -0.728841 0.585644
vn 0.335439 -0.779047 0.529685
vn 0.017964 -0.750617 0.660494
vn -0.007737 -0.763820 0.645382
vn 0.405934 -0.615361 0.675684
vn 0.354700 -0.728841 0.585644
vn -0.329154 -0.769056 0.547915
vn 0.102553 -0.738323 0.666605
vn 0.167199 -0.726424 0.666598
vn 0.109380 -0.753013 0.648851
vn 0.107621 -0.747305 0.655708
vn 0.108489 -0.744292 0.658983
vn 0.112695 -0.747411 0.654734
vn 0.107621 -0.747305 0.655708
vn 0.106430 -0.744928 0.658600
vn 0.109167 -0.746977 0.655827
vn 0.108489 -0.744292 0.658983
vn 0.106430 -0.744928 0.658600
vn 0.203391 -0.701559 0.682970
vn 0.226921 -0.720069 0.655749
vn 0.109167 -0.746977 0.655827
vn 0.167199 -0.726424 0.666598
vn 0.102553 -0.738323 0.666605
vn 0.476188 -0.644344 0.598386
vn -0.007737 -0.763820 0.645382
vn -0.329154 -0.769056 0.547915
vn 0.167199 -0.726424 0.666598
vn 0.203391 -0.701559 0.682970
vn 0.167199 -0.726424 0.666598
vn 0.476188 -0.644344 0.598386
vn 0.226921 -0.720069 0.655749
vn -0.007737 -0.763820 0.645382
vn 0.167199 -0.726424 0.666598
vn 0.405934 -0.615361 0.675684
vn -0.304766 -0.593935 0.744553
vn 0.002639 -0.723863 0.689938
vn 0.151454 -0.775610 0.612773
vn -0.294188 -0.553247 0.779340
vn -0.375130 -0.637628 0.672836
vn 0.017964 -0.750617 0.660494
vn 0.002639 -0.723863 0.689938
vn -0.304766 -0.593935 0.744553
vn -0.359050 -0.690469 0.627961
vn -0.007737 -0.763820 0.645382
vn 0.017964 -0.750617 0.660494
vn -0.375130 -0.637628 0.672836
vn -0.388640 -0.707609 0.590126
vn -0.329154 -0.769056 0.547915
vn -0.007737 -0.763820 0.645382
vn -0.359050 -0.690469 0.627961
vn 0.335439 -0.779047 0.529685
vn 0.107621 -0.747305 0.655708
vn 0.109380 -0.753013 0.648851
vn 0.311730 -0.805239 0.504395
vn 0.354700 -0.728841 0.585644
vn 0.106430 -0.744928 0.658600
vn 0.107621 -0.747305 0.655708
vn 0.335439 -0.779047 0.529685
vn 0.405934 -0.615361 0.675684
vn 0.203391 -0.701559 0.682970
vn 0.106430 -0.744928 0.658600
vn 0.354700 -0.728841 0.585644
vn 0.167199 -0.726424 0.666598
vn 0.203391 -0.701559 0.682970
vn 0.405934 -0.615361 0.675684
vn -0.658690 0.573319 0.487271
vn -0.494279 0.642228 0.585859
vn -0.494279 0.642228 0.585859
vn -0.659130 0.573083 0.486953
vn -0.848673 0.421402 0.319649
vn -0.658690 0.573319 0.487271
vn -0.659130 0.573083 0.486953
vn -0.847942 0.422267 0.320446
vn -0.970011 0.213318 0.116506
vn -0.848673 0.421402 0.319649
vn -0.847942 0.422267 0.320446
vn -0.969953 0.213490 0.116680
vn -0.996006 0.088943 -0.007867
vn -0.970011 0.213318 0.116506
vn -0.969953 0.213490 0.116680
vn -0.996006 0.088943 -0.007867
vn -0.847926 -0.297799 -0.438562
vn -0.887870 -0.266396 -0.375127
vn -0.887870 -0.266396 -0.375127
vn -0.848301 -0.297532 -0.438018
vn 0.361234 0.659979 0.658740
vn 0.365617 0.660335 0.655959
vn 0.365686 0.660340 0.655915
vn 0.361234 0.659979 0.658740
vn -0.707437 -0.325409 -0.627409
vn -0.847926 -0.297799 -0.438562
vn -0.848301 -0.297532 -0.438018
vn -0.706668 -0.316704 -0.632708
vn 0.357451 0.642836 0.677488
vn 0.340105 0.618189 0.708641
vn 0.340100 0.618142 0.708684
vn 0.355933 0.640730 0.680277
vn -0.782061 -0.349763 -0.515797
vn -0.757521 -0.322804 -0.567415
vn -0.762602 -0.328225 -0.557410
vn -0.782061 -0.349763 -0.515797
vn 0.527134 0.590382 0.611211
vn 0.629747 0.560554 0.537771
vn 0.629747 0.560554 0.537771
vn 0.529465 0.589838 0.609720
vn 0.979367 0.194426 0.055129
vn 0.993374 0.061064 -0.097364
vn 0.993415 0.061934 -0.096390
vn 0.979367 0.194426 0.055129
vn 0.993374 0.061064 -0.097364
vn 0.870468 -0.220611 -0.440019
vn 0.869900 -0.221240 -0.440824
vn 0.993415 0.061934 -0.096390
vn 0.870468 -0.220611 -0.440019
vn 0.782906 -0.206510 -0.586866
vn 0.789235 -0.185343 -0.585453
vn 0.869900 -0.221240 -0.440824
vn 0.730566 -0.177295 -0.659423
vn 0.578929 -0.344600 -0.738981
vn 0.578929 -0.344600 -0.738981
vn 0.722121 -0.188302 -0.665645
vn 0.782906 -0.206510 -0.586866
vn 0.730566 -0.177295 -0.659423
vn 0.722121 -0.188302 -0.665645
vn 0.789235 -0.185343 -0.585453
vn 0.365617 0.660335 0.655959
vn 0.357451 0.642836 0.677488
vn 0.355933 0.640730 0.680277
vn 0.365686 0.660340 0.655915
vn -0.757521 -0.322804 -0.567415
vn -0.707437 -0.325409 -0.627409
vn -0.706668 -0.316704 -0.632708
vn -0.762602 -0.328225 -0.557410
vn 0.340105 0.618189 0.708641
vn 0.527134 0.590382 0.611211
vn 0.529465 0.589838 0.609720
vn 0.340100 0.618142 0.708684
vn 0.242184 0.673131 -0.698743
vn 0.183706 0.675375 -0.714227
vn 0.194315 0.677552 -0.709341
vn 0.214693 0.681225 -0.699885
vn 0.214693 0.681225 -0.699885
vn 0.194315 0.677552 -0.709341
vn 0.183164 0.692435 -0.697843
vn 0.189729 0.698710 -0.689788
vn 0.189729 0.698710 -0.689788
vn 0.183164 0.692435 -0.697843
vn 0.176646 0.702024 -0.689897
vn 0.180120 0.704861 -0.686096
vn 0.180120 0.704861 -0.686096
vn 0.176646 0.702024 -0.689897
vn 0.180443 0.696383 -0.694615
vn 0.183706 0.675375 -0.714227
vn 0.482327 0.624510 -0.614286
vn 0.453862 0.662131 -0.596315
vn 0.194315 0.677552 -0.709341
vn 0.194315 0.677552 -0.709341
vn 0.453862 0.662131 -0.596315
vn 0.453350 0.725419 -0.517920
vn 0.183164 0.692435 -0.697843
vn 0.183164 0.692435 -0.697843
vn 0.453350 0.725419 -0.517920
vn 0.403244 0.767596 -0.498187
vn 0.176646 0.702024 -0.689897
vn 0.176646 0.702024 -0.689897
vn 0.403244 0.767596 -0.498187
vn 0.396310 0.794861 -0.459493
vn 0.180443 0.696383 -0.694615
vn -0.052503 0.664060 -0.745834
vn -0.242022 0.621165 -0.745372
vn -0.234689 0.586445 -0.775244
vn 0.132156 0.668069 -0.732269
vn 0.132156 0.668069 -0.732269
vn -0.234689 0.586445 -0.775244
vn -0.197746 0.530753 -0.824135
vn 0.095660 0.679940 -0.727001
vn 0.095660 0.679940 -0.727001
vn -0.197746 0.530753 -0.824135
vn -0.156144 0.399407 -0.903379
vn 0.104684 0.702870 -0.703573
vn 0.321228 0.831015 -0.454121
vn 0.001545 0.596383 -0.802699
vn 0.043429 0.623319 -0.780761
vn 0.020334 0.648806 -0.760682
vn 0.028377 0.642228 -0.765988
vn 0.034939 0.640899 -0.766830
vn 0.029729 0.643783 -0.764631
vn 0.029729 0.643783 -0.764631
vn 0.034939 0.640899 -0.766830
vn 0.032665 0.642121 -0.765907
vn 0.033709 0.640141 -0.767518
vn 0.033709 0.640141 -0.767518
vn 0.032665 0.642121 -0.765907
vn -0.046538 0.576769 -0.815581
vn -0.011587 0.565139 -0.824914
vn 0.001545 0.596383 -0.802699
vn -0.258695 0.402369 -0.878166
vn 0.043429 0.623319 -0.780761
vn 0.104684 0.702870 -0.703573
vn 0.001545 0.596383 -0.802699
vn 0.321228 0.831015 -0.454121
vn -0.011587 0.565139 -0.824914
vn -0.046538 0.576769 -0.815581
vn -0.258695 0.402369 -0.878166
vn 0.001545 0.596383 -0.802699
vn 0.104684 0.702870 -0.703573
vn -0.156144 0.399407 -0.903379
vn 0.001545 0.596383 -0.802699
vn 0.453862 0.662131 -0.596315
vn 0.482327 0.624510 -0.614286
vn -0.052503 0.664060 -0.745834
vn 0.132156 0.668069 -0.732269
vn 0.453350 0.725419 -0.517920
vn 0.453862 0.662131 -0.596315
vn 0.132156 0.668069 -0.732269
vn 0.095660 0.679940 -0.727001
vn 0.403244 0.767596 -0.498187
vn 0.453350 0.725419 -0.517920
vn 0.095660 0.679940 -0.727001
vn 0.104684 0.702870 -0.703573
vn 0.396310 0.794861 -0.459493
vn 0.403244 0.767596 -0.498187
vn 0.104684 0.702870 -0.703573
vn 0.321228 0.831015 -0.454121
vn -0.234689 0.586445 -0.775244
vn -0.242022 0.621165 -0.745372
vn 0.020334 0.648806 -0.760682
vn 0.029729 0.643783 -0.764631
vn -0.197746 0.530753 -0.824135
vn -0.234689 0.586445 -0.775244
vn 0.029729 0.643783 -0.764631
vn 0.033709 0.640141 -0.767518
vn -0.156144 0.399407 -0.903379
vn -0.197746 0.530753 -0.824135
vn 0.033709 0.640141 -0.767518
vn -0.011587 0.565139 -0.824914
vn 0.001545 0.596383 -0.802699
vn -0.156144 0.399407 -0.903379
vn -0.011587 0.565139 -0.824914
vn -0.241704 -0.673105 0.698934
vn -0.214674 -0.681208 0.699908
vn -0.188858 -0.676273 0.712030
vn -0.174545 -0.672505 0.719216
vn -0.214674 -0.681208 0.699908
vn -0.189830 -0.698621 0.689850
vn -0.179565 -0.691641 0.699564
vn -0.188858 -0.676273 0.712030
vn -0.189830 -0.698621 0.689850
vn -0.180135 -0.704852 0.686102
vn -0.171569 -0.700440 0.692783
vn -0.179565 -0.691641 0.699564
vn -0.180135 -0.704852 0.686102
vn -0.169823 -0.693219 0.700434
vn -0.171569 -0.700440 0.692783
vn -0.174545 -0.672505 0.719216
vn -0.188858 -0.676273 0.712030
vn -0.451502 -0.657835 0.602826
vn -0.474760 -0.615838 0.628765
vn -0.188858 -0.676273 0.712030
vn -0.179565 -0.691641 0.699564
vn -0.454190 -0.725669 0.516832
vn -0.451502 -0.657835 0.602826
vn -0.179565 -0.691641 0.699564
vn -0.171569 -0.700440 0.692783
vn -0.400830 -0.768889 0.498142
vn -0.454190 -0.725669 0.516832
vn -0.171569 -0.700440 0.692783
vn -0.169823 -0.693219 0.700434
vn -0.398222 -0.796348 0.455247
vn -0.400830 -0.768889 0.498142
vn 0.033380 -0.654014 0.755746
vn -0.140796 -0.661876 0.736272
vn 0.223015 -0.588167 0.777383
vn 0.226330 -0.621646 0.749888
vn -0.140796 -0.661876 0.736272
vn -0.104547 -0.681097 0.724691
vn 0.192163 -0.533861 0.823448
vn 0.223015 -0.588167 0.777383
vn -0.104547 -0.681097 0.724691
vn -0.112357 -0.703216 0.702042
vn 0.148043 -0.408550 0.900650
vn 0.192163 -0.533861 0.823448
vn -0.309639 -0.831025 0.462083
vn -0.045561 -0.637554 0.769057
vn 0.001246 -0.602007 0.798490
vn -0.026045 -0.648726 0.760576
vn -0.032907 -0.644046 0.764279
vn -0.034939 -0.640898 0.766831
vn -0.028382 -0.642228 0.765988
vn -0.032907 -0.644046 0.764279
vn -0.036142 -0.642272 0.765624
vn -0.031865 -0.643155 0.765073
vn -0.034939 -0.640898 0.766831
vn -0.036142 -0.642272 0.765624
vn 0.012906 -0.565105 0.824918
vn 0.051778 -0.573564 0.817523
vn -0.031865 -0.643155 0.765073
vn 0.001246 -0.602007 0.798490
vn -0.045561 -0.637554 0.769057
vn 0.253682 -0.409451 0.876353
vn -0.112357 -0.703216 0.702042
vn -0.309639 -0.831025 0.462083
vn 0.001246 -0.602007 0.798490
vn 0.012906 -0.565105 0.824918
vn 0.001246 -0.602007 0.798490
vn 0.253682 -0.409451 0.876353
vn 0.051778 -0.573564 0.817523
vn -0.112357 -0.703216 0.702042
vn 0.001246 -0.602007 0.798490
vn 0.148043 -0.408550 0.900650
vn -0.451502 -0.657835 0.602826
vn -0.140796 -0.661876 0.736272
vn 0.033380 -0.654014 0.755746
vn -0.474760 -0.615838 0.628765
vn -0.454190 -0.725669 0.516832
vn -0.104547 -0.681097 0.724691
vn -0.140796 -0.661876 0.736272
vn -0.451502 -0.657835 0.602826
vn -0.400830 -0.768889 0.498142
vn -0.112357 -0.703216 0.702042
vn -0.104547 -0.681097 0.724691
vn -0.454190 -0.725669 0.516832
vn -0.398222 -0.796348 0.455247
vn -0.309639 -0.831025 0.462083
vn -0.112357 -0.703216 0.702042
vn -0.400830 -0.768889 0.498142
vn 0.223015 -0.588167 0.777383
vn -0.032907 -0.644046 0.764279
vn -0.026045 -0.648726 0.760576
vn 0.226330 -0.621646 0.749888
vn 0.192163 -0.533861 0.823448
vn -0.036142 -0.642272 0.765624
vn -0.032907 -0.644046 0.764279
vn 0.223015 -0.588167 0.777383
vn 0.148043 -0.408550 0.900650
vn 0.012906 -0.565105 0.824918
vn -0.036142 -0.642272 0.765624
vn 0.192163 -0.533861 0.823448
vn 0.001246 -0.602007 0.798490
vn 0.012906 -0.565105 0.824918
vn 0.148043 -0.408550 0.900650
vn -0.957807 0.285116 -0.036264
vn -0.903973 0.412242 0.113536
vn -0.903973 0.412242 0.113536
vn -0.957906 0.284727 -0.036700
vn -0.968354 0.070816 -0.239324
vn -0.957807 0.285116 -0.036264
vn -0.957906 0.284727 -0.036700
vn -0.968483 0.071902 -0.238474
vn -0.888419 -0.169735 -0.426500
vn -0.968354 0.070816 -0.239324
vn -0.968483 0.071902 -0.238474
vn -0.888521 -0.169551 -0.426361
vn -0.802666 -0.295881 -0.517862
vn -0.888419 -0.169735 -0.426500
vn -0.888521 -0.169551 -0.426361
vn -0.802666 -0.295881 -0.517862
vn -0.333378 -0.601668 -0.725847
vn -0.408622 -0.587158 -0.698765
vn -0.408622 -0.587158 -0.698765
vn -0.334048 -0.601559 -0.725630
vn -0.279757 0.754131 0.594157
vn -0.274946 0.756097 0.593904
vn -0.274870 0.756128 0.593900
vn -0.279757 0.754131 0.594157
vn -0.113265 -0.575733 -0.809755
vn -0.333378 -0.601668 -0.725847
vn -0.334048 -0.601559 -0.725630
vn -0.112558 -0.567439 -0.815686
vn -0.287394 0.737020 0.611724
vn -0.309942 0.707940 0.634631
vn -0.309954 0.707895 0.634675
vn -0.289417 0.734523 0.613771
vn -0.223962 -0.625495 -0.747393
vn -0.185512 -0.591746 -0.784488
vn -0.193157 -0.598592 -0.777418
vn -0.223962 -0.625495 -0.747393
vn -0.102532 0.752257 0.650843
vn 0.026602 0.762895 0.645975
vn 0.026602 0.762895 0.645975
vn -0.099736 0.752623 0.650854
vn 0.674929 0.552172 0.489465
vn 0.809916 0.432621 0.396075
vn 0.809150 0.433451 0.396732
vn 0.674929 0.552172 0.489465
vn 0.809916 0.432621 0.396075
vn 0.986840 0.122028 0.106094
vn 0.987028 0.121222 0.105268
vn 0.809150 0.433451 0.396732
vn 0.986840 0.122028 0.106094
vn 0.992889 0.100394 -0.063980
vn 0.990407 0.122392 -0.064143
vn 0.987028 0.121222 0.105268
vn 0.981768 0.106840 -0.157213
vn 0.958701 -0.106275 -0.263815
vn 0.958701 -0.106275 -0.263815
vn 0.981979 0.093391 -0.164302
vn 0.992889 0.100394 -0.063980
vn 0.981768 0.106840 -0.157213
vn 0.981979 0.093391 -0.164302
vn 0.990407 0.122392 -0.064143
vn -0.274946 0.756097 0.593904
vn -0.287394 0.737020 0.611724
vn -0.289417 0.734523 0.613771
vn -0.274870 0.756128 0.593900
vn -0.185512 -0.591746 -0.784488
vn -0.113265 -0.575733 -0.809755
vn -0.112558 -0.567439 -0.815686
vn -0.193157 -0.598592 -0.777418
vn -0.309942 0.707940 0.634631
vn -0.102532 0.752257 0.650843
vn -0.099736 0.752623 0.650854
vn -0.309954 0.707895 0.634675
vn 0.297027 0.338943 0.892688
vn 0.341921 0.368244 0.864573
vn 0.331609 0.365435 0.869766
vn 0.311845 0.359622 0.879446
vn 0.311845 0.359622 0.879446
vn 0.331609 0.365435 0.869766
vn 0.325772 0.385487 0.863292
vn 0.314398 0.388697 0.866065
vn 0.314398 0.388697 0.866065
vn 0.325772 0.385487 0.863292
vn 0.321203 0.398149 0.859247
vn 0.315648 0.399367 0.860739
vn 0.315648 0.399367 0.860739
vn 0.321203 0.398149 0.859247
vn 0.323947 0.390713 0.861627
vn 0.341921 0.368244 0.864573
vn 0.103432 0.188468 0.976617
vn 0.097757 0.237587 0.966435
vn 0.331609 0.365435 0.869766
vn 0.331609 0.365435 0.869766
vn 0.097757 0.237587 0.966435
vn 0.022834 0.303506 0.952556
vn 0.325772 0.385487 0.863292
vn 0.325772 0.385487 0.863292
vn 0.022834 0.303506 0.952556
vn 0.027030 0.367776 0.929522
vn 0.321203 0.398149 0.859247
vn 0.321203 0.398149 0.859247
vn 0.027030 0.367776 0.929522
vn -0.005435 0.400352 0.916345
vn 0.323947 0.390713 0.861627
vn 0.502274 0.474108 0.723148
vn 0.616640 0.534393 0.578083
vn 0.643211 0.496661 0.582759
vn 0.386810 0.385536 0.837699
vn 0.386810 0.385536 0.837699
vn 0.643211 0.496661 0.582759
vn 0.672464 0.423162 0.607229
vn 0.400807 0.414987 0.816786
vn 0.400807 0.414987 0.816786
vn 0.672464 0.423162 0.607229
vn 0.738027 0.278561 0.614589
vn 0.372488 0.433414 0.820613
vn 0.025508 0.470032 0.882281
vn 0.530628 0.380521 0.757389
vn 0.484273 0.385372 0.785473
vn 0.476210 0.421807 0.771559
vn 0.477220 0.411324 0.776578
vn 0.474465 0.406726 0.780677
vn 0.475070 0.412160 0.777452
vn 0.475070 0.412160 0.777452
vn 0.474465 0.406726 0.780677
vn 0.474766 0.409061 0.779273
vn 0.475855 0.406605 0.779894
vn 0.475855 0.406605 0.779894
vn 0.474766 0.409061 0.779273
vn 0.571777 0.386421 0.723705
vn 0.561874 0.357335 0.746062
vn 0.530628 0.380521 0.757389
vn 0.774808 0.337186 0.534769
vn 0.484273 0.385372 0.785473
vn 0.372488 0.433414 0.820613
vn 0.530628 0.380521 0.757389
vn 0.025508 0.470032 0.882281
vn 0.561874 0.357335 0.746062
vn 0.571777 0.386421 0.723705
vn 0.774808 0.337186 0.534769
vn 0.530628 0.380521 0.757389
vn 0.372488 0.433414 0.820613
vn 0.738027 0.278561 0.614589
vn 0.530628 0.380521 0.757389
vn 0.097757 0.237587 0.966435
vn 0.103432 0.188468 0.976617
vn 0.502274 0.474108 0.723148
vn 0.386810 0.385536 0.837699
vn 0.022834 0.303506 0.952556
vn 0.097757 0.237587 0.966435
vn 0.386810 0.385536 0.837699
vn 0.400807 0.414987 0.816786
vn 0.027030 0.367776 0.929522
vn 0.022834 0.303506 0.952556
vn 0.400807 0.414987 0.816786
vn 0.372488 0.433414 0.820613
vn -0.005435 0.400352 0.916345
vn 0.027030 0.367776 0.929522
vn 0.372488 0.433414 0.820613
vn 0.025508 0.470032 0.882281
vn 0.643211 0.496661 0.582759
vn 0.616640 0.534393 0.578083
vn 0.476210 0.421807 0.771559
vn 0.475070 0.412160 0.777452
vn 0.672464 0.423162 0.607229
vn 0.643211 0.496661 0.582759
vn 0.475070 0.412160 0.777452
vn 0.475855 0.406605 0.779894
vn 0.738027 0.278561 0.614589
vn 0.672464 0.423162 0.607229
vn 0.475855 0.406605 0.779894
vn 0.561874 0.357335 0.746062
vn 0.530628 0.380521 0.757389
vn 0.738027 0.278561 0.614589
vn 0.561874 0.357335 0.746062
vn -0.297456 -0.339136 -0.892473
vn -0.311877 -0.359614 -0.879438
vn -0.337086 -0.366718 -0.867117
vn -0.351634 -0.369711 -0.860039
vn -0.311877 -0.359614 -0.879438
vn -0.314409 -0.388560 -0.866123
vn -0.329331 -0.386383 -0.861539
vn -0.337086 -0.366718 -0.867117
vn -0.314409 -0.388560 -0.866123
vn -0.315647 -0.399351 -0.860747
vn -0.326682 -0.398950 -0.856807
vn -0.329331 -0.386383 -0.861539
vn -0.315647 -0.399351 -0.860747
vn -0.335204 -0.392547 -0.856473
vn -0.326682 -0.398950 -0.856807
vn -0.351634 -0.369711 -0.860039
vn -0.337086 -0.366718 -0.867117
vn -0.105146 -0.234149 -0.966498
vn -0.120998 -0.182750 -0.975685
vn -0.337086 -0.366718 -0.867117
vn -0.329331 -0.386383 -0.861539
vn -0.021439 -0.303457 -0.952604
vn -0.105146 -0.234149 -0.966498
vn -0.329331 -0.386383 -0.861539
vn -0.326682 -0.398950 -0.856807
vn -0.028102 -0.370107 -0.928564
vn -0.021439 -0.303457 -0.952604
vn -0.326682 -0.398950 -0.856807
vn -0.335204 -0.392547 -0.856473
vn 0.010210 -0.401291 -0.915894
vn -0.028102 -0.370107 -0.928564
vn -0.501428 -0.454335 -0.736308
vn -0.386362 -0.375275 -0.842551
vn -0.638040 -0.491843 -0.592448
vn -0.611362 -0.526112 -0.591137
vn -0.386362 -0.375275 -0.842551
vn -0.393732 -0.411796 -0.821827
vn -0.668177 -0.423055 -0.612016
vn -0.638040 -0.491843 -0.592448
vn -0.393732 -0.411796 -0.821827
vn -0.366878 -0.430034 -0.824907
vn -0.729526 -0.282596 -0.622842
vn -0.668177 -0.423055 -0.612016
vn -0.038426 -0.474717 -0.879299
vn -0.470929 -0.398141 -0.787217
vn -0.527732 -0.387352 -0.755948
vn -0.472930 -0.418847 -0.775180
vn -0.472951 -0.410819 -0.779452
vn -0.474466 -0.406726 -0.780677
vn -0.477218 -0.411321 -0.776581
vn -0.472951 -0.410819 -0.779452
vn -0.472555 -0.407461 -0.781452
vn -0.474346 -0.410472 -0.778786
vn -0.474466 -0.406726 -0.780677
vn -0.472555 -0.407461 -0.781452
vn -0.562625 -0.357978 -0.745188
vn -0.576899 -0.386078 -0.719813
vn -0.474346 -0.410472 -0.778786
vn -0.527732 -0.387352 -0.755948
vn -0.470929 -0.398141 -0.787217
vn -0.769174 -0.340908 -0.540512
vn -0.366878 -0.430034 -0.824907
vn -0.038426 -0.474717 -0.879299
vn -0.527732 -0.387352 -0.755948
vn -0.562625 -0.357978 -0.745188
vn -0.527732 -0.387352 -0.755948
vn -0.769174 -0.340908 -0.540512
vn -0.576899 -0.386078 -0.719813
vn -0.366878 -0.430034 -0.824907
vn -0.527732 -0.387352 -0.755948
vn -0.729526 -0.282596 -0.622842
vn -0.105146 -0.234149 -0.966498
vn -0.386362 -0.375275 -0.842551
vn -0.501428 -0.454335 -0.736308
vn -0.120998 -0.182750 -0.975685
vn -0.021439 -0.303457 -0.952604
vn -0.393732 -0.411796 -0.821827
vn -0.386362 -0.375275 -0.842551
vn -0.105146 -0.234149 -0.966498
vn -0.028102 -0.370107 -0.928564
vn -0.366878 -0.430034 -0.824907
vn -0.393732 -0.411796 -0.821827
vn -0.021439 -0.303457 -0.952604
vn 0.010210 -0.401291 -0.915894
vn -0.038426 -0.474717 -0.879299
vn -0.366878 -0.430034 -0.824907
vn -0.028102 -0.370107 -0.928564
vn -0.638040 -0.491843 -0.592448
vn -0.472951 -0.410819 -0.779452
vn -0.472930 -0.418847 -0.775180
vn -0.611362 -0.526112 -0.591137
vn -0.668177 -0.423055 -0.612016
vn -0.472555 -0.407461 -0.781452
vn -0.472951 -0.410819 -0.779452
vn -0.638040 -0.491843 -0.592448
vn -0.729526 -0.282596 -0.622842
vn -0.562625 -0.357978 -0.745188
vn -0.472555 -0.407461 -0.781452
vn -0.668177 -0.423055 -0.612016
vn -0.527732 -0.387352 -0.755948
vn -0.562625 -0.357978 -0.745188
vn -0.729526 -0.282596 -0.622842
vn 0.512811 0.723671 -0.461871
vn 0.337651 0.826955 -0.449596
vn 0.337651 0.826955 -0.449596
vn 0.513292 0.723325 -0.461879
vn 0.723210 0.516328 -0.458664
vn 0.512811 0.723671 -0.461871
vn 0.513292 0.723325 -0.461879
vn 0.722391 0.517444 -0.458696
vn 0.875010 0.243119 -0.418629
vn 0.723210 0.516328 -0.458664
vn 0.722391 0.517444 -0.458696
vn 0.874920 0.243347 -0.418685
vn 0.924513 0.078566 -0.372965
vn 0.875010 0.243119 -0.418629
vn 0.874920 0.243347 -0.418685
vn 0.924513 0.078566 -0.372965
vn 0.886742 -0.451399 -0.099640
vn 0.904458 -0.396616 -0.157006
vn 0.904458 -0.396616 -0.157006
vn 0.886923 -0.450931 -0.100147
vn -0.465427 0.872500 -0.148730
vn -0.468304 0.871676 -0.144475
vn -0.468349 0.871663 -0.144407
vn -0.465427 0.872500 -0.148730
vn 0.825574 -0.554477 0.104800
vn 0.886742 -0.451399 -0.099640
vn 0.886923 -0.450931 -0.100147
vn 0.828358 -0.548729 0.112779
vn -0.471988 0.864609 -0.172275
vn -0.472171 0.855001 -0.214542
vn -0.472191 0.854976 -0.214597
vn -0.472019 0.863840 -0.176008
vn 0.847153 -0.530621 -0.027806
vn 0.848919 -0.527344 0.035278
vn 0.848839 -0.528158 0.022843
vn 0.847153 -0.530621 -0.027806
vn -0.610280 0.789375 -0.066674
vn -0.680978 0.731858 0.025554
vn -0.680978 0.731858 0.025554
vn -0.611930 0.788263 -0.064676
vn -0.879017 0.199116 0.433223
vn -0.856817 0.014757 0.515410
vn -0.857074 0.015951 0.514946
vn -0.879017 0.199116 0.433223
vn -0.856817 0.014757 0.515410
vn -0.663380 -0.382989 0.642843
vn -0.662666 -0.383894 0.643039
vn -0.857074 0.015951 0.514946
vn -0.663380 -0.382989 0.642843
vn -0.525790 -0.430581 0.733584
vn -0.528482 -0.410717 0.742979
vn -0.662666 -0.383894 0.643039
vn -0.445762 -0.433818 0.783006
vn -0.306163 -0.618924 0.723323
vn -0.306163 -0.618924 0.723323
vn -0.437598 -0.446404 0.780533
vn -0.525790 -0.430581 0.733584
vn -0.445762 -0.433818 0.783006
vn -0.437598 -0.446404 0.780533
vn -0.528482 -0.410717 0.742979
vn -0.468304 0.871676 -0.144475
vn -0.471988 0.864609 -0.172275
vn -0.472019 0.863840 -0.176008
vn -0.468349 0.871663 -0.144407
vn 0.848919 -0.527344 0.035278
vn 0.825574 -0.554477 0.104800
vn 0.828358 -0.548729 0.112779
vn 0.848839 -0.528158 0.022843
vn -0.472171 0.855001 -0.214542
vn -0.610280 0.789375 -0.066674
vn -0.611930 0.788263 -0.064676
vn -0.472191 0.854976 -0.214597
vn 0.017312 0.811714 -0.583799
vn -0.042855 0.807211 -0.588706
vn -0.031868 0.810189 -0.585302
vn -0.010686 0.815402 -0.578797
vn -0.010686 0.815402 -0.578797
vn -0.031868 0.810189 -0.585302
vn -0.042400 0.820938 -0.569441
vn -0.035261 0.826720 -0.561507
vn -0.035261 0.826720 -0.561507
vn -0.042400 0.820938 -0.569441
vn -0.048434 0.827879 -0.558812
vn -0.044683 0.830547 -0.555154
vn -0.044683 0.830547 -0.555154
vn -0.048434 0.827879 -0.558812
vn -0.044929 0.823797 -0.565101
vn -0.042855 0.807211 -0.588706
vn 0.273350 0.788344 -0.551175
vn 0.244336 0.817353 -0.521761
vn -0.031868 0.810189 -0.585302
vn -0.031868 0.810189 -0.585302
vn 0.244336 0.817353 -0.521761
vn 0.250849 0.865530 -0.433511
vn -0.042400 0.820938 -0.569441
vn -0.042400 0.820938 -0.569441
vn 0.250849 0.865530 -0.433511
vn 0.200533 0.895226 -0.397942
vn -0.048434 0.827879 -0.558812
vn -0.048434 0.827879 -0.558812
vn 0.200533 0.895226 -0.397942
vn 0.197745 0.914078 -0.354060
vn -0.044929 0.823797 -0.565101
vn -0.277403 0.763953 -0.582600
vn -0.456392 0.691980 -0.559348
vn -0.450590 0.664445 -0.596223
vn -0.095564 0.794956 -0.599093
vn -0.095564 0.794956 -0.599093
vn -0.450590 0.664445 -0.596223
vn -0.416956 0.624454 -0.660458
vn -0.131579 0.799796 -0.585673
vn -0.131579 0.799796 -0.585673
vn -0.416956 0.624454 -0.660458
vn -0.375058 0.516771 -0.769597
vn -0.121206 0.819562 -0.560024
vn 0.121129 0.936374 -0.329442
vn -0.227135 0.716381 -0.659703
vn -0.185565 0.745528 -0.640120
vn -0.207419 0.763234 -0.611925
vn -0.199775 0.759017 -0.619664
vn -0.193381 0.758911 -0.621818
vn -0.198395 0.760514 -0.618270
vn -0.198395 0.760514 -0.618270
vn -0.193381 0.758911 -0.621818
vn -0.195572 0.759582 -0.620312
vn -0.194614 0.758095 -0.622428
vn -0.194614 0.758095 -0.622428
vn -0.195572 0.759582 -0.620312
vn -0.273931 0.691833 -0.668078
vn -0.240228 0.687671 -0.685128
vn -0.227135 0.716381 -0.659703
vn -0.470436 0.499048 -0.727764
vn -0.185565 0.745528 -0.640120
vn -0.121206 0.819562 -0.560024
vn -0.227135 0.716381 -0.659703
vn 0.121129 0.936374 -0.329442
vn -0.240228 0.687671 -0.685128
vn -0.273931 0.691833 -0.668078
vn -0.470436 0.499048 -0.727764
vn -0.227135 0.716381 -0.659703
vn -0.121206 0.819562 -0.560024
vn -0.375058 0.516771 -0.769597
vn -0.227135 0.716381 -0.659703
vn 0.244336 0.817353 -0.521761
vn 0.273350 0.788344 -0.551175
vn -0.277403 0.763953 -0.582600
vn -0.095564 0.794956 -0.599093
vn 0.250849 0.865530 -0.433511
vn 0.244336 0.817353 -0.521761
vn -0.095564 0.794956 -0.599093
vn -0.131579 0.799796 -0.585673
vn 0.200533 0.895226 -0.397942
vn 0.250849 0.865530 -0.433511
vn -0.131579 0.799796 -0.585673
vn -0.121206 0.819562 -0.560024
vn 0.197745 0.914078 -0.354060
vn 0.200533 0.895226 -0.397942
vn -0.121206 0.819562 -0.560024
vn 0.121129 0.936374 -0.329442
vn -0.450590 0.664445 -0.596223
vn -0.456392 0.691980 -0.559348
vn -0.207419 0.763234 -0.611925
vn -0.198395 0.760514 -0.618270
vn -0.416956 0.624454 -0.660458
vn -0.450590 0.664445 -0.596223
vn -0.198395 0.760514 -0.618270
vn -0.194614 0.758095 -0.622428
vn -0.375058 0.516771 -0.769597
vn -0.416956 0.624454 -0.660458
vn -0.194614 0.758095 -0.622428
vn -0.240228 0.687671 -0.685128
vn -0.227135 0.716381 -0.659703
vn -0.375058 0.516771 -0.769597
vn -0.240228 0.687671 -0.685128
vn -0.016812 -0.811644 0.583910
vn 0.010707 -0.815386 0.578818
vn 0.037533 -0.808532 0.587254
vn 0.052365 -0.803806 0.592582
vn 0.010707 -0.815386 0.578818
vn 0.035163 -0.826660 0.561602
vn 0.046132 -0.819884 0.570668
vn 0.037533 -0.808532 0.587254
vn 0.035163 -0.826660 0.561602
vn 0.044669 -0.830541 0.555164
vn 0.053728 -0.826019 0.561076
vn 0.046132 -0.819884 0.570668
vn 0.044669 -0.830541 0.555164
vn 0.055980 -0.820015 0.569597
vn 0.053728 -0.826019 0.561076
vn 0.052365 -0.803806 0.592582
vn 0.037533 -0.808532 0.587254
vn -0.241335 -0.813903 0.528507
vn -0.264309 -0.781160 0.565624
vn 0.037533 -0.808532 0.587254
vn 0.046132 -0.819884 0.570668
vn -0.251844 -0.865723 0.432549
vn -0.241335 -0.813903 0.528507
vn 0.046132 -0.819884 0.570668
vn 0.053728 -0.826019 0.561076
vn -0.198029 -0.896091 0.397248
vn -0.251844 -0.865723 0.432549
vn 0.053728 -0.826019 0.561076
vn 0.055980 -0.820015 0.569597
vn -0.200230 -0.915108 0.349980
vn -0.198029 -0.896091 0.397248
vn 0.259418 -0.758909 0.597294
vn 0.087138 -0.790987 0.605595
vn 0.439852 -0.668341 0.599875
vn 0.442041 -0.695712 0.566202
vn 0.087138 -0.790987 0.605595
vn 0.122632 -0.801945 0.584675
vn 0.411782 -0.628249 0.660105
vn 0.439852 -0.668341 0.599875
vn 0.122632 -0.801945 0.584675
vn 0.113487 -0.820861 0.559740
vn 0.367802 -0.526491 0.766504
vn 0.411782 -0.628249 0.660105
vn -0.108324 -0.935888 0.335230
vn 0.183046 -0.757727 0.626373
vn 0.229756 -0.720693 0.654075
vn 0.201829 -0.764048 0.612777
vn 0.195268 -0.761216 0.618401
vn 0.193381 -0.758911 0.621819
vn 0.199771 -0.759017 0.619665
vn 0.195268 -0.761216 0.618401
vn 0.192152 -0.760234 0.620582
vn 0.196321 -0.760318 0.619172
vn 0.193381 -0.758911 0.621819
vn 0.192152 -0.760234 0.620582
vn 0.241508 -0.687428 0.684921
vn 0.278999 -0.688211 0.669720
vn 0.196321 -0.760318 0.619172
vn 0.229756 -0.720693 0.654075
vn 0.183046 -0.757727 0.626373
vn 0.466102 -0.506427 0.725452
vn 0.113487 -0.820861 0.559740
vn -0.108324 -0.935888 0.335230
vn 0.229756 -0.720693 0.654075
vn 0.241508 -0.687428 0.684921
vn 0.229756 -0.720693 0.654075
vn 0.466102 -0.506427 0.725452
vn 0.278999 -0.688211 0.669720
vn 0.113487 -0.820861 0.559740
vn 0.229756 -0.720693 0.654075
vn 0.367802 -0.526491 0.766504
vn -0.241335 -0.813903 0.528507
vn 0.087138 -0.790987 0.605595
vn 0.259418 -0.758909 0.597294
vn -0.264309 -0.781160 0.565624
vn -0.251844 -0.865723 0.432549
vn 0.122632 -0.801945 0.584675
vn 0.087138 -0.790987 0.605595
vn -0.241335 -0.813903 0.528507
vn -0.198029 -0.896091 0.397248
vn 0.113487 -0.820861 0.559740
vn 0.122632 -0.801945 0.584675
vn -0.251844 -0.865723 0.432549
vn -0.200230 -0.915108 0.349980
vn -0.108324 -0.935888 0.335230
vn 0.113487 -0.820861 0.559740
vn -0.198029 -0.896091 0.397248
vn 0.439852 -0.668341 0.599875
vn 0.195268 -0.761216 0.618401
vn 0.201829 -0.764048 0.612777
vn 0.442041 -0.695712 0.566202
vn 0.411782 -0.628249 0.660105
vn 0.192152 -0.760234 0.620582
vn 0.195268 -0.761216 0.618401
vn 0.439852 -0.668341 0.599875
vn 0.367802 -0.526491 0.766504
vn 0.241508 -0.687428 0.684921
vn 0.192152 -0.760234 0.620582
vn 0.411782 -0.628249 0.660105
vn 0.229756 -0.720693 0.654075
vn 0.241508 -0.687428 0.684921
vn 0.367802 -0.526491 0.766504
vn -0.975223 0.130933 0.178319
vn -0.910200 0.237742 0.339138
vn -0.910200 0.237742 0.339138
vn -0.975353 0.130613 0.177838
vn -0.997304 -0.044736 -0.058160
vn -0.975223 0.130933 0.178319
vn -0.975353 0.130613 0.177838
vn -0.997405 -0.043845 -0.057105
vn -0.924963 -0.234222 -0.299305
vn -0.997304 -0.044736 -0.058160
vn -0.997405 -0.043845 -0.057105
vn -0.925059 -0.234083 -0.299118
vn -0.843059 -0.327761 -0.426409
vn -0.924963 -0.234222 -0.299305
vn -0.925059 -0.234083 -0.299118
vn -0.843059 -0.327761 -0.426409
vn -0.387467 -0.515169 -0.764507
vn -0.457363 -0.517630 -0.723103
vn -0.457363 -0.517630 -0.723103
vn -0.388091 -0.515206 -0.764165
vn -0.253769 0.588150 0.767907
vn -0.249382 0.590871 0.767255
vn -0.249313 0.590914 0.767244
vn -0.253769 0.588150 0.767907
vn -0.192515 -0.440668 -0.876784
vn -0.387467 -0.515169 -0.764507
vn -0.388091 -0.515206 -0.764165
vn -0.194006 -0.431484 -0.881013
vn -0.255688 0.567314 0.782802
vn -0.269592 0.531557 0.802974
vn -0.269589 0.531504 0.803010
vn -0.256951 0.564216 0.784625
vn -0.282075 -0.517266 -0.808003
vn -0.255993 -0.472030 -0.843596
vn -0.261221 -0.481105 -0.836841
vn -0.282075 -0.517266 -0.808003
vn -0.070179 0.604935 0.793176
vn 0.053252 0.636669 0.769297
vn 0.053252 0.636669 0.769297
vn -0.067502 0.605735 0.792798
vn 0.680985 0.561498 0.470084
vn 0.809596 0.482556 0.334206
vn 0.808872 0.483130 0.335129
vn 0.680985 0.561498 0.470084
vn 0.809596 0.482556 0.334206
vn 0.965521 0.257825 -0.035987
vn 0.965647 0.257212 -0.036974
vn 0.808872 0.483130 0.335129
vn 0.965521 0.257825 -0.035987
vn 0.941618 0.266587 -0.205638
vn 0.936399 0.287614 -0.201087
vn 0.965647 0.257212 -0.036974
vn 0.912155 0.286895 -0.292685
vn 0.896179 0.094029 -0.433616
vn 0.896179 0.094029 -0.433616
vn 0.912700 0.275050 -0.302203
vn 0.941618 0.266587 -0.205638
vn 0.912155 0.286895 -0.292685
vn 0.912700 0.275050 -0.302203
vn 0.936399 0.287614 -0.201087
vn -0.249382 0.590871 0.767255
vn -0.255688 0.567314 0.782802
vn -0.256951 0.564216 0.784625
vn -0.249313 0.590914 0.767244
vn -0.255993 -0.472030 -0.843596
vn -0.192515 -0.440668 -0.876784
vn -0.194006 -0.431484 -0.881013
vn -0.261221 -0.481105 -0.836841
vn -0.269592 0.531557 0.802974
vn -0.070179 0.604935 0.793176
vn -0.067502 0.605735 0.792798
vn -0.269589 0.531504 0.803010
vn -0.434323 0.694372 -0.573769
vn -0.458388 0.718158 -0.523573
vn -0.451347 0.715794 -0.532847
vn -0.437895 0.710766 -0.550509
vn -0.437895 0.710766 -0.550509
vn -0.451347 0.715794 -0.532847
vn -0.438290 0.730641 -0.523513
vn -0.427817 0.732671 -0.529307
vn -0.427817 0.732671 -0.529307
vn -0.438290 0.730641 -0.523513
vn -0.429254 0.739883 -0.517990
vn -0.424281 0.740608 -0.521043
vn -0.424281 0.740608 -0.521043
vn -0.429254 0.739883 -0.517990
vn -0.434617 0.734468 -0.521215
vn -0.458388 0.718158 -0.523573
vn -0.326597 0.555818 -0.764461
vn -0.304133 0.595786 -0.743331
vn -0.451347 0.715794 -0.532847
vn -0.451347 0.715794 -0.532847
vn -0.304133 0.595786 -0.743331
vn -0.212653 0.637892 -0.740184
vn -0.438290 0.730641 -0.523513
vn -0.438290 0.730641 -0.523513
vn -0.212653 0.637892 -0.740184
vn -0.190983 0.688522 -0.699616
vn -0.429254 0.739883 -0.517990
vn -0.429254 0.739883 -0.517990
vn -0.190983 0.688522 -0.699616
vn -0.148068 0.707736 -0.690787
vn -0.434617 0.734468 -0.521215
vn -0.531928 0.788832 -0.307892
vn -0.575805 0.808784 -0.119652
vn -0.612355 0.780680 -0.124736
vn -0.486310 0.731468 -0.477972
vn -0.486310 0.731468 -0.477972
vn -0.612355 0.780680 -0.124736
vn -0.667585 0.727871 -0.156636
vn -0.484324 0.752836 -0.445722
vn -0.484324 0.752836 -0.445722
vn -0.667585 0.727871 -0.156636
vn -0.771537 0.610034 -0.180525
vn -0.454305 0.766244 -0.454398
vn -0.145925 0.763708 -0.628853
vn -0.595062 0.721233 -0.354576
vn -0.559714 0.728305 -0.395338
vn -0.537673 0.754909 -0.375527
vn -0.543121 0.747413 -0.382615
vn -0.543157 0.744293 -0.388598
vn -0.541178 0.748137 -0.383950
vn -0.541178 0.748137 -0.383950
vn -0.543157 0.744293 -0.388598
vn -0.542338 0.745945 -0.386569
vn -0.544227 0.744125 -0.387420
vn -0.544227 0.744125 -0.387420
vn -0.542338 0.745945 -0.386569
vn -0.620893 0.720971 -0.307721
vn -0.626924 0.701174 -0.339590
vn -0.595062 0.721233 -0.354576
vn -0.764466 0.639757 -0.079393
vn -0.559714 0.728305 -0.395338
vn -0.454305 0.766244 -0.454398
vn -0.595062 0.721233 -0.354576
vn -0.145925 0.763708 -0.628853
vn -0.626924 0.701174 -0.339590
vn -0.620893 0.720971 -0.307721
vn -0.764466 0.639757 -0.079393
vn -0.595062 0.721233 -0.354576
vn -0.454305 0.766244 -0.454398
vn -0.771537 0.610034 -0.180525
vn -0.595062 0.721233 -0.354576
vn -0.304133 0.595786 -0.743331
vn -0.326597 0.555818 -0.764461
vn -0.531928 0.788832 -0.307892
vn -0.486310 0.731468 -0.477972
vn -0.212653 0.637892 -0.740184
vn -0.304133 0.595786 -0.743331
vn -0.486310 0.731468 -0.477972
vn -0.484324 0.752836 -0.445722
vn -0.190983 0.688522 -0.699616
vn -0.212653 0.637892 -0.740184
vn -0.484324 0.752836 -0.445722
vn -0.454305 0.766244 -0.454398
vn -0.148068 0.707736 -0.690787
vn -0.190983 0.688522 -0.699616
vn -0.454305 0.766244 -0.454398
vn -0.145925 0.763708 -0.628853
vn -0.612355 0.780680 -0.124736
vn -0.575805 0.808784 -0.119652
vn -0.537673 0.754909 -0.375527
vn -0.541178 0.748137 -0.383950
vn -0.667585 0.727871 -0.156636
vn -0.612355 0.780680 -0.124736
vn -0.541178 0.748137 -0.383950
vn -0.544227 0.744125 -0.387420
vn -0.771537 0.610034 -0.180525
vn -0.667585 0.727871 -0.156636
vn -0.544227 0.744125 -0.387420
vn -0.626924 0.701174 -0.339590
vn -0.595062 0.721233 -0.354576
vn -0.771537 0.610034 -0.180525
vn -0.626924 0.701174 -0.339590
vn 0.434594 -0.694539 0.573361
vn 0.437924 -0.710761 0.550492
vn 0.455179 -0.716900 0.528078
vn 0.465468 -0.719447 0.515495
vn 0.437924 -0.710761 0.550492
vn 0.427883 -0.732570 0.529393
vn 0.440753 -0.731405 0.520368
vn 0.455179 -0.716900 0.528078
vn 0.427883 -0.732570 0.529393
vn 0.424287 -0.740596 0.521055
vn 0.433290 -0.740629 0.513544
vn 0.440753 -0.731405 0.520368
vn 0.424287 -0.740596 0.521055
vn 0.442814 -0.736120 0.511902
vn 0.433290 -0.740629 0.513544
vn 0.465468 -0.719447 0.515495
vn 0.455179 -0.716900 0.528078
vn 0.311879 -0.593935 0.741602
vn 0.343978 -0.553247 0.758681
vn 0.455179 -0.716900 0.528078
vn 0.440753 -0.731405 0.520368
vn 0.211411 -0.637628 0.740767
vn 0.311879 -0.593935 0.741602
vn 0.440753 -0.731405 0.520368
vn 0.433290 -0.740629 0.513544
vn 0.190998 -0.690469 0.697690
vn 0.211411 -0.637628 0.740767
vn 0.433290 -0.740629 0.513544
vn 0.442814 -0.736120 0.511902
vn 0.143315 -0.707609 0.691918
vn 0.190998 -0.690469 0.697690
vn 0.540787 -0.775610 0.325543
vn 0.490317 -0.723863 0.485398
vn 0.611902 -0.779047 0.136608
vn 0.577252 -0.805239 0.135532
vn 0.490317 -0.723863 0.485398
vn 0.480295 -0.750617 0.453753
vn 0.665122 -0.728841 0.162492
vn 0.611902 -0.779047 0.136608
vn 0.480295 -0.750617 0.453753
vn 0.451446 -0.763820 0.461276
vn 0.765051 -0.615361 0.189811
vn 0.665122 -0.728841 0.162492
vn 0.155443 -0.769056 0.619993
vn 0.544362 -0.738323 0.398183
vn 0.590013 -0.726424 0.352410
vn 0.536614 -0.753013 0.380811
vn 0.540227 -0.747305 0.386899
vn 0.543158 -0.744292 0.388598
vn 0.543121 -0.747411 0.382619
vn 0.540227 -0.747305 0.386899
vn 0.541433 -0.744928 0.389785
vn 0.541402 -0.746977 0.385888
vn 0.543158 -0.744292 0.388598
vn 0.541433 -0.744928 0.389785
vn 0.627164 -0.701559 0.338351
vn 0.624511 -0.720069 0.302468
vn 0.541402 -0.746977 0.385888
vn 0.590013 -0.726424 0.352410
vn 0.544362 -0.738323 0.398183
vn 0.759943 -0.644344 0.085482
vn 0.451446 -0.763820 0.461276
vn 0.155443 -0.769056 0.619993
vn 0.590013 -0.726424 0.352410
vn 0.627164 -0.701559 0.338351
vn 0.590013 -0.726424 0.352410
vn 0.759943 -0.644344 0.085482
vn 0.624511 -0.720069 0.302468
vn 0.451446 -0.763820 0.461276
vn 0.590013 -0.726424 0.352410
vn 0.765051 -0.615361 0.189811
vn 0.311879 -0.593935 0.741602
vn 0.490317 -0.723863 0.485398
vn 0.540787 -0.775610 0.325543
vn 0.343978 -0.553247 0.758681
vn 0.211411 -0.637628 0.740767
vn 0.480295 -0.750617 0.453753
vn 0.490317 -0.723863 0.485398
vn 0.311879 -0.593935 0.741602
vn 0.190998 -0.690469 0.697690
vn 0.451446 -0.763820 0.461276
vn 0.480295 -0.750617 0.453753
vn 0.211411 -0.637628 0.740767
vn 0.143315 -0.707609 0.691918
vn 0.155443 -0.769056 0.619993
vn 0.451446 -0.763820 0.461276
vn 0.190998 -0.690469 0.697690
vn 0.611902 -0.779047 0.136608
vn 0.540227 -0.747305 0.386899
vn 0.536614 -0.753013 0.380811
vn 0.577252 -0.805239 0.135532
vn 0.665122 -0.728841 0.162492
vn 0.541433 -0.744928 0.389785
vn 0.540227 -0.747305 0.386899
vn 0.611902 -0.779047 0.136608
vn 0.765051 -0.615361 0.189811
vn 0.627164 -0.701559 0.338351
vn 0.541433 -0.744928 0.389785
vn 0.665122 -0.728841 0.162492
vn 0.590013 -0.726424 0.352410
vn 0.627164 -0.701559 0.338351
vn 0.765051 -0.615361 0.189811
vn -0.120225 0.573319 0.810464
vn 0.065687 0.642228 0.763694
vn 0.065687 0.642228 0.763694
vn -0.120761 0.573083 0.810551
vn -0.373070 0.421402 0.826583
vn -0.120225 0.573319 0.810464
vn -0.120761 0.573083 0.810551
vn -0.371990 0.422267 0.826628
vn -0.602584 0.213318 0.769018
vn -0.373070 0.421402 0.826583
vn -0.371990 0.422267 0.826628
vn -0.602419 0.213490 0.769099
vn -0.708994 0.088943 0.699583
vn -0.602584 0.213318 0.769018
vn -0.602419 0.213490 0.769099
vn -0.708994 0.088943 0.699583
vn -0.909332 -0.297799 0.290571
vn -0.892631 -0.266396 0.363651
vn -0.892631 -0.266396 0.363651
vn -0.909211 -0.297532 0.291221
vn 0.721486 0.659979 0.209490
vn 0.722613 0.660335 0.204423
vn 0.722630 0.660340 0.204343
vn 0.721486 0.659979 0.209490
vn -0.943809 -0.325409 0.057737
vn -0.909332 -0.297799 0.290571
vn -0.909211 -0.297532 0.291221
vn -0.947017 -0.316704 0.053450
vn 0.732088 0.642836 0.225409
vn 0.741891 0.618189 0.259691
vn 0.741919 0.618142 0.259725
vn 0.732990 0.640730 0.228454
vn -0.917494 -0.349763 0.189394
vn -0.936707 -0.322804 0.135565
vn -0.933213 -0.328225 0.146229
vn -0.917494 -0.349763 0.189394
vn 0.805003 0.590382 0.058471
vn 0.825480 0.560554 -0.066042
vn 0.825480 0.560554 -0.066042
vn 0.805594 0.589838 0.055768
vn 0.730703 0.194426 -0.654425
vn 0.632635 0.061064 -0.772039
vn 0.633354 0.061934 -0.771380
vn 0.730703 0.194426 -0.654425
vn 0.632635 0.061064 -0.772039
vn 0.303245 -0.220611 -0.927024
vn 0.302274 -0.221240 -0.927191
vn 0.633354 0.061934 -0.771380
vn 0.303245 -0.220611 -0.927024
vn 0.137443 -0.206510 -0.968743
vn 0.142913 -0.185343 -0.972226
vn 0.302274 -0.221240 -0.927191
vn 0.049109 -0.177295 -0.982932
vn -0.114308 -0.344600 -0.931764
vn -0.114308 -0.344600 -0.931764
vn 0.038740 -0.188302 -0.981347
vn 0.137443 -0.206510 -0.968743
vn 0.049109 -0.177295 -0.982932
vn 0.038740 -0.188302 -0.981347
vn 0.142913 -0.185343 -0.972226
vn 0.722613 0.660335 0.204423
vn 0.732088 0.642836 0.225409
vn 0.732990 0.640730 0.228454
vn 0.722630 0.660340 0.204343
vn -0.936707 -0.322804 0.135565
vn -0.943809 -0.325409 0.057737
vn -0.947017 -0.316704 0.053450
vn -0.933213 -0.328225 0.146229
vn 0.741891 0.618189 0.259691
vn 0.805003 0.590382 0.058471
vn 0.805594 0.589838 0.055768
vn 0.741919 0.618142 0.259725
vn -0.189974 0.544838 0.816738
vn -0.190766 0.594043 0.781486
vn -0.193884 0.584521 0.787873
vn -0.199474 0.566018 0.799896
vn -0.199474 0.566018 0.799896
vn -0.193884 0.584521 0.787873
vn -0.213722 0.588621 0.779646
vn -0.222417 0.580856 0.783031
vn -0.222417 0.580856 0.783031
vn -0.213722 0.588621 0.779646
vn -0.226701 0.590461 0.774573
vn -0.230655 0.586513 0.776403
vn -0.230655 0.586513 0.776403
vn -0.226701 0.590461 0.774573
vn -0.219048 0.589433 0.777552
vn -0.190766 0.594043 0.781486
vn -0.163751 0.315557 0.934671
vn -0.208280 0.333761 0.919360
vn -0.193884 0.584521 0.787873
vn -0.193884 0.584521 0.787873
vn -0.208280 0.333761 0.919360
vn -0.302242 0.300514 0.904622
vn -0.213722 0.588621 0.779646
vn -0.213722 0.588621 0.779646
vn -0.302242 0.300514 0.904622
vn -0.354056 0.332963 0.873945
vn -0.226701 0.590461 0.774573
vn -0.226701 0.590461 0.774573
vn -0.354056 0.332963 0.873945
vn -0.397820 0.319579 0.860005
vn -0.219048 0.589433 0.777552
vn -0.192350 0.764806 0.614876
vn -0.177941 0.872995 0.454112
vn -0.132269 0.877606 0.460774
vn -0.181311 0.637436 0.748867
vn -0.181311 0.637436 0.748867
vn -0.132269 0.877606 0.460774
vn -0.055599 0.869406 0.490960
vn -0.198339 0.661234 0.723485
vn -0.198339 0.661234 0.723485
vn -0.055599 0.869406 0.490960
vn 0.101583 0.854577 0.509293
vn -0.228783 0.646674 0.727647
vn -0.440073 0.376127 0.815392
vn -0.099419 0.747169 0.657157
vn -0.128717 0.713710 0.688513
vn -0.163350 0.723046 0.671209
vn -0.154108 0.719376 0.677310
vn -0.151786 0.715286 0.682149
vn -0.155968 0.718071 0.678269
vn -0.155968 0.718071 0.678269
vn -0.151786 0.715286 0.682149
vn -0.153561 0.716515 0.680460
vn -0.150932 0.716310 0.681264
vn -0.150932 0.716310 0.681264
vn -0.153561 0.716515 0.680460
vn -0.081696 0.780758 0.619470
vn -0.062980 0.760844 0.645872
vn -0.099419 0.747169 0.657157
vn 0.074345 0.904384 0.420194
vn -0.128717 0.713710 0.688513
vn -0.228783 0.646674 0.727647
vn -0.099419 0.747169 0.657157
vn -0.440073 0.376127 0.815392
vn -0.062980 0.760844 0.645872
vn -0.081696 0.780758 0.619470
vn 0.074345 0.904384 0.420194
vn -0.099419 0.747169 0.657157
vn -0.228783 0.646674 0.727647
vn 0.101583 0.854577 0.509293
vn -0.099419 0.747169 0.657157
vn -0.208280 0.333761 0.919360
vn -0.163751 0.315557 0.934671
vn -0.192350 0.764806 0.614876
vn -0.181311 0.637436 0.748867
vn -0.302242 0.300514 0.904622
vn -0.208280 0.333761 0.919360
vn -0.181311 0.637436 0.748867
vn -0.198339 0.661234 0.723485
vn -0.354056 0.332963 0.873945
vn -0.302242 0.300514 0.904622
vn -0.198339 0.661234 0.723485
vn -0.228783 0.646674 0.727647
vn -0.397820 0.319579 0.860005
vn -0.354056 0.332963 0.873945
vn -0.228783 0.646674 0.727647
vn -0.440073 0.376127 0.815392
vn -0.132269 0.877606 0.460774
vn -0.177941 0.872995 0.454112
vn -0.163350 0.723046 0.671209
vn -0.155968 0.718071 0.678269
vn -0.055599 0.869406 0.490960
vn -0.132269 0.877606 0.460774
vn -0.155968 0.718071 0.678269
vn -0.150932 0.716310 0.681264
vn 0.101583 0.854577 0.509293
vn -0.055599 0.869406 0.490960
vn -0.150932 0.716310 0.681264
vn -0.062980 0.760844 0.645872
vn -0.099419 0.747169 0.657157
vn 0.101583 0.854577 0.509293
vn -0.062980 0.760844 0.645872
vn 0.189909 -0.545272 -0.816464
vn 0.199451 -0.566041 -0.799886
vn 0.192055 -0.589489 -0.784613
vn 0.186837 -0.602475 -0.775962
vn 0.199451 -0.566041 -0.799886
vn 0.222297 -0.580805 -0.783103
vn 0.212585 -0.591877 -0.777489
vn 0.192055 -0.589489 -0.784613
vn 0.222297 -0.580805 -0.783103
vn 0.230642 -0.586504 -0.776413
vn 0.224468 -0.595219 -0.771575
vn 0.212585 -0.591877 -0.777489
vn 0.230642 -0.586504 -0.776413
vn 0.214614 -0.599285 -0.771232
vn 0.224468 -0.595219 -0.771575
vn 0.186837 -0.602475 -0.775962
vn 0.192055 -0.589489 -0.784613
vn 0.201573 -0.338386 -0.919164
vn 0.149856 -0.327627 -0.932847
vn 0.192055 -0.589489 -0.784613
vn 0.212585 -0.591877 -0.777489
vn 0.302912 -0.299301 -0.904800
vn 0.201573 -0.338386 -0.919164
vn 0.212585 -0.591877 -0.777489
vn 0.224468 -0.595219 -0.771575
vn 0.355461 -0.334911 -0.872629
vn 0.302912 -0.299301 -0.904800
vn 0.224468 -0.595219 -0.771575
vn 0.214614 -0.599285 -0.771232
vn 0.401029 -0.315895 -0.859876
vn 0.355461 -0.334911 -0.872629
vn 0.176521 -0.756033 -0.630282
vn 0.172991 -0.632605 -0.754907
vn 0.131297 -0.872100 -0.471384
vn 0.174235 -0.866131 -0.468465
vn 0.172991 -0.632605 -0.754907
vn 0.199474 -0.654273 -0.729477
vn 0.057953 -0.866335 -0.496090
vn 0.131297 -0.872100 -0.471384
vn 0.199474 -0.654273 -0.729477
vn 0.228970 -0.640772 -0.732792
vn -0.093334 -0.850429 -0.517744
vn 0.057953 -0.866335 -0.496090
vn 0.437367 -0.389116 -0.810740
vn 0.146570 -0.708875 -0.689937
vn 0.106681 -0.747893 -0.655191
vn 0.162676 -0.719257 -0.675431
vn 0.156004 -0.715860 -0.680593
vn 0.151785 -0.715286 -0.682149
vn 0.154107 -0.719373 -0.677313
vn 0.156004 -0.715860 -0.680593
vn 0.153431 -0.714122 -0.683000
vn 0.154960 -0.716792 -0.679851
vn 0.151785 -0.715286 -0.682149
vn 0.153431 -0.714122 -0.683000
vn 0.063101 -0.761687 -0.644865
vn 0.078580 -0.784443 -0.615202
vn 0.154960 -0.716792 -0.679851
vn 0.106681 -0.747893 -0.655191
vn 0.146570 -0.708875 -0.689937
vn -0.067963 -0.902194 -0.425943
vn 0.228970 -0.640772 -0.732792
vn 0.437367 -0.389116 -0.810740
vn 0.106681 -0.747893 -0.655191
vn 0.063101 -0.761687 -0.644865
vn 0.106681 -0.747893 -0.655191
vn -0.067963 -0.902194 -0.425943
vn 0.078580 -0.784443 -0.615202
vn 0.228970 -0.640772 -0.732792
vn 0.106681 -0.747893 -0.655191
vn -0.093334 -0.850429 -0.517744
vn 0.201573 -0.338386 -0.919164
vn 0.172991 -0.632605 -0.754907
vn 0.176521 -0.756033 -0.630282
vn 0.149856 -0.327627 -0.932847
vn 0.302912 -0.299301 -0.904800
vn 0.199474 -0.654273 -0.729477
vn 0.172991 -0.632605 -0.754907
vn 0.201573 -0.338386 -0.919164
vn 0.355461 -0.334911 -0.872629
vn 0.228970 -0.640772 -0.732792
vn 0.199474 -0.654273 -0.729477
vn 0.302912 -0.299301 -0.904800
vn 0.401029 -0.315895 -0.859876
vn 0.437367 -0.389116 -0.810740
vn 0.228970 -0.640772 -0.732792
vn 0.355461 -0.334911 -0.872629
vn 0.131297 -0.872100 -0.471384
vn 0.156004 -0.715860 -0.680593
vn 0.162676 -0.719257 -0.675431
vn 0.174235 -0.866131 -0.468465
vn 0.057953 -0.866335 -0.496090
vn 0.153431 -0.714122 -0.683000
vn 0.156004 -0.715860 -0.680593
vn 0.131297 -0.872100 -0.471384
vn -0.093334 -0.850429 -0.517744
vn 0.063101 -0.761687 -0.644865
vn 0.153431 -0.714122 -0.683000
vn 0.057953 -0.866335 -0.496090
vn 0.106681 -0.747893 -0.655191
vn 0.063101 -0.761687 -0.644865
vn -0.093334 -0.850429 -0.517744
vn -0.335479 0.736518 -0.587362
vn -0.513963 0.639588 -0.571638
vn -0.513963 0.639588 -0.571638
vn -0.334938 0.736757 -0.587372
vn -0.050521 0.813939 -0.578750
vn -0.335479 0.736518 -0.587362
vn -0.334938 0.736757 -0.587372
vn -0.051895 0.813788 -0.578840
vn 0.259199 0.813399 -0.520767
vn -0.050521 0.813939 -0.578750
vn -0.051895 0.813788 -0.578840
vn 0.258960 0.813428 -0.520840
vn 0.423230 0.780103 -0.460777
vn 0.259199 0.813399 -0.520767
vn 0.258960 0.813428 -0.520840
vn 0.423230 0.780103 -0.460777
vn 0.844235 0.521181 -0.125054
vn 0.809358 0.555807 -0.189788
vn 0.809358 0.555807 -0.189788
vn 0.843953 0.521499 -0.125626
vn -0.978102 0.015450 -0.207554
vn -0.979092 0.013155 -0.202991
vn -0.979108 0.013119 -0.202919
vn -0.978102 0.015450 -0.207554
vn 0.890338 0.445347 0.094687
vn 0.844235 0.521181 -0.125054
vn 0.843953 0.521499 -0.125626
vn 0.886369 0.451681 0.101658
vn -0.973344 0.002692 -0.229333
vn -0.962827 -0.008011 -0.269998
vn -0.962813 -0.008048 -0.270048
vn -0.972492 0.001773 -0.232932
vn 0.888190 0.457627 -0.041194
vn 0.882759 0.469371 0.020661
vn 0.884110 0.467203 0.008464
vn 0.888190 0.457627 -0.041194
vn -0.984873 -0.138812 -0.103712
vn -0.976520 -0.215425 0.000562
vn -0.976520 -0.215425 0.000562
vn -0.984868 -0.140506 -0.101459
vn -0.642081 -0.594682 0.483824
vn -0.476943 -0.656243 0.584696
vn -0.478074 -0.655932 0.584121
vn -0.642081 -0.594682 0.483824
vn -0.476943 -0.656243 0.584696
vn -0.043901 -0.671205 0.739971
vn -0.042772 -0.671017 0.740207
vn -0.478074 -0.655932 0.584121
vn -0.043901 -0.671205 0.739971
vn 0.061888 -0.564683 0.822985
vn 0.042927 -0.555818 0.830195
vn -0.042772 -0.671017 0.740207
vn 0.102602 -0.491013 0.865089
vn 0.335960 -0.471736 0.815227
vn 0.335960 -0.471736 0.815227
vn 0.117705 -0.490623 0.863385
vn 0.061888 -0.564683 0.822985
vn 0.102602 -0.491013 0.865089
vn 0.117705 -0.490623 0.863385
vn 0.042927 -0.555818 0.830195
vn -0.979092 0.013155 -0.202991
vn -0.973344 0.002692 -0.229333
vn -0.972492 0.001773 -0.232932
vn -0.979108 0.013119 -0.202919
vn 0.882759 0.469371 0.020661
vn 0.890338 0.445347 0.094687
vn 0.886369 0.451681 0.101658
vn 0.884110 0.467203 0.008464
vn -0.962827 -0.008011 -0.269998
vn -0.984873 -0.138812 -0.103712
vn -0.984868 -0.140506 -0.101459
vn -0.962813 -0.008048 -0.270048
vn -0.293841 0.921194 -0.255065
vn -0.312166 0.929181 -0.197926
vn -0.305833 0.929091 -0.207979
vn -0.293837 0.928433 -0.227314
vn -0.293837 0.928433 -0.227314
vn -0.305833 0.929091 -0.207979
vn -0.289989 0.936930 -0.195112
vn -0.279384 0.938980 -0.200653
vn -0.279384 0.938980 -0.200653
vn -0.289989 0.936930 -0.195112
vn -0.279239 0.941748 -0.187445
vn -0.274255 0.942612 -0.190441
vn -0.274255 0.942612 -0.190441
vn -0.279239 0.941748 -0.187445
vn -0.285605 0.938933 -0.191921
vn -0.312166 0.929181 -0.197926
vn -0.217818 0.843818 -0.490435
vn -0.187639 0.868665 -0.458490
vn -0.305833 0.929091 -0.207979
vn -0.305833 0.929091 -0.207979
vn -0.187639 0.868665 -0.458490
vn -0.089590 0.889440 -0.448185
vn -0.289989 0.936930 -0.195112
vn -0.289989 0.936930 -0.195112
vn -0.089590 0.889440 -0.448185
vn -0.057865 0.917160 -0.394297
vn -0.279239 0.941748 -0.187445
vn -0.279239 0.941748 -0.187445
vn -0.057865 0.917160 -0.394297
vn -0.011898 0.923756 -0.382796
vn -0.285605 0.938933 -0.191921
vn -0.367902 0.929241 0.034055
vn -0.404935 0.887442 0.220170
vn -0.446390 0.870206 0.208512
vn -0.336400 0.929946 -0.148445
vn -0.336400 0.929946 -0.148445
vn -0.446390 0.870206 0.208512
vn -0.511345 0.843451 0.164673
vn -0.329866 0.937478 -0.111012
vn -0.329866 0.937478 -0.111012
vn -0.511345 0.843451 0.164673
vn -0.636879 0.763166 0.109377
vn -0.297877 0.947429 -0.116828
vn 0.001979 0.952185 -0.305514
vn -0.443698 0.895735 -0.028132
vn -0.408086 0.910516 -0.066529
vn -0.380990 0.923692 -0.040486
vn -0.387894 0.920385 -0.049290
vn -0.388613 0.919700 -0.055964
vn -0.385859 0.921178 -0.050438
vn -0.385859 0.921178 -0.050438
vn -0.388613 0.919700 -0.055964
vn -0.387460 0.920330 -0.053558
vn -0.389682 0.919315 -0.054838
vn -0.389682 0.919315 -0.054838
vn -0.387460 0.920330 -0.053558
vn -0.468566 0.883254 0.017568
vn -0.478748 0.877755 -0.018626
vn -0.443698 0.895735 -0.028132
vn -0.622969 0.752530 0.213562
vn -0.408086 0.910516 -0.066529
vn -0.297877 0.947429 -0.116828
vn -0.443698 0.895735 -0.028132
vn 0.001979 0.952185 -0.305514
vn -0.478748 0.877755 -0.018626
vn -0.468566 0.883254 0.017568
vn -0.622969 0.752530 0.213562
vn -0.443698 0.895735 -0.028132
vn -0.297877 0.947429 -0.116828
vn -0.636879 0.763166 0.109377
vn -0.443698 0.895735 -0.028132
vn -0.187639 0.868665 -0.458490
vn -0.217818 0.843818 -0.490435
vn -0.367902 0.929241 0.034055
vn -0.336400 0.929946 -0.148445
vn -0.089590 0.889440 -0.448185
vn -0.187639 0.868665 -0.458490
vn -0.336400 0.929946 -0.148445
vn -0.329866 0.937478 -0.111012
vn -0.057865 0.917160 -0.394297
vn -0.089590 0.889440 -0.448185
vn -0.329866 0.937478 -0.111012
vn -0.297877 0.947429 -0.116828
vn -0.011898 0.923756 -0.382796
vn -0.057865 0.917160 -0.394297
vn -0.297877 0.947429 -0.116828
vn 0.001979 0.952185 -0.305514
vn -0.446390 0.870206 0.208512
vn -0.404935 0.887442 0.220170
vn -0.380990 0.923692 -0.040486
vn -0.385859 0.921178 -0.050438
vn -0.511345 0.843451 0.164673
vn -0.446390 0.870206 0.208512
vn -0.385859 0.921178 -0.050438
vn -0.389682 0.919315 -0.054838
vn -0.636879 0.763166 0.109377
vn -0.511345 0.843451 0.164673
vn -0.389682 0.919315 -0.054838
vn -0.478748 0.877755 -0.018626
vn -0.443698 0.895735 -0.028132
vn -0.636879 0.763166 0.109377
vn -0.478748 0.877755 -0.018626
vn 0.294069 -0.921249 0.254604
vn 0.293867 -0.928428 0.227297
vn 0.309318 -0.929076 0.202831
vn 0.318763 -0.928726 0.189363
vn 0.293867 -0.928428 0.227297
vn 0.279470 -0.938931 0.200764
vn 0.292218 -0.936940 0.191710
vn 0.309318 -0.929076 0.202831
vn 0.279470 -0.938931 0.200764
vn 0.274263 -0.942606 0.190456
vn 0.282999 -0.941557 0.182708
vn 0.292218 -0.936940 0.191710
vn 0.274263 -0.942606 0.190456
vn 0.293211 -0.938567 0.181988
vn 0.282999 -0.941557 0.182708
vn 0.318763 -0.928726 0.189363
vn 0.309318 -0.929076 0.202831
vn 0.195579 -0.867752 0.456898
vn 0.235300 -0.842532 0.484535
vn 0.309318 -0.929076 0.202831
vn 0.292218 -0.936940 0.191710
vn 0.088432 -0.889184 0.448922
vn 0.195579 -0.867752 0.456898
vn 0.292218 -0.936940 0.191710
vn 0.282999 -0.941557 0.182708
vn 0.057472 -0.918248 0.391814
vn 0.088432 -0.889184 0.448922
vn 0.282999 -0.941557 0.182708
vn 0.293211 -0.938567 0.181988
vn 0.007277 -0.923187 0.384283
vn 0.057472 -0.918248 0.391814
vn 0.379398 -0.925133 -0.013663
vn 0.341917 -0.926400 0.157720
vn 0.446397 -0.872919 -0.196830
vn 0.407226 -0.890200 -0.204233
vn 0.341917 -0.926400 0.157720
vn 0.326444 -0.937618 0.119610
vn 0.508801 -0.846007 -0.159354
vn 0.446397 -0.872919 -0.196830
vn 0.326444 -0.937618 0.119610
vn 0.295629 -0.947178 0.124327
vn 0.629563 -0.770216 -0.102066
vn 0.508801 -0.846007 -0.159354
vn 0.006191 -0.955603 0.294594
vn 0.391081 -0.917921 0.066905
vn 0.437696 -0.898784 0.024696
vn 0.380385 -0.923675 0.046166
vn 0.385124 -0.921309 0.053558
vn 0.388614 -0.919700 0.055964
vn 0.387894 -0.920385 0.049294
vn 0.385124 -0.921309 0.053558
vn 0.386809 -0.920397 0.056987
vn 0.386331 -0.920857 0.052636
vn 0.388614 -0.919700 0.055964
vn 0.386809 -0.920397 0.056987
vn 0.478893 -0.877702 0.017316
vn 0.472235 -0.881187 -0.022443
vn 0.386331 -0.920857 0.052636
vn 0.437696 -0.898784 0.024696
vn 0.391081 -0.917921 0.066905
vn 0.617690 -0.758105 -0.209132
vn 0.295629 -0.947178 0.124327
vn 0.006191 -0.955603 0.294594
vn 0.437696 -0.898784 0.024696
vn 0.478893 -0.877702 0.017316
vn 0.437696 -0.898784 0.024696
vn 0.617690 -0.758105 -0.209132
vn 0.472235 -0.881187 -0.022443
vn 0.295629 -0.947178 0.124327
vn 0.437696 -0.898784 0.024696
vn 0.629563 -0.770216 -0.102066
vn 0.195579 -0.867752 0.456898
vn 0.341917 -0.926400 0.157720
vn 0.379398 -0.925133 -0.013663
vn 0.235300 -0.842532 0.484535
vn 0.088432 -0.889184 0.448922
vn 0.326444 -0.937618 0.119610
vn 0.341917 -0.926400 0.157720
vn 0.195579 -0.867752 0.456898
vn 0.057472 -0.918248 0.391814
vn 0.295629 -0.947178 0.124327
vn 0.326444 -0.937618 0.119610
vn 0.088432 -0.889184 0.448922
vn 0.007277 -0.923187 0.384283
vn 0.006191 -0.955603 0.294594
vn 0.295629 -0.947178 0.124327
vn 0.057472 -0.918248 0.391814
vn 0.446397 -0.872919 -0.196830
vn 0.385124 -0.921309 0.053558
vn 0.380385 -0.923675 0.046166
vn 0.407226 -0.890200 -0.204233
vn 0.508801 -0.846007 -0.159354
vn 0.386809 -0.920397 0.056987
vn 0.385124 -0.921309 0.053558
vn 0.446397 -0.872919 -0.196830
vn 0.629563 -0.770216 -0.102066
vn 0.478893 -0.877702 0.017316
vn 0.386809 -0.920397 0.056987
vn 0.508801 -0.846007 -0.159354
vn 0.437696 -0.898784 0.024696
vn 0.478893 -0.877702 0.017316
vn 0.629563 -0.770216 -0.102066
vn 0.004681 0.253376 0.967356
vn 0.200067 0.299569 0.932862
vn 0.200067 0.299569 0.932862
vn 0.004110 0.253226 0.967398
vn -0.273114 0.154481 0.949497
vn 0.004681 0.253376 0.967356
vn 0.004110 0.253226 0.967398
vn -0.271883 0.155060 0.949756
vn -0.539984 0.026602 0.841255
vn -0.273114 0.154481 0.949497
vn -0.271883 0.155060 0.949756
vn -0.539787 0.026700 0.841378
vn -0.669711 -0.042762 0.741390
vn -0.539984 0.026602 0.841255
vn -0.539787 0.026700 0.841378
vn -0.669711 -0.042762 0.741390
vn -0.947216 -0.212367 0.240171
vn -0.923834 -0.213078 0.318007
vn -0.923834 -0.213078 0.318007
vn -0.947038 -0.212380 0.240861
vn 0.840386 0.397044 0.368929
vn 0.841507 0.398995 0.364238
vn 0.841524 0.399026 0.364165
vn 0.840386 0.397044 0.368929
vn -0.988968 -0.147244 0.016166
vn -0.947216 -0.212367 0.240171
vn -0.947038 -0.212380 0.240861
vn -0.990429 -0.137151 0.015496
vn 0.847540 0.373689 0.376872
vn 0.852618 0.336982 0.399358
vn 0.852636 0.336922 0.399370
vn 0.848038 0.370499 0.378895
vn -0.966614 -0.221860 0.128201
vn -0.980662 -0.174268 0.089071
vn -0.978200 -0.183713 0.096819
vn -0.966614 -0.221860 0.128201
vn 0.906802 0.372797 0.196806
vn 0.919620 0.386785 0.068538
vn 0.919620 0.386785 0.068538
vn 0.907244 0.373168 0.194046
vn 0.747749 0.281686 -0.601269
vn 0.623900 0.219995 -0.749901
vn 0.624784 0.220423 -0.749039
vn 0.747749 0.281686 -0.601269
vn 0.623900 0.219995 -0.749901
vn 0.243494 0.078126 -0.966751
vn 0.242417 0.077787 -0.967049
vn 0.624784 0.220423 -0.749039
vn 0.243494 0.078126 -0.966751
vn 0.083361 0.136179 -0.987171
vn 0.092889 0.155805 -0.983411
vn 0.242417 0.077787 -0.967049
vn 0.002445 0.184053 -0.982913
vn -0.190392 0.042196 -0.980801
vn -0.190392 0.042196 -0.980801
vn -0.009886 0.175295 -0.984466
vn 0.083361 0.136179 -0.987171
vn 0.002445 0.184053 -0.982913
vn -0.009886 0.175295 -0.984466
vn 0.092889 0.155805 -0.983411
vn 0.841507 0.398995 0.364238
vn 0.847540 0.373689 0.376872
vn 0.848038 0.370499 0.378895
vn 0.841524 0.399026 0.364165
vn -0.980662 -0.174268 0.089071
vn -0.988968 -0.147244 0.016166
vn -0.990429 -0.137151 0.015496
vn -0.978200 -0.183713 0.096819
vn 0.852618 0.336982 0.399358
vn 0.906802 0.372797 0.196806
vn 0.907244 0.373168 0.194046
vn 0.852636 0.336922 0.399370
vn 0.294293 0.473142 0.830379
vn 0.349323 0.478351 0.805701
vn 0.338166 0.480366 0.809254
vn 0.316662 0.483758 0.815907
vn 0.316662 0.483758 0.815907
vn 0.338166 0.480366 0.809254
vn 0.340298 0.498536 0.797282
vn 0.330477 0.505662 0.796926
vn 0.330477 0.505662 0.796926
vn 0.340298 0.498536 0.797282
vn 0.340817 0.510288 0.789588
vn 0.335885 0.513489 0.789626
vn 0.335885 0.513489 0.789626
vn 0.340817 0.510288 0.789588
vn 0.340569 0.503370 0.794123
vn 0.349323 0.478351 0.805701
vn 0.052864 0.418108 0.906858
vn 0.065507 0.461643 0.884644
vn 0.338166 0.480366 0.809254
vn 0.338166 0.480366 0.809254
vn 0.065507 0.461643 0.884644
vn 0.019695 0.540216 0.841296
vn 0.340298 0.498536 0.797282
vn 0.340298 0.498536 0.797282
vn 0.019695 0.540216 0.841296
vn 0.048157 0.590929 0.805285
vn 0.340817 0.510288 0.789588
vn 0.340817 0.510288 0.789588
vn 0.048157 0.590929 0.805285
vn 0.030474 0.626594 0.778750
vn 0.340569 0.503370 0.794123
vn 0.550835 0.486405 0.678226
vn 0.694241 0.465731 0.548747
vn 0.705602 0.424726 0.567215
vn 0.400102 0.472981 0.784989
vn 0.400102 0.472981 0.784989
vn 0.705602 0.424726 0.567215
vn 0.705033 0.355973 0.613361
vn 0.425557 0.489651 0.761015
vn 0.425557 0.489651 0.761015
vn 0.705033 0.355973 0.613361
vn 0.715904 0.206715 0.666896
vn 0.405016 0.516020 0.754775
vn 0.086965 0.671069 0.736277
vn 0.541470 0.402409 0.738158
vn 0.496768 0.428726 0.754596
vn 0.503255 0.460367 0.731297
vn 0.500054 0.451945 0.738709
vn 0.495455 0.449752 0.743134
vn 0.498238 0.453601 0.738922
vn 0.498238 0.453601 0.738922
vn 0.495455 0.449752 0.743134
vn 0.496691 0.451388 0.741314
vn 0.496798 0.449002 0.742691
vn 0.496798 0.449002 0.742691
vn 0.496691 0.451388 0.741314
vn 0.585614 0.385854 0.712863
vn 0.563943 0.368697 0.738939
vn 0.541470 0.402409 0.738158
vn 0.779127 0.226367 0.584568
vn 0.496768 0.428726 0.754596
vn 0.405016 0.516020 0.754775
vn 0.541470 0.402409 0.738158
vn 0.086965 0.671069 0.736277
vn 0.563943 0.368697 0.738939
vn 0.585614 0.385854 0.712863
vn 0.779127 0.226367 0.584568
vn 0.541470 0.402409 0.738158
vn 0.405016 0.516020 0.754775
vn 0.715904 0.206715 0.666896
vn 0.541470 0.402409 0.738158
vn 0.065507 0.461643 0.884644
vn 0.052864 0.418108 0.906858
vn 0.550835 0.486405 0.678226
vn 0.400102 0.472981 0.784989
vn 0.019695 0.540216 0.841296
vn 0.065507 0.461643 0.884644
vn 0.400102 0.472981 0.784989
vn 0.425557 0.489651 0.761015
vn 0.048157 0.590929 0.805285
vn 0.019695 0.540216 0.841296
vn 0.425557 0.489651 0.761015
vn 0.405016 0.516020 0.754775
vn 0.030474 0.626594 0.778750
vn 0.048157 0.590929 0.805285
vn 0.405016 0.516020 0.754775
vn 0.086965 0.671069 0.736277
vn 0.705602 0.424726 0.567215
vn 0.694241 0.465731 0.548747
vn 0.503255 0.460367 0.731297
vn 0.498238 0.453601 0.738922
vn 0.705033 0.355973 0.613361
vn 0.705602 0.424726 0.567215
vn 0.498238 0.453601 0.738922
vn 0.496798 0.449002 0.742691
vn 0.715904 0.206715 0.666896
vn 0.705033 0.355973 0.613361
vn 0.496798 0.449002 0.742691
vn 0.563943 0.368697 0.738939
vn 0.541470 0.402409 0.738158
vn 0.715904 0.206715 0.666896
vn 0.563943 0.368697 0.738939
vn -0.294783 -0.473127 -0.830213
vn -0.316690 -0.483739 -0.815907
vn -0.344008 -0.479137 -0.807519
vn -0.359390 -0.475483 -0.802966
vn -0.316690 -0.483739 -0.815907
vn -0.330434 -0.505551 -0.797014
vn -0.344120 -0.497785 -0.796110
vn -0.344008 -0.479137 -0.807519
vn -0.330434 -0.505551 -0.797014
vn -0.335877 -0.513477 -0.789638
vn -0.346473 -0.508679 -0.788164
vn -0.344120 -0.497785 -0.796110
vn -0.335877 -0.513477 -0.789638
vn -0.352270 -0.500195 -0.791019
vn -0.346473 -0.508679 -0.788164
vn -0.359390 -0.475483 -0.802966
vn -0.344008 -0.479137 -0.807519
vn -0.071217 -0.456312 -0.886965
vn -0.067400 -0.407363 -0.910776
vn -0.344008 -0.479137 -0.807519
vn -0.344120 -0.497785 -0.796110
vn -0.018372 -0.540604 -0.841077
vn -0.071217 -0.456312 -0.886965
vn -0.344120 -0.497785 -0.796110
vn -0.346473 -0.508679 -0.788164
vn -0.050061 -0.592458 -0.804044
vn -0.018372 -0.540604 -0.841077
vn -0.346473 -0.508679 -0.788164
vn -0.352270 -0.500195 -0.791019
vn -0.026389 -0.628754 -0.777156
vn -0.050061 -0.592458 -0.804044
vn -0.541821 -0.472396 -0.695178
vn -0.395634 -0.465152 -0.791901
vn -0.698057 -0.424645 -0.576536
vn -0.685037 -0.463486 -0.562055
vn -0.395634 -0.465152 -0.791901
vn -0.417305 -0.490303 -0.765154
vn -0.700467 -0.358524 -0.617095
vn -0.698057 -0.424645 -0.576536
vn -0.417305 -0.490303 -0.765154
vn -0.398149 -0.515847 -0.758538
vn -0.708439 -0.215287 -0.672135
vn -0.700467 -0.358524 -0.617095
vn -0.100951 -0.670609 -0.734910
vn -0.488494 -0.444854 -0.750652
vn -0.541265 -0.409089 -0.734628
vn -0.498781 -0.459686 -0.734783
vn -0.495579 -0.453585 -0.740717
vn -0.495456 -0.449751 -0.743134
vn -0.500051 -0.451945 -0.738712
vn -0.495579 -0.453585 -0.740717
vn -0.493840 -0.451214 -0.743322
vn -0.496836 -0.452661 -0.740440
vn -0.495456 -0.449751 -0.743134
vn -0.493840 -0.451214 -0.743322
vn -0.564961 -0.368808 -0.738106
vn -0.590706 -0.382897 -0.710251
vn -0.496836 -0.452661 -0.740440
vn -0.541265 -0.409089 -0.734628
vn -0.488494 -0.444854 -0.750652
vn -0.774508 -0.233079 -0.588058
vn -0.398149 -0.515847 -0.758538
vn -0.100951 -0.670609 -0.734910
vn -0.541265 -0.409089 -0.734628
vn -0.564961 -0.368808 -0.738106
vn -0.541265 -0.409089 -0.734628
vn -0.774508 -0.233079 -0.588058
vn -0.590706 -0.382897 -0.710251
vn -0.398149 -0.515847 -0.758538
vn -0.541265 -0.409089 -0.734628
vn -0.708439 -0.215287 -0.672135
vn -0.071217 -0.456312 -0.886965
vn -0.395634 -0.465152 -0.791901
vn -0.541821 -0.472396 -0.695178
vn -0.067400 -0.407363 -0.910776
vn -0.018372 -0.540604 -0.841077
vn -0.417305 -0.490303 -0.765154
vn -0.395634 -0.465152 -0.791901
vn -0.071217 -0.456312 -0.886965
vn -0.050061 -0.592458 -0.804044
vn -0.398149 -0.515847 -0.758538
vn -0.417305 -0.490303 -0.765154
vn -0.018372 -0.540604 -0.841077
vn -0.026389 -0.628754 -0.777156
vn -0.100951 -0.670609 -0.734910
vn -0.398149 -0.515847 -0.758538
vn -0.050061 -0.592458 -0.804044
vn -0.698057 -0.424645 -0.576536
vn -0.495579 -0.453585 -0.740717
vn -0.498781 -0.459686 -0.734783
vn -0.685037 -0.463486 -0.562055
vn -0.700467 -0.358524 -0.617095
vn -0.493840 -0.451214 -0.743322
vn -0.495579 -0.453585 -0.740717
vn -0.698057 -0.424645 -0.576536
vn -0.708439 -0.215287 -0.672135
vn -0.564961 -0.368808 -0.738106
vn -0.493840 -0.451214 -0.743322
vn -0.700467 -0.358524 -0.617095
vn -0.541265 -0.409089 -0.734628
vn -0.564961 -0.368808 -0.738106
vn -0.708439 -0.215287 -0.672135
vn 0.777301 0.373694 -0.506118
vn 0.647855 0.523818 -0.553081
vn 0.647855 0.523818 -0.553081
vn 0.777632 0.373232 -0.505950
vn 0.902301 0.122639 -0.413295
vn 0.777301 0.373694 -0.506118
vn 0.777632 0.373232 -0.505950
vn 0.901922 0.123893 -0.413748
vn 0.946003 -0.160328 -0.281732
vn 0.902301 0.122639 -0.413295
vn 0.901922 0.123893 -0.413748
vn 0.946003 -0.160108 -0.281856
vn 0.930819 -0.312045 -0.190273
vn 0.946003 -0.160328 -0.281732
vn 0.946003 -0.160108 -0.281856
vn 0.930819 -0.312045 -0.190273
vn 0.683933 -0.705578 0.185459
vn 0.725565 -0.677319 0.121631
vn 0.725565 -0.677319 0.121631
vn 0.684318 -0.705350 0.184904
vn -0.119198 0.891920 -0.436201
vn -0.122636 0.893242 -0.432526
vn -0.122690 0.893263 -0.432468
vn -0.119198 0.891920 -0.436201
vn 0.568943 -0.722966 0.391948
vn 0.683933 -0.705578 0.185459
vn 0.684318 -0.705350 0.184904
vn 0.572625 -0.716301 0.398765
vn -0.125413 0.880013 -0.458093
vn -0.124192 0.859307 -0.496154
vn -0.124213 0.859274 -0.496205
vn -0.125292 0.878261 -0.461475
vn 0.611927 -0.745411 0.264403
vn 0.607710 -0.725029 0.324071
vn 0.608734 -0.729279 0.312401
vn 0.611927 -0.745411 0.264403
vn -0.291891 0.883044 -0.367470
vn -0.387754 0.878110 -0.280302
vn -0.387754 0.878110 -0.280302
vn -0.294032 0.883094 -0.365636
vn -0.800007 0.568350 0.192270
vn -0.851489 0.417176 0.317696
vn -0.851269 0.418209 0.316926
vn -0.800007 0.568350 0.192270
vn -0.851489 0.417176 0.317696
vn -0.821236 0.033150 0.569625
vn -0.820902 0.032168 0.570163
vn -0.851269 0.418209 0.316926
vn -0.821236 0.033150 0.569625
vn -0.719193 -0.025706 0.694335
vn -0.715946 -0.004141 0.698143
vn -0.820902 0.032168 0.570163
vn -0.651102 -0.038637 0.758007
vn -0.577589 -0.266059 0.771754
vn -0.577589 -0.266059 0.771754
vn -0.647518 -0.053251 0.760188
vn -0.719193 -0.025706 0.694335
vn -0.651102 -0.038637 0.758007
vn -0.647518 -0.053251 0.760188
vn -0.715946 -0.004141 0.698143
vn -0.122636 0.893242 -0.432526
vn -0.125413 0.880013 -0.458093
vn -0.125292 0.878261 -0.461475
vn -0.122690 0.893263 -0.432468
vn 0.607710 -0.725029 0.324071
vn 0.568943 -0.722966 0.391948
vn 0.572625 -0.716301 0.398765
vn 0.608734 -0.729279 0.312401
vn -0.124192 0.859307 -0.496154
vn -0.291891 0.883044 -0.367470
vn -0.294032 0.883094 -0.365636
vn -0.124213 0.859274 -0.496205
vn -0.279525 0.959446 -0.036449
vn -0.240327 0.970657 0.008298
vn -0.245446 0.969407 -0.002352
vn -0.255436 0.966562 -0.022607
vn -0.255436 0.966562 -0.022607
vn -0.245446 0.969407 -0.002352
vn -0.225437 0.974209 -0.009742
vn -0.224279 0.974281 -0.021825
vn -0.224279 0.974281 -0.021825
vn -0.225437 0.974209 -0.009742
vn -0.212805 0.976976 -0.015251
vn -0.212601 0.976911 -0.021127
vn -0.212601 0.976911 -0.021127
vn -0.212805 0.976976 -0.015251
vn -0.220228 0.975375 -0.011960
vn -0.240327 0.970657 0.008298
vn -0.445101 0.869446 -0.214355
vn -0.399746 0.888341 -0.225952
vn -0.245446 0.969407 -0.002352
vn -0.245446 0.969407 -0.002352
vn -0.399746 0.888341 -0.225952
vn -0.337042 0.890793 -0.304779
vn -0.225437 0.974209 -0.009742
vn -0.225437 0.974209 -0.009742
vn -0.337042 0.890793 -0.304779
vn -0.272103 0.912228 -0.306268
vn -0.212805 0.976976 -0.015251
vn -0.212805 0.976976 -0.015251
vn -0.272103 0.912228 -0.306268
vn -0.237400 0.910288 -0.339142
vn -0.220228 0.975375 -0.011960
vn -0.074494 0.980931 0.179515
vn 0.058490 0.946628 0.316978
vn 0.024994 0.937282 0.347675
vn -0.211425 0.975850 0.054924
vn -0.211425 0.975850 0.054924
vn 0.024994 0.937282 0.347675
vn -0.048999 0.922885 0.381945
vn -0.175692 0.982057 0.068534
vn -0.175692 0.982057 0.068534
vn -0.048999 0.922885 0.381945
vn -0.170043 0.866969 0.468455
vn -0.162650 0.985976 0.037378
vn -0.162150 0.935692 -0.313350
vn -0.170354 0.961885 0.213910
vn -0.182354 0.969889 0.161441
vn -0.144756 0.977875 0.151016
vn -0.156157 0.975889 0.152495
vn -0.162227 0.975348 0.149597
vn -0.155968 0.976296 0.150069
vn -0.155968 0.976296 0.150069
vn -0.162227 0.975348 0.149597
vn -0.159527 0.975755 0.149843
vn -0.161883 0.975166 0.151149
vn -0.161883 0.975166 0.151149
vn -0.159527 0.975755 0.149843
vn -0.146281 0.954173 0.261066
vn -0.182703 0.950634 0.250829
vn -0.170354 0.961885 0.213910
vn -0.075978 0.853964 0.514755
vn -0.182354 0.969889 0.161441
vn -0.162650 0.985976 0.037378
vn -0.170354 0.961885 0.213910
vn -0.162150 0.935692 -0.313350
vn -0.182703 0.950634 0.250829
vn -0.146281 0.954173 0.261066
vn -0.075978 0.853964 0.514755
vn -0.170354 0.961885 0.213910
vn -0.162650 0.985976 0.037378
vn -0.170043 0.866969 0.468455
vn -0.170354 0.961885 0.213910
vn -0.399746 0.888341 -0.225952
vn -0.445101 0.869446 -0.214355
vn -0.074494 0.980931 0.179515
vn -0.211425 0.975850 0.054924
vn -0.337042 0.890793 -0.304779
vn -0.399746 0.888341 -0.225952
vn -0.211425 0.975850 0.054924
vn -0.175692 0.982057 0.068534
vn -0.272103 0.912228 -0.306268
vn -0.337042 0.890793 -0.304779
vn -0.175692 0.982057 0.068534
vn -0.162650 0.985976 0.037378
vn -0.237400 0.910288 -0.339142
vn -0.272103 0.912228 -0.306268
vn -0.162650 0.985976 0.037378
vn -0.162150 0.935692 -0.313350
vn 0.024994 0.937282 0.347675
vn 0.058490 0.946628 0.316978
vn -0.144756 0.977875 0.151016
vn -0.155968 0.976296 0.150069
vn -0.048999 0.922885 0.381945
vn 0.024994 0.937282 0.347675
vn -0.155968 0.976296 0.150069
vn -0.161883 0.975166 0.151149
vn -0.170043 0.866969 0.468455
vn -0.048999 0.922885 0.381945
vn -0.161883 0.975166 0.151149
vn -0.182703 0.950634 0.250829
vn -0.170354 0.961885 0.213910
vn -0.170043 0.866969 0.468455
vn -0.182703 0.950634 0.250829
vn 0.279252 -0.959542 0.036021
vn 0.255438 -0.966562 0.022573
vn 0.242959 -0.970031 -0.003312
vn 0.236657 -0.971418 -0.018447
vn 0.255438 -0.966562 0.022573
vn 0.224423 -0.974248 0.021806
vn 0.223752 -0.974627 0.006063
vn 0.242959 -0.970031 -0.003312
vn 0.224423 -0.974248 0.021806
vn 0.212619 -0.976907 0.021128
vn 0.210828 -0.977477 0.009554
vn 0.223752 -0.974627 0.006063
vn 0.212619 -0.976907 0.021128
vn 0.215930 -0.976409 0.000250
vn 0.210828 -0.977477 0.009554
vn 0.236657 -0.971418 -0.018447
vn 0.242959 -0.970031 -0.003312
vn 0.402704 -0.888899 0.218379
vn 0.449526 -0.871386 0.196501
vn 0.242959 -0.970031 -0.003312
vn 0.223752 -0.974627 0.006063
vn 0.337075 -0.890329 0.306096
vn 0.402704 -0.888899 0.218379
vn 0.223752 -0.974627 0.006063
vn 0.210828 -0.977477 0.009554
vn 0.269697 -0.913226 0.305422
vn 0.337075 -0.890329 0.306096
vn 0.210828 -0.977477 0.009554
vn 0.215930 -0.976409 0.000250
vn 0.236259 -0.908881 0.343682
vn 0.269697 -0.913226 0.305422
vn 0.098167 -0.978999 -0.178671
vn 0.222511 -0.973375 -0.055037
vn -0.015421 -0.939950 -0.340963
vn -0.044126 -0.949759 -0.309856
vn 0.222511 -0.973375 -0.055037
vn 0.181106 -0.981567 -0.061044
vn 0.051878 -0.924932 -0.376576
vn -0.015421 -0.939950 -0.340963
vn 0.181106 -0.981567 -0.061044
vn 0.167799 -0.985317 -0.031513
vn 0.171626 -0.872559 -0.457368
vn 0.051878 -0.924932 -0.376576
vn 0.156945 -0.940549 0.301224
vn 0.172926 -0.974051 -0.146016
vn 0.163977 -0.963782 -0.210322
vn 0.149221 -0.977747 -0.147455
vn 0.158192 -0.976290 -0.147758
vn 0.162227 -0.975348 -0.149598
vn 0.156161 -0.975889 -0.152493
vn 0.158192 -0.976290 -0.147758
vn 0.162064 -0.975703 -0.147445
vn 0.158100 -0.976067 -0.149324
vn 0.162227 -0.975348 -0.149598
vn 0.162064 -0.975703 -0.147445
vn 0.181682 -0.950609 -0.251664
vn 0.144323 -0.952814 -0.267051
vn 0.158100 -0.976067 -0.149324
vn 0.163977 -0.963782 -0.210322
vn 0.172926 -0.974051 -0.146016
vn 0.076360 -0.858477 -0.507136
vn 0.167799 -0.985317 -0.031513
vn 0.156945 -0.940549 0.301224
vn 0.163977 -0.963782 -0.210322
vn 0.181682 -0.950609 -0.251664
vn 0.163977 -0.963782 -0.210322
vn 0.076360 -0.858477 -0.507136
vn 0.144323 -0.952814 -0.267051
vn 0.167799 -0.985317 -0.031513
vn 0.163977 -0.963782 -0.210322
vn 0.171626 -0.872559 -0.457368
vn 0.402704 -0.888899 0.218379
vn 0.222511 -0.973375 -0.055037
vn 0.098167 -0.978999 -0.178671
vn 0.449526 -0.871386 0.196501
vn 0.337075 -0.890329 0.306096
vn 0.181106 -0.981567 -0.061044
vn 0.222511 -0.973375 -0.055037
vn 0.402704 -0.888899 0.218379
vn 0.269697 -0.913226 0.305422
vn 0.167799 -0.985317 -0.031513
vn 0.181106 -0.981567 -0.061044
vn 0.337075 -0.890329 0.306096
vn 0.236259 -0.908881 0.343682
vn 0.156945 -0.940549 0.301224
vn 0.167799 -0.985317 -0.031513
vn 0.269697 -0.913226 0.305422
vn -0.015421 -0.939950 -0.340963
vn 0.158192 -0.976290 -0.147758
vn 0.149221 -0.977747 -0.147455
vn -0.044126 -0.949759 -0.309856
vn 0.051878 -0.924932 -0.376576
vn 0.162064 -0.975703 -0.147445
vn 0.158192 -0.976290 -0.147758
vn -0.015421 -0.939950 -0.340963
vn 0.171626 -0.872559 -0.457368
vn 0.181682 -0.950609 -0.251664
vn 0.162064 -0.975703 -0.147445
vn 0.051878 -0.924932 -0.376576
vn 0.163977 -0.963782 -0.210322
vn 0.181682 -0.950609 -0.251664
vn 0.171626 -0.872559 -0.457368
vn 0.842215 0.248226 0.478599
vn 0.921295 0.257824 0.291106
vn 0.921295 0.257824 0.291106
vn 0.841933 0.248183 0.479118
vn 0.670155 0.201922 0.714227
vn 0.842215 0.248226 0.478599
vn 0.841933 0.248183 0.479118
vn 0.671083 0.202266 0.713258
vn 0.424902 0.125123 0.896551
vn 0.670155 0.201922 0.714227
vn 0.671083 0.202266 0.713258
vn 0.425119 0.125184 0.896439
vn 0.265180 0.080712 0.960815
vn 0.424902 0.125123 0.896551
vn 0.425119 0.125184 0.896439
vn 0.265180 0.080712 0.960815
vn -0.320794 -0.035156 0.946496
vn -0.242918 -0.040141 0.969216
vn -0.242918 -0.040141 0.969216
vn -0.320120 -0.035202 0.946723
vn 0.795394 0.236285 -0.558137
vn 0.792231 0.237998 -0.561896
vn 0.792181 0.238025 -0.561955
vn 0.795394 0.236285 -0.558137
vn -0.525143 0.036516 0.850230
vn -0.320794 -0.035156 0.946496
vn -0.320120 -0.035202 0.946723
vn -0.525484 0.046706 0.849520
vn 0.803568 0.212015 -0.556173
vn 0.821569 0.174998 -0.542587
vn 0.821583 0.174936 -0.542585
vn 0.805221 0.208787 -0.555002
vn -0.426314 -0.040933 0.903649
vn -0.462011 0.008427 0.886834
vn -0.455114 -0.001309 0.890432
vn -0.426314 -0.040933 0.903649
vn 0.683243 0.200275 -0.702189
vn 0.583394 0.211677 -0.784120
vn 0.583394 0.211677 -0.784120
vn 0.681190 0.200559 -0.704100
vn -0.082195 0.139860 -0.986754
vn -0.279114 0.101915 -0.954835
vn -0.277877 0.102173 -0.955168
vn -0.082195 0.139860 -0.986754
vn -0.279114 0.101915 -0.954835
vn -0.677398 0.032173 -0.734913
vn -0.678254 0.032037 -0.734129
vn -0.277877 0.102173 -0.955168
vn -0.677398 0.032173 -0.734913
vn -0.773737 0.118593 -0.622308
vn -0.763580 0.136140 -0.631198
vn -0.678254 0.032037 -0.734129
vn -0.808310 0.180487 -0.560409
vn -0.922765 0.076378 -0.377720
vn -0.922765 0.076378 -0.377720
vn -0.817020 0.174137 -0.549686
vn -0.773737 0.118593 -0.622308
vn -0.808310 0.180487 -0.560409
vn -0.817020 0.174137 -0.549686
vn -0.763580 0.136140 -0.631198
vn 0.792231 0.237998 -0.561896
vn 0.803568 0.212015 -0.556173
vn 0.805221 0.208787 -0.555002
vn 0.792181 0.238025 -0.561955
vn -0.462011 0.008427 0.886834
vn -0.525143 0.036516 0.850230
vn -0.525484 0.046706 0.849520
vn -0.455114 -0.001309 0.890432
vn 0.821569 0.174998 -0.542587
vn 0.683243 0.200275 -0.702189
vn 0.681190 0.200559 -0.704100
vn 0.821583 0.174936 -0.542585
s off
g OBJ_Bigleaves_01:pPlane6
usemtl OBJ_Bigleaves_01:lambert2SG
f 2147/2377/2113 2148/2378/2114 2149/2379/2115 2150/2380/2116
f 2150/2380/2117 2149/2379/2118 2151/2381/2119 2152/2382/2120
f 2152/2382/2121 2151/2381/2122 2153/2383/2123 2154/2384/2124
f 2154/2384/2125 2153/2383/2126 2155/2385/2127
f 2148/2378/2128 2156/2386/2129 2157/2387/2130 2149/2379/2131
f 2149/2379/2132 2157/2387/2133 2158/2388/2134 2151/2381/2135
f 2151/2381/2136 2158/2388/2137 2159/2389/2138 2153/2383/2139
f 2153/2383/2140 2159/2389/2141 2160/2390/2142 2155/2385/2143
f 2161/2391/2144 2162/2392/2145 2163/2393/2146 2164/2394/2147
f 2164/2394/2148 2163/2393/2149 2165/2395/2150 2166/2396/2151
f 2166/2396/2152 2165/2395/2153 2167/2397/2154 2168/2398/2155
f 2169/2399/2156 2170/2400/2157 2171/2401/2158
f 2172/2402/2159 2173/2403/2160 2174/2404/2161 2175/2405/2162
f 2175/2405/2163 2174/2404/2164 2176/2406/2165 2177/2407/2166
f 2177/2407/2167 2176/2406/2168 2178/2408/2169 2179/2409/2170
f 2170/2400/2171 2180/2410/2172 2171/2401/2173
f 2168/2398/2174 2170/2400/2175 2169/2399/2176
f 2179/2409/2177 2178/2408/2178 2180/2410/2179 2170/2400/2180
f 2168/2398/2181 2167/2397/2182 2170/2400/2183
f 2157/2387/2184 2156/2386/2185 2161/2391/2186 2164/2394/2187
f 2158/2388/2188 2157/2387/2189 2164/2394/2190 2166/2396/2191
f 2159/2389/2192 2158/2388/2193 2166/2396/2194 2168/2398/2195
f 2160/2390/2196 2159/2389/2197 2168/2398/2198 2169/2399/2199
f 2163/2393/2200 2162/2392/2201 2172/2402/2202 2175/2405/2203
f 2165/2395/2204 2163/2393/2205 2175/2405/2206 2177/2407/2207
f 2167/2397/2208 2165/2395/2209 2177/2407/2210 2179/2409/2211
f 2170/2400/2212 2167/2397/2213 2179/2409/2214
f 2113/2411/2215 2114/2412/2216 2118/2413/2217 2117/2414/2218
f 2114/2412/2219 2115/2415/2220 2119/2416/2221 2118/2413/2222
f 2115/2415/2223 2116/2417/2224 2120/2418/2225 2119/2416/2226
f 2116/2417/2227 2121/2419/2228 2120/2418/2229
f 2117/2414/2230 2118/2413/2231 2139/2420/2232 2138/2421/2233
f 2118/2413/2234 2119/2416/2235 2140/2422/2236 2139/2420/2237
f 2119/2416/2238 2120/2418/2239 2141/2423/2240 2140/2422/2241
f 2120/2418/2242 2121/2419/2243 2142/2424/2244 2141/2423/2245
f 2122/2425/2246 2123/2426/2247 2144/2427/2248 2143/2428/2249
f 2123/2426/2250 2124/2429/2251 2145/2430/2252 2144/2427/2253
f 2124/2429/2254 2125/2431/2255 2146/2432/2256 2145/2430/2257
f 2126/2433/2258 2131/2434/2259 2137/2435/2260
f 2127/2436/2261 2128/2437/2262 2133/2438/2263 2132/2439/2264
f 2128/2437/2265 2129/2440/2266 2134/2441/2267 2133/2438/2268
f 2129/2440/2269 2130/2442/2270 2135/2443/2271 2134/2441/2272
f 2137/2435/2273 2131/2434/2274 2136/2444/2275
f 2125/2431/2276 2126/2433/2277 2137/2435/2278
f 2130/2442/2279 2137/2435/2280 2136/2444/2281 2135/2443/2282
f 2125/2431/2283 2137/2435/2284 2146/2432/2285
f 2139/2420/2286 2123/2426/2287 2122/2425/2288 2138/2421/2289
f 2140/2422/2290 2124/2429/2291 2123/2426/2292 2139/2420/2293
f 2141/2423/2294 2125/2431/2295 2124/2429/2296 2140/2422/2297
f 2142/2424/2298 2126/2433/2299 2125/2431/2300 2141/2423/2301
f 2144/2427/2302 2128/2437/2303 2127/2436/2304 2143/2428/2305
f 2145/2430/2306 2129/2440/2307 2128/2437/2308 2144/2427/2309
f 2146/2432/2310 2130/2442/2311 2129/2440/2312 2145/2430/2313
f 2137/2435/2314 2130/2442/2315 2146/2432/2316
f 2113/2445/2317 2117/2446/2318 2148/2447/2319 2147/2448/2320
f 2114/2449/2321 2113/2450/2322 2147/2451/2323 2150/2452/2324
f 2115/2453/2325 2114/2449/2326 2150/2452/2327 2152/2454/2328
f 2116/2455/2329 2115/2453/2330 2152/2454/2331 2154/2456/2332
f 2121/2457/2333 2116/2458/2334 2154/2459/2335 2155/2460/2336
f 2117/2446/2337 2138/2461/2338 2156/2462/2339 2148/2447/2340
f 2142/2463/2341 2121/2457/2342 2155/2460/2343 2160/2464/2344
f 2122/2465/2345 2143/2466/2346 2162/2467/2347 2161/2468/2348
f 2131/2469/2349 2126/2470/2350 2169/2471/2351 2171/2472/2352
f 2127/2473/2353 2132/2474/2354 2173/2475/2355 2172/2476/2356
f 2132/2477/2357 2133/2478/2358 2174/2479/2359 2173/2480/2360
f 2133/2478/2361 2134/2481/2362 2176/2482/2363 2174/2479/2364
f 2134/2481/2365 2135/2483/2366 2178/2484/2367 2176/2482/2368
f 2136/2485/2369 2131/2469/2370 2171/2472/2371 2180/2486/2372
f 2135/2483/2373 2136/2487/2374 2180/2488/2375 2178/2484/2376
f 2138/2461/2377 2122/2465/2378 2161/2468/2379 2156/2462/2380
f 2126/2470/2381 2142/2463/2382 2160/2464/2383 2169/2471/2384
f 2143/2466/2385 2127/2473/2386 2172/2476/2387 2162/2467/2388
f 2215/2489/2389 2216/2490/2390 2217/2491/2391 2218/2492/2392
f 2218/2492/2393 2217/2491/2394 2219/2493/2395 2220/2494/2396
f 2220/2494/2397 2219/2493/2398 2221/2495/2399 2222/2496/2400
f 2222/2496/2401 2221/2495/2402 2223/2497/2403
f 2216/2490/2404 2224/2498/2405 2225/2499/2406 2217/2491/2407
f 2217/2491/2408 2225/2499/2409 2226/2500/2410 2219/2493/2411
f 2219/2493/2412 2226/2500/2413 2227/2501/2414 2221/2495/2415
f 2221/2495/2416 2227/2501/2417 2228/2502/2418 2223/2497/2419
f 2229/2503/2420 2230/2504/2421 2231/2505/2422 2232/2506/2423
f 2232/2506/2424 2231/2505/2425 2233/2507/2426 2234/2508/2427
f 2234/2508/2428 2233/2507/2429 2235/2509/2430 2236/2510/2431
f 2237/2511/2432 2238/2512/2433 2239/2513/2434
f 2240/2514/2435 2241/2515/2436 2242/2516/2437 2243/2517/2438
f 2243/2517/2439 2242/2516/2440 2244/2518/2441 2245/2519/2442
f 2245/2519/2443 2244/2518/2444 2246/2520/2445 2247/2521/2446
f 2238/2512/2447 2248/2522/2448 2239/2513/2449
f 2236/2510/2450 2238/2512/2451 2237/2511/2452
f 2247/2521/2453 2246/2520/2454 2248/2522/2455 2238/2512/2456
f 2236/2510/2457 2235/2509/2458 2238/2512/2459
f 2225/2499/2460 2224/2498/2461 2229/2503/2462 2232/2506/2463
f 2226/2500/2464 2225/2499/2465 2232/2506/2466 2234/2508/2467
f 2227/2501/2468 2226/2500/2469 2234/2508/2470 2236/2510/2471
f 2228/2502/2472 2227/2501/2473 2236/2510/2474 2237/2511/2475
f 2231/2505/2476 2230/2504/2477 2240/2514/2478 2243/2517/2479
f 2233/2507/2480 2231/2505/2481 2243/2517/2482 2245/2519/2483
f 2235/2509/2484 2233/2507/2485 2245/2519/2486 2247/2521/2487
f 2238/2512/2488 2235/2509/2489 2247/2521/2490
f 2181/2523/2491 2182/2524/2492 2186/2525/2493 2185/2526/2494
f 2182/2524/2495 2183/2527/2496 2187/2528/2497 2186/2525/2498
f 2183/2527/2499 2184/2529/2500 2188/2530/2501 2187/2528/2502
f 2184/2529/2503 2189/2531/2504 2188/2530/2505
f 2185/2526/2506 2186/2525/2507 2207/2532/2508 2206/2533/2509
f 2186/2525/2510 2187/2528/2511 2208/2534/2512 2207/2532/2513
f 2187/2528/2514 2188/2530/2515 2209/2535/2516 2208/2534/2517
f 2188/2530/2518 2189/2531/2519 2210/2536/2520 2209/2535/2521
f 2190/2537/2522 2191/2538/2523 2212/2539/2524 2211/2540/2525
f 2191/2538/2526 2192/2541/2527 2213/2542/2528 2212/2539/2529
f 2192/2541/2530 2193/2543/2531 2214/2544/2532 2213/2542/2533
f 2194/2545/2534 2199/2546/2535 2205/2547/2536
f 2195/2548/2537 2196/2549/2538 2201/2550/2539 2200/2551/2540
f 2196/2549/2541 2197/2552/2542 2202/2553/2543 2201/2550/2544
f 2197/2552/2545 2198/2554/2546 2203/2555/2547 2202/2553/2548
f 2205/2547/2549 2199/2546/2550 2204/2556/2551
f 2193/2543/2552 2194/2545/2553 2205/2547/2554
f 2198/2554/2555 2205/2547/2556 2204/2556/2557 2203/2555/2558
f 2193/2543/2559 2205/2547/2560 2214/2544/2561
f 2207/2532/2562 2191/2538/2563 2190/2537/2564 2206/2533/2565
f 2208/2534/2566 2192/2541/2567 2191/2538/2568 2207/2532/2569
f 2209/2535/2570 2193/2543/2571 2192/2541/2572 2208/2534/2573
f 2210/2536/2574 2194/2545/2575 2193/2543/2576 2209/2535/2577
f 2212/2539/2578 2196/2549/2579 2195/2548/2580 2211/2540/2581
f 2213/2542/2582 2197/2552/2583 2196/2549/2584 2212/2539/2585
f 2214/2544/2586 2198/2554/2587 2197/2552/2588 2213/2542/2589
f 2205/2547/2590 2198/2554/2591 2214/2544/2592
f 2181/2557/2593 2185/2558/2594 2216/2559/2595 2215/2560/2596
f 2182/2561/2597 2181/2562/2598 2215/2563/2599 2218/2564/2600
f 2183/2565/2601 2182/2561/2602 2218/2564/2603 2220/2566/2604
f 2184/2567/2605 2183/2565/2606 2220/2566/2607 2222/2568/2608
f 2189/2569/2609 2184/2570/2610 2222/2571/2611 2223/2572/2612
f 2185/2558/2613 2206/2573/2614 2224/2574/2615 2216/2559/2616
f 2210/2575/2617 2189/2569/2618 2223/2572/2619 2228/2576/2620
f 2190/2577/2621 2211/2578/2622 2230/2579/2623 2229/2580/2624
f 2199/2581/2625 2194/2582/2626 2237/2583/2627 2239/2584/2628
f 2195/2585/2629 2200/2586/2630 2241/2587/2631 2240/2588/2632
f 2200/2589/2633 2201/2590/2634 2242/2591/2635 2241/2592/2636
f 2201/2590/2637 2202/2593/2638 2244/2594/2639 2242/2591/2640
f 2202/2593/2641 2203/2595/2642 2246/2596/2643 2244/2594/2644
f 2204/2597/2645 2199/2581/2646 2239/2584/2647 2248/2598/2648
f 2203/2595/2649 2204/2599/2650 2248/2600/2651 2246/2596/2652
f 2206/2573/2653 2190/2577/2654 2229/2580/2655 2224/2574/2656
f 2194/2582/2657 2210/2575/2658 2228/2576/2659 2237/2583/2660
f 2211/2578/2661 2195/2585/2662 2240/2588/2663 2230/2579/2664
f 2283/2601/2665 2284/2602/2666 2285/2603/2667 2286/2604/2668
f 2286/2604/2669 2285/2603/2670 2287/2605/2671 2288/2606/2672
f 2288/2606/2673 2287/2605/2674 2289/2607/2675 2290/2608/2676
f 2290/2608/2677 2289/2607/2678 2291/2609/2679
f 2284/2602/2680 2292/2610/2681 2293/2611/2682 2285/2603/2683
f 2285/2603/2684 2293/2611/2685 2294/2612/2686 2287/2605/2687
f 2287/2605/2688 2294/2612/2689 2295/2613/2690 2289/2607/2691
f 2289/2607/2692 2295/2613/2693 2296/2614/2694 2291/2609/2695
f 2297/2615/2696 2298/2616/2697 2299/2617/2698 2300/2618/2699
f 2300/2618/2700 2299/2617/2701 2301/2619/2702 2302/2620/2703
f 2302/2620/2704 2301/2619/2705 2303/2621/2706 2304/2622/2707
f 2305/2623/2708 2306/2624/2709 2307/2625/2710
f 2308/2626/2711 2309/2627/2712 2310/2628/2713 2311/2629/2714
f 2311/2629/2715 2310/2628/2716 2312/2630/2717 2313/2631/2718
f 2313/2631/2719 2312/2630/2720 2314/2632/2721 2315/2633/2722
f 2306/2624/2723 2316/2634/2724 2307/2625/2725
f 2304/2622/2726 2306/2624/2727 2305/2623/2728
f 2315/2633/2729 2314/2632/2730 2316/2634/2731 2306/2624/2732
f 2304/2622/2733 2303/2621/2734 2306/2624/2735
f 2293/2611/2736 2292/2610/2737 2297/2615/2738 2300/2618/2739
f 2294/2612/2740 2293/2611/2741 2300/2618/2742 2302/2620/2743
f 2295/2613/2744 2294/2612/2745 2302/2620/2746 2304/2622/2747
f 2296/2614/2748 2295/2613/2749 2304/2622/2750 2305/2623/2751
f 2299/2617/2752 2298/2616/2753 2308/2626/2754 2311/2629/2755
f 2301/2619/2756 2299/2617/2757 2311/2629/2758 2313/2631/2759
f 2303/2621/2760 2301/2619/2761 2313/2631/2762 2315/2633/2763
f 2306/2624/2764 2303/2621/2765 2315/2633/2766
f 2249/2635/2767 2250/2636/2768 2254/2637/2769 2253/2638/2770
f 2250/2636/2771 2251/2639/2772 2255/2640/2773 2254/2637/2774
f 2251/2639/2775 2252/2641/2776 2256/2642/2777 2255/2640/2778
f 2252/2641/2779 2257/2643/2780 2256/2642/2781
f 2253/2638/2782 2254/2637/2783 2275/2644/2784 2274/2645/2785
f 2254/2637/2786 2255/2640/2787 2276/2646/2788 2275/2644/2789
f 2255/2640/2790 2256/2642/2791 2277/2647/2792 2276/2646/2793
f 2256/2642/2794 2257/2643/2795 2278/2648/2796 2277/2647/2797
f 2258/2649/2798 2259/2650/2799 2280/2651/2800 2279/2652/2801
f 2259/2650/2802 2260/2653/2803 2281/2654/2804 2280/2651/2805
f 2260/2653/2806 2261/2655/2807 2282/2656/2808 2281/2654/2809
f 2262/2657/2810 2267/2658/2811 2273/2659/2812
f 2263/2660/2813 2264/2661/2814 2269/2662/2815 2268/2663/2816
f 2264/2661/2817 2265/2664/2818 2270/2665/2819 2269/2662/2820
f 2265/2664/2821 2266/2666/2822 2271/2667/2823 2270/2665/2824
f 2273/2659/2825 2267/2658/2826 2272/2668/2827
f 2261/2655/2828 2262/2657/2829 2273/2659/2830
f 2266/2666/2831 2273/2659/2832 2272/2668/2833 2271/2667/2834
f 2261/2655/2835 2273/2659/2836 2282/2656/2837
f 2275/2644/2838 2259/2650/2839 2258/2649/2840 2274/2645/2841
f 2276/2646/2842 2260/2653/2843 2259/2650/2844 2275/2644/2845
f 2277/2647/2846 2261/2655/2847 2260/2653/2848 2276/2646/2849
f 2278/2648/2850 2262/2657/2851 2261/2655/2852 2277/2647/2853
f 2280/2651/2854 2264/2661/2855 2263/2660/2856 2279/2652/2857
f 2281/2654/2858 2265/2664/2859 2264/2661/2860 2280/2651/2861
f 2282/2656/2862 2266/2666/2863 2265/2664/2864 2281/2654/2865
f 2273/2659/2866 2266/2666/2867 2282/2656/2868
f 2249/2669/2869 2253/2670/2870 2284/2671/2871 2283/2672/2872
f 2250/2673/2873 2249/2674/2874 2283/2675/2875 2286/2676/2876
f 2251/2677/2877 2250/2673/2878 2286/2676/2879 2288/2678/2880
f 2252/2679/2881 2251/2677/2882 2288/2678/2883 2290/2680/2884
f 2257/2681/2885 2252/2682/2886 2290/2683/2887 2291/2684/2888
f 2253/2670/2889 2274/2685/2890 2292/2686/2891 2284/2671/2892
f 2278/2687/2893 2257/2681/2894 2291/2684/2895 2296/2688/2896
f 2258/2689/2897 2279/2690/2898 2298/2691/2899 2297/2692/2900
f 2267/2693/2901 2262/2694/2902 2305/2695/2903 2307/2696/2904
f 2263/2697/2905 2268/2698/2906 2309/2699/2907 2308/2700/2908
f 2268/2701/2909 2269/2702/2910 2310/2703/2911 2309/2704/2912
f 2269/2702/2913 2270/2705/2914 2312/2706/2915 2310/2703/2916
f 2270/2705/2917 2271/2707/2918 2314/2708/2919 2312/2706/2920
f 2272/2709/2921 2267/2693/2922 2307/2696/2923 2316/2710/2924
f 2271/2707/2925 2272/2711/2926 2316/2712/2927 2314/2708/2928
f 2274/2685/2929 2258/2689/2930 2297/2692/2931 2292/2686/2932
f 2262/2694/2933 2278/2687/2934 2296/2688/2935 2305/2695/2936
f 2279/2690/2937 2263/2697/2938 2308/2700/2939 2298/2691/2940
f 2351/2713/2941 2352/2714/2942 2353/2715/2943 2354/2716/2944
f 2354/2716/2945 2353/2715/2946 2355/2717/2947 2356/2718/2948
f 2356/2718/2949 2355/2717/2950 2357/2719/2951 2358/2720/2952
f 2358/2720/2953 2357/2719/2954 2359/2721/2955
f 2352/2714/2956 2360/2722/2957 2361/2723/2958 2353/2715/2959
f 2353/2715/2960 2361/2723/2961 2362/2724/2962 2355/2717/2963
f 2355/2717/2964 2362/2724/2965 2363/2725/2966 2357/2719/2967
f 2357/2719/2968 2363/2725/2969 2364/2726/2970 2359/2721/2971
f 2365/2727/2972 2366/2728/2973 2367/2729/2974 2368/2730/2975
f 2368/2730/2976 2367/2729/2977 2369/2731/2978 2370/2732/2979
f 2370/2732/2980 2369/2731/2981 2371/2733/2982 2372/2734/2983
f 2373/2735/2984 2374/2736/2985 2375/2737/2986
f 2376/2738/2987 2377/2739/2988 2378/2740/2989 2379/2741/2990
f 2379/2741/2991 2378/2740/2992 2380/2742/2993 2381/2743/2994
f 2381/2743/2995 2380/2742/2996 2382/2744/2997 2383/2745/2998
f 2374/2736/2999 2384/2746/3000 2375/2737/3001
f 2372/2734/3002 2374/2736/3003 2373/2735/3004
f 2383/2745/3005 2382/2744/3006 2384/2746/3007 2374/2736/3008
f 2372/2734/3009 2371/2733/3010 2374/2736/3011
f 2361/2723/3012 2360/2722/3013 2365/2727/3014 2368/2730/3015
f 2362/2724/3016 2361/2723/3017 2368/2730/3018 2370/2732/3019
f 2363/2725/3020 2362/2724/3021 2370/2732/3022 2372/2734/3023
f 2364/2726/3024 2363/2725/3025 2372/2734/3026 2373/2735/3027
f 2367/2729/3028 2366/2728/3029 2376/2738/3030 2379/2741/3031
f 2369/2731/3032 2367/2729/3033 2379/2741/3034 2381/2743/3035
f 2371/2733/3036 2369/2731/3037 2381/2743/3038 2383/2745/3039
f 2374/2736/3040 2371/2733/3041 2383/2745/3042
f 2317/2747/3043 2318/2748/3044 2322/2749/3045 2321/2750/3046
f 2318/2748/3047 2319/2751/3048 2323/2752/3049 2322/2749/3050
f 2319/2751/3051 2320/2753/3052 2324/2754/3053 2323/2752/3054
f 2320/2753/3055 2325/2755/3056 2324/2754/3057
f 2321/2750/3058 2322/2749/3059 2343/2756/3060 2342/2757/3061
f 2322/2749/3062 2323/2752/3063 2344/2758/3064 2343/2756/3065
f 2323/2752/3066 2324/2754/3067 2345/2759/3068 2344/2758/3069
f 2324/2754/3070 2325/2755/3071 2346/2760/3072 2345/2759/3073
f 2326/2761/3074 2327/2762/3075 2348/2763/3076 2347/2764/3077
f 2327/2762/3078 2328/2765/3079 2349/2766/3080 2348/2763/3081
f 2328/2765/3082 2329/2767/3083 2350/2768/3084 2349/2766/3085
f 2330/2769/3086 2335/2770/3087 2341/2771/3088
f 2331/2772/3089 2332/2773/3090 2337/2774/3091 2336/2775/3092
f 2332/2773/3093 2333/2776/3094 2338/2777/3095 2337/2774/3096
f 2333/2776/3097 2334/2778/3098 2339/2779/3099 2338/2777/3100
f 2341/2771/3101 2335/2770/3102 2340/2780/3103
f 2329/2767/3104 2330/2769/3105 2341/2771/3106
f 2334/2778/3107 2341/2771/3108 2340/2780/3109 2339/2779/3110
f 2329/2767/3111 2341/2771/3112 2350/2768/3113
f 2343/2756/3114 2327/2762/3115 2326/2761/3116 2342/2757/3117
f 2344/2758/3118 2328/2765/3119 2327/2762/3120 2343/2756/3121
f 2345/2759/3122 2329/2767/3123 2328/2765/3124 2344/2758/3125
f 2346/2760/3126 2330/2769/3127 2329/2767/3128 2345/2759/3129
f 2348/2763/3130 2332/2773/3131 2331/2772/3132 2347/2764/3133
f 2349/2766/3134 2333/2776/3135 2332/2773/3136 2348/2763/3137
f 2350/2768/3138 2334/2778/3139 2333/2776/3140 2349/2766/3141
f 2341/2771/3142 2334/2778/3143 2350/2768/3144
f 2317/2781/3145 2321/2782/3146 2352/2783/3147 2351/2784/3148
f 2318/2785/3149 2317/2786/3150 2351/2787/3151 2354/2788/3152
f 2319/2789/3153 2318/2785/3154 2354/2788/3155 2356/2790/3156
f 2320/2791/3157 2319/2789/3158 2356/2790/3159 2358/2792/3160
f 2325/2793/3161 2320/2794/3162 2358/2795/3163 2359/2796/3164
f 2321/2782/3165 2342/2797/3166 2360/2798/3167 2352/2783/3168
f 2346/2799/3169 2325/2793/3170 2359/2796/3171 2364/2800/3172
f 2326/2801/3173 2347/2802/3174 2366/2803/3175 2365/2804/3176
f 2335/2805/3177 2330/2806/3178 2373/2807/3179 2375/2808/3180
f 2331/2809/3181 2336/2810/3182 2377/2811/3183 2376/2812/3184
f 2336/2813/3185 2337/2814/3186 2378/2815/3187 2377/2816/3188
f 2337/2814/3189 2338/2817/3190 2380/2818/3191 2378/2815/3192
f 2338/2817/3193 2339/2819/3194 2382/2820/3195 2380/2818/3196
f 2340/2821/3197 2335/2805/3198 2375/2808/3199 2384/2822/3200
f 2339/2819/3201 2340/2823/3202 2384/2824/3203 2382/2820/3204
f 2342/2797/3205 2326/2801/3206 2365/2804/3207 2360/2798/3208
f 2330/2806/3209 2346/2799/3210 2364/2800/3211 2373/2807/3212
f 2347/2802/3213 2331/2809/3214 2376/2812/3215 2366/2803/3216
f 2419/2825/3217 2420/2826/3218 2421/2827/3219 2422/2828/3220
f 2422/2828/3221 2421/2827/3222 2423/2829/3223 2424/2830/3224
f 2424/2830/3225 2423/2829/3226 2425/2831/3227 2426/2832/3228
f 2426/2832/3229 2425/2831/3230 2427/2833/3231
f 2420/2826/3232 2428/2834/3233 2429/2835/3234 2421/2827/3235
f 2421/2827/3236 2429/2835/3237 2430/2836/3238 2423/2829/3239
f 2423/2829/3240 2430/2836/3241 2431/2837/3242 2425/2831/3243
f 2425/2831/3244 2431/2837/3245 2432/2838/3246 2427/2833/3247
f 2433/2839/3248 2434/2840/3249 2435/2841/3250 2436/2842/3251
f 2436/2842/3252 2435/2841/3253 2437/2843/3254 2438/2844/3255
f 2438/2844/3256 2437/2843/3257 2439/2845/3258 2440/2846/3259
f 2441/2847/3260 2442/2848/3261 2443/2849/3262
f 2444/2850/3263 2445/2851/3264 2446/2852/3265 2447/2853/3266
f 2447/2853/3267 2446/2852/3268 2448/2854/3269 2449/2855/3270
f 2449/2855/3271 2448/2854/3272 2450/2856/3273 2451/2857/3274
f 2442/2848/3275 2452/2858/3276 2443/2849/3277
f 2440/2846/3278 2442/2848/3279 2441/2847/3280
f 2451/2857/3281 2450/2856/3282 2452/2858/3283 2442/2848/3284
f 2440/2846/3285 2439/2845/3286 2442/2848/3287
f 2429/2835/3288 2428/2834/3289 2433/2839/3290 2436/2842/3291
f 2430/2836/3292 2429/2835/3293 2436/2842/3294 2438/2844/3295
f 2431/2837/3296 2430/2836/3297 2438/2844/3298 2440/2846/3299
f 2432/2838/3300 2431/2837/3301 2440/2846/3302 2441/2847/3303
f 2435/2841/3304 2434/2840/3305 2444/2850/3306 2447/2853/3307
f 2437/2843/3308 2435/2841/3309 2447/2853/3310 2449/2855/3311
f 2439/2845/3312 2437/2843/3313 2449/2855/3314 2451/2857/3315
f 2442/2848/3316 2439/2845/3317 2451/2857/3318
f 2385/2859/3319 2386/2860/3320 2390/2861/3321 2389/2862/3322
f 2386/2860/3323 2387/2863/3324 2391/2864/3325 2390/2861/3326
f 2387/2863/3327 2388/2865/3328 2392/2866/3329 2391/2864/3330
f 2388/2865/3331 2393/2867/3332 2392/2866/3333
f 2389/2862/3334 2390/2861/3335 2411/2868/3336 2410/2869/3337
f 2390/2861/3338 2391/2864/3339 2412/2870/3340 2411/2868/3341
f 2391/2864/3342 2392/2866/3343 2413/2871/3344 2412/2870/3345
f 2392/2866/3346 2393/2867/3347 2414/2872/3348 2413/2871/3349
f 2394/2873/3350 2395/2874/3351 2416/2875/3352 2415/2876/3353
f 2395/2874/3354 2396/2877/3355 2417/2878/3356 2416/2875/3357
f 2396/2877/3358 2397/2879/3359 2418/2880/3360 2417/2878/3361
f 2398/2881/3362 2403/2882/3363 2409/2883/3364
f 2399/2884/3365 2400/2885/3366 2405/2886/3367 2404/2887/3368
f 2400/2885/3369 2401/2888/3370 2406/2889/3371 2405/2886/3372
f 2401/2888/3373 2402/2890/3374 2407/2891/3375 2406/2889/3376
f 2409/2883/3377 2403/2882/3378 2408/2892/3379
f 2397/2879/3380 2398/2881/3381 2409/2883/3382
f 2402/2890/3383 2409/2883/3384 2408/2892/3385 2407/2891/3386
f 2397/2879/3387 2409/2883/3388 2418/2880/3389
f 2411/2868/3390 2395/2874/3391 2394/2873/3392 2410/2869/3393
f 2412/2870/3394 2396/2877/3395 2395/2874/3396 2411/2868/3397
f 2413/2871/3398 2397/2879/3399 2396/2877/3400 2412/2870/3401
f 2414/2872/3402 2398/2881/3403 2397/2879/3404 2413/2871/3405
f 2416/2875/3406 2400/2885/3407 2399/2884/3408 2415/2876/3409
f 2417/2878/3410 2401/2888/3411 2400/2885/3412 2416/2875/3413
f 2418/2880/3414 2402/2890/3415 2401/2888/3416 2417/2878/3417
f 2409/2883/3418 2402/2890/3419 2418/2880/3420
f 2385/2893/3421 2389/2894/3422 2420/2895/3423 2419/2896/3424
f 2386/2897/3425 2385/2898/3426 2419/2899/3427 2422/2900/3428
f 2387/2901/3429 2386/2897/3430 2422/2900/3431 2424/2902/3432
f 2388/2903/3433 2387/2901/3434 2424/2902/3435 2426/2904/3436
f 2393/2905/3437 2388/2906/3438 2426/2907/3439 2427/2908/3440
f 2389/2894/3441 2410/2909/3442 2428/2910/3443 2420/2895/3444
f 2414/2911/3445 2393/2905/3446 2427/2908/3447 2432/2912/3448
f 2394/2913/3449 2415/2914/3450 2434/2915/3451 2433/2916/3452
f 2403/2917/3453 2398/2918/3454 2441/2919/3455 2443/2920/3456
f 2399/2921/3457 2404/2922/3458 2445/2923/3459 2444/2924/3460
f 2404/2925/3461 2405/2926/3462 2446/2927/3463 2445/2928/3464
f 2405/2926/3465 2406/2929/3466 2448/2930/3467 2446/2927/3468
f 2406/2929/3469 2407/2931/3470 2450/2932/3471 2448/2930/3472
f 2408/2933/3473 2403/2917/3474 2443/2920/3475 2452/2934/3476
f 2407/2931/3477 2408/2935/3478 2452/2936/3479 2450/2932/3480
f 2410/2909/3481 2394/2913/3482 2433/2916/3483 2428/2910/3484
f 2398/2918/3485 2414/2911/3486 2432/2912/3487 2441/2919/3488
f 2415/2914/3489 2399/2921/3490 2444/2924/3491 2434/2915/3492
f 2487/2937/3493 2488/2938/3494 2489/2939/3495 2490/2940/3496
f 2490/2940/3497 2489/2939/3498 2491/2941/3499 2492/2942/3500
f 2492/2942/3501 2491/2941/3502 2493/2943/3503 2494/2944/3504
f 2494/2944/3505 2493/2943/3506 2495/2945/3507
f 2488/2938/3508 2496/2946/3509 2497/2947/3510 2489/2939/3511
f 2489/2939/3512 2497/2947/3513 2498/2948/3514 2491/2941/3515
f 2491/2941/3516 2498/2948/3517 2499/2949/3518 2493/2943/3519
f 2493/2943/3520 2499/2949/3521 2500/2950/3522 2495/2945/3523
f 2501/2951/3524 2502/2952/3525 2503/2953/3526 2504/2954/3527
f 2504/2954/3528 2503/2953/3529 2505/2955/3530 2506/2956/3531
f 2506/2956/3532 2505/2955/3533 2507/2957/3534 2508/2958/3535
f 2509/2959/3536 2510/2960/3537 2511/2961/3538
f 2512/2962/3539 2513/2963/3540 2514/2964/3541 2515/2965/3542
f 2515/2965/3543 2514/2964/3544 2516/2966/3545 2517/2967/3546
f 2517/2967/3547 2516/2966/3548 2518/2968/3549 2519/2969/3550
f 2510/2960/3551 2520/2970/3552 2511/2961/3553
f 2508/2958/3554 2510/2960/3555 2509/2959/3556
f 2519/2969/3557 2518/2968/3558 2520/2970/3559 2510/2960/3560
f 2508/2958/3561 2507/2957/3562 2510/2960/3563
f 2497/2947/3564 2496/2946/3565 2501/2951/3566 2504/2954/3567
f 2498/2948/3568 2497/2947/3569 2504/2954/3570 2506/2956/3571
f 2499/2949/3572 2498/2948/3573 2506/2956/3574 2508/2958/3575
f 2500/2950/3576 2499/2949/3577 2508/2958/3578 2509/2959/3579
f 2503/2953/3580 2502/2952/3581 2512/2962/3582 2515/2965/3583
f 2505/2955/3584 2503/2953/3585 2515/2965/3586 2517/2967/3587
f 2507/2957/3588 2505/2955/3589 2517/2967/3590 2519/2969/3591
f 2510/2960/3592 2507/2957/3593 2519/2969/3594
f 2453/2971/3595 2454/2972/3596 2458/2973/3597 2457/2974/3598
f 2454/2972/3599 2455/2975/3600 2459/2976/3601 2458/2973/3602
f 2455/2975/3603 2456/2977/3604 2460/2978/3605 2459/2976/3606
f 2456/2977/3607 2461/2979/3608 2460/2978/3609
f 2457/2974/3610 2458/2973/3611 2479/2980/3612 2478/2981/3613
f 2458/2973/3614 2459/2976/3615 2480/2982/3616 2479/2980/3617
f 2459/2976/3618 2460/2978/3619 2481/2983/3620 2480/2982/3621
f 2460/2978/3622 2461/2979/3623 2482/2984/3624 2481/2983/3625
f 2462/2985/3626 2463/2986/3627 2484/2987/3628 2483/2988/3629
f 2463/2986/3630 2464/2989/3631 2485/2990/3632 2484/2987/3633
f 2464/2989/3634 2465/2991/3635 2486/2992/3636 2485/2990/3637
f 2466/2993/3638 2471/2994/3639 2477/2995/3640
f 2467/2996/3641 2468/2997/3642 2473/2998/3643 2472/2999/3644
f 2468/2997/3645 2469/3000/3646 2474/3001/3647 2473/2998/3648
f 2469/3000/3649 2470/3002/3650 2475/3003/3651 2474/3001/3652
f 2477/2995/3653 2471/2994/3654 2476/3004/3655
f 2465/2991/3656 2466/2993/3657 2477/2995/3658
f 2470/3002/3659 2477/2995/3660 2476/3004/3661 2475/3003/3662
f 2465/2991/3663 2477/2995/3664 2486/2992/3665
f 2479/2980/3666 2463/2986/3667 2462/2985/3668 2478/2981/3669
f 2480/2982/3670 2464/2989/3671 2463/2986/3672 2479/2980/3673
f 2481/2983/3674 2465/2991/3675 2464/2989/3676 2480/2982/3677
f 2482/2984/3678 2466/2993/3679 2465/2991/3680 2481/2983/3681
f 2484/2987/3682 2468/2997/3683 2467/2996/3684 2483/2988/3685
f 2485/2990/3686 2469/3000/3687 2468/2997/3688 2484/2987/3689
f 2486/2992/3690 2470/3002/3691 2469/3000/3692 2485/2990/3693
f 2477/2995/3694 2470/3002/3695 2486/2992/3696
f 2453/3005/3697 2457/3006/3698 2488/3007/3699 2487/3008/3700
f 2454/3009/3701 2453/3010/3702 2487/3011/3703 2490/3012/3704
f 2455/3013/3705 2454/3009/3706 2490/3012/3707 2492/3014/3708
f 2456/3015/3709 2455/3013/3710 2492/3014/3711 2494/3016/3712
f 2461/3017/3713 2456/3018/3714 2494/3019/3715 2495/3020/3716
f 2457/3006/3717 2478/3021/3718 2496/3022/3719 2488/3007/3720
f 2482/3023/3721 2461/3017/3722 2495/3020/3723 2500/3024/3724
f 2462/3025/3725 2483/3026/3726 2502/3027/3727 2501/3028/3728
f 2471/3029/3729 2466/3030/3730 2509/3031/3731 2511/3032/3732
f 2467/3033/3733 2472/3034/3734 2513/3035/3735 2512/3036/3736
f 2472/3037/3737 2473/3038/3738 2514/3039/3739 2513/3040/3740
f 2473/3038/3741 2474/3041/3742 2516/3042/3743 2514/3039/3744
f 2474/3041/3745 2475/3043/3746 2518/3044/3747 2516/3042/3748
f 2476/3045/3749 2471/3029/3750 2511/3032/3751 2520/3046/3752
f 2475/3043/3753 2476/3047/3754 2520/3048/3755 2518/3044/3756
f 2478/3021/3757 2462/3025/3758 2501/3028/3759 2496/3022/3760
f 2466/3030/3761 2482/3023/3762 2500/3024/3763 2509/3031/3764
f 2483/3026/3765 2467/3033/3766 2512/3036/3767 2502/3027/3768
f 2555/3049/3769 2556/3050/3770 2557/3051/3771 2558/3052/3772
f 2558/3052/3773 2557/3051/3774 2559/3053/3775 2560/3054/3776
f 2560/3054/3777 2559/3053/3778 2561/3055/3779 2562/3056/3780
f 2562/3056/3781 2561/3055/3782 2563/3057/3783
f 2556/3050/3784 2564/3058/3785 2565/3059/3786 2557/3051/3787
f 2557/3051/3788 2565/3059/3789 2566/3060/3790 2559/3053/3791
f 2559/3053/3792 2566/3060/3793 2567/3061/3794 2561/3055/3795
f 2561/3055/3796 2567/3061/3797 2568/3062/3798 2563/3057/3799
f 2569/3063/3800 2570/3064/3801 2571/3065/3802 2572/3066/3803
f 2572/3066/3804 2571/3065/3805 2573/3067/3806 2574/3068/3807
f 2574/3068/3808 2573/3067/3809 2575/3069/3810 2576/3070/3811
f 2577/3071/3812 2578/3072/3813 2579/3073/3814
f 2580/3074/3815 2581/3075/3816 2582/3076/3817 2583/3077/3818
f 2583/3077/3819 2582/3076/3820 2584/3078/3821 2585/3079/3822
f 2585/3079/3823 2584/3078/3824 2586/3080/3825 2587/3081/3826
f 2578/3072/3827 2588/3082/3828 2579/3073/3829
f 2576/3070/3830 2578/3072/3831 2577/3071/3832
f 2587/3081/3833 2586/3080/3834 2588/3082/3835 2578/3072/3836
f 2576/3070/3837 2575/3069/3838 2578/3072/3839
f 2565/3059/3840 2564/3058/3841 2569/3063/3842 2572/3066/3843
f 2566/3060/3844 2565/3059/3845 2572/3066/3846 2574/3068/3847
f 2567/3061/3848 2566/3060/3849 2574/3068/3850 2576/3070/3851
f 2568/3062/3852 2567/3061/3853 2576/3070/3854 2577/3071/3855
f 2571/3065/3856 2570/3064/3857 2580/3074/3858 2583/3077/3859
f 2573/3067/3860 2571/3065/3861 2583/3077/3862 2585/3079/3863
f 2575/3069/3864 2573/3067/3865 2585/3079/3866 2587/3081/3867
f 2578/3072/3868 2575/3069/3869 2587/3081/3870
f 2521/3083/3871 2522/3084/3872 2526/3085/3873 2525/3086/3874
f 2522/3084/3875 2523/3087/3876 2527/3088/3877 2526/3085/3878
f 2523/3087/3879 2524/3089/3880 2528/3090/3881 2527/3088/3882
f 2524/3089/3883 2529/3091/3884 2528/3090/3885
f 2525/3086/3886 2526/3085/3887 2547/3092/3888 2546/3093/3889
f 2526/3085/3890 2527/3088/3891 2548/3094/3892 2547/3092/3893
f 2527/3088/3894 2528/3090/3895 2549/3095/3896 2548/3094/3897
f 2528/3090/3898 2529/3091/3899 2550/3096/3900 2549/3095/3901
f 2530/3097/3902 2531/3098/3903 2552/3099/3904 2551/3100/3905
f 2531/3098/3906 2532/3101/3907 2553/3102/3908 2552/3099/3909
f 2532/3101/3910 2533/3103/3911 2554/3104/3912 2553/3102/3913
f 2534/3105/3914 2539/3106/3915 2545/3107/3916
f 2535/3108/3917 2536/3109/3918 2541/3110/3919 2540/3111/3920
f 2536/3109/3921 2537/3112/3922 2542/3113/3923 2541/3110/3924
f 2537/3112/3925 2538/3114/3926 2543/3115/3927 2542/3113/3928
f 2545/3107/3929 2539/3106/3930 2544/3116/3931
f 2533/3103/3932 2534/3105/3933 2545/3107/3934
f 2538/3114/3935 2545/3107/3936 2544/3116/3937 2543/3115/3938
f 2533/3103/3939 2545/3107/3940 2554/3104/3941
f 2547/3092/3942 2531/3098/3943 2530/3097/3944 2546/3093/3945
f 2548/3094/3946 2532/3101/3947 2531/3098/3948 2547/3092/3949
f 2549/3095/3950 2533/3103/3951 2532/3101/3952 2548/3094/3953
f 2550/3096/3954 2534/3105/3955 2533/3103/3956 2549/3095/3957
f 2552/3099/3958 2536/3109/3959 2535/3108/3960 2551/3100/3961
f 2553/3102/3962 2537/3112/3963 2536/3109/3964 2552/3099/3965
f 2554/3104/3966 2538/3114/3967 2537/3112/3968 2553/3102/3969
f 2545/3107/3970 2538/3114/3971 2554/3104/3972
f 2521/3117/3973 2525/3118/3974 2556/3119/3975 2555/3120/3976
f 2522/3121/3977 2521/3122/3978 2555/3123/3979 2558/3124/3980
f 2523/3125/3981 2522/3121/3982 2558/3124/3983 2560/3126/3984
f 2524/3127/3985 2523/3125/3986 2560/3126/3987 2562/3128/3988
f 2529/3129/3989 2524/3130/3990 2562/3131/3991 2563/3132/3992
f 2525/3118/3993 2546/3133/3994 2564/3134/3995 2556/3119/3996
f 2550/3135/3997 2529/3129/3998 2563/3132/3999 2568/3136/4000
f 2530/3137/4001 2551/3138/4002 2570/3139/4003 2569/3140/4004
f 2539/3141/4005 2534/3142/4006 2577/3143/4007 2579/3144/4008
f 2535/3145/4009 2540/3146/4010 2581/3147/4011 2580/3148/4012
f 2540/3149/4013 2541/3150/4014 2582/3151/4015 2581/3152/4016
f 2541/3150/4017 2542/3153/4018 2584/3154/4019 2582/3151/4020
f 2542/3153/4021 2543/3155/4022 2586/3156/4023 2584/3154/4024
f 2544/3157/4025 2539/3141/4026 2579/3144/4027 2588/3158/4028
f 2543/3155/4029 2544/3159/4030 2588/3160/4031 2586/3156/4032
f 2546/3133/4033 2530/3137/4034 2569/3140/4035 2564/3134/4036
f 2534/3142/4037 2550/3135/4038 2568/3136/4039 2577/3143/4040
f 2551/3138/4041 2535/3145/4042 2580/3148/4043 2570/3139/4044
f 2623/3161/4045 2624/3162/4046 2625/3163/4047 2626/3164/4048
f 2626/3164/4049 2625/3163/4050 2627/3165/4051 2628/3166/4052
f 2628/3166/4053 2627/3165/4054 2629/3167/4055 2630/3168/4056
f 2630/3168/4057 2629/3167/4058 2631/3169/4059
f 2624/3162/4060 2632/3170/4061 2633/3171/4062 2625/3163/4063
f 2625/3163/4064 2633/3171/4065 2634/3172/4066 2627/3165/4067
f 2627/3165/4068 2634/3172/4069 2635/3173/4070 2629/3167/4071
f 2629/3167/4072 2635/3173/4073 2636/3174/4074 2631/3169/4075
f 2637/3175/4076 2638/3176/4077 2639/3177/4078 2640/3178/4079
f 2640/3178/4080 2639/3177/4081 2641/3179/4082 2642/3180/4083
f 2642/3180/4084 2641/3179/4085 2643/3181/4086 2644/3182/4087
f 2645/3183/4088 2646/3184/4089 2647/3185/4090
f 2648/3186/4091 2649/3187/4092 2650/3188/4093 2651/3189/4094
f 2651/3189/4095 2650/3188/4096 2652/3190/4097 2653/3191/4098
f 2653/3191/4099 2652/3190/4100 2654/3192/4101 2655/3193/4102
f 2646/3184/4103 2656/3194/4104 2647/3185/4105
f 2644/3182/4106 2646/3184/4107 2645/3183/4108
f 2655/3193/4109 2654/3192/4110 2656/3194/4111 2646/3184/4112
f 2644/3182/4113 2643/3181/4114 2646/3184/4115
f 2633/3171/4116 2632/3170/4117 2637/3175/4118 2640/3178/4119
f 2634/3172/4120 2633/3171/4121 2640/3178/4122 2642/3180/4123
f 2635/3173/4124 2634/3172/4125 2642/3180/4126 2644/3182/4127
f 2636/3174/4128 2635/3173/4129 2644/3182/4130 2645/3183/4131
f 2639/3177/4132 2638/3176/4133 2648/3186/4134 2651/3189/4135
f 2641/3179/4136 2639/3177/4137 2651/3189/4138 2653/3191/4139
f 2643/3181/4140 2641/3179/4141 2653/3191/4142 2655/3193/4143
f 2646/3184/4144 2643/3181/4145 2655/3193/4146
f 2589/3195/4147 2590/3196/4148 2594/3197/4149 2593/3198/4150
f 2590/3196/4151 2591/3199/4152 2595/3200/4153 2594/3197/4154
f 2591/3199/4155 2592/3201/4156 2596/3202/4157 2595/3200/4158
f 2592/3201/4159 2597/3203/4160 2596/3202/4161
f 2593/3198/4162 2594/3197/4163 2615/3204/4164 2614/3205/4165
f 2594/3197/4166 2595/3200/4167 2616/3206/4168 2615/3204/4169
f 2595/3200/4170 2596/3202/4171 2617/3207/4172 2616/3206/4173
f 2596/3202/4174 2597/3203/4175 2618/3208/4176 2617/3207/4177
f 2598/3209/4178 2599/3210/4179 2620/3211/4180 2619/3212/4181
f 2599/3210/4182 2600/3213/4183 2621/3214/4184 2620/3211/4185
f 2600/3213/4186 2601/3215/4187 2622/3216/4188 2621/3214/4189
f 2602/3217/4190 2607/3218/4191 2613/3219/4192
f 2603/3220/4193 2604/3221/4194 2609/3222/4195 2608/3223/4196
f 2604/3221/4197 2605/3224/4198 2610/3225/4199 2609/3222/4200
f 2605/3224/4201 2606/3226/4202 2611/3227/4203 2610/3225/4204
f 2613/3219/4205 2607/3218/4206 2612/3228/4207
f 2601/3215/4208 2602/3217/4209 2613/3219/4210
f 2606/3226/4211 2613/3219/4212 2612/3228/4213 2611/3227/4214
f 2601/3215/4215 2613/3219/4216 2622/3216/4217
f 2615/3204/4218 2599/3210/4219 2598/3209/4220 2614/3205/4221
f 2616/3206/4222 2600/3213/4223 2599/3210/4224 2615/3204/4225
f 2617/3207/4226 2601/3215/4227 2600/3213/4228 2616/3206/4229
f 2618/3208/4230 2602/3217/4231 2601/3215/4232 2617/3207/4233
f 2620/3211/4234 2604/3221/4235 2603/3220/4236 2619/3212/4237
f 2621/3214/4238 2605/3224/4239 2604/3221/4240 2620/3211/4241
f 2622/3216/4242 2606/3226/4243 2605/3224/4244 2621/3214/4245
f 2613/3219/4246 2606/3226/4247 2622/3216/4248
f 2589/3229/4249 2593/3230/4250 2624/3231/4251 2623/3232/4252
f 2590/3233/4253 2589/3234/4254 2623/3235/4255 2626/3236/4256
f 2591/3237/4257 2590/3233/4258 2626/3236/4259 2628/3238/4260
f 2592/3239/4261 2591/3237/4262 2628/3238/4263 2630/3240/4264
f 2597/3241/4265 2592/3242/4266 2630/3243/4267 2631/3244/4268
f 2593/3230/4269 2614/3245/4270 2632/3246/4271 2624/3231/4272
f 2618/3247/4273 2597/3241/4274 2631/3244/4275 2636/3248/4276
f 2598/3249/4277 2619/3250/4278 2638/3251/4279 2637/3252/4280
f 2607/3253/4281 2602/3254/4282 2645/3255/4283 2647/3256/4284
f 2603/3257/4285 2608/3258/4286 2649/3259/4287 2648/3260/4288
f 2608/3261/4289 2609/3262/4290 2650/3263/4291 2649/3264/4292
f 2609/3262/4293 2610/3265/4294 2652/3266/4295 2650/3263/4296
f 2610/3265/4297 2611/3267/4298 2654/3268/4299 2652/3266/4300
f 2612/3269/4301 2607/3253/4302 2647/3256/4303 2656/3270/4304
f 2611/3267/4305 2612/3271/4306 2656/3272/4307 2654/3268/4308
f 2614/3245/4309 2598/3249/4310 2637/3252/4311 2632/3246/4312
f 2602/3254/4313 2618/3247/4314 2636/3248/4315 2645/3255/4316
f 2619/3250/4317 2603/3257/4318 2648/3260/4319 2638/3251/4320
f 2691/3273/4321 2692/3274/4322 2693/3275/4323 2694/3276/4324
f 2694/3276/4325 2693/3275/4326 2695/3277/4327 2696/3278/4328
f 2696/3278/4329 2695/3277/4330 2697/3279/4331 2698/3280/4332
f 2698/3280/4333 2697/3279/4334 2699/3281/4335
f 2692/3274/4336 2700/3282/4337 2701/3283/4338 2693/3275/4339
f 2693/3275/4340 2701/3283/4341 2702/3284/4342 2695/3277/4343
f 2695/3277/4344 2702/3284/4345 2703/3285/4346 2697/3279/4347
f 2697/3279/4348 2703/3285/4349 2704/3286/4350 2699/3281/4351
f 2705/3287/4352 2706/3288/4353 2707/3289/4354 2708/3290/4355
f 2708/3290/4356 2707/3289/4357 2709/3291/4358 2710/3292/4359
f 2710/3292/4360 2709/3291/4361 2711/3293/4362 2712/3294/4363
f 2713/3295/4364 2714/3296/4365 2715/3297/4366
f 2716/3298/4367 2717/3299/4368 2718/3300/4369 2719/3301/4370
f 2719/3301/4371 2718/3300/4372 2720/3302/4373 2721/3303/4374
f 2721/3303/4375 2720/3302/4376 2722/3304/4377 2723/3305/4378
f 2714/3296/4379 2724/3306/4380 2715/3297/4381
f 2712/3294/4382 2714/3296/4383 2713/3295/4384
f 2723/3305/4385 2722/3304/4386 2724/3306/4387 2714/3296/4388
f 2712/3294/4389 2711/3293/4390 2714/3296/4391
f 2701/3283/4392 2700/3282/4393 2705/3287/4394 2708/3290/4395
f 2702/3284/4396 2701/3283/4397 2708/3290/4398 2710/3292/4399
f 2703/3285/4400 2702/3284/4401 2710/3292/4402 2712/3294/4403
f 2704/3286/4404 2703/3285/4405 2712/3294/4406 2713/3295/4407
f 2707/3289/4408 2706/3288/4409 2716/3298/4410 2719/3301/4411
f 2709/3291/4412 2707/3289/4413 2719/3301/4414 2721/3303/4415
f 2711/3293/4416 2709/3291/4417 2721/3303/4418 2723/3305/4419
f 2714/3296/4420 2711/3293/4421 2723/3305/4422
f 2657/3307/4423 2658/3308/4424 2662/3309/4425 2661/3310/4426
f 2658/3308/4427 2659/3311/4428 2663/3312/4429 2662/3309/4430
f 2659/3311/4431 2660/3313/4432 2664/3314/4433 2663/3312/4434
f 2660/3313/4435 2665/3315/4436 2664/3314/4437
f 2661/3310/4438 2662/3309/4439 2683/3316/4440 2682/3317/4441
f 2662/3309/4442 2663/3312/4443 2684/3318/4444 2683/3316/4445
f 2663/3312/4446 2664/3314/4447 2685/3319/4448 2684/3318/4449
f 2664/3314/4450 2665/3315/4451 2686/3320/4452 2685/3319/4453
f 2666/3321/4454 2667/3322/4455 2688/3323/4456 2687/3324/4457
f 2667/3322/4458 2668/3325/4459 2689/3326/4460 2688/3323/4461
f 2668/3325/4462 2669/3327/4463 2690/3328/4464 2689/3326/4465
f 2670/3329/4466 2675/3330/4467 2681/3331/4468
f 2671/3332/4469 2672/3333/4470 2677/3334/4471 2676/3335/4472
f 2672/3333/4473 2673/3336/4474 2678/3337/4475 2677/3334/4476
f 2673/3336/4477 2674/3338/4478 2679/3339/4479 2678/3337/4480
f 2681/3331/4481 2675/3330/4482 2680/3340/4483
f 2669/3327/4484 2670/3329/4485 2681/3331/4486
f 2674/3338/4487 2681/3331/4488 2680/3340/4489 2679/3339/4490
f 2669/3327/4491 2681/3331/4492 2690/3328/4493
f 2683/3316/4494 2667/3322/4495 2666/3321/4496 2682/3317/4497
f 2684/3318/4498 2668/3325/4499 2667/3322/4500 2683/3316/4501
f 2685/3319/4502 2669/3327/4503 2668/3325/4504 2684/3318/4505
f 2686/3320/4506 2670/3329/4507 2669/3327/4508 2685/3319/4509
f 2688/3323/4510 2672/3333/4511 2671/3332/4512 2687/3324/4513
f 2689/3326/4514 2673/3336/4515 2672/3333/4516 2688/3323/4517
f 2690/3328/4518 2674/3338/4519 2673/3336/4520 2689/3326/4521
f 2681/3331/4522 2674/3338/4523 2690/3328/4524
f 2657/3341/4525 2661/3342/4526 2692/3343/4527 2691/3344/4528
f 2658/3345/4529 2657/3346/4530 2691/3347/4531 2694/3348/4532
f 2659/3349/4533 2658/3345/4534 2694/3348/4535 2696/3350/4536
f 2660/3351/4537 2659/3349/4538 2696/3350/4539 2698/3352/4540
f 2665/3353/4541 2660/3354/4542 2698/3355/4543 2699/3356/4544
f 2661/3342/4545 2682/3357/4546 2700/3358/4547 2692/3343/4548
f 2686/3359/4549 2665/3353/4550 2699/3356/4551 2704/3360/4552
f 2666/3361/4553 2687/3362/4554 2706/3363/4555 2705/3364/4556
f 2675/3365/4557 2670/3366/4558 2713/3367/4559 2715/3368/4560
f 2671/3369/4561 2676/3370/4562 2717/3371/4563 2716/3372/4564
f 2676/3373/4565 2677/3374/4566 2718/3375/4567 2717/3376/4568
f 2677/3374/4569 2678/3377/4570 2720/3378/4571 2718/3375/4572
f 2678/3377/4573 2679/3379/4574 2722/3380/4575 2720/3378/4576
f 2680/3381/4577 2675/3365/4578 2715/3368/4579 2724/3382/4580
f 2679/3379/4581 2680/3383/4582 2724/3384/4583 2722/3380/4584
f 2682/3357/4585 2666/3361/4586 2705/3364/4587 2700/3358/4588
f 2670/3366/4589 2686/3359/4590 2704/3360/4591 2713/3367/4592
f 2687/3362/4593 2671/3369/4594 2716/3372/4595 2706/3363/4596
f 2759/3385/4597 2760/3386/4598 2761/3387/4599 2762/3388/4600
f 2762/3388/4601 2761/3387/4602 2763/3389/4603 2764/3390/4604
f 2764/3390/4605 2763/3389/4606 2765/3391/4607 2766/3392/4608
f 2766/3392/4609 2765/3391/4610 2767/3393/4611
f 2760/3386/4612 2768/3394/4613 2769/3395/4614 2761/3387/4615
f 2761/3387/4616 2769/3395/4617 2770/3396/4618 2763/3389/4619
f 2763/3389/4620 2770/3396/4621 2771/3397/4622 2765/3391/4623
f 2765/3391/4624 2771/3397/4625 2772/3398/4626 2767/3393/4627
f 2773/3399/4628 2774/3400/4629 2775/3401/4630 2776/3402/4631
f 2776/3402/4632 2775/3401/4633 2777/3403/4634 2778/3404/4635
f 2778/3404/4636 2777/3403/4637 2779/3405/4638 2780/3406/4639
f 2781/3407/4640 2782/3408/4641 2783/3409/4642
f 2784/3410/4643 2785/3411/4644 2786/3412/4645 2787/3413/4646
f 2787/3413/4647 2786/3412/4648 2788/3414/4649 2789/3415/4650
f 2789/3415/4651 2788/3414/4652 2790/3416/4653 2791/3417/4654
f 2782/3408/4655 2792/3418/4656 2783/3409/4657
f 2780/3406/4658 2782/3408/4659 2781/3407/4660
f 2791/3417/4661 2790/3416/4662 2792/3418/4663 2782/3408/4664
f 2780/3406/4665 2779/3405/4666 2782/3408/4667
f 2769/3395/4668 2768/3394/4669 2773/3399/4670 2776/3402/4671
f 2770/3396/4672 2769/3395/4673 2776/3402/4674 2778/3404/4675
f 2771/3397/4676 2770/3396/4677 2778/3404/4678 2780/3406/4679
f 2772/3398/4680 2771/3397/4681 2780/3406/4682 2781/3407/4683
f 2775/3401/4684 2774/3400/4685 2784/3410/4686 2787/3413/4687
f 2777/3403/4688 2775/3401/4689 2787/3413/4690 2789/3415/4691
f 2779/3405/4692 2777/3403/4693 2789/3415/4694 2791/3417/4695
f 2782/3408/4696 2779/3405/4697 2791/3417/4698
f 2725/3419/4699 2726/3420/4700 2730/3421/4701 2729/3422/4702
f 2726/3420/4703 2727/3423/4704 2731/3424/4705 2730/3421/4706
f 2727/3423/4707 2728/3425/4708 2732/3426/4709 2731/3424/4710
f 2728/3425/4711 2733/3427/4712 2732/3426/4713
f 2729/3422/4714 2730/3421/4715 2751/3428/4716 2750/3429/4717
f 2730/3421/4718 2731/3424/4719 2752/3430/4720 2751/3428/4721
f 2731/3424/4722 2732/3426/4723 2753/3431/4724 2752/3430/4725
f 2732/3426/4726 2733/3427/4727 2754/3432/4728 2753/3431/4729
f 2734/3433/4730 2735/3434/4731 2756/3435/4732 2755/3436/4733
f 2735/3434/4734 2736/3437/4735 2757/3438/4736 2756/3435/4737
f 2736/3437/4738 2737/3439/4739 2758/3440/4740 2757/3438/4741
f 2738/3441/4742 2743/3442/4743 2749/3443/4744
f 2739/3444/4745 2740/3445/4746 2745/3446/4747 2744/3447/4748
f 2740/3445/4749 2741/3448/4750 2746/3449/4751 2745/3446/4752
f 2741/3448/4753 2742/3450/4754 2747/3451/4755 2746/3449/4756
f 2749/3443/4757 2743/3442/4758 2748/3452/4759
f 2737/3439/4760 2738/3441/4761 2749/3443/4762
f 2742/3450/4763 2749/3443/4764 2748/3452/4765 2747/3451/4766
f 2737/3439/4767 2749/3443/4768 2758/3440/4769
f 2751/3428/4770 2735/3434/4771 2734/3433/4772 2750/3429/4773
f 2752/3430/4774 2736/3437/4775 2735/3434/4776 2751/3428/4777
f 2753/3431/4778 2737/3439/4779 2736/3437/4780 2752/3430/4781
f 2754/3432/4782 2738/3441/4783 2737/3439/4784 2753/3431/4785
f 2756/3435/4786 2740/3445/4787 2739/3444/4788 2755/3436/4789
f 2757/3438/4790 2741/3448/4791 2740/3445/4792 2756/3435/4793
f 2758/3440/4794 2742/3450/4795 2741/3448/4796 2757/3438/4797
f 2749/3443/4798 2742/3450/4799 2758/3440/4800
f 2725/3453/4801 2729/3454/4802 2760/3455/4803 2759/3456/4804
f 2726/3457/4805 2725/3458/4806 2759/3459/4807 2762/3460/4808
f 2727/3461/4809 2726/3457/4810 2762/3460/4811 2764/3462/4812
f 2728/3463/4813 2727/3461/4814 2764/3462/4815 2766/3464/4816
f 2733/3465/4817 2728/3466/4818 2766/3467/4819 2767/3468/4820
f 2729/3454/4821 2750/3469/4822 2768/3470/4823 2760/3455/4824
f 2754/3471/4825 2733/3465/4826 2767/3468/4827 2772/3472/4828
f 2734/3473/4829 2755/3474/4830 2774/3475/4831 2773/3476/4832
f 2743/3477/4833 2738/3478/4834 2781/3479/4835 2783/3480/4836
f 2739/3481/4837 2744/3482/4838 2785/3483/4839 2784/3484/4840
f 2744/3485/4841 2745/3486/4842 2786/3487/4843 2785/3488/4844
f 2745/3486/4845 2746/3489/4846 2788/3490/4847 2786/3487/4848
f 2746/3489/4849 2747/3491/4850 2790/3492/4851 2788/3490/4852
f 2748/3493/4853 2743/3477/4854 2783/3480/4855 2792/3494/4856
f 2747/3491/4857 2748/3495/4858 2792/3496/4859 2790/3492/4860
f 2750/3469/4861 2734/3473/4862 2773/3476/4863 2768/3470/4864
f 2738/3478/4865 2754/3471/4866 2772/3472/4867 2781/3479/4868
f 2755/3474/4869 2739/3481/4870 2784/3484/4871 2774/3475/4872
f 2827/3497/4873 2828/3498/4874 2829/3499/4875 2830/3500/4876
f 2830/3500/4877 2829/3499/4878 2831/3501/4879 2832/3502/4880
f 2832/3502/4881 2831/3501/4882 2833/3503/4883 2834/3504/4884
f 2834/3504/4885 2833/3503/4886 2835/3505/4887
f 2828/3498/4888 2836/3506/4889 2837/3507/4890 2829/3499/4891
f 2829/3499/4892 2837/3507/4893 2838/3508/4894 2831/3501/4895
f 2831/3501/4896 2838/3508/4897 2839/3509/4898 2833/3503/4899
f 2833/3503/4900 2839/3509/4901 2840/3510/4902 2835/3505/4903
f 2841/3511/4904 2842/3512/4905 2843/3513/4906 2844/3514/4907
f 2844/3514/4908 2843/3513/4909 2845/3515/4910 2846/3516/4911
f 2846/3516/4912 2845/3515/4913 2847/3517/4914 2848/3518/4915
f 2849/3519/4916 2850/3520/4917 2851/3521/4918
f 2852/3522/4919 2853/3523/4920 2854/3524/4921 2855/3525/4922
f 2855/3525/4923 2854/3524/4924 2856/3526/4925 2857/3527/4926
f 2857/3527/4927 2856/3526/4928 2858/3528/4929 2859/3529/4930
f 2850/3520/4931 2860/3530/4932 2851/3521/4933
f 2848/3518/4934 2850/3520/4935 2849/3519/4936
f 2859/3529/4937 2858/3528/4938 2860/3530/4939 2850/3520/4940
f 2848/3518/4941 2847/3517/4942 2850/3520/4943
f 2837/3507/4944 2836/3506/4945 2841/3511/4946 2844/3514/4947
f 2838/3508/4948 2837/3507/4949 2844/3514/4950 2846/3516/4951
f 2839/3509/4952 2838/3508/4953 2846/3516/4954 2848/3518/4955
f 2840/3510/4956 2839/3509/4957 2848/3518/4958 2849/3519/4959
f 2843/3513/4960 2842/3512/4961 2852/3522/4962 2855/3525/4963
f 2845/3515/4964 2843/3513/4965 2855/3525/4966 2857/3527/4967
f 2847/3517/4968 2845/3515/4969 2857/3527/4970 2859/3529/4971
f 2850/3520/4972 2847/3517/4973 2859/3529/4974
f 2793/3531/4975 2794/3532/4976 2798/3533/4977 2797/3534/4978
f 2794/3532/4979 2795/3535/4980 2799/3536/4981 2798/3533/4982
f 2795/3535/4983 2796/3537/4984 2800/3538/4985 2799/3536/4986
f 2796/3537/4987 2801/3539/4988 2800/3538/4989
f 2797/3534/4990 2798/3533/4991 2819/3540/4992 2818/3541/4993
f 2798/3533/4994 2799/3536/4995 2820/3542/4996 2819/3540/4997
f 2799/3536/4998 2800/3538/4999 2821/3543/5000 2820/3542/5001
f 2800/3538/5002 2801/3539/5003 2822/3544/5004 2821/3543/5005
f 2802/3545/5006 2803/3546/5007 2824/3547/5008 2823/3548/5009
f 2803/3546/5010 2804/3549/5011 2825/3550/5012 2824/3547/5013
f 2804/3549/5014 2805/3551/5015 2826/3552/5016 2825/3550/5017
f 2806/3553/5018 2811/3554/5019 2817/3555/5020
f 2807/3556/5021 2808/3557/5022 2813/3558/5023 2812/3559/5024
f 2808/3557/5025 2809/3560/5026 2814/3561/5027 2813/3558/5028
f 2809/3560/5029 2810/3562/5030 2815/3563/5031 2814/3561/5032
f 2817/3555/5033 2811/3554/5034 2816/3564/5035
f 2805/3551/5036 2806/3553/5037 2817/3555/5038
f 2810/3562/5039 2817/3555/5040 2816/3564/5041 2815/3563/5042
f 2805/3551/5043 2817/3555/5044 2826/3552/5045
f 2819/3540/5046 2803/3546/5047 2802/3545/5048 2818/3541/5049
f 2820/3542/5050 2804/3549/5051 2803/3546/5052 2819/3540/5053
f 2821/3543/5054 2805/3551/5055 2804/3549/5056 2820/3542/5057
f 2822/3544/5058 2806/3553/5059 2805/3551/5060 2821/3543/5061
f 2824/3547/5062 2808/3557/5063 2807/3556/5064 2823/3548/5065
f 2825/3550/5066 2809/3560/5067 2808/3557/5068 2824/3547/5069
f 2826/3552/5070 2810/3562/5071 2809/3560/5072 2825/3550/5073
f 2817/3555/5074 2810/3562/5075 2826/3552/5076
f 2793/3565/5077 2797/3566/5078 2828/3567/5079 2827/3568/5080
f 2794/3569/5081 2793/3570/5082 2827/3571/5083 2830/3572/5084
f 2795/3573/5085 2794/3569/5086 2830/3572/5087 2832/3574/5088
f 2796/3575/5089 2795/3573/5090 2832/3574/5091 2834/3576/5092
f 2801/3577/5093 2796/3578/5094 2834/3579/5095 2835/3580/5096
f 2797/3566/5097 2818/3581/5098 2836/3582/5099 2828/3567/5100
f 2822/3583/5101 2801/3577/5102 2835/3580/5103 2840/3584/5104
f 2802/3585/5105 2823/3586/5106 2842/3587/5107 2841/3588/5108
f 2811/3589/5109 2806/3590/5110 2849/3591/5111 2851/3592/5112
f 2807/3593/5113 2812/3594/5114 2853/3595/5115 2852/3596/5116
f 2812/3597/5117 2813/3598/5118 2854/3599/5119 2853/3600/5120
f 2813/3598/5121 2814/3601/5122 2856/3602/5123 2854/3599/5124
f 2814/3601/5125 2815/3603/5126 2858/3604/5127 2856/3602/5128
f 2816/3605/5129 2811/3589/5130 2851/3592/5131 2860/3606/5132
f 2815/3603/5133 2816/3607/5134 2860/3608/5135 2858/3604/5136
f 2818/3581/5137 2802/3585/5138 2841/3588/5139 2836/3582/5140
f 2806/3590/5141 2822/3583/5142 2840/3584/5143 2849/3591/5144
f 2823/3586/5145 2807/3593/5146 2852/3596/5147 2842/3587/5148
f 2895/3609/5149 2896/3610/5150 2897/3611/5151 2898/3612/5152
f 2898/3612/5153 2897/3611/5154 2899/3613/5155 2900/3614/5156
f 2900/3614/5157 2899/3613/5158 2901/3615/5159 2902/3616/5160
f 2902/3616/5161 2901/3615/5162 2903/3617/5163
f 2896/3610/5164 2904/3618/5165 2905/3619/5166 2897/3611/5167
f 2897/3611/5168 2905/3619/5169 2906/3620/5170 2899/3613/5171
f 2899/3613/5172 2906/3620/5173 2907/3621/5174 2901/3615/5175
f 2901/3615/5176 2907/3621/5177 2908/3622/5178 2903/3617/5179
f 2909/3623/5180 2910/3624/5181 2911/3625/5182 2912/3626/5183
f 2912/3626/5184 2911/3625/5185 2913/3627/5186 2914/3628/5187
f 2914/3628/5188 2913/3627/5189 2915/3629/5190 2916/3630/5191
f 2917/3631/5192 2918/3632/5193 2919/3633/5194
f 2920/3634/5195 2921/3635/5196 2922/3636/5197 2923/3637/5198
f 2923/3637/5199 2922/3636/5200 2924/3638/5201 2925/3639/5202
f 2925/3639/5203 2924/3638/5204 2926/3640/5205 2927/3641/5206
f 2918/3632/5207 2928/3642/5208 2919/3633/5209
f 2916/3630/5210 2918/3632/5211 2917/3631/5212
f 2927/3641/5213 2926/3640/5214 2928/3642/5215 2918/3632/5216
f 2916/3630/5217 2915/3629/5218 2918/3632/5219
f 2905/3619/5220 2904/3618/5221 2909/3623/5222 2912/3626/5223
f 2906/3620/5224 2905/3619/5225 2912/3626/5226 2914/3628/5227
f 2907/3621/5228 2906/3620/5229 2914/3628/5230 2916/3630/5231
f 2908/3622/5232 2907/3621/5233 2916/3630/5234 2917/3631/5235
f 2911/3625/5236 2910/3624/5237 2920/3634/5238 2923/3637/5239
f 2913/3627/5240 2911/3625/5241 2923/3637/5242 2925/3639/5243
f 2915/3629/5244 2913/3627/5245 2925/3639/5246 2927/3641/5247
f 2918/3632/5248 2915/3629/5249 2927/3641/5250
f 2861/3643/5251 2862/3644/5252 2866/3645/5253 2865/3646/5254
f 2862/3644/5255 2863/3647/5256 2867/3648/5257 2866/3645/5258
f 2863/3647/5259 2864/3649/5260 2868/3650/5261 2867/3648/5262
f 2864/3649/5263 2869/3651/5264 2868/3650/5265
f 2865/3646/5266 2866/3645/5267 2887/3652/5268 2886/3653/5269
f 2866/3645/5270 2867/3648/5271 2888/3654/5272 2887/3652/5273
f 2867/3648/5274 2868/3650/5275 2889/3655/5276 2888/3654/5277
f 2868/3650/5278 2869/3651/5279 2890/3656/5280 2889/3655/5281
f 2870/3657/5282 2871/3658/5283 2892/3659/5284 2891/3660/5285
f 2871/3658/5286 2872/3661/5287 2893/3662/5288 2892/3659/5289
f 2872/3661/5290 2873/3663/5291 2894/3664/5292 2893/3662/5293
f 2874/3665/5294 2879/3666/5295 2885/3667/5296
f 2875/3668/5297 2876/3669/5298 2881/3670/5299 2880/3671/5300
f 2876/3669/5301 2877/3672/5302 2882/3673/5303 2881/3670/5304
f 2877/3672/5305 2878/3674/5306 2883/3675/5307 2882/3673/5308
f 2885/3667/5309 2879/3666/5310 2884/3676/5311
f 2873/3663/5312 2874/3665/5313 2885/3667/5314
f 2878/3674/5315 2885/3667/5316 2884/3676/5317 2883/3675/5318
f 2873/3663/5319 2885/3667/5320 2894/3664/5321
f 2887/3652/5322 2871/3658/5323 2870/3657/5324 2886/3653/5325
f 2888/3654/5326 2872/3661/5327 2871/3658/5328 2887/3652/5329
f 2889/3655/5330 2873/3663/5331 2872/3661/5332 2888/3654/5333
f 2890/3656/5334 2874/3665/5335 2873/3663/5336 2889/3655/5337
f 2892/3659/5338 2876/3669/5339 2875/3668/5340 2891/3660/5341
f 2893/3662/5342 2877/3672/5343 2876/3669/5344 2892/3659/5345
f 2894/3664/5346 2878/3674/5347 2877/3672/5348 2893/3662/5349
f 2885/3667/5350 2878/3674/5351 2894/3664/5352
f 2861/3677/5353 2865/3678/5354 2896/3679/5355 2895/3680/5356
f 2862/3681/5357 2861/3682/5358 2895/3683/5359 2898/3684/5360
f 2863/3685/5361 2862/3681/5362 2898/3684/5363 2900/3686/5364
f 2864/3687/5365 2863/3685/5366 2900/3686/5367 2902/3688/5368
f 2869/3689/5369 2864/3690/5370 2902/3691/5371 2903/3692/5372
f 2865/3678/5373 2886/3693/5374 2904/3694/5375 2896/3679/5376
f 2890/3695/5377 2869/3689/5378 2903/3692/5379 2908/3696/5380
f 2870/3697/5381 2891/3698/5382 2910/3699/5383 2909/3700/5384
f 2879/3701/5385 2874/3702/5386 2917/3703/5387 2919/3704/5388
f 2875/3705/5389 2880/3706/5390 2921/3707/5391 2920/3708/5392
f 2880/3709/5393 2881/3710/5394 2922/3711/5395 2921/3712/5396
f 2881/3710/5397 2882/3713/5398 2924/3714/5399 2922/3711/5400
f 2882/3713/5401 2883/3715/5402 2926/3716/5403 2924/3714/5404
f 2884/3717/5405 2879/3701/5406 2919/3704/5407 2928/3718/5408
f 2883/3715/5409 2884/3719/5410 2928/3720/5411 2926/3716/5412
f 2886/3693/5413 2870/3697/5414 2909/3700/5415 2904/3694/5416
f 2874/3702/5417 2890/3695/5418 2908/3696/5419 2917/3703/5420
f 2891/3698/5421 2875/3705/5422 2920/3708/5423 2910/3699/5424
f 2963/3721/5425 2964/3722/5426 2965/3723/5427 2966/3724/5428
f 2966/3724/5429 2965/3723/5430 2967/3725/5431 2968/3726/5432
f 2968/3726/5433 2967/3725/5434 2969/3727/5435 2970/3728/5436
f 2970/3728/5437 2969/3727/5438 2971/3729/5439
f 2964/3722/5440 2972/3730/5441 2973/3731/5442 2965/3723/5443
f 2965/3723/5444 2973/3731/5445 2974/3732/5446 2967/3725/5447
f 2967/3725/5448 2974/3732/5449 2975/3733/5450 2969/3727/5451
f 2969/3727/5452 2975/3733/5453 2976/3734/5454 2971/3729/5455
f 2977/3735/5456 2978/3736/5457 2979/3737/5458 2980/3738/5459
f 2980/3738/5460 2979/3737/5461 2981/3739/5462 2982/3740/5463
f 2982/3740/5464 2981/3739/5465 2983/3741/5466 2984/3742/5467
f 2985/3743/5468 2986/3744/5469 2987/3745/5470
f 2988/3746/5471 2989/3747/5472 2990/3748/5473 2991/3749/5474
f 2991/3749/5475 2990/3748/5476 2992/3750/5477 2993/3751/5478
f 2993/3751/5479 2992/3750/5480 2994/3752/5481 2995/3753/5482
f 2986/3744/5483 2996/3754/5484 2987/3745/5485
f 2984/3742/5486 2986/3744/5487 2985/3743/5488
f 2995/3753/5489 2994/3752/5490 2996/3754/5491 2986/3744/5492
f 2984/3742/5493 2983/3741/5494 2986/3744/5495
f 2973/3731/5496 2972/3730/5497 2977/3735/5498 2980/3738/5499
f 2974/3732/5500 2973/3731/5501 2980/3738/5502 2982/3740/5503
f 2975/3733/5504 2974/3732/5505 2982/3740/5506 2984/3742/5507
f 2976/3734/5508 2975/3733/5509 2984/3742/5510 2985/3743/5511
f 2979/3737/5512 2978/3736/5513 2988/3746/5514 2991/3749/5515
f 2981/3739/5516 2979/3737/5517 2991/3749/5518 2993/3751/5519
f 2983/3741/5520 2981/3739/5521 2993/3751/5522 2995/3753/5523
f 2986/3744/5524 2983/3741/5525 2995/3753/5526
f 2929/3755/5527 2930/3756/5528 2934/3757/5529 2933/3758/5530
f 2930/3756/5531 2931/3759/5532 2935/3760/5533 2934/3757/5534
f 2931/3759/5535 2932/3761/5536 2936/3762/5537 2935/3760/5538
f 2932/3761/5539 2937/3763/5540 2936/3762/5541
f 2933/3758/5542 2934/3757/5543 2955/3764/5544 2954/3765/5545
f 2934/3757/5546 2935/3760/5547 2956/3766/5548 2955/3764/5549
f 2935/3760/5550 2936/3762/5551 2957/3767/5552 2956/3766/5553
f 2936/3762/5554 2937/3763/5555 2958/3768/5556 2957/3767/5557
f 2938/3769/5558 2939/3770/5559 2960/3771/5560 2959/3772/5561
f 2939/3770/5562 2940/3773/5563 2961/3774/5564 2960/3771/5565
f 2940/3773/5566 2941/3775/5567 2962/3776/5568 2961/3774/5569
f 2942/3777/5570 2947/3778/5571 2953/3779/5572
f 2943/3780/5573 2944/3781/5574 2949/3782/5575 2948/3783/5576
f 2944/3781/5577 2945/3784/5578 2950/3785/5579 2949/3782/5580
f 2945/3784/5581 2946/3786/5582 2951/3787/5583 2950/3785/5584
f 2953/3779/5585 2947/3778/5586 2952/3788/5587
f 2941/3775/5588 2942/3777/5589 2953/3779/5590
f 2946/3786/5591 2953/3779/5592 2952/3788/5593 2951/3787/5594
f 2941/3775/5595 2953/3779/5596 2962/3776/5597
f 2955/3764/5598 2939/3770/5599 2938/3769/5600 2954/3765/5601
f 2956/3766/5602 2940/3773/5603 2939/3770/5604 2955/3764/5605
f 2957/3767/5606 2941/3775/5607 2940/3773/5608 2956/3766/5609
f 2958/3768/5610 2942/3777/5611 2941/3775/5612 2957/3767/5613
f 2960/3771/5614 2944/3781/5615 2943/3780/5616 2959/3772/5617
f 2961/3774/5618 2945/3784/5619 2944/3781/5620 2960/3771/5621
f 2962/3776/5622 2946/3786/5623 2945/3784/5624 2961/3774/5625
f 2953/3779/5626 2946/3786/5627 2962/3776/5628
f 2929/3789/5629 2933/3790/5630 2964/3791/5631 2963/3792/5632
f 2930/3793/5633 2929/3794/5634 2963/3795/5635 2966/3796/5636
f 2931/3797/5637 2930/3793/5638 2966/3796/5639 2968/3798/5640
f 2932/3799/5641 2931/3797/5642 2968/3798/5643 2970/3800/5644
f 2937/3801/5645 2932/3802/5646 2970/3803/5647 2971/3804/5648
f 2933/3790/5649 2954/3805/5650 2972/3806/5651 2964/3791/5652
f 2958/3807/5653 2937/3801/5654 2971/3804/5655 2976/3808/5656
f 2938/3809/5657 2959/3810/5658 2978/3811/5659 2977/3812/5660
f 2947/3813/5661 2942/3814/5662 2985/3815/5663 2987/3816/5664
f 2943/3817/5665 2948/3818/5666 2989/3819/5667 2988/3820/5668
f 2948/3821/5669 2949/3822/5670 2990/3823/5671 2989/3824/5672
f 2949/3822/5673 2950/3825/5674 2992/3826/5675 2990/3823/5676
f 2950/3825/5677 2951/3827/5678 2994/3828/5679 2992/3826/5680
f 2952/3829/5681 2947/3813/5682 2987/3816/5683 2996/3830/5684
f 2951/3827/5685 2952/3831/5686 2996/3832/5687 2994/3828/5688
f 2954/3805/5689 2938/3809/5690 2977/3812/5691 2972/3806/5692
f 2942/3814/5693 2958/3807/5694 2976/3808/5695 2985/3815/5696
f 2959/3810/5697 2943/3817/5698 2988/3820/5699 2978/3811/5700
