# This file uses centimeters as units for non-parametric coordinates.

mtllib cici.mtl
g default
v 0.416938 0.478275 0.234716
v 0.445499 0.421883 0.213725
v 0.460881 0.396106 0.154138
v 0.454074 0.416045 0.090860
v 0.428804 0.470020 0.060958
v 0.400214 0.526412 0.081949
v 0.384832 0.552189 0.141536
v 0.391902 0.532250 0.204814
v 1.579843 0.847431 0.314136
v 1.601860 0.822207 0.226764
v 1.588956 0.863527 0.142669
v 1.549960 0.948079 0.111135
v 1.507556 1.026371 0.150601
v 1.485945 1.051201 0.237991
v 1.498937 1.008268 0.322207
v 1.537165 0.924156 0.353695
v 2.485702 0.977833 0.193126
v 2.481902 1.025949 0.101584
v 2.450142 1.127108 0.063088
v 2.410264 1.219434 0.101458
v 2.385927 1.248925 0.191840
v 2.389789 1.199884 0.280743
v 2.420476 1.101895 0.317785
v 2.460877 1.010354 0.282209
v 3.304217 1.211483 0.054358
v 3.267800 1.308340 0.004736
v 3.229323 1.405794 0.032291
v 3.207284 1.444253 0.118490
v 3.217183 1.408134 0.212081
v 3.253692 1.318511 0.260810
v 3.293412 1.222704 0.236774
v 3.315963 1.176317 0.151480
v 3.929214 1.436653 0.128867
v 3.894230 1.518738 0.152355
v 3.881443 1.564448 0.222585
v 3.898328 1.550154 0.299641
v 3.933419 1.481672 0.340931
v 3.965018 1.396663 0.321479
v 3.977454 1.347498 0.249858
v 3.963436 1.365009 0.168952
v 4.398574 1.548943 0.518719
v 4.389148 1.589956 0.584099
v 4.397815 1.577530 0.652770
v 4.419436 1.518144 0.684784
v 4.441818 1.446449 0.660559
v 4.453573 1.405981 0.593682
v 4.445712 1.419780 0.524511
v 4.423134 1.479130 0.493733
v 5.066821 1.497565 0.999148
v 5.053383 1.465293 1.059973
v 5.047050 1.399022 1.077840
v 5.050672 1.336853 1.042142
v 5.061621 1.316579 0.973021
v 5.074094 1.349629 0.911021
v 5.077380 1.415904 0.893169
v 5.077723 1.478162 0.929665
v 5.803278 0.937226 1.333289
v 5.788353 0.871724 1.320385
v 5.782639 0.841965 1.264182
v 5.788461 0.863094 1.196419
v 5.802889 0.922957 1.155655
v 5.820539 0.986898 1.166357
v 5.827203 1.017405 1.223711
v 5.819719 0.997552 1.293412
v 6.126412 0.219239 1.144440
v 6.115505 0.215580 1.083476
v 6.123308 0.265511 1.030703
v 6.147471 0.340265 1.015347
v 6.172267 0.396429 1.047810
v 6.181526 0.401068 1.110832
v 6.173061 0.350328 1.165334
v 6.150583 0.275012 1.178989
v 6.470533 -0.195681 0.557266
v 6.480502 -0.132139 0.515194
v 6.513725 -0.057310 0.520214
v 6.550673 -0.014979 0.570646
v 6.569239 -0.030762 0.636741
v 6.559500 -0.095538 0.678989
v 6.525856 -0.170166 0.673170
v 6.488672 -0.211277 0.622851
v 7.023767 -0.245363 -0.020255
v 7.061928 -0.177409 -0.002922
v 7.105766 -0.151397 0.058238
v 7.129112 -0.182322 0.127417
v 7.118617 -0.251996 0.163978
v 7.081221 -0.320046 0.146503
v 7.038114 -0.346486 0.085305
v 7.014062 -0.315489 0.016282
v 7.723515 -0.236065 -0.333549
v 7.764147 -0.225803 -0.271886
v 7.782479 -0.268364 -0.213472
v 7.767820 -0.338753 -0.192427
v 7.728381 -0.395693 -0.220864
v 7.688074 -0.406237 -0.282560
v 7.669674 -0.363768 -0.341112
v 7.684363 -0.293239 -0.362264
v 8.480034 -0.459510 -0.535178
v 8.491331 -0.510553 -0.485825
v 8.471111 -0.579104 -0.478039
v 8.431217 -0.625006 -0.516382
v 8.395020 -0.621372 -0.578392
v 8.383997 -0.570433 -0.627864
v 8.404220 -0.501878 -0.635650
v 8.444116 -0.455972 -0.597305
v 9.269138 -0.909989 -0.776497
v 9.247732 -0.978200 -0.783731
v 9.214296 -1.015791 -0.835037
v 9.188415 -1.000741 -0.900360
v 9.185251 -0.941867 -0.941434
v 9.206658 -0.873656 -0.934200
v 9.240094 -0.836065 -0.882895
v 9.265975 -0.851114 -0.817572
v 10.003788 -1.286052 -1.119162
v 9.985487 -1.312931 -1.180830
v 9.971005 -1.286604 -1.243930
v 9.969092 -1.222599 -1.271705
v 9.980829 -1.158285 -1.247868
v 9.999407 -1.131347 -1.186294
v 10.014183 -1.157743 -1.123129
v 10.015828 -1.221832 -1.095266
v 10.735299 -1.284819 -1.418573
v 10.728335 -1.248613 -1.472090
v 10.722824 -1.186145 -1.486239
v 10.721686 -1.133637 -1.452523
v 10.725656 -1.121972 -1.390402
v 10.732346 -1.158267 -1.336344
v 10.738170 -1.221221 -1.322436
v 10.739400 -1.273602 -1.356629
v 11.268150 -0.998927 -1.486452
v 11.255786 -0.939522 -1.497841
v 11.237281 -0.895892 -1.467879
v 11.223090 -0.893923 -1.413848
v 11.222458 -0.935281 -1.367385
v 11.235265 -0.995637 -1.356229
v 11.253830 -1.039017 -1.386886
v 11.267928 -1.039859 -1.440467
v 11.550036 -0.657894 -1.471647
v 11.518058 -0.614756 -1.437786
v 11.492301 -0.619088 -1.381360
v 11.487603 -0.669037 -1.335105
v 11.506984 -0.735031 -1.326146
v 11.538125 -0.778411 -1.361161
v 11.564442 -0.773034 -1.417813
v 11.569348 -0.723199 -1.463509
v 11.745080 -0.285081 -1.211900
v 11.710256 -0.295242 -1.144408
v 11.704834 -0.355841 -1.092109
v 11.733337 -0.431130 -1.085452
v 11.778724 -0.476510 -1.128410
v 11.814601 -0.465620 -1.196267
v 11.819830 -0.405094 -1.248595
v 11.790938 -0.330446 -1.254772
v 12.116793 -0.002052 -0.597944
v 12.108607 -0.074900 -0.542677
v 12.145998 -0.158705 -0.539920
v 12.207171 -0.204278 -0.591296
v 12.255638 -0.185052 -0.667057
v 12.263587 -0.112143 -0.722390
v 12.226705 -0.028300 -0.724658
v 12.165209 0.017153 -0.673622
v 12.832198 0.089085 0.170273
v 12.869822 0.000677 0.165525
v 12.932237 -0.043649 0.107266
v 12.982877 -0.017927 0.029625
v 12.992080 0.062776 -0.021917
v 12.954455 0.151184 -0.017169
v 12.892042 0.195510 0.041089
v 12.841401 0.169788 0.118731
v 13.788187 0.076976 0.762990
v 13.844018 0.034830 0.696953
v 13.890182 0.064512 0.617947
v 13.899639 0.148636 0.572252
v 13.866847 0.237922 0.586636
v 13.811017 0.280069 0.652673
v 13.764853 0.250386 0.731680
v 13.755396 0.166262 0.777375
v 14.886579 0.127063 1.050571
v 14.921780 0.166724 0.976145
v 14.927902 0.252823 0.945519
v 14.901362 0.334667 0.976644
v 14.857960 0.364321 1.051140
v 14.823522 0.324703 1.125667
v 14.817142 0.238914 1.156117
v 14.843552 0.157050 1.125325
v 15.669420 0.287725 1.073321
v 15.673626 0.366071 1.058498
v 15.657610 0.431425 1.100083
v 15.627925 0.445465 1.172070
v 15.604820 0.400700 1.233787
v 15.600448 0.322947 1.248957
v 15.617870 0.257344 1.208635
v 15.646265 0.242572 1.135671
v 16.116916 0.395148 1.087214
v 16.106300 0.441460 1.130229
v 16.087024 0.441700 1.192857
v 16.070748 0.396168 1.238935
v 16.068250 0.331218 1.242441
v 16.079311 0.284366 1.200211
v 16.097518 0.283504 1.136590
v 16.112483 0.329522 1.089406
v 16.537483 0.341495 1.203697
v 16.530621 0.332183 1.261332
v 16.518020 0.285614 1.296097
v 16.506937 0.228923 1.287675
v 16.504409 0.195245 1.241050
v 16.511787 0.204452 1.183375
v 16.525137 0.251250 1.148708
v 16.534753 0.308026 1.156865
v 17.236094 0.045552 1.368974
v 17.218069 -0.003944 1.395942
v 17.194385 -0.055123 1.378005
v 17.178916 -0.078006 1.325668
v 17.180724 -0.059188 1.269591
v 17.198749 -0.009693 1.242623
v 17.222433 0.041487 1.260561
v 17.237903 0.064369 1.312897
v 17.851812 -0.435644 1.332970
v 17.827628 -0.483195 1.307356
v 17.809824 -0.496699 1.252559
v 17.808833 -0.468247 1.200679
v 17.825231 -0.414506 1.182106
v 17.849416 -0.366956 1.207721
v 17.867218 -0.353451 1.262518
v 17.868211 -0.381903 1.314398
v 18.550145 -0.721398 1.008438
v 18.532071 -0.726674 0.952336
v 18.514499 -0.688901 0.910306
v 18.507724 -0.630207 0.906969
v 18.515714 -0.584974 0.944281
v 18.533789 -0.579698 1.000383
v 18.551361 -0.617471 1.042413
v 18.558135 -0.676165 1.045749
v 19.335308 -0.513574 0.522872
v 19.301013 -0.476263 0.494256
v 19.280138 -0.424151 0.504020
v 19.283913 -0.388226 0.546872
v 19.312498 -0.389347 0.596862
v 19.346728 -0.426940 0.625066
v 19.367635 -0.478616 0.615007
v 19.363895 -0.514204 0.572557
v 20.260106 -0.129680 0.146293
v 20.244412 -0.089111 0.158778
v 20.257354 -0.065317 0.193824
v 20.291621 -0.072460 0.229892
v 20.325936 -0.105461 0.245844
v 20.340861 -0.144743 0.233203
v 20.328320 -0.168182 0.199454
v 20.294890 -0.162339 0.163534
v 21.144433 0.060660 0.009125
v 21.155686 0.070106 0.030565
v 21.171535 0.060443 0.051486
v 21.183572 0.037938 0.059744
v 21.184012 0.015712 0.051324
v 21.172871 0.005987 0.030900
v 21.156345 0.014680 0.009716
v 21.144186 0.037458 0.000400
v 21.659488 0.004336 0.010423
v 21.659375 -0.000731 0.013125
v 21.659200 -0.006222 0.011453
v 21.659066 -0.008921 0.006386
v 21.659050 -0.007248 0.000892
v 21.659164 -0.002182 -0.001810
v 21.659339 0.003310 -0.000138
v 21.659472 0.006009 0.004929
v 0.537919 0.247053 0.072598
v 0.540404 0.248590 0.005930
v 0.521282 0.291958 -0.040921
v 0.491682 0.351752 -0.040512
v 0.469208 0.392946 0.006919
v 0.466760 0.391409 0.073586
v 0.486148 0.348041 0.120438
v 0.515446 0.288247 0.120028
v 1.637438 0.823905 -0.110886
v 1.608230 0.897143 -0.167762
v 1.562973 0.984814 -0.156365
v 1.529463 1.033751 -0.082747
v 1.526391 1.018671 0.009066
v 1.555976 0.945536 0.065884
v 1.601328 0.858348 0.054518
v 1.633703 0.808715 -0.018979
v 2.422172 1.305013 -0.164611
v 2.384246 1.407640 -0.150098
v 2.353511 1.463213 -0.072946
v 2.346584 1.441396 0.020477
v 2.367694 1.356617 0.076536
v 2.404524 1.254611 0.063956
v 2.438719 1.195646 -0.011216
v 2.445404 1.216425 -0.106585
v 3.122488 1.689781 -0.041383
v 3.088754 1.751434 0.030541
v 3.084208 1.740055 0.121083
v 3.111066 1.662125 0.180730
v 3.153808 1.560194 0.176564
v 3.187839 1.493735 0.107496
v 3.190141 1.503488 0.012306
v 3.163730 1.586488 -0.050241
v 3.782668 1.788813 0.325018
v 3.785782 1.802631 0.405025
v 3.816258 1.755087 0.460256
v 3.857638 1.673139 0.459751
v 3.884548 1.602991 0.402282
v 3.882637 1.588526 0.319617
v 3.851252 1.638317 0.262391
v 3.809820 1.721506 0.265282
v 4.366704 1.665270 0.851153
v 4.381494 1.620508 0.904094
v 4.405889 1.548725 0.903518
v 4.425090 1.492032 0.849380
v 4.429111 1.484595 0.773373
v 4.414819 1.530205 0.720842
v 4.391640 1.601884 0.721913
v 4.371198 1.657557 0.775820
v 5.021513 1.280640 1.236393
v 5.023633 1.210546 1.221316
v 5.032245 1.170646 1.161355
v 5.042830 1.185244 1.091794
v 5.047769 1.243789 1.052915
v 5.046223 1.314060 1.067632
v 5.039203 1.354622 1.127476
v 5.026836 1.340502 1.197500
v 5.742301 0.662022 1.205101
v 5.743051 0.659492 1.137969
v 5.755933 0.708156 1.084125
v 5.772114 0.778674 1.073822
v 5.782053 0.830735 1.114722
v 5.781518 0.833715 1.183248
v 5.769636 0.785095 1.238115
v 5.754199 0.713629 1.246526
v 6.096399 0.268635 0.848078
v 6.115123 0.334781 0.810737
v 6.142374 0.404796 0.823440
v 6.162093 0.437632 0.880044
v 6.163416 0.412710 0.946440
v 6.144836 0.345374 0.983144
v 6.117525 0.275683 0.968849
v 6.097285 0.244311 0.913173
v 6.550740 0.131497 0.410422
v 6.586752 0.191710 0.443159
v 6.615949 0.201174 0.508877
v 6.619530 0.154105 0.568429
v 6.596464 0.079194 0.587710
v 6.558953 0.019924 0.554701
v 6.529422 0.010917 0.489977
v 6.526601 0.057004 0.430464
v 7.216792 0.026414 0.132838
v 7.249318 0.018134 0.204120
v 7.252884 -0.040252 0.257523
v 7.225120 -0.114544 0.261891
v 7.182668 -0.161485 0.214844
v 7.149616 -0.153357 0.143715
v 7.146072 -0.094962 0.089969
v 7.174050 -0.020413 0.085468
v 7.886218 -0.264772 -0.034673
v 7.884121 -0.328067 0.004277
v 7.853074 -0.395302 -0.004901
v 7.811204 -0.427243 -0.056884
v 7.783053 -0.405129 -0.121388
v 7.785169 -0.341757 -0.160574
v 7.816300 -0.274303 -0.151318
v 7.858151 -0.242438 -0.099099
v 8.485704 -0.736750 -0.354573
v 8.451272 -0.796149 -0.375777
v 8.411858 -0.814410 -0.432789
v 8.389543 -0.780383 -0.491864
v 8.397588 -0.714064 -0.518430
v 8.432038 -0.654635 -0.497215
v 8.472712 -0.636908 -0.440646
v 8.495011 -0.670964 -0.381582
v 9.145388 -1.199425 -0.879177
v 9.114159 -1.206190 -0.943538
v 9.100818 -1.161814 -0.998457
v 9.113179 -1.092290 -1.011762
v 9.144001 -1.038346 -0.975661
v 9.175229 -1.031580 -0.911300
v 9.188571 -1.075957 -0.856381
v 9.176210 -1.145480 -0.843075
v 9.918543 -1.336967 -1.423932
v 9.910894 -1.284478 -1.469161
v 9.917722 -1.215498 -1.466267
v 9.934689 -1.170233 -1.416644
v 9.952224 -1.175408 -1.349491
v 9.959891 -1.228026 -1.304151
v 9.953187 -1.297172 -1.307262
v 9.936012 -1.342242 -1.356888
v 10.703093 -1.066626 -1.622195
v 10.699794 -1.005271 -1.607078
v 10.701634 -0.974363 -1.552828
v 10.707781 -0.992338 -1.491216
v 10.714444 -1.048736 -1.458561
v 10.717988 -1.110260 -1.474206
v 10.715842 -1.140696 -1.528492
v 10.709759 -1.122600 -1.589700
v 11.196452 -0.727572 -1.478569
v 11.178446 -0.706051 -1.430713
v 11.171302 -0.731288 -1.377206
v 11.179359 -0.788670 -1.349565
v 11.198294 -0.843942 -1.364374
v 11.214554 -0.865378 -1.413803
v 11.223621 -0.838776 -1.465205
v 11.214162 -0.782968 -1.493638
v 11.401844 -0.515077 -1.268048
v 11.387369 -0.549012 -1.212224
v 11.397603 -0.614398 -1.185755
v 11.426884 -0.672231 -1.204689
v 11.457181 -0.688469 -1.257834
v 11.471852 -0.653967 -1.313254
v 11.461474 -0.589516 -1.339086
v 11.432418 -0.532153 -1.320470
v 11.619040 -0.413092 -0.899565
v 11.635448 -0.488924 -0.871513
v 11.675674 -0.551788 -0.896638
v 11.717233 -0.564652 -0.960341
v 11.735179 -0.520473 -1.025043
v 11.719479 -0.444976 -1.052163
v 11.678727 -0.382430 -1.026936
v 11.637096 -0.369049 -0.963859
v 12.146401 -0.378041 -0.404948
v 12.201766 -0.444259 -0.436915
v 12.259480 -0.451973 -0.508270
v 12.286246 -0.396347 -0.576803
v 12.265399 -0.310554 -0.602950
v 12.209997 -0.244470 -0.570961
v 12.152115 -0.236894 -0.499829
v 12.125171 -0.292411 -0.431345
v 13.055253 -0.279365 0.065479
v 13.115042 -0.282221 -0.009829
v 13.143082 -0.219166 -0.076852
v 13.122947 -0.127136 -0.096328
v 13.066432 -0.060041 -0.056849
v 13.006643 -0.057185 0.018460
v 12.978603 -0.120240 0.085483
v 12.998738 -0.212270 0.104959
v 14.048511 -0.021373 0.417954
v 14.074756 0.045610 0.354089
v 14.057836 0.139699 0.343355
v 14.007661 0.205778 0.392039
v 13.953622 0.205139 0.471624
v 13.927376 0.138157 0.535489
v 13.944297 0.044068 0.546223
v 13.994472 -0.022011 0.497538
v 15.014238 0.393251 0.749550
v 15.000360 0.483374 0.756632
v 14.961329 0.538034 0.818698
v 14.919243 0.525166 0.898868
v 14.900697 0.452887 0.951295
v 14.915110 0.363012 0.944714
v 14.954201 0.308140 0.882838
v 14.994190 0.320539 0.801484
v 15.658490 0.650405 1.085710
v 15.630846 0.686320 1.148673
v 15.601650 0.663210 1.218100
v 15.588819 0.594944 1.254372
v 15.599224 0.520764 1.236063
v 15.627024 0.484037 1.173343
v 15.655944 0.506885 1.102840
v 15.667926 0.575863 1.066071
v 16.047206 0.550043 1.323095
v 16.027196 0.521038 1.378045
v 16.019178 0.460924 1.400758
v 16.026522 0.404100 1.377269
v 16.044911 0.383946 1.320629
v 16.063299 0.412881 1.263985
v 16.072467 0.474000 1.241856
v 16.065891 0.530806 1.266658
v 16.495161 0.239175 1.452330
v 16.481581 0.182504 1.461850
v 16.474185 0.136109 1.428250
v 16.477727 0.127196 1.371227
v 16.487942 0.161167 1.323365
v 16.501822 0.218018 1.314000
v 16.510429 0.264371 1.348270
v 16.507173 0.273072 1.405374
v 17.138691 -0.200830 1.433510
v 17.118409 -0.237888 1.392069
v 17.112809 -0.235807 1.333194
v 17.125172 -0.195805 1.291372
v 17.148256 -0.141315 1.291103
v 17.168538 -0.104258 1.332544
v 17.174138 -0.106339 1.391420
v 17.161774 -0.146341 1.433241
v 17.742385 -0.618090 1.162396
v 17.733967 -0.605725 1.105140
v 17.744063 -0.558787 1.070543
v 17.766756 -0.504772 1.078872
v 17.788756 -0.475321 1.125248
v 17.797173 -0.487687 1.182504
v 17.787078 -0.534625 1.217101
v 17.764384 -0.588640 1.208772
v 18.461873 -0.681899 0.753479
v 18.449844 -0.627708 0.732969
v 18.452013 -0.573016 0.755466
v 18.467110 -0.549861 0.807792
v 18.486290 -0.571807 0.859294
v 18.498319 -0.625998 0.879804
v 18.496150 -0.680690 0.857307
v 18.481053 -0.703845 0.804981
v 19.182667 -0.305264 0.439755
v 19.175771 -0.258689 0.471870
v 19.196245 -0.243839 0.523479
v 19.231825 -0.269322 0.564026
v 19.261764 -0.319826 0.569863
v 19.268483 -0.365894 0.537967
v 19.248332 -0.380877 0.486831
v 19.212725 -0.355927 0.446108
v 20.221245 0.046596 0.243992
v 20.247173 0.051328 0.282892
v 20.284333 0.024963 0.308420
v 20.311438 -0.016240 0.306070
v 20.313212 -0.048614 0.277947
v 20.287551 -0.054063 0.240198
v 20.249417 -0.028879 0.214051
v 20.221809 0.013042 0.215300
v 21.203483 0.077353 0.109713
v 21.216065 0.059330 0.122615
v 21.220984 0.036188 0.120403
v 21.216972 0.020797 0.104237
v 21.203715 0.022120 0.083708
v 21.190052 0.039849 0.070200
v 21.184609 0.063844 0.072142
v 21.190660 0.079409 0.088662
v 21.658838 -0.021267 0.017079
v 21.658676 -0.025400 0.013095
v 21.658607 -0.025505 0.007353
v 21.658673 -0.021521 0.003218
v 21.658835 -0.015782 0.003111
v 21.658997 -0.011649 0.007095
v 21.659065 -0.011544 0.012836
v 21.658999 -0.015528 0.016972
v 0.517137 0.318259 -0.225669
v 0.489863 0.375602 -0.245881
v 0.462498 0.428181 -0.215250
v 0.451073 0.445196 -0.151719
v 0.462203 0.416681 -0.092503
v 0.489443 0.359339 -0.072292
v 0.516809 0.306759 -0.102923
v 0.528266 0.289744 -0.166454
v 1.474361 1.197722 -0.285168
v 1.437217 1.265977 -0.232527
v 1.420018 1.277681 -0.141406
v 1.434611 1.225979 -0.065184
v 1.472528 1.141157 -0.048510
v 1.512160 1.072903 -0.101151
v 1.528714 1.061198 -0.192271
v 1.512411 1.112901 -0.268493
v 2.245569 1.728119 0.015341
v 2.226573 1.733814 0.108336
v 2.236652 1.670433 0.180685
v 2.271311 1.573974 0.191341
v 2.308054 1.498510 0.133383
v 2.327846 1.485852 0.039171
v 2.317161 1.551267 -0.035783
v 2.283675 1.652281 -0.045126
v 3.003121 1.896891 0.348893
v 3.018345 1.848719 0.425958
v 3.057178 1.754732 0.446205
v 3.096632 1.667040 0.397520
v 3.114861 1.636964 0.304260
v 3.098711 1.685860 0.221781
v 3.059349 1.784347 0.201874
v 3.021077 1.871640 0.255676
v 3.823102 1.764863 0.697237
v 3.860184 1.692825 0.727012
v 3.896490 1.613420 0.692285
v 3.912324 1.573328 0.610817
v 3.898863 1.597140 0.530262
v 3.862315 1.670975 0.500293
v 3.823852 1.750528 0.538767
v 3.809243 1.789477 0.620254
v 4.438209 1.392882 1.036883
v 4.458548 1.322508 1.002360
v 4.470481 1.293332 0.928669
v 4.466909 1.322453 0.859457
v 4.452529 1.392971 0.834629
v 4.431703 1.462594 0.869299
v 4.418611 1.491185 0.942537
v 4.422156 1.462948 1.011851
v 5.042975 0.979407 1.092887
v 5.054131 0.971361 1.022520
v 5.058959 1.016008 0.968950
v 5.059877 1.087600 0.961721
v 5.053493 1.144846 1.006449
v 5.044476 1.153801 1.076961
v 5.037256 1.108839 1.131782
v 5.038634 1.036897 1.138106
v 5.759887 0.714206 0.888756
v 5.777829 0.777654 0.855020
v 5.793437 0.843420 0.875802
v 5.796919 0.873143 0.939522
v 5.789005 0.848414 1.007518
v 5.773376 0.784338 1.039970
v 5.758510 0.718971 1.018514
v 5.751950 0.690113 0.956342
v 6.191524 0.593871 0.730056
v 6.213927 0.644968 0.771537
v 6.225708 0.644870 0.841364
v 6.217071 0.593752 0.898326
v 6.194922 0.522616 0.909077
v 6.171883 0.472780 0.867980
v 6.161949 0.472796 0.799114
v 6.170014 0.522569 0.741909
v 6.717088 0.345046 0.618826
v 6.732078 0.316372 0.685751
v 6.718934 0.246961 0.724328
v 6.685297 0.177669 0.711928
v 6.651390 0.148900 0.657021
v 6.637543 0.176908 0.591164
v 6.651089 0.245736 0.552163
v 6.683788 0.315208 0.562676
v 7.331625 -0.089918 0.454814
v 7.315671 -0.162732 0.480546
v 7.275289 -0.224448 0.453317
v 7.236058 -0.239901 0.387823
v 7.220146 -0.199463 0.322750
v 7.237471 -0.126872 0.296303
v 7.276297 -0.064246 0.324626
v 7.314693 -0.048813 0.390542
v 7.829177 -0.580808 0.084599
v 7.788800 -0.630739 0.047390
v 7.753123 -0.631123 -0.016691
v 7.742060 -0.581082 -0.069827
v 7.763851 -0.510653 -0.081304
v 7.804414 -0.460679 -0.043887
v 7.841143 -0.461010 0.019943
v 7.851010 -0.510652 0.073216
v 8.307830 -0.966540 -0.513279
v 8.275978 -0.952589 -0.576048
v 8.271061 -0.894993 -0.618795
v 8.296695 -0.827855 -0.616784
v 8.337864 -0.790502 -0.571194
v 8.370453 -0.804816 -0.508729
v 8.374621 -0.862069 -0.465687
v 8.348992 -0.929195 -0.467697
v 9.018763 -1.154953 -1.181863
v 9.020869 -1.090923 -1.214406
v 9.046060 -1.025905 -1.197042
v 9.079580 -0.997987 -1.139943
v 9.101793 -1.023522 -1.076556
v 9.099687 -1.087552 -1.044013
v 9.074496 -1.152569 -1.061377
v 9.040976 -1.180487 -1.118476
v 9.902936 -1.053126 -1.573706
v 9.916904 -0.993700 -1.540724
v 9.935638 -0.977055 -1.475977
v 9.948117 -1.013054 -1.417412
v 9.947059 -1.080583 -1.399479
v 9.933164 -1.139988 -1.432686
v 9.914479 -1.156475 -1.497407
v 9.901795 -1.120460 -1.555659
v 10.691172 -0.808321 -1.485770
v 10.695188 -0.805876 -1.421556
v 10.702621 -0.850240 -1.373415
v 10.708989 -0.915283 -1.369736
v 10.710592 -0.962683 -1.412555
v 10.706536 -0.964816 -1.476576
v 10.699168 -0.920647 -1.524411
v 10.692935 -0.855924 -1.528326
v 11.121757 -0.691779 -1.228942
v 11.124123 -0.740379 -1.186259
v 11.140734 -0.802293 -1.184247
v 11.161378 -0.840581 -1.223659
v 11.173767 -0.833231 -1.280992
v 11.171406 -0.785100 -1.322940
v 11.156782 -0.723496 -1.324506
v 11.135214 -0.685182 -1.286610
v 11.371877 -0.731528 -1.030839
v 11.395952 -0.797304 -1.030549
v 11.426245 -0.833829 -1.075934
v 11.447577 -0.818496 -1.137887
v 11.446815 -0.761113 -1.180451
v 11.423879 -0.695319 -1.179637
v 11.391434 -0.659517 -1.136688
v 11.369886 -0.674276 -1.075033
v 11.733811 -0.767132 -0.841267
v 11.778499 -0.802428 -0.893723
v 11.809289 -0.779007 -0.963735
v 11.807860 -0.710607 -1.009854
v 11.774945 -0.637340 -1.005564
v 11.729197 -0.602293 -0.954264
v 11.699591 -0.625304 -0.884490
v 11.701487 -0.693735 -0.837594
v 12.423699 -0.615080 -0.622144
v 12.466391 -0.582403 -0.697074
v 12.464099 -0.503253 -0.744209
v 12.419062 -0.423337 -0.735224
v 12.357914 -0.389367 -0.675241
v 12.315940 -0.421487 -0.599831
v 12.317452 -0.501055 -0.553226
v 12.361965 -0.581362 -0.562521
v 13.301482 -0.193168 -0.292894
v 13.300809 -0.106525 -0.334689
v 13.255725 -0.023229 -0.317853
v 13.192640 0.007927 -0.252249
v 13.148509 -0.031309 -0.176307
v 13.149182 -0.117952 -0.134512
v 13.194266 -0.201248 -0.151348
v 13.257351 -0.232403 -0.216952
v 14.112134 0.349827 0.184173
v 14.072525 0.433370 0.210739
v 14.015903 0.461838 0.283112
v 13.975436 0.418554 0.358895
v 13.974831 0.328872 0.393697
v 14.014439 0.245329 0.367130
v 14.071062 0.216861 0.294758
v 14.111528 0.260145 0.218974
v 14.905360 0.781069 0.866565
v 14.862269 0.796498 0.945058
v 14.832038 0.744575 1.013328
v 14.833117 0.655955 1.032034
v 14.864552 0.582174 0.989906
v 14.907514 0.566443 0.911178
v 14.937929 0.618481 0.842659
v 14.937205 0.707550 0.824290
v 15.514964 0.734652 1.397876
v 15.494264 0.681584 1.450601
v 15.495968 0.605751 1.455997
v 15.519875 0.551174 1.410832
v 15.551829 0.550250 1.340818
v 15.572813 0.604044 1.287372
v 15.571496 0.680786 1.282938
v 15.546864 0.734548 1.328623
v 15.966376 0.360375 1.543788
v 15.965590 0.297154 1.538512
v 15.981421 0.258713 1.493573
v 16.002754 0.268039 1.433858
v 16.018458 0.320088 1.395628
v 16.018011 0.383768 1.401070
v 16.002778 0.421468 1.446952
v 15.982317 0.411706 1.506320
v 16.438243 -0.025144 1.433923
v 16.438502 -0.051631 1.382985
v 16.447813 -0.033869 1.327566
v 16.462257 0.017690 1.300906
v 16.469825 0.072858 1.317366
v 16.470235 0.099040 1.368666
v 16.462565 0.081144 1.424496
v 16.448187 0.029818 1.451034
v 17.061114 -0.323841 1.202844
v 17.066605 -0.297248 1.150264
v 17.086828 -0.244783 1.131814
v 17.109938 -0.197177 1.158304
v 17.122397 -0.182319 1.214215
v 17.116907 -0.208911 1.266795
v 17.096683 -0.261377 1.285244
v 17.073573 -0.308982 1.258755
v 17.729083 -0.504583 0.914816
v 17.748064 -0.449391 0.905045
v 17.772107 -0.406877 0.938460
v 17.787124 -0.401945 0.995488
v 17.784321 -0.437485 1.042722
v 17.765339 -0.492678 1.052493
v 17.741297 -0.535192 1.019078
v 17.726280 -0.540123 0.962050
v 18.424217 -0.414185 0.717869
v 18.434857 -0.375418 0.761296
v 18.453769 -0.379389 0.817230
v 18.469874 -0.423773 0.852905
v 18.473738 -0.482570 0.847424
v 18.463097 -0.521337 0.803998
v 18.444186 -0.517366 0.748064
v 18.428080 -0.472982 0.712389
v 19.186648 -0.124207 0.628682
v 19.216835 -0.134652 0.677395
v 19.252223 -0.178792 0.698183
v 19.272224 -0.230522 0.679177
v 19.261746 -0.260215 0.632660
v 19.232689 -0.250109 0.583940
v 19.197936 -0.206206 0.562486
v 19.178798 -0.153929 0.580951
v 20.354764 0.023306 0.412111
v 20.385726 -0.013536 0.420220
v 20.400132 -0.051062 0.400203
v 20.388660 -0.068116 0.364334
v 20.357858 -0.054965 0.332745
v 20.325730 -0.018454 0.323708
v 20.312092 0.020247 0.343171
v 20.324020 0.037640 0.380177
v 21.252257 -0.015343 0.148393
v 21.252542 -0.034309 0.137219
v 21.243844 -0.040525 0.117975
v 21.230989 -0.030192 0.101410
v 21.222125 -0.008788 0.097249
v 21.223370 0.010879 0.108256
v 21.232316 0.016838 0.128172
v 21.244411 0.005774 0.144667
v 21.658181 -0.035499 -0.005220
v 21.658194 -0.032987 -0.010384
v 21.658327 -0.027561 -0.012261
v 21.658501 -0.022400 -0.009749
v 21.658616 -0.020526 -0.004322
v 21.658603 -0.023038 0.000842
v 21.658471 -0.028464 0.002718
v 21.658296 -0.033625 0.000207
v 0.382895 0.593489 -0.247890
v 0.363731 0.627391 -0.193714
v 0.365590 0.616519 -0.127932
v 0.388131 0.567242 -0.089077
v 0.417505 0.508424 -0.099910
v 0.436872 0.474522 -0.154086
v 0.434521 0.485393 -0.219869
v 0.412116 0.534671 -0.258724
v 1.325692 1.447925 0.032685
v 1.326366 1.419845 0.121443
v 1.354687 1.342792 0.165459
v 1.394034 1.261901 0.138949
v 1.420545 1.224558 0.057441
v 1.418081 1.252638 -0.031318
v 1.389412 1.329692 -0.075334
v 1.350909 1.410582 -0.048823
v 2.197531 1.659874 0.445683
v 2.224027 1.572499 0.486574
v 2.262760 1.483238 0.456202
v 2.290822 1.445212 0.370545
v 2.292863 1.479468 0.279354
v 2.266173 1.567533 0.237765
v 2.226663 1.656924 0.270664
v 2.198035 1.695389 0.357046
v 3.111036 1.601736 0.667393
v 3.156403 1.507356 0.654605
v 3.187046 1.448590 0.576473
v 3.185749 1.459516 0.477514
v 3.153038 1.537226 0.417143
v 3.108514 1.635908 0.432779
v 3.080245 1.693896 0.513390
v 3.081000 1.678962 0.609714
v 3.979453 1.384890 0.764241
v 4.000524 1.321645 0.698280
v 4.003765 1.321419 0.608116
v 3.984092 1.382931 0.547644
v 3.953392 1.470518 0.551753
v 3.929918 1.532940 0.617837
v 3.928467 1.534279 0.706957
v 3.950040 1.473318 0.767475
v 4.516159 1.104562 0.808587
v 4.519822 1.111184 0.732019
v 4.508100 1.169842 0.686672
v 4.490781 1.246608 0.697924
v 4.477068 1.297182 0.759317
v 4.476518 1.292205 0.834901
v 4.486833 1.233507 0.881299
v 4.501084 1.154710 0.870663
v 5.088857 1.013860 0.768740
v 5.092923 1.078043 0.739859
v 5.089279 1.145744 0.765379
v 5.079625 1.177424 0.830522
v 5.068748 1.154932 0.897663
v 5.064928 1.091126 0.927076
v 5.067285 1.022596 0.901723
v 5.076604 0.990570 0.836323
v 5.841516 1.023338 0.803558
v 5.852924 1.069121 0.854073
v 5.849608 1.065986 0.926589
v 5.834258 1.016977 0.978315
v 5.815330 0.951288 0.979983
v 5.805925 0.906016 0.930441
v 5.809732 0.907521 0.857933
v 5.822992 0.956280 0.805398
v 6.285929 0.753942 0.974480
v 6.283302 0.717299 1.040435
v 6.264380 0.649231 1.070845
v 6.239292 0.590779 1.049666
v 6.223947 0.574680 0.989169
v 6.226331 0.610706 0.924200
v 6.243814 0.678144 0.892130
v 6.269926 0.736973 0.912096
v 6.745784 0.134210 0.896587
v 6.716147 0.059844 0.903714
v 6.678968 0.013498 0.863252
v 6.656025 0.021840 0.799305
v 6.659909 0.080471 0.749023
v 6.687875 0.155684 0.741577
v 6.725083 0.203258 0.781997
v 6.748644 0.194284 0.846633
v 7.213783 -0.430479 0.501311
v 7.171310 -0.467886 0.447317
v 7.143633 -0.449075 0.377116
v 7.147706 -0.385215 0.331853
v 7.181076 -0.313642 0.338227
v 7.223391 -0.276264 0.392845
v 7.250379 -0.295148 0.463084
v 7.246396 -0.359017 0.507918
v 7.633709 -0.750395 -0.139131
v 7.610277 -0.718281 -0.201425
v 7.619415 -0.651157 -0.232252
v 7.656040 -0.588526 -0.213518
v 7.697712 -0.566778 -0.155887
v 7.721355 -0.599219 -0.093783
v 7.711898 -0.666111 -0.063046
v 7.675690 -0.728704 -0.081831
v 8.190388 -0.830673 -0.791427
v 8.204698 -0.762393 -0.808819
v 8.242335 -0.709067 -0.778667
v 8.281253 -0.701932 -0.718634
v 8.298653 -0.745169 -0.663887
v 8.284075 -0.813327 -0.646374
v 8.246440 -0.866650 -0.676524
v 8.207788 -0.873910 -0.736680
v 9.064256 -0.838031 -1.266254
v 9.096786 -0.791693 -1.222006
v 9.125696 -0.795887 -1.156356
v 9.134051 -0.848156 -1.107761
v 9.116957 -0.917881 -1.104687
v 9.084427 -0.964220 -1.148935
v 9.055517 -0.960026 -1.214585
v 9.047161 -0.907757 -1.263180
v 9.978716 -0.824671 -1.361983
v 9.994848 -0.840454 -1.295739
v 9.999923 -0.899794 -1.258680
v 9.990608 -0.967803 -1.272400
v 9.972381 -1.004582 -1.328757
v 9.956069 -0.988716 -1.394753
v 9.951424 -0.929577 -1.431963
v 9.960692 -0.861625 -1.418375
v 10.713843 -0.867614 -1.191763
v 10.721622 -0.929050 -1.168497
v 10.726222 -0.988162 -1.195140
v 10.724988 -1.010302 -1.255874
v 10.718681 -0.982724 -1.315096
v 10.711280 -0.921632 -1.338432
v 10.707108 -0.862574 -1.312237
v 10.707678 -0.840078 -1.251342
v 11.155331 -0.950819 -1.078012
v 11.175486 -1.001479 -1.102706
v 11.191450 -1.013058 -1.158282
v 11.195617 -0.978754 -1.211454
v 11.184944 -0.918708 -1.231598
v 11.164568 -0.868287 -1.208106
v 11.148321 -0.855864 -1.152622
v 11.144257 -0.890254 -1.098771
v 11.497635 -1.008795 -1.098845
v 11.526044 -1.012778 -1.156632
v 11.534958 -0.969328 -1.210933
v 11.519039 -0.903714 -1.230310
v 11.488882 -0.853054 -1.202700
v 11.461345 -0.847733 -1.144746
v 11.452072 -0.891610 -1.090222
v 11.467398 -0.958096 -1.070513
v 11.940645 -0.848689 -1.121927
v 11.952914 -0.795586 -1.182262
v 11.928959 -0.719854 -1.199994
v 11.882775 -0.666042 -1.165561
v 11.841462 -0.665871 -1.099471
v 11.829192 -0.719553 -1.039783
v 11.851969 -0.796065 -1.022082
v 11.897367 -0.849862 -1.056528
v 12.564814 -0.384122 -0.949126
v 12.535203 -0.298170 -0.963555
v 12.476431 -0.241515 -0.920930
v 12.422055 -0.247648 -0.847131
v 12.404730 -0.312642 -0.784405
v 12.434421 -0.398567 -0.769776
v 12.493295 -0.455346 -0.812327
v 12.547212 -0.449436 -0.886800
v 13.230605 0.228554 -0.409588
v 13.170400 0.284959 -0.360110
v 13.114497 0.273384 -0.282682
v 13.095643 0.200609 -0.222660
v 13.124883 0.109265 -0.215204
v 13.185088 0.052860 -0.264682
v 13.240992 0.064436 -0.342110
v 13.259845 0.137211 -0.402132
v 13.891134 0.677589 0.384724
v 13.840407 0.662239 0.465008
v 13.822333 0.585744 0.520471
v 13.847499 0.492914 0.518623
v 13.901163 0.438126 0.460547
v 13.951889 0.453476 0.380264
v 13.969964 0.529971 0.324801
v 13.944797 0.622801 0.326649
v 14.712551 0.754388 1.236123
v 14.699459 0.674863 1.277439
v 14.720326 0.589207 1.259432
v 14.762010 0.547117 1.191499
v 14.799494 0.573377 1.113006
v 14.812633 0.653195 1.071538
v 14.791930 0.739047 1.090170
v 14.750649 0.780935 1.158488
v 15.445528 0.437474 1.585464
v 15.461125 0.367986 1.559340
v 15.491862 0.342313 1.495040
v 15.520174 0.376270 1.430542
v 15.528789 0.449891 1.404050
v 15.512449 0.519254 1.430928
v 15.480990 0.543763 1.494699
v 15.453933 0.510009 1.558783
v 15.985393 0.082289 1.454875
v 16.004252 0.070319 1.394659
v 16.024233 0.108059 1.343215
v 16.032479 0.173271 1.330747
v 16.024394 0.227169 1.364513
v 16.004229 0.238353 1.423866
v 15.984981 0.200862 1.474768
v 15.976839 0.136465 1.487507
v 16.453717 -0.088742 1.174781
v 16.467060 -0.047640 1.133070
v 16.478902 0.010714 1.132443
v 16.482661 0.051931 1.173271
v 16.476334 0.051983 1.231521
v 16.463270 0.011025 1.273064
v 16.451028 -0.047055 1.273705
v 16.447013 -0.088421 1.233054
v 17.110573 -0.153484 0.995748
v 17.134249 -0.099991 1.004693
v 17.152347 -0.069647 1.052166
v 17.154267 -0.080227 1.110359
v 17.138883 -0.125533 1.145183
v 17.115208 -0.179026 1.136238
v 17.097109 -0.209370 1.088765
v 17.095190 -0.198790 1.030572
v 17.830287 -0.251985 0.932378
v 17.850437 -0.230240 0.983595
v 17.855200 -0.250903 1.038843
v 17.841788 -0.301871 1.065759
v 17.818057 -0.353286 1.048576
v 17.797908 -0.375032 0.997359
v 17.793145 -0.354368 0.942111
v 17.806556 -0.303401 0.915195
v 18.489216 -0.288229 0.950821
v 18.507822 -0.318460 0.998170
v 18.517340 -0.375606 1.010242
v 18.512197 -0.426192 0.979965
v 18.495405 -0.440584 0.925075
v 18.476800 -0.410352 0.877726
v 18.467281 -0.353206 0.865654
v 18.472424 -0.302621 0.895931
v 19.339653 -0.226106 0.824730
v 19.366722 -0.277882 0.821264
v 19.369345 -0.318947 0.783155
v 19.348960 -0.325210 0.731590
v 19.314442 -0.293286 0.697439
v 19.286960 -0.241384 0.700490
v 19.284329 -0.199880 0.738809
v 19.304855 -0.193701 0.790840
v 20.473106 -0.153494 0.410838
v 20.469393 -0.180018 0.380899
v 20.446406 -0.179913 0.345916
v 20.416655 -0.152839 0.326171
v 20.397968 -0.114127 0.333649
v 20.401772 -0.086942 0.364335
v 20.424977 -0.087736 0.399972
v 20.455430 -0.115432 0.418701
v 21.231583 -0.090867 0.082923
v 21.217978 -0.087853 0.063082
v 21.207312 -0.069827 0.052043
v 21.205225 -0.047486 0.056980
v 21.213909 -0.034445 0.074824
v 21.228019 -0.038329 0.094480
v 21.238936 -0.056215 0.104552
v 21.240381 -0.077701 0.099803
v 21.658426 -0.018692 -0.025658
v 21.658596 -0.013007 -0.024865
v 21.658745 -0.009548 -0.020284
v 21.658788 -0.010342 -0.014596
v 21.658698 -0.014924 -0.011135
v 21.658527 -0.020609 -0.011927
v 21.658377 -0.024068 -0.016509
v 21.658335 -0.023274 -0.022196
v 0.320794 0.692384 0.036643
v 0.336302 0.655995 0.090338
v 0.364994 0.596696 0.100362
v 0.389860 0.549225 0.060845
v 0.397009 0.541389 -0.005066
v 0.381579 0.577779 -0.058760
v 0.352808 0.637077 -0.068785
v 0.327839 0.684548 -0.029267
v 1.379346 1.235100 0.401856
v 1.420587 1.149491 0.404071
v 1.456081 1.090165 0.340154
v 1.464280 1.091874 0.247547
v 1.440923 1.153617 0.180498
v 1.400135 1.239225 0.178283
v 1.366110 1.298551 0.242200
v 1.357975 1.296842 0.334807
v 2.347751 1.221314 0.554646
v 2.382300 1.152014 0.490774
v 2.391298 1.153330 0.392864
v 2.374251 1.225832 0.319668
v 2.340226 1.328455 0.315373
v 2.306157 1.397385 0.381976
v 2.293292 1.392529 0.478664
v 2.310159 1.319689 0.549267
v 3.300097 1.185406 0.515373
v 3.313004 1.164409 0.418058
v 3.293881 1.218284 0.332355
v 3.254282 1.315213 0.309667
v 3.218458 1.395140 0.363930
v 3.205847 1.413987 0.461159
v 3.225778 1.360888 0.545321
v 3.264650 1.266950 0.567621
v 4.047272 1.166896 0.407777
v 4.033598 1.208193 0.330803
v 4.001701 1.292245 0.308272
v 3.978394 1.369421 0.351179
v 3.975296 1.397814 0.433877
v 3.992065 1.359953 0.509581
v 4.020458 1.276757 0.533542
v 4.042107 1.195561 0.491855
v 4.499578 1.211457 0.485718
v 4.477964 1.282965 0.475433
v 4.465888 1.349127 0.517911
v 4.464767 1.369765 0.590255
v 4.471983 1.331364 0.651200
v 4.491077 1.258325 0.662981
v 4.504084 1.191783 0.619531
v 4.506829 1.172229 0.546078
v 5.107002 1.334478 0.708160
v 5.101096 1.383692 0.761580
v 5.086095 1.381642 0.832880
v 5.078693 1.331892 0.880145
v 5.074944 1.260838 0.876690
v 5.081875 1.211400 0.823751
v 5.095464 1.212891 0.752036
v 5.102397 1.262981 0.704404
v 5.872519 1.161628 1.087564
v 5.861101 1.126488 1.151097
v 5.842136 1.063805 1.172239
v 5.827219 1.010580 1.139855
v 5.825044 0.997045 1.072361
v 5.836629 1.032155 1.008312
v 5.856504 1.094569 0.985287
v 5.872411 1.148263 1.018370
v 6.241343 0.515091 1.235590
v 6.215869 0.446357 1.232214
v 6.196378 0.412200 1.184143
v 6.193563 0.432700 1.119913
v 6.209556 0.495911 1.075567
v 6.234415 0.565500 1.077433
v 6.253738 0.599861 1.125459
v 6.256576 0.579194 1.191784
v 6.588016 -0.194515 0.851116
v 6.557346 -0.211374 0.790782
v 6.550222 -0.169837 0.734272
v 6.571918 -0.095198 0.710765
v 6.608906 -0.030371 0.735009
v 6.640086 -0.013222 0.794965
v 6.646269 -0.055175 0.853849
v 6.625518 -0.129863 0.877759
v 7.025345 -0.529292 0.209183
v 7.015355 -0.479839 0.148855
v 7.038411 -0.405518 0.132997
v 7.081325 -0.350291 0.170913
v 7.118434 -0.346366 0.240326
v 7.127674 -0.395747 0.300676
v 7.104662 -0.469731 0.316322
v 7.062278 -0.525081 0.278602
v 7.564726 -0.536838 -0.397740
v 7.592550 -0.467148 -0.399380
v 7.636663 -0.426297 -0.354457
v 7.671168 -0.438259 -0.289394
v 7.675548 -0.495768 -0.242222
v 7.648786 -0.565772 -0.241084
v 7.605110 -0.606751 -0.286027
v 7.570012 -0.594676 -0.350784
v 8.297260 -0.517398 -0.805213
v 8.338704 -0.489506 -0.753481
v 8.365982 -0.513822 -0.691668
v 8.364398 -0.576556 -0.656577
v 8.333980 -0.640633 -0.668336
v 8.292545 -0.668518 -0.720056
v 8.265250 -0.644239 -0.781875
v 8.266834 -0.581490 -0.816975
v 9.218996 -0.686635 -1.015724
v 9.236995 -0.722027 -0.955834
v 9.229671 -0.789636 -0.932624
v 9.201315 -0.849858 -0.959690
v 9.168537 -0.867416 -1.021177
v 9.150538 -0.832025 -1.081067
v 9.157862 -0.764416 -1.104277
v 9.186218 -0.704193 -1.077212
v 10.040986 -0.968760 -1.079631
v 10.037376 -1.038409 -1.072392
v 10.021969 -1.091784 -1.114942
v 10.003490 -1.097583 -1.182162
v 9.993449 -1.052656 -1.234973
v 9.997248 -0.983154 -1.242352
v 10.012552 -0.929706 -1.199873
v 10.030603 -0.923705 -1.132435
v 10.744156 -1.165329 -1.152484
v 10.744549 -1.204631 -1.202789
v 10.739797 -1.196279 -1.267040
v 10.733259 -1.145420 -1.307984
v 10.728515 -1.081564 -1.301720
v 10.728133 -1.041953 -1.251624
v 10.732346 -1.050021 -1.186908
v 10.739068 -1.101226 -1.145807
v 11.245689 -1.137118 -1.243279
v 11.254985 -1.119764 -1.300054
v 11.249260 -1.067700 -1.336155
v 11.233299 -1.010299 -1.330107
v 11.214684 -0.981568 -1.285871
v 11.205173 -0.998737 -1.228883
v 11.210327 -1.051837 -1.192553
v 11.227283 -1.109317 -1.198725
v 11.609794 -0.955394 -1.371160
v 11.604021 -0.895061 -1.405643
v 11.575636 -0.835559 -1.397624
v 11.544432 -0.810465 -1.350493
v 11.525559 -0.836470 -1.293535
v 11.530438 -0.898348 -1.259459
v 11.558141 -0.958277 -1.267498
v 11.590637 -0.982035 -1.314466
v 11.949279 -0.551963 -1.349070
v 11.908807 -0.484656 -1.334293
v 11.862025 -0.460617 -1.277105
v 11.835903 -0.494210 -1.210998
v 11.845038 -0.566169 -1.174597
v 11.883727 -0.634075 -1.189248
v 11.931348 -0.657561 -1.246288
v 11.958357 -0.623702 -1.313043
v 12.374943 -0.005851 -0.933342
v 12.314571 0.014977 -0.867340
v 12.279905 -0.029174 -0.794736
v 12.291072 -0.112555 -0.758185
v 12.341666 -0.186342 -0.779094
v 12.402122 -0.207200 -0.845188
v 12.436956 -0.162886 -0.917675
v 12.425701 -0.079475 -0.954130
v 12.940571 0.402996 -0.123334
v 12.904036 0.351213 -0.050961
v 12.914569 0.260763 -0.019943
v 12.966002 0.184630 -0.048452
v 13.028205 0.167413 -0.119787
v 13.064740 0.219196 -0.192160
v 13.054207 0.309646 -0.223177
v 13.002774 0.385778 -0.194669
v 13.690924 0.508958 0.742454
v 13.699182 0.415927 0.765505
v 13.744634 0.340183 0.727410
v 13.800654 0.326095 0.650485
v 13.834426 0.381916 0.579790
v 13.826168 0.474947 0.556739
v 13.780715 0.550691 0.594833
v 13.724696 0.564779 0.671759
v 14.700807 0.352807 1.350739
v 14.736169 0.287597 1.298774
v 14.778913 0.285827 1.218822
v 14.803698 0.348683 1.157665
v 14.795938 0.439176 1.151294
v 14.760489 0.504170 1.203469
v 14.717868 0.505689 1.283227
v 14.693174 0.443063 1.344160
v 15.540842 0.156987 1.391893
v 15.571861 0.166970 1.320112
v 15.590976 0.230125 1.274781
v 15.586849 0.308993 1.282789
v 15.561389 0.356965 1.338648
v 15.530987 0.346508 1.410032
v 15.512073 0.284016 1.454886
v 15.516084 0.205665 1.447549
v 16.077606 0.099238 1.166688
v 16.090977 0.158312 1.135718
v 16.089949 0.222060 1.153364
v 16.075385 0.253014 1.208842
v 16.055843 0.233559 1.269509
v 16.042368 0.175217 1.300201
v 16.043386 0.111647 1.283330
v 16.057683 0.079971 1.227972
v 16.514346 0.140028 1.031062
v 16.521443 0.191652 1.057066
v 16.520156 0.209351 1.112795
v 16.509709 0.182950 1.165172
v 16.496673 0.127899 1.183833
v 16.488181 0.076282 1.157685
v 16.490779 0.058286 1.102352
v 16.503091 0.084643 1.050232
v 17.218717 0.074814 1.098422
v 17.227859 0.081281 1.156531
v 17.218821 0.047569 1.204320
v 17.196897 -0.006575 1.213796
v 17.174931 -0.049434 1.179407
v 17.165789 -0.055902 1.121299
v 17.174827 -0.022190 1.073509
v 17.196751 0.031954 1.064034
v 17.906139 -0.209379 1.190812
v 17.899609 -0.251132 1.232237
v 17.878512 -0.306417 1.232967
v 17.855204 -0.342847 1.192574
v 17.843340 -0.339084 1.134720
v 17.849870 -0.297331 1.093295
v 17.870967 -0.242046 1.092565
v 17.894275 -0.205616 1.132957
v 18.567045 -0.478097 1.130402
v 18.567903 -0.535548 1.116239
v 18.554874 -0.566895 1.067766
v 18.535590 -0.553775 1.013378
v 18.521347 -0.503873 0.984935
v 18.520490 -0.446422 0.999099
v 18.533519 -0.415075 1.047572
v 18.552803 -0.428195 1.101959
v 19.432044 -0.463102 0.756576
v 19.418622 -0.485239 0.707762
v 19.387607 -0.468181 0.663644
v 19.357219 -0.421587 0.650011
v 19.344241 -0.372888 0.675476
v 19.358050 -0.350642 0.724659
v 19.389636 -0.368069 0.768661
v 19.421806 -0.414387 0.781202
v 20.417018 -0.245865 0.256451
v 20.385863 -0.229126 0.227287
v 20.362020 -0.192195 0.221973
v 20.357655 -0.157270 0.244629
v 20.378391 -0.145114 0.281089
v 20.410425 -0.162714 0.309567
v 20.434320 -0.199143 0.313911
v 20.437571 -0.233208 0.291928
v 21.163343 -0.051431 -0.006058
v 21.156164 -0.027641 -0.008334
v 21.160463 -0.008509 0.006536
v 21.175112 -0.005684 0.029224
v 21.189884 -0.020207 0.046073
v 21.197752 -0.043094 0.047687
v 21.193295 -0.061552 0.033665
v 21.179039 -0.065271 0.011598
v 21.659234 0.005927 -0.015990
v 21.659325 0.006929 -0.010336
v 21.659286 0.003640 -0.005628
v 21.659137 -0.002012 -0.004624
v 21.658967 -0.006717 -0.007912
v 21.658874 -0.007719 -0.013566
v 21.658914 -0.004431 -0.018274
v 21.659063 0.001222 -0.019278
v -0.484371 -0.091492 -0.380225
v -0.512931 -0.041626 -0.346548
v -0.528313 -0.030602 -0.282568
v -0.521507 -0.064877 -0.225762
v -0.496236 -0.124374 -0.209408
v -0.467646 -0.174240 -0.243084
v -0.452264 -0.185265 -0.307065
v -0.459335 -0.150989 -0.363871
v -2.047376 -0.446145 -0.504808
v -2.069393 -0.442199 -0.413953
v -2.056490 -0.502155 -0.341950
v -2.017493 -0.591754 -0.331206
v -1.975090 -0.658555 -0.387995
v -1.953479 -0.662114 -0.478774
v -1.966470 -0.600562 -0.550517
v -2.004698 -0.511401 -0.561317
v -2.953235 -0.601370 -0.417898
v -2.949436 -0.669684 -0.340256
v -2.917676 -0.777063 -0.326657
v -2.877798 -0.857761 -0.385684
v -2.853460 -0.865146 -0.480468
v -2.857322 -0.796554 -0.555327
v -2.888010 -0.692598 -0.568260
v -2.928410 -0.612006 -0.512134
v -3.771751 -0.861122 -0.338036
v -3.735334 -0.966938 -0.312611
v -3.696857 -1.055167 -0.362334
v -3.674818 -1.072252 -0.455163
v -3.684717 -1.015115 -0.537621
v -3.721225 -0.916539 -0.563882
v -3.760946 -0.829084 -0.517967
v -3.783496 -0.804080 -0.424149
v -4.396747 -1.062422 -0.463460
v -4.361763 -1.136671 -0.505612
v -4.348977 -1.164563 -0.584629
v -4.365861 -1.132530 -0.656154
v -4.400953 -1.056252 -0.680162
v -4.432551 -0.978212 -0.641244
v -4.444988 -0.947289 -0.560062
v -4.430969 -0.983355 -0.485552
v -4.866108 -1.079778 -0.868790
v -4.856681 -1.104246 -0.941987
v -4.865348 -1.076004 -1.005803
v -4.886968 -1.010750 -1.022937
v -4.909351 -0.946773 -0.982514
v -4.921106 -0.923186 -0.907990
v -4.913246 -0.952882 -0.844012
v -4.890668 -1.017809 -0.828071
v -5.534353 -0.916743 -1.323621
v -5.520917 -0.871058 -1.375139
v -5.514583 -0.802443 -1.376902
v -5.518205 -0.750425 -1.327571
v -5.529153 -0.746994 -1.255621
v -5.541627 -0.793711 -1.203144
v -5.544914 -0.862326 -1.201396
v -5.545257 -0.914242 -1.251523
v -6.270811 -0.293489 -1.516456
v -6.255888 -0.232866 -1.488495
v -6.250173 -0.217175 -1.426865
v -6.255994 -0.253663 -1.365981
v -6.270423 -0.321439 -1.340456
v -6.288072 -0.381064 -1.365909
v -6.294736 -0.397211 -1.428834
v -6.287252 -0.361508 -1.491901
v -6.593946 0.359859 -1.163887
v -6.583038 0.349064 -1.103775
v -6.590841 0.288112 -1.064241
v -6.615003 0.211845 -1.066915
v -6.639801 0.164902 -1.111687
v -6.649059 0.175229 -1.174029
v -6.640594 0.237374 -1.215055
v -6.618116 0.313788 -1.210595
v -6.938066 0.624887 -0.495537
v -6.948036 0.553226 -0.469606
v -6.981258 0.481681 -0.492101
v -7.018205 0.452413 -0.551081
v -7.036771 0.483313 -0.611602
v -7.027032 0.556214 -0.637414
v -6.993391 0.627374 -0.614190
v -6.956205 0.655484 -0.555606
v -7.491300 0.537213 0.077449
v -7.529462 0.475249 0.044605
v -7.573299 0.464367 -0.020960
v -7.596645 0.510709 -0.080914
v -7.586151 0.587031 -0.100045
v -7.548755 0.649055 -0.067040
v -7.505647 0.660345 -0.001338
v -7.481596 0.613969 0.058448
v -8.191049 0.454421 0.379748
v -8.231679 0.458964 0.317403
v -8.250013 0.514081 0.270650
v -8.235353 0.587445 0.266767
v -8.195915 0.636090 0.307809
v -8.155607 0.631814 0.370254
v -8.137209 0.576754 0.417162
v -8.151897 0.503228 0.421116
v -8.947567 0.624119 0.628313
v -8.958864 0.685346 0.592364
v -8.938644 0.753802 0.600935
v -8.898750 0.789389 0.649006
v -8.862552 0.771258 0.708418
v -8.851532 0.710104 0.744508
v -8.871753 0.641643 0.735936
v -8.911649 0.606054 0.687861
v -9.736671 1.005125 0.968901
v -9.715265 1.069716 0.991990
v -9.681829 1.094172 1.050703
v -9.655948 1.064168 1.110647
v -9.652784 0.997278 1.136708
v -9.674190 0.932687 1.113619
v -9.707628 0.908231 1.054906
v -9.733509 0.938236 0.994962
v -10.471321 1.289949 1.390468
v -10.453020 1.301555 1.456730
v -10.438539 1.261113 1.511858
v -10.436626 1.192368 1.523785
v -10.448362 1.135473 1.485477
v -10.466939 1.123789 1.419292
v -10.481718 1.164312 1.364117
v -10.483362 1.233159 1.352124
v -11.202833 1.218264 1.681172
v -11.195869 1.170477 1.724663
v -11.190357 1.106433 1.723708
v -11.189220 1.063339 1.678578
v -11.193189 1.066625 1.615457
v -11.199880 1.114627 1.571463
v -11.205703 1.179086 1.572766
v -11.206934 1.221945 1.618329
v -11.735683 0.924428 1.679840
v -11.723320 0.864011 1.676924
v -11.704814 0.828661 1.637533
v -11.690624 0.839467 1.584556
v -11.689992 0.890601 1.549136
v -11.702798 0.951887 1.552502
v -11.721365 0.986830 1.592510
v -11.735462 0.975035 1.644783
v -12.017568 0.596465 1.585165
v -11.985591 0.562511 1.542101
v -11.959835 0.580005 1.488280
v -11.955137 0.639439 1.455084
v -11.974517 0.705688 1.461913
v -12.005659 0.739605 1.506156
v -12.031976 0.721042 1.559950
v -12.036882 0.661850 1.592630
v -12.212614 0.295279 1.244952
v -12.177789 0.321043 1.181749
v -12.172367 0.392251 1.145186
v -12.200870 0.466991 1.156440
v -12.246257 0.500983 1.208874
v -12.282135 0.474424 1.272260
v -12.287363 0.403280 1.308868
v -12.258472 0.329277 1.297299
v -12.584327 0.164741 0.581621
v -12.576141 0.248553 0.545057
v -12.613531 0.330652 0.562107
v -12.674703 0.362849 0.622768
v -12.723173 0.326328 0.691873
v -12.731121 0.242441 0.728487
v -12.694238 0.160421 0.710954
v -12.632741 0.128260 0.650651
v -13.299732 0.257019 -0.186460
v -13.337356 0.341824 -0.161032
v -13.399770 0.371189 -0.093976
v -13.450410 0.327912 -0.024572
v -13.459613 0.237343 0.006523
v -13.421989 0.152538 -0.018905
v -13.359575 0.123173 -0.085961
v -13.308935 0.166450 -0.155365
v -14.255720 0.408324 -0.759667
v -14.311552 0.433739 -0.685564
v -14.357715 0.386292 -0.615766
v -14.367172 0.293775 -0.591160
v -14.334381 0.210384 -0.626159
v -14.278551 0.184969 -0.700263
v -14.232385 0.232417 -0.770061
v -14.222929 0.324933 -0.794667
v -15.354112 0.427346 -1.050957
v -15.389312 0.371279 -0.987960
v -15.395435 0.280390 -0.978463
v -15.368896 0.208173 -1.027981
v -15.325494 0.196890 -1.107365
v -15.291055 0.252941 -1.170470
v -15.284675 0.343487 -1.179868
v -15.311086 0.415801 -1.130669
v -16.136953 0.276556 -1.110890
v -16.141159 0.196922 -1.114928
v -16.125143 0.143194 -1.170729
v -16.095459 0.146497 -1.243999
v -16.072353 0.204533 -1.293442
v -16.067981 0.283672 -1.289881
v -16.085403 0.337938 -1.235249
v -16.113798 0.335118 -1.160858
v -16.584449 0.175423 -1.149682
v -16.573833 0.140539 -1.202390
v -16.554557 0.155049 -1.263315
v -16.538282 0.210149 -1.297379
v -16.535783 0.274099 -1.285496
v -16.546844 0.309693 -1.233423
v -16.565052 0.295553 -1.171387
v -16.580017 0.239720 -1.136362
v -17.005016 0.254990 -1.250261
v -16.998155 0.277608 -1.304083
v -16.985553 0.331053 -1.326908
v -16.974470 0.384168 -1.305377
v -16.971942 0.405923 -1.252133
v -16.979320 0.383397 -1.198247
v -16.992670 0.329753 -1.175571
v -17.002286 0.276493 -1.196865
v -17.703628 0.581525 -1.341221
v -17.685602 0.635978 -1.355780
v -17.661918 0.681496 -1.326298
v -17.646450 0.691415 -1.270045
v -17.648256 0.659924 -1.219974
v -17.666282 0.605471 -1.205416
v -17.689966 0.559953 -1.234898
v -17.705436 0.550034 -1.291151
v -18.319345 1.040720 -1.192947
v -18.295160 1.080904 -1.156858
v -18.277357 1.081129 -1.100422
v -18.276365 1.041263 -1.056699
v -18.292764 0.984660 -1.051300
v -18.316949 0.944476 -1.087389
v -18.334753 0.944251 -1.143825
v -18.335744 0.984117 -1.187549
v -19.017679 1.242042 -0.810265
v -18.999605 1.233962 -0.754497
v -18.982032 1.187356 -0.722541
v -18.975257 1.129526 -0.733116
v -18.983247 1.094348 -0.780027
v -19.001321 1.102428 -0.835795
v -19.018894 1.149034 -0.867751
v -19.025669 1.206864 -0.857176
v -19.802841 0.925748 -0.387272
v -19.768547 0.882748 -0.368243
v -19.747671 0.834400 -0.390001
v -19.751447 0.809573 -0.440106
v -19.780031 0.822431 -0.488427
v -19.814260 0.865607 -0.506988
v -19.835168 0.913462 -0.485047
v -19.831428 0.938057 -0.435412
v -20.727640 0.463990 -0.111652
v -20.711946 0.427500 -0.133337
v -20.724889 0.412625 -0.173000
v -20.759153 0.428059 -0.206372
v -20.793470 0.463888 -0.214107
v -20.808393 0.499090 -0.192573
v -20.795854 0.513925 -0.154255
v -20.762422 0.499789 -0.120720
v -21.611969 0.246708 -0.023149
v -21.623222 0.242575 -0.046210
v -21.639068 0.256891 -0.064268
v -21.651107 0.280708 -0.066996
v -21.651546 0.300327 -0.053580
v -21.640407 0.304970 -0.031441
v -21.623878 0.291534 -0.012899
v -21.611721 0.267204 -0.009207
v -22.127021 0.301754 -0.011151
v -22.126911 0.307314 -0.012584
v -22.126735 0.312257 -0.009666
v -22.126602 0.313688 -0.004106
v -22.126586 0.310768 0.000839
v -22.126701 0.305209 0.002273
v -22.126876 0.300265 -0.000645
v -22.127006 0.298835 -0.006206
v -0.605352 0.095066 -0.168229
v -0.607836 0.077877 -0.103798
v -0.588714 0.024699 -0.068472
v -0.559114 -0.033318 -0.082947
v -0.536641 -0.062189 -0.138742
v -0.534193 -0.045000 -0.203174
v -0.553581 0.008178 -0.238500
v -0.582879 0.066195 -0.224025
v -2.104971 -0.523339 -0.086193
v -2.075763 -0.607907 -0.048157
v -2.030506 -0.690432 -0.079873
v -1.996997 -0.720662 -0.162943
v -1.993925 -0.684392 -0.248626
v -2.023510 -0.599937 -0.286629
v -2.068862 -0.517874 -0.255057
v -2.101236 -0.486939 -0.171941
v -2.889705 -1.003572 -0.147240
v -2.851779 -1.099899 -0.185505
v -2.821044 -1.135747 -0.273572
v -2.814117 -1.092549 -0.359233
v -2.835228 -0.996956 -0.393758
v -2.872058 -0.900779 -0.357517
v -2.906252 -0.861167 -0.270577
v -2.912937 -0.903814 -0.182780
v -3.590022 -1.348516 -0.357586
v -3.556287 -1.391504 -0.442002
v -3.551742 -1.359129 -0.527321
v -3.578599 -1.269349 -0.566945
v -3.621341 -1.171262 -0.538900
v -3.655372 -1.122931 -0.456128
v -3.657674 -1.154820 -0.365909
v -3.631263 -1.250212 -0.324660
v -4.250201 -1.358507 -0.737003
v -4.253315 -1.353102 -0.818014
v -4.283792 -1.293892 -0.860500
v -4.325171 -1.214365 -0.840717
v -4.352081 -1.159718 -0.768349
v -4.350171 -1.165120 -0.684602
v -4.318784 -1.226984 -0.640707
v -4.277353 -1.307155 -0.663100
v -4.834238 -1.114575 -1.219266
v -4.849027 -1.058607 -1.260182
v -4.873422 -0.988978 -1.242723
v -4.892623 -0.946623 -1.176759
v -4.896644 -0.957288 -1.101138
v -4.882352 -1.013983 -1.060821
v -4.859174 -1.083396 -1.078736
v -4.838731 -1.124813 -1.144234
v -5.489046 -0.650062 -1.503129
v -5.491167 -0.585488 -1.471975
v -5.499778 -0.560825 -1.404306
v -5.510364 -0.591388 -1.340136
v -5.515302 -0.657441 -1.316133
v -5.513755 -0.722273 -1.346979
v -5.506736 -0.747606 -1.414690
v -5.494369 -0.717398 -1.479423
v -6.209835 -0.056197 -1.327082
v -6.210584 -0.069543 -1.261242
v -6.223466 -0.129515 -1.220368
v -6.239646 -0.200476 -1.226955
v -6.249586 -0.241446 -1.278962
v -6.249052 -0.228210 -1.346264
v -6.237169 -0.168039 -1.388142
v -6.221733 -0.096602 -1.379493
v -6.563932 0.242082 -0.887484
v -6.582656 0.169005 -0.866764
v -6.609907 0.103948 -0.895593
v -6.629627 0.085361 -0.958337
v -6.630949 0.125214 -1.016999
v -6.612369 0.199298 -1.036819
v -6.585058 0.263665 -1.006520
v -6.564819 0.281048 -0.945023
v -7.018274 0.272334 -0.429843
v -7.054285 0.221521 -0.475836
v -7.083482 0.227793 -0.541935
v -7.087064 0.287560 -0.588732
v -7.063997 0.364904 -0.589836
v -7.026487 0.414737 -0.543801
v -6.996955 0.408254 -0.478776
v -6.994134 0.349451 -0.431786
v -7.684326 0.309115 -0.135322
v -7.716852 0.333944 -0.202652
v -7.720417 0.403261 -0.240809
v -7.692653 0.476493 -0.227564
v -7.650201 0.511039 -0.170789
v -7.617149 0.486394 -0.103572
v -7.613605 0.416988 -0.065085
v -7.641584 0.343474 -0.078260
v -8.353752 0.552682 0.096030
v -8.351654 0.623368 0.073076
v -8.320608 0.686552 0.097825
v -8.278738 0.705357 0.155866
v -8.250587 0.668680 0.213351
v -8.252702 0.597864 0.236517
v -8.283834 0.534485 0.211642
v -8.325683 0.515809 0.153388
v -8.953237 0.936085 0.518052
v -8.918806 0.988822 0.552643
v -8.879392 0.993148 0.612353
v -8.857076 0.946170 0.661756
v -8.865121 0.875461 0.671963
v -8.899572 0.822697 0.637354
v -8.940246 0.818785 0.578201
v -8.962545 0.865789 0.528814
v -9.612920 1.262254 1.136833
v -9.581693 1.253677 1.200978
v -9.568351 1.197619 1.243906
v -9.580713 1.126917 1.240471
v -9.611534 1.082988 1.192685
v -9.642763 1.091564 1.128540
v -9.656105 1.147623 1.085612
v -9.643743 1.218324 1.089047
v -10.386076 1.267685 1.698658
v -10.378427 1.206024 1.730259
v -10.385255 1.139663 1.711207
v -10.402223 1.107353 1.652322
v -10.419757 1.128192 1.588275
v -10.427425 1.190004 1.556597
v -10.420721 1.256474 1.575898
v -10.403545 1.288595 1.634740
v -11.170625 0.958267 1.827705
v -11.167327 0.902195 1.798569
v -11.169168 0.884927 1.738567
v -11.175315 0.916902 1.682919
v -11.181978 0.979402 1.664459
v -11.185522 1.035514 1.694148
v -11.183374 1.052315 1.754073
v -11.177293 1.020318 1.809300
v -11.663986 0.662555 1.608296
v -11.645978 0.652904 1.556719
v -11.638835 0.690029 1.510657
v -11.646892 0.752305 1.497302
v -11.665826 0.802538 1.524707
v -11.682087 0.811734 1.577793
v -11.691154 0.773779 1.621487
v -11.681695 0.712846 1.635983
v -11.869377 0.505592 1.353667
v -11.854902 0.551716 1.307401
v -11.865137 0.621495 1.297068
v -11.894416 0.673246 1.329086
v -11.924715 0.676516 1.384560
v -11.939386 0.629937 1.430300
v -11.929008 0.561216 1.440233
v -11.899951 0.509847 1.408635
v -12.086574 0.493222 0.971531
v -12.102981 0.573527 0.962121
v -12.143207 0.628709 1.001338
v -12.184766 0.626214 1.066279
v -12.202713 0.568045 1.118762
v -12.187013 0.488285 1.127347
v -12.146261 0.433436 1.088104
v -12.104629 0.435281 1.023650
v -12.613935 0.575598 0.482565
v -12.669300 0.632429 0.529222
v -12.727014 0.623128 0.600387
v -12.753780 0.552931 0.653899
v -12.732933 0.463395 0.659114
v -12.677530 0.406699 0.612466
v -12.619648 0.416081 0.541550
v -12.592704 0.486160 0.488060
v -13.522787 0.590442 0.002129
v -13.582574 0.575489 0.075993
v -13.610614 0.498428 0.126288
v -13.590480 0.404400 0.123551
v -13.533966 0.348485 0.069386
v -13.474176 0.363438 -0.004479
v -13.446136 0.440499 -0.054773
v -13.466272 0.534527 -0.052036
v -14.516044 0.422680 -0.401175
v -14.542289 0.342546 -0.354874
v -14.525369 0.248574 -0.366592
v -14.475194 0.195813 -0.429465
v -14.421155 0.215170 -0.506662
v -14.394910 0.295305 -0.552963
v -14.411830 0.389276 -0.541245
v -14.462005 0.442037 -0.478373
v -15.481771 0.097774 -0.821062
v -15.467893 0.011851 -0.849162
v -15.428863 -0.026661 -0.922351
v -15.386777 0.004719 -0.997238
v -15.368230 0.087309 -1.031176
v -15.382642 0.173108 -1.003622
v -15.421735 0.211871 -0.930567
v -15.461723 0.180669 -0.854419
v -16.126024 -0.073014 -1.208313
v -16.098379 -0.093097 -1.277961
v -16.069183 -0.054292 -1.339996
v -16.056352 0.020594 -1.359178
v -16.066757 0.088379 -1.323920
v -16.094556 0.109308 -1.254317
v -16.123477 0.070504 -1.191174
v -16.135459 -0.005190 -1.171677
v -16.514740 0.080412 -1.415399
v -16.494730 0.121538 -1.461976
v -16.486711 0.185309 -1.469898
v -16.494054 0.235006 -1.433692
v -16.512445 0.241260 -1.373899
v -16.530832 0.199804 -1.325660
v -16.540000 0.135192 -1.318541
v -16.533424 0.085822 -1.356019
v -16.962694 0.412967 -1.467817
v -16.949113 0.470286 -1.463728
v -16.941719 0.507467 -1.420150
v -16.945261 0.502706 -1.362632
v -16.955476 0.458422 -1.324112
v -16.969356 0.400964 -1.328395
v -16.977962 0.363981 -1.372614
v -16.974706 0.368968 -1.430161
v -17.606224 0.836175 -1.345941
v -17.585943 0.862436 -1.296941
v -17.580343 0.846552 -1.240210
v -17.592706 0.797829 -1.208981
v -17.615789 0.744808 -1.221547
v -17.636072 0.718547 -1.270548
v -17.641672 0.734431 -1.327279
v -17.629308 0.783154 -1.358507
v -18.209919 1.177882 -0.984216
v -18.201501 1.152385 -0.931480
v -18.211595 1.098622 -0.908906
v -18.234289 1.048086 -0.929717
v -18.256288 1.030380 -0.981723
v -18.264707 1.055878 -1.034459
v -18.254612 1.109641 -1.057033
v -18.231916 1.160177 -1.036221
v -18.929407 1.143631 -0.571770
v -18.917377 1.086134 -0.564594
v -18.919546 1.038276 -0.599335
v -18.934644 1.028090 -0.655641
v -18.953825 1.061544 -0.700529
v -18.965852 1.119041 -0.707705
v -18.963682 1.166899 -0.672964
v -18.948587 1.177085 -0.616658
v -19.650201 0.703725 -0.355530
v -19.643304 0.666019 -0.397707
v -19.663778 0.663736 -0.451362
v -19.699358 0.698049 -0.484770
v -19.729297 0.748508 -0.478553
v -19.736017 0.785772 -0.436708
v -19.715864 0.788295 -0.383482
v -19.680257 0.754460 -0.349778
v -20.688779 0.315668 -0.248103
v -20.714704 0.320227 -0.287025
v -20.751867 0.351861 -0.305628
v -20.778970 0.391353 -0.293644
v -20.780744 0.416196 -0.258691
v -20.755086 0.412604 -0.220719
v -20.716951 0.381973 -0.201237
v -20.689344 0.341524 -0.212319
v -21.671020 0.254164 -0.124839
v -21.683601 0.274718 -0.133136
v -21.688518 0.296688 -0.125539
v -21.684509 0.307841 -0.106204
v -21.671249 0.301723 -0.086563
v -21.657585 0.281311 -0.077608
v -21.652145 0.258449 -0.085144
v -21.658195 0.247210 -0.104865
v -22.126373 0.328205 -0.011592
v -22.126213 0.331283 -0.006747
v -22.126144 0.330034 -0.001142
v -22.126209 0.325188 0.001939
v -22.126369 0.319585 0.000692
v -22.126533 0.316506 -0.004153
v -22.126602 0.317756 -0.009758
v -22.126533 0.322601 -0.012839
v -0.584569 -0.044356 0.104891
v -0.557295 -0.104845 0.111036
v -0.529931 -0.148736 0.068887
v -0.518506 -0.150317 0.003136
v -0.529634 -0.108662 -0.047702
v -0.556877 -0.048173 -0.053846
v -0.584241 -0.004283 -0.011698
v -0.595699 -0.002702 0.054053
v -1.941894 -0.927679 -0.004813
v -1.904750 -0.981622 -0.072043
v -1.887551 -0.971546 -0.163358
v -1.902145 -0.903353 -0.225266
v -1.940061 -0.816990 -0.221503
v -1.979694 -0.763047 -0.154274
v -1.996247 -0.773122 -0.062959
v -1.979944 -0.841315 -0.001051
v -2.713102 -1.372422 -0.421741
v -2.694107 -1.356065 -0.513463
v -2.704185 -1.277433 -0.568858
v -2.738844 -1.181176 -0.556506
v -2.775589 -1.121478 -0.482411
v -2.795379 -1.131355 -0.387867
v -2.784694 -1.212577 -0.330420
v -2.751208 -1.312952 -0.345120
v -3.470655 -1.457927 -0.785650
v -3.485879 -1.392967 -0.849208
v -3.524711 -1.296855 -0.846760
v -3.564166 -1.223088 -0.778800
v -3.582394 -1.215813 -0.681080
v -3.566245 -1.282752 -0.612430
v -3.526882 -1.383157 -0.616269
v -3.488610 -1.455331 -0.689109
v -4.290636 -1.247603 -1.093122
v -4.327716 -1.170580 -1.105101
v -4.364023 -1.101582 -1.052657
v -4.379858 -1.081796 -0.964040
v -4.366396 -1.123903 -0.891354
v -4.329848 -1.202718 -0.879610
v -4.291385 -1.270978 -0.935732
v -4.276777 -1.289648 -1.024098
v -4.905742 -0.806117 -1.335651
v -4.926080 -0.745849 -1.285530
v -4.938015 -0.734841 -1.207042
v -4.934442 -0.779438 -1.146632
v -4.920063 -0.853819 -1.139102
v -4.899236 -0.913323 -1.189188
v -4.886144 -0.923869 -1.267099
v -4.889690 -0.880108 -1.327817
v -5.510507 -0.391080 -1.292741
v -5.521663 -0.399826 -1.222457
v -5.526493 -0.455829 -1.180904
v -5.527410 -0.527111 -1.190732
v -5.521026 -0.572218 -1.247680
v -5.512010 -0.564322 -1.318318
v -5.504789 -0.507717 -1.361013
v -5.506168 -0.436309 -1.350223
v -6.227420 -0.181388 -1.031914
v -6.245363 -0.250995 -1.014063
v -6.260971 -0.310021 -1.049743
v -6.264452 -0.323907 -1.118670
v -6.256538 -0.283866 -1.178933
v -6.240909 -0.213951 -1.195389
v -6.226043 -0.155472 -1.159147
v -6.219484 -0.142062 -1.091928
v -6.659057 -0.101797 -0.849345
v -6.681461 -0.141692 -0.901690
v -6.693241 -0.125158 -0.969532
v -6.684604 -0.062067 -1.012858
v -6.662454 0.009600 -1.006560
v -6.639417 0.048360 -0.954886
v -6.629482 0.032133 -0.887960
v -6.637548 -0.029708 -0.844079
v -7.184621 0.113849 -0.682664
v -7.199611 0.157473 -0.740957
v -7.186468 0.234015 -0.762109
v -7.152830 0.298440 -0.733745
v -7.118923 0.313474 -0.673609
v -7.105075 0.270750 -0.616196
v -7.118623 0.194674 -0.594495
v -7.151321 0.129630 -0.621067
v -7.799158 0.497977 -0.420863
v -7.783205 0.574803 -0.428730
v -7.742822 0.628373 -0.387737
v -7.703592 0.627973 -0.320446
v -7.687679 0.573353 -0.266722
v -7.705005 0.496575 -0.258107
v -7.743831 0.442378 -0.300378
v -7.782226 0.442896 -0.368074
v -8.296711 0.887914 0.054511
v -8.256334 0.927682 0.102430
v -8.220655 0.912970 0.164800
v -8.209594 0.851826 0.204662
v -8.231384 0.780675 0.199236
v -8.271947 0.740914 0.151106
v -8.308675 0.756262 0.089147
v -8.318544 0.817050 0.049058
v -8.775363 1.122053 0.726395
v -8.743511 1.093717 0.784115
v -8.738594 1.027677 0.812102
v -8.764228 0.962899 0.794342
v -8.805397 0.937329 0.741239
v -8.837986 0.965946 0.683899
v -8.842153 1.031723 0.655545
v -8.816526 1.096488 0.673302
v -9.486297 1.147774 1.420543
v -9.488403 1.077882 1.437098
v -9.513593 1.018780 1.404916
v -9.547113 1.005088 1.342849
v -9.569326 1.044828 1.287255
v -9.567220 1.114720 1.270700
v -9.542030 1.173822 1.302882
v -9.508508 1.187513 1.364949
v -10.370470 0.956562 1.777401
v -10.384437 0.906571 1.731356
v -10.403171 0.905636 1.664511
v -10.415651 0.954411 1.616066
v -10.414592 1.024263 1.614535
v -10.400697 1.074181 1.660793
v -10.382013 1.074968 1.727576
v -10.369327 1.026252 1.775713
v -11.158704 0.739338 1.634305
v -11.162721 0.752080 1.571320
v -11.170154 0.806530 1.534977
v -11.176523 0.870611 1.546713
v -11.178125 0.906599 1.599487
v -11.174070 0.893600 1.662211
v -11.166702 0.839411 1.698303
v -11.160469 0.775585 1.686871
v -11.589290 0.686535 1.357259
v -11.591657 0.743817 1.327217
v -11.608268 0.804465 1.339837
v -11.628912 0.832398 1.387155
v -11.641300 0.811757 1.441147
v -11.638940 0.755104 1.470584
v -11.624315 0.694863 1.457604
v -11.602747 0.666547 1.411753
v -11.839410 0.771803 1.174082
v -11.863485 0.835799 1.189285
v -11.893777 0.860613 1.241993
v -11.915109 0.831126 1.298595
v -11.914348 0.765336 1.326453
v -11.891412 0.701582 1.310173
v -11.858966 0.676898 1.260003
v -11.837419 0.705757 1.203555
v -12.201345 0.851035 0.998219
v -12.246032 0.872991 1.057511
v -12.276823 0.833745 1.120041
v -12.275394 0.756411 1.148761
v -12.242479 0.686213 1.127344
v -12.196729 0.664228 1.069234
v -12.167125 0.703018 1.006839
v -12.169021 0.780566 0.977370
v -12.891233 0.754842 0.749460
v -12.933925 0.705444 0.814591
v -12.931633 0.617422 0.841767
v -12.886596 0.541868 0.814221
v -12.825447 0.522974 0.747927
v -12.783474 0.571944 0.682198
v -12.784986 0.660247 0.655635
v -12.829500 0.736109 0.683574
v -13.769016 0.422300 0.330137
v -13.768343 0.328253 0.350360
v -13.723259 0.251262 0.314388
v -13.660173 0.236426 0.243293
v -13.616043 0.292437 0.178722
v -13.616716 0.386484 0.158499
v -13.661798 0.463476 0.194472
v -13.724884 0.478311 0.265567
v -14.579668 0.006878 -0.261352
v -14.540060 -0.068064 -0.306840
v -14.483436 -0.078694 -0.383880
v -14.442970 -0.018785 -0.447343
v -14.442363 0.076569 -0.460054
v -14.481973 0.151510 -0.414567
v -14.538595 0.162140 -0.337527
v -14.579061 0.102231 -0.274063
v -15.372894 -0.251596 -1.026088
v -15.329801 -0.248113 -1.106007
v -15.299572 -0.181577 -1.160134
v -15.300649 -0.091044 -1.157451
v -15.332084 -0.029255 -1.099138
v -15.375047 -0.032500 -1.018920
v -15.405462 -0.099206 -0.964578
v -15.404737 -0.190096 -0.967693
v -15.982498 -0.081404 -1.531538
v -15.961797 -0.017414 -1.570288
v -15.963501 0.057557 -1.557679
v -15.987409 0.099968 -1.500936
v -16.019363 0.084383 -1.432672
v -16.040346 0.019519 -1.393392
v -16.039030 -0.056110 -1.407149
v -16.014398 -0.097606 -1.464207
v -16.433910 0.316704 -1.585237
v -16.433122 0.376906 -1.565227
v -16.448955 0.403688 -1.512500
v -16.470287 0.380566 -1.456660
v -16.485990 0.320980 -1.431757
v -16.485544 0.260370 -1.452038
v -16.470312 0.234532 -1.505505
v -16.449850 0.257995 -1.560907
v -16.905777 0.665523 -1.387702
v -16.906036 0.679275 -1.331960
v -16.915346 0.648965 -1.282280
v -16.929790 0.592579 -1.268508
v -16.937358 0.542836 -1.297492
v -16.937768 0.529468 -1.353514
v -16.930097 0.560004 -1.403562
v -16.915720 0.616135 -1.417271
v -17.528648 0.901425 -1.092799
v -17.534139 0.863202 -1.047957
v -17.554361 0.807867 -1.042377
v -17.577470 0.767836 -1.079329
v -17.589929 0.766558 -1.137167
v -17.584440 0.804781 -1.182009
v -17.564216 0.860116 -1.187588
v -17.541107 0.900147 -1.150636
v -18.196615 1.009280 -0.770316
v -18.215597 0.953339 -0.773813
v -18.239641 0.919886 -0.816297
v -18.254657 0.928519 -0.872883
v -18.251855 0.974180 -0.910423
v -18.232873 1.030121 -0.906927
v -18.208829 1.063574 -0.864442
v -18.193813 1.054941 -0.807856
v -18.891750 0.875058 -0.600186
v -18.902391 0.847604 -0.651519
v -18.921302 0.864632 -0.704946
v -18.937406 0.916166 -0.729170
v -18.941270 0.972020 -0.710001
v -18.930631 0.999475 -0.658668
v -18.911718 0.982447 -0.605241
v -18.895612 0.930912 -0.581017
v -19.654180 0.572233 -0.581772
v -19.684368 0.593853 -0.626657
v -19.719757 0.641647 -0.636469
v -19.739757 0.687448 -0.605819
v -19.729280 0.705355 -0.553619
v -19.700223 0.684064 -0.508648
v -19.665470 0.636344 -0.498133
v -19.646331 0.589883 -0.528386
v -20.822298 0.377882 -0.406015
v -20.853262 0.415598 -0.405223
v -20.867666 0.447356 -0.376934
v -20.856191 0.455487 -0.338059
v -20.825391 0.435269 -0.310453
v -20.793264 0.397656 -0.310266
v -20.779626 0.364625 -0.338292
v -20.791555 0.356433 -0.378353
v -21.719791 0.353360 -0.140610
v -21.720077 0.369163 -0.125285
v -21.711380 0.370674 -0.105119
v -21.698524 0.356731 -0.091452
v -21.689659 0.334949 -0.092447
v -21.690906 0.318426 -0.107774
v -21.699852 0.317323 -0.128533
v -21.711944 0.331960 -0.141961
v -22.125717 0.336787 0.013431
v -22.125728 0.333130 0.017858
v -22.125862 0.327415 0.018404
v -22.126037 0.322989 0.014749
v -22.126152 0.322446 0.009033
v -22.126136 0.326103 0.004605
v -22.126007 0.331818 0.004059
v -22.125831 0.336244 0.007715
v -0.450327 -0.317082 0.061694
v -0.431163 -0.337277 0.001059
v -0.433022 -0.311225 -0.060315
v -0.455563 -0.254185 -0.086477
v -0.484937 -0.199571 -0.062101
v -0.504304 -0.179375 -0.001467
v -0.501954 -0.205428 0.059908
v -0.479549 -0.262468 0.086070
v -1.793225 -1.096021 -0.372634
v -1.793899 -1.047835 -0.452288
v -1.822220 -0.962585 -0.476927
v -1.861567 -0.890209 -0.432118
v -1.888078 -0.873104 -0.344110
v -1.885614 -0.921290 -0.264457
v -1.856946 -1.006540 -0.239818
v -1.818442 -1.078916 -0.284626
v -2.665065 -1.204785 -0.823922
v -2.691560 -1.110239 -0.843094
v -2.730293 -1.030637 -0.792562
v -2.758356 -1.013845 -0.700360
v -2.760397 -1.068606 -0.619797
v -2.733707 -1.163988 -0.600109
v -2.694196 -1.243122 -0.653127
v -2.665568 -1.260168 -0.746137
v -3.578569 -1.096086 -1.025714
v -3.623935 -1.007370 -0.991066
v -3.654580 -0.968649 -0.901296
v -3.653282 -1.002565 -0.807690
v -3.620571 -1.092303 -0.767310
v -3.576047 -1.184531 -0.805739
v -3.547779 -1.221911 -0.897735
v -3.548533 -1.184721 -0.987836
v -4.446987 -0.862536 -1.068791
v -4.468057 -0.816596 -0.989794
v -4.471298 -0.837603 -0.902111
v -4.451625 -0.911622 -0.857819
v -4.420926 -0.995781 -0.882433
v -4.397451 -1.040890 -0.961355
v -4.395999 -1.021212 -1.048285
v -4.417573 -0.947716 -1.092751
v -4.983694 -0.579647 -1.045896
v -4.987356 -0.604108 -0.973038
v -4.975633 -0.671793 -0.942775
v -4.958314 -0.743753 -0.971783
v -4.944601 -0.778451 -1.043357
v -4.944051 -0.755821 -1.115645
v -4.954366 -0.687850 -1.146920
v -4.968618 -0.613772 -1.118032
v -5.556390 -0.500874 -0.985815
v -5.560457 -0.570053 -0.972856
v -5.556812 -0.629843 -1.013597
v -5.547159 -0.645297 -1.084367
v -5.536281 -0.607631 -1.144325
v -5.532461 -0.538694 -1.157891
v -5.534818 -0.478058 -1.117117
v -5.544138 -0.462329 -1.046016
v -6.309049 -0.501890 -1.021886
v -6.320457 -0.534493 -1.081759
v -6.317142 -0.514375 -1.151499
v -6.301790 -0.454566 -1.190234
v -6.282863 -0.390331 -1.176391
v -6.273458 -0.357994 -1.117583
v -6.277265 -0.376527 -1.047468
v -6.290525 -0.436283 -1.007887
v -6.753461 -0.199826 -1.124583
v -6.750835 -0.148686 -1.180058
v -6.731912 -0.075373 -1.193589
v -6.706825 -0.023550 -1.159244
v -6.691480 -0.022145 -1.096657
v -6.693864 -0.072453 -1.041996
v -6.711347 -0.145546 -1.026704
v -6.737459 -0.198021 -1.059958
v -7.213317 0.384150 -0.902983
v -7.183679 0.458103 -0.892403
v -7.146501 0.493621 -0.842167
v -7.123558 0.470460 -0.781982
v -7.127443 0.401639 -0.746915
v -7.155408 0.326787 -0.757385
v -7.192617 0.290066 -0.807869
v -7.216177 0.314004 -0.868575
v -7.681316 0.839913 -0.385878
v -7.638843 0.863557 -0.324595
v -7.611166 0.828748 -0.260796
v -7.615240 0.756027 -0.231839
v -7.648611 0.687966 -0.254884
v -7.690925 0.664496 -0.316766
v -7.717912 0.699385 -0.380585
v -7.713930 0.772014 -0.409123
v -8.101242 1.000065 0.311877
v -8.077810 0.954188 0.364860
v -8.086948 0.881693 0.379019
v -8.123573 0.825233 0.346067
v -8.165247 0.817664 0.284936
v -8.188888 0.863814 0.232214
v -8.179431 0.936061 0.218089
v -8.143222 0.992473 0.251081
v -8.657920 0.924524 0.964739
v -8.672231 0.854068 0.965568
v -8.709869 0.809339 0.923709
v -8.748786 0.816538 0.863684
v -8.766187 0.871448 0.820654
v -8.751607 0.941814 0.819680
v -8.713974 0.986540 0.861535
v -8.675321 0.979434 0.921710
v -9.531789 0.819892 1.427953
v -9.564319 0.785273 1.374039
v -9.593229 0.804804 1.311222
v -9.601585 0.867045 1.276298
v -9.584489 0.935534 1.289725
v -9.551960 0.970153 1.343638
v -9.523050 0.950622 1.406456
v -9.514694 0.888382 1.441380
v -10.446249 0.784371 1.517846
v -10.462381 0.815305 1.457179
v -10.467456 0.881702 1.435132
v -10.458141 0.944569 1.464476
v -10.439914 0.967047 1.527908
v -10.423603 0.936091 1.588314
v -10.418958 0.869854 1.610556
v -10.428226 0.807011 1.581353
v -11.181377 0.866180 1.362520
v -11.189155 0.931367 1.354371
v -11.193756 0.982545 1.394182
v -11.192522 0.989765 1.458420
v -11.186214 0.949020 1.509485
v -11.178813 0.884151 1.517784
v -11.174642 0.832920 1.478421
v -11.175211 0.825392 1.413942
v -11.622863 0.973826 1.271554
v -11.643020 1.017249 1.307480
v -11.658983 1.015418 1.364220
v -11.663150 0.969561 1.407822
v -11.652477 0.906460 1.413264
v -11.632101 0.862987 1.378562
v -11.615854 0.863975 1.321712
v -11.611789 0.910076 1.277471
v -11.965168 1.025268 1.305450
v -11.993578 1.015535 1.362550
v -12.002492 0.960522 1.405097
v -11.986574 0.892191 1.408482
v -11.956415 0.849454 1.369721
v -11.928878 0.857926 1.312144
v -11.919605 0.913406 1.269482
v -11.934930 0.982664 1.265979
v -12.408178 0.864228 1.290191
v -12.420448 0.798414 1.336329
v -12.396492 0.720635 1.335734
v -12.350309 0.676442 1.289600
v -12.308996 0.691835 1.225328
v -12.296724 0.758060 1.179955
v -12.319501 0.836588 1.180764
v -12.364900 0.880764 1.226907
v -13.032346 0.453399 1.012879
v -13.002737 0.366466 1.006668
v -12.943964 0.321437 0.951903
v -12.889589 0.344772 0.881623
v -12.872263 0.422706 0.835960
v -12.901954 0.509660 0.841971
v -12.960828 0.554826 0.896692
v -13.014745 0.531550 0.967681
v -13.698139 -0.015041 0.344270
v -13.637933 -0.058212 0.282904
v -13.582029 -0.028734 0.210377
v -13.563177 0.056125 0.169175
v -13.592416 0.146657 0.183433
v -13.652622 0.189829 0.244799
v -13.708524 0.160350 0.317326
v -13.727378 0.075491 0.358528
v -14.358667 -0.264459 -0.533428
v -14.307941 -0.230640 -0.607842
v -14.289867 -0.143239 -0.643738
v -14.315033 -0.053452 -0.620088
v -14.368696 -0.013877 -0.550746
v -14.419424 -0.047695 -0.476333
v -14.437498 -0.135097 -0.440437
v -14.412330 -0.224884 -0.464087
v -15.180084 -0.138664 -1.378978
v -15.166992 -0.051648 -1.400410
v -15.187860 0.027361 -1.362745
v -15.229543 0.052276 -1.286812
v -15.267026 0.008275 -1.216707
v -15.280166 -0.079062 -1.195196
v -15.259462 -0.158114 -1.233515
v -15.218183 -0.182742 -1.309774
v -15.913061 0.251584 -1.643892
v -15.928659 0.312968 -1.602144
v -15.959396 0.322783 -1.533607
v -15.987707 0.274596 -1.478916
v -15.996322 0.196808 -1.470501
v -15.979982 0.135722 -1.512952
v -15.948524 0.126914 -1.580701
v -15.921466 0.174806 -1.635037
v -16.452926 0.566043 -1.433357
v -16.471784 0.563500 -1.372015
v -16.491766 0.514710 -1.330902
v -16.500013 0.448396 -1.334137
v -16.491928 0.403961 -1.379642
v -16.471761 0.407065 -1.439959
v -16.452514 0.455486 -1.480605
v -16.444372 0.521072 -1.477825
v -16.921251 0.666328 -1.120871
v -16.934593 0.616561 -1.090009
v -16.946435 0.559700 -1.103137
v -16.950193 0.529253 -1.152520
v -16.943866 0.542915 -1.209146
v -16.930803 0.592502 -1.239879
v -16.918561 0.649101 -1.226829
v -16.914547 0.679734 -1.177582
v -17.578107 0.687102 -0.931629
v -17.601781 0.637218 -0.952915
v -17.619880 0.618903 -1.006198
v -17.621801 0.642885 -1.060265
v -17.606416 0.695117 -1.083443
v -17.582740 0.745000 -1.062157
v -17.564642 0.763315 -1.008874
v -17.562723 0.739333 -0.954808
v -18.297821 0.767917 -0.846851
v -18.317970 0.758840 -0.901748
v -18.322732 0.791929 -0.950578
v -18.309320 0.847800 -0.964739
v -18.285589 0.893725 -0.935934
v -18.265441 0.902802 -0.881038
v -18.260679 0.869713 -0.832207
v -18.274089 0.813842 -0.818046
v -18.956750 0.807483 -0.856243
v -18.975355 0.848012 -0.895144
v -18.984872 0.906394 -0.893423
v -18.979730 0.948429 -0.852088
v -18.962938 0.949495 -0.795353
v -18.944334 0.908966 -0.756452
v -18.934814 0.850585 -0.758173
v -18.939958 0.808549 -0.799508
v -19.807188 0.717422 -0.748321
v -19.834255 0.766927 -0.732763
v -19.836877 0.797867 -0.686058
v -19.816494 0.791813 -0.634467
v -19.781976 0.752747 -0.608792
v -19.754493 0.703023 -0.623976
v -19.751863 0.671705 -0.670988
v -19.772388 0.677949 -0.723012
v -20.940641 0.549414 -0.363155
v -20.936925 0.568143 -0.327814
v -20.913938 0.559806 -0.293839
v -20.884187 0.528845 -0.281023
v -20.865499 0.492981 -0.297403
v -20.869306 0.473784 -0.333627
v -20.892511 0.482945 -0.368076
v -20.922964 0.514272 -0.379758
v -21.699119 0.411349 -0.059200
v -21.685512 0.403749 -0.040627
v -21.674846 0.383631 -0.034142
v -21.672760 0.363080 -0.044200
v -21.681442 0.354607 -0.064612
v -21.695556 0.363008 -0.082801
v -21.706470 0.382763 -0.088379
v -21.707916 0.402527 -0.078706
v -22.125961 0.315641 0.029337
v -22.126133 0.310302 0.027229
v -22.126281 0.308019 0.021961
v -22.126323 0.310130 0.016621
v -22.126232 0.315397 0.014335
v -22.126060 0.320736 0.016444
v -22.125911 0.323019 0.021711
v -22.125869 0.320908 0.027052
v -0.388226 -0.346213 -0.238125
v -0.403735 -0.298206 -0.281743
v -0.432426 -0.238214 -0.277526
v -0.457292 -0.201380 -0.227944
v -0.464442 -0.209281 -0.162041
v -0.449011 -0.257289 -0.118422
v -0.420242 -0.317280 -0.122639
v -0.395272 -0.354114 -0.172222
v -1.846880 -0.802267 -0.681327
v -1.888120 -0.718543 -0.663325
v -1.923614 -0.675932 -0.587239
v -1.931814 -0.699394 -0.497637
v -1.908456 -0.775186 -0.447008
v -1.867668 -0.858910 -0.465009
v -1.833643 -0.901522 -0.541096
v -1.825509 -0.878059 -0.630698
v -2.815284 -0.752899 -0.826577
v -2.849834 -0.700584 -0.748186
v -2.858831 -0.724913 -0.653338
v -2.841785 -0.812608 -0.599267
v -2.807760 -0.913359 -0.619252
v -2.773690 -0.964672 -0.700210
v -2.760826 -0.937189 -0.793038
v -2.777692 -0.849776 -0.844508
v -3.767630 -0.727246 -0.779955
v -3.780538 -0.729749 -0.680432
v -3.761414 -0.802286 -0.609820
v -3.721815 -0.901832 -0.610589
v -3.685991 -0.966738 -0.682143
v -3.673380 -0.962166 -0.781077
v -3.693311 -0.890746 -0.850372
v -3.732183 -0.794199 -0.849931
v -4.514805 -0.734586 -0.671025
v -4.501131 -0.792844 -0.605936
v -4.469234 -0.879838 -0.603826
v -4.445927 -0.944743 -0.663696
v -4.442830 -0.952870 -0.750754
v -4.459598 -0.898251 -0.815417
v -4.487991 -0.811753 -0.819118
v -4.509640 -0.742653 -0.759488
v -4.967111 -0.759547 -0.757266
v -4.945497 -0.831466 -0.764104
v -4.933422 -0.885769 -0.820964
v -4.932300 -0.888796 -0.896133
v -4.939516 -0.837126 -0.946325
v -4.958610 -0.763366 -0.940580
v -4.971616 -0.708924 -0.882687
v -4.974363 -0.707211 -0.806695
v -5.574535 -0.826743 -1.002417
v -5.568628 -0.861998 -1.065922
v -5.553628 -0.843220 -1.134735
v -5.546226 -0.783741 -1.168960
v -5.542478 -0.715498 -1.148875
v -5.549408 -0.679912 -1.085785
v -5.562997 -0.698244 -1.016436
v -5.569931 -0.758139 -0.981936
v -6.340051 -0.569433 -1.330466
v -6.328634 -0.520323 -1.383940
v -6.309669 -0.454425 -1.389732
v -6.294752 -0.410319 -1.345728
v -6.292577 -0.413054 -1.276944
v -6.304163 -0.462255 -1.222961
v -6.324037 -0.528336 -1.215277
v -6.339944 -0.572733 -1.260070
v -6.708877 0.093781 -1.322124
v -6.683403 0.159788 -1.302662
v -6.663911 0.181669 -1.247901
v -6.661096 0.146624 -1.190303
v -6.677089 0.074750 -1.162083
v -6.701948 0.007556 -1.180280
v -6.721271 -0.014533 -1.235045
v -6.724109 0.021167 -1.294641
v -7.055549 0.692931 -0.781402
v -7.024879 0.695112 -0.718795
v -7.017755 0.641439 -0.673652
v -7.039451 0.563364 -0.668377
v -7.076440 0.506067 -0.707201
v -7.107620 0.503514 -0.769509
v -7.113802 0.558151 -0.816862
v -7.093051 0.636368 -0.822517
v -7.492878 0.867176 -0.078698
v -7.482889 0.804910 -0.031708
v -7.505945 0.728944 -0.033792
v -7.548858 0.684197 -0.083644
v -7.585968 0.696723 -0.152030
v -7.595207 0.758923 -0.199060
v -7.572195 0.834511 -0.196848
v -7.529811 0.879426 -0.147157
v -8.032259 0.731628 0.512943
v -8.060083 0.663511 0.498130
v -8.104196 0.634385 0.444853
v -8.138702 0.661327 0.384435
v -8.143081 0.728325 0.352127
v -8.116319 0.796629 0.367501
v -8.072643 0.825876 0.420829
v -8.037546 0.798895 0.480922
v -8.764793 0.616808 0.904387
v -8.806238 0.601879 0.847542
v -8.833515 0.640063 0.793192
v -8.831932 0.709295 0.773855
v -8.801513 0.768803 0.800368
v -8.760078 0.783728 0.857200
v -8.732784 0.745579 0.911565
v -8.734367 0.676330 0.930907
v -9.686529 0.731731 1.148823
v -9.704528 0.780227 1.098948
v -9.697204 0.851400 1.092306
v -9.668848 0.903558 1.132789
v -9.636070 0.906147 1.196682
v -9.618072 0.857651 1.246557
v -9.625396 0.786478 1.253198
v -9.653751 0.734320 1.212716
v -10.508520 0.990881 1.277351
v -10.504909 1.060277 1.286712
v -10.489502 1.102135 1.340632
v -10.471023 1.091946 1.407328
v -10.460983 1.035849 1.448078
v -10.464780 0.966563 1.438887
v -10.480085 0.924618 1.385020
v -10.498136 0.934662 1.318064
v -11.211690 1.164774 1.394433
v -11.212081 1.191129 1.452576
v -11.207330 1.167886 1.513055
v -11.200792 1.108817 1.540875
v -11.196048 1.048231 1.519755
v -11.195667 1.021527 1.461741
v -11.199880 1.044603 1.400743
v -11.206602 1.104045 1.372852
v -11.713222 1.115982 1.476034
v -11.722518 1.085750 1.527128
v -11.716793 1.026650 1.549958
v -11.700832 0.972286 1.530566
v -11.682218 0.954777 1.480810
v -11.672706 0.984879 1.429465
v -11.677860 1.045039 1.406657
v -11.694816 1.099451 1.426187
v -12.077327 0.909260 1.557540
v -12.071554 0.842504 1.576850
v -12.043170 0.786562 1.555049
v -12.011964 0.773269 1.503335
v -11.993093 0.811952 1.454099
v -11.997970 0.880113 1.435548
v -12.025674 0.936466 1.457471
v -12.058170 0.948499 1.508711
v -12.416812 0.522367 1.441095
v -12.376340 0.460431 1.410888
v -12.329559 0.450531 1.349649
v -12.303436 0.498743 1.293308
v -12.312572 0.577249 1.274871
v -12.351261 0.639797 1.305096
v -12.398881 0.649195 1.366062
v -12.425891 0.600572 1.422970
v -12.842477 0.089475 0.908487
v -12.782104 0.084770 0.839436
v -12.747438 0.144773 0.779267
v -12.758606 0.234415 0.763373
v -12.809200 0.301206 0.801065
v -12.869655 0.305917 0.870212
v -12.904489 0.245784 0.930229
v -12.893234 0.156135 0.946023
v -13.408105 -0.117191 0.024995
v -13.371568 -0.049825 -0.033154
v -13.382103 0.045385 -0.042006
v -13.433536 0.112667 0.003625
v -13.495739 0.112607 0.077008
v -13.532274 0.045241 0.135157
v -13.521740 -0.049968 0.144008
v -13.470308 -0.117250 0.098378
v -14.158456 -0.016351 -0.841404
v -14.166715 0.079491 -0.841907
v -14.212167 0.144138 -0.787051
v -14.268188 0.139720 -0.708971
v -14.301960 0.068826 -0.653405
v -14.293701 -0.027017 -0.652902
v -14.248249 -0.091664 -0.707758
v -14.192228 -0.087246 -0.785838
v -15.168340 0.278613 -1.395832
v -15.203702 0.329756 -1.329976
v -15.246446 0.312654 -1.251855
v -15.271230 0.237167 -1.207215
v -15.263471 0.147718 -1.222326
v -15.228023 0.096833 -1.288335
v -15.185401 0.114133 -1.366210
v -15.160707 0.189344 -1.410686
v -16.008375 0.478617 -1.389730
v -16.039394 0.452016 -1.322316
v -16.058509 0.379964 -1.293128
v -16.054382 0.305199 -1.319478
v -16.028923 0.271725 -1.385060
v -15.998519 0.298693 -1.451976
v -15.979606 0.369988 -1.480858
v -15.983617 0.444410 -1.455282
v -16.545139 0.481725 -1.157260
v -16.558511 0.417022 -1.141067
v -16.557481 0.359219 -1.173225
v -16.542917 0.342195 -1.234430
v -16.523376 0.375386 -1.288813
v -16.509901 0.439314 -1.304906
v -16.510919 0.497125 -1.273545
v -16.525217 0.514879 -1.212286
v -16.981878 0.410153 -1.035048
v -16.988977 0.366102 -1.072475
v -16.987690 0.362020 -1.130805
v -16.977243 0.400009 -1.175494
v -16.964206 0.457907 -1.180670
v -16.955713 0.501917 -1.143106
v -16.958313 0.506380 -1.085092
v -16.970624 0.468494 -1.040641
v -17.686250 0.489392 -1.085163
v -17.695392 0.496786 -1.143161
v -17.686353 0.540801 -1.181670
v -17.664430 0.595654 -1.178133
v -17.642465 0.629213 -1.134621
v -17.633321 0.621820 -1.076623
v -17.642360 0.577805 -1.038113
v -17.664283 0.522951 -1.041650
v -18.373672 0.787348 -1.108051
v -18.367143 0.837680 -1.138483
v -18.346044 0.891582 -1.126177
v -18.322736 0.917480 -1.078343
v -18.310873 0.900202 -1.023001
v -18.317403 0.849870 -0.992570
v -18.338501 0.795968 -1.004875
v -18.361808 0.770070 -1.052709
v -19.034578 1.034291 -0.986078
v -19.035436 1.086794 -0.958788
v -19.022407 1.105848 -0.904298
v -19.003122 1.080293 -0.854527
v -18.988882 1.025098 -0.838632
v -18.988023 0.972595 -0.865922
v -19.001052 0.953541 -0.920413
v -19.020336 0.979096 -0.970183
v -19.899578 0.931713 -0.626289
v -19.886156 0.941736 -0.573635
v -19.855140 0.914770 -0.534774
v -19.824752 0.866277 -0.532492
v -19.811773 0.824942 -0.568707
v -19.825582 0.814899 -0.621744
v -19.857168 0.842196 -0.660407
v -19.889339 0.890164 -0.661691
v -20.884550 0.602842 -0.191362
v -20.853395 0.579708 -0.166959
v -20.829553 0.542564 -0.170488
v -20.825189 0.513955 -0.200729
v -20.845922 0.510723 -0.239026
v -20.877958 0.534533 -0.262561
v -20.901853 0.570961 -0.258206
v -20.905103 0.598893 -0.228822
v -21.630878 0.352074 0.017995
v -21.623699 0.328417 0.014607
v -21.627998 0.313323 -0.004349
v -21.642646 0.315918 -0.027064
v -21.657417 0.333999 -0.040021
v -21.665287 0.356624 -0.036201
v -21.660831 0.371262 -0.018228
v -21.646575 0.369681 0.004094
v -22.126770 0.293990 0.014145
v -22.126861 0.294347 0.008414
v -22.126823 0.298651 0.004613
v -22.126670 0.304381 0.004968
v -22.126503 0.308180 0.009271
v -22.126411 0.307823 0.015002
v -22.126449 0.303518 0.018803
v -22.126598 0.297789 0.018448
vt 0.683421 0.419671
vt 0.682401 0.419423
vt 0.680032 0.407588
vt 0.681195 0.407375
vt 0.681252 0.419780
vt 0.678912 0.408353
vt 0.677950 0.395431
vt 0.679302 0.395134
vt 0.685048 0.435372
vt 0.683857 0.435225
vt 0.673652 0.408705
vt 0.670770 0.396338
vt 0.686761 0.448571
vt 0.685722 0.447969
vt 0.676826 0.382301
vt 0.667627 0.383602
vt 0.671917 0.396642
vt 0.668979 0.383776
vt 0.679363 0.421243
vt 0.678387 0.421564
vt 0.675910 0.409768
vt 0.677161 0.409841
vt 0.677198 0.421424
vt 0.674673 0.409251
vt 0.673140 0.396957
vt 0.674509 0.397037
vt 0.680205 0.420511
vt 0.678064 0.409231
vt 0.680486 0.436678
vt 0.679283 0.436823
vt 0.675780 0.396707
vt 0.682301 0.449271
vt 0.681304 0.449957
vt 0.671672 0.383865
vt 0.672971 0.383508
vt 0.683321 0.458644
vt 0.682123 0.459405
vt 0.676827 0.396076
vt 0.674224 0.382985
vt 0.680722 0.459981
vt 0.679974 0.450119
vt 0.098487 0.699899
vt 0.099392 0.700137
vt 0.100936 0.708449
vt 0.099850 0.708490
vt 0.100408 0.699938
vt 0.101911 0.707999
vt 0.102470 0.717006
vt 0.101393 0.717171
vt 0.104876 0.699036
vt 0.106614 0.707637
vt 0.097738 0.687359
vt 0.098717 0.687584
vt 0.108776 0.716450
vt 0.096691 0.676111
vt 0.097574 0.676697
vt 0.095497 0.665141
vt 0.096284 0.665986
vt 0.098691 0.676766
vt 0.099697 0.687338
vt 0.097500 0.666553
vt 0.102040 0.698830
vt 0.102920 0.698558
vt 0.104719 0.707005
vt 0.103610 0.707006
vt 0.103931 0.698675
vt 0.105749 0.707289
vt 0.106708 0.716219
vt 0.105612 0.716205
vt 0.101309 0.699414
vt 0.102693 0.707408
vt 0.101440 0.686251
vt 0.102426 0.686049
vt 0.104480 0.716376
vt 0.100291 0.675448
vt 0.101205 0.674894
vt 0.099892 0.665864
vt 0.100707 0.665027
vt 0.101943 0.664594
vt 0.102329 0.674863
vt 0.116600 0.798749
vt 0.117518 0.798883
vt 0.118852 0.804699
vt 0.117696 0.804610
vt 0.115785 0.793994
vt 0.116548 0.794153
vt 0.118521 0.798778
vt 0.119947 0.804538
vt 0.121042 0.814500
vt 0.119739 0.814463
vt 0.123036 0.797792
vt 0.125307 0.803216
vt 0.117384 0.794112
vt 0.128617 0.812696
vt 0.118248 0.793841
vt 0.119421 0.798420
vt 0.056482 0.683656
vt 0.057390 0.683866
vt 0.058915 0.694260
vt 0.057941 0.694357
vt 0.058419 0.683667
vt 0.059942 0.693634
vt 0.060097 0.705989
vt 0.058921 0.706320
vt 0.061157 0.705392
vt 0.061446 0.718313
vt 0.060261 0.718594
vt 0.064692 0.693581
vt 0.066509 0.705868
vt 0.068346 0.718066
vt 0.062109 0.730298
vt 0.069983 0.729880
vt 0.065506 0.705499
vt 0.067188 0.717750
vt 0.068846 0.729656
vt 0.060362 0.682703
vt 0.061264 0.682561
vt 0.062666 0.692501
vt 0.061631 0.692384
vt 0.062299 0.682696
vt 0.063744 0.693029
vt 0.064391 0.705039
vt 0.063204 0.704744
vt 0.066035 0.717411
vt 0.064848 0.717239
vt 0.060822 0.692874
vt 0.062118 0.704875
vt 0.063668 0.717371
vt 0.066577 0.729255
vt 0.065424 0.729329
vt 0.062558 0.717820
vt 0.064307 0.729644
vt 0.071278 0.802442
vt 0.072457 0.802252
vt 0.073314 0.813964
vt 0.071911 0.814125
vt 0.071183 0.795308
vt 0.072087 0.795207
vt 0.073631 0.801804
vt 0.074695 0.813640
vt 0.075001 0.829962
vt 0.073530 0.830083
vt 0.079564 0.802191
vt 0.081682 0.813782
vt 0.072977 0.794719
vt 0.083820 0.829609
vt 0.075549 0.847264
vt 0.085824 0.846692
vt 0.082340 0.829452
vt 0.084355 0.846484
vt 0.075985 0.801326
vt 0.077175 0.801580
vt 0.078876 0.813428
vt 0.077482 0.813294
vt 0.074951 0.793989
vt 0.075864 0.794208
vt 0.078362 0.801947
vt 0.080275 0.813634
vt 0.080861 0.829291
vt 0.079382 0.829240
vt 0.074796 0.801387
vt 0.076083 0.813353
vt 0.076763 0.794628
vt 0.077912 0.829366
vt 0.081396 0.846296
vt 0.079929 0.846492
vt 0.076457 0.829665
vt 0.078477 0.846835
vt 0.082113 0.864019
vt 0.080815 0.864469
vt 0.609633 0.668267
vt 0.607754 0.679661
vt 0.614684 0.680164
vt 0.616539 0.668983
vt 0.605128 0.691095
vt 0.613108 0.691638
vt 0.613610 0.679481
vt 0.615449 0.668684
vt 0.608662 0.679315
vt 0.606342 0.691010
vt 0.618526 0.653934
vt 0.617414 0.654109
vt 0.603790 0.703060
vt 0.602515 0.703149
vt 0.619723 0.641494
vt 0.618767 0.642091
vt 0.607409 0.690689
vt 0.605053 0.702854
vt 0.613632 0.667370
vt 0.611920 0.678139
vt 0.610747 0.678246
vt 0.612705 0.667099
vt 0.614444 0.668031
vt 0.612786 0.678683
vt 0.609829 0.690237
vt 0.608547 0.690355
vt 0.609603 0.678770
vt 0.611594 0.667268
vt 0.611033 0.690508
vt 0.614205 0.652850
vt 0.613071 0.652751
vt 0.608807 0.702982
vt 0.607577 0.702688
vt 0.615516 0.640975
vt 0.614559 0.640363
vt 0.612034 0.691067
vt 0.609999 0.703434
vt 0.616181 0.632148
vt 0.615034 0.631471
vt 0.613306 0.640252
vt 0.613702 0.630974
vt 0.590261 0.784262
vt 0.587718 0.791110
vt 0.596263 0.792068
vt 0.597206 0.784952
vt 0.584286 0.802510
vt 0.594464 0.803818
vt 0.595034 0.791659
vt 0.596201 0.784521
vt 0.591882 0.778076
vt 0.598108 0.778698
vt 0.588936 0.791032
vt 0.585762 0.802496
vt 0.597247 0.778490
vt 0.582168 0.818663
vt 0.580618 0.818725
vt 0.587245 0.802430
vt 0.583725 0.818615
vt 0.580102 0.835968
vt 0.578549 0.836045
vt 0.063934 0.476763
vt 0.066037 0.467579
vt 0.067210 0.467727
vt 0.064940 0.476563
vt 0.063015 0.477228
vt 0.065012 0.467808
vt 0.068595 0.458329
vt 0.069746 0.458599
vt 0.068224 0.468309
vt 0.066046 0.476842
vt 0.067356 0.458278
vt 0.062791 0.490305
vt 0.063850 0.490108
vt 0.061013 0.502424
vt 0.061999 0.501828
vt 0.064892 0.490420
vt 0.063230 0.501800
vt 0.060026 0.514251
vt 0.060821 0.513344
vt 0.062076 0.512722
vt 0.121474 0.480660
vt 0.123382 0.469543
vt 0.116277 0.468741
vt 0.114038 0.479686
vt 0.125401 0.457999
vt 0.118387 0.457304
vt 0.117319 0.468905
vt 0.115137 0.479773
vt 0.122359 0.469757
vt 0.124383 0.458106
vt 0.112286 0.490868
vt 0.113241 0.490863
vt 0.116196 0.480161
vt 0.114254 0.491236
vt 0.110677 0.501358
vt 0.111561 0.501069
vt 0.112449 0.501077
vt 0.115245 0.491811
vt 0.113428 0.501459
vt 0.110684 0.508950
vt 0.111656 0.508973
vt 0.117198 0.480666
vt 0.119260 0.469713
vt 0.120273 0.469972
vt 0.118221 0.481039
vt 0.121346 0.458054
vt 0.122350 0.458224
vt 0.121326 0.469952
vt 0.119305 0.481094
vt 0.118293 0.469305
vt 0.120363 0.457751
vt 0.116173 0.492280
vt 0.117140 0.492407
vt 0.120399 0.480917
vt 0.118218 0.492173
vt 0.114353 0.502052
vt 0.115188 0.502483
vt 0.116106 0.502557
vt 0.119311 0.491858
vt 0.117141 0.502340
vt 0.114629 0.509584
vt 0.115595 0.509648
vt 0.742340 0.613866
vt 0.740132 0.625450
vt 0.739010 0.624698
vt 0.741197 0.613593
vt 0.734644 0.613057
vt 0.732725 0.624824
vt 0.738243 0.638546
vt 0.737082 0.637827
vt 0.729864 0.638101
vt 0.733685 0.624410
vt 0.731057 0.638103
vt 0.727057 0.651730
vt 0.736136 0.652303
vt 0.728410 0.651694
vt 0.732200 0.637737
vt 0.729724 0.651395
vt 0.726004 0.664864
vt 0.724709 0.664856
vt 0.727290 0.664668
vt 0.738058 0.612216
vt 0.736009 0.623297
vt 0.734776 0.623837
vt 0.736891 0.612317
vt 0.739063 0.612418
vt 0.737175 0.623215
vt 0.733473 0.637275
vt 0.734818 0.637000
vt 0.738060 0.623803
vt 0.736029 0.637200
vt 0.732373 0.650934
vt 0.731034 0.651070
vt 0.733689 0.651139
vt 0.734912 0.651696
vt 0.731144 0.664466
vt 0.729854 0.664327
vt 0.732382 0.664873
vt 0.710431 0.745439
vt 0.707245 0.758295
vt 0.718191 0.759000
vt 0.719723 0.745906
vt 0.711756 0.745492
vt 0.708815 0.758388
vt 0.703987 0.776008
vt 0.715519 0.776859
vt 0.716658 0.758569
vt 0.718427 0.745347
vt 0.713001 0.737593
vt 0.720481 0.738025
vt 0.705646 0.776032
vt 0.719507 0.737433
vt 0.702565 0.795093
vt 0.700919 0.795160
vt 0.707313 0.775928
vt 0.704223 0.794931
vt 0.687808 0.522100
vt 0.695879 0.522088
vt 0.695462 0.500692
vt 0.697089 0.500729
vt 0.696488 0.541650
vt 0.695341 0.541630
vt 0.694727 0.522108
vt 0.693794 0.500897
vt 0.693808 0.484997
vt 0.695749 0.484872
vt 0.688955 0.522048
vt 0.685731 0.501172
vt 0.683885 0.568995
vt 0.695095 0.569211
vt 0.694199 0.541543
vt 0.683337 0.485500
vt 0.688453 0.541646
vt 0.685471 0.569103
vt 0.693613 0.470704
vt 0.681323 0.470956
vt 0.687351 0.501377
vt 0.684987 0.485788
vt 0.683064 0.585144
vt 0.681411 0.585233
vt 0.683106 0.470773
vt 0.687075 0.569072
vt 0.684707 0.585023
vt 0.686782 0.486081
vt 0.684816 0.470836
vt 0.688686 0.569017
vt 0.686505 0.584946
vt 0.683102 0.598744
vt 0.681671 0.599365
vt 0.684773 0.598532
vt 0.686617 0.471059
vt 0.684789 0.458201
vt 0.688344 0.584983
vt 0.686618 0.598827
vt 0.683408 0.612799
vt 0.682270 0.613556
vt 0.683173 0.448415
vt 0.684942 0.612714
vt 0.681792 0.625856
vt 0.680786 0.626654
vt 0.681528 0.436107
vt 0.686444 0.458295
vt 0.684398 0.447871
vt 0.682950 0.625297
vt 0.682651 0.435536
vt 0.686382 0.613434
vt 0.684327 0.625375
vt 0.682215 0.637534
vt 0.681019 0.637727
vt 0.685518 0.626115
vt 0.683394 0.637810
vt 0.681272 0.651350
vt 0.680017 0.651372
vt 0.684501 0.638409
vt 0.682487 0.651591
vt 0.676389 0.638441
vt 0.673990 0.651414
vt 0.671859 0.659176
vt 0.680393 0.659924
vt 0.675131 0.651861
vt 0.673031 0.659502
vt 0.670373 0.669710
vt 0.668988 0.669795
vt 0.674156 0.659899
vt 0.671658 0.669734
vt 0.675401 0.660275
vt 0.672861 0.670002
vt 0.670203 0.682529
vt 0.668866 0.682535
vt 0.674143 0.670344
vt 0.671514 0.682777
vt 0.668888 0.695588
vt 0.667638 0.695469
vt 0.672798 0.683236
vt 0.670093 0.695959
vt 0.667524 0.709901
vt 0.666307 0.709671
vt 0.671284 0.696430
vt 0.668715 0.710251
vt 0.672521 0.696762
vt 0.669899 0.710584
vt 0.666017 0.726650
vt 0.664819 0.726306
vt 0.667215 0.726970
vt 0.661362 0.709891
vt 0.658714 0.726274
vt 0.656381 0.742171
vt 0.664396 0.742849
vt 0.659933 0.726235
vt 0.657531 0.742071
vt 0.655338 0.755590
vt 0.654214 0.755610
vt 0.658678 0.741881
vt 0.656406 0.755365
vt 0.654563 0.763752
vt 0.653465 0.763829
vt 0.657470 0.755154
vt 0.655576 0.763675
vt 0.658579 0.755117
vt 0.656572 0.763727
vt 0.653718 0.768641
vt 0.652462 0.768725
vt 0.654891 0.768650
vt 0.657655 0.763880
vt 0.656004 0.768851
vt 0.652630 0.775225
vt 0.651207 0.775133
vt 0.653982 0.775435
vt 0.657144 0.769243
vt 0.655252 0.775858
vt 0.650714 0.787435
vt 0.649171 0.787071
vt 0.652194 0.788001
vt 0.656582 0.776260
vt 0.653678 0.788562
vt 0.647757 0.804861
vt 0.646207 0.804281
vt 0.649302 0.805456
vt 0.642847 0.786738
vt 0.637996 0.803560
vt 0.633195 0.821454
vt 0.644505 0.823318
vt 0.639639 0.803760
vt 0.634846 0.821618
vt 0.630363 0.840106
vt 0.628803 0.840050
vt 0.636503 0.821641
vt 0.631925 0.840106
vt 0.629107 0.852783
vt 0.627810 0.852920
vt 0.633461 0.840160
vt 0.630372 0.852914
vt 0.628162 0.861771
vt 0.627046 0.861890
vt 0.631487 0.853400
vt 0.629181 0.862089
vt 0.632572 0.854082
vt 0.629917 0.862818
vt 0.627524 0.871924
vt 0.626558 0.871590
vt 0.630674 0.863616
vt 0.628354 0.872481
vt 0.625354 0.884493
vt 0.624407 0.884128
vt 0.629181 0.873050
vt 0.626308 0.884845
vt 0.623015 0.897216
vt 0.622078 0.896815
vt 0.619356 0.883672
vt 0.616193 0.896045
vt 0.612929 0.907738
vt 0.619817 0.909031
vt 0.617198 0.896083
vt 0.613945 0.907840
vt 0.618195 0.896008
vt 0.614953 0.907893
vt 0.610394 0.921544
vt 0.609378 0.921728
vt 0.611387 0.921424
vt 0.615953 0.907978
vt 0.612363 0.921514
vt 0.607367 0.941454
vt 0.606595 0.941781
vt 0.608129 0.941214
vt 0.613309 0.921872
vt 0.608855 0.941274
vt 0.605135 0.957139
vt 0.604747 0.957210
vt 0.605530 0.957073
vt 0.609526 0.941667
vt 0.605919 0.957092
vt 0.604167 0.964613
vt 0.604068 0.964619
vt 0.604264 0.964633
vt 0.606290 0.957209
vt 0.604354 0.964675
vt 0.692416 0.522119
vt 0.691261 0.522080
vt 0.688999 0.501498
vt 0.690615 0.501459
vt 0.691909 0.541437
vt 0.690757 0.541482
vt 0.690105 0.522045
vt 0.688659 0.486135
vt 0.693570 0.522138
vt 0.692176 0.501212
vt 0.690268 0.568986
vt 0.689606 0.541572
vt 0.690387 0.485870
vt 0.693058 0.541464
vt 0.691849 0.568998
vt 0.688444 0.471310
vt 0.692007 0.485417
vt 0.690077 0.585199
vt 0.690155 0.471326
vt 0.693475 0.569081
vt 0.691744 0.585497
vt 0.687877 0.458907
vt 0.691786 0.471062
vt 0.693493 0.585690
vt 0.689731 0.600428
vt 0.688271 0.599608
vt 0.689091 0.459617
vt 0.691407 0.600804
vt 0.690540 0.459816
vt 0.688328 0.615622
vt 0.687284 0.614614
vt 0.687742 0.449253
vt 0.680079 0.600077
vt 0.679830 0.615309
vt 0.686407 0.627107
vt 0.686157 0.435754
vt 0.678186 0.627208
vt 0.678043 0.436668
vt 0.681289 0.614655
vt 0.679548 0.627247
vt 0.677522 0.638794
vt 0.676041 0.421018
vt 0.678715 0.638618
vt 0.676411 0.651992
vt 0.679889 0.638208
vt 0.677662 0.651881
vt 0.678830 0.651625
vt 0.676719 0.660397
vt 0.677922 0.660288
vt 0.675471 0.670702
vt 0.679094 0.660074
vt 0.676704 0.670899
vt 0.677917 0.670893
vt 0.675436 0.683863
vt 0.674103 0.683654
vt 0.666178 0.682799
vt 0.663865 0.695934
vt 0.667521 0.682677
vt 0.665112 0.695780
vt 0.662601 0.709879
vt 0.666368 0.695569
vt 0.663835 0.709754
vt 0.665070 0.709650
vt 0.661164 0.726129
vt 0.662396 0.726049
vt 0.663613 0.726085
vt 0.661038 0.741816
vt 0.659862 0.741772
vt 0.662152 0.742083
vt 0.659658 0.755330
vt 0.663247 0.742481
vt 0.660642 0.755758
vt 0.658700 0.764215
vt 0.661621 0.756214
vt 0.659665 0.764546
vt 0.652371 0.763764
vt 0.658306 0.769633
vt 0.650137 0.768502
vt 0.651249 0.768738
vt 0.647158 0.774728
vt 0.648507 0.774984
vt 0.649831 0.775087
vt 0.644416 0.786951
vt 0.646003 0.786952
vt 0.647590 0.786932
vt 0.641294 0.803784
vt 0.642947 0.803779
vt 0.644594 0.803918
vt 0.639801 0.821818
vt 0.638156 0.821657
vt 0.641411 0.822186
vt 0.636506 0.840782
vt 0.634985 0.840363
vt 0.642960 0.822752
vt 0.637977 0.841337
vt 0.633802 0.854688
vt 0.639448 0.841799
vt 0.635096 0.854935
vt 0.631700 0.864092
vt 0.626607 0.853275
vt 0.625164 0.862787
vt 0.626068 0.862306
vt 0.623573 0.871989
vt 0.622561 0.872021
vt 0.624536 0.871751
vt 0.621396 0.883730
vt 0.620373 0.883744
vt 0.625527 0.871551
vt 0.622418 0.883740
vt 0.619201 0.895981
vt 0.623430 0.883860
vt 0.620207 0.896097
vt 0.616948 0.908149
vt 0.621167 0.896394
vt 0.617917 0.908428
vt 0.618863 0.908742
vt 0.614208 0.922393
vt 0.615095 0.922855
vt 0.616010 0.923181
vt 0.610137 0.942259
vt 0.610744 0.942773
vt 0.605847 0.941969
vt 0.606630 0.957428
vt 0.603995 0.957166
vt 0.604368 0.957240
vt 0.603776 0.964672
vt 0.604441 0.964723
vt 0.603875 0.964665
vt 0.603971 0.964641
vt 0.675489 0.382502
vt 0.671322 0.370434
vt 0.672571 0.370128
vt 0.673839 0.369995
vt 0.664974 0.371141
vt 0.670840 0.356607
vt 0.662343 0.357687
vt 0.666265 0.371234
vt 0.663573 0.357778
vt 0.659404 0.341905
vt 0.660634 0.341980
vt 0.664807 0.357771
vt 0.661866 0.341965
vt 0.657930 0.327018
vt 0.659126 0.326972
vt 0.663081 0.341786
vt 0.660331 0.326814
vt 0.656751 0.313989
vt 0.657828 0.313714
vt 0.664264 0.341474
vt 0.661502 0.326553
vt 0.658929 0.313404
vt 0.656143 0.304579
vt 0.657068 0.304064
vt 0.662651 0.326300
vt 0.659993 0.313200
vt 0.658000 0.303545
vt 0.661041 0.313181
vt 0.658909 0.303294
vt 0.656675 0.297163
vt 0.657729 0.296669
vt 0.659852 0.303405
vt 0.658758 0.296643
vt 0.656474 0.289128
vt 0.657825 0.289053
vt 0.651417 0.297802
vt 0.648712 0.290489
vt 0.655707 0.276591
vt 0.644928 0.278399
vt 0.650025 0.290660
vt 0.646509 0.278417
vt 0.640532 0.261318
vt 0.642192 0.261314
vt 0.651393 0.290800
vt 0.648083 0.278324
vt 0.643840 0.261163
vt 0.637722 0.242972
vt 0.639372 0.242821
vt 0.649622 0.278063
vt 0.645449 0.260805
vt 0.640974 0.242419
vt 0.634855 0.224261
vt 0.636364 0.223898
vt 0.647009 0.260257
vt 0.642521 0.241837
vt 0.637790 0.223305
vt 0.632843 0.211122
vt 0.634127 0.210761
vt 0.644083 0.241263
vt 0.639205 0.222659
vt 0.635315 0.210163
vt 0.631559 0.203132
vt 0.632705 0.203011
vt 0.640712 0.222200
vt 0.636481 0.209527
vt 0.633816 0.202665
vt 0.637774 0.209144
vt 0.634852 0.202212
vt 0.631266 0.195200
vt 0.632284 0.195174
vt 0.626952 0.203055
vt 0.625335 0.195976
vt 0.629837 0.182376
vt 0.622861 0.183224
vt 0.626320 0.195871
vt 0.623870 0.183262
vt 0.620498 0.170469
vt 0.621502 0.170452
vt 0.627291 0.195667
vt 0.624871 0.183242
vt 0.622504 0.170388
vt 0.619221 0.157372
vt 0.620203 0.157414
vt 0.625866 0.183104
vt 0.623512 0.170252
vt 0.621201 0.157315
vt 0.624511 0.170059
vt 0.622209 0.157090
vt 0.618648 0.141616
vt 0.619639 0.141686
vt 0.623188 0.156808
vt 0.620622 0.141681
vt 0.616874 0.122576
vt 0.617697 0.122843
vt 0.621564 0.141513
vt 0.618520 0.123111
vt 0.615211 0.107358
vt 0.615661 0.107467
vt 0.619280 0.123159
vt 0.616121 0.107610
vt 0.614007 0.099303
vt 0.614106 0.099296
vt 0.613874 0.123503
vt 0.613139 0.108014
vt 0.613418 0.099331
vt 0.613563 0.108022
vt 0.613518 0.099333
vt 0.670326 0.383916
vt 0.667559 0.371268
vt 0.668842 0.371150
vt 0.670090 0.370832
vt 0.666023 0.357581
vt 0.667207 0.357244
vt 0.668391 0.356881
vt 0.665445 0.341151
vt 0.669608 0.356664
vt 0.666655 0.340934
vt 0.663825 0.326120
vt 0.667890 0.340873
vt 0.665028 0.326047
vt 0.662137 0.313239
vt 0.656752 0.326972
vt 0.654639 0.314099
vt 0.653315 0.304451
vt 0.655711 0.314118
vt 0.654324 0.304705
vt 0.655247 0.304808
vt 0.652527 0.298092
vt 0.653637 0.298354
vt 0.654686 0.298337
vt 0.652752 0.290692
vt 0.655657 0.297834
vt 0.653994 0.290224
vt 0.651116 0.277573
vt 0.655180 0.289606
vt 0.652606 0.277041
vt 0.648577 0.259716
vt 0.654144 0.276684
vt 0.650194 0.259388
vt 0.645704 0.240917
vt 0.651839 0.259287
vt 0.647347 0.240814
vt 0.642281 0.222047
vt 0.636066 0.242943
vt 0.631748 0.224154
vt 0.628806 0.210691
vt 0.633296 0.224309
vt 0.630159 0.210935
vt 0.628075 0.202941
vt 0.631503 0.211144
vt 0.629249 0.202963
vt 0.630418 0.203068
vt 0.628291 0.195470
vt 0.629285 0.195312
vt 0.626852 0.182859
vt 0.630268 0.195230
vt 0.627833 0.182603
vt 0.625489 0.169864
vt 0.628829 0.182434
vt 0.626472 0.169741
vt 0.624152 0.156590
vt 0.627484 0.169685
vt 0.625144 0.156507
vt 0.618220 0.157294
vt 0.622510 0.141263
vt 0.615757 0.141723
vt 0.616729 0.141553
vt 0.614657 0.123115
vt 0.617682 0.141542
vt 0.615405 0.122707
vt 0.613995 0.107843
vt 0.616120 0.122506
vt 0.614409 0.107586
vt 0.613615 0.099328
vt 0.613713 0.099319
vt 0.614803 0.107399
vt 0.613811 0.099310
vt 0.613910 0.099307
vt 0.098308 0.612797
vt 0.099257 0.612811
vt 0.090553 0.630170
vt 0.100025 0.630342
vt 0.099555 0.596867
vt 0.092950 0.596522
vt 0.092642 0.612559
vt 0.091901 0.630439
vt 0.091116 0.643217
vt 0.101242 0.643334
vt 0.103186 0.574663
vt 0.104490 0.574682
vt 0.093891 0.596573
vt 0.098692 0.630230
vt 0.099869 0.643212
vt 0.098607 0.596861
vt 0.101871 0.574656
vt 0.102290 0.654653
vt 0.100794 0.654916
vt 0.104306 0.561624
vt 0.105659 0.561485
vt 0.098440 0.643160
vt 0.099455 0.655190
vt 0.100560 0.574577
vt 0.102904 0.561525
vt 0.106253 0.549193
vt 0.107563 0.548651
vt 0.104880 0.549346
vt 0.098008 0.655211
vt 0.098872 0.666506
vt 0.101492 0.561141
vt 0.103484 0.548953
vt 0.106816 0.537263
vt 0.107906 0.536686
vt 0.099628 0.676228
vt 0.105588 0.537329
vt 0.102196 0.548106
vt 0.104405 0.536833
vt 0.107600 0.528750
vt 0.108609 0.528343
vt 0.100563 0.686786
vt 0.106491 0.528833
vt 0.103465 0.535972
vt 0.105366 0.528464
vt 0.108464 0.519980
vt 0.109444 0.519902
vt 0.107461 0.519895
vt 0.104437 0.527801
vt 0.106451 0.519665
vt 0.108718 0.509090
vt 0.109735 0.509015
vt 0.113477 0.519959
vt 0.093301 0.630558
vt 0.094632 0.630495
vt 0.095447 0.643384
vt 0.094090 0.643473
vt 0.095929 0.630335
vt 0.096904 0.643247
vt 0.096475 0.654973
vt 0.095104 0.654620
vt 0.094517 0.612854
vt 0.095467 0.612903
vt 0.092672 0.643406
vt 0.093838 0.654377
vt 0.095770 0.596783
vt 0.096714 0.596845
vt 0.096415 0.612877
vt 0.097293 0.630214
vt 0.097983 0.574149
vt 0.099270 0.574392
vt 0.097659 0.596866
vt 0.092404 0.654366
vt 0.094473 0.664594
vt 0.094830 0.596674
vt 0.096670 0.573943
vt 0.095990 0.675413
vt 0.098794 0.560244
vt 0.100136 0.560636
vt 0.095341 0.573865
vt 0.097412 0.560142
vt 0.100992 0.547249
vt 0.096850 0.686878
vt 0.103432 0.686213
vt 0.099643 0.546812
vt 0.107053 0.561251
vt 0.108899 0.548012
vt 0.102547 0.535156
vt 0.110332 0.535726
vt 0.109040 0.536022
vt 0.111878 0.527934
vt 0.110807 0.527733
vt 0.109677 0.527930
vt 0.112498 0.519772
vt 0.111480 0.519738
vt 0.110457 0.519798
vt 0.112693 0.509161
vt 0.113686 0.509427
vt 0.103449 0.716699
vt 0.105573 0.726946
vt 0.104461 0.727046
vt 0.103347 0.727117
vt 0.106847 0.737273
vt 0.105793 0.737235
vt 0.111150 0.726381
vt 0.113130 0.736530
vt 0.107951 0.748559
vt 0.114965 0.747870
vt 0.112081 0.736596
vt 0.113950 0.747877
vt 0.111032 0.736785
vt 0.112947 0.748023
vt 0.116025 0.761152
vt 0.115017 0.761281
vt 0.111966 0.748277
vt 0.114026 0.761515
vt 0.116936 0.774249
vt 0.115963 0.774502
vt 0.113046 0.761735
vt 0.114997 0.774692
vt 0.117690 0.785835
vt 0.116794 0.786116
vt 0.114048 0.774742
vt 0.115888 0.786193
vt 0.115029 0.786052
vt 0.114160 0.785852
vt 0.107714 0.716336
vt 0.110021 0.726431
vt 0.108901 0.726512
vt 0.107792 0.726640
vt 0.109990 0.737015
vt 0.106685 0.726784
vt 0.108953 0.737206
vt 0.110986 0.748529
vt 0.107905 0.737283
vt 0.109983 0.748657
vt 0.108967 0.748640
vt 0.112046 0.761850
vt 0.111029 0.761850
vt 0.110012 0.761786
vt 0.113086 0.774680
vt 0.112098 0.774608
vt 0.117034 0.761138
vt 0.118843 0.774026
vt 0.120229 0.785215
vt 0.117894 0.774066
vt 0.119334 0.785235
vt 0.121441 0.793216
vt 0.120552 0.793153
vt 0.118514 0.785482
vt 0.119743 0.793179
vt 0.119018 0.793478
vt 0.121118 0.797785
vt 0.120221 0.798017
vt 0.121986 0.803639
vt 0.120951 0.804119
vt 0.123608 0.814060
vt 0.122339 0.814382
vt 0.126015 0.828331
vt 0.124656 0.828460
vt 0.123290 0.828446
vt 0.128648 0.843228
vt 0.127282 0.843237
vt 0.132577 0.826521
vt 0.136554 0.841286
vt 0.131687 0.858220
vt 0.140460 0.856419
vt 0.135194 0.841411
vt 0.139173 0.856505
vt 0.143083 0.867128
vt 0.141978 0.867303
vt 0.137909 0.856749
vt 0.140843 0.867450
vt 0.143529 0.873636
vt 0.142686 0.874046
vt 0.136692 0.857149
vt 0.139746 0.867574
vt 0.141763 0.874299
vt 0.144406 0.880847
vt 0.143660 0.881228
vt 0.138684 0.867706
vt 0.140865 0.874261
vt 0.142870 0.881496
vt 0.140014 0.874061
vt 0.142061 0.881529
vt 0.145224 0.891698
vt 0.144400 0.891847
vt 0.141253 0.881428
vt 0.143566 0.891904
vt 0.146876 0.902293
vt 0.146056 0.902300
vt 0.142727 0.891907
vt 0.145220 0.902290
vt 0.148645 0.913091
vt 0.147826 0.913147
vt 0.150909 0.901316
vt 0.153526 0.912161
vt 0.150628 0.924841
vt 0.156236 0.924050
vt 0.150092 0.901450
vt 0.152698 0.912246
vt 0.155451 0.924359
vt 0.158877 0.939352
vt 0.158265 0.939712
vt 0.151894 0.912381
vt 0.154685 0.924609
vt 0.157688 0.940193
vt 0.160115 0.952974
vt 0.159790 0.953100
vt 0.153899 0.924737
vt 0.157133 0.940544
vt 0.159483 0.953309
vt 0.156526 0.940617
vt 0.159188 0.953492
vt 0.160508 0.959791
vt 0.160429 0.959811
vt 0.158873 0.953556
vt 0.160348 0.959818
vt 0.123102 0.803304
vt 0.124216 0.803184
vt 0.127315 0.812830
vt 0.126044 0.813119
vt 0.131216 0.826661
vt 0.129892 0.827006
vt 0.122100 0.797733
vt 0.124825 0.813581
vt 0.128618 0.827505
vt 0.133873 0.841744
vt 0.132603 0.842233
vt 0.127343 0.828006
vt 0.131331 0.842730
vt 0.135499 0.857601
vt 0.130009 0.843082
vt 0.134260 0.857975
vt 0.137604 0.867858
vt 0.132978 0.858162
vt 0.136513 0.868078
vt 0.139104 0.873942
vt 0.135455 0.868318
vt 0.138173 0.874041
vt 0.140424 0.881317
vt 0.144286 0.873222
vt 0.145950 0.880329
vt 0.145156 0.880509
vt 0.148449 0.890922
vt 0.147622 0.891009
vt 0.146818 0.891192
vt 0.149300 0.901679
vt 0.146026 0.891449
vt 0.148507 0.901954
vt 0.151096 0.912580
vt 0.147694 0.902184
vt 0.150277 0.912796
vt 0.153068 0.924729
vt 0.149456 0.912979
vt 0.152232 0.924681
vt 0.155845 0.940447
vt 0.151422 0.924695
vt 0.155146 0.940197
vt 0.158536 0.953538
vt 0.154489 0.940074
vt 0.158180 0.953468
vt 0.160447 0.952985
vt 0.160185 0.959817
vt 0.160746 0.959744
vt 0.160664 0.959746
vt 0.748948 0.449339
vt 0.761209 0.449286
vt 0.759979 0.434717
vt 0.747942 0.435406
vt 0.750770 0.465582
vt 0.762065 0.465638
vt 0.757500 0.419153
vt 0.748199 0.420472
vt 0.750749 0.449495
vt 0.749620 0.435714
vt 0.760460 0.465453
vt 0.759548 0.449106
vt 0.749291 0.421294
vt 0.751713 0.487401
vt 0.759737 0.487490
vt 0.747425 0.407281
vt 0.748398 0.408129
vt 0.751505 0.435519
vt 0.750823 0.421466
vt 0.759627 0.507044
vt 0.758471 0.507010
vt 0.758587 0.487380
vt 0.758859 0.465501
vt 0.749534 0.408747
vt 0.745785 0.534184
vt 0.756955 0.534857
vt 0.757315 0.506985
vt 0.747061 0.395612
vt 0.748182 0.396150
vt 0.752312 0.420826
vt 0.750924 0.408735
vt 0.751582 0.506786
vt 0.747407 0.534169
vt 0.742796 0.550525
vt 0.754837 0.551128
vt 0.755378 0.534484
vt 0.757438 0.487452
vt 0.756171 0.506971
vt 0.749383 0.396397
vt 0.744486 0.550644
vt 0.752162 0.408048
vt 0.750588 0.396170
vt 0.749021 0.533968
vt 0.746183 0.550330
vt 0.742213 0.566710
vt 0.740478 0.566265
vt 0.747752 0.382367
vt 0.749000 0.382439
vt 0.743939 0.566585
vt 0.751733 0.395611
vt 0.750218 0.382246
vt 0.741892 0.579468
vt 0.740425 0.578990
vt 0.745638 0.566087
vt 0.743446 0.579649
vt 0.741845 0.587651
vt 0.740727 0.587139
vt 0.745103 0.579433
vt 0.743060 0.588082
vt 0.741246 0.598612
vt 0.740089 0.598253
vt 0.744421 0.588207
vt 0.742480 0.598960
vt 0.745699 0.587886
vt 0.743721 0.599163
vt 0.740050 0.613002
vt 0.744937 0.599130
vt 0.756018 0.449154
vt 0.754334 0.449392
vt 0.753224 0.434823
vt 0.754749 0.434079
vt 0.757243 0.465711
vt 0.755596 0.465897
vt 0.753291 0.419692
vt 0.757782 0.449025
vt 0.756459 0.433792
vt 0.753978 0.465927
vt 0.752593 0.449539
vt 0.754403 0.418738
vt 0.756298 0.487629
vt 0.755150 0.487763
vt 0.753110 0.407095
vt 0.758301 0.434070
vt 0.755981 0.418530
vt 0.755025 0.506966
vt 0.753870 0.506941
vt 0.753993 0.487767
vt 0.752380 0.465803
vt 0.754190 0.406366
vt 0.752219 0.533837
vt 0.750620 0.533828
vt 0.752720 0.506876
vt 0.752857 0.395036
vt 0.755561 0.406373
vt 0.753808 0.534077
vt 0.749725 0.549722
vt 0.747952 0.549910
vt 0.752847 0.487622
vt 0.754020 0.394743
vt 0.751402 0.549936
vt 0.745892 0.395143
vt 0.753069 0.550495
vt 0.749073 0.565324
vt 0.747341 0.565543
vt 0.752510 0.381479
vt 0.744185 0.381593
vt 0.750749 0.565675
vt 0.745426 0.381757
vt 0.748150 0.578596
vt 0.746667 0.578964
vt 0.752333 0.566449
vt 0.749677 0.578644
vt 0.746899 0.587514
vt 0.738947 0.578344
vt 0.738122 0.586771
vt 0.736314 0.598343
vt 0.739500 0.586729
vt 0.737578 0.598215
vt 0.738846 0.598144
vt 0.735698 0.612632
vt 0.751340 0.381823
vt 0.748492 0.373777
vt 0.749839 0.373752
vt 0.751051 0.373536
vt 0.747769 0.362834
vt 0.749153 0.363031
vt 0.742194 0.373564
vt 0.740091 0.363550
vt 0.747211 0.349758
vt 0.737823 0.350525
vt 0.741311 0.363330
vt 0.739172 0.350594
vt 0.742613 0.363039
vt 0.740506 0.350407
vt 0.737304 0.337421
vt 0.738569 0.337367
vt 0.741823 0.350007
vt 0.739802 0.337057
vt 0.736696 0.323064
vt 0.737927 0.322894
vt 0.741029 0.336645
vt 0.739139 0.322603
vt 0.736028 0.306247
vt 0.737252 0.305963
vt 0.740344 0.322328
vt 0.738476 0.305705
vt 0.735338 0.289893
vt 0.736519 0.289582
vt 0.741569 0.322211
vt 0.739702 0.305606
vt 0.737719 0.289484
vt 0.740930 0.305686
vt 0.738885 0.289608
vt 0.735548 0.275781
vt 0.736683 0.275848
vt 0.730687 0.290257
vt 0.729168 0.276602
vt 0.735027 0.267478
vt 0.727725 0.268116
vt 0.730226 0.276867
vt 0.728741 0.268230
vt 0.725754 0.263069
vt 0.727009 0.263189
vt 0.729747 0.268215
vt 0.728183 0.263216
vt 0.724593 0.256594
vt 0.726032 0.256537
vt 0.730843 0.268100
vt 0.729303 0.263048
vt 0.727401 0.256362
vt 0.722923 0.244486
vt 0.724491 0.244179
vt 0.730451 0.262685
vt 0.728693 0.255970
vt 0.726003 0.243665
vt 0.720698 0.227022
vt 0.722285 0.226510
vt 0.730046 0.255600
vt 0.727517 0.243157
vt 0.723868 0.225983
vt 0.718322 0.208279
vt 0.719902 0.207791
vt 0.729087 0.242868
vt 0.725504 0.225654
vt 0.721527 0.207468
vt 0.715828 0.188962
vt 0.717361 0.188737
vt 0.727170 0.225554
vt 0.723193 0.207361
vt 0.718937 0.188650
vt 0.713749 0.175678
vt 0.715026 0.175941
vt 0.711782 0.209059
vt 0.708180 0.190182
vt 0.706256 0.177180
vt 0.709725 0.190219
vt 0.707546 0.177137
vt 0.705033 0.167889
vt 0.706144 0.168088
vt 0.708719 0.176728
vt 0.707191 0.167836
vt 0.704053 0.158160
vt 0.705088 0.158171
vt 0.707984 0.167151
vt 0.706070 0.157882
vt 0.702444 0.145697
vt 0.703435 0.145470
vt 0.708805 0.166397
vt 0.706927 0.157360
vt 0.704401 0.145143
vt 0.707780 0.156823
vt 0.705374 0.144828
vt 0.701655 0.132598
vt 0.702620 0.132231
vt 0.706382 0.144662
vt 0.703635 0.132046
vt 0.699874 0.120219
vt 0.700882 0.120080
vt 0.704654 0.132055
vt 0.701907 0.120028
vt 0.697702 0.105882
vt 0.698732 0.106063
vt 0.694946 0.121154
vt 0.691940 0.107368
vt 0.693987 0.085786
vt 0.689045 0.086958
vt 0.692926 0.107326
vt 0.689798 0.087246
vt 0.687457 0.070929
vt 0.687842 0.071029
vt 0.693899 0.107013
vt 0.690533 0.087230
vt 0.688235 0.071123
vt 0.687367 0.063429
vt 0.687467 0.063443
vt 0.691232 0.086875
vt 0.688627 0.071132
vt 0.687566 0.063432
vt 0.689007 0.071040
vt 0.687659 0.063396
vt 0.747186 0.373572
vt 0.746012 0.373311
vt 0.743962 0.362735
vt 0.745209 0.362590
vt 0.744801 0.373154
vt 0.743159 0.349651
vt 0.746579 0.382063
vt 0.746429 0.362647
vt 0.744511 0.349508
vt 0.743466 0.373229
vt 0.745858 0.349578
vt 0.742293 0.336377
vt 0.743569 0.336339
vt 0.744823 0.336525
vt 0.742811 0.322273
vt 0.736031 0.337254
vt 0.734220 0.322856
vt 0.732337 0.306242
vt 0.735454 0.323022
vt 0.733574 0.306383
vt 0.731877 0.290429
vt 0.734802 0.306407
vt 0.733069 0.290446
vt 0.734209 0.290237
vt 0.731338 0.276958
vt 0.732432 0.276796
vt 0.733440 0.276412
vt 0.731910 0.267799
vt 0.734445 0.275999
vt 0.732898 0.267497
vt 0.731621 0.262321
vt 0.733921 0.267374
vt 0.732770 0.262163
vt 0.731467 0.255423
vt 0.733904 0.262213
vt 0.732855 0.255432
vt 0.730684 0.242830
vt 0.723202 0.256605
vt 0.719728 0.244483
vt 0.715728 0.227293
vt 0.721325 0.244565
vt 0.717393 0.227375
vt 0.713443 0.209129
vt 0.719057 0.227314
vt 0.715102 0.209053
vt 0.711269 0.190110
vt 0.716738 0.208766
vt 0.712819 0.189784
vt 0.709878 0.176120
vt 0.714327 0.189324
vt 0.711175 0.175601
vt 0.712504 0.175451
vt 0.709879 0.165981
vt 0.710974 0.166088
vt 0.708781 0.156603
vt 0.711901 0.166575
vt 0.709789 0.156683
vt 0.707407 0.144640
vt 0.703068 0.157912
vt 0.700395 0.145743
vt 0.701422 0.145776
vt 0.697695 0.133253
vt 0.698711 0.133321
vt 0.699732 0.133245
vt 0.695953 0.121112
vt 0.696959 0.120983
vt 0.700716 0.132985
vt 0.697943 0.120744
vt 0.694831 0.106534
vt 0.698905 0.120470
vt 0.695748 0.106112
vt 0.691885 0.086316
vt 0.696685 0.105832
vt 0.692526 0.085836
vt 0.689364 0.070845
vt 0.693219 0.085649
vt 0.689712 0.070636
vt 0.687750 0.063354
vt 0.687845 0.063322
vt 0.690071 0.070506
vt 0.687943 0.063308
vt 0.687273 0.063399
vt 0.622301 0.527779
vt 0.620803 0.528093
vt 0.618730 0.512544
vt 0.620261 0.512137
vt 0.623700 0.548066
vt 0.622658 0.548320
vt 0.619319 0.528384
vt 0.617182 0.513075
vt 0.616876 0.498235
vt 0.618288 0.497310
vt 0.623795 0.527593
vt 0.621829 0.512060
vt 0.621607 0.548570
vt 0.619843 0.496867
vt 0.622639 0.566331
vt 0.621567 0.566318
vt 0.620536 0.548682
vt 0.617840 0.528493
vt 0.616090 0.484384
vt 0.617171 0.483500
vt 0.623443 0.512289
vt 0.621480 0.497098
vt 0.621703 0.591584
vt 0.620166 0.591606
vt 0.620497 0.566292
vt 0.618571 0.483154
vt 0.623700 0.566319
vt 0.623184 0.591834
vt 0.615395 0.475038
vt 0.616394 0.474353
vt 0.623044 0.497787
vt 0.620069 0.483435
vt 0.621955 0.606369
vt 0.620330 0.606172
vt 0.617613 0.474117
vt 0.624718 0.592160
vt 0.623487 0.606748
vt 0.614586 0.465384
vt 0.615707 0.465191
vt 0.622198 0.620033
vt 0.620593 0.620100
vt 0.609411 0.474950
vt 0.607705 0.465557
vt 0.625189 0.607091
vt 0.623736 0.620230
vt 0.620448 0.631758
vt 0.619123 0.632378
vt 0.613485 0.453543
vt 0.605577 0.453750
vt 0.610610 0.475469
vt 0.608871 0.465668
vt 0.621565 0.631055
vt 0.606713 0.453488
vt 0.612079 0.620426
vt 0.612218 0.630888
vt 0.610023 0.465829
vt 0.607894 0.453315
vt 0.612146 0.640687
vt 0.605068 0.445389
vt 0.606129 0.444733
vt 0.610832 0.653269
vt 0.608997 0.453324
vt 0.607249 0.444320
vt 0.611913 0.652936
vt 0.610520 0.667685
vt 0.616354 0.528427
vt 0.626757 0.527789
vt 0.625017 0.512624
vt 0.613979 0.513522
vt 0.619460 0.548626
vt 0.618399 0.548464
vt 0.625273 0.527602
vt 0.612192 0.499299
vt 0.615573 0.513462
vt 0.625836 0.548017
vt 0.613753 0.499533
vt 0.626907 0.566070
vt 0.625836 0.566177
vt 0.624766 0.547946
vt 0.611026 0.484987
vt 0.612230 0.485692
vt 0.615366 0.499145
vt 0.615595 0.592354
vt 0.626288 0.592383
vt 0.624762 0.566264
vt 0.613616 0.485824
vt 0.619439 0.566277
vt 0.617093 0.592162
vt 0.611741 0.475977
vt 0.614982 0.485318
vt 0.615367 0.606947
vt 0.613707 0.607086
vt 0.613002 0.476121
vt 0.618611 0.591837
vt 0.616905 0.606621
vt 0.611138 0.465955
vt 0.615603 0.620772
vt 0.613924 0.620656
vt 0.614302 0.475752
vt 0.612285 0.465895
vt 0.618575 0.606284
vt 0.617205 0.620659
vt 0.610069 0.453429
vt 0.613444 0.465666
vt 0.611218 0.453547
vt 0.618887 0.620394
vt 0.617573 0.632518
vt 0.612385 0.453583
vt 0.616361 0.641752
vt 0.609256 0.444677
vt 0.610401 0.445096
vt 0.617527 0.642224
vt 0.615201 0.653353
vt 0.611577 0.445372
vt 0.616272 0.653855
vt 0.608704 0.433037
vt 0.607600 0.432719
vt 0.605887 0.419978
vt 0.607118 0.420203
vt 0.606517 0.432689
vt 0.604629 0.420040
vt 0.603751 0.407452
vt 0.604942 0.407559
vt 0.608258 0.444330
vt 0.608335 0.420530
vt 0.606104 0.407811
vt 0.605362 0.433088
vt 0.602905 0.394401
vt 0.604055 0.394546
vt 0.599820 0.421421
vt 0.597963 0.408642
vt 0.596076 0.395216
vt 0.599159 0.408704
vt 0.597228 0.395263
vt 0.593998 0.379735
vt 0.595157 0.379759
vt 0.598372 0.395106
vt 0.596295 0.379602
vt 0.593205 0.365427
vt 0.594313 0.365282
vt 0.597414 0.379303
vt 0.595370 0.364961
vt 0.592414 0.353437
vt 0.593422 0.353161
vt 0.596426 0.364614
vt 0.594400 0.352812
vt 0.591863 0.345485
vt 0.592884 0.345224
vt 0.597539 0.364415
vt 0.595389 0.352543
vt 0.593928 0.345153
vt 0.591661 0.339956
vt 0.592781 0.339918
vt 0.596434 0.352514
vt 0.594886 0.345278
vt 0.593873 0.340124
vt 0.595823 0.345522
vt 0.594829 0.340462
vt 0.592897 0.333053
vt 0.594151 0.333385
vt 0.587458 0.341183
vt 0.585485 0.334390
vt 0.592860 0.321019
vt 0.582672 0.322134
vt 0.586745 0.334371
vt 0.584153 0.322171
vt 0.579758 0.305664
vt 0.581303 0.305674
vt 0.585622 0.321966
vt 0.582840 0.305489
vt 0.578462 0.288103
vt 0.579992 0.287889
vt 0.584344 0.305106
vt 0.581497 0.287508
vt 0.577245 0.269530
vt 0.578659 0.269106
vt 0.585842 0.304713
vt 0.582991 0.287149
vt 0.580078 0.268744
vt 0.576481 0.255788
vt 0.577679 0.255275
vt 0.584512 0.286981
vt 0.581491 0.268679
vt 0.578951 0.255251
vt 0.582910 0.268818
vt 0.580086 0.255691
vt 0.576730 0.245801
vt 0.577785 0.245982
vt 0.581210 0.256175
vt 0.578669 0.246496
vt 0.576049 0.237731
vt 0.576995 0.237875
vt 0.572163 0.247627
vt 0.570649 0.238795
vt 0.575262 0.227150
vt 0.568687 0.227894
vt 0.571560 0.239042
vt 0.569646 0.227910
vt 0.566724 0.216298
vt 0.567674 0.216352
vt 0.570593 0.227776
vt 0.568616 0.216224
vt 0.565749 0.205610
vt 0.566675 0.205421
vt 0.571508 0.227502
vt 0.569527 0.215945
vt 0.567578 0.205154
vt 0.564659 0.191858
vt 0.565522 0.191436
vt 0.570430 0.215628
vt 0.568491 0.204920
vt 0.566378 0.191029
vt 0.569428 0.204809
vt 0.567264 0.190840
vt 0.564083 0.172449
vt 0.564711 0.172086
vt 0.568172 0.190891
vt 0.565351 0.171861
vt 0.562922 0.158916
vt 0.563281 0.158786
vt 0.566001 0.171852
vt 0.563636 0.158623
vt 0.562013 0.151594
vt 0.562106 0.151589
vt 0.561072 0.158696
vt 0.561470 0.151619
vt 0.604226 0.433719
vt 0.603166 0.434234
vt 0.601063 0.421388
vt 0.602245 0.420993
vt 0.602067 0.434359
vt 0.600321 0.408446
vt 0.604115 0.445863
vt 0.603408 0.420449
vt 0.601436 0.408019
vt 0.609913 0.433462
vt 0.602559 0.407600
vt 0.599498 0.394796
vt 0.600618 0.394493
vt 0.601755 0.394360
vt 0.598548 0.379003
vt 0.599701 0.378868
vt 0.600850 0.378911
vt 0.598672 0.364439
vt 0.601993 0.379063
vt 0.599782 0.364613
vt 0.597494 0.352655
vt 0.592083 0.365372
vt 0.590347 0.353393
vt 0.589006 0.346103
vt 0.591381 0.353499
vt 0.590028 0.346085
vt 0.588607 0.341133
vt 0.590961 0.345847
vt 0.589715 0.340760
vt 0.590670 0.340292
vt 0.588009 0.334022
vt 0.589211 0.333507
vt 0.590373 0.333063
vt 0.587049 0.321535
vt 0.588462 0.321089
vt 0.591608 0.332905
vt 0.589907 0.320802
vt 0.587374 0.304472
vt 0.591390 0.320816
vt 0.588927 0.304444
vt 0.586058 0.286983
vt 0.590477 0.304560
vt 0.587610 0.287080
vt 0.584370 0.268950
vt 0.576924 0.288128
vt 0.574425 0.269896
vt 0.573235 0.257101
vt 0.575844 0.269844
vt 0.574457 0.257063
vt 0.575498 0.256529
vt 0.573199 0.247843
vt 0.574208 0.247555
vt 0.574961 0.246868
vt 0.572522 0.239023
vt 0.573441 0.238716
vt 0.575716 0.246155
vt 0.574267 0.238256
vt 0.572422 0.227222
vt 0.575107 0.237854
vt 0.573361 0.227056
vt 0.571370 0.215429
vt 0.574313 0.227050
vt 0.572331 0.215397
vt 0.570370 0.204840
vt 0.573281 0.215512
vt 0.571313 0.204945
vt 0.569088 0.191141
vt 0.564794 0.205647
vt 0.562852 0.191988
vt 0.563761 0.192045
vt 0.561458 0.172435
vt 0.562123 0.172738
vt 0.562796 0.172873
vt 0.561428 0.158721
vt 0.561793 0.158816
vt 0.563452 0.172766
vt 0.562175 0.158927
vt 0.561649 0.151666
vt 0.561741 0.151661
vt 0.562555 0.158973
vt 0.561832 0.151641
vt 0.054471 0.593822
vt 0.047264 0.593660
vt 0.047439 0.612890
vt 0.046007 0.613009
vt 0.046806 0.576320
vt 0.047832 0.576338
vt 0.048292 0.593519
vt 0.048857 0.612636
vt 0.048642 0.627550
vt 0.047061 0.627884
vt 0.058434 0.551963
vt 0.048120 0.551839
vt 0.048858 0.576410
vt 0.055873 0.612832
vt 0.057881 0.627516
vt 0.054010 0.576353
vt 0.057021 0.551630
vt 0.060759 0.537861
vt 0.049553 0.537617
vt 0.049622 0.551918
vt 0.049326 0.593467
vt 0.049885 0.576470
vt 0.048804 0.641980
vt 0.059294 0.641900
vt 0.059281 0.537655
vt 0.050850 0.652658
vt 0.060419 0.652897
vt 0.056380 0.627177
vt 0.057762 0.641723
vt 0.055500 0.551462
vt 0.057725 0.537605
vt 0.060799 0.525560
vt 0.062265 0.525145
vt 0.059096 0.653267
vt 0.059453 0.525838
vt 0.060949 0.659821
vt 0.059842 0.660140
vt 0.056268 0.641216
vt 0.057705 0.653370
vt 0.056005 0.537661
vt 0.057917 0.525849
vt 0.058827 0.660553
vt 0.058967 0.514855
vt 0.056238 0.653115
vt 0.057730 0.660891
vt 0.056237 0.525614
vt 0.057538 0.514880
vt 0.060230 0.503157
vt 0.059988 0.670056
vt 0.058944 0.670332
vt 0.059150 0.503618
vt 0.056513 0.660950
vt 0.057832 0.670595
vt 0.056278 0.514275
vt 0.057910 0.503515
vt 0.060824 0.491218
vt 0.061821 0.490782
vt 0.059462 0.683184
vt 0.059734 0.491364
vt 0.056720 0.670727
vt 0.056939 0.502851
vt 0.058682 0.491114
vt 0.055639 0.670653
vt 0.060848 0.477722
vt 0.061965 0.477610
vt 0.057761 0.490506
vt 0.059884 0.477414
vt 0.050360 0.593536
vt 0.051385 0.593696
vt 0.053067 0.612499
vt 0.051665 0.612387
vt 0.050909 0.576495
vt 0.051937 0.576463
vt 0.052412 0.593852
vt 0.054467 0.612668
vt 0.054817 0.626740
vt 0.053242 0.626506
vt 0.052583 0.551648
vt 0.054004 0.551483
vt 0.052974 0.576400
vt 0.050264 0.612434
vt 0.051741 0.626627
vt 0.051144 0.551821
vt 0.054323 0.537753
vt 0.053447 0.593914
vt 0.054773 0.640668
vt 0.053239 0.640407
vt 0.052808 0.537816
vt 0.054864 0.652638
vt 0.050238 0.627057
vt 0.051734 0.640656
vt 0.051234 0.537798
vt 0.054668 0.525198
vt 0.053558 0.652255
vt 0.053260 0.524774
vt 0.055388 0.660616
vt 0.050294 0.641285
vt 0.052198 0.652239
vt 0.051692 0.524605
vt 0.055520 0.513286
vt 0.054334 0.660240
vt 0.054523 0.512483
vt 0.053208 0.659959
vt 0.056264 0.501957
vt 0.054604 0.670416
vt 0.062224 0.670118
vt 0.063350 0.683021
vt 0.061098 0.670006
vt 0.063224 0.730039
vt 0.064931 0.742459
vt 0.063834 0.742607
vt 0.071491 0.742272
vt 0.065517 0.757110
vt 0.073141 0.756771
vt 0.070398 0.742104
vt 0.072049 0.756613
vt 0.074740 0.770133
vt 0.073665 0.769986
vt 0.069301 0.741928
vt 0.070959 0.756446
vt 0.072591 0.769806
vt 0.069856 0.756378
vt 0.071510 0.769713
vt 0.073994 0.781095
vt 0.072972 0.781040
vt 0.070436 0.769789
vt 0.071951 0.781090
vt 0.074037 0.788465
vt 0.073092 0.788713
vt 0.070969 0.781254
vt 0.072247 0.789106
vt 0.073957 0.794183
vt 0.071434 0.789391
vt 0.067720 0.729396
vt 0.068198 0.741847
vt 0.067098 0.741930
vt 0.068765 0.756496
vt 0.066015 0.742184
vt 0.067693 0.756732
vt 0.069386 0.770009
vt 0.066618 0.756988
vt 0.068342 0.770264
vt 0.067280 0.770438
vt 0.069996 0.781425
vt 0.068992 0.781555
vt 0.075962 0.781305
vt 0.070524 0.789388
vt 0.076607 0.789004
vt 0.074981 0.781212
vt 0.075740 0.788715
vt 0.077757 0.794990
vt 0.074933 0.788493
vt 0.082874 0.846317
vt 0.084830 0.863786
vt 0.083444 0.863752
vt 0.085217 0.875976
vt 0.084059 0.876174
vt 0.083060 0.876748
vt 0.085730 0.884271
vt 0.084708 0.884524
vt 0.082110 0.877434
vt 0.083856 0.885094
vt 0.086136 0.891671
vt 0.085227 0.891830
vt 0.083050 0.885681
vt 0.084342 0.892052
vt 0.086321 0.902889
vt 0.085416 0.902990
vt 0.089630 0.885556
vt 0.090634 0.892071
vt 0.091730 0.902860
vt 0.089739 0.892103
vt 0.090827 0.902728
vt 0.092824 0.914226
vt 0.091917 0.914133
vt 0.089931 0.902572
vt 0.091016 0.913988
vt 0.092901 0.924943
vt 0.092022 0.924739
vt 0.090111 0.913879
vt 0.091111 0.924644
vt 0.092721 0.939065
vt 0.091885 0.938763
vt 0.090182 0.924701
vt 0.091027 0.938604
vt 0.092283 0.956691
vt 0.091643 0.956470
vt 0.089285 0.924883
vt 0.090172 0.938651
vt 0.090972 0.956217
vt 0.092002 0.969516
vt 0.091631 0.969450
vt 0.089335 0.938901
vt 0.090309 0.956097
vt 0.091239 0.969317
vt 0.092011 0.976655
vt 0.091923 0.976659
vt 0.089669 0.956198
vt 0.090841 0.969179
vt 0.091836 0.976670
vt 0.093537 0.969191
vt 0.092447 0.976718
vt 0.077018 0.847152
vt 0.079469 0.864892
vt 0.078077 0.865052
vt 0.087523 0.864373
vt 0.080956 0.877824
vt 0.088493 0.877235
vt 0.086199 0.864029
vt 0.087430 0.876701
vt 0.088593 0.885355
vt 0.086381 0.876187
vt 0.087669 0.884884
vt 0.088829 0.892021
vt 0.086757 0.884437
vt 0.087939 0.891805
vt 0.089025 0.902487
vt 0.087050 0.891652
vt 0.088110 0.902526
vt 0.087213 0.902698
vt 0.089201 0.913868
vt 0.088310 0.913990
vt 0.087421 0.914156
vt 0.088410 0.925080
vt 0.086519 0.914274
vt 0.087510 0.925177
vt 0.088491 0.939171
vt 0.093789 0.925124
vt 0.094398 0.939361
vt 0.094247 0.956475
vt 0.093548 0.939278
vt 0.093564 0.956670
vt 0.093152 0.969199
vt 0.092907 0.956774
vt 0.092750 0.969323
vt 0.092360 0.976707
vt 0.092273 0.976692
vt 0.092364 0.969463
vt 0.092187 0.976676
vt 0.092099 0.976663
vt 0.611202 0.703848
vt 0.600486 0.714917
vt 0.608849 0.715551
vt 0.601688 0.714837
vt 0.599637 0.727544
vt 0.598484 0.727664
vt 0.602896 0.714710
vt 0.600789 0.727421
vt 0.598522 0.742339
vt 0.597370 0.742447
vt 0.601946 0.727390
vt 0.599679 0.742315
vt 0.603093 0.727530
vt 0.600824 0.742445
vt 0.597574 0.756470
vt 0.596450 0.756464
vt 0.598711 0.756581
vt 0.601944 0.742700
vt 0.599817 0.756790
vt 0.597811 0.769209
vt 0.596768 0.768953
vt 0.600903 0.756991
vt 0.598817 0.769367
vt 0.596356 0.778032
vt 0.599800 0.769353
vt 0.606313 0.702681
vt 0.605317 0.714709
vt 0.604109 0.714638
vt 0.606498 0.714968
vt 0.604215 0.727809
vt 0.607666 0.715303
vt 0.605338 0.728113
vt 0.603063 0.742967
vt 0.606487 0.728279
vt 0.604206 0.743133
vt 0.596215 0.742539
vt 0.602011 0.757123
vt 0.594229 0.756625
vt 0.595346 0.756544
vt 0.593764 0.768690
vt 0.592722 0.768823
vt 0.594769 0.768639
vt 0.593760 0.777516
vt 0.592821 0.777786
vt 0.595749 0.768728
vt 0.594624 0.777390
vt 0.593313 0.783497
vt 0.592280 0.783778
vt 0.595472 0.777578
vt 0.594299 0.783481
vt 0.592721 0.790715
vt 0.591442 0.790657
vt 0.595226 0.783923
vt 0.593902 0.791117
vt 0.591595 0.803079
vt 0.590178 0.802665
vt 0.593010 0.803532
vt 0.589767 0.819916
vt 0.588279 0.819457
vt 0.591295 0.820172
vt 0.587657 0.837647
vt 0.586125 0.837372
vt 0.577009 0.836165
vt 0.573634 0.854027
vt 0.583555 0.855369
vt 0.575082 0.853814
vt 0.576529 0.853620
vt 0.574001 0.866268
vt 0.572739 0.866539
vt 0.577994 0.853617
vt 0.575256 0.866030
vt 0.573395 0.873778
vt 0.572295 0.873835
vt 0.576514 0.866010
vt 0.574489 0.873643
vt 0.572730 0.880840
vt 0.571786 0.880686
vt 0.575559 0.873548
vt 0.573668 0.880957
vt 0.576638 0.873625
vt 0.574592 0.881003
vt 0.571772 0.892719
vt 0.570839 0.892520
vt 0.572701 0.892929
vt 0.575530 0.881001
vt 0.573640 0.893057
vt 0.571824 0.905042
vt 0.570897 0.904958
vt 0.567063 0.892550
vt 0.565238 0.904556
vt 0.563512 0.917040
vt 0.570055 0.917456
vt 0.566194 0.904546
vt 0.564467 0.916981
vt 0.562640 0.931670
vt 0.561716 0.931493
vt 0.565403 0.916876
vt 0.563557 0.931800
vt 0.562186 0.949167
vt 0.561441 0.948828
vt 0.564451 0.931780
vt 0.562901 0.949527
vt 0.565356 0.931681
vt 0.563579 0.949694
vt 0.562041 0.963520
vt 0.561629 0.963365
vt 0.562438 0.963749
vt 0.564284 0.949604
vt 0.562813 0.963912
vt 0.562042 0.971528
vt 0.561950 0.971522
vt 0.562134 0.971533
vt 0.563196 0.963937
vt 0.562226 0.971535
vt 0.591247 0.784085
vt 0.590163 0.790831
vt 0.588724 0.802468
vt 0.585277 0.818705
vt 0.586798 0.818991
vt 0.581655 0.836057
vt 0.583171 0.836385
vt 0.584641 0.836883
vt 0.579421 0.853909
vt 0.580778 0.854422
vt 0.582126 0.854984
vt 0.578864 0.866832
vt 0.577731 0.866308
vt 0.579978 0.867393
vt 0.577691 0.873915
vt 0.571461 0.866637
vt 0.570220 0.873557
vt 0.568988 0.880470
vt 0.571237 0.873764
vt 0.569940 0.880456
vt 0.570868 0.880525
vt 0.568015 0.892501
vt 0.568961 0.892434
vt 0.569901 0.892422
vt 0.568079 0.904559
vt 0.567138 0.904531
vt 0.569030 0.904655
vt 0.567264 0.916868
vt 0.566324 0.916805
vt 0.569974 0.904805
vt 0.568216 0.917048
vt 0.566284 0.931583
vt 0.569143 0.917281
vt 0.567206 0.931559
vt 0.565048 0.949327
vt 0.568096 0.931686
vt 0.565811 0.949051
vt 0.560720 0.948701
vt 0.563615 0.963820
vt 0.560848 0.963553
vt 0.561232 0.963386
vt 0.561673 0.971542
vt 0.562318 0.971534
vt 0.561764 0.971526
vt 0.561857 0.971521
vt 0.070779 0.459016
vt 0.072619 0.447847
vt 0.073824 0.448006
vt 0.071866 0.459458
vt 0.069011 0.469025
vt 0.071413 0.447721
vt 0.067010 0.477465
vt 0.070197 0.447612
vt 0.074156 0.436779
vt 0.075299 0.436759
vt 0.061744 0.468481
vt 0.073021 0.436750
vt 0.068972 0.447500
vt 0.071890 0.436613
vt 0.074566 0.424457
vt 0.075678 0.424519
vt 0.070766 0.436345
vt 0.073474 0.424245
vt 0.076323 0.409942
vt 0.077416 0.410137
vt 0.072414 0.423917
vt 0.075252 0.409632
vt 0.078144 0.395639
vt 0.079177 0.395977
vt 0.082931 0.410350
vt 0.085403 0.396286
vt 0.081841 0.410188
vt 0.084381 0.396218
vt 0.087434 0.383939
vt 0.080919 0.383444
vt 0.086460 0.383837
vt 0.083341 0.396267
vt 0.085534 0.383972
vt 0.087325 0.375236
vt 0.088245 0.375358
vt 0.084598 0.384172
vt 0.086465 0.375340
vt 0.088097 0.370260
vt 0.089110 0.370287
vt 0.085545 0.375518
vt 0.087156 0.370387
vt 0.089248 0.364353
vt 0.090468 0.364286
vt 0.086146 0.370488
vt 0.088071 0.364427
vt 0.091157 0.353888
vt 0.092570 0.354034
vt 0.086861 0.364338
vt 0.089777 0.353577
vt 0.094253 0.338543
vt 0.095683 0.338953
vt 0.088450 0.353079
vt 0.092882 0.337970
vt 0.097742 0.322062
vt 0.099103 0.322646
vt 0.103020 0.339867
vt 0.107871 0.323958
vt 0.101597 0.339449
vt 0.106443 0.323539
vt 0.112557 0.307743
vt 0.102904 0.305996
vt 0.111195 0.307345
vt 0.104968 0.323348
vt 0.109790 0.307151
vt 0.114233 0.296380
vt 0.115408 0.296454
vt 0.113039 0.296222
vt 0.108380 0.307096
vt 0.111880 0.296027
vt 0.114843 0.289622
vt 0.115810 0.289419
vt 0.113834 0.289598
vt 0.110744 0.295792
vt 0.112936 0.289308
vt 0.115163 0.281556
vt 0.116086 0.281559
vt 0.112151 0.288806
vt 0.114294 0.281337
vt 0.117158 0.269938
vt 0.118056 0.270045
vt 0.113479 0.280946
vt 0.116287 0.269723
vt 0.119240 0.258369
vt 0.120093 0.258633
vt 0.115430 0.269428
vt 0.118385 0.258053
vt 0.121676 0.270385
vt 0.124567 0.259032
vt 0.121449 0.246547
vt 0.122306 0.246778
vt 0.127592 0.247550
vt 0.123683 0.258895
vt 0.126711 0.247334
vt 0.129914 0.234650
vt 0.130828 0.234588
vt 0.125839 0.247197
vt 0.129026 0.234643
vt 0.132385 0.217685
vt 0.133122 0.217371
vt 0.128156 0.234492
vt 0.131685 0.217859
vt 0.134406 0.203073
vt 0.134781 0.202953
vt 0.131019 0.217739
vt 0.134033 0.203156
vt 0.135335 0.195922
vt 0.135426 0.195919
vt 0.133673 0.203131
vt 0.135246 0.195908
vt 0.133336 0.202957
vt 0.135163 0.195876
vt 0.062948 0.468489
vt 0.065112 0.458485
vt 0.066205 0.458377
vt 0.064070 0.468183
vt 0.067756 0.447357
vt 0.063925 0.458480
vt 0.066553 0.447164
vt 0.075029 0.448232
vt 0.069654 0.436035
vt 0.077575 0.436879
vt 0.076443 0.436771
vt 0.079021 0.424460
vt 0.080113 0.424640
vt 0.077907 0.424439
vt 0.080731 0.410149
vt 0.076791 0.424490
vt 0.079619 0.410177
vt 0.082272 0.396321
vt 0.078516 0.410204
vt 0.081218 0.396335
vt 0.080196 0.396233
vt 0.083608 0.384265
vt 0.082645 0.384189
vt 0.081781 0.383873
vt 0.083658 0.375533
vt 0.084557 0.375572
vt 0.082862 0.375199
vt 0.084097 0.370241
vt 0.085080 0.370465
vt 0.089173 0.375732
vt 0.091052 0.371137
vt 0.093874 0.365361
vt 0.085636 0.364015
vt 0.090166 0.370585
vt 0.092868 0.364737
vt 0.096787 0.354400
vt 0.098132 0.354872
vt 0.091721 0.364382
vt 0.095398 0.354151
vt 0.100128 0.339245
vt 0.093988 0.354067
vt 0.098645 0.339193
vt 0.103482 0.323305
vt 0.097158 0.339143
vt 0.101998 0.323258
vt 0.100526 0.323063
vt 0.106970 0.307069
vt 0.105572 0.306882
vt 0.104208 0.306524
vt 0.109573 0.295481
vt 0.108361 0.295194
vt 0.107182 0.294929
vt 0.111278 0.288307
vt 0.110313 0.287974
vt 0.116707 0.289142
vt 0.118780 0.281382
vt 0.112669 0.280509
vt 0.117888 0.281337
vt 0.120782 0.270200
vt 0.117000 0.281441
vt 0.119877 0.270115
vt 0.122794 0.258868
vt 0.118967 0.270087
vt 0.121888 0.258857
vt 0.120977 0.258792
vt 0.124958 0.247121
vt 0.124059 0.247049
vt 0.123168 0.246939
vt 0.126436 0.233821
vt 0.127284 0.234191
vt 0.125607 0.233516
vt 0.129801 0.216741
vt 0.130386 0.217304
vt 0.124749 0.233346
vt 0.129228 0.216320
vt 0.133028 0.202697
vt 0.133845 0.217142
vt 0.135490 0.202922
vt 0.135690 0.195884
vt 0.135082 0.195838
vt 0.135143 0.202892
vt 0.135600 0.195890
vt 0.123366 0.458213
vt 0.124587 0.444661
vt 0.125602 0.444671
vt 0.123594 0.444493
vt 0.122623 0.444199
vt 0.125776 0.431969
vt 0.126740 0.432129
vt 0.124861 0.431657
vt 0.121639 0.443904
vt 0.123948 0.431323
vt 0.126943 0.421351
vt 0.127823 0.421623
vt 0.126091 0.421016
vt 0.122979 0.431118
vt 0.125226 0.420752
vt 0.126741 0.414339
vt 0.127649 0.414417
vt 0.131487 0.421381
vt 0.132734 0.415026
vt 0.134254 0.410633
vt 0.127747 0.409790
vt 0.131914 0.415169
vt 0.133362 0.410800
vt 0.135257 0.404767
vt 0.136406 0.404630
vt 0.132449 0.410941
vt 0.134158 0.404968
vt 0.136693 0.394255
vt 0.137989 0.394125
vt 0.133050 0.404946
vt 0.135394 0.394268
vt 0.131939 0.404634
vt 0.134107 0.394068
vt 0.138196 0.379851
vt 0.139552 0.379875
vt 0.136851 0.379656
vt 0.132861 0.393672
vt 0.135537 0.379290
vt 0.139748 0.364272
vt 0.141089 0.364499
vt 0.138432 0.363897
vt 0.134230 0.378913
vt 0.137124 0.363543
vt 0.141455 0.347818
vt 0.142683 0.348240
vt 0.140218 0.347448
vt 0.135788 0.363355
vt 0.138974 0.347336
vt 0.142984 0.335728
vt 0.143999 0.336226
vt 0.141880 0.335653
vt 0.147689 0.348403
vt 0.148717 0.336785
vt 0.149728 0.328326
vt 0.144286 0.327456
vt 0.147801 0.337268
vt 0.148973 0.328787
vt 0.150600 0.321207
vt 0.151445 0.321090
vt 0.148212 0.329223
vt 0.149804 0.321462
vt 0.151701 0.311906
vt 0.152542 0.311822
vt 0.148995 0.321655
vt 0.150858 0.311903
vt 0.148144 0.321615
vt 0.150026 0.311769
vt 0.152790 0.301781
vt 0.153621 0.301749
vt 0.151969 0.301653
vt 0.149225 0.311510
vt 0.151178 0.301394
vt 0.153060 0.291942
vt 0.153853 0.292194
vt 0.150394 0.301102
vt 0.152256 0.291718
vt 0.154392 0.279551
vt 0.155133 0.279930
vt 0.151431 0.291603
vt 0.153620 0.279362
vt 0.156406 0.262960
vt 0.156945 0.263300
vt 0.159048 0.279990
vt 0.160391 0.263125
vt 0.160736 0.251482
vt 0.158443 0.251447
vt 0.159822 0.263171
vt 0.160402 0.251397
vt 0.159249 0.263371
vt 0.160079 0.251334
vt 0.160178 0.245089
vt 0.160258 0.245074
vt 0.160100 0.245111
vt 0.159765 0.251339
vt 0.160022 0.245135
vt 0.119385 0.457453
vt 0.120632 0.443752
vt 0.127622 0.444467
vt 0.126618 0.444580
vt 0.129658 0.431828
vt 0.128689 0.431973
vt 0.127724 0.432115
vt 0.130560 0.421491
vt 0.129644 0.421646
vt 0.128731 0.421708
vt 0.130125 0.415230
vt 0.131019 0.415270
vt 0.129314 0.415000
vt 0.130451 0.410546
vt 0.131431 0.410884
vt 0.128534 0.414664
vt 0.129608 0.410126
vt 0.130881 0.404175
vt 0.128733 0.409827
vt 0.129858 0.403779
vt 0.131625 0.393260
vt 0.128769 0.403635
vt 0.130359 0.392987
vt 0.132889 0.378669
vt 0.139295 0.394056
vt 0.142277 0.379749
vt 0.140912 0.379799
vt 0.145169 0.364426
vt 0.143803 0.364497
vt 0.142443 0.364558
vt 0.146421 0.348568
vt 0.145147 0.348650
vt 0.143903 0.348561
vt 0.146753 0.337505
vt 0.145692 0.337424
vt 0.144814 0.336915
vt 0.146420 0.329079
vt 0.147294 0.329370
vt 0.145789 0.328449
vt 0.147338 0.321323
vt 0.145157 0.327799
vt 0.146616 0.320900
vt 0.148425 0.311248
vt 0.145880 0.320533
vt 0.147601 0.311084
vt 0.153382 0.311747
vt 0.149576 0.300913
vt 0.155280 0.301540
vt 0.154447 0.301630
vt 0.156354 0.292377
vt 0.157189 0.292289
vt 0.155510 0.292431
vt 0.157460 0.280478
vt 0.158255 0.280241
vt 0.154667 0.292379
vt 0.156662 0.280507
vt 0.158656 0.263616
vt 0.155879 0.280321
vt 0.158061 0.263712
vt 0.159440 0.251408
vt 0.157489 0.263597
vt 0.159100 0.251488
vt 0.158763 0.251512
vt 0.159860 0.245134
vt 0.159941 0.245143
vt 0.159782 0.245111
vt 0.159705 0.245083
vt 0.733577 0.665368
vt 0.722482 0.678678
vt 0.731063 0.679214
vt 0.723715 0.678689
vt 0.724949 0.678552
vt 0.721163 0.694868
vt 0.719921 0.694855
vt 0.722395 0.694744
vt 0.726187 0.678408
vt 0.723626 0.694609
vt 0.721148 0.709513
vt 0.719935 0.709663
vt 0.724866 0.694587
vt 0.722365 0.709461
vt 0.720176 0.722093
vt 0.719027 0.722106
vt 0.723566 0.709599
vt 0.721318 0.722198
vt 0.724732 0.709897
vt 0.722412 0.722430
vt 0.719670 0.730692
vt 0.718621 0.730369
vt 0.720598 0.731174
vt 0.723495 0.722670
vt 0.721495 0.731534
vt 0.718433 0.736784
vt 0.714637 0.731034
vt 0.728565 0.664431
vt 0.727428 0.678370
vt 0.728658 0.678516
vt 0.729861 0.678854
vt 0.726083 0.694772
vt 0.727274 0.695088
vt 0.728467 0.695427
vt 0.725891 0.710233
vt 0.717509 0.709742
vt 0.715679 0.722226
vt 0.718722 0.709776
vt 0.716810 0.722246
vt 0.717915 0.722188
vt 0.715714 0.730848
vt 0.716699 0.730566
vt 0.717616 0.730356
vt 0.715264 0.737147
vt 0.714133 0.737504
vt 0.716294 0.736721
vt 0.717328 0.736519
vt 0.715811 0.744696
vt 0.714465 0.744924
vt 0.717143 0.744823
vt 0.715115 0.758179
vt 0.713550 0.758045
vt 0.713902 0.776454
vt 0.712284 0.776049
vt 0.712420 0.796039
vt 0.710799 0.795611
vt 0.698279 0.815031
vt 0.708805 0.815813
vt 0.699798 0.814839
vt 0.698083 0.829216
vt 0.696722 0.829361
vt 0.701300 0.814517
vt 0.699301 0.828668
vt 0.702848 0.814312
vt 0.700502 0.828143
vt 0.697574 0.838317
vt 0.696402 0.838491
vt 0.698634 0.837833
vt 0.701819 0.827963
vt 0.699679 0.837377
vt 0.697994 0.845582
vt 0.696985 0.845780
vt 0.700838 0.837241
vt 0.698998 0.845454
vt 0.697279 0.857596
vt 0.696256 0.857509
vt 0.700022 0.845519
vt 0.698277 0.857834
vt 0.696497 0.870444
vt 0.695502 0.870263
vt 0.699267 0.858091
vt 0.697485 0.870673
vt 0.695843 0.882876
vt 0.694872 0.882612
vt 0.690398 0.870431
vt 0.688781 0.882694
vt 0.691423 0.870487
vt 0.689809 0.882663
vt 0.687465 0.898438
vt 0.694131 0.898331
vt 0.688432 0.898600
vt 0.690814 0.882503
vt 0.689388 0.898548
vt 0.687766 0.917799
vt 0.687023 0.917600
vt 0.688522 0.918052
vt 0.690327 0.898350
vt 0.689253 0.918200
vt 0.688818 0.932281
vt 0.688372 0.932122
vt 0.689957 0.918138
vt 0.689244 0.932457
vt 0.689092 0.940555
vt 0.688994 0.940570
vt 0.689648 0.932534
vt 0.689190 0.940545
vt 0.710400 0.758290
vt 0.711979 0.758127
vt 0.708980 0.775820
vt 0.713116 0.745277
vt 0.705892 0.794817
vt 0.710640 0.775835
vt 0.707551 0.794865
vt 0.704404 0.814341
vt 0.709187 0.795156
vt 0.705883 0.814706
vt 0.703107 0.828242
vt 0.707317 0.815273
vt 0.704200 0.828935
vt 0.705231 0.829750
vt 0.701972 0.837574
vt 0.702901 0.838254
vt 0.695292 0.838186
vt 0.693973 0.845541
vt 0.701035 0.845742
vt 0.694959 0.845749
vt 0.693203 0.857795
vt 0.692181 0.857791
vt 0.695961 0.845828
vt 0.694222 0.857691
vt 0.692444 0.870428
vt 0.695235 0.857560
vt 0.693460 0.870309
vt 0.691808 0.882317
vt 0.694482 0.870232
vt 0.692836 0.882256
vt 0.693874 0.882364
vt 0.691278 0.898052
vt 0.692248 0.897915
vt 0.693205 0.898009
vt 0.690686 0.917921
vt 0.691450 0.917669
vt 0.692200 0.917568
vt 0.690513 0.932348
vt 0.690067 0.932478
vt 0.687528 0.932199
vt 0.688697 0.940598
vt 0.689388 0.940549
vt 0.687942 0.932096
vt 0.688796 0.940589
vt 0.093574 0.612723
vt 0.097362 0.612833
vt 0.160267 0.959817
vt 0.160585 0.959765
vt 0.561557 0.151650
vt 0.561922 0.151613
vt 0.135513 0.195906
vt 0.688895 0.940581
vt 0.689289 0.940540
vt 0.697026 0.522091
vt 0.687302 0.541637
vt 0.091712 0.612407
vt 0.100502 0.596920
vt 0.760858 0.487772
vt 0.750438 0.506678
vt 0.626884 0.548257
vt 0.618375 0.566290
vt 0.046243 0.593787
vt 0.055038 0.576378
vt 0.690966 0.932213
vt 0.689486 0.940566
vt 0.692913 0.917712
vt 0.695064 0.898676
vt 0.696848 0.883028
vt 0.698491 0.870850
vt 0.700278 0.858249
vt 0.702016 0.846035
vt 0.703775 0.838953
vt 0.706506 0.830244
vt 0.710359 0.816061
vt 0.714061 0.796235
vt 0.717163 0.777065
vt 0.719756 0.759249
vt 0.721035 0.746178
vt 0.721490 0.738181
vt 0.722516 0.731575
vt 0.724615 0.722863
vt 0.727074 0.710479
vt 0.729697 0.695617
vt 0.732286 0.679434
vt 0.734815 0.665713
vt 0.737452 0.652675
vt 0.739546 0.638975
vt 0.741220 0.625605
vt 0.743369 0.613673
vt 0.746109 0.598915
vt 0.748175 0.587253
vt 0.751168 0.579178
vt 0.753972 0.567300
vt 0.756593 0.551580
vt 0.758563 0.534986
vt 0.158133 0.251318
vt 0.159626 0.245061
vt 0.155852 0.262744
vt 0.152822 0.279385
vt 0.150598 0.291613
vt 0.148736 0.300872
vt 0.146763 0.311062
vt 0.145049 0.320409
vt 0.143360 0.327583
vt 0.140870 0.335989
vt 0.137717 0.347401
vt 0.134427 0.363314
vt 0.131526 0.378612
vt 0.129055 0.392979
vt 0.127634 0.403759
vt 0.126786 0.409974
vt 0.125906 0.414432
vt 0.124304 0.420695
vt 0.121986 0.431108
vt 0.119624 0.443757
vt 0.117374 0.457306
vt 0.115229 0.468800
vt 0.112955 0.479851
vt 0.111309 0.491125
vt 0.109663 0.501706
vt 0.107686 0.509096
vt 0.105457 0.519392
vt 0.103590 0.527166
vt 0.101327 0.534802
vt 0.098196 0.546965
vt 0.095983 0.560314
vt 0.094034 0.573910
vt 0.606961 0.957659
vt 0.604531 0.964762
vt 0.611418 0.943000
vt 0.617021 0.923183
vt 0.620813 0.909212
vt 0.624009 0.897439
vt 0.627305 0.885053
vt 0.630171 0.873309
vt 0.632780 0.864053
vt 0.636339 0.854808
vt 0.640957 0.842129
vt 0.646101 0.823725
vt 0.650908 0.805857
vt 0.655225 0.788908
vt 0.657986 0.776473
vt 0.659450 0.769816
vt 0.660669 0.764696
vt 0.662708 0.756481
vt 0.665576 0.743007
vt 0.668425 0.727132
vt 0.671111 0.710763
vt 0.673781 0.696864
vt 0.676774 0.683862
vt 0.679256 0.670765
vt 0.681722 0.660006
vt 0.683597 0.652056
vt 0.685586 0.639020
vt 0.687437 0.627881
vt 0.689878 0.615917
vt 0.693252 0.600628
vt 0.695252 0.585674
vt 0.696690 0.569265
vt 0.132730 0.202465
vt 0.135000 0.195805
vt 0.128577 0.216196
vt 0.123835 0.233323
vt 0.120572 0.246301
vt 0.117510 0.257785
vt 0.114563 0.269139
vt 0.111809 0.280192
vt 0.109355 0.287955
vt 0.106041 0.294650
vt 0.101628 0.305414
vt 0.096378 0.321472
vt 0.091509 0.337395
vt 0.087124 0.352564
vt 0.084488 0.363536
vt 0.083217 0.369831
vt 0.082020 0.374798
vt 0.079972 0.383092
vt 0.077112 0.395368
vt 0.074193 0.409336
vt 0.071352 0.423593
vt 0.068546 0.435769
vt 0.065350 0.446954
vt 0.062700 0.458275
vt 0.060755 0.468036
vt 0.059095 0.476770
vt 0.056853 0.489882
vt 0.055275 0.501313
vt 0.053083 0.512277
vt 0.049984 0.524691
vt 0.047965 0.537377
vt 0.046695 0.551644
vt 0.564044 0.963673
vt 0.562411 0.971538
vt 0.566525 0.948983
vt 0.568992 0.931891
vt 0.570989 0.917503
vt 0.572775 0.905064
vt 0.574588 0.893079
vt 0.576486 0.880993
vt 0.578678 0.874308
vt 0.581203 0.867712
vt 0.585032 0.855463
vt 0.589202 0.837693
vt 0.592842 0.820217
vt 0.595934 0.803857
vt 0.597533 0.792096
vt 0.598173 0.784944
vt 0.598989 0.778564
vt 0.600827 0.769265
vt 0.603142 0.757154
vt 0.605366 0.743152
vt 0.607645 0.728294
vt 0.610043 0.715636
vt 0.612463 0.703995
vt 0.614386 0.691874
vt 0.615782 0.680328
vt 0.617489 0.668719
vt 0.619555 0.653541
vt 0.620623 0.640823
vt 0.622919 0.630823
vt 0.625461 0.620509
vt 0.627014 0.607153
vt 0.627815 0.592316
vt 0.093902 0.969299
vt 0.092536 0.976730
vt 0.094915 0.956325
vt 0.095264 0.939256
vt 0.094703 0.925192
vt 0.093738 0.914215
vt 0.092640 0.902896
vt 0.091519 0.891924
vt 0.090631 0.885327
vt 0.089699 0.877417
vt 0.088868 0.864603
vt 0.087287 0.846815
vt 0.085298 0.829651
vt 0.083084 0.813760
vt 0.080746 0.802195
vt 0.078760 0.795112
vt 0.077558 0.789211
vt 0.076969 0.781332
vt 0.075821 0.770150
vt 0.074247 0.756807
vt 0.072588 0.742310
vt 0.071136 0.729923
vt 0.069549 0.718150
vt 0.067571 0.705912
vt 0.065531 0.693985
vt 0.064270 0.683439
vt 0.063344 0.670279
vt 0.062174 0.659910
vt 0.061760 0.652379
vt 0.060855 0.641569
vt 0.059390 0.627470
vt 0.057295 0.612793
vt 0.561382 0.151588
vt 0.560701 0.158751
vt 0.560814 0.172183
vt 0.561953 0.191692
vt 0.563841 0.205563
vt 0.565782 0.216142
vt 0.567733 0.227780
vt 0.569755 0.238478
vt 0.571323 0.247094
vt 0.572050 0.256775
vt 0.572981 0.269753
vt 0.575382 0.288015
vt 0.578213 0.305540
vt 0.581196 0.321963
vt 0.584234 0.334157
vt 0.586428 0.341011
vt 0.587988 0.345961
vt 0.589313 0.353181
vt 0.590987 0.365171
vt 0.592844 0.379597
vt 0.594926 0.395060
vt 0.596797 0.408381
vt 0.598573 0.421189
vt 0.600849 0.434075
vt 0.603076 0.445929
vt 0.604500 0.453886
vt 0.606541 0.465549
vt 0.608132 0.474674
vt 0.609776 0.484185
vt 0.610720 0.498620
vt 0.612448 0.513315
vt 0.614856 0.528315
vt 0.687079 0.070871
vt 0.687178 0.063367
vt 0.688289 0.086580
vt 0.690945 0.107195
vt 0.693931 0.121162
vt 0.696691 0.133136
vt 0.699368 0.145689
vt 0.702114 0.157628
vt 0.704082 0.167407
vt 0.704954 0.176950
vt 0.706614 0.190091
vt 0.710117 0.208997
vt 0.714062 0.227237
vt 0.718129 0.244419
vt 0.721861 0.256675
vt 0.724541 0.263024
vt 0.726623 0.267998
vt 0.728106 0.276324
vt 0.729538 0.290003
vt 0.731102 0.306075
vt 0.732989 0.322670
vt 0.734779 0.336976
vt 0.736474 0.350318
vt 0.738801 0.363522
vt 0.741043 0.373929
vt 0.742904 0.381670
vt 0.744692 0.394906
vt 0.746207 0.406624
vt 0.747285 0.419329
vt 0.746531 0.434695
vt 0.747304 0.449146
vt 0.749153 0.465397
vt 0.160826 0.959757
vt 0.160779 0.953097
vt 0.159499 0.939282
vt 0.157042 0.923807
vt 0.154361 0.912113
vt 0.151747 0.901269
vt 0.149287 0.890893
vt 0.146789 0.880345
vt 0.145126 0.873009
vt 0.144154 0.867022
vt 0.141750 0.856481
vt 0.137919 0.841300
vt 0.133944 0.826513
vt 0.129925 0.812672
vt 0.126439 0.803245
vt 0.123911 0.797872
vt 0.122268 0.793381
vt 0.121138 0.785355
vt 0.119816 0.774092
vt 0.118041 0.761208
vt 0.115979 0.747947
vt 0.114175 0.736564
vt 0.112272 0.726336
vt 0.109919 0.716430
vt 0.107556 0.707851
vt 0.105702 0.699465
vt 0.104343 0.686643
vt 0.103273 0.675332
vt 0.103255 0.664747
vt 0.103872 0.654556
vt 0.102765 0.643488
vt 0.101337 0.630506
vt 0.612723 0.107849
vt 0.613320 0.099317
vt 0.613112 0.123664
vt 0.614779 0.141944
vt 0.617203 0.157265
vt 0.619479 0.170491
vt 0.621846 0.183206
vt 0.624321 0.195995
vt 0.625877 0.203310
vt 0.627442 0.210632
vt 0.630200 0.223977
vt 0.634423 0.242871
vt 0.638881 0.261306
vt 0.643357 0.278436
vt 0.647412 0.290449
vt 0.650361 0.297648
vt 0.652305 0.304176
vt 0.653525 0.313995
vt 0.655560 0.326926
vt 0.658172 0.341848
vt 0.661112 0.357602
vt 0.663692 0.371098
vt 0.666267 0.383552
vt 0.669475 0.396291
vt 0.672673 0.408368
vt 0.675075 0.420429
vt 0.676881 0.436352
vt 0.678724 0.449697
vt 0.679146 0.460126
vt 0.679368 0.471268
vt 0.681566 0.485416
vt 0.684134 0.501089
vn 0.068425 -0.419788 0.905039
vn 0.304643 -0.894559 0.327042
vn 0.240041 -0.965639 -0.099611
vn 0.140513 -0.714173 0.685721
vn 0.335384 -0.822074 -0.460122
vn 0.180584 -0.608563 -0.772684
vn 0.149659 -0.274172 -0.949964
vn 0.011065 0.064379 -0.997864
vn -0.139741 0.414263 -0.899366
vn -0.194607 0.724618 -0.661103
vn -0.376067 0.871395 -0.315030
vn -0.304258 0.948872 0.084077
vn -0.401751 0.798504 0.448317
vn -0.241003 0.626013 0.741637
vn -0.219101 0.274582 0.936269
vn -0.064156 -0.020251 0.997734
vn 0.083257 -0.650240 -0.755153
vn 0.196423 -0.977713 -0.074137
vn -0.064809 -0.031204 -0.997410
vn -0.196200 0.663508 -0.721986
vn -0.215102 0.975337 0.049484
vn -0.105742 0.669622 0.735136
vn 0.045368 0.052274 0.997602
vn 0.180058 -0.657275 0.731826
vn 0.076177 -0.125352 -0.989183
vn 0.224968 -0.705070 -0.672507
vn -0.104448 0.521490 -0.846841
vn -0.240081 0.956489 -0.165801
vn -0.197746 0.744994 0.637087
vn -0.045536 0.138623 0.989298
vn 0.138498 -0.537483 0.831823
vn 0.270487 -0.956924 0.105513
vn 0.214797 0.483852 -0.848381
vn 0.396375 -0.088070 -0.913855
vn -0.054884 0.937802 -0.342805
vn -0.363158 0.749716 0.553211
vn -0.374981 0.044601 0.925959
vn -0.158678 -0.537989 0.827883
vn 0.239965 -0.931569 0.273122
vn 0.483402 -0.684303 -0.545941
vn 0.158667 0.975662 -0.151355
vn 0.442085 0.677655 -0.587660
vn -0.377690 0.673561 0.635347
vn -0.570381 -0.193498 0.798263
vn -0.441725 -0.712384 0.545333
vn -0.100630 -0.992654 0.067172
vn 0.450344 -0.631367 -0.631321
vn 0.581297 0.188303 -0.791603
vn -0.153684 0.621490 0.768200
vn 0.291279 0.936003 0.197622
vn -0.565232 -0.187983 0.803228
vn -0.592696 -0.735550 0.328141
vn -0.327305 -0.913848 -0.240317
vn 0.236947 -0.575008 -0.783085
vn 0.606983 0.228394 -0.761188
vn 0.541870 0.764441 -0.349295
vn -0.557023 -0.230956 0.797737
vn 0.156837 0.364342 0.917963
vn -0.839793 -0.527911 0.126720
vn -0.665351 -0.597560 -0.447471
vn -0.046518 -0.402772 -0.914118
vn 0.641204 0.186815 -0.744283
vn 0.777333 0.607843 -0.162114
vn 0.602978 0.663001 0.443675
vn -0.913884 -0.360299 -0.187085
vn -0.483940 -0.670178 0.562729
vn -0.826032 -0.016073 -0.563394
vn -0.442858 0.341550 -0.828988
vn 0.581609 0.602070 -0.547030
vn 0.910900 0.369674 0.183311
vn 0.784212 0.091753 0.613672
vn 0.398104 -0.298716 0.867342
vn -0.762578 0.142653 -0.630972
vn -0.762056 -0.514356 -0.393330
vn -0.479626 0.647527 -0.592172
vn 0.147015 0.956164 -0.253254
vn 0.777695 0.497043 0.384890
vn 0.743086 -0.136813 0.655062
vn 0.435426 -0.631306 0.641761
vn -0.198594 -0.945196 0.259163
vn -0.348057 0.757020 -0.552972
vn -0.583981 0.124920 -0.802098
vn 0.058808 0.997982 -0.023939
vn 0.485617 0.661792 0.571146
vn 0.594919 -0.118517 0.795000
vn 0.352458 -0.751107 0.558222
vn -0.076348 -0.996747 0.025802
vn -0.494991 -0.646080 -0.581003
vn 0.238449 0.961258 0.138297
vn -0.065182 0.831811 -0.551219
vn 0.398887 0.545885 0.736817
vn 0.341118 -0.186607 0.921312
vn 0.090519 -0.826257 0.555973
vn -0.213396 -0.966223 -0.144484
vn -0.388298 -0.540407 -0.746448
vn -0.331776 0.203132 -0.921228
vn 0.428080 0.336674 0.838688
vn 0.436269 0.862698 0.255777
vn 0.162781 -0.379018 0.910960
vn -0.191523 -0.871023 0.452370
vn -0.432441 -0.856658 -0.281305
vn -0.417504 -0.334513 -0.844862
vn -0.169097 0.364073 -0.915891
vn 0.179623 0.861486 -0.474951
vn 0.117436 -0.539113 0.834006
vn 0.455023 0.174372 0.873240
vn -0.271866 -0.910729 0.310903
vn -0.508066 -0.776784 -0.372124
vn -0.463307 -0.203738 -0.862460
vn -0.142142 0.492988 -0.858346
vn 0.260182 0.896473 -0.358668
vn 0.512898 0.780092 0.358319
vn -0.118967 -0.990402 0.070357
vn 0.206736 -0.699146 0.684437
vn -0.369131 -0.743481 -0.557654
vn -0.432534 -0.102675 -0.895752
vn -0.242490 0.622892 -0.743777
vn 0.119186 0.983422 -0.136659
vn 0.405733 0.725985 0.555271
vn 0.435799 0.018971 0.899844
vn -0.015689 -0.689740 -0.723887
vn 0.214240 -0.970403 -0.111438
vn -0.242987 -0.046827 -0.968899
vn -0.355011 0.661980 -0.660114
vn -0.221024 0.972835 0.068855
vn 0.071500 0.679293 0.730376
vn 0.313901 -0.021823 0.949205
vn 0.361567 -0.722004 0.589898
vn -0.078350 0.048817 -0.995730
vn 0.298501 -0.523859 -0.797790
vn -0.471417 0.617132 -0.630012
vn -0.557213 0.816912 0.148893
vn -0.277504 0.528785 0.802108
vn 0.126918 -0.044976 0.990893
vn 0.450633 -0.647701 0.614340
vn 0.512973 -0.839287 -0.180158
vn -0.572428 0.615239 -0.542040
vn 0.052191 0.318837 -0.946371
vn -0.856791 0.503175 0.112800
vn -0.679532 0.133966 0.721311
vn -0.016720 -0.368424 0.929508
vn 0.586257 -0.639261 0.497643
vn 0.786948 -0.584900 -0.196481
vn 0.589976 -0.203345 -0.781395
vn -0.828220 0.521228 0.205848
vn -0.383165 0.851259 -0.358530
vn -0.807458 -0.077742 0.584780
vn -0.350669 -0.663001 0.661408
vn 0.391190 -0.869794 0.300714
vn 0.813741 -0.520817 -0.258023
vn 0.753697 0.049043 -0.655390
vn 0.297003 0.618620 -0.727392
vn -0.763949 -0.011528 0.645174
vn -0.652006 0.679660 0.336082
vn -0.454919 -0.682195 0.572415
vn 0.124035 -0.978628 0.164020
vn 0.646457 -0.670380 -0.364259
vn 0.746742 0.033270 -0.664281
vn 0.415210 0.689573 -0.593372
vn -0.152890 0.968972 -0.194211
vn -0.444864 -0.643297 0.623110
vn -0.640005 0.090561 0.763016
vn 0.000401 -0.993372 0.114945
vn 0.448305 -0.765069 -0.462268
vn 0.637165 -0.066553 -0.767849
vn 0.433519 0.664792 -0.608369
vn -0.019401 0.993566 -0.111584
vn -0.460208 0.766600 0.447810
vn -0.008337 -0.995884 0.090249
vn -0.327013 -0.631142 0.703365
vn 0.306069 -0.760737 -0.572365
vn 0.445742 -0.075401 -0.891980
vn 0.323774 0.667633 -0.670400
vn 0.004344 0.998627 -0.052199
vn -0.312463 0.758555 0.571805
vn -0.451416 0.103162 0.886330
vn 0.215404 -0.751356 -0.623751
vn 0.040355 -0.991662 0.122386
vn 0.261318 -0.068670 -0.962807
vn 0.176226 0.646299 -0.742456
vn -0.008958 0.996645 -0.081349
vn -0.192842 0.762638 0.617410
vn -0.258536 0.119417 0.958592
vn -0.163542 -0.602542 0.781151
vn 0.137715 0.046597 -0.989375
vn 0.164132 -0.671486 -0.722612
vn 0.063175 0.711794 -0.699542
vn -0.037113 0.998597 -0.037771
vn -0.112086 0.730562 0.673584
vn -0.099944 0.052069 0.993630
vn -0.005633 -0.657449 0.753478
vn 0.110066 -0.993351 0.033743
vn 0.141915 0.889980 -0.433353
vn 0.185498 0.329489 -0.925758
vn 0.038215 0.956061 0.290668
vn -0.051076 0.518152 0.853762
vn -0.093923 -0.221573 0.970610
vn -0.067994 -0.871560 0.485550
vn 0.027196 -0.945351 -0.324917
vn 0.132680 -0.430990 -0.892549
vn 0.158996 0.776068 0.610277
vn 0.338101 0.936288 -0.095151
vn -0.096380 0.199190 0.975210
vn -0.305538 -0.517085 0.799543
vn -0.326389 -0.939884 0.100436
vn -0.132032 -0.755753 -0.641409
vn 0.138286 -0.141014 -0.980302
vn 0.332579 0.551591 -0.764944
vn -0.013006 0.104949 0.994393
vn 0.341265 0.675128 0.654019
vn -0.365987 -0.514840 0.775238
vn -0.517588 -0.849133 0.105247
vn -0.348282 -0.676325 -0.649064
vn 0.037176 -0.087602 -0.995462
vn 0.383131 0.543471 -0.746894
vn 0.504096 0.861121 -0.066013
vn -0.191136 -0.741413 0.643252
vn 0.212362 -0.199406 0.956629
vn -0.488178 -0.872740 -0.002682
vn -0.532117 -0.532025 -0.658635
vn -0.251410 0.135308 -0.958376
vn 0.201880 0.723260 -0.660409
vn 0.515725 0.855665 0.043193
vn 0.512404 0.471530 0.717705
vn -0.176247 -0.951855 -0.250816
vn 0.194644 -0.908190 0.370546
vn -0.471564 -0.489393 -0.733568
vn -0.508950 0.266922 -0.818366
vn -0.210931 0.890468 -0.403206
vn 0.228134 0.933032 0.278220
vn 0.497591 0.390947 0.774315
vn 0.467709 -0.370872 0.802310
vn -0.275303 -0.389434 -0.878948
vn 0.087136 -0.875591 -0.475129
vn -0.492783 0.357136 -0.793485
vn -0.400163 0.886394 -0.232758
vn -0.072263 0.889858 0.450479
vn 0.299376 0.377130 0.876440
vn 0.505019 -0.397575 0.766088
vn 0.397046 -0.903134 0.163411
vn -0.340893 0.319798 -0.884037
vn -0.098107 -0.406116 -0.908540
vn -0.341809 0.897562 -0.278476
vn -0.113752 0.878542 0.463923
vn 0.164624 0.369893 0.914373
vn 0.371336 -0.387919 0.843581
vn 0.378187 -0.895042 0.236379
vn 0.185671 -0.866559 -0.463252
vn -0.209447 0.875257 -0.435956
vn -0.194028 0.230349 -0.953568
vn -0.078947 0.947660 0.309367
vn 0.091110 0.549159 0.830737
vn 0.231333 -0.096486 0.968078
vn 0.277023 -0.761855 0.585522
vn 0.167319 -0.967645 -0.188858
vn -0.028996 -0.555977 -0.830692
vn 0.085703 0.783649 -0.615263
vn 0.135402 0.990708 0.012850
vn 0.143407 0.973341 0.179000
vn 0.091239 0.819228 -0.566163
vn 0.146992 0.672868 0.725012
vn 0.141558 0.526959 0.838019
vn 0.095566 -0.130849 0.986785
vn 0.086745 -0.231728 0.968905
vn 0.016656 -0.845646 0.533484
vn 0.017725 -0.838832 0.544102
vn -0.033765 -0.947045 -0.319321
vn -0.030040 -0.978097 -0.205970
vn -0.022435 -0.396193 -0.917893
vn -0.028241 -0.528825 -0.848261
vn 0.028772 0.290731 -0.956372
vn 0.022001 0.214265 -0.976528
vn 0.443234 -0.887936 -0.122933
vn 0.217008 -0.575572 -0.788431
vn 0.072000 -0.223123 -0.972128
vn 0.368506 -0.750125 -0.549104
vn -0.140555 0.039819 -0.989272
vn -0.272160 0.401691 -0.874399
vn -0.449807 0.643369 -0.619476
vn -0.495967 0.825736 -0.268657
vn -0.501867 0.849756 0.161386
vn -0.427772 0.746545 0.509589
vn -0.252669 0.509496 0.822540
vn -0.131035 0.247553 0.959973
vn 0.105895 -0.105300 0.988786
vn 0.222065 -0.398768 0.889759
vn 0.392290 -0.680938 0.618411
vn 0.448530 -0.855928 0.257310
vn -0.125962 0.433595 -0.892260
vn 0.173694 -0.180123 -0.968187
vn -0.397911 0.868831 -0.294617
vn -0.419333 0.748461 0.513776
vn -0.198679 0.217928 0.955528
vn 0.109051 -0.403656 0.908389
vn 0.386522 -0.876641 0.286533
vn 0.393602 -0.731190 -0.557170
vn -0.123001 0.883164 -0.452651
vn 0.168269 0.422921 -0.890406
vn -0.375447 0.830363 0.411748
vn -0.342683 0.210411 0.915585
vn -0.146571 -0.403401 0.903208
vn 0.166500 -0.895126 0.413554
vn 0.428001 -0.771308 -0.471062
vn 0.369389 -0.158661 -0.915630
vn -0.109852 0.970745 0.213510
vn 0.288927 0.818786 -0.496096
vn -0.519308 0.156193 0.840192
vn -0.476739 -0.449039 0.755701
vn -0.245202 -0.839607 0.484702
vn 0.323758 -0.917777 -0.229925
vn 0.567759 -0.205774 -0.797061
vn 0.476243 0.401427 -0.782335
vn -0.485914 0.175006 0.856306
vn 0.177565 0.947035 0.267572
vn -0.622330 -0.530330 0.575721
vn -0.514543 -0.832379 0.205892
vn -0.156011 -0.928277 -0.337584
vn 0.545065 -0.184053 -0.817941
vn 0.618899 0.522051 -0.586879
vn 0.490516 0.827219 -0.274048
vn -0.590183 -0.578500 0.563047
vn -0.178211 0.144718 0.973292
vn -0.606840 -0.791770 -0.069615
vn -0.370162 -0.691301 -0.620551
vn 0.244169 -0.113679 -0.963046
vn 0.622469 0.570979 -0.535271
vn 0.571567 0.820376 0.017144
vn 0.329153 0.750489 0.573084
vn -0.765385 -0.604896 -0.219741
vn -0.585964 -0.610832 0.532476
vn -0.566422 -0.383714 -0.729335
vn 0.004096 0.066430 -0.997783
vn 0.616699 0.578468 -0.533908
vn 0.709168 0.683140 0.174357
vn 0.523065 0.449301 0.724246
vn 0.073845 -0.069510 0.994844
vn -0.640073 0.171312 -0.748972
vn -0.795357 -0.320983 -0.514176
vn -0.172413 0.679471 -0.713157
vn 0.604277 0.792082 -0.086342
vn 0.782299 0.345901 0.518035
vn 0.611786 -0.112980 0.782913
vn 0.155934 -0.631222 0.759765
vn -0.589817 -0.802329 0.091568
vn -0.101821 0.875643 -0.472103
vn -0.460919 0.388666 -0.797804
vn 0.385136 0.898877 0.209022
vn 0.600245 0.299746 0.741524
vn 0.455566 -0.368045 0.810557
vn 0.075102 -0.870994 0.485519
vn -0.424343 -0.879508 -0.215403
vn -0.613385 -0.272528 -0.741274
vn 0.410489 0.854408 0.318569
vn 0.120659 0.907589 -0.402148
vn 0.448276 0.286316 0.846801
vn 0.232167 -0.424933 0.874946
vn -0.115077 -0.909508 0.399440
vn -0.402498 -0.850523 -0.338536
vn -0.442460 -0.264002 -0.857048
vn -0.226887 0.443253 -0.867208
vn 0.459727 0.096373 0.882816
vn 0.585467 0.694046 0.418961
vn 0.070118 -0.551294 0.831360
vn -0.360539 -0.883620 0.298708
vn -0.576409 -0.695956 -0.428250
vn -0.433878 -0.088784 -0.896586
vn -0.041565 0.554241 -0.831318
vn 0.373527 0.879576 -0.294660
vn -0.009502 -0.743064 0.669153
vn 0.481409 -0.164163 0.860985
vn -0.485039 -0.870447 0.084020
vn -0.679012 -0.500577 -0.536997
vn -0.483734 0.158943 -0.860662
vn 0.001349 0.728132 -0.685436
vn 0.480115 0.869652 -0.114870
vn 0.681634 0.509182 0.525460
vn -0.401803 -0.905783 -0.134579
vn 0.047261 -0.877621 0.477019
vn -0.621551 -0.432271 -0.653311
vn -0.508112 0.280049 -0.814491
vn -0.086963 0.853093 -0.514461
vn 0.403708 0.909284 0.101109
vn 0.638340 0.412671 0.649788
vn 0.485251 -0.329034 0.810104
vn -0.365746 -0.400290 -0.840237
vn -0.093734 -0.916628 -0.388597
vn -0.448035 0.344571 -0.824946
vn -0.281235 0.898843 -0.336136
vn 0.083045 0.926433 0.367185
vn 0.414415 0.348571 0.840689
vn 0.465284 -0.431494 0.772867
vn 0.241371 -0.933129 0.266476
vn -0.248933 0.411295 -0.876852
vn 0.056900 -0.305215 -0.950582
vn -0.429804 0.872565 -0.232163
vn -0.332377 0.796672 0.504817
vn -0.013510 0.275894 0.961093
vn 0.330435 -0.452879 0.828078
vn 0.433064 -0.883057 0.180738
vn 0.307091 -0.801470 -0.513167
vn -0.535551 0.818223 -0.209037
vn -0.052518 0.507983 -0.859764
vn -0.640218 0.591535 0.490109
vn -0.408034 0.100560 0.907412
vn 0.091345 -0.527138 0.844856
vn 0.511699 -0.838526 0.187188
vn 0.588435 -0.610896 -0.529671
vn 0.393024 -0.128123 -0.910558
vn -0.826192 0.309149 0.470992
vn -0.605088 0.794672 -0.048630
vn -0.642573 -0.290027 0.709213
vn -0.044106 -0.827043 0.560406
vn 0.598671 -0.800356 -0.031996
vn 0.763870 -0.340256 -0.548387
vn 0.570163 0.228928 -0.788990
vn 0.042994 0.760969 -0.647363
vn -0.600312 -0.436544 0.670115
vn -0.740693 0.276765 0.612189
vn -0.141224 -0.930071 0.339151
vn 0.423285 -0.873958 -0.238804
vn 0.696935 -0.274667 -0.662450
vn 0.556855 0.424659 -0.713847
vn 0.104319 0.908536 -0.404574
vn -0.463301 0.870074 0.168296
vn -0.114828 -0.919026 0.377103
vn -0.488636 -0.386806 0.782059
vn 0.316480 -0.912814 -0.258090
vn 0.554787 -0.364894 -0.747706
vn 0.458964 0.399940 -0.793347
vn 0.087312 0.921658 -0.378052
vn -0.341916 0.907691 0.243290
vn -0.583709 0.373095 0.721168
vn 0.313127 -0.923372 -0.222116
vn -0.047813 -0.881557 0.469650
vn 0.477532 -0.419574 -0.771959
vn 0.365034 0.325462 -0.872253
vn 0.035266 0.889040 -0.456469
vn -0.316994 0.921650 0.223777
vn -0.486670 0.430835 0.759956
vn -0.382632 -0.306240 0.871671
vn 0.461663 -0.376248 -0.803309
vn 0.370445 -0.902797 -0.218468
vn 0.275549 0.361971 -0.890533
vn -0.062386 0.883615 -0.464040
vn -0.366768 0.899377 0.237912
vn -0.457409 0.391914 0.798236
vn -0.287867 -0.326641 0.900244
vn 0.049883 -0.866628 0.496454
vn 0.288335 0.407960 -0.866275
vn 0.493801 -0.344364 -0.798483
vn -0.063181 0.898729 -0.433929
vn -0.371771 0.901067 0.223305
vn -0.475898 0.399237 0.783665
vn -0.289584 -0.340302 0.894615
vn 0.075529 -0.873037 0.481770
vn 0.402295 -0.889799 -0.215444
vn 0.118171 0.958986 -0.257646
vn 0.425028 0.506374 -0.750291
vn -0.222814 0.903045 0.367239
vn -0.437059 0.364329 0.822340
vn -0.390712 -0.416150 0.821075
vn -0.072011 -0.948370 0.308885
vn 0.313926 -0.869130 -0.382182
vn 0.517986 -0.260171 -0.814863
vn 0.101902 0.683510 0.722793
vn 0.408227 0.900014 0.152732
vn -0.251312 0.076182 0.964903
vn -0.487173 -0.643672 0.590211
vn -0.394204 -0.906420 -0.151680
vn -0.036658 -0.654014 -0.755594
vn 0.387186 -0.005230 -0.921987
vn 0.558424 0.649686 -0.515820
vn -0.173170 -0.232886 0.956962
vn 0.212719 0.407285 0.888183
vn -0.484431 -0.771299 0.412825
vn -0.485011 -0.786238 -0.382877
vn -0.212046 -0.364027 -0.906929
vn 0.203978 0.274421 -0.939727
vn 0.507362 0.769884 -0.387120
vn 0.482574 0.796250 0.364839
vn -0.447956 -0.794984 0.409068
vn -0.065637 -0.363101 0.929435
vn -0.570065 -0.741399 -0.354053
vn -0.353777 -0.253030 -0.900454
vn 0.087042 0.391488 -0.916057
vn 0.470641 0.800563 -0.370939
vn 0.559220 0.739213 0.375283
vn 0.339992 0.269740 0.900914
vn -0.506072 -0.741219 -0.441006
vn -0.237020 -0.944322 0.228204
vn -0.502572 -0.110415 -0.857456
vn -0.203088 0.596422 -0.776554
vn 0.248129 0.945598 -0.210418
vn 0.539266 0.684952 0.489931
vn 0.485049 0.030804 0.873944
vn 0.162738 -0.623994 0.764295
vn -0.485719 -0.064665 -0.871720
vn -0.225295 -0.736341 -0.638000
vn -0.468125 0.667903 -0.578589
vn -0.147338 0.985777 0.080839
vn 0.273090 0.673952 0.686448
vn 0.507530 -0.054374 0.859917
vn 0.431776 -0.725674 0.535692
vn 0.136453 -0.988459 -0.065805
vn -0.430402 0.757264 -0.491229
vn -0.307897 0.114758 -0.944474
vn -0.272939 0.926655 0.258485
vn 0.032476 0.564291 0.824937
vn 0.327742 -0.135479 0.935003
vn 0.436300 -0.784457 0.440761
vn 0.279788 -0.909578 -0.307224
vn -0.011473 -0.547104 -0.836986
vn -0.160021 0.971938 0.172421
vn -0.262649 0.739250 -0.620100
vn 0.043709 0.590601 0.805779
vn 0.210700 -0.111127 0.971214
vn 0.272512 -0.768715 0.578632
vn 0.212755 -0.962446 -0.168622
vn 0.040763 -0.604741 -0.795379
vn -0.155870 0.052385 -0.986388
vn 0.103139 0.756202 0.646159
vn -0.033577 0.998350 -0.046586
vn 0.193674 0.140092 0.971012
vn 0.203266 -0.530703 0.822823
vn 0.121900 -0.967408 0.221950
vn -0.022761 -0.825721 -0.563619
vn -0.135725 -0.130083 -0.982170
vn -0.138965 0.648730 -0.748224
vn 0.270824 0.854663 0.442950
vn 0.272014 0.234166 0.933368
vn 0.250767 0.049642 0.966774
vn 0.284964 0.753123 0.592960
vn 0.123397 -0.583960 0.802349
vn 0.099927 -0.663113 0.741819
vn -0.072061 -0.992837 0.095299
vn -0.066423 -0.990188 0.122950
vn -0.176726 -0.704758 -0.687084
vn -0.169597 -0.798568 -0.577516
vn -0.126609 0.025580 -0.991623
vn -0.147439 -0.134699 -0.979856
vn 0.011606 0.656030 -0.754645
vn -0.002366 0.609840 -0.792521
vn 0.158377 0.961544 -0.224388
vn 0.175618 0.973724 -0.144982
vn 0.115012 -0.198156 -0.973400
vn -0.359305 0.387766 -0.848845
vn -0.448990 0.703491 -0.550916
vn -0.020769 0.238564 -0.970905
vn -0.638511 0.735184 -0.227613
vn -0.635644 0.752700 0.171465
vn -0.545412 0.625583 0.557827
vn -0.477533 0.377500 0.793383
vn -0.107656 0.093788 0.989755
vn -0.047805 -0.222012 0.973871
vn 0.363289 -0.484729 0.795650
vn 0.418615 -0.718701 0.555185
vn 0.599306 -0.782422 0.169259
vn 0.602451 -0.764151 -0.230491
vn 0.502946 -0.672184 -0.543336
vn 0.404381 -0.356906 -0.842077
vn -0.428962 0.877907 0.212769
vn -0.130405 0.827575 -0.545999
vn -0.448663 0.376860 0.810357
vn -0.238770 -0.279603 0.929952
vn 0.096098 -0.815800 0.570294
vn 0.417759 -0.879715 -0.227109
vn 0.434486 -0.330054 -0.838025
vn 0.210158 0.323846 -0.922474
vn -0.321362 0.509018 0.798516
vn -0.083720 0.994942 0.055509
vn -0.322824 -0.243849 0.914507
vn -0.179121 -0.778164 0.601978
vn 0.104472 -0.990829 -0.085694
vn 0.375553 -0.452218 -0.808986
vn 0.350961 0.267231 -0.897449
vn 0.185896 0.779521 -0.598156
vn -0.462497 -0.198943 0.864013
vn -0.105018 0.750674 0.652273
vn -0.451184 -0.698910 0.554939
vn -0.244071 -0.964132 0.104305
vn 0.264018 -0.737448 -0.621663
vn 0.492174 0.121347 -0.861997
vn 0.433821 0.664155 -0.608850
vn 0.275680 0.950925 -0.140509
vn -0.567174 -0.726589 0.387791
vn -0.425661 -0.220516 0.877602
vn -0.491048 -0.863675 -0.113748
vn -0.168624 -0.689565 -0.704320
vn 0.460918 0.183629 -0.868237
vn 0.574811 0.708560 -0.409311
vn 0.482723 0.875366 0.026706
vn 0.146436 0.707094 0.691791
vn -0.461082 -0.785480 -0.412825
vn -0.445292 -0.846584 0.291567
vn -0.270634 -0.368776 -0.889248
vn 0.173131 0.379138 -0.908999
vn 0.468071 0.832005 -0.297787
vn 0.458037 0.819577 0.344232
vn 0.246928 0.429163 0.868819
vn -0.165790 -0.369474 0.914332
vn -0.234473 -0.143855 -0.961420
vn -0.446071 -0.694260 -0.564821
vn 0.130943 0.533511 -0.835595
vn 0.398133 0.896161 -0.195924
vn 0.427114 0.745308 0.511948
vn 0.247571 0.219834 0.943600
vn -0.109655 -0.502350 0.857683
vn -0.418428 -0.893581 0.162573
vn 0.376034 0.841203 -0.388556
vn -0.065153 0.385442 -0.920429
vn 0.554651 0.743927 0.372739
vn 0.440767 0.299697 0.846112
vn 0.104335 -0.313172 0.943948
vn -0.386469 -0.824437 0.413454
vn -0.580840 -0.716438 -0.386448
vn -0.437837 -0.246774 -0.864524
vn 0.587688 0.568769 0.575434
vn 0.492534 0.853490 -0.170192
vn 0.358640 0.001930 0.933474
vn -0.067964 -0.583057 0.809584
vn -0.513879 -0.845841 0.143114
vn -0.607194 -0.527859 -0.593868
vn -0.365462 0.024231 -0.930511
vn 0.066390 0.582880 -0.809842
vn 0.383483 -0.165800 0.908544
vn 0.677424 0.447654 0.583697
vn -0.122257 -0.682663 0.720434
vn -0.579280 -0.809044 0.099413
vn -0.683280 -0.435600 -0.585987
vn -0.372847 0.183057 -0.909657
vn 0.144874 0.680821 -0.717979
vn 0.585647 0.804248 -0.101011
vn -0.138179 -0.838257 0.527477
vn 0.452614 -0.395849 0.799027
vn -0.645858 -0.760543 -0.066644
vn -0.764445 -0.246607 -0.595659
vn -0.438822 0.411302 -0.798915
vn 0.165241 0.828582 -0.534927
vn 0.661156 0.748393 0.052736
vn 0.766067 0.253391 0.590706
vn -0.608123 -0.717513 -0.339649
vn -0.145046 -0.958465 0.245574
vn -0.708380 -0.070180 -0.702334
vn -0.421889 0.609656 -0.671066
vn 0.122587 0.957756 -0.260146
vn 0.612040 0.725423 0.314910
vn 0.719845 0.068422 0.690754
vn 0.406939 -0.621334 0.669585
vn -0.549024 -0.026027 -0.835401
vn -0.409534 -0.716862 -0.564261
vn -0.388959 0.674988 -0.626979
vn -0.005227 0.998313 -0.057823
vn 0.409026 0.720889 0.559479
vn 0.568063 -0.017694 0.822795
vn 0.370431 -0.718607 0.588545
vn -0.034447 -0.999089 0.025189
vn -0.308813 0.725561 -0.614977
vn -0.250845 0.031915 -0.967501
vn -0.199292 0.973625 0.111072
vn 0.041280 0.642445 0.765220
vn 0.287027 -0.106904 0.951938
vn 0.338817 -0.777494 0.529817
vn 0.177330 -0.971269 -0.158718
vn -0.060831 -0.655188 -0.753013
vn -0.336413 0.917210 0.213432
vn -0.145910 0.797382 -0.585570
vn -0.314699 0.489402 0.813296
vn -0.098031 -0.199530 0.974976
vn 0.207198 -0.818375 0.536032
vn 0.348307 -0.909773 -0.225820
vn 0.294679 -0.520045 -0.801697
vn 0.118063 0.141241 -0.982910
vn -0.511546 0.322897 0.796278
vn -0.368362 0.877370 0.307459
vn -0.388026 -0.379847 0.839734
vn -0.014975 -0.924029 0.382029
vn 0.365271 -0.866133 -0.341162
vn 0.483570 -0.346025 -0.804007
vn 0.362611 0.324742 -0.873531
vn 0.019521 0.889955 -0.455630
vn -0.336351 -0.666817 0.664999
vn -0.512140 0.078370 0.855319
vn 0.028205 -0.998532 0.046236
vn 0.336693 -0.733919 -0.589916
vn 0.433714 -0.099035 -0.895592
vn 0.287516 0.603637 -0.743611
vn -0.059260 0.987282 -0.147524
vn -0.397624 0.748935 0.530087
vn 0.206330 -0.978438 0.009353
vn -0.149710 -0.716657 0.681168
vn 0.402004 -0.652730 -0.642135
vn 0.359335 0.010858 -0.933145
vn 0.098961 0.695084 -0.712085
vn -0.246532 0.968147 -0.043748
vn -0.454361 0.637169 0.622552
vn -0.417480 -0.031192 0.908151
vn 0.509180 -0.637523 -0.578187
vn 0.319336 -0.939502 0.123938
vn 0.387845 0.016131 -0.921584
vn 0.043028 0.656376 -0.753206
vn -0.343172 0.929600 -0.134450
vn -0.527092 0.634410 0.565419
vn -0.412146 -0.014877 0.910996
vn -0.074293 -0.660338 0.747285
vn 0.472640 0.032630 -0.880651
vn 0.604480 -0.628858 -0.489021
vn 0.066657 0.655821 -0.751968
vn -0.376796 0.903947 -0.202248
vn -0.609675 0.633131 0.476908
vn -0.481231 -0.014174 0.876479
vn -0.079930 -0.644101 0.760753
vn 0.367270 -0.907529 0.203725
vn 0.119378 0.741088 -0.660710
vn 0.554118 0.116654 -0.824224
vn -0.368852 0.921192 -0.123913
vn -0.651632 0.591039 0.475447
vn -0.564627 -0.083869 0.821074
vn -0.134261 -0.713943 0.687211
vn 0.370104 -0.916508 0.151778
vn 0.658257 -0.582282 -0.477123
vn -0.193385 0.981121 0.001951
vn 0.293905 0.790869 -0.536793
vn -0.563308 0.634549 0.529180
vn -0.629981 -0.063540 0.774007
vn -0.317999 -0.746863 0.584015
vn 0.215577 -0.975696 0.039302
vn 0.612150 -0.593179 -0.522888
vn 0.634413 0.143346 -0.759587
vn -0.243508 0.610122 0.753960
vn 0.171187 0.948797 0.265481
vn -0.540192 -0.116461 0.833444
vn -0.520199 -0.768569 0.372418
vn -0.172748 -0.949496 -0.261947
vn 0.350681 -0.574837 -0.739314
vn 0.654277 0.187232 -0.732711
vn 0.533146 0.783954 -0.318075
vn -0.282866 -0.379650 0.880825
vn 0.183398 0.301343 0.935712
vn -0.593106 -0.801229 0.079105
vn -0.499958 -0.646125 -0.576684
vn -0.162654 -0.252124 -0.953927
vn 0.410294 0.392064 -0.823374
vn 0.641560 0.763070 -0.078266
vn 0.487257 0.675266 0.553711
vn -0.483591 -0.873488 -0.056207
vn -0.144712 -0.647311 0.748363
vn -0.482265 -0.493045 -0.724104
vn -0.247242 0.096643 -0.964122
vn 0.148082 0.677395 -0.720561
vn 0.497420 0.866241 0.046902
vn 0.485342 0.525655 0.698663
vn 0.250389 -0.019081 0.967957
vn -0.447589 -0.490787 -0.747524
vn -0.392159 -0.916624 -0.077536
vn -0.241045 0.207292 -0.948118
vn 0.106602 0.784978 -0.610284
vn 0.402629 0.908806 0.109369
vn 0.444401 0.495682 0.746195
vn 0.239371 -0.170623 0.955819
vn -0.096091 -0.758228 0.644869
vn -0.315957 0.303581 -0.898894
vn -0.376122 -0.469857 -0.798603
vn -0.074097 0.890177 -0.449549
vn 0.226818 0.934343 0.274875
vn 0.396178 0.390124 0.831172
vn 0.310872 -0.364730 0.877685
vn 0.051219 -0.890394 0.452299
vn -0.226000 -0.948374 -0.222510
vn -0.270556 0.940329 -0.206350
vn -0.345735 0.419976 -0.839099
vn -0.021570 0.837544 0.545944
vn 0.240684 0.235077 0.941706
vn 0.358777 -0.507563 0.783364
vn 0.258377 -0.948197 0.184836
vn 0.025115 -0.872758 -0.487507
vn -0.213122 -0.343581 -0.914621
vn -0.046069 0.772482 0.633364
vn -0.229579 0.967654 -0.104590
vn 0.164274 0.131706 0.977583
vn 0.276924 -0.601575 0.749280
vn 0.234387 -0.969845 0.066818
vn 0.062806 -0.745258 -0.663811
vn -0.127373 -0.118753 -0.984720
vn -0.254204 0.573835 -0.778520
vn 0.219162 0.212533 0.952259
vn 0.056363 0.847399 0.527957
vn 0.249485 -0.532599 0.808762
vn 0.157505 -0.960447 0.229637
vn 0.007751 -0.870729 -0.491702
vn -0.141608 -0.282206 -0.948845
vn -0.210725 0.465402 -0.859649
vn -0.136957 0.958402 -0.250418
vn 0.290737 -0.292077 0.911133
vn 0.273032 0.434688 0.858196
vn 0.174681 -0.850548 0.496039
vn -0.022808 -0.978369 -0.205605
vn -0.202094 -0.509470 -0.836420
vn -0.230238 0.317982 -0.919716
vn -0.088705 0.909786 -0.405489
vn 0.119100 0.937691 0.326422
vn 0.326330 -0.274195 0.904613
vn 0.147171 -0.906147 0.396534
vn 0.125408 -0.935906 0.329171
vn 0.305032 -0.421821 0.853828
vn -0.092606 -0.915173 -0.392278
vn -0.081788 -0.931364 -0.354785
vn -0.228958 -0.332030 -0.915060
vn -0.218368 -0.449076 -0.866399
vn -0.193850 0.412428 -0.890127
vn -0.209678 0.303471 -0.929484
vn -0.033093 0.906742 -0.420386
vn -0.039574 0.896913 -0.440432
vn 0.170222 0.955287 0.241769
vn 0.192643 0.928333 0.317941
vn 0.323632 0.507118 0.798808
vn 0.338899 0.369310 0.865308
vn -0.477614 0.694960 -0.537509
vn -0.664045 0.719406 0.203711
vn -0.577752 0.585564 0.568610
vn -0.475246 0.872887 -0.110495
vn -0.464344 0.293231 0.835703
vn -0.385434 -0.022481 0.922462
vn 0.028497 -0.345892 0.937841
vn 0.028981 -0.648555 0.760616
vn 0.481688 -0.763813 0.429612
vn 0.448833 -0.889104 0.089680
vn 0.616927 -0.728020 -0.298979
vn 0.550695 -0.551140 -0.626881
vn 0.414214 -0.324521 -0.850361
vn 0.307858 0.070330 -0.948829
vn -0.025638 0.252764 -0.967188
vn -0.110443 0.650916 -0.751073
vn -0.302924 0.013963 0.952913
vn -0.290377 0.716877 0.633853
vn -0.164588 -0.667733 0.725978
vn 0.059588 -0.994657 0.084304
vn 0.275021 -0.701282 -0.657698
vn 0.307802 0.037139 -0.950725
vn 0.151746 0.688866 -0.708828
vn -0.096769 0.991327 -0.088921
vn -0.194468 -0.558332 0.806503
vn -0.158438 0.207217 0.965380
vn -0.131118 -0.964578 0.228903
vn 0.026870 -0.861605 -0.506868
vn 0.193717 -0.179765 -0.964447
vn 0.219115 0.550769 -0.805383
vn 0.129175 0.958932 -0.252515
vn -0.024134 0.871373 0.490028
vn -0.290787 -0.892477 0.344859
vn -0.275201 -0.434041 0.857830
vn -0.131152 -0.938650 -0.318960
vn 0.143664 -0.433142 -0.889803
vn 0.295118 0.353972 -0.887474
vn 0.293010 0.855773 -0.426377
vn 0.183199 0.948172 0.259630
vn -0.060238 0.409441 0.910346
vn -0.231073 -0.835640 -0.498308
vn -0.315912 -0.933478 0.169762
vn -0.001242 -0.263539 -0.964648
vn 0.287354 0.521209 -0.803598
vn 0.372234 0.892824 -0.253589
vn 0.275338 0.866018 0.417375
vn -0.015249 0.234800 0.971924
vn -0.263612 -0.566690 0.780622
vn 0.075822 0.084905 -0.993500
vn -0.056456 -0.667486 -0.742479
vn 0.166067 0.757937 -0.630836
vn 0.168420 0.985424 0.023974
vn 0.086780 0.721518 0.686936
vn -0.062813 -0.049332 0.996805
vn -0.155778 -0.751039 0.641618
vn -0.148900 -0.987349 -0.054498
vn 0.365744 0.818742 -0.442598
vn 0.321487 0.195320 -0.926551
vn 0.233651 0.941432 0.243134
vn -0.012510 0.607084 0.794539
vn -0.305255 -0.106960 0.946245
vn -0.396613 -0.800453 0.449415
vn -0.201365 -0.937974 -0.282236
vn 0.091338 -0.553647 -0.827727
vn 0.532424 0.460298 0.710387
vn 0.754420 0.648020 0.104501
vn 0.054271 0.016510 0.998390
vn -0.575440 -0.479971 0.662191
vn -0.800576 -0.589240 -0.108968
vn -0.553870 -0.410182 -0.724554
vn 0.038378 -0.015625 -0.999141
vn 0.627116 0.469569 -0.621475
vn 0.157175 -0.377988 0.912371
vn 0.635957 0.124512 0.761613
vn -0.503028 -0.706315 0.498078
vn -0.829202 -0.511880 -0.224506
vn -0.679611 -0.078650 -0.729345
vn -0.176544 0.380493 -0.907776
vn 0.514315 0.674035 -0.530242
vn 0.811210 0.541544 0.220610
vn -0.364047 -0.859797 0.358075
vn 0.283270 -0.595752 0.751557
vn -0.792026 -0.554973 -0.254362
vn -0.746138 0.045790 -0.664215
vn -0.293018 0.612029 -0.734548
vn 0.396592 0.841265 -0.367407
vn 0.805871 0.536062 0.251415
vn 0.726273 -0.028942 0.686797
vn -0.724717 -0.521737 -0.450084
vn -0.277029 -0.958075 0.073130
vn -0.719669 0.200531 -0.664729
vn -0.331667 0.789728 -0.516069
vn 0.281193 0.956511 -0.077565
vn 0.743623 0.514990 0.426392
vn 0.733084 -0.189656 0.653161
vn 0.336683 -0.777879 0.530611
vn -0.537495 0.346934 -0.768593
vn -0.559283 -0.422455 -0.713256
vn -0.221487 0.897618 -0.381086
vn 0.216873 0.951199 0.219514
vn 0.557470 0.432454 0.708668
vn 0.551823 -0.360008 0.752254
vn 0.215420 -0.906897 0.362121
vn -0.242368 -0.942142 -0.231574
vn -0.131203 0.927577 -0.349839
vn -0.322303 0.383251 -0.865586
vn 0.126230 0.918813 0.373964
vn 0.317615 0.361303 0.876687
vn 0.325412 -0.432856 0.840680
vn 0.127218 -0.947075 0.294728
vn -0.144942 -0.908779 -0.391296
vn -0.330088 -0.375996 -0.865834
vn -0.006901 0.849611 0.527364
vn -0.044768 0.961253 -0.272010
vn 0.036734 0.214212 0.976096
vn 0.077973 -0.541883 0.836829
vn 0.073350 -0.977767 0.196448
vn 0.009240 -0.846344 -0.532556
vn -0.053553 -0.271461 -0.960958
vn -0.069876 0.461789 -0.884233
vn -0.154234 0.083123 0.984532
vn -0.088263 0.775753 0.624833
vn -0.111152 -0.642260 0.758385
vn 0.005892 -0.994746 0.102201
vn 0.110241 -0.789021 -0.604394
vn 0.153865 -0.158919 -0.975228
vn 0.128067 0.573629 -0.809042
vn 0.033982 0.988889 -0.144717
vn -0.123627 -0.776639 0.617696
vn -0.134037 -0.006036 0.990958
vn -0.032776 -0.991055 -0.129364
vn 0.063251 -0.682452 -0.728188
vn 0.130263 -0.027745 -0.991091
vn 0.132728 0.721620 -0.679447
vn 0.044081 0.996050 0.077079
vn -0.058120 0.689269 0.722171
vn 0.237623 -0.904078 -0.355216
vn 0.198752 -0.848372 0.490675
vn 0.121663 -0.470108 -0.874183
vn -0.076254 0.142549 -0.986846
vn -0.286478 0.781723 -0.553932
vn -0.288869 0.899630 0.327447
vn -0.133702 0.459374 0.878123
vn 0.035940 -0.194371 0.980269
vn 0.400884 -0.288909 -0.869381
vn 0.550776 -0.778267 -0.301574
vn 0.025799 0.324702 -0.945465
vn -0.401093 0.759891 -0.511557
vn -0.615271 0.740747 0.269694
vn -0.436020 0.253665 0.863447
vn -0.044925 -0.346641 0.936922
vn 0.353623 -0.795213 0.492531
vn 0.217738 0.427522 -0.877391
vn 0.627754 -0.204619 -0.751036
vn -0.318009 0.797808 -0.512223
vn -0.687511 0.713413 0.135538
vn -0.658639 0.201633 0.724941
vn -0.230700 -0.431003 0.872361
vn 0.311648 -0.806919 0.501755
vn 0.666503 -0.725655 -0.170879
vn -0.182938 0.881163 -0.435989
vn 0.398500 0.502315 -0.767384
vn -0.651099 0.747828 0.129704
vn -0.759400 0.194605 0.620838
vn -0.420419 -0.487525 0.765224
vn 0.178713 -0.876777 0.446456
vn 0.654960 -0.743676 -0.134066
vn 0.747375 -0.180083 -0.639532
vn -0.534025 0.796236 0.284298
vn -0.028719 0.966222 -0.256104
vn -0.735649 0.182651 0.652272
vn -0.529757 -0.537006 0.656492
vn 0.005318 -0.959933 0.280180
vn 0.549848 -0.790849 -0.268747
vn 0.747298 -0.149325 -0.647493
vn 0.504364 0.573269 -0.645739
vn -0.570783 0.251773 0.781548
vn -0.250317 0.852063 0.459706
vn -0.571546 -0.502639 0.648606
vn -0.243395 -0.959550 0.141503
vn 0.264268 -0.855445 -0.445394
vn 0.627183 -0.192905 -0.754605
vn 0.582887 0.558144 -0.590524
vn 0.214880 0.971183 -0.103099
vn -0.444193 -0.571372 0.690092
vn -0.168454 0.188956 0.967429
vn -0.445239 -0.892456 -0.072701
vn -0.191756 -0.712215 -0.675262
vn 0.254731 -0.159229 -0.953813
vn 0.573064 0.567311 -0.591402
vn 0.461858 0.884170 0.070218
vn 0.172149 0.735991 0.654738
vn -0.510981 -0.799236 -0.316416
vn -0.184556 -0.768158 0.613084
vn -0.473253 -0.368337 -0.800225
vn -0.236946 0.147941 -0.960193
vn 0.272889 0.754117 -0.597360
vn 0.552983 0.783798 0.282615
vn 0.467854 0.429436 0.772462
vn 0.252672 -0.073899 0.964726
vn -0.335233 -0.155487 -0.929216
vn -0.328049 -0.794977 -0.510291
vn -0.188486 0.502366 -0.843861
vn 0.062949 0.947834 -0.312488
vn 0.324007 0.811482 0.486329
vn 0.358927 0.209447 0.909562
vn 0.215368 -0.428658 0.877422
vn -0.075053 -0.937042 0.341055
vn -0.007132 0.583492 -0.812088
vn -0.172221 -0.150429 -0.973504
vn 0.158571 0.970122 -0.183625
vn 0.229338 0.802359 0.551022
vn 0.168378 0.173667 0.970303
vn 0.015879 -0.550251 0.834848
vn -0.147015 -0.964196 0.220708
vn -0.230893 -0.808065 -0.541959
vn 0.144819 0.988158 -0.050707
vn 0.007066 0.644944 -0.764197
vn 0.197007 0.707006 0.679214
vn 0.139337 0.017934 0.990083
vn -0.003156 -0.671059 0.741398
vn -0.149075 -0.985133 0.085375
vn -0.205335 -0.758345 -0.618668
vn -0.139520 -0.098067 -0.985351
vn 0.172303 0.498823 0.849404
vn 0.045393 0.975209 0.216579
vn 0.205579 -0.247107 0.946929
vn 0.121714 -0.842935 0.524067
vn -0.039571 -0.982013 -0.184622
vn -0.171257 -0.584903 -0.792818
vn -0.193827 0.139076 -0.971128
vn -0.105566 0.810479 -0.576176
vn 0.303433 -0.305654 0.902499
vn 0.209077 0.477249 0.853534
vn 0.215625 -0.882228 0.418544
vn 0.008388 -0.951887 -0.306336
vn -0.188862 -0.473656 -0.860222
vn -0.264280 0.278820 -0.923263
vn -0.188630 0.870259 -0.455048
vn -0.002557 0.963467 0.267816
vn 0.281428 -0.826742 0.487130
vn 0.367583 -0.207806 0.906476
vn 0.064388 -0.982667 -0.173839
vn -0.176886 -0.623116 -0.761865
vn -0.316447 0.117923 -0.941252
vn -0.249634 0.803413 -0.540564
vn -0.014771 0.983263 0.181589
vn 0.247064 0.558853 0.791608
vn 0.133229 -0.990603 0.030913
vn 0.343499 -0.654178 0.673839
vn -0.141325 -0.750669 -0.645386
vn -0.320392 -0.013133 -0.947194
vn -0.266168 0.738258 -0.619782
vn -0.038635 0.997835 0.053220
vn 0.214956 0.716648 0.663483
vn 0.373455 0.055393 0.925993
vn 0.127251 -0.978547 -0.162025
vn -0.054577 -0.599795 -0.798290
vn -0.040960 -0.647768 -0.760736
vn 0.131042 -0.980517 -0.146337
vn -0.167431 0.084017 -0.982297
vn -0.161626 0.020140 -0.986647
vn -0.167442 0.708190 -0.685879
vn -0.168081 0.702830 -0.691216
vn -0.055406 0.997474 -0.044444
vn -0.041172 0.998975 0.018818
vn 0.127869 0.744976 0.654721
vn 0.151384 0.672899 0.724078
vn 0.275362 0.006033 0.961322
vn 0.283873 -0.088560 0.954763
vn 0.274693 -0.748716 0.603298
vn 0.269474 -0.778541 0.566795
vn -0.516926 0.568143 0.640314
vn -0.245681 -0.080389 0.966012
vn -0.162338 -0.404368 0.900074
vn -0.357332 0.320882 0.877125
vn 0.162308 -0.697654 0.697807
vn 0.116408 -0.918884 0.376965
vn 0.455932 -0.889695 -0.023837
vn 0.331422 -0.851687 -0.405942
vn 0.447141 -0.544098 -0.709945
vn 0.321151 -0.255232 -0.911986
vn 0.179041 0.074770 -0.980996
vn 0.098381 0.454114 -0.885495
vn -0.200182 0.646894 -0.735836
vn -0.198000 0.909348 -0.365899
vn -0.494613 0.866086 -0.072480
vn -0.378974 0.851216 0.363057
vn -0.011934 -0.917409 0.397767
vn -0.070621 -0.334885 0.939609
vn 0.041548 -0.928611 -0.368720
vn 0.079840 -0.407914 -0.909523
vn 0.073397 0.362718 -0.929004
vn 0.005974 0.918723 -0.394857
vn -0.073639 0.930932 0.357692
vn -0.101154 0.427460 0.898358
vn 0.009212 -0.983205 -0.182274
vn 0.016233 -0.810989 0.584836
vn 0.007278 -0.585034 -0.810976
vn 0.007747 0.128861 -0.991632
vn 0.006674 0.791202 -0.611519
vn 0.004809 0.989413 0.145050
vn 0.006393 0.592282 0.805706
vn 0.014685 -0.142665 0.989662
vn 0.138695 -0.668028 -0.731097
vn 0.083859 -0.996103 -0.027335
vn 0.110018 -0.022657 -0.993671
vn 0.063464 0.656313 -0.751815
vn 0.002492 0.997801 -0.066227
vn -0.058749 0.703763 0.708001
vn -0.070265 -0.048508 0.996348
vn -0.010601 -0.722515 0.691274
vn 0.302753 0.293294 -0.906818
vn 0.305587 -0.428126 -0.850485
vn 0.185805 0.815873 -0.547565
vn -0.042371 0.987160 0.154011
vn -0.270197 0.467238 0.841833
vn -0.276161 -0.357983 0.891955
vn -0.111363 -0.867372 0.485041
vn 0.128778 -0.968528 -0.213004
vn 0.226366 0.948349 -0.222245
vn 0.411075 0.524330 -0.745718
vn -0.053527 0.914583 0.400840
vn -0.358175 0.295633 0.885614
vn -0.430846 -0.491369 0.756921
vn -0.233869 -0.948985 0.211501
vn 0.109201 -0.886090 -0.450467
vn 0.402536 -0.260846 -0.877453
vn 0.195541 0.735830 0.648320
vn 0.555059 0.830438 0.047767
vn -0.350902 0.221772 0.909772
vn -0.726100 -0.408665 0.552966
vn -0.615081 -0.785512 -0.068162
vn -0.087783 -0.746804 -0.659225
vn 0.472015 -0.199083 -0.858818
vn 0.681146 0.485900 -0.547669
vn -0.250882 -0.362912 0.897415
vn 0.486590 0.070184 0.870807
vn -0.871494 -0.455958 0.180556
vn -0.875830 -0.259129 -0.407154
vn -0.523439 -0.021418 -0.851794
vn 0.381523 0.304062 -0.872918
vn 0.884530 0.431319 -0.177680
vn 0.827803 0.352340 0.436576
vn -0.727224 -0.684969 0.044301
vn -0.017671 -0.741633 0.670573
vn -0.871113 -0.155618 -0.465773
vn -0.637010 0.330022 -0.696638
vn -0.025500 0.742115 -0.669787
vn 0.757494 0.648885 -0.071766
vn 0.851319 0.176235 0.494163
vn 0.581975 -0.296900 0.757071
vn -0.783813 -0.231425 -0.576263
vn -0.480514 -0.868148 -0.124200
vn -0.627208 0.452672 -0.633796
vn -0.168030 0.903097 -0.395198
vn 0.496553 0.860239 0.115862
vn 0.800434 0.215391 0.559386
vn 0.616608 -0.439776 0.652986
vn 0.142341 -0.895915 0.420804
vn -0.475454 0.579938 -0.661525
vn -0.604088 -0.181807 -0.775902
vn -0.100269 0.977745 -0.184284
vn 0.340774 0.851043 0.399498
vn 0.615999 0.196141 0.762938
vn 0.504365 -0.568381 0.650046
vn 0.114717 -0.975352 0.188489
vn -0.347542 -0.849033 -0.397943
vn 0.086936 0.994403 -0.060033
vn -0.208020 0.681632 -0.701503
vn 0.316560 0.731287 0.604160
vn 0.371171 0.036914 0.927831
vn 0.208755 -0.698291 0.684698
vn -0.078457 -0.996355 0.033499
vn -0.322603 -0.717375 -0.617495
vn -0.381189 -0.037136 -0.923751
vn 0.301528 0.636057 0.710290
vn 0.214070 0.976814 -0.003033
vn 0.203279 -0.085986 0.975338
vn -0.005914 -0.748647 0.662943
vn -0.212173 -0.976480 -0.038348
vn -0.300726 -0.638518 -0.708420
vn -0.221166 0.047002 -0.974103
vn -0.010807 0.711609 -0.702492
vn 0.106014 -0.273405 0.956039
vn 0.249081 0.502940 0.827653
vn -0.080657 -0.853981 0.514015
vn -0.220009 -0.956524 -0.191463
vn -0.245058 -0.540196 -0.805068
vn -0.123518 0.183797 -0.975173
vn 0.079796 0.802000 -0.591970
vn 0.240689 0.958338 0.153809
vn 0.034329 -0.930449 0.364809
vn 0.129595 -0.375285 0.917805
vn -0.065571 -0.936461 -0.344587
vn -0.132798 -0.477165 -0.868722
vn -0.122371 0.277862 -0.952795
vn -0.010069 0.898557 -0.438740
vn 0.115569 0.937326 0.328731
vn 0.167662 0.423986 0.890014
vn 0.130879 -0.841166 -0.524701
vn 0.264418 -0.932928 0.244395
vn -0.058637 -0.366472 -0.928580
vn -0.251227 0.317415 -0.914403
vn -0.276412 0.917890 -0.284737
vn -0.088206 0.856306 0.508881
vn 0.102013 0.364874 0.925451
vn 0.241599 -0.354687 0.903231
vn 0.056184 -0.117076 -0.991532
vn 0.454667 -0.617289 -0.642054
vn -0.389344 0.378394 -0.839779
vn -0.698365 0.683590 -0.212113
vn -0.533596 0.566389 0.628075
vn -0.022962 0.093786 0.995328
vn 0.395272 -0.414748 0.819600
vn 0.605772 -0.778303 0.165180
vn -0.215110 0.623831 -0.751374
vn 0.377692 0.174325 -0.909373
vn -0.704834 0.684034 -0.187900
vn -0.813491 0.337644 0.473528
vn -0.423902 -0.221930 0.878097
vn 0.224326 -0.643160 0.732136
vn 0.686219 -0.712304 0.147400
vn 0.747381 -0.395549 -0.533819
vn -0.555680 0.821659 -0.126874
vn 0.035511 0.788120 -0.614497
vn -0.830859 0.376797 0.409508
vn -0.642488 -0.286625 0.710672
vn -0.054636 -0.799530 0.598136
vn 0.564702 -0.818512 0.105592
vn 0.816513 -0.368949 -0.444053
vn 0.602407 0.284536 -0.745752
vn -0.741935 0.466694 0.481383
vn -0.364495 0.931181 0.006690
vn -0.698096 -0.259258 0.667419
vn -0.256105 -0.843640 0.471893
vn 0.358669 -0.933418 -0.009325
vn 0.750856 -0.448009 -0.485286
vn 0.684766 0.284483 -0.670944
vn 0.226899 0.850721 -0.474122
vn -0.618339 -0.249372 0.745299
vn -0.555679 0.506370 0.659402
vn -0.332183 -0.856609 0.394811
vn 0.150837 -0.970934 -0.185839
vn 0.566344 -0.492338 -0.660953
vn 0.627839 0.293540 -0.720869
vn 0.311312 0.878728 -0.361831
vn -0.173075 0.965213 0.195983
vn -0.330695 -0.840775 0.428648
vn -0.417883 -0.200406 0.886121
vn -0.056022 -0.957188 -0.283995
vn 0.264292 -0.518694 -0.813084
vn 0.457795 0.254275 -0.851920
vn 0.357346 0.862189 -0.359074
vn 0.050753 0.952173 0.301317
vn -0.261114 0.536732 0.802333
vn -0.213765 -0.872490 -0.439392
vn -0.192014 -0.890233 0.413057
vn -0.099531 -0.376100 -0.921218
vn 0.122968 0.308332 -0.943298
vn 0.303881 0.877430 -0.371177
vn 0.250471 0.879822 0.403953
vn 0.096812 0.431651 0.896831
vn -0.061357 -0.256142 0.964690
vn -0.272671 -0.078132 -0.958930
vn -0.254160 -0.710958 -0.655698
vn -0.158181 0.546240 -0.822557
vn 0.082571 0.974136 -0.210338
vn 0.293918 0.748418 0.594545
vn 0.311300 0.168472 0.935259
vn 0.207011 -0.472786 0.856516
vn -0.038885 -0.980570 0.192277
vn 0.045736 0.828411 -0.558250
vn -0.015702 0.214221 -0.976659
vn 0.079221 0.981272 0.175584
vn 0.079905 0.578633 0.811665
vn 0.048369 -0.149284 0.987611
vn -0.007019 -0.796977 0.603969
vn -0.067349 -0.981141 -0.181183
vn -0.069007 -0.523057 -0.849500
vn 0.261934 0.928621 0.262780
vn 0.292423 0.814008 -0.501876
vn 0.078308 0.515152 0.853514
vn -0.150087 -0.173206 0.973383
vn -0.292884 -0.790360 0.538099
vn -0.253301 -0.937076 -0.240264
vn -0.067138 -0.509384 -0.857917
vn 0.151991 0.208399 -0.966162
vn 0.209546 0.298059 0.931263
vn 0.385735 0.840652 0.380149
vn -0.074216 -0.386796 0.919174
vn -0.318644 -0.846774 0.425958
vn -0.395465 -0.862506 -0.315738
vn -0.229795 -0.376748 -0.897360
vn 0.074968 0.330175 -0.940938
vn 0.329539 0.845414 -0.420331
vn 0.208684 -0.646597 0.733733
vn 0.370913 0.063652 0.926484
vn -0.063805 -0.985834 0.155115
vn -0.318840 -0.806751 -0.497487
vn -0.395824 -0.176435 -0.901218
vn -0.213033 0.582942 -0.784089
vn 0.101962 0.980386 -0.168665
vn 0.337852 0.757597 0.558483
vn 0.159126 -0.987091 -0.018157
vn 0.399351 -0.673608 0.621910
vn -0.160569 -0.761026 -0.628535
vn -0.394871 -0.097443 -0.913555
vn -0.384609 0.636809 -0.668244
vn -0.143152 0.989119 -0.033940
vn 0.179005 0.768078 0.614828
vn 0.414526 0.056250 0.908297
vn -0.023035 -0.798603 -0.601418
vn 0.271546 -0.962093 0.025283
vn -0.309375 -0.188468 -0.932077
vn -0.404170 0.569225 -0.715981
vn -0.221498 0.974157 -0.044241
vn 0.091167 0.780582 0.618370
vn 0.365527 0.121539 0.922832
vn 0.435135 -0.624837 0.648257
vn -0.203130 -0.305643 -0.930226
vn 0.065912 -0.883847 -0.463109
vn -0.328072 0.511726 -0.794043
vn -0.216524 0.963784 -0.155686
vn 0.014784 0.863527 0.504086
vn 0.249321 0.343043 0.905627
vn 0.378888 -0.392360 0.838151
vn 0.303470 -0.916312 0.261300
vn 0.000212 -0.145682 -0.989331
vn -0.037033 0.486997 -0.872618
vn -0.036953 0.484596 -0.873957
vn 0.007410 -0.226222 -0.974048
vn -0.035171 0.923554 -0.381852
vn -0.031017 0.956239 -0.290939
vn 0.014582 0.929240 0.369188
vn 0.027110 0.872749 0.487415
vn 0.093883 0.353810 0.930594
vn 0.103775 0.251435 0.962295
vn 0.151232 -0.483033 0.862443
vn 0.152447 -0.519184 0.840957
vn 0.139830 -0.978184 0.153633
vn 0.142169 -0.970712 0.193663
vn 0.069908 -0.769101 -0.635293
vn 0.079638 -0.824343 -0.560461
vn -0.070775 0.604736 -0.793275
vn -0.138296 0.840416 -0.524000
vn -0.212877 0.934030 0.286828
vn -0.241104 0.963830 -0.113578
vn -0.151313 0.471675 0.868693
vn -0.247868 0.725107 0.642481
vn -0.000165 -0.221902 0.975069
vn -0.090544 0.058440 0.994176
vn 0.177991 -0.825187 0.536084
vn 0.138075 -0.638270 0.757328
vn 0.266648 -0.931711 -0.246606
vn 0.302008 -0.951712 0.055092
vn 0.201395 -0.490062 -0.848104
vn 0.297022 -0.700300 -0.649121
vn 0.038947 0.211295 -0.976646
vn 0.148124 -0.083275 -0.985457
vn -0.196423 0.932780 0.302224
vn -0.083257 0.454186 0.887008
vn 0.064809 -0.204482 0.976722
vn 0.196199 -0.814827 0.545494
vn 0.215102 -0.936275 -0.277706
vn 0.105742 -0.477736 -0.872116
vn -0.045368 0.184049 -0.981869
vn -0.180058 0.811087 -0.556523
vn -0.224968 0.526933 0.819592
vn -0.076177 -0.111044 0.990892
vn 0.104448 -0.706195 0.700271
vn 0.240081 -0.968639 -0.064034
vn 0.197746 -0.574073 -0.794567
vn 0.045536 0.098173 -0.994127
vn -0.138498 0.718203 -0.681911
vn -0.270487 0.954869 0.122730
vn -0.396374 -0.129546 0.908903
vn -0.214797 -0.669978 0.710628
vn 0.054884 -0.992147 0.112391
vn 0.363159 -0.598408 -0.714160
vn 0.374982 0.174643 -0.910433
vn 0.158677 0.717768 -0.677961
vn -0.239966 0.969685 -0.046136
vn -0.483403 0.536543 0.691696
vn -0.442085 -0.796956 0.411609
vn -0.158668 -0.983872 -0.082589
vn 0.377691 -0.505055 -0.776060
vn 0.570382 0.375982 -0.730275
vn 0.441724 0.820744 -0.362296
vn 0.100631 0.980568 0.168404
vn -0.450342 0.465004 0.762210
vn -0.581296 -0.369371 0.725024
vn -0.291281 -0.863175 -0.412412
vn 0.153687 -0.423167 -0.892922
vn 0.565231 0.371790 -0.736401
vn 0.592697 0.792128 -0.145753
vn 0.327306 0.831591 0.448694
vn -0.236946 0.374498 0.896442
vn -0.606983 -0.401172 0.686027
vn -0.541870 -0.825188 0.159506
vn -0.156842 -0.138003 -0.977935
vn 0.557029 0.412275 -0.720936
vn 0.839792 0.542907 0.001116
vn 0.665352 0.475420 0.575572
vn 0.046517 0.176246 0.983247
vn -0.641203 -0.356775 0.679390
vn -0.777334 -0.628923 0.014458
vn -0.602975 -0.539917 -0.587292
vn 0.483948 0.783816 -0.389136
vn 0.913884 0.306129 0.266648
vn 0.826034 -0.117008 0.551342
vn 0.442856 -0.527116 0.725277
vn -0.581607 -0.713934 0.389912
vn -0.910899 -0.316133 -0.265186
vn -0.784212 0.055296 -0.618024
vn -0.398103 0.494514 -0.772638
vn 0.762054 0.407306 0.503364
vn 0.762576 -0.287194 0.579653
vn 0.479628 -0.768735 0.423088
vn -0.147015 -0.988911 0.021038
vn -0.777691 -0.392472 -0.491082
vn -0.743087 0.287177 -0.604442
vn -0.435420 0.764652 -0.475097
vn 0.198591 0.979643 -0.029363
vn 0.583983 -0.310235 0.750146
vn 0.348052 -0.865926 0.359209
vn -0.058809 -0.975568 -0.211679
vn -0.485616 -0.508736 -0.710890
vn -0.594920 0.302340 -0.744756
vn -0.352458 0.861413 -0.365708
vn 0.076348 0.974807 0.209575
vn 0.494988 0.491153 0.716768
vn 0.065180 -0.938201 0.339899
vn -0.238446 -0.901685 -0.360704
vn -0.398887 -0.357084 -0.844619
vn -0.341118 0.398255 -0.851488
vn -0.090517 0.933921 -0.345829
vn 0.213395 0.905052 0.367890
vn 0.388298 0.349489 0.852691
vn 0.331777 -0.414293 0.847517
vn -0.436270 -0.778233 -0.451688
vn -0.428080 -0.129775 -0.894375
vn -0.162780 0.582822 -0.796129
vn 0.191521 0.953038 -0.234601
vn 0.432441 0.766358 0.475069
vn 0.417504 0.126203 0.899869
vn 0.169098 -0.569456 0.804442
vn -0.179625 -0.949085 0.258790
vn -0.455023 0.036107 -0.889747
vn -0.117437 0.720299 -0.683651
vn 0.271868 0.958325 -0.087759
vn 0.508063 0.667352 0.544531
vn 0.463308 -0.005019 0.886183
vn 0.142141 -0.681206 0.718160
vn -0.260180 -0.955714 0.137542
vn -0.512899 -0.673807 -0.531901
vn -0.206736 0.840625 -0.500609
vn 0.118968 0.979130 0.164778
vn 0.369132 0.591298 0.717014
vn 0.432535 -0.111081 0.894748
vn 0.242492 -0.780482 0.576234
vn -0.119185 -0.987955 -0.098692
vn -0.405730 -0.574864 -0.710573
vn -0.435797 0.193407 -0.879019
vn -0.214240 0.916894 0.336759
vn 0.015688 0.499935 0.865921
vn 0.242986 -0.182589 0.952690
vn 0.355013 -0.798777 0.485717
vn 0.221023 -0.929283 -0.295942
vn -0.071499 -0.488257 -0.869766
vn -0.313901 0.244664 -0.917391
vn -0.361566 0.840585 -0.403344
vn -0.298502 0.321322 0.898693
vn 0.078351 -0.281858 0.956252
vn 0.471414 -0.748102 0.467024
vn 0.557214 -0.758898 -0.337026
vn 0.277504 -0.325090 -0.904051
vn -0.126916 0.276980 -0.952457
vn -0.450633 0.774124 -0.444592
vn -0.512972 0.773285 0.372679
vn -0.052195 -0.532669 0.844713
vn 0.572432 -0.725553 0.381962
vn 0.856789 -0.462482 -0.228084
vn 0.679533 0.039604 -0.732575
vn 0.016721 0.576896 -0.816647
vn -0.586256 0.738447 -0.333167
vn -0.786947 0.522209 0.328653
vn -0.589975 0.013671 0.807306
vn 0.383171 -0.911735 0.148050
vn 0.828215 -0.458128 -0.322768
vn 0.807461 0.213216 -0.550041
vn 0.350667 0.800076 -0.486734
vn -0.391188 0.916142 -0.087496
vn -0.813743 0.445430 0.373384
vn -0.753698 -0.201958 0.625422
vn -0.297002 -0.772473 0.561316
vn 0.652012 -0.581427 -0.486645
vn 0.763951 0.163075 -0.624328
vn 0.454923 0.797775 -0.395728
vn -0.124035 0.989736 0.070977
vn -0.646454 0.565788 0.511840
vn -0.746741 -0.188726 0.637778
vn -0.415208 -0.809884 0.414355
vn 0.152893 -0.987459 -0.039361
vn 0.640004 0.091619 -0.762890
vn 0.444865 0.771907 -0.454153
vn -0.000401 0.992512 0.122145
vn -0.448304 0.634744 0.629384
vn -0.637167 -0.116074 0.761935
vn -0.433519 -0.789329 0.434766
vn 0.019399 -0.991910 -0.125453
vn 0.460209 -0.639630 -0.615696
vn 0.327013 0.778987 -0.535015
vn 0.008335 0.989140 0.146741
vn -0.306069 0.604610 0.735370
vn -0.445742 -0.136703 0.884662
vn -0.323775 -0.806692 0.494386
vn -0.004342 -0.982848 -0.184369
vn 0.312462 -0.602626 -0.734309
vn 0.451416 0.108393 -0.885706
vn -0.040355 0.992602 0.114509
vn -0.215404 0.583395 0.783103
vn -0.261318 -0.159925 0.951912
vn -0.176227 -0.802922 0.569439
vn 0.008958 -0.987785 -0.155566
vn 0.192841 -0.595855 -0.779595
vn 0.258537 0.109604 -0.959763
vn 0.163540 0.769508 -0.617343
vn -0.164132 0.482495 0.860383
vn -0.137715 -0.278207 0.950598
vn -0.063175 -0.856473 0.512311
vn 0.037112 -0.979422 -0.198382
vn 0.112086 -0.551455 -0.826640
vn 0.099944 0.183312 -0.977961
vn 0.005633 0.816353 -0.577525
vn -0.110066 0.973376 0.201060
vn -0.185499 -0.538170 0.822170
vn -0.141915 -0.966985 0.211661
vn -0.038216 -0.860759 -0.507576
vn 0.051075 -0.302599 -0.951749
vn 0.093924 0.443846 -0.891168
vn 0.067993 0.961372 -0.266724
vn -0.027196 0.842290 0.538337
vn -0.132679 0.208754 0.968926
vn -0.338101 -0.932373 -0.127939
vn -0.158996 -0.610583 -0.775827
vn 0.096381 0.035993 -0.994694
vn 0.305536 0.690775 -0.655345
vn 0.326389 0.937112 0.123657
vn 0.132031 0.583510 0.801301
vn -0.138284 -0.093722 0.985948
vn -0.332579 -0.716172 0.613587
vn -0.341264 -0.502180 -0.794578
vn 0.013006 0.132094 -0.991152
vn 0.365986 0.682876 -0.632245
vn 0.517587 0.850045 0.097612
vn 0.348282 0.504516 0.790040
vn -0.037176 -0.149214 0.988106
vn -0.383129 -0.704027 0.597962
vn -0.504096 -0.852459 -0.138569
vn -0.212361 0.419008 -0.882800
vn 0.191137 0.872004 -0.450639
vn 0.488176 0.847581 0.208063
vn 0.532117 0.362017 0.765373
vn 0.251409 -0.357125 0.899586
vn -0.201881 -0.858403 0.471581
vn -0.515724 -0.821447 -0.243422
vn -0.512405 -0.289314 -0.808541
vn -0.194645 0.969898 -0.146325
vn 0.176246 0.866056 0.467851
vn 0.471563 0.302951 0.828160
vn 0.508951 -0.452074 0.732529
vn 0.210932 -0.960362 0.182243
vn -0.228135 -0.841314 -0.490047
vn -0.497591 -0.197668 -0.844589
vn -0.467708 0.549329 -0.692450
vn -0.087136 0.739129 0.667904
vn 0.275302 0.171564 0.945925
vn 0.492783 -0.533896 0.687109
vn 0.400163 -0.916276 0.017539
vn 0.072262 -0.758799 -0.647304
vn -0.299375 -0.160205 -0.940590
vn -0.505017 0.566755 -0.650959
vn -0.397043 0.916222 0.053798
vn 0.098108 0.180814 0.978612
vn 0.340892 -0.518935 0.783900
vn 0.341807 -0.937895 0.059343
vn 0.113755 -0.744640 -0.657701
vn -0.164626 -0.144227 -0.975755
vn -0.371336 0.575602 -0.728555
vn -0.378184 0.925535 -0.019019
vn -0.185673 0.733152 0.654228
vn 0.194030 -0.448371 0.872534
vn 0.209448 -0.953287 0.217660
vn 0.078949 -0.848199 -0.523762
vn -0.091112 -0.338141 -0.936675
vn -0.231333 0.321686 -0.918152
vn -0.277023 0.878283 -0.389715
vn -0.167319 0.895989 0.411349
vn 0.028999 0.344786 0.938233
vn -0.085702 -0.906463 0.413497
vn -0.091242 -0.929500 0.357358
vn -0.143411 -0.903822 -0.403162
vn -0.135404 -0.959836 -0.245725
vn -0.141557 -0.314869 -0.938520
vn -0.146991 -0.483264 -0.863047
vn -0.086743 0.453347 -0.887103
vn -0.095566 0.359481 -0.928246
vn -0.017723 0.943354 -0.331313
vn -0.016657 0.947470 -0.319412
vn 0.030041 0.902103 0.430473
vn 0.033765 0.845251 0.533302
vn 0.028244 0.314334 0.948892
vn 0.022434 0.168958 0.985368
vn -0.021994 -0.438065 0.898674
vn -0.028771 -0.507703 0.861051
vn -0.340993 0.876794 0.339051
vn -0.319323 0.657984 0.681976
vn -0.058068 0.061134 0.996439
vn -0.144888 0.388987 0.909778
vn 0.244919 -0.549886 0.798524
vn 0.143293 -0.301088 0.942769
vn 0.440865 -0.888586 0.126696
vn 0.374566 -0.832565 0.408088
vn 0.368820 -0.671899 -0.642280
vn 0.383767 -0.833757 -0.396953
vn 0.096659 -0.069444 -0.992892
vn 0.177630 -0.338118 -0.924188
vn -0.211360 0.577477 -0.788573
vn -0.097649 0.316227 -0.943645
vn -0.397651 0.914326 -0.076699
vn -0.317284 0.835256 -0.449086
vn -0.173694 -0.052868 0.983379
vn 0.125962 -0.631464 0.765106
vn 0.397911 -0.913770 0.081796
vn 0.419333 -0.606471 -0.675539
vn 0.198679 0.013144 -0.979976
vn -0.109051 0.606163 -0.787829
vn -0.386522 0.919457 -0.072103
vn -0.393602 0.579472 0.713646
vn -0.168269 -0.620651 0.765819
vn 0.123001 -0.964904 0.232015
vn 0.375447 -0.710092 -0.595658
vn 0.342683 0.011049 -0.939386
vn 0.146571 0.604697 -0.782853
vn -0.166501 0.967325 -0.191204
vn -0.428001 0.638733 0.639403
vn -0.369389 -0.061354 0.927247
vn -0.288927 -0.912564 0.289394
vn 0.109851 -0.893197 -0.436040
vn 0.519309 0.045998 -0.853348
vn 0.476738 0.614323 -0.628751
vn 0.245201 0.930118 -0.273419
vn -0.323760 0.837851 0.439528
vn -0.567759 0.012351 0.823102
vn -0.476243 -0.574322 0.665843
vn -0.177567 -0.857427 -0.483001
vn 0.485916 0.031511 -0.873437
vn 0.622330 0.650960 -0.434692
vn 0.514543 0.857454 -0.004149
vn 0.156011 0.822713 0.546630
vn -0.545064 -0.013680 0.838283
vn -0.618899 -0.645542 0.447482
vn -0.490514 -0.868487 0.071602
vn 0.178213 0.088479 -0.980006
vn 0.590182 0.694795 -0.411029
vn 0.606838 0.753130 0.254054
vn 0.370162 0.525781 0.765855
vn -0.244169 -0.116238 0.962741
vn -0.622468 -0.680943 0.385811
vn -0.571566 -0.793282 -0.209799
vn -0.329153 -0.594482 -0.733655
vn 0.585966 0.719017 -0.373710
vn 0.765385 0.536161 0.355973
vn 0.566422 0.201234 0.799169
vn -0.004094 -0.299456 0.954102
vn -0.616697 -0.687901 0.382723
vn -0.709169 -0.622890 -0.330283
vn -0.523065 -0.266171 -0.809664
vn -0.073842 0.301763 -0.950519
vn 0.795359 0.190910 0.575290
vn 0.640071 -0.342826 0.687590
vn 0.172417 -0.828261 0.533157
vn -0.604279 -0.790144 -0.102564
vn -0.782300 -0.214216 -0.584908
vn -0.611785 0.294118 -0.734312
vn -0.155935 0.792341 -0.589814
vn 0.589814 0.801337 0.099891
vn 0.460917 -0.565564 0.683880
vn 0.101822 -0.962175 0.252690
vn -0.385134 -0.824410 -0.414754
vn -0.600244 -0.116748 -0.791250
vn -0.455567 0.548520 -0.701131
vn -0.075102 0.960814 -0.266827
vn 0.424343 0.804079 0.416402
vn 0.613384 0.090366 0.784598
vn -0.120660 -0.976754 0.177183
vn -0.410487 -0.755398 -0.510758
vn -0.448277 -0.078917 -0.890404
vn -0.232165 0.618974 -0.750314
vn 0.115079 0.977981 -0.174099
vn 0.402499 0.746920 0.529249
vn 0.442460 0.054819 0.895111
vn 0.226888 -0.634947 0.738488
vn -0.585469 -0.575902 -0.570581
vn -0.459728 0.114163 -0.880691
vn -0.070114 0.731525 -0.678200
vn 0.360534 0.929109 -0.082295
vn 0.576411 0.575573 0.580057
vn 0.433878 -0.124787 0.892288
vn 0.041563 -0.734376 0.677469
vn -0.373524 -0.924224 0.079316
vn -0.481410 0.362242 -0.798139
vn 0.009502 0.879710 -0.475416
vn 0.485037 0.865763 0.123259
vn 0.679010 0.360104 0.639743
vn 0.483733 -0.357094 0.799053
vn -0.001350 -0.869033 0.494752
vn -0.480113 -0.872253 -0.093092
vn -0.681635 -0.371166 -0.630563
vn -0.047263 0.965253 -0.257007
vn 0.401806 0.848639 0.344041
vn 0.621552 0.266318 0.736714
vn 0.508111 -0.463927 0.725669
vn 0.086965 -0.950228 0.299173
vn -0.403705 -0.859927 -0.312326
vn -0.638340 -0.248095 -0.728677
vn -0.485248 0.510506 -0.709872
vn 0.093734 0.799381 0.593468
vn 0.365746 0.191232 0.910857
vn 0.448034 -0.529099 0.720639
vn 0.281234 -0.952714 0.115081
vn -0.083046 -0.813951 -0.574967
vn -0.414416 -0.140863 -0.899120
vn -0.465283 0.601317 -0.649561
vn -0.241370 0.969637 -0.039311
vn -0.056899 0.072862 0.995718
vn 0.248934 -0.606160 0.755382
vn 0.429803 -0.902696 0.020217
vn 0.332377 -0.655437 -0.678180
vn 0.013510 -0.041881 -0.999031
vn -0.330437 0.635097 -0.698185
vn -0.433063 0.900788 0.032223
vn -0.307092 0.658133 0.687427
vn 0.052522 -0.696112 0.716010
vn 0.535554 -0.844435 0.010544
vn 0.640220 -0.459522 -0.615596
vn 0.408034 0.115882 -0.905582
vn -0.091344 0.711217 -0.697013
vn -0.511702 0.859024 0.015482
vn -0.588434 0.469034 0.658598
vn -0.393025 -0.089832 0.915129
vn 0.605087 -0.783787 -0.139815
vn 0.826195 -0.189570 -0.530534
vn 0.642571 0.448844 -0.621000
vn 0.044108 0.935725 -0.349963
vn -0.598669 0.770331 0.219512
vn -0.763868 0.201601 0.613076
vn -0.570164 -0.408231 0.712924
vn -0.042996 -0.891984 0.450018
vn 0.740692 -0.124860 -0.660140
vn 0.600309 0.582038 -0.548508
vn 0.141227 0.983772 -0.110666
vn -0.423286 0.793175 0.437838
vn -0.696936 0.110994 0.708492
vn -0.556857 -0.580773 0.593813
vn -0.104318 -0.978245 0.179316
vn 0.463297 -0.806004 -0.368394
vn 0.488634 0.560051 -0.669014
vn 0.114828 0.981973 -0.150148
vn -0.316481 0.826399 0.465730
vn -0.554788 0.178607 0.812595
vn -0.458963 -0.575470 0.676895
vn -0.087310 -0.984755 0.150450
vn 0.341916 -0.824906 -0.450138
vn 0.583709 -0.192830 -0.788733
vn 0.047812 0.967345 -0.248912
vn -0.313127 0.845129 0.433253
vn -0.477533 0.226048 0.849038
vn -0.365034 -0.521659 0.771117
vn -0.035266 -0.971514 0.234343
vn 0.316994 -0.843065 -0.434461
vn 0.486669 -0.239823 -0.840023
vn 0.382630 0.502845 -0.775075
vn -0.370445 0.825992 0.424863
vn -0.461662 0.176561 0.869307
vn -0.275548 -0.561449 0.780287
vn 0.062387 -0.968024 0.242977
vn 0.366770 -0.818089 -0.442956
vn 0.457409 -0.192979 -0.868064
vn 0.287867 0.529393 -0.798045
vn -0.049882 0.959146 -0.278481
vn -0.493800 0.146716 0.857109
vn -0.288335 -0.600430 0.745887
vn 0.063182 -0.975625 0.210152
vn 0.371771 -0.823172 -0.429156
vn 0.475899 -0.203529 -0.855626
vn 0.289585 0.541344 -0.789359
vn -0.075531 0.961918 -0.262694
vn -0.402293 0.814074 0.418861
vn -0.425032 -0.668771 0.609994
vn -0.118171 -0.992687 0.024648
vn 0.222813 -0.791210 -0.569510
vn 0.437059 -0.160499 -0.884997
vn 0.390713 0.597750 -0.700028
vn 0.072010 0.994432 -0.076944
vn -0.313926 0.754729 0.576051
vn -0.517986 0.061025 0.853210
vn -0.408227 -0.838760 -0.360322
vn -0.101903 -0.494140 -0.863390
vn 0.251313 0.153113 -0.955719
vn 0.487172 0.764526 -0.422094
vn 0.394203 0.845232 0.360814
vn 0.036658 0.457757 0.888321
vn -0.387187 -0.211971 0.897304
vn -0.558422 -0.752862 0.348374
vn -0.212718 -0.186740 -0.959103
vn 0.173170 0.451628 -0.875239
vn 0.484427 0.846811 -0.219641
vn 0.485010 0.674004 0.557211
vn 0.212044 0.140282 0.967139
vn -0.203980 -0.487940 0.848709
vn -0.507362 -0.839381 0.194997
vn -0.482574 -0.687979 -0.542040
vn 0.065635 0.571692 -0.817839
vn 0.447959 0.868943 -0.210408
vn 0.570064 0.637216 0.518636
vn 0.353777 0.033933 0.934714
vn -0.087039 -0.596139 0.798150
vn -0.470640 -0.865390 0.172043
vn -0.559218 -0.630088 -0.538761
vn -0.339989 -0.050063 -0.939096
vn 0.237022 0.971504 0.000522
vn 0.506072 0.616559 0.603114
vn 0.502575 -0.094538 0.859349
vn 0.203088 -0.762475 0.614318
vn -0.248128 -0.968558 -0.018098
vn -0.539265 -0.550361 -0.637414
vn -0.485050 0.175801 -0.856633
vn -0.162739 0.786380 -0.595921
vn 0.225298 0.565442 0.793421
vn 0.485718 -0.142366 0.862444
vn 0.468127 -0.785336 0.405099
vn 0.147338 -0.939038 -0.310642
vn -0.273090 -0.493405 -0.825817
vn -0.507531 0.255292 -0.822945
vn -0.431775 0.831388 -0.349807
vn -0.136452 0.945185 0.296659
vn 0.307897 -0.333885 0.890910
vn 0.430404 -0.851620 0.299159
vn 0.272939 -0.839757 -0.469375
vn -0.032474 -0.354226 -0.934596
vn -0.327740 0.351783 -0.876833
vn -0.436297 0.866177 -0.243686
vn -0.279788 0.811689 0.512718
vn 0.011473 0.334686 0.942260
vn 0.262648 -0.864453 0.428645
vn 0.160026 -0.904033 -0.396379
vn -0.043713 -0.384296 -0.922174
vn -0.210699 0.336643 -0.917757
vn -0.272514 0.883326 -0.381408
vn -0.212749 0.895698 0.390466
vn -0.040764 0.400502 0.915389
vn 0.155869 -0.283135 0.946329
vn 0.033576 -0.981256 -0.189762
vn -0.103137 -0.582839 -0.806015
vn -0.193674 0.092433 -0.976702
vn -0.203266 0.709496 -0.674758
vn -0.121901 0.992469 0.012022
vn 0.022763 0.669819 0.742175
vn 0.135726 -0.104797 0.985188
vn 0.138964 -0.806644 0.574468
vn -0.270823 -0.726380 -0.631686
vn -0.284970 -0.592319 -0.753625
vn -0.250757 0.179410 -0.951280
vn -0.272012 -0.007813 -0.962262
vn -0.099935 0.819086 -0.564899
vn -0.123401 0.756410 -0.642352
vn 0.066408 0.991311 0.113544
vn 0.072057 0.987370 0.141097
vn 0.169593 0.640190 0.749263
vn 0.176726 0.523191 0.833690
vn 0.147429 -0.099854 0.984019
vn 0.126607 -0.258312 0.957729
vn 0.002375 -0.779240 0.626721
vn -0.011603 -0.815236 0.579013
vn -0.175608 -0.980494 -0.088283
vn -0.158375 -0.987344 -0.008282
vn -0.051877 -0.040007 0.997852
vn 0.019436 -0.392249 0.919654
vn 0.399468 -0.810679 0.428047
vn 0.319994 -0.635208 0.702933
vn 0.567275 -0.762796 -0.310389
vn 0.520264 -0.853921 -0.012014
vn 0.408875 -0.262187 -0.874116
vn 0.414456 -0.540491 -0.732185
vn 0.016033 0.398750 -0.916920
vn 0.070517 0.102022 -0.992280
vn -0.380560 0.835995 -0.395330
vn -0.290885 0.674629 -0.678426
vn -0.530875 0.755177 0.384551
vn -0.478042 0.878093 0.020717
vn -0.353013 0.236636 0.905199
vn -0.380490 0.584345 0.716776
vn 0.130404 -0.932853 0.335827
vn 0.428961 -0.803144 -0.413463
vn 0.448663 -0.175494 -0.876301
vn 0.238770 0.490671 -0.837992
vn -0.096098 0.927129 -0.362211
vn -0.417760 0.801524 0.427827
vn -0.434486 0.123489 0.892173
vn -0.210158 -0.531911 0.820307
vn 0.083720 -0.953911 -0.288177
vn 0.321361 -0.306727 -0.895905
vn 0.322824 0.452289 -0.831396
vn 0.179121 0.898009 -0.401864
vn -0.104472 0.942807 0.316544
vn -0.375553 0.249056 0.892710
vn -0.350960 -0.470997 0.809314
vn -0.185896 -0.898428 0.397831
vn 0.105018 -0.576020 -0.810662
vn 0.462496 0.396756 -0.792895
vn 0.451184 0.809910 -0.374804
vn 0.244071 0.961589 0.125604
vn -0.264019 0.570367 0.777802
vn -0.492174 -0.320866 0.809203
vn -0.433822 -0.788821 0.435386
vn -0.275681 -0.957277 -0.087303
vn 0.425659 0.420917 -0.801026
vn 0.567175 0.797461 -0.205837
vn 0.491047 0.812621 0.313880
vn 0.168625 0.504373 0.846861
vn -0.460916 -0.382869 0.800605
vn -0.574811 -0.785005 0.230997
vn -0.482726 -0.844474 -0.232032
vn -0.146436 -0.524358 -0.838812
vn 0.445290 0.891430 -0.084078
vn 0.461082 0.666214 0.586142
vn 0.270633 0.149064 0.951072
vn -0.173131 -0.582476 0.794196
vn -0.468070 -0.878725 0.093554
vn -0.458035 -0.715501 -0.527506
vn -0.246931 -0.212570 -0.945431
vn 0.165790 0.574346 -0.801649
vn 0.446072 0.541781 0.712385
vn 0.234472 -0.086526 0.968264
vn -0.130946 -0.715232 0.686510
vn -0.398133 -0.917098 -0.020554
vn -0.427115 -0.603839 -0.673017
vn -0.247572 0.008484 -0.968833
vn 0.109655 0.690144 -0.715316
vn 0.418430 0.906738 0.052363
vn 0.065155 -0.591293 0.803820
vn -0.376039 -0.909033 0.179592
vn -0.554651 -0.635266 -0.537400
vn -0.440765 -0.092082 -0.892887
vn -0.104340 0.526584 -0.843696
vn 0.386471 0.898602 -0.207735
vn 0.580842 0.605324 0.544248
vn 0.437837 0.036308 0.898321
vn -0.492534 -0.869568 -0.035521
vn -0.587689 -0.417317 -0.693158
vn -0.358638 0.217893 -0.907690
vn 0.067964 0.757254 -0.649574
vn 0.513882 0.855757 0.060039
vn 0.607194 0.373212 0.701447
vn 0.365460 -0.242619 0.898652
vn -0.066387 -0.757146 0.649864
vn -0.677422 -0.297667 -0.672676
vn -0.383482 0.375033 -0.843974
vn 0.122256 0.833081 -0.539472
vn 0.579282 0.809707 0.093847
vn 0.683281 0.285412 0.672062
vn 0.372843 -0.392070 0.840993
vn -0.144876 -0.830713 0.537519
vn -0.585648 -0.805423 -0.091165
vn -0.452614 0.572829 -0.683380
vn 0.138182 0.938874 -0.315310
vn 0.645856 0.723482 0.243812
vn 0.764444 0.099442 0.636975
vn 0.438827 -0.587813 0.679637
vn -0.165244 -0.931225 0.324828
vn -0.661151 -0.714951 -0.227432
vn -0.766067 -0.107207 -0.633757
vn 0.145045 0.989339 -0.013032
vn 0.608127 0.617382 0.499020
vn 0.708379 -0.097142 0.699115
vn 0.421888 -0.750503 0.508680
vn -0.122586 -0.992081 0.027362
vn -0.612040 -0.630898 -0.476838
vn -0.719849 0.096099 -0.687447
vn -0.406936 0.761508 -0.504488
vn 0.409533 0.563876 0.717165
vn 0.549023 -0.171379 0.818048
vn 0.388958 -0.803620 0.450451
vn 0.005226 -0.983867 -0.178825
vn -0.409026 -0.568915 -0.713466
vn -0.568064 0.210891 -0.795505
vn -0.370429 0.836968 -0.402825
vn 0.034445 0.976941 0.210714
vn 0.250844 -0.258789 0.932795
vn 0.308814 -0.849943 0.426886
vn 0.199292 -0.920113 -0.337156
vn -0.041279 -0.444237 -0.894958
vn -0.287028 0.327994 -0.900019
vn -0.338815 0.880372 -0.331888
vn -0.177329 0.906604 0.382915
vn 0.060832 0.459508 0.886088
vn 0.145909 -0.912823 0.381398
vn 0.336414 -0.841182 -0.423366
vn 0.314698 -0.284181 -0.905652
vn 0.098031 0.423458 -0.900596
vn -0.207197 0.921564 -0.328313
vn -0.348308 0.831039 0.433654
vn -0.294679 0.316687 0.901595
vn -0.118064 -0.368669 0.922033
vn 0.368365 -0.780325 -0.505371
vn 0.511546 -0.126362 -0.849913
vn 0.388026 0.566861 -0.726708
vn 0.014974 0.987996 -0.153753
vn -0.365269 0.761478 0.535472
vn -0.483570 0.147015 0.862871
vn -0.362609 -0.521265 0.772527
vn -0.019520 -0.972206 0.233310
vn 0.512140 0.125195 -0.849729
vn 0.336352 0.804627 -0.489329
vn -0.028205 0.981352 0.190138
vn -0.336692 0.574417 0.746113
vn -0.433714 -0.114587 0.893735
vn -0.287518 -0.761727 0.580608
vn 0.059258 -0.994263 -0.089043
vn 0.397624 -0.603091 -0.691503
vn 0.149710 0.856876 -0.493306
vn -0.206330 0.953140 0.221253
vn -0.402004 0.483212 0.777753
vn -0.359335 -0.230235 0.904362
vn -0.098960 -0.843186 0.528435
vn 0.246531 -0.951236 -0.185399
vn 0.454362 -0.472696 -0.755059
vn 0.417479 0.244116 -0.875282
vn -0.319335 0.942274 0.100722
vn -0.509181 0.483486 0.712022
vn -0.387844 -0.232642 0.891883
vn -0.043027 -0.815247 0.577513
vn 0.343174 -0.935124 -0.088172
vn 0.527093 -0.483469 -0.698879
vn 0.412147 0.228919 -0.881891
vn 0.074292 0.817704 -0.570824
vn -0.604477 0.496066 0.623318
vn -0.472641 -0.239036 0.848217
vn -0.066657 -0.814418 0.576437
vn 0.376794 -0.926155 -0.016238
vn 0.609676 -0.503060 -0.612556
vn 0.481231 0.220114 -0.848508
vn 0.079932 0.805090 -0.587742
vn -0.367268 0.929984 0.015648
vn -0.554120 -0.307407 0.773597
vn -0.119378 -0.875802 0.467675
vn 0.368850 -0.924473 -0.096435
vn 0.651630 -0.462503 -0.601224
vn 0.564628 0.274806 -0.778252
vn 0.134260 0.855660 -0.499820
vn -0.370106 0.926479 0.068252
vn -0.658256 0.453599 0.600789
vn -0.293904 -0.895014 0.335516
vn 0.193384 -0.953087 -0.232869
vn 0.563310 -0.492127 -0.663696
vn 0.629983 0.243961 -0.737296
vn 0.317998 0.863360 -0.391775
vn -0.215577 0.957525 0.191503
vn -0.612150 0.453407 0.647838
vn -0.634413 -0.318137 0.704492
vn -0.171187 -0.859631 -0.481383
vn 0.243508 -0.415476 -0.876404
vn 0.540193 0.309397 -0.782602
vn 0.520198 0.834642 -0.181014
vn 0.172749 0.861143 0.478112
vn -0.350680 0.384636 0.853861
vn -0.654275 -0.354462 0.668043
vn -0.533149 -0.836799 0.124578
vn -0.183398 -0.072587 -0.980355
vn 0.282864 0.576339 -0.766695
vn 0.593109 0.797329 0.111749
vn 0.499959 0.492202 0.712586
vn 0.162655 0.020463 0.986471
vn -0.410294 -0.574882 0.707933
vn -0.641560 -0.760047 -0.103579
vn -0.487258 -0.525938 -0.697115
vn 0.144714 0.805298 -0.574938
vn 0.483597 0.835700 0.260268
vn 0.482269 0.308722 0.819822
vn 0.247242 -0.320904 0.914271
vn -0.148083 -0.827989 0.540838
vn -0.497420 -0.830852 -0.249516
vn -0.485343 -0.346401 -0.802776
vn -0.250389 0.246421 -0.936260
vn 0.392164 0.872606 0.291148
vn 0.447589 0.301012 0.842054
vn 0.241048 -0.424669 0.872670
vn -0.106601 -0.906589 0.408329
vn -0.402630 -0.857516 -0.320243
vn -0.444401 -0.306081 -0.841916
vn -0.239372 0.390843 -0.888787
vn 0.096091 0.888733 -0.448241
vn 0.376124 0.268638 0.886772
vn 0.315957 -0.506658 0.802165
vn 0.074097 -0.970992 0.227342
vn -0.226819 -0.843373 -0.487110
vn -0.396178 -0.183494 -0.899652
vn -0.310873 0.561105 -0.767150
vn -0.051221 0.971848 -0.229976
vn 0.226001 0.869331 0.439530
vn 0.345733 -0.605715 0.716643
vn 0.270557 -0.962479 -0.020828
vn 0.021570 -0.685477 -0.727775
vn -0.240684 -0.006776 -0.970580
vn -0.358777 0.677710 -0.641863
vn -0.258377 0.965060 0.043593
vn -0.025115 0.733466 0.679262
vn 0.213122 0.118605 0.969800
vn 0.229582 -0.965079 -0.126151
vn 0.046068 -0.601667 -0.797417
vn -0.164274 0.102137 -0.981113
vn -0.276923 0.761061 -0.586600
vn -0.234387 0.958317 0.163378
vn -0.062805 0.568039 0.820602
vn 0.127372 -0.116408 0.985000
vn 0.254204 -0.740985 0.621547
vn -0.056359 -0.699298 -0.712605
vn -0.219164 0.017607 -0.975529
vn -0.249481 0.708039 -0.660636
vn -0.157506 0.987514 0.002912
vn -0.007748 0.730494 0.682875
vn 0.141609 0.050895 0.988613
vn 0.210725 -0.654697 0.725925
vn 0.136956 -0.990418 0.017753
vn -0.273032 -0.220448 -0.936406
vn -0.290738 0.498364 -0.816765
vn -0.174677 0.943423 -0.281852
vn 0.022803 0.902479 0.430131
vn 0.202095 0.298236 0.932852
vn 0.230237 -0.525582 0.818996
vn 0.088708 -0.979672 0.179925
vn -0.119097 -0.834496 -0.537989
vn -0.326328 0.479452 -0.814638
vn -0.305016 0.611022 -0.730492
vn -0.125412 0.987090 -0.099622
vn -0.147162 0.974032 -0.172064
vn 0.081803 0.821620 0.564136
vn 0.092609 0.797083 0.596727
vn 0.218367 0.232476 0.947772
vn 0.228956 0.107286 0.967507
vn 0.209692 -0.513648 0.831982
vn 0.193857 -0.610346 0.768048
vn 0.039570 -0.975393 0.216895
vn 0.033096 -0.980221 0.195120
vn -0.192651 -0.827373 -0.527578
vn -0.170223 -0.871517 -0.459871
vn -0.338893 -0.155310 -0.927917
vn -0.323625 -0.304857 -0.895728
vn 0.404128 -0.862321 0.305096
vn 0.418904 -0.907003 -0.043195
vn 0.509354 -0.517707 -0.687414
vn 0.527395 -0.729411 -0.435677
vn 0.321890 0.175303 -0.930406
vn 0.348439 -0.148680 -0.925465
vn -0.051129 0.782764 -0.620215
vn -0.030910 0.529572 -0.847701
vn -0.398603 0.912429 0.092680
vn -0.376859 0.890623 -0.254498
vn -0.480054 0.475438 0.737230
vn -0.483869 0.728157 0.485447
vn -0.267470 -0.205397 0.941420
vn -0.300560 0.157162 0.940725
vn 0.097129 -0.766776 0.634524
vn 0.062786 -0.493793 0.867310
vn 0.290377 -0.547505 -0.784806
vn 0.302924 0.210761 -0.929418
vn 0.164588 0.819873 -0.548378
vn -0.059587 0.986548 0.152227
vn -0.275022 0.526741 0.804305
vn -0.307801 -0.259914 0.915261
vn -0.151746 -0.836375 0.526736
vn 0.096770 -0.984398 -0.146954
vn 0.158439 0.025876 -0.987030
vn 0.194468 0.732505 -0.652395
vn 0.131118 0.991356 0.004611
vn -0.026870 0.718064 0.695459
vn -0.193717 -0.052337 0.979660
vn -0.219115 -0.724891 0.653086
vn -0.129175 -0.991427 0.019667
vn 0.024134 -0.731520 -0.681393
vn 0.275201 0.623791 -0.731538
vn 0.290786 0.948579 -0.125063
vn 0.131152 0.837179 0.530971
vn -0.143666 0.211489 0.966764
vn -0.295118 -0.552949 0.779200
vn -0.293011 -0.932097 0.212930
vn -0.183199 -0.860401 -0.475550
vn 0.060239 -0.183620 -0.981150
vn 0.315911 0.947207 0.054766
vn 0.231073 0.694846 0.681025
vn 0.001242 0.029037 0.999578
vn -0.287353 -0.695744 0.658307
vn -0.372235 -0.927429 0.036277
vn -0.275338 -0.743418 -0.609523
vn 0.015249 0.000605 -0.999884
vn 0.263613 0.734537 -0.625271
vn 0.056456 0.473932 0.878750
vn -0.075822 -0.316410 0.945588
vn -0.166068 -0.885143 0.434676
vn -0.168419 -0.952082 -0.255294
vn -0.086780 -0.539524 -0.837486
vn 0.062813 0.282610 -0.957176
vn 0.155779 0.880979 -0.446777
vn 0.148900 0.946768 0.285409
vn -0.321487 -0.407959 0.854527
vn -0.365742 -0.899926 0.237417
vn -0.233652 -0.857729 -0.457938
vn 0.012509 -0.402977 -0.915125
vn 0.305256 0.326719 -0.894468
vn 0.396615 0.883756 -0.248339
vn 0.201365 0.845168 0.495120
vn -0.091337 0.343225 0.934802
vn -0.754420 -0.605206 -0.254120
vn -0.532424 -0.280116 -0.798786
vn -0.054271 0.218998 -0.974215
vn 0.575439 0.622375 -0.530584
vn 0.800575 0.547025 0.244628
vn 0.553870 0.228074 0.800756
vn -0.038379 -0.220031 0.974738
vn -0.627116 -0.602680 0.493460
vn -0.635955 0.058287 -0.769522
vn -0.157176 0.582150 -0.797745
vn 0.503031 0.803721 -0.317794
vn 0.829200 0.444643 0.338704
vn 0.679608 -0.095266 0.727363
vn 0.176543 -0.583505 0.792688
vn -0.514319 -0.779921 0.356650
vn -0.811209 -0.474389 -0.341898
vn -0.283268 0.755941 -0.590180
vn 0.364045 0.919931 -0.145598
vn 0.792026 0.479490 0.377867
vn 0.746136 -0.200880 0.634767
vn 0.293018 -0.767752 0.569822
vn -0.396591 -0.904116 0.159027
vn -0.805869 -0.461811 -0.370547
vn -0.726271 0.189821 -0.660680
vn 0.277029 0.948363 0.154474
vn 0.724715 0.401119 0.560260
vn 0.719668 -0.351385 0.598837
vn 0.331665 -0.889025 0.315647
vn -0.281194 -0.947887 -0.149799
vn -0.743620 -0.400143 -0.535644
vn -0.733082 0.338099 -0.590153
vn -0.336679 0.880935 -0.332566
vn 0.559284 0.242670 0.792662
vn 0.537494 -0.518127 0.665316
vn 0.221488 -0.962103 0.159061
vn -0.216875 -0.872786 -0.437276
vn -0.557470 -0.253460 -0.790560
vn -0.551826 0.526979 -0.646360
vn -0.215419 0.966658 -0.138442
vn 0.242370 0.861143 0.446866
vn 0.322302 -0.576254 0.751035
vn 0.131203 -0.983865 0.121638
vn -0.126229 -0.804954 -0.579755
vn -0.317614 -0.144750 -0.937107
vn -0.325411 0.618606 -0.715146
vn -0.127218 0.989841 -0.063486
vn 0.144944 0.791111 0.594251
vn 0.330089 0.161594 0.930015
vn 0.044768 -0.998272 0.038072
vn 0.006901 -0.701579 -0.712558
vn -0.036734 0.021603 -0.999092
vn -0.077973 0.723656 -0.685742
vn -0.073350 0.996533 0.039256
vn -0.009240 0.697182 0.716835
vn 0.053553 0.037602 0.997857
vn 0.069875 -0.656976 0.750666
vn 0.088263 -0.606852 -0.789899
vn 0.154233 0.150985 -0.976430
vn 0.111152 0.802749 -0.585867
vn -0.005893 0.990848 0.134855
vn -0.110241 0.624562 0.773156
vn -0.153865 -0.075136 0.985231
vn -0.128067 -0.747972 0.651257
vn -0.033983 -0.995166 -0.092144
vn 0.134038 0.239157 -0.961685
vn 0.123626 0.900231 -0.417494
vn 0.032777 0.932747 0.359038
vn -0.063251 0.491841 0.868385
vn -0.130264 -0.206357 0.969767
vn -0.132728 -0.861293 0.490467
vn -0.044080 -0.949907 -0.309407
vn 0.058120 -0.499889 -0.864137
vn -0.198750 0.940042 -0.277163
vn -0.237622 0.795046 0.558066
vn -0.121663 0.251095 0.960286
vn 0.076254 -0.370868 0.925550
vn 0.286475 -0.890156 0.354336
vn 0.288869 -0.797258 -0.530032
vn 0.133701 -0.239736 -0.961588
vn -0.035940 0.419681 -0.906960
vn -0.550776 0.685399 0.476314
vn -0.400885 0.076121 0.912961
vn -0.025799 -0.538154 0.842452
vn 0.401096 -0.858964 0.318282
vn 0.615268 -0.656443 -0.436495
vn 0.436020 -0.043266 -0.898896
vn 0.044924 0.557472 -0.828979
vn -0.353622 0.888814 -0.291482
vn -0.627756 0.022057 0.778098
vn -0.217738 -0.622058 0.752087
vn 0.318007 -0.895971 0.310011
vn 0.687513 -0.661449 -0.299684
vn 0.658640 -0.025313 -0.752033
vn 0.230700 0.624259 -0.746377
vn -0.311646 0.902364 -0.297685
vn -0.666506 0.665027 0.336911
vn -0.398501 -0.668854 0.627560
vn 0.182939 -0.959037 0.216291
vn 0.651097 -0.696278 -0.302109
vn 0.759400 -0.042969 -0.649204
vn 0.420423 0.653963 -0.628949
vn -0.178716 0.957238 -0.227498
vn -0.654955 0.691218 0.305371
vn -0.747375 0.024460 0.663953
vn 0.028718 -0.999358 0.021439
vn 0.534024 -0.706930 -0.463755
vn 0.735650 -0.023956 -0.676938
vn 0.529755 0.676466 -0.511618
vn -0.005316 0.998913 -0.046322
vn -0.549846 0.705355 0.447374
vn -0.747298 -0.007302 0.664449
vn -0.504363 -0.709178 0.492631
vn 0.250316 -0.719892 -0.647377
vn 0.570784 -0.060702 -0.818854
vn 0.571543 0.641212 -0.512041
vn 0.243395 0.965893 0.088371
vn -0.264268 0.726550 0.634261
vn -0.627182 0.009851 0.778810
vn -0.582886 -0.681477 0.442530
vn -0.214877 -0.968159 -0.128435
vn 0.168454 0.044100 -0.984723
vn 0.444194 0.717778 -0.536178
vn 0.445241 0.850256 0.280758
vn 0.191756 0.533229 0.823952
vn -0.254731 -0.069799 0.964490
vn -0.573061 -0.690595 0.441225
vn -0.461858 -0.842788 -0.276396
vn -0.172149 -0.561168 -0.809602
vn 0.184557 0.890901 -0.415012
vn 0.510985 0.702279 0.495679
vn 0.473253 0.169599 0.864447
vn 0.236945 -0.369835 0.898376
vn -0.272888 -0.873551 0.403039
vn -0.552981 -0.695239 -0.459189
vn -0.467855 -0.235515 -0.851848
vn -0.252670 0.298946 -0.920211
vn 0.328050 0.652495 0.683106
vn 0.335235 -0.067632 0.939704
vn 0.188484 -0.686910 0.701875
vn -0.062946 -0.994759 0.080570
vn -0.324008 -0.674182 -0.663700
vn -0.358927 0.010565 -0.933306
vn -0.215366 0.623177 -0.751843
vn 0.075053 0.990997 -0.110874
vn 0.172219 -0.082984 0.981557
vn 0.007133 -0.758268 0.651904
vn -0.158571 -0.986085 -0.049919
vn -0.229337 -0.650088 -0.724424
vn -0.168377 0.059639 -0.983917
vn -0.015878 0.731327 -0.681842
vn 0.147015 0.989056 0.012483
vn 0.230894 0.657764 0.716962
vn -0.007066 -0.806723 0.590887
vn -0.144819 -0.972322 -0.183353
vn -0.197008 -0.527238 -0.826564
vn -0.139338 0.215652 -0.966478
vn 0.003157 0.826734 -0.562584
vn 0.149075 0.977544 0.148942
vn 0.205335 0.591380 0.779813
vn 0.139520 -0.136659 0.980744
vn -0.045393 -0.896812 -0.440077
vn -0.172304 -0.284837 -0.942963
vn -0.205579 0.463079 -0.862146
vn -0.121714 0.942618 -0.310896
vn 0.039572 0.910949 0.410618
vn 0.171257 0.381816 0.908233
vn 0.193826 -0.363786 0.911093
vn 0.105566 -0.923344 0.369178
vn -0.209079 -0.262896 -0.941898
vn -0.303433 0.509536 -0.805172
vn -0.215628 0.955964 -0.199094
vn -0.008388 0.853017 0.521816
vn 0.188864 0.257827 0.947553
vn 0.264280 -0.488335 0.831676
vn 0.188630 -0.952927 0.237378
vn 0.002558 -0.873341 -0.487103
vn -0.367584 0.415380 -0.832071
vn -0.281430 0.918183 -0.278814
vn -0.064389 0.914124 0.400289
vn 0.176886 0.426245 0.887145
vn 0.316447 -0.336198 0.887036
vn 0.249632 -0.908098 0.336217
vn 0.014772 -0.912878 -0.407966
vn -0.247061 -0.356800 -0.900919
vn -0.343498 0.794429 -0.500891
vn -0.133231 0.970039 0.203158
vn 0.141324 0.577643 0.803963
vn 0.320391 -0.210210 0.923668
vn 0.266163 -0.863428 0.428543
vn 0.038632 -0.957257 -0.286646
vn -0.214952 -0.540319 -0.813542
vn -0.373456 0.164162 -0.913007
vn -0.127250 0.912897 0.387849
vn -0.131030 0.918490 0.373105
vn 0.040964 0.450468 0.891853
vn 0.054579 0.395017 0.917051
vn 0.161624 -0.251806 0.954187
vn 0.167431 -0.312890 0.934915
vn 0.168085 -0.845773 0.506375
vn 0.167442 -0.849753 0.499884
vn 0.041182 -0.966478 -0.253424
vn 0.055411 -0.979906 -0.191609
vn -0.151383 -0.483540 -0.862132
vn -0.127870 -0.569912 -0.811695
vn -0.283876 0.310852 -0.907075
vn -0.275364 0.220442 -0.935724
vn -0.269476 0.890086 -0.367599
vn -0.274697 0.869680 -0.410120
vn 0.388644 -0.456544 -0.800327
vn 0.302048 -0.171911 -0.937664
vn 0.121708 0.568135 -0.813885
vn 0.172864 0.261480 -0.949603
vn -0.117477 0.975865 -0.184085
vn -0.133672 0.836456 -0.531482
vn -0.286773 0.776713 0.560784
vn -0.348681 0.909707 0.225511
vn -0.272614 0.123339 0.954185
vn -0.333450 0.424989 0.841544
vn -0.079313 -0.581357 0.809774
vn -0.108349 -0.293294 0.949863
vn 0.175442 -0.961702 0.210594
vn 0.187641 -0.829814 0.525546
vn 0.328813 -0.793879 -0.511506
vn 0.391996 -0.900427 -0.188601
vn 0.070621 0.546673 -0.834363
vn 0.011934 0.985267 -0.170609
vn -0.041548 0.815710 0.576967
vn -0.079840 0.182332 0.979990
vn -0.073397 -0.571228 0.817503
vn -0.005974 -0.985858 0.167476
vn 0.073639 -0.820559 -0.566798
vn 0.101154 -0.203957 -0.973740
vn -0.016233 0.925877 -0.377477
vn -0.009212 0.912659 0.408618
vn -0.007278 0.377672 0.925911
vn -0.007747 -0.358687 0.933426
vn -0.006674 -0.912927 0.408068
vn -0.004809 -0.927457 -0.373899
vn -0.006393 -0.385957 -0.922495
vn -0.014685 0.371639 -0.928261
vn -0.083860 0.961671 0.261068
vn -0.138695 0.477138 0.867815
vn -0.110018 -0.211909 0.971077
vn -0.063464 -0.814859 0.576175
vn -0.002492 -0.985348 -0.170536
vn 0.058749 -0.517306 -0.853782
vn 0.070265 0.281702 -0.956926
vn 0.010601 0.864948 -0.501750
vn -0.305587 0.215870 0.927371
vn -0.302753 -0.498531 0.812285
vn -0.185804 -0.921851 0.340100
vn 0.042370 -0.923159 -0.382076
vn 0.270197 -0.255924 -0.928168
vn 0.276161 0.557908 -0.782607
vn 0.111363 0.957180 -0.267216
vn -0.128780 0.891159 0.435030
vn -0.411076 -0.685150 0.601320
vn -0.226366 -0.974015 -0.007254
vn 0.053527 -0.794510 -0.604888
vn 0.358175 -0.078834 -0.930320
vn 0.430848 0.655754 -0.619966
vn 0.233869 0.972104 0.017848
vn -0.109201 0.755136 0.646409
vn -0.402537 0.046948 0.914199
vn -0.555059 -0.795854 -0.241922
vn -0.195542 -0.562522 -0.803326
vn 0.350902 -0.001358 -0.936411
vn 0.726101 0.527359 -0.441215
vn 0.615082 0.747386 0.251174
vn 0.087782 0.570622 0.816508
vn -0.472013 -0.008690 0.881549
vn -0.681151 -0.601172 0.417882
vn -0.486590 0.136796 -0.862854
vn 0.250880 0.563985 -0.786753
vn 0.871494 0.485649 -0.068145
vn 0.875830 0.155987 0.456716
vn 0.523437 -0.179717 0.832896
vn -0.381524 -0.501016 0.776803
vn -0.884530 -0.461025 0.071145
vn -0.827804 -0.239665 -0.507249
vn 0.017672 0.878655 -0.477130
vn 0.727223 0.676148 0.118196
vn 0.871114 0.041589 0.489317
vn 0.637012 -0.484741 0.599367
vn 0.025498 -0.878940 0.476250
vn -0.757497 -0.647539 -0.083016
vn -0.851320 -0.054946 -0.521761
vn -0.581977 0.466784 -0.665895
vn 0.480512 0.814511 0.325084
vn 0.783813 0.089256 0.614549
vn 0.627207 -0.589159 0.509414
vn 0.168032 -0.970751 0.171487
vn -0.496558 -0.808780 -0.315126
vn -0.800433 -0.077641 -0.594372
vn -0.616610 0.581139 -0.531102
vn -0.142338 0.969800 -0.198060
vn 0.604089 -0.005961 0.796895
vn 0.475453 -0.719376 0.506403
vn 0.100268 -0.993649 -0.051075
vn -0.340775 -0.733072 -0.588623
vn -0.615999 -0.011008 -0.787670
vn -0.504364 0.705441 -0.497967
vn -0.114720 0.992313 0.046423
vn 0.347547 0.731479 0.586643
vn 0.208020 -0.827621 0.521317
vn -0.086936 -0.980588 -0.175755
vn -0.316560 -0.568502 -0.759339
vn -0.371172 0.182554 -0.910442
vn -0.208754 0.839858 -0.501060
vn 0.078456 0.976237 0.202003
vn 0.322605 0.551838 0.769026
vn 0.381190 -0.181373 0.906531
vn -0.214069 -0.950074 -0.227010
vn -0.301528 -0.450958 -0.840070
vn -0.203278 0.313187 -0.927681
vn 0.005914 0.883675 -0.468064
vn 0.212173 0.940006 0.267153
vn 0.300726 0.453796 0.838829
vn 0.221165 -0.275008 0.935659
vn 0.010807 -0.856989 0.515222
vn -0.249079 -0.293957 -0.922794
vn -0.106015 0.490792 -0.864803
vn 0.080656 0.950987 -0.298527
vn 0.220009 0.884565 0.411268
vn 0.245058 0.335481 0.909615
vn 0.123519 -0.408199 0.904498
vn -0.079797 -0.918821 0.386523
vn -0.240689 -0.895195 -0.375093
vn -0.129596 0.580810 -0.803657
vn -0.034329 0.990180 -0.135515
vn 0.065571 0.829019 0.555362
vn 0.132798 0.259239 0.956640
vn 0.122371 -0.494360 0.860601
vn 0.010069 -0.976590 0.214872
vn -0.115569 -0.833592 -0.540155
vn -0.167662 -0.202545 -0.964813
vn -0.264417 0.964242 -0.017897
vn -0.130879 0.693998 0.707981
vn 0.058637 0.137569 0.988755
vn 0.251226 -0.523759 0.813979
vn 0.276414 -0.959124 0.060638
vn 0.088206 -0.712443 -0.696165
vn -0.102013 -0.136753 -0.985339
vn -0.241598 0.557359 -0.794344
vn -0.454666 0.448789 0.769329
vn -0.056185 -0.119638 0.991227
vn 0.389344 -0.565460 0.727094
vn 0.698364 -0.714313 0.045225
vn 0.533598 -0.402599 -0.743766
vn 0.022962 0.143165 -0.989432
vn -0.395273 0.596042 -0.698923
vn -0.605769 0.795318 0.022689
vn -0.377694 -0.383498 0.842779
vn 0.215110 -0.783187 0.583392
vn 0.704832 -0.709045 0.021586
vn 0.813493 -0.216670 -0.539707
vn 0.423901 0.422418 -0.801169
vn -0.224324 0.797444 -0.560145
vn -0.686219 0.726984 0.024429
vn -0.747381 0.258762 0.611934
vn -0.035508 -0.910634 0.411686
vn 0.555670 -0.828441 -0.070122
vn 0.830859 -0.269801 -0.486704
vn 0.642486 0.445879 -0.623220
vn 0.054635 0.917872 -0.393097
vn -0.564699 0.820368 0.090071
vn -0.816516 0.254026 0.518433
vn -0.602409 -0.452100 0.657806
vn 0.364495 -0.903434 -0.225720
vn 0.741933 -0.340260 -0.577718
vn 0.698095 0.409095 -0.587626
vn 0.256105 0.931020 -0.260021
vn -0.358667 0.904990 0.228805
vn -0.750854 0.321176 0.577117
vn -0.684763 -0.434446 0.585112
vn -0.226898 -0.938428 0.260520
vn 0.555679 -0.336900 -0.760078
vn 0.618338 0.417824 -0.665643
vn 0.332184 0.925478 -0.182054
vn -0.150838 0.899894 0.409194
vn -0.566344 0.322899 0.758282
vn -0.627839 -0.454995 0.631504
vn -0.311311 -0.939213 0.144790
vn 0.173075 -0.891947 -0.417703
vn 0.417883 0.403385 -0.814036
vn 0.330694 0.918056 -0.218665
vn 0.056023 0.863429 0.501351
vn -0.264292 0.312700 0.912342
vn -0.457792 -0.447693 0.768113
vn -0.357346 -0.922489 0.146006
vn -0.050755 -0.854475 -0.517007
vn 0.261114 -0.332769 -0.906137
vn 0.192013 0.962453 -0.191872
vn 0.213765 0.744526 0.632444
vn 0.099531 0.148664 0.983866
vn -0.122968 -0.521732 0.844200
vn -0.303882 -0.940151 0.154180
vn -0.250471 -0.759995 -0.599726
vn -0.096812 -0.208390 -0.973242
vn 0.061357 0.476045 -0.877278
vn 0.254161 0.536614 0.804642
vn 0.272670 -0.149823 0.950371
vn 0.158183 -0.724527 0.670849
vn -0.082571 -0.996274 -0.024904
vn -0.293918 -0.587411 -0.754030
vn -0.311301 0.056446 -0.948634
vn -0.207012 0.661135 -0.721143
vn 0.038886 0.998276 0.043976
vn 0.015705 -0.438119 0.898780
vn -0.045738 -0.936553 0.347530
vn -0.079220 -0.912358 -0.401656
vn -0.079905 -0.371288 -0.925073
vn -0.048367 0.377594 -0.924707
vn 0.007016 0.916761 -0.399375
vn 0.067351 0.910907 0.407077
vn 0.069007 0.308368 0.948761
vn -0.292423 -0.909280 0.296139
vn -0.261934 -0.840655 -0.474014
vn -0.078308 -0.299744 -0.950800
vn 0.150088 0.397491 -0.905248
vn 0.292887 0.894825 -0.336907
vn 0.253300 0.854181 0.454108
vn 0.067137 0.293095 0.953723
vn -0.151990 -0.429993 0.889947
vn -0.385735 -0.727534 -0.567365
vn -0.209544 -0.070442 -0.975259
vn 0.074214 0.592311 -0.802284
vn 0.318644 0.923254 -0.214636
vn 0.395466 0.763933 0.509914
vn 0.229794 0.154901 0.960833
vn -0.074968 -0.542407 0.836764
vn -0.329539 -0.920607 0.209492
vn -0.370914 0.156241 -0.915430
vn -0.208685 0.801154 -0.560895
vn 0.063804 0.994643 0.081334
vn 0.318838 0.666967 0.673422
vn 0.395823 -0.040699 0.917425
vn 0.213033 -0.751145 0.624819
vn -0.101962 -0.992538 -0.066876
vn -0.337853 -0.604825 -0.721139
vn -0.399353 0.801082 -0.445854
vn -0.159124 0.955073 0.250029
vn 0.160568 0.591675 0.790025
vn 0.394870 -0.120365 0.910818
vn 0.384609 -0.776227 0.499547
vn 0.143152 -0.969308 -0.199874
vn -0.179004 -0.601751 -0.778366
vn -0.414526 0.159165 -0.896010
vn -0.271547 0.941005 0.201923
vn 0.023034 0.634578 0.772515
vn 0.309375 -0.036257 0.950249
vn 0.404165 -0.721790 0.561846
vn 0.221504 -0.957193 -0.186324
vn -0.091168 -0.613058 -0.784760
vn -0.365526 0.099132 -0.925507
vn -0.435134 0.759892 -0.482932
vn -0.065913 0.749982 0.658166
vn 0.203130 0.078059 0.976035
vn 0.328070 -0.684280 0.651253
vn 0.216523 -0.973348 -0.075569
vn -0.014783 -0.720582 -0.693213
vn -0.249323 -0.120180 -0.960934
vn -0.378886 0.578658 -0.722219
vn -0.303466 0.952075 -0.038235
vn -0.000211 -0.091325 0.995821
vn -0.007408 -0.009469 0.999928
vn 0.036954 -0.676734 0.735299
vn 0.037033 -0.678737 0.733447
vn 0.031021 -0.997851 0.057722
vn 0.035171 -0.987492 0.153698
vn -0.027108 -0.733487 -0.679163
vn -0.014583 -0.816206 -0.577577
vn -0.103782 -0.017738 -0.994442
vn -0.093882 -0.124788 -0.987732
vn -0.152447 0.702546 -0.695118
vn -0.151232 0.672471 -0.724508
vn -0.142173 0.989023 0.040256
vn -0.139831 0.986860 0.080957
vn -0.079636 0.669220 0.738785
vn -0.069908 0.597925 0.798498
vn -0.545057 0.838154 0.020290
vn -0.545057 0.838154 0.020290
vn -0.545057 0.838154 0.020290
vn -0.545057 0.838154 0.020290
vn -0.304541 0.663709 -0.683187
vn -0.304541 0.663709 -0.683187
vn -0.304541 0.663709 -0.683187
vn -0.304541 0.663709 -0.683187
vn 0.118384 0.096088 -0.988308
vn 0.118384 0.096088 -0.988308
vn 0.118384 0.096088 -0.988308
vn 0.118384 0.096088 -0.988308
vn 0.468696 -0.524351 -0.710901
vn 0.468696 -0.524351 -0.710901
vn 0.468696 -0.524351 -0.710901
vn 0.468696 -0.524351 -0.710901
vn 0.544817 -0.838316 -0.020037
vn 0.544817 -0.838316 -0.020037
vn 0.544817 -0.838316 -0.020037
vn 0.544817 -0.838316 -0.020037
vn 0.304175 -0.664090 0.682980
vn 0.304175 -0.664090 0.682980
vn 0.304175 -0.664090 0.682980
vn 0.304175 -0.664090 0.682980
vn -0.117484 -0.095866 0.988437
vn -0.117484 -0.095866 0.988437
vn -0.117484 -0.095866 0.988437
vn -0.117484 -0.095866 0.988437
vn -0.467856 0.525420 0.710665
vn -0.467856 0.525420 0.710665
vn -0.467856 0.525420 0.710665
vn -0.467856 0.525420 0.710665
vn -0.113013 0.324520 -0.939103
vn -0.113013 0.324520 -0.939103
vn -0.113013 0.324520 -0.939103
vn -0.113013 0.324520 -0.939103
vn 0.344273 -0.301196 -0.889246
vn 0.344273 -0.301195 -0.889246
vn 0.344273 -0.301196 -0.889246
vn 0.344273 -0.301195 -0.889246
vn 0.591543 -0.740791 -0.318285
vn 0.591543 -0.740791 -0.318285
vn 0.591543 -0.740791 -0.318285
vn 0.591543 -0.740791 -0.318285
vn 0.497094 -0.752360 0.432264
vn 0.497094 -0.752360 0.432264
vn 0.497094 -0.752360 0.432264
vn 0.497094 -0.752360 0.432264
vn 0.112329 -0.324701 0.939123
vn 0.112329 -0.324701 0.939123
vn 0.112329 -0.324701 0.939123
vn 0.112329 -0.324701 0.939123
vn -0.342856 0.300960 0.889872
vn -0.342856 0.300960 0.889872
vn -0.342856 0.300960 0.889872
vn -0.342856 0.300960 0.889872
vn -0.591689 0.742033 0.315104
vn -0.591689 0.742033 0.315104
vn -0.591689 0.742033 0.315104
vn -0.591689 0.742033 0.315104
vn -0.498493 0.751810 -0.431610
vn -0.498493 0.751810 -0.431610
vn -0.498493 0.751810 -0.431610
vn -0.498493 0.751810 -0.431610
vn 0.478418 -0.640600 -0.600623
vn 0.478418 -0.640600 -0.600623
vn 0.478418 -0.640600 -0.600623
vn 0.478418 -0.640600 -0.600623
vn 0.565837 -0.812865 0.138129
vn 0.565837 -0.812865 0.138129
vn 0.565837 -0.812865 0.138129
vn 0.565837 -0.812865 0.138129
vn 0.327859 -0.517285 0.790522
vn 0.327859 -0.517285 0.790522
vn 0.327859 -0.517285 0.790522
vn 0.327859 -0.517285 0.790522
vn -0.104638 0.085123 0.990861
vn -0.104638 0.085123 0.990861
vn -0.104638 0.085123 0.990861
vn -0.104638 0.085123 0.990861
vn -0.478068 0.641004 0.600470
vn -0.478068 0.641004 0.600470
vn -0.478068 0.641004 0.600470
vn -0.478068 0.641004 0.600470
vn -0.566568 0.812291 -0.138508
vn -0.566568 0.812291 -0.138508
vn -0.566568 0.812291 -0.138508
vn -0.566568 0.812291 -0.138508
vn -0.329594 0.516482 -0.790326
vn -0.329594 0.516482 -0.790326
vn -0.329594 0.516482 -0.790326
vn -0.329594 0.516482 -0.790326
vn 0.104158 -0.085395 -0.990888
vn 0.104158 -0.085395 -0.990888
vn 0.104158 -0.085395 -0.990888
vn 0.104158 -0.085395 -0.990888
vn 0.404484 -0.719483 0.564568
vn 0.404483 -0.719483 0.564568
vn 0.404483 -0.719483 0.564568
vn 0.404484 -0.719483 0.564568
vn 0.065624 -0.179095 0.981641
vn 0.065624 -0.179095 0.981641
vn 0.065624 -0.179095 0.981641
vn 0.065624 -0.179095 0.981641
vn -0.313600 0.469606 0.825303
vn -0.313600 0.469606 0.825303
vn -0.313600 0.469606 0.825303
vn -0.313600 0.469606 0.825303
vn -0.508727 0.841692 0.180975
vn -0.508727 0.841692 0.180975
vn -0.508727 0.841692 0.180975
vn -0.508727 0.841692 0.180975
vn -0.405337 0.718557 -0.565135
vn -0.405337 0.718557 -0.565135
vn -0.405337 0.718557 -0.565135
vn -0.405337 0.718557 -0.565135
vn -0.066486 0.178406 -0.981708
vn -0.066486 0.178406 -0.981708
vn -0.066486 0.178406 -0.981708
vn -0.066486 0.178406 -0.981708
vn 0.313731 -0.469829 -0.825127
vn 0.313731 -0.469829 -0.825127
vn 0.313731 -0.469829 -0.825127
vn 0.313731 -0.469829 -0.825127
vn 0.508713 -0.842129 -0.178968
vn 0.508713 -0.842129 -0.178968
vn 0.508713 -0.842129 -0.178968
vn 0.508713 -0.842129 -0.178968
vn -0.226420 0.196924 0.953916
vn -0.226420 0.196924 0.953916
vn -0.226420 0.196924 0.953916
vn -0.226420 0.196924 0.953916
vn -0.474000 0.741050 0.475572
vn -0.474000 0.741050 0.475572
vn -0.474000 0.741050 0.475572
vn -0.474000 0.741050 0.475572
vn -0.444156 0.850805 -0.280813
vn -0.444156 0.850806 -0.280813
vn -0.444156 0.850805 -0.280813
vn -0.444156 0.850805 -0.280813
vn -0.154336 0.463317 -0.872650
vn -0.154336 0.463317 -0.872650
vn -0.154336 0.463317 -0.872650
vn -0.154336 0.463317 -0.872650
vn 0.226729 -0.196393 -0.953952
vn 0.226729 -0.196393 -0.953952
vn 0.226729 -0.196393 -0.953952
vn 0.226729 -0.196393 -0.953952
vn 0.474497 -0.741301 -0.474685
vn 0.474497 -0.741301 -0.474685
vn 0.474497 -0.741301 -0.474685
vn 0.474497 -0.741301 -0.474685
vn 0.443824 -0.851024 0.280675
vn 0.443823 -0.851024 0.280675
vn 0.443823 -0.851024 0.280675
vn 0.443824 -0.851024 0.280675
vn 0.154088 -0.463477 0.872609
vn 0.154088 -0.463477 0.872609
vn 0.154088 -0.463477 0.872609
vn 0.154088 -0.463477 0.872609
s 1
g sweep1
usemtl OBJ_Changteng_01:lambert2SG
f 1/357/1 2/347/2 10/2970/3 9/358/4
f 2/2641/2 3/348/5 11/349/6 10/350/3
f 3/348/5 4/353/7 12/354/8 11/349/6
f 4/353/7 5/535/9 13/536/10 12/354/8
f 5/535/9 6/527/11 14/530/12 13/536/10
f 6/527/11 7/528/13 15/529/14 14/530/12
f 7/528/13 8/533/15 16/367/16 15/529/14
f 8/533/15 1/357/1 9/358/4 16/367/16
f 9/358/4 10/2970/3 18/2969/17 17/362/18
f 10/350/3 11/349/6 19/355/19 18/356/17
f 11/349/6 12/354/8 20/543/20 19/355/19
f 12/354/8 13/536/10 21/539/21 20/543/20
f 13/536/10 14/530/12 22/534/22 21/539/21
f 14/530/12 15/529/14 23/374/23 22/534/22
f 15/529/14 16/367/16 24/368/24 23/374/23
f 16/367/16 9/358/4 17/362/18 24/368/24
f 17/362/18 18/2969/17 26/2968/25 25/366/26
f 18/356/17 19/355/19 27/549/27 26/365/25
f 19/355/19 20/543/20 28/545/28 27/549/27
f 20/543/20 21/539/21 29/542/29 28/545/28
f 21/539/21 22/534/22 30/381/30 29/542/29
f 22/534/22 23/374/23 31/375/31 30/381/30
f 23/374/23 24/368/24 32/371/32 31/375/31
f 24/368/24 17/362/18 25/366/26 32/371/32
f 25/366/26 26/2968/25 34/2967/33 33/40/34
f 26/365/25 27/549/27 35/553/35 34/555/33
f 27/549/27 28/545/28 36/548/36 35/553/35
f 28/545/28 29/542/29 37/392/37 36/548/36
f 29/542/29 30/381/30 38/382/38 37/392/37
f 30/381/30 31/375/31 39/36/39 38/382/38
f 31/375/31 32/371/32 40/37/40 39/36/39
f 32/371/32 25/366/26 33/40/34 40/37/40
f 33/40/34 34/2967/33 42/2966/41 41/41/42
f 34/555/33 35/553/35 43/13/43 42/558/41
f 35/553/35 36/548/36 44/14/44 43/13/43
f 36/548/36 37/392/37 45/393/45 44/14/44
f 37/392/37 38/382/38 46/387/46 45/393/45
f 38/382/38 39/36/39 47/32/47 46/387/46
f 39/36/39 40/37/40 48/33/48 47/32/47
f 40/37/40 33/40/34 41/41/42 48/33/48
f 41/41/42 42/2966/41 50/2965/49 49/564/50
f 42/558/41 43/13/43 51/9/51 50/562/49
f 43/13/43 44/14/44 52/10/52 51/9/51
f 44/14/44 45/393/45 53/395/53 52/10/52
f 45/393/45 46/387/46 54/391/54 53/395/53
f 46/387/46 47/32/47 55/29/55 54/391/54
f 47/32/47 48/33/48 56/30/56 55/29/55
f 48/33/48 41/41/42 49/564/50 56/30/56
f 49/564/50 50/2965/49 58/2964/57 57/568/58
f 50/562/49 51/9/51 59/2/59 58/1/57
f 51/9/51 52/10/52 60/5/60 59/2/59
f 52/10/52 53/395/53 61/27/61 60/5/60
f 53/395/53 54/391/54 62/19/62 61/27/61
f 54/391/54 55/29/55 63/20/63 62/19/62
f 55/29/55 56/30/56 64/23/64 63/20/63
f 56/30/56 49/564/50 57/568/58 64/23/64
f 57/568/58 58/2964/57 66/2963/65 65/11/66
f 58/1/57 59/2/59 67/3/67 66/4/65
f 59/2/59 60/5/60 68/6/68 67/3/67
f 60/5/60 61/27/61 69/28/69 68/6/68
f 61/27/61 62/19/62 70/22/70 69/28/69
f 62/19/62 63/20/63 71/21/71 70/22/70
f 63/20/63 64/23/64 72/24/72 71/21/71
f 64/23/64 57/568/58 65/11/66 72/24/72
f 65/11/66 66/2963/65 74/2962/73 73/12/74
f 66/4/65 67/3/67 75/7/75 74/8/73
f 67/3/67 68/6/68 76/38/76 75/7/75
f 68/6/68 69/28/69 77/31/77 76/38/76
f 69/28/69 70/22/70 78/26/78 77/31/77
f 70/22/70 71/21/71 79/25/79 78/26/78
f 71/21/71 72/24/72 80/17/80 79/25/79
f 72/24/72 65/11/66 73/12/74 80/17/80
f 73/12/74 74/2962/73 82/2961/81 81/16/82
f 74/8/73 75/7/75 83/656/83 82/15/81
f 75/7/75 76/38/76 84/39/84 83/656/83
f 76/38/76 77/31/77 85/35/85 84/39/84
f 77/31/77 78/26/78 86/34/86 85/35/85
f 78/26/78 79/25/79 87/763/87 86/34/86
f 79/25/79 80/17/80 88/18/88 87/763/87
f 80/17/80 73/12/74 81/16/82 88/18/88
f 81/16/82 82/2961/81 90/2960/89 89/660/90
f 82/15/81 83/656/83 91/658/91 90/659/89
f 83/656/83 84/39/84 92/657/92 91/658/91
f 84/39/84 85/35/85 93/766/93 92/657/92
f 85/35/85 86/34/86 94/765/94 93/766/93
f 86/34/86 87/763/87 95/764/95 94/765/94
f 87/763/87 88/18/88 96/663/96 95/764/95
f 88/18/88 81/16/82 89/660/90 96/663/96
f 89/660/90 90/2960/89 98/2959/97 97/662/98
f 90/659/89 91/658/91 99/771/99 98/661/97
f 91/658/91 92/657/92 100/769/100 99/771/99
f 92/657/92 93/766/93 101/768/101 100/769/100
f 93/766/93 94/765/94 102/767/102 101/768/101
f 94/765/94 95/764/95 103/667/103 102/767/102
f 95/764/95 96/663/96 104/664/104 103/667/103
f 96/663/96 89/660/90 97/662/98 104/664/104
f 97/662/98 98/2959/97 106/2958/105 105/665/106
f 98/661/97 99/771/99 107/772/107 106/774/105
f 99/771/99 100/769/100 108/770/108 107/772/107
f 100/769/100 101/768/101 109/675/109 108/770/108
f 101/768/101 102/767/102 110/671/110 109/675/109
f 102/767/102 103/667/103 111/668/111 110/671/110
f 103/667/103 104/664/104 112/666/112 111/668/111
f 104/664/104 97/662/98 105/665/106 112/666/112
f 105/665/106 106/2958/105 114/2957/113 113/777/114
f 106/774/105 107/772/107 115/773/115 114/775/113
f 107/772/107 108/770/108 116/680/116 115/773/115
f 108/770/108 109/675/109 117/676/117 116/680/116
f 109/675/109 110/671/110 118/672/118 117/676/117
f 110/671/110 111/668/111 119/670/119 118/672/118
f 111/668/111 112/666/112 120/669/120 119/670/119
f 112/666/112 105/665/106 113/777/114 120/669/120
f 113/777/114 114/2957/113 122/2956/121 121/778/122
f 114/775/113 115/773/115 123/683/123 122/776/121
f 115/773/115 116/680/116 124/681/124 123/683/123
f 116/680/116 117/676/117 125/677/125 124/681/124
f 117/676/117 118/672/118 126/674/126 125/677/125
f 118/672/118 119/670/119 127/673/127 126/674/126
f 119/670/119 120/669/120 128/780/128 127/673/127
f 120/669/120 113/777/114 121/778/122 128/780/128
f 121/778/122 122/2956/121 130/2955/129 129/779/130
f 122/776/121 123/683/123 131/684/131 130/687/129
f 123/683/123 124/681/124 132/682/132 131/684/131
f 124/681/124 125/677/125 133/679/133 132/682/132
f 125/677/125 126/674/126 134/678/134 133/679/133
f 126/674/126 127/673/127 135/782/135 134/678/134
f 127/673/127 128/780/128 136/781/136 135/782/135
f 128/780/128 121/778/122 129/779/130 136/781/136
f 129/779/130 130/2955/129 138/2954/137 137/691/138
f 130/687/129 131/684/131 139/686/139 138/688/137
f 131/684/131 132/682/132 140/685/140 139/686/139
f 132/682/132 133/679/133 141/787/141 140/685/140
f 133/679/133 134/678/134 142/785/142 141/787/141
f 134/678/134 135/782/135 143/784/143 142/785/142
f 135/782/135 136/781/136 144/783/144 143/784/143
f 136/781/136 129/779/130 137/691/138 144/783/144
f 137/691/138 138/2954/137 146/2953/145 145/692/146
f 138/688/137 139/686/139 147/689/147 146/690/145
f 139/686/139 140/685/140 148/790/148 147/689/147
f 140/685/140 141/787/141 149/788/149 148/790/148
f 141/787/141 142/785/142 150/786/150 149/788/149
f 142/785/142 143/784/143 151/699/151 150/786/150
f 143/784/143 144/783/144 152/695/152 151/699/151
f 144/783/144 137/691/138 145/692/146 152/695/152
f 145/692/146 146/2953/145 154/2952/153 153/694/154
f 146/690/145 147/689/147 155/793/155 154/693/153
f 147/689/147 148/790/148 156/791/156 155/793/155
f 148/790/148 149/788/149 157/789/157 156/791/156
f 149/788/149 150/786/150 158/704/158 157/789/157
f 150/786/150 151/699/151 159/700/159 158/704/158
f 151/699/151 152/695/152 160/696/160 159/700/159
f 152/695/152 145/692/146 153/694/154 160/696/160
f 153/694/154 154/2952/153 162/2951/161 161/697/162
f 154/693/153 155/793/155 163/794/163 162/796/161
f 155/793/155 156/791/156 164/792/164 163/794/163
f 156/791/156 157/789/157 165/709/165 164/792/164
f 157/789/157 158/704/158 166/705/166 165/709/165
f 158/704/158 159/700/159 167/701/167 166/705/166
f 159/700/159 160/696/160 168/698/168 167/701/167
f 160/696/160 153/694/154 161/697/162 168/698/168
f 161/697/162 162/2951/161 170/2950/169 169/799/170
f 162/796/161 163/794/163 171/795/171 170/797/169
f 163/794/163 164/792/164 172/714/172 171/795/171
f 164/792/164 165/709/165 173/710/173 172/714/172
f 165/709/165 166/705/166 174/706/174 173/710/173
f 166/705/166 167/701/167 175/703/175 174/706/174
f 167/701/167 168/698/168 176/702/176 175/703/175
f 168/698/168 161/697/162 169/799/170 176/702/176
f 169/799/170 170/2950/169 178/2949/177 177/800/178
f 170/797/169 171/795/171 179/719/179 178/798/177
f 171/795/171 172/714/172 180/715/180 179/719/179
f 172/714/172 173/710/173 181/711/181 180/715/180
f 173/710/173 174/706/174 182/708/182 181/711/181
f 174/706/174 175/703/175 183/707/183 182/708/182
f 175/703/175 176/702/176 184/802/184 183/707/183
f 176/702/176 169/799/170 177/800/178 184/802/184
f 177/800/178 178/2949/177 186/2948/185 185/801/186
f 178/798/177 179/719/179 187/720/187 186/722/185
f 179/719/179 180/715/180 188/716/188 187/720/187
f 180/715/180 181/711/181 189/713/189 188/716/188
f 181/711/181 182/708/182 190/712/190 189/713/189
f 182/708/182 183/707/183 191/805/191 190/712/190
f 183/707/183 184/802/184 192/803/192 191/805/191
f 184/802/184 177/800/178 185/801/186 192/803/192
f 185/801/186 186/2948/185 194/2947/193 193/726/194
f 186/722/185 187/720/187 195/721/195 194/723/193
f 187/720/187 188/716/188 196/718/196 195/721/195
f 188/716/188 189/713/189 197/717/197 196/718/196
f 189/713/189 190/712/190 198/807/198 197/717/197
f 190/712/190 191/805/191 199/806/199 198/807/198
f 191/805/191 192/803/192 200/804/200 199/806/199
f 192/803/192 185/801/186 193/726/194 200/804/200
f 193/726/194 194/2947/193 202/2946/201 201/727/202
f 194/723/193 195/721/195 203/724/203 202/725/201
f 195/721/195 196/718/196 204/811/204 203/724/203
f 196/718/196 197/717/197 205/809/205 204/811/204
f 197/717/197 198/807/198 206/808/206 205/809/205
f 198/807/198 199/806/199 207/734/207 206/808/206
f 199/806/199 200/804/200 208/730/208 207/734/207
f 200/804/200 193/726/194 201/727/202 208/730/208
f 201/727/202 202/2946/201 210/2945/209 209/729/210
f 202/725/201 203/724/203 211/814/211 210/728/209
f 203/724/203 204/811/204 212/812/212 211/814/211
f 204/811/204 205/809/205 213/810/213 212/812/212
f 205/809/205 206/808/206 214/739/214 213/810/213
f 206/808/206 207/734/207 215/735/215 214/739/214
f 207/734/207 208/730/208 216/731/216 215/735/215
f 208/730/208 201/727/202 209/729/210 216/731/216
f 209/729/210 210/2945/209 218/2944/217 217/732/218
f 210/728/209 211/814/211 219/815/219 218/817/217
f 211/814/211 212/812/212 220/813/220 219/815/219
f 212/812/212 213/810/213 221/742/221 220/813/220
f 213/810/213 214/739/214 222/740/222 221/742/221
f 214/739/214 215/735/215 223/736/223 222/740/222
f 215/735/215 216/731/216 224/733/224 223/736/223
f 216/731/216 209/729/210 217/732/218 224/733/224
f 217/732/218 218/2944/217 226/2943/225 225/819/226
f 218/817/217 219/815/219 227/816/227 226/818/225
f 219/815/219 220/813/220 228/746/228 227/816/227
f 220/813/220 221/742/221 229/743/229 228/746/228
f 221/742/221 222/740/222 230/741/230 229/743/229
f 222/740/222 223/736/223 231/738/231 230/741/230
f 223/736/223 224/733/224 232/737/232 231/738/231
f 224/733/224 217/732/218 225/819/226 232/737/232
f 225/819/226 226/2943/225 234/2942/233 233/821/234
f 226/818/225 227/816/227 235/750/235 234/820/233
f 227/816/227 228/746/228 236/747/236 235/750/235
f 228/746/228 229/743/229 237/745/237 236/747/236
f 229/743/229 230/741/230 238/744/238 237/745/237
f 230/741/230 231/738/231 239/824/239 238/744/238
f 231/738/231 232/737/232 240/822/240 239/824/239
f 232/737/232 225/819/226 233/821/234 240/822/240
f 233/821/234 234/2942/233 242/2941/241 241/758/242
f 234/820/233 235/750/235 243/751/243 242/754/241
f 235/750/235 236/747/236 244/749/244 243/751/243
f 236/747/236 237/745/237 245/748/245 244/749/244
f 237/745/237 238/744/238 246/827/246 245/748/245
f 238/744/238 239/824/239 247/825/247 246/827/246
f 239/824/239 240/822/240 248/823/248 247/825/247
f 240/822/240 233/821/234 241/758/242 248/823/248
f 241/758/242 242/2941/241 250/2939/249 249/759/250
f 242/754/241 243/751/243 251/753/251 250/755/249
f 243/751/243 244/749/244 252/752/252 251/753/251
f 244/749/244 245/748/245 253/831/253 252/752/252
f 245/748/245 246/827/246 254/828/254 253/831/253
f 246/827/246 247/825/247 255/826/255 254/828/254
f 247/825/247 248/823/248 256/761/256 255/826/255
f 248/823/248 241/758/242 249/759/250 256/761/256
s 2
f 249/759/257 250/2939/258 258/2940/259 257/760/260
f 250/755/258 251/753/261 259/756/262 258/757/259
f 251/753/261 252/752/263 260/833/264 259/756/262
f 252/752/263 253/831/265 261/832/266 260/833/264
f 253/831/265 254/828/267 262/830/268 261/832/266
f 254/828/267 255/826/269 263/829/270 262/830/268
f 255/826/269 256/761/271 264/762/272 263/829/270
f 256/761/271 249/759/257 257/760/260 264/762/272
s 3
f 265/2643/273 266/840/274 274/841/275 273/836/276
f 266/840/274 267/2632/277 275/886/278 274/841/275
f 267/2632/277 268/894/279 276/887/280 275/886/278
f 268/894/279 269/895/281 277/890/282 276/887/280
f 269/895/281 270/900/283 278/901/284 277/890/282
f 270/900/283 271/2633/285 279/847/286 278/901/284
f 271/2633/285 272/834/287 280/837/288 279/847/286
f 272/834/287 265/835/273 273/2938/276 280/837/288
f 273/836/276 274/841/275 282/896/289 281/842/290
f 274/841/275 275/886/278 283/889/291 282/896/289
f 275/886/278 276/887/280 284/888/292 283/889/291
f 276/887/280 277/890/282 285/891/293 284/888/292
f 277/890/282 278/901/284 286/855/294 285/891/293
f 278/901/284 279/847/286 287/848/295 286/855/294
f 279/847/286 280/837/288 288/843/296 287/848/295
f 280/837/288 273/2938/276 281/2937/290 288/843/296
f 281/842/290 282/896/289 290/897/297 289/905/298
f 282/896/289 283/889/291 291/893/299 290/897/297
f 283/889/291 284/888/292 292/892/300 291/893/299
f 284/888/292 285/891/293 293/862/301 292/892/300
f 285/891/293 286/855/294 294/856/302 293/862/301
f 286/855/294 287/848/295 295/852/303 294/856/302
f 287/848/295 288/843/296 296/851/304 295/852/303
f 288/843/296 281/2937/290 289/2936/298 296/851/304
f 289/905/298 290/897/297 298/57/305 297/906/306
f 290/897/297 291/893/299 299/58/307 298/57/305
f 291/893/299 292/892/300 300/61/308 299/58/307
f 292/892/300 293/862/301 301/863/309 300/61/308
f 293/862/301 294/856/302 302/77/310 301/863/309
f 294/856/302 295/852/303 303/78/311 302/77/310
f 295/852/303 296/851/304 304/79/312 303/78/311
f 296/851/304 289/2936/298 297/2935/306 304/79/312
f 297/906/306 298/57/305 306/55/313 305/909/314
f 298/57/305 299/58/307 307/56/315 306/55/313
f 299/58/307 300/61/308 308/59/316 307/56/315
f 300/61/308 301/863/309 309/868/317 308/59/316
f 301/863/309 302/77/310 310/75/318 309/868/317
f 302/77/310 303/78/311 311/76/319 310/75/318
f 303/78/311 304/79/312 312/80/320 311/76/319
f 304/79/312 297/2935/306 305/2934/314 312/80/320
f 305/909/314 306/55/313 314/52/321 313/915/322
f 306/55/313 307/56/315 315/53/323 314/52/321
f 307/56/315 308/59/316 316/60/324 315/53/323
f 308/59/316 309/868/317 317/874/325 316/60/324
f 309/868/317 310/75/318 318/72/326 317/874/325
f 310/75/318 311/76/319 319/73/327 318/72/326
f 311/76/319 312/80/320 320/916/328 319/73/327
f 312/80/320 305/2934/314 313/2933/322 320/916/328
f 313/915/322 314/52/321 322/43/329 321/42/330
f 314/52/321 315/53/323 323/46/331 322/43/329
f 315/53/323 316/60/324 324/70/332 323/46/331
f 316/60/324 317/874/325 325/62/333 324/70/332
f 317/874/325 318/72/326 326/63/334 325/62/333
f 318/72/326 319/73/327 327/66/335 326/63/334
f 319/73/327 320/916/328 328/50/336 327/66/335
f 320/916/328 313/2933/322 321/2932/330 328/50/336
f 321/42/330 322/43/329 330/44/337 329/45/338
f 322/43/329 323/46/331 331/47/339 330/44/337
f 323/46/331 324/70/332 332/71/340 331/47/339
f 324/70/332 325/62/333 333/65/341 332/71/340
f 325/62/333 326/63/334 334/64/342 333/65/341
f 326/63/334 327/66/335 335/67/343 334/64/342
f 327/66/335 328/50/336 336/51/344 335/67/343
f 328/50/336 321/2932/330 329/2931/338 336/51/344
f 329/45/338 330/44/337 338/48/345 337/49/346
f 330/44/337 331/47/339 339/931/347 338/48/345
f 331/47/339 332/71/340 340/74/348 339/931/347
f 332/71/340 333/65/341 341/69/349 340/74/348
f 333/65/341 334/64/342 342/68/350 341/69/349
f 334/64/342 335/67/343 343/959/351 342/68/350
f 335/67/343 336/51/344 344/54/352 343/959/351
f 336/51/344 329/2931/338 337/2930/346 344/54/352
f 337/49/346 338/48/345 346/933/353 345/934/354
f 338/48/345 339/931/347 347/932/355 346/933/353
f 339/931/347 340/74/348 348/964/356 347/932/355
f 340/74/348 341/69/349 349/962/357 348/964/356
f 341/69/349 342/68/350 350/961/358 349/962/357
f 342/68/350 343/959/351 351/960/359 350/961/358
f 343/959/351 344/54/352 352/937/360 351/960/359
f 344/54/352 337/2930/346 345/2929/354 352/937/360
f 345/934/354 346/933/353 354/935/361 353/936/362
f 346/933/353 347/932/355 355/967/363 354/935/361
f 347/932/355 348/964/356 356/965/364 355/967/363
f 348/964/356 349/962/357 357/963/365 356/965/364
f 349/962/357 350/961/358 358/943/366 357/963/365
f 350/961/358 351/960/359 359/941/367 358/943/366
f 351/960/359 352/937/360 360/938/368 359/941/367
f 352/937/360 345/2929/354 353/2928/362 360/938/368
f 353/936/362 354/935/361 362/969/369 361/939/370
f 354/935/361 355/967/363 363/968/371 362/969/369
f 355/967/363 356/965/364 364/966/372 363/968/371
f 356/965/364 357/963/365 365/947/373 364/966/372
f 357/963/365 358/943/366 366/944/374 365/947/373
f 358/943/366 359/941/367 367/942/375 366/944/374
f 359/941/367 360/938/368 368/940/376 367/942/375
f 360/938/368 353/2928/362 361/2927/370 368/940/376
f 361/939/370 362/969/369 370/971/377 369/972/378
f 362/969/369 363/968/371 371/970/379 370/971/377
f 363/968/371 364/966/372 372/951/380 371/970/379
f 364/966/372 365/947/373 373/948/381 372/951/380
f 365/947/373 366/944/374 374/946/382 373/948/381
f 366/944/374 367/942/375 375/945/383 374/946/382
f 367/942/375 368/940/376 376/975/384 375/945/383
f 368/940/376 361/2927/370 369/2926/378 376/975/384
f 369/972/378 370/971/377 378/973/385 377/974/386
f 370/971/377 371/970/379 379/955/387 378/973/385
f 371/970/379 372/951/380 380/952/388 379/955/387
f 372/951/380 373/948/381 381/950/389 380/952/388
f 373/948/381 374/946/382 382/949/390 381/950/389
f 374/946/382 375/945/383 383/978/391 382/949/390
f 375/945/383 376/975/384 384/976/392 383/978/391
f 376/975/384 369/2926/378 377/2925/386 384/976/392
f 377/974/386 378/973/385 386/957/393 385/958/394
f 378/973/385 379/955/387 387/956/395 386/957/393
f 379/955/387 380/952/388 388/954/396 387/956/395
f 380/952/388 381/950/389 389/953/397 388/954/396
f 381/950/389 382/949/390 390/982/398 389/953/397
f 382/949/390 383/978/391 391/979/399 390/982/398
f 383/978/391 384/976/392 392/977/400 391/979/399
f 384/976/392 377/2925/386 385/2924/394 392/977/400
f 385/958/394 386/957/393 394/86/401 393/85/402
f 386/957/393 387/956/395 395/93/403 394/86/401
f 387/956/395 388/954/396 396/95/404 395/93/403
f 388/954/396 389/953/397 397/984/405 396/95/404
f 389/953/397 390/982/398 398/983/406 397/984/405
f 390/982/398 391/979/399 399/981/407 398/983/406
f 391/979/399 392/977/400 400/980/408 399/981/407
f 392/977/400 385/2924/394 393/2923/402 400/980/408
f 393/85/402 394/86/401 402/82/409 401/81/410
f 394/86/401 395/93/403 403/87/411 402/82/409
f 395/93/403 396/95/404 404/96/412 403/87/411
f 396/95/404 397/984/405 405/986/413 404/96/412
f 397/984/405 398/983/406 406/985/414 405/986/413
f 398/983/406 399/981/407 407/1057/415 406/985/414
f 399/981/407 400/980/408 408/91/416 407/1057/415
f 400/980/408 393/2923/402 401/2922/410 408/91/416
f 401/81/410 402/82/409 410/83/417 409/84/418
f 402/82/409 403/87/411 411/88/419 410/83/417
f 403/87/411 404/96/412 412/988/420 411/88/419
f 404/96/412 405/986/413 413/987/421 412/988/420
f 405/986/413 406/985/414 414/1051/422 413/987/421
f 406/985/414 407/1057/415 415/1052/423 414/1051/422
f 407/1057/415 408/91/416 416/92/424 415/1052/423
f 408/91/416 401/2922/410 409/2921/418 416/92/424
f 409/84/418 410/83/417 418/89/425 417/90/426
f 410/83/417 411/88/419 419/990/427 418/89/425
f 411/88/419 412/988/420 420/989/428 419/990/427
f 412/988/420 413/987/421 421/1058/429 420/989/428
f 413/987/421 414/1051/422 422/1054/430 421/1058/429
f 414/1051/422 415/1052/423 423/1053/431 422/1054/430
f 415/1052/423 416/92/424 424/94/432 423/1053/431
f 416/92/424 409/2921/418 417/2920/426 424/94/432
f 417/90/426 418/89/425 426/992/433 425/993/434
f 418/89/425 419/990/427 427/991/435 426/992/433
f 419/990/427 420/989/428 428/1062/436 427/991/435
f 420/989/428 421/1058/429 429/1059/437 428/1062/436
f 421/1058/429 422/1054/430 430/1056/438 429/1059/437
f 422/1054/430 423/1053/431 431/1055/439 430/1056/438
f 423/1053/431 424/94/432 432/996/440 431/1055/439
f 424/94/432 417/2920/426 425/2919/434 432/996/440
f 425/993/434 426/992/433 434/994/441 433/995/442
f 426/992/433 427/991/435 435/1065/443 434/994/441
f 427/991/435 428/1062/436 436/1063/444 435/1065/443
f 428/1062/436 429/1059/437 437/1061/445 436/1063/444
f 429/1059/437 430/1056/438 438/1060/446 437/1061/445
f 430/1056/438 431/1055/439 439/1000/447 438/1060/446
f 431/1055/439 432/996/440 440/997/448 439/1000/447
f 432/996/440 425/2919/434 433/2918/442 440/997/448
f 433/995/442 434/994/441 442/1068/449 441/998/450
f 434/994/441 435/1065/443 443/1066/451 442/1068/449
f 435/1065/443 436/1063/444 444/1064/452 443/1066/451
f 436/1063/444 437/1061/445 445/1008/453 444/1064/452
f 437/1061/445 438/1060/446 446/1004/454 445/1008/453
f 438/1060/446 439/1000/447 447/1001/455 446/1004/454
f 439/1000/447 440/997/448 448/999/456 447/1001/455
f 440/997/448 433/2918/442 441/2917/450 448/999/456
f 441/998/450 442/1068/449 450/1069/457 449/1071/458
f 442/1068/449 443/1066/451 451/1067/459 450/1069/457
f 443/1066/451 444/1064/452 452/1013/460 451/1067/459
f 444/1064/452 445/1008/453 453/1009/461 452/1013/460
f 445/1008/453 446/1004/454 454/1005/462 453/1009/461
f 446/1004/454 447/1001/455 455/1003/463 454/1005/462
f 447/1001/455 448/999/456 456/1002/464 455/1003/463
f 448/999/456 441/2917/450 449/2916/458 456/1002/464
f 449/1071/458 450/1069/457 458/1070/465 457/1072/466
f 450/1069/457 451/1067/459 459/1016/467 458/1070/465
f 451/1067/459 452/1013/460 460/1014/468 459/1016/467
f 452/1013/460 453/1009/461 461/1010/469 460/1014/468
f 453/1009/461 454/1005/462 462/1007/470 461/1010/469
f 454/1005/462 455/1003/463 463/1006/471 462/1007/470
f 455/1003/463 456/1002/464 464/1074/472 463/1006/471
f 456/1002/464 449/2916/458 457/2915/466 464/1074/472
f 457/1072/466 458/1070/465 466/1020/473 465/1073/474
f 458/1070/465 459/1016/467 467/1017/475 466/1020/473
f 459/1016/467 460/1014/468 468/1015/476 467/1017/475
f 460/1014/468 461/1010/469 469/1012/477 468/1015/476
f 461/1010/469 462/1007/470 470/1011/478 469/1012/477
f 462/1007/470 463/1006/471 471/1076/479 470/1011/478
f 463/1006/471 464/1074/472 472/1075/480 471/1076/479
f 464/1074/472 457/2915/466 465/2914/474 472/1075/480
f 465/1073/474 466/1020/473 474/1021/481 473/1024/482
f 466/1020/473 467/1017/475 475/1019/483 474/1021/481
f 467/1017/475 468/1015/476 476/1018/484 475/1019/483
f 468/1015/476 469/1012/477 477/1081/485 476/1018/484
f 469/1012/477 470/1011/478 478/1079/486 477/1081/485
f 470/1011/478 471/1076/479 479/1078/487 478/1079/486
f 471/1076/479 472/1075/480 480/1077/488 479/1078/487
f 472/1075/480 465/2914/474 473/2913/482 480/1077/488
f 473/1024/482 474/1021/481 482/1023/489 481/1025/490
f 474/1021/481 475/1019/483 483/1022/491 482/1023/489
f 475/1019/483 476/1018/484 484/1084/492 483/1022/491
f 476/1018/484 477/1081/485 485/1082/493 484/1084/492
f 477/1081/485 478/1079/486 486/1080/494 485/1082/493
f 478/1079/486 479/1078/487 487/1032/495 486/1080/494
f 479/1078/487 480/1077/488 488/1028/496 487/1032/495
f 480/1077/488 473/2913/482 481/2912/490 488/1028/496
f 481/1025/490 482/1023/489 490/1026/497 489/1027/498
f 482/1023/489 483/1022/491 491/1087/499 490/1026/497
f 483/1022/491 484/1084/492 492/1085/500 491/1087/499
f 484/1084/492 485/1082/493 493/1083/501 492/1085/500
f 485/1082/493 486/1080/494 494/1037/502 493/1083/501
f 486/1080/494 487/1032/495 495/1033/503 494/1037/502
f 487/1032/495 488/1028/496 496/1029/504 495/1033/503
f 488/1028/496 481/2912/490 489/2911/498 496/1029/504
f 489/1027/498 490/1026/497 498/1090/505 497/1030/506
f 490/1026/497 491/1087/499 499/1088/507 498/1090/505
f 491/1087/499 492/1085/500 500/1086/508 499/1088/507
f 492/1085/500 493/1083/501 501/1042/509 500/1086/508
f 493/1083/501 494/1037/502 502/1038/510 501/1042/509
f 494/1037/502 495/1033/503 503/1034/511 502/1038/510
f 495/1033/503 496/1029/504 504/1031/512 503/1034/511
f 496/1029/504 489/2911/498 497/2910/506 504/1031/512
f 497/1030/506 498/1090/505 506/1091/513 505/1093/514
f 498/1090/505 499/1088/507 507/1089/515 506/1091/513
f 499/1088/507 500/1086/508 508/1045/516 507/1089/515
f 500/1086/508 501/1042/509 509/1043/517 508/1045/516
f 501/1042/509 502/1038/510 510/1039/518 509/1043/517
f 502/1038/510 503/1034/511 511/1036/519 510/1039/518
f 503/1034/511 504/1031/512 512/1035/520 511/1036/519
f 504/1031/512 497/2910/506 505/2909/514 512/1035/520
f 505/1093/514 506/1091/513 514/1092/521 513/1094/522
f 506/1091/513 507/1089/515 515/1049/523 514/1092/521
f 507/1089/515 508/1045/516 516/1046/524 515/1049/523
f 508/1045/516 509/1043/517 517/1044/525 516/1046/524
f 509/1043/517 510/1039/518 518/1041/526 517/1044/525
f 510/1039/518 511/1036/519 519/1040/527 518/1041/526
f 511/1036/519 512/1035/520 520/1095/528 519/1040/527
f 512/1035/520 505/2909/514 513/2908/522 520/1095/528
s 4
f 513/1094/529 514/1092/530 522/2634/531 521/1096/532
f 514/1092/530 515/1049/533 523/1050/534 522/2634/531
f 515/1049/533 516/1046/535 524/1048/536 523/1050/534
f 516/1046/535 517/1044/537 525/1047/538 524/1048/536
f 517/1044/537 518/1041/539 526/2635/540 525/1047/538
f 518/1041/539 519/1040/541 527/1098/542 526/2635/540
f 519/1040/541 520/1095/543 528/1097/544 527/1098/542
f 520/1095/543 513/2908/529 521/2907/532 528/1097/544
s 5
f 529/1196/545 530/1112/546 538/2906/547 537/1103/548
f 530/2645/546 531/1113/549 539/1109/550 538/1104/547
f 531/1113/549 532/1120/551 540/1121/552 539/1109/550
f 532/1120/551 533/1135/553 541/1170/554 540/1121/552
f 533/1135/553 534/1178/555 542/1171/556 541/1170/554
f 534/1178/555 535/1179/557 543/1175/558 542/1171/556
f 535/1179/557 536/1185/559 544/1186/560 543/1175/558
f 536/1185/559 529/1196/545 537/1103/548 544/1186/560
f 537/1103/548 538/2906/547 546/2905/561 545/1099/562
f 538/1104/547 539/1109/550 547/1110/563 546/1100/561
f 539/1109/550 540/1121/552 548/1173/564 547/1110/563
f 540/1121/552 541/1170/554 549/1166/565 548/1173/564
f 541/1170/554 542/1171/556 550/1167/566 549/1166/565
f 542/1171/556 543/1175/558 551/1176/567 550/1167/566
f 543/1175/558 544/1186/560 552/1107/568 551/1176/567
f 544/1186/560 537/1103/548 545/1099/562 552/1107/568
f 545/1099/562 546/2905/561 554/2904/569 553/1102/570
f 546/1100/561 547/1110/563 555/1181/571 554/1101/569
f 547/1110/563 548/1173/564 556/1174/572 555/1181/571
f 548/1173/564 549/1166/565 557/1169/573 556/1174/572
f 549/1166/565 550/1167/566 558/1168/574 557/1169/573
f 550/1167/566 551/1176/567 559/1116/575 558/1168/574
f 551/1176/567 552/1107/568 560/1108/576 559/1116/575
f 552/1107/568 545/1099/562 553/1102/570 560/1108/576
f 553/1102/570 554/2904/569 562/2903/577 561/1106/578
f 554/1101/569 555/1181/571 563/1182/579 562/1105/577
f 555/1181/571 556/1174/572 564/1177/580 563/1182/579
f 556/1174/572 557/1169/573 565/1172/581 564/1177/580
f 557/1169/573 558/1168/574 566/1128/582 565/1172/581
f 558/1168/574 559/1116/575 567/1117/583 566/1128/582
f 559/1116/575 560/1108/576 568/1111/584 567/1117/583
f 560/1108/576 553/1102/570 561/1106/578 568/1111/584
f 561/1106/578 562/2903/577 570/2902/585 569/1114/586
f 562/1105/577 563/1182/579 571/1187/587 570/1192/585
f 563/1182/579 564/1177/580 572/1180/588 571/1187/587
f 564/1177/580 565/1172/581 573/1139/589 572/1180/588
f 565/1172/581 566/1128/582 574/1129/590 573/1139/589
f 566/1128/582 567/1117/583 575/1122/591 574/1129/590
f 567/1117/583 568/1111/584 576/1115/592 575/1122/591
f 568/1111/584 561/1106/578 569/1114/586 576/1115/592
f 569/1114/586 570/2902/585 578/2901/593 577/1199/594
f 570/1192/585 571/1187/587 579/1191/595 578/1197/593
f 571/1187/587 572/1180/588 580/1148/596 579/1191/595
f 572/1180/588 573/1139/589 581/1140/597 580/1148/596
f 573/1139/589 574/1129/590 582/1137/598 581/1140/597
f 574/1129/590 575/1122/591 583/1127/599 582/1137/598
f 575/1122/591 576/1115/592 584/1126/600 583/1127/599
f 576/1115/592 569/1114/586 577/1199/594 584/1126/600
f 577/1199/594 578/2901/593 586/2900/601 585/1204/602
f 578/1197/593 579/1191/595 587/1219/603 586/1203/601
f 579/1191/595 580/1148/596 588/1149/604 587/1219/603
f 580/1148/596 581/1140/597 589/1146/605 588/1149/604
f 581/1140/597 582/1137/598 590/1145/606 589/1146/605
f 582/1137/598 583/1127/599 591/1345/607 590/1145/606
f 583/1127/599 584/1126/600 592/1206/608 591/1345/607
f 584/1126/600 577/1199/594 585/1204/602 592/1206/608
f 585/1204/602 586/2900/601 594/2899/609 593/1225/610
f 586/1203/601 587/1219/603 595/1221/611 594/1222/609
f 587/1219/603 588/1149/604 596/1220/612 595/1221/611
f 588/1149/604 589/1146/605 597/1339/613 596/1220/612
f 589/1146/605 590/1145/606 598/1340/614 597/1339/613
f 590/1145/606 591/1345/607 599/1343/615 598/1340/614
f 591/1345/607 592/1206/608 600/1348/616 599/1343/615
f 592/1206/608 585/1204/602 593/1225/610 600/1348/616
f 593/1225/610 594/2899/609 602/2898/617 601/1226/618
f 594/1222/609 595/1221/611 603/1223/619 602/1224/617
f 595/1221/611 596/1220/612 604/1346/620 603/1223/619
f 596/1220/612 597/1339/613 605/1342/621 604/1346/620
f 597/1339/613 598/1340/614 606/1341/622 605/1342/621
f 598/1340/614 599/1343/615 607/1231/623 606/1341/622
f 599/1343/615 600/1348/616 608/1229/624 607/1231/623
f 600/1348/616 593/1225/610 601/1226/618 608/1229/624
f 601/1226/618 602/2898/617 610/2897/625 609/1228/626
f 602/1224/617 603/1223/619 611/1349/627 610/1227/625
f 603/1223/619 604/1346/620 612/1347/628 611/1349/627
f 604/1346/620 605/1342/621 613/1344/629 612/1347/628
f 605/1342/621 606/1341/622 614/1235/630 613/1344/629
f 606/1341/622 607/1231/623 615/1232/631 614/1235/630
f 607/1231/623 608/1229/624 616/1230/632 615/1232/631
f 608/1229/624 601/1226/618 609/1228/626 616/1230/632
f 609/1228/626 610/2897/625 618/2896/633 617/1354/634
f 610/1227/625 611/1349/627 619/1351/635 618/1352/633
f 611/1349/627 612/1347/628 620/1350/636 619/1351/635
f 612/1347/628 613/1344/629 621/1239/637 620/1350/636
f 613/1344/629 614/1235/630 622/1236/638 621/1239/637
f 614/1235/630 615/1232/631 623/1234/639 622/1236/638
f 615/1232/631 616/1230/632 624/1233/640 623/1234/639
f 616/1230/632 609/1228/626 617/1354/634 624/1233/640
f 617/1354/634 618/2896/633 626/2895/641 625/1355/642
f 618/1352/633 619/1351/635 627/1247/643 626/1353/641
f 619/1351/635 620/1350/636 628/1243/644 627/1247/643
f 620/1350/636 621/1239/637 629/1240/645 628/1243/644
f 621/1239/637 622/1236/638 630/1238/646 629/1240/645
f 622/1236/638 623/1234/639 631/1237/647 630/1238/646
f 623/1234/639 624/1233/640 632/1357/648 631/1237/647
f 624/1233/640 617/1354/634 625/1355/642 632/1357/648
f 625/1355/642 626/2895/641 634/2894/649 633/1356/650
f 626/1353/641 627/1247/643 635/1248/651 634/1250/649
f 627/1247/643 628/1243/644 636/1244/652 635/1248/651
f 628/1243/644 629/1240/645 637/1242/653 636/1244/652
f 629/1240/645 630/1238/646 638/1241/654 637/1242/653
f 630/1238/646 631/1237/647 639/1360/655 638/1241/654
f 631/1237/647 632/1357/648 640/1358/656 639/1360/655
f 632/1357/648 625/1355/642 633/1356/650 640/1358/656
f 633/1356/650 634/2894/649 642/2893/657 641/1254/658
f 634/1250/649 635/1248/651 643/1249/659 642/1251/657
f 635/1248/651 636/1244/652 644/1246/660 643/1249/659
f 636/1244/652 637/1242/653 645/1245/661 644/1246/660
f 637/1242/653 638/1241/654 646/1362/662 645/1245/661
f 638/1241/654 639/1360/655 647/1361/663 646/1362/662
f 639/1360/655 640/1358/656 648/1359/664 647/1361/663
f 640/1358/656 633/1356/650 641/1254/658 648/1359/664
f 641/1254/658 642/2893/657 650/2892/665 649/1255/666
f 642/1251/657 643/1249/659 651/1252/667 650/1253/665
f 643/1249/659 644/1246/660 652/1367/668 651/1252/667
f 644/1246/660 645/1245/661 653/1365/669 652/1367/668
f 645/1245/661 646/1362/662 654/1364/670 653/1365/669
f 646/1362/662 647/1361/663 655/1363/671 654/1364/670
f 647/1361/663 648/1359/664 656/1258/672 655/1363/671
f 648/1359/664 641/1254/658 649/1255/666 656/1258/672
f 649/1255/666 650/2892/665 658/2891/673 657/1257/674
f 650/1253/665 651/1252/667 659/1370/675 658/1256/673
f 651/1252/667 652/1367/668 660/1368/676 659/1370/675
f 652/1367/668 653/1365/669 661/1366/677 660/1368/676
f 653/1365/669 654/1364/670 662/1266/678 661/1366/677
f 654/1364/670 655/1363/671 663/1262/679 662/1266/678
f 655/1363/671 656/1258/672 664/1259/680 663/1262/679
f 656/1258/672 649/1255/666 657/1257/674 664/1259/680
f 657/1257/674 658/2891/673 666/2890/681 665/1260/682
f 658/1256/673 659/1370/675 667/1371/683 666/1373/681
f 659/1370/675 660/1368/676 668/1369/684 667/1371/683
f 660/1368/676 661/1366/677 669/1271/685 668/1369/684
f 661/1366/677 662/1266/678 670/1267/686 669/1271/685
f 662/1266/678 663/1262/679 671/1263/687 670/1267/686
f 663/1262/679 664/1259/680 672/1261/688 671/1263/687
f 664/1259/680 657/1257/674 665/1260/682 672/1261/688
f 665/1260/682 666/2890/681 674/2889/689 673/1376/690
f 666/1373/681 667/1371/683 675/1372/691 674/1374/689
f 667/1371/683 668/1369/684 676/1276/692 675/1372/691
f 668/1369/684 669/1271/685 677/1272/693 676/1276/692
f 669/1271/685 670/1267/686 678/1268/694 677/1272/693
f 670/1267/686 671/1263/687 679/1265/695 678/1268/694
f 671/1263/687 672/1261/688 680/1264/696 679/1265/695
f 672/1261/688 665/1260/682 673/1376/690 680/1264/696
f 673/1376/690 674/2889/689 682/2888/697 681/1377/698
f 674/1374/689 675/1372/691 683/1281/699 682/1375/697
f 675/1372/691 676/1276/692 684/1277/700 683/1281/699
f 676/1276/692 677/1272/693 685/1273/701 684/1277/700
f 677/1272/693 678/1268/694 686/1270/702 685/1273/701
f 678/1268/694 679/1265/695 687/1269/703 686/1270/702
f 679/1265/695 680/1264/696 688/1379/704 687/1269/703
f 680/1264/696 673/1376/690 681/1377/698 688/1379/704
f 681/1377/698 682/2888/697 690/2887/705 689/1378/706
f 682/1375/697 683/1281/699 691/1282/707 690/1286/705
f 683/1281/699 684/1277/700 692/1278/708 691/1282/707
f 684/1277/700 685/1273/701 693/1275/709 692/1278/708
f 685/1273/701 686/1270/702 694/1274/710 693/1275/709
f 686/1270/702 687/1269/703 695/1382/711 694/1274/710
f 687/1269/703 688/1379/704 696/1380/712 695/1382/711
f 688/1379/704 681/1377/698 689/1378/706 696/1380/712
f 689/1378/706 690/2887/705 698/2886/713 697/1291/714
f 690/1286/705 691/1282/707 699/1283/715 698/1287/713
f 691/1282/707 692/1278/708 700/1280/716 699/1283/715
f 692/1278/708 693/1275/709 701/1279/717 700/1280/716
f 693/1275/709 694/1274/710 702/1385/718 701/1279/717
f 694/1274/710 695/1382/711 703/1383/719 702/1385/718
f 695/1382/711 696/1380/712 704/1381/720 703/1383/719
f 696/1380/712 689/1378/706 697/1291/714 704/1381/720
f 697/1291/714 698/2886/713 706/2885/721 705/1292/722
f 698/1287/713 699/1283/715 707/1285/723 706/1288/721
f 699/1283/715 700/1280/716 708/1284/724 707/1285/723
f 700/1280/716 701/1279/717 709/1388/725 708/1284/724
f 701/1279/717 702/1385/718 710/1386/726 709/1388/725
f 702/1385/718 703/1383/719 711/1384/727 710/1386/726
f 703/1383/719 704/1381/720 712/1294/728 711/1384/727
f 704/1381/720 697/1291/714 705/1292/722 712/1294/728
f 705/1292/722 706/2885/721 714/2884/729 713/1293/730
f 706/1288/721 707/1285/723 715/1289/731 714/1290/729
f 707/1285/723 708/1284/724 716/1390/732 715/1289/731
f 708/1284/724 709/1388/725 717/1389/733 716/1390/732
f 709/1388/725 710/1386/726 718/1387/734 717/1389/733
f 710/1386/726 711/1384/727 719/1298/735 718/1387/734
f 711/1384/727 712/1294/728 720/1295/736 719/1298/735
f 712/1294/728 705/1292/722 713/1293/730 720/1295/736
f 713/1293/730 714/2884/729 722/2883/737 721/1296/738
f 714/1290/729 715/1289/731 723/1392/739 722/1394/737
f 715/1289/731 716/1390/732 724/1391/740 723/1392/739
f 716/1390/732 717/1389/733 725/1306/741 724/1391/740
f 717/1389/733 718/1387/734 726/1302/742 725/1306/741
f 718/1387/734 719/1298/735 727/1299/743 726/1302/742
f 719/1298/735 720/1295/736 728/1297/744 727/1299/743
f 720/1295/736 713/1293/730 721/1296/738 728/1297/744
f 721/1296/738 722/2883/737 730/2882/745 729/1397/746
f 722/1394/737 723/1392/739 731/1393/747 730/1395/745
f 723/1392/739 724/1391/740 732/1309/748 731/1393/747
f 724/1391/740 725/1306/741 733/1307/749 732/1309/748
f 725/1306/741 726/1302/742 734/1303/750 733/1307/749
f 726/1302/742 727/1299/743 735/1301/751 734/1303/750
f 727/1299/743 728/1297/744 736/1300/752 735/1301/751
f 728/1297/744 721/1296/738 729/1397/746 736/1300/752
f 729/1397/746 730/2882/745 738/2881/753 737/1398/754
f 730/1395/745 731/1393/747 739/1313/755 738/1396/753
f 731/1393/747 732/1309/748 740/1310/756 739/1313/755
f 732/1309/748 733/1307/749 741/1308/757 740/1310/756
f 733/1307/749 734/1303/750 742/1305/758 741/1308/757
f 734/1303/750 735/1301/751 743/1304/759 742/1305/758
f 735/1301/751 736/1300/752 744/1399/760 743/1304/759
f 736/1300/752 729/1397/746 737/1398/754 744/1399/760
f 737/1398/754 738/2881/753 746/2880/761 745/1400/762
f 738/1396/753 739/1313/755 747/1314/763 746/1317/761
f 739/1313/755 740/1310/756 748/1312/764 747/1314/763
f 740/1310/756 741/1308/757 749/1311/765 748/1312/764
f 741/1308/757 742/1305/758 750/1405/766 749/1311/765
f 742/1305/758 743/1304/759 751/1402/767 750/1405/766
f 743/1304/759 744/1399/760 752/1401/768 751/1402/767
f 744/1399/760 737/1398/754 745/1400/762 752/1401/768
f 745/1400/762 746/2880/761 754/2879/769 753/1321/770
f 746/1317/761 747/1314/763 755/1316/771 754/1318/769
f 747/1314/763 748/1312/764 756/1315/772 755/1316/771
f 748/1312/764 749/1311/765 757/1408/773 756/1315/772
f 749/1311/765 750/1405/766 758/1406/774 757/1408/773
f 750/1405/766 751/1402/767 759/1404/775 758/1406/774
f 751/1402/767 752/1401/768 760/1403/776 759/1404/775
f 752/1401/768 745/1400/762 753/1321/770 760/1403/776
f 753/1321/770 754/2879/769 762/2878/777 761/1322/778
f 754/1318/769 755/1316/771 763/1319/779 762/1320/777
f 755/1316/771 756/1315/772 764/1411/780 763/1319/779
f 756/1315/772 757/1408/773 765/1409/781 764/1411/780
f 757/1408/773 758/1406/774 766/1407/782 765/1409/781
f 758/1406/774 759/1404/775 767/1329/783 766/1407/782
f 759/1404/775 760/1403/776 768/1325/784 767/1329/783
f 760/1403/776 753/1321/770 761/1322/778 768/1325/784
f 761/1322/778 762/2878/777 770/2877/785 769/1324/786
f 762/1320/777 763/1319/779 771/1414/787 770/1323/785
f 763/1319/779 764/1411/780 772/1412/788 771/1414/787
f 764/1411/780 765/1409/781 773/1410/789 772/1412/788
f 765/1409/781 766/1407/782 774/1334/790 773/1410/789
f 766/1407/782 767/1329/783 775/1330/791 774/1334/790
f 767/1329/783 768/1325/784 776/1326/792 775/1330/791
f 768/1325/784 761/1322/778 769/1324/786 776/1326/792
f 769/1324/786 770/2877/785 778/2875/793 777/1327/794
f 770/1323/785 771/1414/787 779/1415/795 778/1418/793
f 771/1414/787 772/1412/788 780/1413/796 779/1415/795
f 772/1412/788 773/1410/789 781/1337/797 780/1413/796
f 773/1410/789 774/1334/790 782/1335/798 781/1337/797
f 774/1334/790 775/1330/791 783/1331/799 782/1335/798
f 775/1330/791 776/1326/792 784/1328/800 783/1331/799
f 776/1326/792 769/1324/786 777/1327/794 784/1328/800
s 6
f 777/1327/801 778/2875/802 786/2876/803 785/1420/804
f 778/1418/802 779/1415/805 787/1417/806 786/1419/803
f 779/1415/805 780/1413/807 788/1416/808 787/1417/806
f 780/1413/807 781/1337/809 789/1338/810 788/1416/808
f 781/1337/809 782/1335/811 790/1336/812 789/1338/810
f 782/1335/811 783/1331/813 791/1333/814 790/1336/812
f 783/1331/813 784/1328/815 792/1332/816 791/1333/814
f 784/1328/815 777/1327/801 785/1420/804 792/1332/816
s 7
f 793/2647/817 794/1495/818 802/1492/819 801/1487/820
f 794/1495/818 795/1499/821 803/1431/822 802/1492/819
f 795/1499/821 796/1425/823 804/1421/824 803/1431/822
f 796/1425/823 797/1426/825 805/1422/826 804/1421/824
f 797/1426/825 798/1433/827 806/1427/828 805/1422/826
f 798/1433/827 799/1437/829 807/1438/830 806/1427/828
f 799/1437/829 800/1490/831 808/1486/832 807/1438/830
f 800/1490/831 793/1491/817 801/2874/820 808/1486/832
f 801/1487/820 802/1492/819 810/1441/833 809/1488/834
f 802/1492/819 803/1431/822 811/1432/835 810/1441/833
f 803/1431/822 804/1421/824 812/1424/836 811/1432/835
f 804/1421/824 805/1422/826 813/1423/837 812/1424/836
f 805/1422/826 806/1427/828 814/1428/838 813/1423/837
f 806/1427/828 807/1438/830 815/1494/839 814/1428/838
f 807/1438/830 808/1486/832 816/1489/840 815/1494/839
f 808/1486/832 801/2874/820 809/2873/834 816/1489/840
f 809/1488/834 810/1441/833 818/1442/841 817/1451/842
f 810/1441/833 811/1432/835 819/1434/843 818/1442/841
f 811/1432/835 812/1424/836 820/1430/844 819/1434/843
f 812/1424/836 813/1423/837 821/1429/845 820/1430/844
f 813/1423/837 814/1428/838 822/1502/846 821/1429/845
f 814/1428/838 815/1494/839 823/1496/847 822/1502/846
f 815/1494/839 816/1489/840 824/1493/848 823/1496/847
f 816/1489/840 809/2873/834 817/2872/842 824/1493/848
f 817/1451/842 818/1442/841 826/1446/849 825/1452/850
f 818/1442/841 819/1434/843 827/1440/851 826/1446/849
f 819/1434/843 820/1430/844 828/1439/852 827/1440/851
f 820/1430/844 821/1429/845 829/1510/853 828/1439/852
f 821/1429/845 822/1502/846 830/1506/854 829/1510/853
f 822/1502/846 823/1496/847 831/1501/855 830/1506/854
f 823/1496/847 824/1493/848 832/1500/856 831/1501/855
f 824/1493/848 817/2872/842 825/2871/850 832/1500/856
f 825/1452/850 826/1446/849 834/1450/857 833/1455/858
f 826/1446/849 827/1440/851 835/1449/859 834/1450/857
f 827/1440/851 828/1439/852 836/1519/860 835/1449/859
f 828/1439/852 829/1510/853 837/1513/861 836/1519/860
f 829/1510/853 830/1506/854 838/1509/862 837/1513/861
f 830/1506/854 831/1501/855 839/1470/863 838/1509/862
f 831/1501/855 832/1500/856 840/1462/864 839/1470/863
f 832/1500/856 825/2871/850 833/2870/858 840/1462/864
f 833/1455/858 834/1450/857 842/1458/865 841/1459/866
f 834/1450/857 835/1449/859 843/1524/867 842/1458/865
f 835/1449/859 836/1519/860 844/1520/868 843/1524/867
f 836/1519/860 837/1513/861 845/1516/869 844/1520/868
f 837/1513/861 838/1509/862 846/1476/870 845/1516/869
f 838/1509/862 839/1470/863 847/1471/871 846/1476/870
f 839/1470/863 840/1462/864 848/1463/872 847/1471/871
f 840/1462/864 833/2870/858 841/2869/866 848/1463/872
f 841/1459/866 842/1458/865 850/1528/873 849/1468/874
f 842/1458/865 843/1524/867 851/1525/875 850/1528/873
f 843/1524/867 844/1520/868 852/1523/876 851/1525/875
f 844/1520/868 845/1516/869 853/1482/877 852/1523/876
f 845/1516/869 846/1476/870 854/1477/878 853/1482/877
f 846/1476/870 847/1471/871 855/1473/879 854/1477/878
f 847/1471/871 848/1463/872 856/1469/880 855/1473/879
f 848/1463/872 841/2869/866 849/2868/874 856/1469/880
f 849/1468/874 850/1528/873 858/1531/881 857/1534/882
f 850/1528/873 851/1525/875 859/1530/883 858/1531/881
f 851/1525/875 852/1523/876 860/1544/884 859/1530/883
f 852/1523/876 853/1482/877 861/1483/885 860/1544/884
f 853/1482/877 854/1477/878 862/1480/886 861/1483/885
f 854/1477/878 855/1473/879 863/1479/887 862/1480/886
f 855/1473/879 856/1469/880 864/1653/888 863/1479/887
f 856/1469/880 849/2868/874 857/2867/882 864/1653/888
f 857/1534/882 858/1531/881 866/1536/889 865/1656/890
f 858/1531/881 859/1530/883 867/1537/891 866/1536/889
f 859/1530/883 860/1544/884 868/1540/892 867/1537/891
f 860/1544/884 861/1483/885 869/1547/893 868/1540/892
f 861/1483/885 862/1480/886 870/1647/894 869/1547/893
f 862/1480/886 863/1479/887 871/1648/895 870/1647/894
f 863/1479/887 864/1653/888 872/1651/896 871/1648/895
f 864/1653/888 857/2867/882 865/2866/890 872/1651/896
f 865/1656/890 866/1536/889 874/1539/897 873/1545/898
f 866/1536/889 867/1537/891 875/1538/899 874/1539/897
f 867/1537/891 868/1540/892 876/1541/900 875/1538/899
f 868/1540/892 869/1547/893 877/1654/901 876/1541/900
f 869/1547/893 870/1647/894 878/1650/902 877/1654/901
f 870/1647/894 871/1648/895 879/1649/903 878/1650/902
f 871/1648/895 872/1651/896 880/1550/904 879/1649/903
f 872/1651/896 865/2866/890 873/2865/898 880/1550/904
f 873/1545/898 874/1539/897 882/1543/905 881/1546/906
f 874/1539/897 875/1538/899 883/1542/907 882/1543/905
f 875/1538/899 876/1541/900 884/1657/908 883/1542/907
f 876/1541/900 877/1654/901 885/1655/909 884/1657/908
f 877/1654/901 878/1650/902 886/1652/910 885/1655/909
f 878/1650/902 879/1649/903 887/1553/911 886/1652/910
f 879/1649/903 880/1550/904 888/1551/912 887/1553/911
f 880/1550/904 873/2865/898 881/2864/906 888/1551/912
f 881/1546/906 882/1543/905 890/1548/913 889/1549/914
f 882/1543/905 883/1542/907 891/1660/915 890/1548/913
f 883/1542/907 884/1657/908 892/1659/916 891/1660/915
f 884/1657/908 885/1655/909 893/1658/917 892/1659/916
f 885/1655/909 886/1652/910 894/1557/918 893/1658/917
f 886/1652/910 887/1553/911 895/1554/919 894/1557/918
f 887/1553/911 888/1551/912 896/1552/920 895/1554/919
f 888/1551/912 881/2864/906 889/2863/914 896/1552/920
f 889/1549/914 890/1548/913 898/1663/921 897/1665/922
f 890/1548/913 891/1660/915 899/1662/923 898/1663/921
f 891/1660/915 892/1659/916 900/1661/924 899/1662/923
f 892/1659/916 893/1658/917 901/1561/925 900/1661/924
f 893/1658/917 894/1557/918 902/1558/926 901/1561/925
f 894/1557/918 895/1554/919 903/1556/927 902/1558/926
f 895/1554/919 896/1552/920 904/1555/928 903/1556/927
f 896/1552/920 889/2863/914 897/2862/922 904/1555/928
f 897/1665/922 898/1663/921 906/1664/929 905/1666/930
f 898/1663/921 899/1662/923 907/1569/931 906/1664/929
f 899/1662/923 900/1661/924 908/1565/932 907/1569/931
f 900/1661/924 901/1561/925 909/1562/933 908/1565/932
f 901/1561/925 902/1558/926 910/1560/934 909/1562/933
f 902/1558/926 903/1556/927 911/1559/935 910/1560/934
f 903/1556/927 904/1555/928 912/1668/936 911/1559/935
f 904/1555/928 897/2862/922 905/2861/930 912/1668/936
f 905/1666/930 906/1664/929 914/1574/937 913/1667/938
f 906/1664/929 907/1569/931 915/1570/939 914/1574/937
f 907/1569/931 908/1565/932 916/1566/940 915/1570/939
f 908/1565/932 909/1562/933 917/1564/941 916/1566/940
f 909/1562/933 910/1560/934 918/1563/942 917/1564/941
f 910/1560/934 911/1559/935 919/1671/943 918/1563/942
f 911/1559/935 912/1668/936 920/1669/944 919/1671/943
f 912/1668/936 905/2861/930 913/2860/938 920/1669/944
f 913/1667/938 914/1574/937 922/1575/945 921/1577/946
f 914/1574/937 915/1570/939 923/1571/947 922/1575/945
f 915/1570/939 916/1566/940 924/1568/948 923/1571/947
f 916/1566/940 917/1564/941 925/1567/949 924/1568/948
f 917/1564/941 918/1563/942 926/1674/950 925/1567/949
f 918/1563/942 919/1671/943 927/1672/951 926/1674/950
f 919/1671/943 920/1669/944 928/1670/952 927/1672/951
f 920/1669/944 913/2860/938 921/2859/946 928/1670/952
f 921/1577/946 922/1575/945 930/1576/953 929/1578/954
f 922/1575/945 923/1571/947 931/1573/955 930/1576/953
f 923/1571/947 924/1568/948 932/1572/956 931/1573/955
f 924/1568/948 925/1567/949 933/1676/957 932/1572/956
f 925/1567/949 926/1674/950 934/1675/958 933/1676/957
f 926/1674/950 927/1672/951 935/1673/959 934/1675/958
f 927/1672/951 928/1670/952 936/1581/960 935/1673/959
f 928/1670/952 921/2859/946 929/2858/954 936/1581/960
f 929/1578/954 930/1576/953 938/1579/961 937/1580/962
f 930/1576/953 931/1573/955 939/1682/963 938/1579/961
f 931/1573/955 932/1572/956 940/1679/964 939/1682/963
f 932/1572/956 933/1676/957 941/1678/965 940/1679/964
f 933/1676/957 934/1675/958 942/1677/966 941/1678/965
f 934/1675/958 935/1673/959 943/1585/967 942/1677/966
f 935/1673/959 936/1581/960 944/1582/968 943/1585/967
f 936/1581/960 929/2858/954 937/2857/962 944/1582/968
f 937/1580/962 938/1579/961 946/1685/969 945/1583/970
f 938/1579/961 939/1682/963 947/1683/971 946/1685/969
f 939/1682/963 940/1679/964 948/1681/972 947/1683/971
f 940/1679/964 941/1678/965 949/1680/973 948/1681/972
f 941/1678/965 942/1677/966 950/1589/974 949/1680/973
f 942/1677/966 943/1585/967 951/1586/975 950/1589/974
f 943/1585/967 944/1582/968 952/1584/976 951/1586/975
f 944/1582/968 937/2857/962 945/2856/970 952/1584/976
f 945/1583/970 946/1685/969 954/1686/977 953/1688/978
f 946/1685/969 947/1683/971 955/1684/979 954/1686/977
f 947/1683/971 948/1681/972 956/1597/980 955/1684/979
f 948/1681/972 949/1680/973 957/1593/981 956/1597/980
f 949/1680/973 950/1589/974 958/1590/982 957/1593/981
f 950/1589/974 951/1586/975 959/1588/983 958/1590/982
f 951/1586/975 952/1584/976 960/1587/984 959/1588/983
f 952/1584/976 945/2856/970 953/2855/978 960/1587/984
f 953/1688/978 954/1686/977 962/1687/985 961/1689/986
f 954/1686/977 955/1684/979 963/1602/987 962/1687/985
f 955/1684/979 956/1597/980 964/1598/988 963/1602/987
f 956/1597/980 957/1593/981 965/1594/989 964/1598/988
f 957/1593/981 958/1590/982 966/1592/990 965/1594/989
f 958/1590/982 959/1588/983 967/1591/991 966/1592/990
f 959/1588/983 960/1587/984 968/1691/992 967/1591/991
f 960/1587/984 953/2855/978 961/2854/986 968/1691/992
f 961/1689/986 962/1687/985 970/1605/993 969/1690/994
f 962/1687/985 963/1602/987 971/1603/995 970/1605/993
f 963/1602/987 964/1598/988 972/1599/996 971/1603/995
f 964/1598/988 965/1594/989 973/1596/997 972/1599/996
f 965/1594/989 966/1592/990 974/1595/998 973/1596/997
f 966/1592/990 967/1591/991 975/1694/999 974/1595/998
f 967/1591/991 968/1691/992 976/1692/1000 975/1694/999
f 968/1691/992 961/2854/986 969/2853/994 976/1692/1000
f 969/1690/994 970/1605/993 978/1606/1001 977/1609/1002
f 970/1605/993 971/1603/995 979/1604/1003 978/1606/1001
f 971/1603/995 972/1599/996 980/1601/1004 979/1604/1003
f 972/1599/996 973/1596/997 981/1600/1005 980/1601/1004
f 973/1596/997 974/1595/998 982/1696/1006 981/1600/1005
f 974/1595/998 975/1694/999 983/1695/1007 982/1696/1006
f 975/1694/999 976/1692/1000 984/1693/1008 983/1695/1007
f 976/1692/1000 969/2853/994 977/2852/1002 984/1693/1008
f 977/1609/1002 978/1606/1001 986/1608/1009 985/1610/1010
f 978/1606/1001 979/1604/1003 987/1607/1011 986/1608/1009
f 979/1604/1003 980/1601/1004 988/1702/1012 987/1607/1011
f 980/1601/1004 981/1600/1005 989/1699/1013 988/1702/1012
f 981/1600/1005 982/1696/1006 990/1698/1014 989/1699/1013
f 982/1696/1006 983/1695/1007 991/1697/1015 990/1698/1014
f 983/1695/1007 984/1693/1008 992/1613/1016 991/1697/1015
f 984/1693/1008 977/2852/1002 985/2851/1010 992/1613/1016
f 985/1610/1010 986/1608/1009 994/1611/1017 993/1612/1018
f 986/1608/1009 987/1607/1011 995/1705/1019 994/1611/1017
f 987/1607/1011 988/1702/1012 996/1703/1020 995/1705/1019
f 988/1702/1012 989/1699/1013 997/1701/1021 996/1703/1020
f 989/1699/1013 990/1698/1014 998/1700/1022 997/1701/1021
f 990/1698/1014 991/1697/1015 999/1617/1023 998/1700/1022
f 991/1697/1015 992/1613/1016 1000/1614/1024 999/1617/1023
f 992/1613/1016 985/2851/1010 993/2850/1018 1000/1614/1024
f 993/1612/1018 994/1611/1017 1002/1708/1025 1001/1615/1026
f 994/1611/1017 995/1705/1019 1003/1706/1027 1002/1708/1025
f 995/1705/1019 996/1703/1020 1004/1704/1028 1003/1706/1027
f 996/1703/1020 997/1701/1021 1005/1625/1029 1004/1704/1028
f 997/1701/1021 998/1700/1022 1006/1621/1030 1005/1625/1029
f 998/1700/1022 999/1617/1023 1007/1618/1031 1006/1621/1030
f 999/1617/1023 1000/1614/1024 1008/1616/1032 1007/1618/1031
f 1000/1614/1024 993/2850/1018 1001/2849/1026 1008/1616/1032
f 1001/1615/1026 1002/1708/1025 1010/1709/1033 1009/1711/1034
f 1002/1708/1025 1003/1706/1027 1011/1707/1035 1010/1709/1033
f 1003/1706/1027 1004/1704/1028 1012/1630/1036 1011/1707/1035
f 1004/1704/1028 1005/1625/1029 1013/1626/1037 1012/1630/1036
f 1005/1625/1029 1006/1621/1030 1014/1622/1038 1013/1626/1037
f 1006/1621/1030 1007/1618/1031 1015/1620/1039 1014/1622/1038
f 1007/1618/1031 1008/1616/1032 1016/1619/1040 1015/1620/1039
f 1008/1616/1032 1001/2849/1026 1009/2848/1034 1016/1619/1040
f 1009/1711/1034 1010/1709/1033 1018/1710/1041 1017/1712/1042
f 1010/1709/1033 1011/1707/1035 1019/1633/1043 1018/1710/1041
f 1011/1707/1035 1012/1630/1036 1020/1631/1044 1019/1633/1043
f 1012/1630/1036 1013/1626/1037 1021/1627/1045 1020/1631/1044
f 1013/1626/1037 1014/1622/1038 1022/1624/1046 1021/1627/1045
f 1014/1622/1038 1015/1620/1039 1023/1623/1047 1022/1624/1046
f 1015/1620/1039 1016/1619/1040 1024/1714/1048 1023/1623/1047
f 1016/1619/1040 1009/2848/1034 1017/2847/1042 1024/1714/1048
f 1017/1712/1042 1018/1710/1041 1026/1637/1049 1025/1713/1050
f 1018/1710/1041 1019/1633/1043 1027/1634/1051 1026/1637/1049
f 1019/1633/1043 1020/1631/1044 1028/1632/1052 1027/1634/1051
f 1020/1631/1044 1021/1627/1045 1029/1629/1053 1028/1632/1052
f 1021/1627/1045 1022/1624/1046 1030/1628/1054 1029/1629/1053
f 1022/1624/1046 1023/1623/1047 1031/1716/1055 1030/1628/1054
f 1023/1623/1047 1024/1714/1048 1032/1715/1056 1031/1716/1055
f 1024/1714/1048 1017/2847/1042 1025/2846/1050 1032/1715/1056
f 1025/1713/1050 1026/1637/1049 1034/1638/1057 1033/1641/1058
f 1026/1637/1049 1027/1634/1051 1035/1636/1059 1034/1638/1057
f 1027/1634/1051 1028/1632/1052 1036/1635/1060 1035/1636/1059
f 1028/1632/1052 1029/1629/1053 1037/1722/1061 1036/1635/1060
f 1029/1629/1053 1030/1628/1054 1038/1719/1062 1037/1722/1061
f 1030/1628/1054 1031/1716/1055 1039/1718/1063 1038/1719/1062
f 1031/1716/1055 1032/1715/1056 1040/1717/1064 1039/1718/1063
f 1032/1715/1056 1025/2846/1050 1033/2845/1058 1040/1717/1064
f 1033/1641/1058 1034/1638/1057 1042/1640/1065 1041/1642/1066
f 1034/1638/1057 1035/1636/1059 1043/1639/1067 1042/1640/1065
f 1035/1636/1059 1036/1635/1060 1044/1726/1068 1043/1639/1067
f 1036/1635/1060 1037/1722/1061 1045/1723/1069 1044/1726/1068
f 1037/1722/1061 1038/1719/1062 1046/1721/1070 1045/1723/1069
f 1038/1719/1062 1039/1718/1063 1047/1720/1071 1046/1721/1070
f 1039/1718/1063 1040/1717/1064 1048/1645/1072 1047/1720/1071
f 1040/1717/1064 1033/2845/1058 1041/2844/1066 1048/1645/1072
s 8
f 1041/1642/1073 1042/1640/1074 1050/1643/1075 1049/1644/1076
f 1042/1640/1074 1043/1639/1077 1051/2637/1078 1050/1643/1075
f 1043/1639/1077 1044/1726/1079 1052/1727/1080 1051/2637/1078
f 1044/1726/1079 1045/1723/1081 1053/1725/1082 1052/1727/1080
f 1045/1723/1081 1046/1721/1083 1054/1724/1084 1053/1725/1082
f 1046/1721/1083 1047/1720/1085 1055/2636/1086 1054/1724/1084
f 1047/1720/1085 1048/1645/1087 1056/1646/1088 1055/2636/1086
f 1048/1645/1087 1041/2844/1073 1049/2843/1076 1056/1646/1088
s 9
f 1057/1801/1089 1058/1812/1090 1066/1741/1091 1065/1802/1092
f 1058/1812/1090 1059/1728/1093 1067/2842/1094 1066/1741/1091
f 1059/2649/1093 1060/1729/1095 1068/1730/1096 1067/1731/1094
f 1060/1729/1095 1061/1734/1097 1069/1735/1098 1068/1730/1096
f 1061/1734/1097 1062/1748/1099 1070/1808/1100 1069/1735/1098
f 1062/1748/1099 1063/1795/1101 1071/1798/1102 1070/1808/1100
f 1063/1795/1101 1064/1796/1103 1072/1797/1104 1071/1798/1102
f 1064/1796/1103 1057/1801/1089 1065/1802/1092 1072/1797/1104
f 1065/1802/1092 1066/1741/1091 1074/1742/1105 1073/1755/1106
f 1066/1741/1091 1067/2842/1094 1075/2841/1107 1074/1742/1105
f 1067/1731/1094 1068/1730/1096 1076/1736/1108 1075/1737/1107
f 1068/1730/1096 1069/1735/1098 1077/1817/1109 1076/1736/1108
f 1069/1735/1098 1070/1808/1100 1078/1809/1110 1077/1817/1109
f 1070/1808/1100 1071/1798/1102 1079/1804/1111 1078/1809/1110
f 1071/1798/1102 1072/1797/1104 1080/1803/1112 1079/1804/1111
f 1072/1797/1104 1065/1802/1092 1073/1755/1106 1080/1803/1112
f 1073/1755/1106 1074/1742/1105 1082/1751/1113 1081/1756/1114
f 1074/1742/1105 1075/2841/1107 1083/2840/1115 1082/1751/1113
f 1075/1737/1107 1076/1736/1108 1084/1824/1116 1083/1750/1115
f 1076/1736/1108 1077/1817/1109 1085/1818/1117 1084/1824/1116
f 1077/1817/1109 1078/1809/1110 1086/1814/1118 1085/1818/1117
f 1078/1809/1110 1079/1804/1111 1087/1813/1119 1086/1814/1118
f 1079/1804/1111 1080/1803/1112 1088/1765/1120 1087/1813/1119
f 1080/1803/1112 1073/1755/1106 1081/1756/1114 1088/1765/1120
f 1081/1756/1114 1082/1751/1113 1090/1754/1121 1089/1761/1122
f 1082/1751/1113 1083/2840/1115 1091/2839/1123 1090/1754/1121
f 1083/1750/1115 1084/1824/1116 1092/1825/1124 1091/1753/1123
f 1084/1824/1116 1085/1818/1117 1093/1821/1125 1092/1825/1124
f 1085/1818/1117 1086/1814/1118 1094/1816/1126 1093/1821/1125
f 1086/1814/1118 1087/1813/1119 1095/1771/1127 1094/1816/1126
f 1087/1813/1119 1088/1765/1120 1096/1766/1128 1095/1771/1127
f 1088/1765/1120 1081/1756/1114 1089/1761/1122 1096/1766/1128
f 1089/1761/1122 1090/1754/1121 1098/1763/1129 1097/1764/1130
f 1090/1754/1121 1091/2839/1123 1099/2838/1131 1098/1763/1129
f 1091/1753/1123 1092/1825/1124 1100/1828/1132 1099/1830/1131
f 1092/1825/1124 1093/1821/1125 1101/1823/1133 1100/1828/1132
f 1093/1821/1125 1094/1816/1126 1102/1779/1134 1101/1823/1133
f 1094/1816/1126 1095/1771/1127 1103/1772/1135 1102/1779/1134
f 1095/1771/1127 1096/1766/1128 1104/1769/1136 1103/1772/1135
f 1096/1766/1128 1089/1761/1122 1097/1764/1130 1104/1769/1136
f 1097/1764/1130 1098/1763/1129 1106/1833/1137 1105/1835/1138
f 1098/1763/1129 1099/2838/1131 1107/2837/1139 1106/1833/1137
f 1099/1830/1131 1100/1828/1132 1108/1790/1140 1107/1832/1139
f 1100/1828/1132 1101/1823/1133 1109/1787/1141 1108/1790/1140
f 1101/1823/1133 1102/1779/1134 1110/1780/1142 1109/1787/1141
f 1102/1779/1134 1103/1772/1135 1111/1777/1143 1110/1780/1142
f 1103/1772/1135 1104/1769/1136 1112/1776/1144 1111/1777/1143
f 1104/1769/1136 1097/1764/1130 1105/1835/1138 1112/1776/1144
f 1105/1835/1138 1106/1833/1137 1114/1834/1145 1113/120/1146
f 1106/1833/1137 1107/2837/1139 1115/2836/1147 1114/1834/1145
f 1107/1832/1139 1108/1790/1140 1116/98/1148 1115/97/1147
f 1108/1790/1140 1109/1787/1141 1117/101/1149 1116/98/1148
f 1109/1787/1141 1110/1780/1142 1118/1785/1150 1117/101/1149
f 1110/1780/1142 1111/1777/1143 1119/116/1151 1118/1785/1150
f 1111/1777/1143 1112/1776/1144 1120/117/1152 1119/116/1151
f 1112/1776/1144 1105/1835/1138 1113/120/1146 1120/117/1152
f 1113/120/1146 1114/1834/1145 1122/108/1153 1121/121/1154
f 1114/1834/1145 1115/2836/1147 1123/2835/1155 1122/108/1153
f 1115/97/1147 1116/98/1148 1124/99/1156 1123/100/1155
f 1116/98/1148 1117/101/1149 1125/102/1157 1124/99/1156
f 1117/101/1149 1118/1785/1150 1126/126/1158 1125/102/1157
f 1118/1785/1150 1119/116/1151 1127/119/1159 1126/126/1158
f 1119/116/1151 1120/117/1152 1128/118/1160 1127/119/1159
f 1120/117/1152 1113/120/1146 1121/121/1154 1128/118/1160
f 1121/121/1154 1122/108/1153 1130/109/1161 1129/113/1162
f 1122/108/1153 1123/2835/1155 1131/2834/1163 1130/109/1161
f 1123/100/1155 1124/99/1156 1132/103/1164 1131/104/1163
f 1124/99/1156 1125/102/1157 1133/105/1165 1132/103/1164
f 1125/102/1157 1126/126/1158 1134/127/1166 1133/105/1165
f 1126/126/1158 1127/119/1159 1135/123/1167 1134/127/1166
f 1127/119/1159 1128/118/1160 1136/122/1168 1135/123/1167
f 1128/118/1160 1121/121/1154 1129/113/1162 1136/122/1168
f 1129/113/1162 1130/109/1161 1138/110/1169 1137/114/1170
f 1130/109/1161 1131/2834/1163 1139/2833/1171 1138/110/1169
f 1131/104/1163 1132/103/1164 1140/106/1172 1139/107/1171
f 1132/103/1164 1133/105/1165 1141/131/1173 1140/106/1172
f 1133/105/1165 1134/127/1166 1142/128/1174 1141/131/1173
f 1134/127/1166 1135/123/1167 1143/125/1175 1142/128/1174
f 1135/123/1167 1136/122/1168 1144/124/1176 1143/125/1175
f 1136/122/1168 1129/113/1162 1137/114/1170 1144/124/1176
f 1137/114/1170 1138/110/1169 1146/112/1177 1145/115/1178
f 1138/110/1169 1139/2833/1171 1147/2832/1179 1146/112/1177
f 1139/107/1171 1140/106/1172 1148/1836/1180 1147/111/1179
f 1140/106/1172 1141/131/1173 1149/132/1181 1148/1836/1180
f 1141/131/1173 1142/128/1174 1150/130/1182 1149/132/1181
f 1142/128/1174 1143/125/1175 1151/129/1183 1150/130/1182
f 1143/125/1175 1144/124/1176 1152/1861/1184 1151/129/1183
f 1144/124/1176 1137/114/1170 1145/115/1178 1152/1861/1184
f 1145/115/1178 1146/112/1177 1154/1839/1185 1153/1842/1186
f 1146/112/1177 1147/2832/1179 1155/2831/1187 1154/1839/1185
f 1147/111/1179 1148/1836/1180 1156/1837/1188 1155/1838/1187
f 1148/1836/1180 1149/132/1181 1157/1865/1189 1156/1837/1188
f 1149/132/1181 1150/130/1182 1158/1863/1190 1157/1865/1189
f 1150/130/1182 1151/129/1183 1159/1862/1191 1158/1863/1190
f 1151/129/1183 1152/1861/1184 1160/1846/1192 1159/1862/1191
f 1152/1861/1184 1145/115/1178 1153/1842/1186 1160/1846/1192
f 1153/1842/1186 1154/1839/1185 1162/1841/1193 1161/1843/1194
f 1154/1839/1185 1155/2831/1187 1163/2830/1195 1162/1841/1193
f 1155/1838/1187 1156/1837/1188 1164/1868/1196 1163/1840/1195
f 1156/1837/1188 1157/1865/1189 1165/1866/1197 1164/1868/1196
f 1157/1865/1189 1158/1863/1190 1166/1864/1198 1165/1866/1197
f 1158/1863/1190 1159/1862/1191 1167/1849/1199 1166/1864/1198
f 1159/1862/1191 1160/1846/1192 1168/1847/1200 1167/1849/1199
f 1160/1846/1192 1153/1842/1186 1161/1843/1194 1168/1847/1200
f 1161/1843/1194 1162/1841/1193 1170/1844/1201 1169/1845/1202
f 1162/1841/1193 1163/2830/1195 1171/2829/1203 1170/1844/1201
f 1163/1840/1195 1164/1868/1196 1172/1869/1204 1171/1870/1203
f 1164/1868/1196 1165/1866/1197 1173/1867/1205 1172/1869/1204
f 1165/1866/1197 1166/1864/1198 1174/1853/1206 1173/1867/1205
f 1166/1864/1198 1167/1849/1199 1175/1850/1207 1174/1853/1206
f 1167/1849/1199 1168/1847/1200 1176/1848/1208 1175/1850/1207
f 1168/1847/1200 1161/1843/1194 1169/1845/1202 1176/1848/1208
f 1169/1845/1202 1170/1844/1201 1178/1873/1209 1177/1876/1210
f 1170/1844/1201 1171/2829/1203 1179/2828/1211 1178/1873/1209
f 1171/1870/1203 1172/1869/1204 1180/1871/1212 1179/1872/1211
f 1172/1869/1204 1173/1867/1205 1181/1857/1213 1180/1871/1212
f 1173/1867/1205 1174/1853/1206 1182/1854/1214 1181/1857/1213
f 1174/1853/1206 1175/1850/1207 1183/1852/1215 1182/1854/1214
f 1175/1850/1207 1176/1848/1208 1184/1851/1216 1183/1852/1215
f 1176/1848/1208 1169/1845/1202 1177/1876/1210 1184/1851/1216
f 1177/1876/1210 1178/1873/1209 1186/1875/1217 1185/1877/1218
f 1178/1873/1209 1179/2828/1211 1187/2827/1219 1186/1875/1217
f 1179/1872/1211 1180/1871/1212 1188/1860/1220 1187/1874/1219
f 1180/1871/1212 1181/1857/1213 1189/1858/1221 1188/1860/1220
f 1181/1857/1213 1182/1854/1214 1190/1856/1222 1189/1858/1221
f 1182/1854/1214 1183/1852/1215 1191/1855/1223 1190/1856/1222
f 1183/1852/1215 1184/1851/1216 1192/1879/1224 1191/1855/1223
f 1184/1851/1216 1177/1876/1210 1185/1877/1218 1192/1879/1224
f 1185/1877/1218 1186/1875/1217 1194/1878/1225 1193/163/1226
f 1186/1875/1217 1187/2827/1219 1195/2826/1227 1194/1878/1225
f 1187/1874/1219 1188/1860/1220 1196/138/1228 1195/137/1227
f 1188/1860/1220 1189/1858/1221 1197/145/1229 1196/138/1228
f 1189/1858/1221 1190/1856/1222 1198/1859/1230 1197/145/1229
f 1190/1856/1222 1191/1855/1223 1199/155/1231 1198/1859/1230
f 1191/1855/1223 1192/1879/1224 1200/156/1232 1199/155/1231
f 1192/1879/1224 1185/1877/1218 1193/163/1226 1200/156/1232
f 1193/163/1226 1194/1878/1225 1202/143/1233 1201/157/1234
f 1194/1878/1225 1195/2826/1227 1203/2825/1235 1202/143/1233
f 1195/137/1227 1196/138/1228 1204/134/1236 1203/133/1235
f 1196/138/1228 1197/145/1229 1205/139/1237 1204/134/1236
f 1197/145/1229 1198/1859/1230 1206/161/1238 1205/139/1237
f 1198/1859/1230 1199/155/1231 1207/151/1239 1206/161/1238
f 1199/155/1231 1200/156/1232 1208/152/1240 1207/151/1239
f 1200/156/1232 1193/163/1226 1201/157/1234 1208/152/1240
f 1201/157/1234 1202/143/1233 1210/144/1241 1209/158/1242
f 1202/143/1233 1203/2825/1235 1211/2824/1243 1210/144/1241
f 1203/133/1235 1204/134/1236 1212/135/1244 1211/136/1243
f 1204/134/1236 1205/139/1237 1213/140/1245 1212/135/1244
f 1205/139/1237 1206/161/1238 1214/162/1246 1213/140/1245
f 1206/161/1238 1207/151/1239 1215/154/1247 1214/162/1246
f 1207/151/1239 1208/152/1240 1216/153/1248 1215/154/1247
f 1208/152/1240 1201/157/1234 1209/158/1242 1216/153/1248
f 1209/158/1242 1210/144/1241 1218/146/1249 1217/149/1250
f 1210/144/1241 1211/2824/1243 1219/2823/1251 1218/146/1249
f 1211/136/1243 1212/135/1244 1220/141/1252 1219/142/1251
f 1212/135/1244 1213/140/1245 1221/167/1253 1220/141/1252
f 1213/140/1245 1214/162/1246 1222/164/1254 1221/167/1253
f 1214/162/1246 1215/154/1247 1223/160/1255 1222/164/1254
f 1215/154/1247 1216/153/1248 1224/159/1256 1223/160/1255
f 1216/153/1248 1209/158/1242 1217/149/1250 1224/159/1256
f 1217/149/1250 1218/146/1249 1226/148/1257 1225/150/1258
f 1218/146/1249 1219/2823/1251 1227/2822/1259 1226/148/1257
f 1219/142/1251 1220/141/1252 1228/1930/1260 1227/147/1259
f 1220/141/1252 1221/167/1253 1229/168/1261 1228/1930/1260
f 1221/167/1253 1222/164/1254 1230/166/1262 1229/168/1261
f 1222/164/1254 1223/160/1255 1231/165/1263 1230/166/1262
f 1223/160/1255 1224/159/1256 1232/1880/1264 1231/165/1263
f 1224/159/1256 1217/149/1250 1225/150/1258 1232/1880/1264
f 1225/150/1258 1226/148/1257 1234/1933/1265 1233/1936/1266
f 1226/148/1257 1227/2822/1259 1235/2821/1267 1234/1933/1265
f 1227/147/1259 1228/1930/1260 1236/1931/1268 1235/1932/1267
f 1228/1930/1260 1229/168/1261 1237/170/1269 1236/1931/1268
f 1229/168/1261 1230/166/1262 1238/169/1270 1237/170/1269
f 1230/166/1262 1231/165/1263 1239/1882/1271 1238/169/1270
f 1231/165/1263 1232/1880/1264 1240/1881/1272 1239/1882/1271
f 1232/1880/1264 1225/150/1258 1233/1936/1266 1240/1881/1272
f 1233/1936/1266 1234/1933/1265 1242/1935/1273 1241/1937/1274
f 1234/1933/1265 1235/2821/1267 1243/2820/1275 1242/1935/1273
f 1235/1932/1267 1236/1931/1268 1244/1888/1276 1243/1934/1275
f 1236/1931/1268 1237/170/1269 1245/1885/1277 1244/1888/1276
f 1237/170/1269 1238/169/1270 1246/1884/1278 1245/1885/1277
f 1238/169/1270 1239/1882/1271 1247/1883/1279 1246/1884/1278
f 1239/1882/1271 1240/1881/1272 1248/1939/1280 1247/1883/1279
f 1240/1881/1272 1233/1936/1266 1241/1937/1274 1248/1939/1280
f 1241/1937/1274 1242/1935/1273 1250/1896/1281 1249/1938/1282
f 1242/1935/1273 1243/2820/1275 1251/2819/1283 1250/1896/1281
f 1243/1934/1275 1244/1888/1276 1252/1889/1284 1251/1892/1283
f 1244/1888/1276 1245/1885/1277 1253/1887/1285 1252/1889/1284
f 1245/1885/1277 1246/1884/1278 1254/1886/1286 1253/1887/1285
f 1246/1884/1278 1247/1883/1279 1255/1942/1287 1254/1886/1286
f 1247/1883/1279 1248/1939/1280 1256/1940/1288 1255/1942/1287
f 1248/1939/1280 1241/1937/1274 1249/1938/1282 1256/1940/1288
f 1249/1938/1282 1250/1896/1281 1258/1897/1289 1257/1899/1290
f 1250/1896/1281 1251/2819/1283 1259/2818/1291 1258/1897/1289
f 1251/1892/1283 1252/1889/1284 1260/1891/1292 1259/1893/1291
f 1252/1889/1284 1253/1887/1285 1261/1890/1293 1260/1891/1292
f 1253/1887/1285 1254/1886/1286 1262/1945/1294 1261/1890/1293
f 1254/1886/1286 1255/1942/1287 1263/1943/1295 1262/1945/1294
f 1255/1942/1287 1256/1940/1288 1264/1941/1296 1263/1943/1295
f 1256/1940/1288 1249/1938/1282 1257/1899/1290 1264/1941/1296
f 1257/1899/1290 1258/1897/1289 1266/1898/1297 1265/1900/1298
f 1258/1897/1289 1259/2818/1291 1267/2817/1299 1266/1898/1297
f 1259/1893/1291 1260/1891/1292 1268/1894/1300 1267/1895/1299
f 1260/1891/1292 1261/1890/1293 1269/1947/1301 1268/1894/1300
f 1261/1890/1293 1262/1945/1294 1270/1946/1302 1269/1947/1301
f 1262/1945/1294 1263/1943/1295 1271/1944/1303 1270/1946/1302
f 1263/1943/1295 1264/1941/1296 1272/1903/1304 1271/1944/1303
f 1264/1941/1296 1257/1899/1290 1265/1900/1298 1272/1903/1304
f 1265/1900/1298 1266/1898/1297 1274/1901/1305 1273/1902/1306
f 1266/1898/1297 1267/2817/1299 1275/2816/1307 1274/1901/1305
f 1267/1895/1299 1268/1894/1300 1276/1950/1308 1275/1952/1307
f 1268/1894/1300 1269/1947/1301 1277/1949/1309 1276/1950/1308
f 1269/1947/1301 1270/1946/1302 1278/1948/1310 1277/1949/1309
f 1270/1946/1302 1271/1944/1303 1279/1907/1311 1278/1948/1310
f 1271/1944/1303 1272/1903/1304 1280/1904/1312 1279/1907/1311
f 1272/1903/1304 1265/1900/1298 1273/1902/1306 1280/1904/1312
f 1273/1902/1306 1274/1901/1305 1282/1955/1313 1281/1905/1314
f 1274/1901/1305 1275/2816/1307 1283/2815/1315 1282/1955/1313
f 1275/1952/1307 1276/1950/1308 1284/1951/1316 1283/1953/1315
f 1276/1950/1308 1277/1949/1309 1285/1915/1317 1284/1951/1316
f 1277/1949/1309 1278/1948/1310 1286/1911/1318 1285/1915/1317
f 1278/1948/1310 1279/1907/1311 1287/1908/1319 1286/1911/1318
f 1279/1907/1311 1280/1904/1312 1288/1906/1320 1287/1908/1319
f 1280/1904/1312 1273/1902/1306 1281/1905/1314 1288/1906/1320
f 1281/1905/1314 1282/1955/1313 1290/1956/1321 1289/1958/1322
f 1282/1955/1313 1283/2815/1315 1291/2814/1323 1290/1956/1321
f 1283/1953/1315 1284/1951/1316 1292/1920/1324 1291/1954/1323
f 1284/1951/1316 1285/1915/1317 1293/1916/1325 1292/1920/1324
f 1285/1915/1317 1286/1911/1318 1294/1912/1326 1293/1916/1325
f 1286/1911/1318 1287/1908/1319 1295/1910/1327 1294/1912/1326
f 1287/1908/1319 1288/1906/1320 1296/1909/1328 1295/1910/1327
f 1288/1906/1320 1281/1905/1314 1289/1958/1322 1296/1909/1328
f 1289/1958/1322 1290/1956/1321 1298/1957/1329 1297/1959/1330
f 1290/1956/1321 1291/2814/1323 1299/2813/1331 1298/1957/1329
f 1291/1954/1323 1292/1920/1324 1300/1921/1332 1299/1925/1331
f 1292/1920/1324 1293/1916/1325 1301/1917/1333 1300/1921/1332
f 1293/1916/1325 1294/1912/1326 1302/1914/1334 1301/1917/1333
f 1294/1912/1326 1295/1910/1327 1303/1913/1335 1302/1914/1334
f 1295/1910/1327 1296/1909/1328 1304/1961/1336 1303/1913/1335
f 1296/1909/1328 1289/1958/1322 1297/1959/1330 1304/1961/1336
f 1297/1959/1330 1298/1957/1329 1306/1928/1337 1305/1960/1338
f 1298/1957/1329 1299/2813/1331 1307/2811/1339 1306/1928/1337
f 1299/1925/1331 1300/1921/1332 1308/1922/1340 1307/1926/1339
f 1300/1921/1332 1301/1917/1333 1309/1919/1341 1308/1922/1340
f 1301/1917/1333 1302/1914/1334 1310/1918/1342 1309/1919/1341
f 1302/1914/1334 1303/1913/1335 1311/1965/1343 1310/1918/1342
f 1303/1913/1335 1304/1961/1336 1312/1962/1344 1311/1965/1343
f 1304/1961/1336 1297/1959/1330 1305/1960/1338 1312/1962/1344
s 10
f 1305/1960/1345 1306/1928/1346 1314/1929/1347 1313/1963/1348
f 1306/1928/1346 1307/2811/1349 1315/2812/1350 1314/1929/1347
f 1307/1926/1349 1308/1922/1351 1316/1924/1352 1315/1927/1350
f 1308/1922/1351 1309/1919/1353 1317/1923/1354 1316/1924/1352
f 1309/1919/1353 1310/1918/1355 1318/1967/1356 1317/1923/1354
f 1310/1918/1355 1311/1965/1357 1319/1966/1358 1318/1967/1356
f 1311/1965/1357 1312/1962/1359 1320/1964/1360 1319/1966/1358
f 1312/1962/1359 1305/1960/1345 1313/1963/1348 1320/1964/1360
s 11
f 1321/1507/1361 1329/1508/1362 1330/1503/1363 1322/2648/1364
f 1322/1497/1364 1330/2810/1363 1331/1504/1365 1323/1498/1366
f 1323/1498/1366 1331/1504/1365 1332/1456/1367 1324/1505/1368
f 1324/1505/1368 1332/1456/1367 1333/1448/1369 1325/1447/1370
f 1325/1447/1370 1333/1448/1369 1334/1443/1371 1326/1435/1372
f 1326/1435/1372 1334/1443/1371 1335/1444/1373 1327/1436/1374
f 1327/1436/1374 1335/1444/1373 1336/1514/1375 1328/1445/1376
f 1328/1445/1376 1336/1514/1375 1329/1508/1362 1321/1507/1361
f 1329/1508/1362 1337/1511/1377 1338/1512/1378 1330/1503/1363
f 1330/2810/1363 1338/2809/1378 1339/1464/1379 1331/1504/1365
f 1331/1504/1365 1339/1464/1379 1340/1457/1380 1332/1456/1367
f 1332/1456/1367 1340/1457/1380 1341/1453/1381 1333/1448/1369
f 1333/1448/1369 1341/1453/1381 1342/1454/1382 1334/1443/1371
f 1334/1443/1371 1342/1454/1382 1343/1521/1383 1335/1444/1373
f 1335/1444/1373 1343/1521/1383 1344/1515/1384 1336/1514/1375
f 1336/1514/1375 1344/1515/1384 1337/1511/1377 1329/1508/1362
f 1337/1511/1377 1345/1518/1385 1346/1474/1386 1338/1512/1378
f 1338/2809/1378 1346/2808/1386 1347/1465/1387 1339/1464/1379
f 1339/1464/1379 1347/1465/1387 1348/1460/1388 1340/1457/1380
f 1340/1457/1380 1348/1460/1388 1349/1461/1389 1341/1453/1381
f 1341/1453/1381 1349/1461/1389 1350/1526/1390 1342/1454/1382
f 1342/1454/1382 1350/1526/1390 1351/1522/1391 1343/1521/1383
f 1343/1521/1383 1351/1522/1391 1352/1517/1392 1344/1515/1384
f 1344/1515/1384 1352/1517/1392 1345/1518/1385 1337/1511/1377
f 1345/1518/1385 1353/211/1393 1354/1475/1394 1346/1474/1386
f 1346/2808/1386 1354/2807/1394 1355/1472/1395 1347/1465/1387
f 1347/1465/1387 1355/1472/1395 1356/1466/1396 1348/1460/1388
f 1348/1460/1388 1356/1466/1396 1357/1467/1397 1349/1461/1389
f 1349/1461/1389 1357/1467/1397 1358/1527/1398 1350/1526/1390
f 1350/1526/1390 1358/1527/1398 1359/208/1399 1351/1522/1391
f 1351/1522/1391 1359/208/1399 1360/209/1400 1352/1517/1392
f 1352/1517/1392 1360/209/1400 1353/211/1393 1345/1518/1385
f 1353/211/1393 1361/210/1401 1362/1478/1402 1354/1475/1394
f 1354/2807/1394 1362/2806/1402 1363/185/1403 1355/1472/1395
f 1355/1472/1395 1363/185/1403 1364/186/1404 1356/1466/1396
f 1356/1466/1396 1364/186/1404 1365/1532/1405 1357/1467/1397
f 1357/1467/1397 1365/1532/1405 1366/1529/1406 1358/1527/1398
f 1358/1527/1398 1366/1529/1406 1367/204/1407 1359/208/1399
f 1359/208/1399 1367/204/1407 1368/205/1408 1360/209/1400
f 1360/209/1400 1368/205/1408 1361/210/1401 1353/211/1393
f 1361/210/1401 1369/1484/1409 1370/1481/1410 1362/1478/1402
f 1362/2806/1402 1370/2805/1410 1371/181/1411 1363/185/1403
f 1363/185/1403 1371/181/1411 1372/182/1412 1364/186/1404
f 1364/186/1404 1372/182/1412 1373/1535/1413 1365/1532/1405
f 1365/1532/1405 1373/1535/1413 1374/1533/1414 1366/1529/1406
f 1366/1529/1406 1374/1533/1414 1375/200/1415 1367/204/1407
f 1367/204/1407 1375/200/1415 1376/201/1416 1368/205/1408
f 1368/205/1408 1376/201/1416 1369/1484/1409 1361/210/1401
f 1369/1484/1409 1377/1485/1417 1378/171/1418 1370/1481/1410
f 1370/2805/1410 1378/2804/1418 1379/174/1419 1371/181/1411
f 1371/181/1411 1379/174/1419 1380/178/1420 1372/182/1412
f 1372/182/1412 1380/178/1420 1381/193/1421 1373/1535/1413
f 1373/1535/1413 1381/193/1421 1382/189/1422 1374/1533/1414
f 1374/1533/1414 1382/189/1422 1383/192/1423 1375/200/1415
f 1375/200/1415 1383/192/1423 1384/198/1424 1376/201/1416
f 1376/201/1416 1384/198/1424 1377/1485/1417 1369/1484/1409
f 1377/1485/1417 1385/179/1425 1386/172/1426 1378/171/1418
f 1378/2804/1418 1386/2803/1426 1387/173/1427 1379/174/1419
f 1379/174/1419 1387/173/1427 1388/177/1428 1380/178/1420
f 1380/178/1420 1388/177/1428 1389/194/1429 1381/193/1421
f 1381/193/1421 1389/194/1429 1390/190/1430 1382/189/1422
f 1382/189/1422 1390/190/1430 1391/191/1431 1383/192/1423
f 1383/192/1423 1391/191/1431 1392/197/1432 1384/198/1424
f 1384/198/1424 1392/197/1432 1385/179/1425 1377/1485/1417
f 1385/179/1425 1393/180/1433 1394/175/1434 1386/172/1426
f 1386/2803/1426 1394/2802/1434 1395/176/1435 1387/173/1427
f 1387/173/1427 1395/176/1435 1396/206/1436 1388/177/1428
f 1388/177/1428 1396/206/1436 1397/199/1437 1389/194/1429
f 1389/194/1429 1397/199/1437 1398/195/1438 1390/190/1430
f 1390/190/1430 1398/195/1438 1399/196/1439 1391/191/1431
f 1391/191/1431 1399/196/1439 1400/187/1440 1392/197/1432
f 1392/197/1432 1400/187/1440 1393/180/1433 1385/179/1425
f 1393/180/1433 1401/183/1441 1402/184/1442 1394/175/1434
f 1394/2802/1434 1402/2801/1442 1403/1968/1443 1395/176/1435
f 1395/176/1435 1403/1968/1443 1404/207/1444 1396/206/1436
f 1396/206/1436 1404/207/1444 1405/202/1445 1397/199/1437
f 1397/199/1437 1405/202/1445 1406/203/1446 1398/195/1438
f 1398/195/1438 1406/203/1446 1407/1993/1447 1399/196/1439
f 1399/196/1439 1407/1993/1447 1408/188/1448 1400/187/1440
f 1400/187/1440 1408/188/1448 1401/183/1441 1393/180/1433
f 1401/183/1441 1409/1971/1449 1410/1969/1450 1402/184/1442
f 1402/2801/1442 1410/2800/1450 1411/1970/1451 1403/1968/1443
f 1403/1968/1443 1411/1970/1451 1412/1998/1452 1404/207/1444
f 1404/207/1444 1412/1998/1452 1413/1996/1453 1405/202/1445
f 1405/202/1445 1413/1996/1453 1414/1994/1454 1406/203/1446
f 1406/203/1446 1414/1994/1454 1415/1995/1455 1407/1993/1447
f 1407/1993/1447 1415/1995/1455 1416/1974/1456 1408/188/1448
f 1408/188/1448 1416/1974/1456 1409/1971/1449 1401/183/1441
f 1409/1971/1449 1417/1972/1457 1418/1973/1458 1410/1969/1450
f 1410/2800/1450 1418/2799/1458 1419/2001/1459 1411/1970/1451
f 1411/1970/1451 1419/2001/1459 1420/1999/1460 1412/1998/1452
f 1412/1998/1452 1420/1999/1460 1421/1997/1461 1413/1996/1453
f 1413/1996/1453 1421/1997/1461 1422/1980/1462 1414/1994/1454
f 1414/1994/1454 1422/1980/1462 1423/1978/1463 1415/1995/1455
f 1415/1995/1455 1423/1978/1463 1424/1975/1464 1416/1974/1456
f 1416/1974/1456 1424/1975/1464 1417/1972/1457 1409/1971/1449
f 1417/1972/1457 1425/1977/1465 1426/2003/1466 1418/1973/1458
f 1418/2799/1458 1426/2798/1466 1427/2002/1467 1419/2001/1459
f 1419/2001/1459 1427/2002/1467 1428/2000/1468 1420/1999/1460
f 1420/1999/1460 1428/2000/1468 1429/1985/1469 1421/1997/1461
f 1421/1997/1461 1429/1985/1469 1430/1981/1470 1422/1980/1462
f 1422/1980/1462 1430/1981/1470 1431/1979/1471 1423/1978/1463
f 1423/1978/1463 1431/1979/1471 1432/1976/1472 1424/1975/1464
f 1424/1975/1464 1432/1976/1472 1425/1977/1465 1417/1972/1457
f 1425/1977/1465 1433/2006/1473 1434/2005/1474 1426/2003/1466
f 1426/2798/1466 1434/2797/1474 1435/2004/1475 1427/2002/1467
f 1427/2002/1467 1435/2004/1475 1436/1989/1476 1428/2000/1468
f 1428/2000/1468 1436/1989/1476 1437/1986/1477 1429/1985/1469
f 1429/1985/1469 1437/1986/1477 1438/1984/1478 1430/1981/1470
f 1430/1981/1470 1438/1984/1478 1439/1982/1479 1431/1979/1471
f 1431/1979/1471 1439/1982/1479 1440/1983/1480 1432/1976/1472
f 1432/1976/1472 1440/1983/1480 1433/2006/1473 1425/1977/1465
f 1433/2006/1473 1441/2007/1481 1442/2008/1482 1434/2005/1474
f 1434/2797/1474 1442/2796/1482 1443/1992/1483 1435/2004/1475
f 1435/2004/1475 1443/1992/1483 1444/1990/1484 1436/1989/1476
f 1436/1989/1476 1444/1990/1484 1445/1987/1485 1437/1986/1477
f 1437/1986/1477 1445/1987/1485 1446/1988/1486 1438/1984/1478
f 1438/1984/1478 1446/1988/1486 1447/2012/1487 1439/1982/1479
f 1439/1982/1479 1447/2012/1487 1448/2009/1488 1440/1983/1480
f 1440/1983/1480 1448/2009/1488 1441/2007/1481 1433/2006/1473
f 1441/2007/1481 1449/2011/1489 1450/220/1490 1442/2008/1482
f 1442/2796/1482 1450/2795/1490 1451/221/1491 1443/1992/1483
f 1443/1992/1483 1451/221/1491 1452/224/1492 1444/1990/1484
f 1444/1990/1484 1452/224/1492 1453/1991/1493 1445/1987/1485
f 1445/1987/1485 1453/1991/1493 1454/2016/1494 1446/1988/1486
f 1446/1988/1486 1454/2016/1494 1455/2013/1495 1447/2012/1487
f 1447/2012/1487 1455/2013/1495 1456/2010/1496 1448/2009/1488
f 1448/2009/1488 1456/2010/1496 1449/2011/1489 1441/2007/1481
f 1449/2011/1489 1457/2082/1497 1458/212/1498 1450/220/1490
f 1450/2795/1490 1458/2794/1498 1459/215/1499 1451/221/1491
f 1451/221/1491 1459/215/1499 1460/219/1500 1452/224/1492
f 1452/224/1492 1460/219/1500 1461/2020/1501 1453/1991/1493
f 1453/1991/1493 1461/2020/1501 1462/2017/1502 1454/2016/1494
f 1454/2016/1494 1462/2017/1502 1463/2014/1503 1455/2013/1495
f 1455/2013/1495 1463/2014/1503 1464/2015/1504 1456/2010/1496
f 1456/2010/1496 1464/2015/1504 1457/2082/1497 1449/2011/1489
f 1457/2082/1497 1465/222/1505 1466/213/1506 1458/212/1498
f 1458/2794/1498 1466/2793/1506 1467/214/1507 1459/215/1499
f 1459/215/1499 1467/214/1507 1468/218/1508 1460/219/1500
f 1460/219/1500 1468/218/1508 1469/2021/1509 1461/2020/1501
f 1461/2020/1501 1469/2021/1509 1470/2018/1510 1462/2017/1502
f 1462/2017/1502 1470/2018/1510 1471/2019/1511 1463/2014/1503
f 1463/2014/1503 1471/2019/1511 1472/2083/1512 1464/2015/1504
f 1464/2015/1504 1472/2083/1512 1465/222/1505 1457/2082/1497
f 1465/222/1505 1473/223/1513 1474/216/1514 1466/213/1506
f 1466/2793/1506 1474/2792/1514 1475/217/1515 1467/214/1507
f 1467/214/1507 1475/217/1515 1476/2024/1516 1468/218/1508
f 1468/218/1508 1476/2024/1516 1477/2022/1517 1469/2021/1509
f 1469/2021/1509 1477/2022/1517 1478/2023/1518 1470/2018/1510
f 1470/2018/1510 1478/2023/1518 1479/2084/1519 1471/2019/1511
f 1471/2019/1511 1479/2084/1519 1480/227/1520 1472/2083/1512
f 1472/2083/1512 1480/227/1520 1473/223/1513 1465/222/1505
f 1473/223/1513 1481/225/1521 1482/226/1522 1474/216/1514
f 1474/2792/1514 1482/2791/1522 1483/2027/1523 1475/217/1515
f 1475/217/1515 1483/2027/1523 1484/2025/1524 1476/2024/1516
f 1476/2024/1516 1484/2025/1524 1485/2026/1525 1477/2022/1517
f 1477/2022/1517 1485/2026/1525 1486/2086/1526 1478/2023/1518
f 1478/2023/1518 1486/2086/1526 1487/2085/1527 1479/2084/1519
f 1479/2084/1519 1487/2085/1527 1488/228/1528 1480/227/1520
f 1480/227/1520 1488/228/1528 1481/225/1521 1473/223/1513
f 1481/225/1521 1489/230/1529 1490/2030/1530 1482/226/1522
f 1482/2791/1522 1490/2790/1530 1491/2028/1531 1483/2027/1523
f 1483/2027/1523 1491/2028/1531 1492/2029/1532 1484/2025/1524
f 1484/2025/1524 1492/2029/1532 1493/2089/1533 1485/2026/1525
f 1485/2026/1525 1493/2089/1533 1494/2088/1534 1486/2086/1526
f 1486/2086/1526 1494/2088/1534 1495/2087/1535 1487/2085/1527
f 1487/2085/1527 1495/2087/1535 1496/229/1536 1488/228/1528
f 1488/228/1528 1496/229/1536 1489/230/1529 1481/225/1521
f 1489/230/1529 1497/2033/1537 1498/2031/1538 1490/2030/1530
f 1490/2790/1530 1498/2789/1538 1499/2032/1539 1491/2028/1531
f 1491/2028/1531 1499/2032/1539 1500/2092/1540 1492/2029/1532
f 1492/2029/1532 1500/2092/1540 1501/2091/1541 1493/2089/1533
f 1493/2089/1533 1501/2091/1541 1502/2090/1542 1494/2088/1534
f 1494/2088/1534 1502/2090/1542 1503/2037/1543 1495/2087/1535
f 1495/2087/1535 1503/2037/1543 1504/2034/1544 1496/229/1536
f 1496/229/1536 1504/2034/1544 1497/2033/1537 1489/230/1529
f 1497/2033/1537 1505/2036/1545 1506/2097/1546 1498/2031/1538
f 1498/2789/1538 1506/2788/1546 1507/2095/1547 1499/2032/1539
f 1499/2032/1539 1507/2095/1547 1508/2093/1548 1500/2092/1540
f 1500/2092/1540 1508/2093/1548 1509/2094/1549 1501/2091/1541
f 1501/2091/1541 1509/2094/1549 1510/2041/1550 1502/2090/1542
f 1502/2090/1542 1510/2041/1550 1511/2038/1551 1503/2037/1543
f 1503/2037/1543 1511/2038/1551 1512/2035/1552 1504/2034/1544
f 1504/2034/1544 1512/2035/1552 1505/2036/1545 1497/2033/1537
f 1505/2036/1545 1513/2100/1553 1514/2098/1554 1506/2097/1546
f 1506/2788/1546 1514/2787/1554 1515/2096/1555 1507/2095/1547
f 1507/2095/1547 1515/2096/1555 1516/2047/1556 1508/2093/1548
f 1508/2093/1548 1516/2047/1556 1517/2045/1557 1509/2094/1549
f 1509/2094/1549 1517/2045/1557 1518/2042/1558 1510/2041/1550
f 1510/2041/1550 1518/2042/1558 1519/2039/1559 1511/2038/1551
f 1511/2038/1551 1519/2039/1559 1520/2040/1560 1512/2035/1552
f 1512/2035/1552 1520/2040/1560 1513/2100/1553 1505/2036/1545
f 1513/2100/1553 1521/2101/1561 1522/2099/1562 1514/2098/1554
f 1514/2787/1554 1522/2786/1562 1523/2052/1563 1515/2096/1555
f 1515/2096/1555 1523/2052/1563 1524/2048/1564 1516/2047/1556
f 1516/2047/1556 1524/2048/1564 1525/2046/1565 1517/2045/1557
f 1517/2045/1557 1525/2046/1565 1526/2043/1566 1518/2042/1558
f 1518/2042/1558 1526/2043/1566 1527/2044/1567 1519/2039/1559
f 1519/2039/1559 1527/2044/1567 1528/2102/1568 1520/2040/1560
f 1520/2040/1560 1528/2102/1568 1521/2101/1561 1513/2100/1553
f 1521/2101/1561 1529/2103/1569 1530/2056/1570 1522/2099/1562
f 1522/2786/1562 1530/2785/1570 1531/2053/1571 1523/2052/1563
f 1523/2052/1563 1531/2053/1571 1532/2051/1572 1524/2048/1564
f 1524/2048/1564 1532/2051/1572 1533/2049/1573 1525/2046/1565
f 1525/2046/1565 1533/2049/1573 1534/2050/1574 1526/2043/1566
f 1526/2043/1566 1534/2050/1574 1535/2105/1575 1527/2044/1567
f 1527/2044/1567 1535/2105/1575 1536/2104/1576 1528/2102/1568
f 1528/2102/1568 1536/2104/1576 1529/2103/1569 1521/2101/1561
f 1529/2103/1569 1537/2060/1577 1538/2057/1578 1530/2056/1570
f 1530/2785/1570 1538/2784/1578 1539/2054/1579 1531/2053/1571
f 1531/2053/1571 1539/2054/1579 1540/2055/1580 1532/2051/1572
f 1532/2051/1572 1540/2055/1580 1541/2111/1581 1533/2049/1573
f 1533/2049/1573 1541/2111/1581 1542/2108/1582 1534/2050/1574
f 1534/2050/1574 1542/2108/1582 1543/2106/1583 1535/2105/1575
f 1535/2105/1575 1543/2106/1583 1544/2107/1584 1536/2104/1576
f 1536/2104/1576 1544/2107/1584 1537/2060/1577 1529/2103/1569
f 1537/2060/1577 1545/2061/1585 1546/2058/1586 1538/2057/1578
f 1538/2784/1578 1546/2783/1586 1547/2059/1587 1539/2054/1579
f 1539/2054/1579 1547/2059/1587 1548/2114/1588 1540/2055/1580
f 1540/2055/1580 1548/2114/1588 1549/2112/1589 1541/2111/1581
f 1541/2111/1581 1549/2112/1589 1550/2109/1590 1542/2108/1582
f 1542/2108/1582 1550/2109/1590 1551/2110/1591 1543/2106/1583
f 1543/2106/1583 1551/2110/1591 1552/2064/1592 1544/2107/1584
f 1544/2107/1584 1552/2064/1592 1545/2061/1585 1537/2060/1577
f 1545/2061/1585 1553/2062/1593 1554/2063/1594 1546/2058/1586
f 1546/2783/1586 1554/2782/1594 1555/2117/1595 1547/2059/1587
f 1547/2059/1587 1555/2117/1595 1556/2115/1596 1548/2114/1588
f 1548/2114/1588 1556/2115/1596 1557/2113/1597 1549/2112/1589
f 1549/2112/1589 1557/2113/1597 1558/2070/1598 1550/2109/1590
f 1550/2109/1590 1558/2070/1598 1559/2068/1599 1551/2110/1591
f 1551/2110/1591 1559/2068/1599 1560/2065/1600 1552/2064/1592
f 1552/2064/1592 1560/2065/1600 1553/2062/1593 1545/2061/1585
f 1553/2062/1593 1561/2067/1601 1562/2119/1602 1554/2063/1594
f 1554/2782/1594 1562/2781/1602 1563/2118/1603 1555/2117/1595
f 1555/2117/1595 1563/2118/1603 1564/2116/1604 1556/2115/1596
f 1556/2115/1596 1564/2116/1604 1565/2075/1605 1557/2113/1597
f 1557/2113/1597 1565/2075/1605 1566/2071/1606 1558/2070/1598
f 1558/2070/1598 1566/2071/1606 1567/2069/1607 1559/2068/1599
f 1559/2068/1599 1567/2069/1607 1568/2066/1608 1560/2065/1600
f 1560/2065/1600 1568/2066/1608 1561/2067/1601 1553/2062/1593
f 1561/2067/1601 1569/2122/1609 1570/2121/1610 1562/2119/1602
f 1562/2781/1602 1570/2779/1610 1571/2120/1611 1563/2118/1603
f 1563/2118/1603 1571/2120/1611 1572/2080/1612 1564/2116/1604
f 1564/2116/1604 1572/2080/1612 1573/2076/1613 1565/2075/1605
f 1565/2075/1605 1573/2076/1613 1574/2074/1614 1566/2071/1606
f 1566/2071/1606 1574/2074/1614 1575/2072/1615 1567/2069/1607
f 1567/2069/1607 1575/2072/1615 1576/2073/1616 1568/2066/1608
f 1568/2066/1608 1576/2073/1616 1569/2122/1609 1561/2067/1601
s 12
f 1569/2122/1617 1577/2125/1618 1578/2123/1619 1570/2121/1620
f 1570/2779/1620 1578/2780/1619 1579/2124/1621 1571/2120/1622
f 1571/2120/1622 1579/2124/1621 1580/2081/1623 1572/2080/1624
f 1572/2080/1624 1580/2081/1623 1581/2079/1625 1573/2076/1626
f 1573/2076/1626 1581/2079/1625 1582/2077/1627 1574/2074/1628
f 1574/2074/1628 1582/2077/1627 1583/2078/1629 1575/2072/1630
f 1575/2072/1630 1583/2078/1629 1584/2126/1631 1576/2073/1632
f 1576/2073/1632 1584/2126/1631 1577/2125/1618 1569/2122/1617
s 13
f 1585/1800/1633 1593/1806/1634 1594/1757/1635 1586/1807/1636
f 1586/1807/1636 1594/1757/1635 1595/1744/1637 1587/1743/1638
f 1587/1743/1638 1595/1744/1637 1596/1738/1639 1588/2650/1640
f 1588/1732/1640 1596/2778/1639 1597/1739/1641 1589/1733/1642
f 1589/1733/1642 1597/1739/1641 1598/1747/1643 1590/1740/1644
f 1590/1740/1644 1598/1747/1643 1599/1810/1645 1591/1749/1646
f 1591/1749/1646 1599/1810/1645 1600/1805/1647 1592/1799/1648
f 1592/1799/1648 1600/1805/1647 1593/1806/1634 1585/1800/1633
f 1593/1806/1634 1601/1767/1649 1602/1758/1650 1594/1757/1635
f 1594/1757/1635 1602/1758/1650 1603/1752/1651 1595/1744/1637
f 1595/1744/1637 1603/1752/1651 1604/1745/1652 1596/1738/1639
f 1596/2778/1639 1604/2777/1652 1605/1746/1653 1597/1739/1641
f 1597/1739/1641 1605/1746/1653 1606/1819/1654 1598/1747/1643
f 1598/1747/1643 1606/1819/1654 1607/1815/1655 1599/1810/1645
f 1599/1810/1645 1607/1815/1655 1608/1811/1656 1600/1805/1647
f 1600/1805/1647 1608/1811/1656 1601/1767/1649 1593/1806/1634
f 1601/1767/1649 1609/1768/1657 1610/1762/1658 1602/1758/1650
f 1602/1758/1650 1610/1762/1658 1611/1759/1659 1603/1752/1651
f 1603/1752/1651 1611/1759/1659 1612/1760/1660 1604/1745/1652
f 1604/2777/1652 1612/2776/1660 1613/1826/1661 1605/1746/1653
f 1605/1746/1653 1613/1826/1661 1614/1822/1662 1606/1819/1654
f 1606/1819/1654 1614/1822/1662 1615/1820/1663 1607/1815/1655
f 1607/1815/1655 1615/1820/1663 1616/1773/1664 1608/1811/1656
f 1608/1811/1656 1616/1773/1664 1609/1768/1657 1601/1767/1649
f 1609/1768/1657 1617/1770/1665 1618/248/1666 1610/1762/1658
f 1610/1762/1658 1618/248/1666 1619/249/1667 1611/1759/1659
f 1611/1759/1659 1619/249/1667 1620/250/1668 1612/1760/1660
f 1612/2776/1660 1620/2775/1668 1621/1829/1669 1613/1826/1661
f 1613/1826/1661 1621/1829/1669 1622/1827/1670 1614/1822/1662
f 1614/1822/1662 1622/1827/1670 1623/1781/1671 1615/1820/1663
f 1615/1820/1663 1623/1781/1671 1624/1774/1672 1616/1773/1664
f 1616/1773/1664 1624/1774/1672 1617/1770/1665 1609/1768/1657
f 1617/1770/1665 1625/1775/1673 1626/244/1674 1618/248/1666
f 1618/248/1666 1626/244/1674 1627/245/1675 1619/249/1667
f 1619/249/1667 1627/245/1675 1628/247/1676 1620/250/1668
f 1620/2775/1668 1628/2774/1676 1629/1831/1677 1621/1829/1669
f 1621/1829/1669 1629/1831/1677 1630/1788/1678 1622/1827/1670
f 1622/1827/1670 1630/1788/1678 1631/1782/1679 1623/1781/1671
f 1623/1781/1671 1631/1782/1679 1632/1778/1680 1624/1774/1672
f 1624/1774/1672 1632/1778/1680 1625/1775/1673 1617/1770/1665
f 1625/1775/1673 1633/1784/1681 1634/242/1682 1626/244/1674
f 1626/244/1674 1634/242/1682 1635/243/1683 1627/245/1675
f 1627/245/1675 1635/243/1683 1636/246/1684 1628/247/1676
f 1628/2774/1676 1636/2773/1684 1637/1793/1685 1629/1831/1677
f 1629/1831/1677 1637/1793/1685 1638/1789/1686 1630/1788/1678
f 1630/1788/1678 1638/1789/1686 1639/1786/1687 1631/1782/1679
f 1631/1782/1679 1639/1786/1687 1640/1783/1688 1632/1778/1680
f 1632/1778/1680 1640/1783/1688 1633/1784/1681 1625/1775/1673
f 1633/1784/1681 1641/231/1689 1642/234/1690 1634/242/1682
f 1634/242/1682 1642/234/1690 1643/240/1691 1635/243/1683
f 1635/243/1683 1643/240/1691 1644/2133/1692 1636/246/1684
f 1636/2773/1684 1644/2772/1692 1645/1794/1693 1637/1793/1685
f 1637/1793/1685 1645/1794/1693 1646/1791/1694 1638/1789/1686
f 1638/1789/1686 1646/1791/1694 1647/1792/1695 1639/1786/1687
f 1639/1786/1687 1647/1792/1695 1648/235/1696 1640/1783/1688
f 1640/1783/1688 1648/235/1696 1641/231/1689 1633/1784/1681
f 1641/231/1689 1649/232/1697 1650/233/1698 1642/234/1690
f 1642/234/1690 1650/233/1698 1651/239/1699 1643/240/1691
f 1643/240/1691 1651/239/1699 1652/2131/1700 1644/2133/1692
f 1644/2772/1692 1652/2771/1700 1653/2137/1701 1645/1794/1693
f 1645/1794/1693 1653/2137/1701 1654/2238/1702 1646/1791/1694
f 1646/1791/1694 1654/2238/1702 1655/2241/1703 1647/1792/1695
f 1647/1792/1695 1655/2241/1703 1656/236/1704 1648/235/1696
f 1648/235/1696 1656/236/1704 1649/232/1697 1641/231/1689
f 1649/232/1697 1657/237/1705 1658/238/1706 1650/233/1698
f 1650/233/1698 1658/238/1706 1659/2127/1707 1651/239/1699
f 1651/239/1699 1659/2127/1707 1660/2130/1708 1652/2131/1700
f 1652/2771/1700 1660/2770/1708 1661/2243/1709 1653/2137/1701
f 1653/2137/1701 1661/2243/1709 1662/2239/1710 1654/2238/1702
f 1654/2238/1702 1662/2239/1710 1663/2240/1711 1655/2241/1703
f 1655/2241/1703 1663/2240/1711 1664/241/1712 1656/236/1704
f 1656/236/1704 1664/241/1712 1657/237/1705 1649/232/1697
f 1657/237/1705 1665/2132/1713 1666/2128/1714 1658/238/1706
f 1658/238/1706 1666/2128/1714 1667/2129/1715 1659/2127/1707
f 1659/2127/1707 1667/2129/1715 1668/2245/1716 1660/2130/1708
f 1660/2770/1708 1668/2769/1716 1669/2244/1717 1661/2243/1709
f 1661/2243/1709 1669/2244/1717 1670/2242/1718 1662/2239/1710
f 1662/2239/1710 1670/2242/1718 1671/2139/1719 1663/2240/1711
f 1663/2240/1711 1671/2139/1719 1672/2134/1720 1664/241/1712
f 1664/241/1712 1672/2134/1720 1665/2132/1713 1657/237/1705
f 1665/2132/1713 1673/2135/1721 1674/2136/1722 1666/2128/1714
f 1666/2128/1714 1674/2136/1722 1675/2248/1723 1667/2129/1715
f 1667/2129/1715 1675/2248/1723 1676/2247/1724 1668/2245/1716
f 1668/2769/1716 1676/2768/1724 1677/2246/1725 1669/2244/1717
f 1669/2244/1717 1677/2246/1725 1678/2143/1726 1670/2242/1718
f 1670/2242/1718 1678/2143/1726 1679/2140/1727 1671/2139/1719
f 1671/2139/1719 1679/2140/1727 1680/2138/1728 1672/2134/1720
f 1672/2134/1720 1680/2138/1728 1673/2135/1721 1665/2132/1713
f 1673/2135/1721 1681/2253/1729 1682/2251/1730 1674/2136/1722
f 1674/2136/1722 1682/2251/1730 1683/2249/1731 1675/2248/1723
f 1675/2248/1723 1683/2249/1731 1684/2250/1732 1676/2247/1724
f 1676/2768/1724 1684/2767/1732 1685/2147/1733 1677/2246/1725
f 1677/2246/1725 1685/2147/1733 1686/2144/1734 1678/2143/1726
f 1678/2143/1726 1686/2144/1734 1687/2141/1735 1679/2140/1727
f 1679/2140/1727 1687/2141/1735 1688/2142/1736 1680/2138/1728
f 1680/2138/1728 1688/2142/1736 1681/2253/1729 1673/2135/1721
f 1681/2253/1729 1689/2254/1737 1690/2252/1738 1682/2251/1730
f 1682/2251/1730 1690/2252/1738 1691/2153/1739 1683/2249/1731
f 1683/2249/1731 1691/2153/1739 1692/2151/1740 1684/2250/1732
f 1684/2767/1732 1692/2766/1740 1693/2148/1741 1685/2147/1733
f 1685/2147/1733 1693/2148/1741 1694/2145/1742 1686/2144/1734
f 1686/2144/1734 1694/2145/1742 1695/2146/1743 1687/2141/1735
f 1687/2141/1735 1695/2146/1743 1696/2256/1744 1688/2142/1736
f 1688/2142/1736 1696/2256/1744 1689/2254/1737 1681/2253/1729
f 1689/2254/1737 1697/2255/1745 1698/2158/1746 1690/2252/1738
f 1690/2252/1738 1698/2158/1746 1699/2154/1747 1691/2153/1739
f 1691/2153/1739 1699/2154/1747 1700/2152/1748 1692/2151/1740
f 1692/2766/1740 1700/2765/1748 1701/2149/1749 1693/2148/1741
f 1693/2148/1741 1701/2149/1749 1702/2150/1750 1694/2145/1742
f 1694/2145/1742 1702/2150/1750 1703/2258/1751 1695/2146/1743
f 1695/2146/1743 1703/2258/1751 1704/2257/1752 1696/2256/1744
f 1696/2256/1744 1704/2257/1752 1697/2255/1745 1689/2254/1737
f 1697/2255/1745 1705/2162/1753 1706/2159/1754 1698/2158/1746
f 1698/2158/1746 1706/2159/1754 1707/2157/1755 1699/2154/1747
f 1699/2154/1747 1707/2157/1755 1708/2155/1756 1700/2152/1748
f 1700/2765/1748 1708/2764/1756 1709/2156/1757 1701/2149/1749
f 1701/2149/1749 1709/2156/1757 1710/2261/1758 1702/2150/1750
f 1702/2150/1750 1710/2261/1758 1711/2260/1759 1703/2258/1751
f 1703/2258/1751 1711/2260/1759 1712/2259/1760 1704/2257/1752
f 1704/2257/1752 1712/2259/1760 1705/2162/1753 1697/2255/1745
f 1705/2162/1753 1713/2163/1761 1714/2160/1762 1706/2159/1754
f 1706/2159/1754 1714/2160/1762 1715/2161/1763 1707/2157/1755
f 1707/2157/1755 1715/2161/1763 1716/2267/1764 1708/2155/1756
f 1708/2764/1756 1716/2763/1764 1717/2264/1765 1709/2156/1757
f 1709/2156/1757 1717/2264/1765 1718/2262/1766 1710/2261/1758
f 1710/2261/1758 1718/2262/1766 1719/2263/1767 1711/2260/1759
f 1711/2260/1759 1719/2263/1767 1720/2166/1768 1712/2259/1760
f 1712/2259/1760 1720/2166/1768 1713/2163/1761 1705/2162/1753
f 1713/2163/1761 1721/2164/1769 1722/2165/1770 1714/2160/1762
f 1714/2160/1762 1722/2165/1770 1723/2271/1771 1715/2161/1763
f 1715/2161/1763 1723/2271/1771 1724/2268/1772 1716/2267/1764
f 1716/2763/1764 1724/2762/1772 1725/2265/1773 1717/2264/1765
f 1717/2264/1765 1725/2265/1773 1726/2266/1774 1718/2262/1766
f 1718/2262/1766 1726/2266/1774 1727/2170/1775 1719/2263/1767
f 1719/2263/1767 1727/2170/1775 1728/2167/1776 1720/2166/1768
f 1720/2166/1768 1728/2167/1776 1721/2164/1769 1713/2163/1761
f 1721/2164/1769 1729/2169/1777 1730/2275/1778 1722/2165/1770
f 1722/2165/1770 1730/2275/1778 1731/2272/1779 1723/2271/1771
f 1723/2271/1771 1731/2272/1779 1732/2269/1780 1724/2268/1772
f 1724/2762/1772 1732/2761/1780 1733/2270/1781 1725/2265/1773
f 1725/2265/1773 1733/2270/1781 1734/2174/1782 1726/2266/1774
f 1726/2266/1774 1734/2174/1782 1735/2171/1783 1727/2170/1775
f 1727/2170/1775 1735/2171/1783 1736/2168/1784 1728/2167/1776
f 1728/2167/1776 1736/2168/1784 1729/2169/1777 1721/2164/1769
f 1729/2169/1777 1737/2278/1785 1738/2276/1786 1730/2275/1778
f 1730/2275/1778 1738/2276/1786 1739/2273/1787 1731/2272/1779
f 1731/2272/1779 1739/2273/1787 1740/2274/1788 1732/2269/1780
f 1732/2761/1780 1740/2760/1788 1741/2178/1789 1733/2270/1781
f 1733/2270/1781 1741/2178/1789 1742/2175/1790 1734/2174/1782
f 1734/2174/1782 1742/2175/1790 1743/2172/1791 1735/2171/1783
f 1735/2171/1783 1743/2172/1791 1744/2173/1792 1736/2168/1784
f 1736/2168/1784 1744/2173/1792 1737/2278/1785 1729/2169/1777
f 1737/2278/1785 1745/2279/1793 1746/2277/1794 1738/2276/1786
f 1738/2276/1786 1746/2277/1794 1747/2184/1795 1739/2273/1787
f 1739/2273/1787 1747/2184/1795 1748/2182/1796 1740/2274/1788
f 1740/2760/1788 1748/2759/1796 1749/2179/1797 1741/2178/1789
f 1741/2178/1789 1749/2179/1797 1750/2176/1798 1742/2175/1790
f 1742/2175/1790 1750/2176/1798 1751/2177/1799 1743/2172/1791
f 1743/2172/1791 1751/2177/1799 1752/2281/1800 1744/2173/1792
f 1744/2173/1792 1752/2281/1800 1745/2279/1793 1737/2278/1785
f 1745/2279/1793 1753/2280/1801 1754/2189/1802 1746/2277/1794
f 1746/2277/1794 1754/2189/1802 1755/2185/1803 1747/2184/1795
f 1747/2184/1795 1755/2185/1803 1756/2183/1804 1748/2182/1796
f 1748/2759/1796 1756/2758/1804 1757/2180/1805 1749/2179/1797
f 1749/2179/1797 1757/2180/1805 1758/2181/1806 1750/2176/1798
f 1750/2176/1798 1758/2181/1806 1759/2283/1807 1751/2177/1799
f 1751/2177/1799 1759/2283/1807 1760/2282/1808 1752/2281/1800
f 1752/2281/1800 1760/2282/1808 1753/2280/1801 1745/2279/1793
f 1753/2280/1801 1761/2194/1809 1762/2190/1810 1754/2189/1802
f 1754/2189/1802 1762/2190/1810 1763/2188/1811 1755/2185/1803
f 1755/2185/1803 1763/2188/1811 1764/2186/1812 1756/2183/1804
f 1756/2758/1804 1764/2757/1812 1765/2187/1813 1757/2180/1805
f 1757/2180/1805 1765/2187/1813 1766/2286/1814 1758/2181/1806
f 1758/2181/1806 1766/2286/1814 1767/2285/1815 1759/2283/1807
f 1759/2283/1807 1767/2285/1815 1768/2284/1816 1760/2282/1808
f 1760/2282/1808 1768/2284/1816 1761/2194/1809 1753/2280/1801
f 1761/2194/1809 1769/2195/1817 1770/2193/1818 1762/2190/1810
f 1762/2190/1810 1770/2193/1818 1771/2191/1819 1763/2188/1811
f 1763/2188/1811 1771/2191/1819 1772/2192/1820 1764/2186/1812
f 1764/2757/1812 1772/2756/1820 1773/2289/1821 1765/2187/1813
f 1765/2187/1813 1773/2289/1821 1774/2288/1822 1766/2286/1814
f 1766/2286/1814 1774/2288/1822 1775/2287/1823 1767/2285/1815
f 1767/2285/1815 1775/2287/1823 1776/2199/1824 1768/2284/1816
f 1768/2284/1816 1776/2199/1824 1769/2195/1817 1761/2194/1809
f 1769/2195/1817 1777/2198/1825 1778/2196/1826 1770/2193/1818
f 1770/2193/1818 1778/2196/1826 1779/2197/1827 1771/2191/1819
f 1771/2191/1819 1779/2197/1827 1780/2292/1828 1772/2192/1820
f 1772/2756/1820 1780/2755/1828 1781/2291/1829 1773/2289/1821
f 1773/2289/1821 1781/2291/1829 1782/2290/1830 1774/2288/1822
f 1774/2288/1822 1782/2290/1830 1783/2203/1831 1775/2287/1823
f 1775/2287/1823 1783/2203/1831 1784/2200/1832 1776/2199/1824
f 1776/2199/1824 1784/2200/1832 1777/2198/1825 1769/2195/1817
f 1777/2198/1825 1785/2202/1833 1786/2297/1834 1778/2196/1826
f 1778/2196/1826 1786/2297/1834 1787/2295/1835 1779/2197/1827
f 1779/2197/1827 1787/2295/1835 1788/2293/1836 1780/2292/1828
f 1780/2755/1828 1788/2754/1836 1789/2294/1837 1781/2291/1829
f 1781/2291/1829 1789/2294/1837 1790/2207/1838 1782/2290/1830
f 1782/2290/1830 1790/2207/1838 1791/2204/1839 1783/2203/1831
f 1783/2203/1831 1791/2204/1839 1792/2201/1840 1784/2200/1832
f 1784/2200/1832 1792/2201/1840 1785/2202/1833 1777/2198/1825
f 1785/2202/1833 1793/2300/1841 1794/2298/1842 1786/2297/1834
f 1786/2297/1834 1794/2298/1842 1795/2296/1843 1787/2295/1835
f 1787/2295/1835 1795/2296/1843 1796/2213/1844 1788/2293/1836
f 1788/2754/1836 1796/2753/1844 1797/2211/1845 1789/2294/1837
f 1789/2294/1837 1797/2211/1845 1798/2208/1846 1790/2207/1838
f 1790/2207/1838 1798/2208/1846 1799/2205/1847 1791/2204/1839
f 1791/2204/1839 1799/2205/1847 1800/2206/1848 1792/2201/1840
f 1792/2201/1840 1800/2206/1848 1793/2300/1841 1785/2202/1833
f 1793/2300/1841 1801/2301/1849 1802/2299/1850 1794/2298/1842
f 1794/2298/1842 1802/2299/1850 1803/2218/1851 1795/2296/1843
f 1795/2296/1843 1803/2218/1851 1804/2214/1852 1796/2213/1844
f 1796/2753/1844 1804/2752/1852 1805/2212/1853 1797/2211/1845
f 1797/2211/1845 1805/2212/1853 1806/2209/1854 1798/2208/1846
f 1798/2208/1846 1806/2209/1854 1807/2210/1855 1799/2205/1847
f 1799/2205/1847 1807/2210/1855 1808/2302/1856 1800/2206/1848
f 1800/2206/1848 1808/2302/1856 1801/2301/1849 1793/2300/1841
f 1801/2301/1849 1809/2303/1857 1810/2222/1858 1802/2299/1850
f 1802/2299/1850 1810/2222/1858 1811/2219/1859 1803/2218/1851
f 1803/2218/1851 1811/2219/1859 1812/2217/1860 1804/2214/1852
f 1804/2752/1852 1812/2751/1860 1813/2215/1861 1805/2212/1853
f 1805/2212/1853 1813/2215/1861 1814/2216/1862 1806/2209/1854
f 1806/2209/1854 1814/2216/1862 1815/2305/1863 1807/2210/1855
f 1807/2210/1855 1815/2305/1863 1816/2304/1864 1808/2302/1856
f 1808/2302/1856 1816/2304/1864 1809/2303/1857 1801/2301/1849
f 1809/2303/1857 1817/2226/1865 1818/2223/1866 1810/2222/1858
f 1810/2222/1858 1818/2223/1866 1819/2220/1867 1811/2219/1859
f 1811/2219/1859 1819/2220/1867 1820/2221/1868 1812/2217/1860
f 1812/2751/1860 1820/2750/1868 1821/2311/1869 1813/2215/1861
f 1813/2215/1861 1821/2311/1869 1822/2308/1870 1814/2216/1862
f 1814/2216/1862 1822/2308/1870 1823/2306/1871 1815/2305/1863
f 1815/2305/1863 1823/2306/1871 1824/2307/1872 1816/2304/1864
f 1816/2304/1864 1824/2307/1872 1817/2226/1865 1809/2303/1857
f 1817/2226/1865 1825/2227/1873 1826/2224/1874 1818/2223/1866
f 1818/2223/1866 1826/2224/1874 1827/2225/1875 1819/2220/1867
f 1819/2220/1867 1827/2225/1875 1828/2314/1876 1820/2221/1868
f 1820/2750/1868 1828/2749/1876 1829/2312/1877 1821/2311/1869
f 1821/2311/1869 1829/2312/1877 1830/2309/1878 1822/2308/1870
f 1822/2308/1870 1830/2309/1878 1831/2310/1879 1823/2306/1871
f 1823/2306/1871 1831/2310/1879 1832/2230/1880 1824/2307/1872
f 1824/2307/1872 1832/2230/1880 1825/2227/1873 1817/2226/1865
f 1825/2227/1873 1833/2228/1881 1834/2229/1882 1826/2224/1874
f 1826/2224/1874 1834/2229/1882 1835/2318/1883 1827/2225/1875
f 1827/2225/1875 1835/2318/1883 1836/2315/1884 1828/2314/1876
f 1828/2749/1876 1836/2747/1884 1837/2313/1885 1829/2312/1877
f 1829/2312/1877 1837/2313/1885 1838/2236/1886 1830/2309/1878
f 1830/2309/1878 1838/2236/1886 1839/2234/1887 1831/2310/1879
f 1831/2310/1879 1839/2234/1887 1840/2231/1888 1832/2230/1880
f 1832/2230/1880 1840/2231/1888 1833/2228/1881 1825/2227/1873
s 14
f 1833/2228/1889 1841/2233/1890 1842/2638/1891 1834/2229/1892
f 1834/2229/1892 1842/2638/1891 1843/2319/1893 1835/2318/1894
f 1835/2318/1894 1843/2319/1893 1844/2316/1895 1836/2315/1896
f 1836/2747/1896 1844/2748/1895 1845/2317/1897 1837/2313/1898
f 1837/2313/1898 1845/2317/1897 1846/2237/1899 1838/2236/1900
f 1838/2236/1900 1846/2237/1899 1847/2235/1901 1839/2234/1902
f 1839/2234/1902 1847/2235/1901 1848/2232/1903 1840/2231/1904
f 1840/2231/1904 1848/2232/1903 1841/2233/1890 1833/2228/1889
s 15
f 1849/538/1905 1857/372/1906 1858/364/1907 1850/363/1908
f 1850/363/1908 1858/364/1907 1859/359/1909 1851/2642/1910
f 1851/351/1910 1859/2746/1909 1860/360/1911 1852/352/1912
f 1852/352/1912 1860/360/1911 1861/546/1913 1853/361/1914
f 1853/361/1914 1861/546/1913 1862/541/1915 1854/540/1916
f 1854/540/1916 1862/541/1915 1863/537/1917 1855/531/1918
f 1855/531/1918 1863/537/1917 1864/376/1919 1856/532/1920
f 1856/532/1920 1864/376/1919 1857/372/1906 1849/538/1905
f 1857/372/1906 1865/373/1921 1866/369/1922 1858/364/1907
f 1858/364/1907 1866/369/1922 1867/370/1923 1859/359/1909
f 1859/2746/1909 1867/2745/1923 1868/550/1924 1860/360/1911
f 1860/360/1911 1868/550/1924 1869/547/1925 1861/546/1913
f 1861/546/1913 1869/547/1925 1870/544/1926 1862/541/1915
f 1862/541/1915 1870/544/1926 1871/383/1927 1863/537/1917
f 1863/537/1917 1871/383/1927 1872/377/1928 1864/376/1919
f 1864/376/1919 1872/377/1928 1865/373/1921 1857/372/1906
f 1865/373/1921 1873/378/1929 1874/379/1930 1866/369/1922
f 1866/369/1922 1874/379/1930 1875/559/1931 1867/370/1923
f 1867/2745/1923 1875/2744/1931 1876/554/1932 1868/550/1924
f 1868/550/1924 1876/554/1932 1877/551/1933 1869/547/1925
f 1869/547/1925 1877/551/1933 1878/552/1934 1870/544/1926
f 1870/544/1926 1878/552/1934 1879/384/1935 1871/383/1927
f 1871/383/1927 1879/384/1935 1880/380/1936 1872/377/1928
f 1872/377/1928 1880/380/1936 1873/378/1929 1865/373/1921
f 1873/378/1929 1881/386/1937 1882/565/1938 1874/379/1930
f 1874/379/1930 1882/565/1938 1883/560/1939 1875/559/1931
f 1875/2744/1931 1883/2743/1939 1884/556/1940 1876/554/1932
f 1876/554/1932 1884/556/1940 1885/557/1941 1877/551/1933
f 1877/551/1933 1885/557/1941 1886/396/1942 1878/552/1934
f 1878/552/1934 1886/396/1942 1887/388/1943 1879/384/1935
f 1879/384/1935 1887/388/1943 1888/385/1944 1880/380/1936
f 1880/380/1936 1888/385/1944 1881/386/1937 1873/378/1929
f 1881/386/1937 1889/390/1945 1890/566/1946 1882/565/1938
f 1882/565/1938 1890/566/1946 1891/563/1947 1883/560/1939
f 1883/2743/1939 1891/2742/1947 1892/561/1948 1884/556/1940
f 1884/556/1940 1892/561/1948 1893/400/1949 1885/557/1941
f 1885/557/1941 1893/400/1949 1894/397/1950 1886/396/1942
f 1886/396/1942 1894/397/1950 1895/394/1951 1887/388/1943
f 1887/388/1943 1895/394/1951 1896/389/1952 1888/385/1944
f 1888/385/1944 1896/389/1952 1889/390/1945 1881/386/1937
f 1889/390/1945 1897/569/1953 1898/567/1954 1890/566/1946
f 1890/566/1946 1898/567/1954 1899/406/1955 1891/563/1947
f 1891/2742/1947 1899/2741/1955 1900/404/1956 1892/561/1948
f 1892/561/1948 1900/404/1956 1901/401/1957 1893/400/1949
f 1893/400/1949 1901/401/1957 1902/398/1958 1894/397/1950
f 1894/397/1950 1902/398/1958 1903/399/1959 1895/394/1951
f 1895/394/1951 1903/399/1959 1904/571/1960 1896/389/1952
f 1896/389/1952 1904/571/1960 1897/569/1953 1889/390/1945
f 1897/569/1953 1905/570/1961 1906/410/1962 1898/567/1954
f 1898/567/1954 1906/410/1962 1907/407/1963 1899/406/1955
f 1899/2741/1955 1907/2740/1963 1908/405/1964 1900/404/1956
f 1900/404/1956 1908/405/1964 1909/402/1965 1901/401/1957
f 1901/401/1957 1909/402/1965 1910/403/1966 1902/398/1958
f 1902/398/1958 1910/403/1966 1911/573/1967 1903/399/1959
f 1903/399/1959 1911/573/1967 1912/572/1968 1904/571/1960
f 1904/571/1960 1912/572/1968 1905/570/1961 1897/569/1953
f 1905/570/1961 1913/414/1969 1914/411/1970 1906/410/1962
f 1906/410/1962 1914/411/1970 1915/408/1971 1907/407/1963
f 1907/2740/1963 1915/2739/1971 1916/409/1972 1908/405/1964
f 1908/405/1964 1916/409/1972 1917/577/1973 1909/402/1965
f 1909/402/1965 1917/577/1973 1918/575/1974 1910/403/1966
f 1910/403/1966 1918/575/1974 1919/574/1975 1911/573/1967
f 1911/573/1967 1919/574/1975 1920/416/1976 1912/572/1968
f 1912/572/1968 1920/416/1976 1913/414/1969 1905/570/1961
f 1913/414/1969 1921/415/1977 1922/412/1978 1914/411/1970
f 1914/411/1970 1922/412/1978 1923/413/1979 1915/408/1971
f 1915/2739/1971 1923/2738/1979 1924/579/1980 1916/409/1972
f 1916/409/1972 1924/579/1980 1925/578/1981 1917/577/1973
f 1917/577/1973 1925/578/1981 1926/576/1982 1918/575/1974
f 1918/575/1974 1926/576/1982 1927/420/1983 1919/574/1975
f 1919/574/1975 1927/420/1983 1928/417/1984 1920/416/1976
f 1920/416/1976 1928/417/1984 1921/415/1977 1913/414/1969
f 1921/415/1977 1929/419/1985 1930/584/1986 1922/412/1978
f 1922/412/1978 1930/584/1986 1931/582/1987 1923/413/1979
f 1923/2738/1979 1931/2737/1987 1932/580/1988 1924/579/1980
f 1924/579/1980 1932/580/1988 1933/581/1989 1925/578/1981
f 1925/578/1981 1933/581/1989 1934/424/1990 1926/576/1982
f 1926/576/1982 1934/424/1990 1935/421/1991 1927/420/1983
f 1927/420/1983 1935/421/1991 1936/418/1992 1928/417/1984
f 1928/417/1984 1936/418/1992 1929/419/1985 1921/415/1977
f 1929/419/1985 1937/587/1993 1938/585/1994 1930/584/1986
f 1930/584/1986 1938/585/1994 1939/583/1995 1931/582/1987
f 1931/2737/1987 1939/2736/1995 1940/430/1996 1932/580/1988
f 1932/580/1988 1940/430/1996 1941/428/1997 1933/581/1989
f 1933/581/1989 1941/428/1997 1942/425/1998 1934/424/1990
f 1934/424/1990 1942/425/1998 1943/422/1999 1935/421/1991
f 1935/421/1991 1943/422/1999 1944/423/2000 1936/418/1992
f 1936/418/1992 1944/423/2000 1937/587/1993 1929/419/1985
f 1937/587/1993 1945/588/2001 1946/586/2002 1938/585/1994
f 1938/585/1994 1946/586/2002 1947/435/2003 1939/583/1995
f 1939/2736/1995 1947/2735/2003 1948/431/2004 1940/430/1996
f 1940/430/1996 1948/431/2004 1949/429/2005 1941/428/1997
f 1941/428/1997 1949/429/2005 1950/426/2006 1942/425/1998
f 1942/425/1998 1950/426/2006 1951/427/2007 1943/422/1999
f 1943/422/1999 1951/427/2007 1952/589/2008 1944/423/2000
f 1944/423/2000 1952/589/2008 1945/588/2001 1937/587/1993
f 1945/588/2001 1953/590/2009 1954/439/2010 1946/586/2002
f 1946/586/2002 1954/439/2010 1955/436/2011 1947/435/2003
f 1947/2735/2003 1955/2734/2011 1956/434/2012 1948/431/2004
f 1948/431/2004 1956/434/2012 1957/432/2013 1949/429/2005
f 1949/429/2005 1957/432/2013 1958/433/2014 1950/426/2006
f 1950/426/2006 1958/433/2014 1959/592/2015 1951/427/2007
f 1951/427/2007 1959/592/2015 1960/591/2016 1952/589/2008
f 1952/589/2008 1960/591/2016 1953/590/2009 1945/588/2001
f 1953/590/2009 1961/443/2017 1962/440/2018 1954/439/2010
f 1954/439/2010 1962/440/2018 1963/437/2019 1955/436/2011
f 1955/2734/2011 1963/2733/2019 1964/438/2020 1956/434/2012
f 1956/434/2012 1964/438/2020 1965/597/2021 1957/432/2013
f 1957/432/2013 1965/597/2021 1966/595/2022 1958/433/2014
f 1958/433/2014 1966/595/2022 1967/593/2023 1959/592/2015
f 1959/592/2015 1967/593/2023 1968/594/2024 1960/591/2016
f 1960/591/2016 1968/594/2024 1961/443/2017 1953/590/2009
f 1961/443/2017 1969/444/2025 1970/441/2026 1962/440/2018
f 1962/440/2018 1970/441/2026 1971/442/2027 1963/437/2019
f 1963/2733/2019 1971/2732/2027 1972/600/2028 1964/438/2020
f 1964/438/2020 1972/600/2028 1973/598/2029 1965/597/2021
f 1965/597/2021 1973/598/2029 1974/596/2030 1966/595/2022
f 1966/595/2022 1974/596/2030 1975/449/2031 1967/593/2023
f 1967/593/2023 1975/449/2031 1976/447/2032 1968/594/2024
f 1968/594/2024 1976/447/2032 1969/444/2025 1961/443/2017
f 1969/444/2025 1977/445/2033 1978/446/2034 1970/441/2026
f 1970/441/2026 1978/446/2034 1979/602/2035 1971/442/2027
f 1971/2732/2027 1979/2731/2035 1980/601/2036 1972/600/2028
f 1972/600/2028 1980/601/2036 1981/599/2037 1973/598/2029
f 1973/598/2029 1981/599/2037 1982/454/2038 1974/596/2030
f 1974/596/2030 1982/454/2038 1983/450/2039 1975/449/2031
f 1975/449/2031 1983/450/2039 1984/448/2040 1976/447/2032
f 1976/447/2032 1984/448/2040 1977/445/2033 1969/444/2025
f 1977/445/2033 1985/452/2041 1986/605/2042 1978/446/2034
f 1978/446/2034 1986/605/2042 1987/604/2043 1979/602/2035
f 1979/2731/2035 1987/2730/2043 1988/603/2044 1980/601/2036
f 1980/601/2036 1988/603/2044 1989/459/2045 1981/599/2037
f 1981/599/2037 1989/459/2045 1990/455/2046 1982/454/2038
f 1982/454/2038 1990/455/2046 1991/453/2047 1983/450/2039
f 1983/450/2039 1991/453/2047 1992/451/2048 1984/448/2040
f 1984/448/2040 1992/451/2048 1985/452/2041 1977/445/2033
f 1985/452/2041 1993/608/2049 1994/607/2050 1986/605/2042
f 1986/605/2042 1994/607/2050 1995/606/2051 1987/604/2043
f 1987/2730/2043 1995/2729/2051 1996/464/2052 1988/603/2044
f 1988/603/2044 1996/464/2052 1997/460/2053 1989/459/2045
f 1989/459/2045 1997/460/2053 1998/458/2054 1990/455/2046
f 1990/455/2046 1998/458/2054 1999/456/2055 1991/453/2047
f 1991/453/2047 1999/456/2055 2000/457/2056 1992/451/2048
f 1992/451/2048 2000/457/2056 1993/608/2049 1985/452/2041
f 1993/608/2049 2001/610/2057 2002/609/2058 1994/607/2050
f 1994/607/2050 2002/609/2058 2003/469/2059 1995/606/2051
f 1995/2729/2051 2003/2728/2059 2004/465/2060 1996/464/2052
f 1996/464/2052 2004/465/2060 2005/463/2061 1997/460/2053
f 1997/460/2053 2005/463/2061 2006/461/2062 1998/458/2054
f 1998/458/2054 2006/461/2062 2007/462/2063 1999/456/2055
f 1999/456/2055 2007/462/2063 2008/611/2064 2000/457/2056
f 2000/457/2056 2008/611/2064 2001/610/2057 1993/608/2049
f 2001/610/2057 2009/612/2065 2010/473/2066 2002/609/2058
f 2002/609/2058 2010/473/2066 2011/470/2067 2003/469/2059
f 2003/2728/2059 2011/2727/2067 2012/468/2068 2004/465/2060
f 2004/465/2060 2012/468/2068 2013/466/2069 2005/463/2061
f 2005/463/2061 2013/466/2069 2014/467/2070 2006/461/2062
f 2006/461/2062 2014/467/2070 2015/614/2071 2007/462/2063
f 2007/462/2063 2015/614/2071 2016/613/2072 2008/611/2064
f 2008/611/2064 2016/613/2072 2009/612/2065 2001/610/2057
f 2009/612/2065 2017/477/2073 2018/474/2074 2010/473/2066
f 2010/473/2066 2018/474/2074 2019/471/2075 2011/470/2067
f 2011/2727/2067 2019/2726/2075 2020/472/2076 2012/468/2068
f 2012/468/2068 2020/472/2076 2021/620/2077 2013/466/2069
f 2013/466/2069 2021/620/2077 2022/617/2078 2014/467/2070
f 2014/467/2070 2022/617/2078 2023/615/2079 2015/614/2071
f 2015/614/2071 2023/615/2079 2024/616/2080 2016/613/2072
f 2016/613/2072 2024/616/2080 2017/477/2073 2009/612/2065
f 2017/477/2073 2025/478/2081 2026/475/2082 2018/474/2074
f 2018/474/2074 2026/475/2082 2027/476/2083 2019/471/2075
f 2019/2726/2075 2027/2725/2083 2028/623/2084 2020/472/2076
f 2020/472/2076 2028/623/2084 2029/621/2085 2021/620/2077
f 2021/620/2077 2029/621/2085 2030/618/2086 2022/617/2078
f 2022/617/2078 2030/618/2086 2031/619/2087 2023/615/2079
f 2023/615/2079 2031/619/2087 2032/481/2088 2024/616/2080
f 2024/616/2080 2032/481/2088 2025/478/2081 2017/477/2073
f 2025/478/2081 2033/479/2089 2034/480/2090 2026/475/2082
f 2026/475/2082 2034/480/2090 2035/626/2091 2027/476/2083
f 2027/2725/2083 2035/2724/2091 2036/624/2092 2028/623/2084
f 2028/623/2084 2036/624/2092 2037/622/2093 2029/621/2085
f 2029/621/2085 2037/622/2093 2038/487/2094 2030/618/2086
f 2030/618/2086 2038/487/2094 2039/485/2095 2031/619/2087
f 2031/619/2087 2039/485/2095 2040/482/2096 2032/481/2088
f 2032/481/2088 2040/482/2096 2033/479/2089 2025/478/2081
f 2033/479/2089 2041/484/2097 2042/628/2098 2034/480/2090
f 2034/480/2090 2042/628/2098 2043/627/2099 2035/626/2091
f 2035/2724/2091 2043/2723/2099 2044/625/2100 2036/624/2092
f 2036/624/2092 2044/625/2100 2045/491/2101 2037/622/2093
f 2037/622/2093 2045/491/2101 2046/488/2102 2038/487/2094
f 2038/487/2094 2046/488/2102 2047/486/2103 2039/485/2095
f 2039/485/2095 2047/486/2103 2048/483/2104 2040/482/2096
f 2040/482/2096 2048/483/2104 2041/484/2097 2033/479/2089
f 2041/484/2097 2049/631/2105 2050/629/2106 2042/628/2098
f 2042/628/2098 2050/629/2106 2051/630/2107 2043/627/2099
f 2043/2723/2099 2051/2722/2107 2052/495/2108 2044/625/2100
f 2044/625/2100 2052/495/2108 2053/492/2109 2045/491/2101
f 2045/491/2101 2053/492/2109 2054/489/2110 2046/488/2102
f 2046/488/2102 2054/489/2110 2055/490/2111 2047/486/2103
f 2047/486/2103 2055/490/2111 2056/634/2112 2048/483/2104
f 2048/483/2104 2056/634/2112 2049/631/2105 2041/484/2097
f 2049/631/2105 2057/632/2113 2058/633/2114 2050/629/2106
f 2050/629/2106 2058/633/2114 2059/499/2115 2051/630/2107
f 2051/2722/2107 2059/2721/2115 2060/496/2116 2052/495/2108
f 2052/495/2108 2060/496/2116 2061/493/2117 2053/492/2109
f 2053/492/2109 2061/493/2117 2062/494/2118 2054/489/2110
f 2054/489/2110 2062/494/2118 2063/637/2119 2055/490/2111
f 2055/490/2111 2063/637/2119 2064/635/2120 2056/634/2112
f 2056/634/2112 2064/635/2120 2057/632/2113 2049/631/2105
f 2057/632/2113 2065/505/2121 2066/503/2122 2058/633/2114
f 2058/633/2114 2066/503/2122 2067/500/2123 2059/499/2115
f 2059/2721/2115 2067/2720/2123 2068/497/2124 2060/496/2116
f 2060/496/2116 2068/497/2124 2069/498/2125 2061/493/2117
f 2061/493/2117 2069/498/2125 2070/640/2126 2062/494/2118
f 2062/494/2118 2070/640/2126 2071/638/2127 2063/637/2119
f 2063/637/2119 2071/638/2127 2072/636/2128 2064/635/2120
f 2064/635/2120 2072/636/2128 2065/505/2121 2057/632/2113
f 2065/505/2121 2073/506/2129 2074/504/2130 2066/503/2122
f 2066/503/2122 2074/504/2130 2075/501/2131 2067/500/2123
f 2067/2720/2123 2075/2719/2131 2076/502/2132 2068/497/2124
f 2068/497/2124 2076/502/2132 2077/642/2133 2069/498/2125
f 2069/498/2125 2077/642/2133 2078/641/2134 2070/640/2126
f 2070/640/2126 2078/641/2134 2079/639/2135 2071/638/2127
f 2071/638/2127 2079/639/2135 2080/510/2136 2072/636/2128
f 2072/636/2128 2080/510/2136 2073/506/2129 2065/505/2121
f 2073/506/2129 2081/509/2137 2082/507/2138 2074/504/2130
f 2074/504/2130 2082/507/2138 2083/508/2139 2075/501/2131
f 2075/2719/2131 2083/2718/2139 2084/645/2140 2076/502/2132
f 2076/502/2132 2084/645/2140 2085/644/2141 2077/642/2133
f 2077/642/2133 2085/644/2141 2086/643/2142 2078/641/2134
f 2078/641/2134 2086/643/2142 2087/515/2143 2079/639/2135
f 2079/639/2135 2087/515/2143 2088/511/2144 2080/510/2136
f 2080/510/2136 2088/511/2144 2081/509/2137 2073/506/2129
f 2081/509/2137 2089/512/2145 2090/513/2146 2082/507/2138
f 2082/507/2138 2090/513/2146 2091/648/2147 2083/508/2139
f 2083/2718/2139 2091/2717/2147 2092/647/2148 2084/645/2140
f 2084/645/2140 2092/647/2148 2093/646/2149 2085/644/2141
f 2085/644/2141 2093/646/2149 2094/520/2150 2086/643/2142
f 2086/643/2142 2094/520/2150 2095/516/2151 2087/515/2143
f 2087/515/2143 2095/516/2151 2096/514/2152 2088/511/2144
f 2088/511/2144 2096/514/2152 2089/512/2145 2081/509/2137
f 2089/512/2145 2097/518/2153 2098/651/2154 2090/513/2146
f 2090/513/2146 2098/651/2154 2099/650/2155 2091/648/2147
f 2091/2717/2147 2099/2715/2155 2100/649/2156 2092/647/2148
f 2092/647/2148 2100/649/2156 2101/525/2157 2093/646/2149
f 2093/646/2149 2101/525/2157 2102/521/2158 2094/520/2150
f 2094/520/2150 2102/521/2158 2103/519/2159 2095/516/2151
f 2095/516/2151 2103/519/2159 2104/517/2160 2096/514/2152
f 2096/514/2152 2104/517/2160 2097/518/2153 2089/512/2145
s 16
f 2097/518/2161 2105/655/2162 2106/654/2163 2098/651/2164
f 2098/651/2164 2106/654/2163 2107/652/2165 2099/650/2166
f 2099/2715/2166 2107/2716/2165 2108/653/2167 2100/649/2168
f 2100/649/2168 2108/653/2167 2109/526/2169 2101/525/2170
f 2101/525/2170 2109/526/2169 2110/524/2171 2102/521/2172
f 2102/521/2172 2110/524/2171 2111/522/2173 2103/519/2174
f 2103/519/2174 2111/522/2173 2112/523/2175 2104/517/2176
f 2104/517/2176 2112/523/2175 2105/655/2162 2097/518/2161
s 17
f 2113/838/2177 2121/844/2178 2122/845/2179 2114/2644/2180
f 2114/839/2180 2122/2714/2179 2123/912/2181 2115/846/2182
f 2115/846/2182 2123/912/2181 2124/908/2183 2116/907/2184
f 2116/907/2184 2124/908/2183 2125/902/2185 2117/898/2186
f 2117/898/2186 2125/902/2185 2126/903/2187 2118/899/2188
f 2118/899/2188 2126/903/2187 2127/857/2189 2119/904/2190
f 2119/904/2190 2127/857/2189 2128/850/2191 2120/849/2192
f 2120/849/2192 2128/850/2191 2121/844/2178 2113/838/2177
f 2121/844/2178 2129/854/2193 2130/918/2194 2122/845/2179
f 2122/2714/2179 2130/2713/2194 2131/913/2195 2123/912/2181
f 2123/912/2181 2131/913/2195 2132/910/2196 2124/908/2183
f 2124/908/2183 2132/910/2196 2133/911/2197 2125/902/2185
f 2125/902/2185 2133/911/2197 2134/864/2198 2126/903/2187
f 2126/903/2187 2134/864/2198 2135/858/2199 2127/857/2189
f 2127/857/2189 2135/858/2199 2136/853/2200 2128/850/2191
f 2128/850/2191 2136/853/2200 2129/854/2193 2121/844/2178
f 2129/854/2193 2137/860/2201 2138/919/2202 2130/918/2194
f 2130/2713/2194 2138/2712/2202 2139/917/2203 2131/913/2195
f 2131/913/2195 2139/917/2203 2140/914/2204 2132/910/2196
f 2132/910/2196 2140/914/2204 2141/870/2205 2133/911/2197
f 2133/911/2197 2141/870/2205 2142/865/2206 2134/864/2198
f 2134/864/2198 2142/865/2206 2143/861/2207 2135/858/2199
f 2135/858/2199 2143/861/2207 2144/859/2208 2136/853/2200
f 2136/853/2200 2144/859/2208 2137/860/2201 2129/854/2193
f 2137/860/2201 2145/922/2209 2146/921/2210 2138/919/2202
f 2138/2712/2202 2146/2711/2210 2147/920/2211 2139/917/2203
f 2139/917/2203 2147/920/2211 2148/876/2212 2140/914/2204
f 2140/914/2204 2148/876/2212 2149/871/2213 2141/870/2205
f 2141/870/2205 2149/871/2213 2150/869/2214 2142/865/2206
f 2142/865/2206 2150/869/2214 2151/866/2215 2143/861/2207
f 2143/861/2207 2151/866/2215 2152/867/2216 2144/859/2208
f 2144/859/2208 2152/867/2216 2145/922/2209 2137/860/2201
f 2145/922/2209 2153/924/2217 2154/923/2218 2146/921/2210
f 2146/2711/2210 2154/2710/2218 2155/881/2219 2147/920/2211
f 2147/920/2211 2155/881/2219 2156/877/2220 2148/876/2212
f 2148/876/2212 2156/877/2220 2157/875/2221 2149/871/2213
f 2149/871/2213 2157/875/2221 2158/872/2222 2150/869/2214
f 2150/869/2214 2158/872/2222 2159/873/2223 2151/866/2215
f 2151/866/2215 2159/873/2223 2160/925/2224 2152/867/2216
f 2152/867/2216 2160/925/2224 2153/924/2217 2145/922/2209
f 2153/924/2217 2161/926/2225 2162/885/2226 2154/923/2218
f 2154/2710/2218 2162/2709/2226 2163/882/2227 2155/881/2219
f 2155/881/2219 2163/882/2227 2164/880/2228 2156/877/2220
f 2156/877/2220 2164/880/2228 2165/878/2229 2157/875/2221
f 2157/875/2221 2165/878/2229 2166/879/2230 2158/872/2222
f 2158/872/2222 2166/879/2230 2167/928/2231 2159/873/2223
f 2159/873/2223 2167/928/2231 2168/927/2232 2160/925/2224
f 2160/925/2224 2168/927/2232 2161/926/2225 2153/924/2217
f 2161/926/2225 2169/291/2233 2170/292/2234 2162/885/2226
f 2162/2709/2226 2170/2708/2234 2171/883/2235 2163/882/2227
f 2163/882/2227 2171/883/2235 2172/884/2236 2164/880/2228
f 2164/880/2228 2172/884/2236 2173/270/2237 2165/878/2229
f 2165/878/2229 2173/270/2237 2174/271/2238 2166/879/2230
f 2166/879/2230 2174/271/2238 2175/929/2239 2167/928/2231
f 2167/928/2231 2175/929/2239 2176/930/2240 2168/927/2232
f 2168/927/2232 2176/930/2240 2169/291/2233 2161/926/2225
f 2169/291/2233 2177/288/2241 2178/290/2242 2170/292/2234
f 2170/2708/2234 2178/2707/2242 2179/265/2243 2171/883/2235
f 2171/883/2235 2179/265/2243 2180/266/2244 2172/884/2236
f 2172/884/2236 2180/266/2244 2181/267/2245 2173/270/2237
f 2173/270/2237 2181/267/2245 2182/269/2246 2174/271/2238
f 2174/271/2238 2182/269/2246 2183/286/2247 2175/929/2239
f 2175/929/2239 2183/286/2247 2184/287/2248 2176/930/2240
f 2176/930/2240 2184/287/2248 2177/288/2241 2169/291/2233
f 2177/288/2241 2185/285/2249 2186/289/2250 2178/290/2242
f 2178/2707/2242 2186/2706/2250 2187/261/2251 2179/265/2243
f 2179/265/2243 2187/261/2251 2188/262/2252 2180/266/2244
f 2180/266/2244 2188/262/2252 2189/264/2253 2181/267/2245
f 2181/267/2245 2189/264/2253 2190/268/2254 2182/269/2246
f 2182/269/2246 2190/268/2254 2191/282/2255 2183/286/2247
f 2183/286/2247 2191/282/2255 2192/283/2256 2184/287/2248
f 2184/287/2248 2192/283/2256 2185/285/2249 2177/288/2241
f 2185/285/2249 2193/284/2257 2194/251/2258 2186/289/2250
f 2186/2706/2250 2194/2705/2258 2195/254/2259 2187/261/2251
f 2187/261/2251 2195/254/2259 2196/258/2260 2188/262/2252
f 2188/262/2252 2196/258/2260 2197/263/2261 2189/264/2253
f 2189/264/2253 2197/263/2261 2198/272/2262 2190/268/2254
f 2190/268/2254 2198/272/2262 2199/275/2263 2191/282/2255
f 2191/282/2255 2199/275/2263 2200/279/2264 2192/283/2256
f 2192/283/2256 2200/279/2264 2193/284/2257 2185/285/2249
f 2193/284/2257 2201/259/2265 2202/252/2266 2194/251/2258
f 2194/2705/2258 2202/2704/2266 2203/253/2267 2195/254/2259
f 2195/254/2259 2203/253/2267 2204/257/2268 2196/258/2260
f 2196/258/2260 2204/257/2268 2205/280/2269 2197/263/2261
f 2197/263/2261 2205/280/2269 2206/273/2270 2198/272/2262
f 2198/272/2262 2206/273/2270 2207/274/2271 2199/275/2263
f 2199/275/2263 2207/274/2271 2208/278/2272 2200/279/2264
f 2200/279/2264 2208/278/2272 2201/259/2265 2193/284/2257
f 2201/259/2265 2209/260/2273 2210/255/2274 2202/252/2266
f 2202/2704/2266 2210/2703/2274 2211/256/2275 2203/253/2267
f 2203/253/2267 2211/256/2275 2212/2415/2276 2204/257/2268
f 2204/257/2268 2212/2415/2276 2213/281/2277 2205/280/2269
f 2205/280/2269 2213/281/2277 2214/276/2278 2206/273/2270
f 2206/273/2270 2214/276/2278 2215/277/2279 2207/274/2271
f 2207/274/2271 2215/277/2279 2216/2320/2280 2208/278/2272
f 2208/278/2272 2216/2320/2280 2209/260/2273 2201/259/2265
f 2209/260/2273 2217/2418/2281 2218/2417/2282 2210/255/2274
f 2210/2703/2274 2218/2702/2282 2219/2416/2283 2211/256/2275
f 2211/256/2275 2219/2416/2283 2220/2328/2284 2212/2415/2276
f 2212/2415/2276 2220/2328/2284 2221/2324/2285 2213/281/2277
f 2213/281/2277 2221/2324/2285 2222/2323/2286 2214/276/2278
f 2214/276/2278 2222/2323/2286 2223/2321/2287 2215/277/2279
f 2215/277/2279 2223/2321/2287 2224/2322/2288 2216/2320/2280
f 2216/2320/2280 2224/2322/2288 2217/2418/2281 2209/260/2273
f 2217/2418/2281 2225/2420/2289 2226/2419/2290 2218/2417/2282
f 2218/2702/2282 2226/2701/2290 2227/2333/2291 2219/2416/2283
f 2219/2416/2283 2227/2333/2291 2228/2329/2292 2220/2328/2284
f 2220/2328/2284 2228/2329/2292 2229/2327/2293 2221/2324/2285
f 2221/2324/2285 2229/2327/2293 2230/2325/2294 2222/2323/2286
f 2222/2323/2286 2230/2325/2294 2231/2326/2295 2223/2321/2287
f 2223/2321/2287 2231/2326/2295 2232/2421/2296 2224/2322/2288
f 2224/2322/2288 2232/2421/2296 2225/2420/2289 2217/2418/2281
f 2225/2420/2289 2233/2422/2297 2234/2337/2298 2226/2419/2290
f 2226/2701/2290 2234/2700/2298 2235/2334/2299 2227/2333/2291
f 2227/2333/2291 2235/2334/2299 2236/2332/2300 2228/2329/2292
f 2228/2329/2292 2236/2332/2300 2237/2330/2301 2229/2327/2293
f 2229/2327/2293 2237/2330/2301 2238/2331/2302 2230/2325/2294
f 2230/2325/2294 2238/2331/2302 2239/2424/2303 2231/2326/2295
f 2231/2326/2295 2239/2424/2303 2240/2423/2304 2232/2421/2296
f 2232/2421/2296 2240/2423/2304 2233/2422/2297 2225/2420/2289
f 2233/2422/2297 2241/2341/2305 2242/2338/2306 2234/2337/2298
f 2234/2700/2298 2242/2699/2306 2243/2335/2307 2235/2334/2299
f 2235/2334/2299 2243/2335/2307 2244/2336/2308 2236/2332/2300
f 2236/2332/2300 2244/2336/2308 2245/2430/2309 2237/2330/2301
f 2237/2330/2301 2245/2430/2309 2246/2427/2310 2238/2331/2302
f 2238/2331/2302 2246/2427/2310 2247/2425/2311 2239/2424/2303
f 2239/2424/2303 2247/2425/2311 2248/2426/2312 2240/2423/2304
f 2240/2423/2304 2248/2426/2312 2241/2341/2305 2233/2422/2297
f 2241/2341/2305 2249/2342/2313 2250/2339/2314 2242/2338/2306
f 2242/2699/2306 2250/2698/2314 2251/2340/2315 2243/2335/2307
f 2243/2335/2307 2251/2340/2315 2252/2433/2316 2244/2336/2308
f 2244/2336/2308 2252/2433/2316 2253/2431/2317 2245/2430/2309
f 2245/2430/2309 2253/2431/2317 2254/2428/2318 2246/2427/2310
f 2246/2427/2310 2254/2428/2318 2255/2429/2319 2247/2425/2311
f 2247/2425/2311 2255/2429/2319 2256/2345/2320 2248/2426/2312
f 2248/2426/2312 2256/2345/2320 2249/2342/2313 2241/2341/2305
f 2249/2342/2313 2257/2343/2321 2258/2344/2322 2250/2339/2314
f 2250/2698/2314 2258/2697/2322 2259/2436/2323 2251/2340/2315
f 2251/2340/2315 2259/2436/2323 2260/2434/2324 2252/2433/2316
f 2252/2433/2316 2260/2434/2324 2261/2432/2325 2253/2431/2317
f 2253/2431/2317 2261/2432/2325 2262/2351/2326 2254/2428/2318
f 2254/2428/2318 2262/2351/2326 2263/2349/2327 2255/2429/2319
f 2255/2429/2319 2263/2349/2327 2264/2346/2328 2256/2345/2320
f 2256/2345/2320 2264/2346/2328 2257/2343/2321 2249/2342/2313
f 2257/2343/2321 2265/2348/2329 2266/2439/2330 2258/2344/2322
f 2258/2697/2322 2266/2696/2330 2267/2437/2331 2259/2436/2323
f 2259/2436/2323 2267/2437/2331 2268/2435/2332 2260/2434/2324
f 2260/2434/2324 2268/2435/2332 2269/2356/2333 2261/2432/2325
f 2261/2432/2325 2269/2356/2333 2270/2352/2334 2262/2351/2326
f 2262/2351/2326 2270/2352/2334 2271/2350/2335 2263/2349/2327
f 2263/2349/2327 2271/2350/2335 2272/2347/2336 2264/2346/2328
f 2264/2346/2328 2272/2347/2336 2265/2348/2329 2257/2343/2321
f 2265/2348/2329 2273/2441/2337 2274/2440/2338 2266/2439/2330
f 2266/2696/2330 2274/2695/2338 2275/2438/2339 2267/2437/2331
f 2267/2437/2331 2275/2438/2339 2276/2361/2340 2268/2435/2332
f 2268/2435/2332 2276/2361/2340 2277/2357/2341 2269/2356/2333
f 2269/2356/2333 2277/2357/2341 2278/2355/2342 2270/2352/2334
f 2270/2352/2334 2278/2355/2342 2279/2353/2343 2271/2350/2335
f 2271/2350/2335 2279/2353/2343 2280/2354/2344 2272/2347/2336
f 2272/2347/2336 2280/2354/2344 2273/2441/2337 2265/2348/2329
f 2273/2441/2337 2281/2443/2345 2282/2442/2346 2274/2440/2338
f 2274/2695/2338 2282/2694/2346 2283/2366/2347 2275/2438/2339
f 2275/2438/2339 2283/2366/2347 2284/2362/2348 2276/2361/2340
f 2276/2361/2340 2284/2362/2348 2285/2360/2349 2277/2357/2341
f 2277/2357/2341 2285/2360/2349 2286/2358/2350 2278/2355/2342
f 2278/2355/2342 2286/2358/2350 2287/2359/2351 2279/2353/2343
f 2279/2353/2343 2287/2359/2351 2288/2444/2352 2280/2354/2344
f 2280/2354/2344 2288/2444/2352 2281/2443/2345 2273/2441/2337
f 2281/2443/2345 2289/2445/2353 2290/2371/2354 2282/2442/2346
f 2282/2694/2346 2290/2693/2354 2291/2367/2355 2283/2366/2347
f 2283/2366/2347 2291/2367/2355 2292/2365/2356 2284/2362/2348
f 2284/2362/2348 2292/2365/2356 2293/2363/2357 2285/2360/2349
f 2285/2360/2349 2293/2363/2357 2294/2364/2358 2286/2358/2350
f 2286/2358/2350 2294/2364/2358 2295/2447/2359 2287/2359/2351
f 2287/2359/2351 2295/2447/2359 2296/2446/2360 2288/2444/2352
f 2288/2444/2352 2296/2446/2360 2289/2445/2353 2281/2443/2345
f 2289/2445/2353 2297/2375/2361 2298/2372/2362 2290/2371/2354
f 2290/2693/2354 2298/2692/2362 2299/2370/2363 2291/2367/2355
f 2291/2367/2355 2299/2370/2363 2300/2368/2364 2292/2365/2356
f 2292/2365/2356 2300/2368/2364 2301/2369/2365 2293/2363/2357
f 2293/2363/2357 2301/2369/2365 2302/2450/2366 2294/2364/2358
f 2294/2364/2358 2302/2450/2366 2303/2449/2367 2295/2447/2359
f 2295/2447/2359 2303/2449/2367 2304/2448/2368 2296/2446/2360
f 2296/2446/2360 2304/2448/2368 2297/2375/2361 2289/2445/2353
f 2297/2375/2361 2305/2376/2369 2306/2373/2370 2298/2372/2362
f 2298/2692/2362 2306/2691/2370 2307/2374/2371 2299/2370/2363
f 2299/2370/2363 2307/2374/2371 2308/2455/2372 2300/2368/2364
f 2300/2368/2364 2308/2455/2372 2309/2453/2373 2301/2369/2365
f 2301/2369/2365 2309/2453/2373 2310/2451/2374 2302/2450/2366
f 2302/2450/2366 2310/2451/2374 2311/2452/2375 2303/2449/2367
f 2303/2449/2367 2311/2452/2375 2312/2379/2376 2304/2448/2368
f 2304/2448/2368 2312/2379/2376 2305/2376/2369 2297/2375/2361
f 2305/2376/2369 2313/2377/2377 2314/2378/2378 2306/2373/2370
f 2306/2691/2370 2314/2690/2378 2315/2458/2379 2307/2374/2371
f 2307/2374/2371 2315/2458/2379 2316/2456/2380 2308/2455/2372
f 2308/2455/2372 2316/2456/2380 2317/2454/2381 2309/2453/2373
f 2309/2453/2373 2317/2454/2381 2318/2385/2382 2310/2451/2374
f 2310/2451/2374 2318/2385/2382 2319/2383/2383 2311/2452/2375
f 2311/2452/2375 2319/2383/2383 2320/2380/2384 2312/2379/2376
f 2312/2379/2376 2320/2380/2384 2313/2377/2377 2305/2376/2369
f 2313/2377/2377 2321/2382/2385 2322/2460/2386 2314/2378/2378
f 2314/2690/2378 2322/2689/2386 2323/2459/2387 2315/2458/2379
f 2315/2458/2379 2323/2459/2387 2324/2457/2388 2316/2456/2380
f 2316/2456/2380 2324/2457/2388 2325/2390/2389 2317/2454/2381
f 2317/2454/2381 2325/2390/2389 2326/2386/2390 2318/2385/2382
f 2318/2385/2382 2326/2386/2390 2327/2384/2391 2319/2383/2383
f 2319/2383/2383 2327/2384/2391 2328/2381/2392 2320/2380/2384
f 2320/2380/2384 2328/2381/2392 2321/2382/2385 2313/2377/2377
f 2321/2382/2385 2329/2463/2393 2330/2462/2394 2322/2460/2386
f 2322/2689/2386 2330/2688/2394 2331/2461/2395 2323/2459/2387
f 2323/2459/2387 2331/2461/2395 2332/2394/2396 2324/2457/2388
f 2324/2457/2388 2332/2394/2396 2333/2391/2397 2325/2390/2389
f 2325/2390/2389 2333/2391/2397 2334/2389/2398 2326/2386/2390
f 2326/2386/2390 2334/2389/2398 2335/2387/2399 2327/2384/2391
f 2327/2384/2391 2335/2387/2399 2336/2388/2400 2328/2381/2392
f 2328/2381/2392 2336/2388/2400 2329/2463/2393 2321/2382/2385
f 2329/2463/2393 2337/2464/2401 2338/2465/2402 2330/2462/2394
f 2330/2688/2394 2338/2687/2402 2339/2398/2403 2331/2461/2395
f 2331/2461/2395 2339/2398/2403 2340/2395/2404 2332/2394/2396
f 2332/2394/2396 2340/2395/2404 2341/2392/2405 2333/2391/2397
f 2333/2391/2397 2341/2392/2405 2342/2393/2406 2334/2389/2398
f 2334/2389/2398 2342/2393/2406 2343/2469/2407 2335/2387/2399
f 2335/2387/2399 2343/2469/2407 2344/2466/2408 2336/2388/2400
f 2336/2388/2400 2344/2466/2408 2337/2464/2401 2329/2463/2393
f 2337/2464/2401 2345/2468/2409 2346/2402/2410 2338/2465/2402
f 2338/2687/2402 2346/2686/2410 2347/2399/2411 2339/2398/2403
f 2339/2398/2403 2347/2399/2411 2348/2396/2412 2340/2395/2404
f 2340/2395/2404 2348/2396/2412 2349/2397/2413 2341/2392/2405
f 2341/2392/2405 2349/2397/2413 2350/2472/2414 2342/2393/2406
f 2342/2393/2406 2350/2472/2414 2351/2470/2415 2343/2469/2407
f 2343/2469/2407 2351/2470/2415 2352/2467/2416 2344/2466/2408
f 2344/2466/2408 2352/2467/2416 2345/2468/2409 2337/2464/2401
f 2345/2468/2409 2353/2406/2417 2354/2403/2418 2346/2402/2410
f 2346/2686/2410 2354/2685/2418 2355/2400/2419 2347/2399/2411
f 2347/2399/2411 2355/2400/2419 2356/2401/2420 2348/2396/2412
f 2348/2396/2412 2356/2401/2420 2357/2475/2421 2349/2397/2413
f 2349/2397/2413 2357/2475/2421 2358/2473/2422 2350/2472/2414
f 2350/2472/2414 2358/2473/2422 2359/2471/2423 2351/2470/2415
f 2351/2470/2415 2359/2471/2423 2360/2408/2424 2352/2467/2416
f 2352/2467/2416 2360/2408/2424 2353/2406/2417 2345/2468/2409
f 2353/2406/2417 2361/2407/2425 2362/2404/2426 2354/2403/2418
f 2354/2685/2418 2362/2683/2426 2363/2405/2427 2355/2400/2419
f 2355/2400/2419 2363/2405/2427 2364/2477/2428 2356/2401/2420
f 2356/2401/2420 2364/2477/2428 2365/2476/2429 2357/2475/2421
f 2357/2475/2421 2365/2476/2429 2366/2474/2430 2358/2473/2422
f 2358/2473/2422 2366/2474/2430 2367/2413/2431 2359/2471/2423
f 2359/2471/2423 2367/2413/2431 2368/2409/2432 2360/2408/2424
f 2360/2408/2424 2368/2409/2432 2361/2407/2425 2353/2406/2417
s 18
f 2361/2407/2433 2369/2410/2434 2370/2411/2435 2362/2404/2436
f 2362/2683/2436 2370/2684/2435 2371/2481/2437 2363/2405/2438
f 2363/2405/2438 2371/2481/2437 2372/2480/2439 2364/2477/2440
f 2364/2477/2440 2372/2480/2439 2373/2478/2441 2365/2476/2442
f 2365/2476/2442 2373/2478/2441 2374/2479/2443 2366/2474/2444
f 2366/2474/2444 2374/2479/2443 2375/2414/2445 2367/2413/2446
f 2367/2413/2446 2375/2414/2445 2376/2412/2447 2368/2409/2448
f 2368/2409/2448 2376/2412/2447 2369/2410/2434 2361/2407/2433
s 19
f 2377/1190/2449 2385/1141/2450 2386/1131/2451 2378/1130/2452
f 2378/1130/2452 2386/1131/2451 2387/1123/2453 2379/2646/2454
f 2379/1118/2454 2387/2682/2453 2388/1124/2455 2380/1119/2456
f 2380/1119/2456 2388/1124/2455 2389/1134/2457 2381/1125/2458
f 2381/1125/2458 2389/1134/2457 2390/1193/2459 2382/1136/2460
f 2382/1136/2460 2390/1193/2459 2391/1188/2461 2383/1183/2462
f 2383/1183/2462 2391/1188/2461 2392/1189/2463 2384/1184/2464
f 2384/1184/2464 2392/1189/2463 2385/1141/2450 2377/1190/2449
f 2385/1141/2450 2393/1142/2465 2394/1138/2466 2386/1131/2451
f 2386/1131/2451 2394/1138/2466 2395/1132/2467 2387/1123/2453
f 2387/2682/2453 2395/2681/2467 2396/1133/2468 2388/1124/2455
f 2388/1124/2455 2396/1133/2468 2397/1200/2469 2389/1134/2457
f 2389/1134/2457 2397/1200/2469 2398/1198/2470 2390/1193/2459
f 2390/1193/2459 2398/1198/2470 2399/1194/2471 2391/1188/2461
f 2391/1188/2461 2399/1194/2471 2400/1195/2472 2392/1189/2463
f 2392/1189/2463 2400/1195/2472 2393/1142/2465 2385/1141/2450
f 2393/1142/2465 2401/1147/2473 2402/1143/2474 2394/1138/2466
f 2394/1138/2466 2402/1143/2474 2403/1144/2475 2395/1132/2467
f 2395/2681/2467 2403/2680/2475 2404/1209/2476 2396/1133/2468
f 2396/1133/2468 2404/1209/2476 2405/1205/2477 2397/1200/2469
f 2397/1200/2469 2405/1205/2477 2406/1201/2478 2398/1198/2470
f 2398/1198/2470 2406/1201/2478 2407/1202/2479 2399/1194/2471
f 2399/1194/2471 2407/1202/2479 2408/1152/2480 2400/1195/2472
f 2400/1195/2472 2408/1152/2480 2401/1147/2473 2393/1142/2465
f 2401/1147/2473 2409/1150/2481 2410/1151/2482 2402/1143/2474
f 2402/1143/2474 2410/1151/2482 2411/1212/2483 2403/1144/2475
f 2403/2680/2475 2411/2679/2483 2412/1210/2484 2404/1209/2476
f 2404/1209/2476 2412/1210/2484 2413/1207/2485 2405/1205/2477
f 2405/1205/2477 2413/1207/2485 2414/1208/2486 2406/1201/2478
f 2406/1201/2478 2414/1208/2486 2415/1156/2487 2407/1202/2479
f 2407/1202/2479 2415/1156/2487 2416/1153/2488 2408/1152/2480
f 2408/1152/2480 2416/1153/2488 2409/1150/2481 2401/1147/2473
f 2409/1150/2481 2417/1155/2489 2418/1215/2490 2410/1151/2482
f 2410/1151/2482 2418/1215/2490 2419/1213/2491 2411/1212/2483
f 2411/2679/2483 2419/2678/2491 2420/1211/2492 2412/1210/2484
f 2412/1210/2484 2420/1211/2492 2421/1162/2493 2413/1207/2485
f 2413/1207/2485 2421/1162/2493 2422/1160/2494 2414/1208/2486
f 2414/1208/2486 2422/1160/2494 2423/1157/2495 2415/1156/2487
f 2415/1156/2487 2423/1157/2495 2424/1154/2496 2416/1153/2488
f 2416/1153/2488 2424/1154/2496 2417/1155/2489 2409/1150/2481
f 2417/1155/2489 2425/1217/2497 2426/1216/2498 2418/1215/2490
f 2418/1215/2490 2426/1216/2498 2427/1214/2499 2419/1213/2491
f 2419/2678/2491 2427/2677/2499 2428/1165/2500 2420/1211/2492
f 2420/1211/2492 2428/1165/2500 2429/1163/2501 2421/1162/2493
f 2421/1162/2493 2429/1163/2501 2430/1161/2502 2422/1160/2494
f 2422/1160/2494 2430/1161/2502 2431/1158/2503 2423/1157/2495
f 2423/1157/2495 2431/1158/2503 2432/1159/2504 2424/1154/2496
f 2424/1154/2496 2432/1159/2504 2425/1217/2497 2417/1155/2489
f 2425/1217/2497 2433/315/2505 2434/1218/2506 2426/1216/2498
f 2426/1216/2498 2434/1218/2506 2435/297/2507 2427/1214/2499
f 2427/2677/2499 2435/2676/2507 2436/293/2508 2428/1165/2500
f 2428/1165/2500 2436/293/2508 2437/296/2509 2429/1163/2501
f 2429/1163/2501 2437/296/2509 2438/1164/2510 2430/1161/2502
f 2430/1161/2502 2438/1164/2510 2439/316/2511 2431/1158/2503
f 2431/1158/2503 2439/316/2511 2440/312/2512 2432/1159/2504
f 2432/1159/2504 2440/312/2512 2433/315/2505 2425/1217/2497
f 2433/315/2505 2441/314/2513 2442/302/2514 2434/1218/2506
f 2434/1218/2506 2442/302/2514 2443/298/2515 2435/297/2507
f 2435/2676/2507 2443/2675/2515 2444/294/2516 2436/293/2508
f 2436/293/2508 2444/294/2516 2445/295/2517 2437/296/2509
f 2437/296/2509 2445/295/2517 2446/320/2518 2438/1164/2510
f 2438/1164/2510 2446/320/2518 2447/317/2519 2439/316/2511
f 2439/316/2511 2447/317/2519 2448/313/2520 2440/312/2512
f 2440/312/2512 2448/313/2520 2441/314/2513 2433/315/2505
f 2441/314/2513 2449/307/2521 2450/303/2522 2442/302/2514
f 2442/302/2514 2450/303/2522 2451/301/2523 2443/298/2515
f 2443/2675/2515 2451/2674/2523 2452/299/2524 2444/294/2516
f 2444/294/2516 2452/299/2524 2453/300/2525 2445/295/2517
f 2445/295/2517 2453/300/2525 2454/321/2526 2446/320/2518
f 2446/320/2518 2454/321/2526 2455/319/2527 2447/317/2519
f 2447/317/2519 2455/319/2527 2456/318/2528 2448/313/2520
f 2448/313/2520 2456/318/2528 2449/307/2521 2441/314/2513
f 2449/307/2521 2457/308/2529 2458/306/2530 2450/303/2522
f 2450/303/2522 2458/306/2530 2459/304/2531 2451/301/2523
f 2451/2674/2523 2459/2673/2531 2460/305/2532 2452/299/2524
f 2452/299/2524 2460/305/2532 2461/325/2533 2453/300/2525
f 2453/300/2525 2461/325/2533 2462/324/2534 2454/321/2526
f 2454/321/2526 2462/324/2534 2463/322/2535 2455/319/2527
f 2455/319/2527 2463/322/2535 2464/323/2536 2456/318/2528
f 2456/318/2528 2464/323/2536 2457/308/2529 2449/307/2521
f 2457/308/2529 2465/311/2537 2466/309/2538 2458/306/2530
f 2458/306/2530 2466/309/2538 2467/310/2539 2459/304/2531
f 2459/2673/2531 2467/2672/2539 2468/2482/2540 2460/305/2532
f 2460/305/2532 2468/2482/2540 2469/328/2541 2461/325/2533
f 2461/325/2533 2469/328/2541 2470/326/2542 2462/324/2534
f 2462/324/2534 2470/326/2542 2471/327/2543 2463/322/2535
f 2463/322/2535 2471/327/2543 2472/2509/2544 2464/323/2536
f 2464/323/2536 2472/2509/2544 2465/311/2537 2457/308/2529
f 2465/311/2537 2473/2486/2545 2474/2485/2546 2466/309/2538
f 2466/309/2538 2474/2485/2546 2475/2483/2547 2467/310/2539
f 2467/2672/2539 2475/2671/2547 2476/2484/2548 2468/2482/2540
f 2468/2482/2540 2476/2484/2548 2477/2512/2549 2469/328/2541
f 2469/328/2541 2477/2512/2549 2478/2511/2550 2470/326/2542
f 2470/326/2542 2478/2511/2550 2479/2510/2551 2471/327/2543
f 2471/327/2543 2479/2510/2551 2480/2490/2552 2472/2509/2544
f 2472/2509/2544 2480/2490/2552 2473/2486/2545 2465/311/2537
f 2473/2486/2545 2481/2489/2553 2482/2487/2554 2474/2485/2546
f 2474/2485/2546 2482/2487/2554 2483/2488/2555 2475/2483/2547
f 2475/2671/2547 2483/2670/2555 2484/2515/2556 2476/2484/2548
f 2476/2484/2548 2484/2515/2556 2485/2514/2557 2477/2512/2549
f 2477/2512/2549 2485/2514/2557 2486/2513/2558 2478/2511/2550
f 2478/2511/2550 2486/2513/2558 2487/2494/2559 2479/2510/2551
f 2479/2510/2551 2487/2494/2559 2488/2491/2560 2480/2490/2552
f 2480/2490/2552 2488/2491/2560 2481/2489/2553 2473/2486/2545
f 2481/2489/2553 2489/2493/2561 2490/2519/2562 2482/2487/2554
f 2482/2487/2554 2490/2519/2562 2491/2517/2563 2483/2488/2555
f 2483/2670/2555 2491/2669/2563 2492/2516/2564 2484/2515/2556
f 2484/2515/2556 2492/2516/2564 2493/2500/2565 2485/2514/2557
f 2485/2514/2557 2493/2500/2565 2494/2498/2566 2486/2513/2558
f 2486/2513/2558 2494/2498/2566 2495/2495/2567 2487/2494/2559
f 2487/2494/2559 2495/2495/2567 2496/2492/2568 2488/2491/2560
f 2488/2491/2560 2496/2492/2568 2489/2493/2561 2481/2489/2553
f 2489/2493/2561 2497/2521/2569 2498/2520/2570 2490/2519/2562
f 2490/2519/2562 2498/2520/2570 2499/2518/2571 2491/2517/2563
f 2491/2669/2563 2499/2668/2571 2500/2505/2572 2492/2516/2564
f 2492/2516/2564 2500/2505/2572 2501/2501/2573 2493/2500/2565
f 2493/2500/2565 2501/2501/2573 2502/2499/2574 2494/2498/2566
f 2494/2498/2566 2502/2499/2574 2503/2496/2575 2495/2495/2567
f 2495/2495/2567 2503/2496/2575 2504/2497/2576 2496/2492/2568
f 2496/2492/2568 2504/2497/2576 2497/2521/2569 2489/2493/2561
f 2497/2521/2569 2505/2523/2577 2506/2522/2578 2498/2520/2570
f 2498/2520/2570 2506/2522/2578 2507/2508/2579 2499/2518/2571
f 2499/2668/2571 2507/2667/2579 2508/2506/2580 2500/2505/2572
f 2500/2505/2572 2508/2506/2580 2509/2504/2581 2501/2501/2573
f 2501/2501/2573 2509/2504/2581 2510/2502/2582 2502/2499/2574
f 2502/2499/2574 2510/2502/2582 2511/2503/2583 2503/2496/2575
f 2503/2496/2575 2511/2503/2583 2512/2524/2584 2504/2497/2576
f 2504/2497/2576 2512/2524/2584 2505/2523/2577 2497/2521/2569
f 2505/2523/2577 2513/2525/2585 2514/2526/2586 2506/2522/2578
f 2506/2522/2578 2514/2526/2586 2515/339/2587 2507/2508/2579
f 2507/2667/2579 2515/2666/2587 2516/340/2588 2508/2506/2580
f 2508/2506/2580 2516/340/2588 2517/342/2589 2509/2504/2581
f 2509/2504/2581 2517/342/2589 2518/2507/2590 2510/2502/2582
f 2510/2502/2582 2518/2507/2590 2519/2528/2591 2511/2503/2583
f 2511/2503/2583 2519/2528/2591 2520/2527/2592 2512/2524/2584
f 2512/2524/2584 2520/2527/2592 2513/2525/2585 2505/2523/2577
f 2513/2525/2585 2521/2591/2593 2522/333/2594 2514/2526/2586
f 2514/2526/2586 2522/333/2594 2523/329/2595 2515/339/2587
f 2515/2666/2587 2523/2665/2595 2524/332/2596 2516/340/2588
f 2516/340/2588 2524/332/2596 2525/338/2597 2517/342/2589
f 2517/342/2589 2525/338/2597 2526/2531/2598 2518/2507/2590
f 2518/2507/2590 2526/2531/2598 2527/2529/2599 2519/2528/2591
f 2519/2528/2591 2527/2529/2599 2528/2530/2600 2520/2527/2592
f 2520/2527/2592 2528/2530/2600 2521/2591/2593 2513/2525/2585
f 2521/2591/2593 2529/2588/2601 2530/334/2602 2522/333/2594
f 2522/333/2594 2530/334/2602 2531/330/2603 2523/329/2595
f 2523/2665/2595 2531/2664/2603 2532/331/2604 2524/332/2596
f 2524/332/2596 2532/331/2604 2533/337/2605 2525/338/2597
f 2525/338/2597 2533/337/2605 2534/2532/2606 2526/2531/2598
f 2526/2531/2598 2534/2532/2606 2535/2533/2607 2527/2529/2599
f 2527/2529/2599 2535/2533/2607 2536/2589/2608 2528/2530/2600
f 2528/2530/2600 2536/2589/2608 2529/2588/2601 2521/2591/2593
f 2529/2588/2601 2537/345/2609 2538/341/2610 2530/334/2602
f 2530/334/2602 2538/341/2610 2539/335/2611 2531/330/2603
f 2531/2664/2603 2539/2663/2611 2540/336/2612 2532/331/2604
f 2532/331/2604 2540/336/2612 2541/2534/2613 2533/337/2605
f 2533/337/2605 2541/2534/2613 2542/2535/2614 2534/2532/2606
f 2534/2532/2606 2542/2535/2614 2543/2593/2615 2535/2533/2607
f 2535/2533/2607 2543/2593/2615 2544/2590/2616 2536/2589/2608
f 2536/2589/2608 2544/2590/2616 2537/345/2609 2529/2588/2601
f 2537/345/2609 2545/346/2617 2546/343/2618 2538/341/2610
f 2538/341/2610 2546/343/2618 2547/344/2619 2539/335/2611
f 2539/2663/2611 2547/2662/2619 2548/2536/2620 2540/336/2612
f 2540/336/2612 2548/2536/2620 2549/2537/2621 2541/2534/2613
f 2541/2534/2613 2549/2537/2621 2550/2596/2622 2542/2535/2614
f 2542/2535/2614 2550/2596/2622 2551/2594/2623 2543/2593/2615
f 2543/2593/2615 2551/2594/2623 2552/2592/2624 2544/2590/2616
f 2544/2590/2616 2552/2592/2624 2545/346/2617 2537/345/2609
f 2545/346/2617 2553/2543/2625 2554/2540/2626 2546/343/2618
f 2546/343/2618 2554/2540/2626 2555/2538/2627 2547/344/2619
f 2547/2662/2619 2555/2661/2627 2556/2539/2628 2548/2536/2620
f 2548/2536/2620 2556/2539/2628 2557/2599/2629 2549/2537/2621
f 2549/2537/2621 2557/2599/2629 2558/2597/2630 2550/2596/2622
f 2550/2596/2622 2558/2597/2630 2559/2595/2631 2551/2594/2623
f 2551/2594/2623 2559/2595/2631 2560/2545/2632 2552/2592/2624
f 2552/2592/2624 2560/2545/2632 2553/2543/2625 2545/346/2617
f 2553/2543/2625 2561/2544/2633 2562/2541/2634 2554/2540/2626
f 2554/2540/2626 2562/2541/2634 2563/2542/2635 2555/2538/2627
f 2555/2661/2627 2563/2660/2635 2564/2601/2636 2556/2539/2628
f 2556/2539/2628 2564/2601/2636 2565/2600/2637 2557/2599/2629
f 2557/2599/2629 2565/2600/2637 2566/2598/2638 2558/2597/2630
f 2558/2597/2630 2566/2598/2638 2567/2550/2639 2559/2595/2631
f 2559/2595/2631 2567/2550/2639 2568/2546/2640 2560/2545/2632
f 2560/2545/2632 2568/2546/2640 2561/2544/2633 2553/2543/2625
f 2561/2544/2633 2569/2547/2641 2570/2548/2642 2562/2541/2634
f 2562/2541/2634 2570/2548/2642 2571/2604/2643 2563/2542/2635
f 2563/2660/2635 2571/2659/2643 2572/2603/2644 2564/2601/2636
f 2564/2601/2636 2572/2603/2644 2573/2602/2645 2565/2600/2637
f 2565/2600/2637 2573/2602/2645 2574/2554/2646 2566/2598/2638
f 2566/2598/2638 2574/2554/2646 2575/2551/2647 2567/2550/2639
f 2567/2550/2639 2575/2551/2647 2576/2549/2648 2568/2546/2640
f 2568/2546/2640 2576/2549/2648 2569/2547/2641 2561/2544/2633
f 2569/2547/2641 2577/2610/2649 2578/2607/2650 2570/2548/2642
f 2570/2548/2642 2578/2607/2650 2579/2605/2651 2571/2604/2643
f 2571/2659/2643 2579/2658/2651 2580/2606/2652 2572/2603/2644
f 2572/2603/2644 2580/2606/2652 2581/2558/2653 2573/2602/2645
f 2573/2602/2645 2581/2558/2653 2582/2555/2654 2574/2554/2646
f 2574/2554/2646 2582/2555/2654 2583/2552/2655 2575/2551/2647
f 2575/2551/2647 2583/2552/2655 2584/2553/2656 2576/2549/2648
f 2576/2549/2648 2584/2553/2656 2577/2610/2649 2569/2547/2641
f 2577/2610/2649 2585/2611/2657 2586/2608/2658 2578/2607/2650
f 2578/2607/2650 2586/2608/2658 2587/2609/2659 2579/2605/2651
f 2579/2658/2651 2587/2657/2659 2588/2562/2660 2580/2606/2652
f 2580/2606/2652 2588/2562/2660 2589/2559/2661 2581/2558/2653
f 2581/2558/2653 2589/2559/2661 2590/2556/2662 2582/2555/2654
f 2582/2555/2654 2590/2556/2662 2591/2557/2663 2583/2552/2655
f 2583/2552/2655 2591/2557/2663 2592/2613/2664 2584/2553/2656
f 2584/2553/2656 2592/2613/2664 2585/2611/2657 2577/2610/2649
f 2585/2611/2657 2593/2612/2665 2594/2568/2666 2586/2608/2658
f 2586/2608/2658 2594/2568/2666 2595/2566/2667 2587/2609/2659
f 2587/2657/2659 2595/2656/2667 2596/2563/2668 2588/2562/2660
f 2588/2562/2660 2596/2563/2668 2597/2560/2669 2589/2559/2661
f 2589/2559/2661 2597/2560/2669 2598/2561/2670 2590/2556/2662
f 2590/2556/2662 2598/2561/2670 2599/2616/2671 2591/2557/2663
f 2591/2557/2663 2599/2616/2671 2600/2614/2672 2592/2613/2664
f 2592/2613/2664 2600/2614/2672 2593/2612/2665 2585/2611/2657
f 2593/2612/2665 2601/2573/2673 2602/2569/2674 2594/2568/2666
f 2594/2568/2666 2602/2569/2674 2603/2567/2675 2595/2566/2667
f 2595/2656/2667 2603/2655/2675 2604/2564/2676 2596/2563/2668
f 2596/2563/2668 2604/2564/2676 2605/2565/2677 2597/2560/2669
f 2597/2560/2669 2605/2565/2677 2606/2618/2678 2598/2561/2670
f 2598/2561/2670 2606/2618/2678 2607/2617/2679 2599/2616/2671
f 2599/2616/2671 2607/2617/2679 2608/2615/2680 2600/2614/2672
f 2600/2614/2672 2608/2615/2680 2601/2573/2673 2593/2612/2665
f 2601/2573/2673 2609/2574/2681 2610/2572/2682 2602/2569/2674
f 2602/2569/2674 2610/2572/2682 2611/2570/2683 2603/2567/2675
f 2603/2655/2675 2611/2654/2683 2612/2571/2684 2604/2564/2676
f 2604/2564/2676 2612/2571/2684 2613/2621/2685 2605/2565/2677
f 2605/2565/2677 2613/2621/2685 2614/2620/2686 2606/2618/2678
f 2606/2618/2678 2614/2620/2686 2615/2619/2687 2607/2617/2679
f 2607/2617/2679 2615/2619/2687 2616/2578/2688 2608/2615/2680
f 2608/2615/2680 2616/2578/2688 2609/2574/2681 2601/2573/2673
f 2609/2574/2681 2617/2577/2689 2618/2575/2690 2610/2572/2682
f 2610/2572/2682 2618/2575/2690 2619/2576/2691 2611/2570/2683
f 2611/2654/2683 2619/2653/2691 2620/2624/2692 2612/2571/2684
f 2612/2571/2684 2620/2624/2692 2621/2623/2693 2613/2621/2685
f 2613/2621/2685 2621/2623/2693 2622/2622/2694 2614/2620/2686
f 2614/2620/2686 2622/2622/2694 2623/2582/2695 2615/2619/2687
f 2615/2619/2687 2623/2582/2695 2624/2579/2696 2616/2578/2688
f 2616/2578/2688 2624/2579/2696 2617/2577/2689 2609/2574/2681
f 2617/2577/2689 2625/2581/2697 2626/2630/2698 2618/2575/2690
f 2618/2575/2690 2626/2630/2698 2627/2627/2699 2619/2576/2691
f 2619/2653/2691 2627/2651/2699 2628/2625/2700 2620/2624/2692
f 2620/2624/2692 2628/2625/2700 2629/2626/2701 2621/2623/2693
f 2621/2623/2693 2629/2626/2701 2630/2586/2702 2622/2622/2694
f 2622/2622/2694 2630/2586/2702 2631/2583/2703 2623/2582/2695
f 2623/2582/2695 2631/2583/2703 2632/2580/2704 2624/2579/2696
f 2624/2579/2696 2632/2580/2704 2625/2581/2697 2617/2577/2689
s 20
f 2625/2581/2705 2633/2639/2706 2634/2631/2707 2626/2630/2708
f 2626/2630/2708 2634/2631/2707 2635/2628/2709 2627/2627/2710
f 2627/2651/2710 2635/2652/2709 2636/2629/2711 2628/2625/2712
f 2628/2625/2712 2636/2629/2711 2637/2640/2713 2629/2626/2714
f 2629/2626/2714 2637/2640/2713 2638/2587/2715 2630/2586/2716
f 2630/2586/2716 2638/2587/2715 2639/2584/2717 2631/2583/2718
f 2631/2583/2718 2639/2584/2717 2640/2585/2719 2632/2580/2720
f 2632/2580/2720 2640/2585/2719 2633/2639/2706 2625/2581/2705
s off
f 1057/1801/2721 1064/1796/2722 1585/1800/2723 1586/1807/2724
f 1064/1796/2725 1063/1795/2726 1592/1799/2727 1585/1800/2728
f 1063/1795/2729 1062/1748/2730 1591/1749/2731 1592/1799/2732
f 1062/1748/2733 1061/1734/2734 1590/1740/2735 1591/1749/2736
f 1061/1734/2737 1060/1729/2738 1589/1733/2739 1590/1740/2740
f 1060/1729/2741 1059/2649/2742 1588/1732/2743 1589/1733/2744
f 1059/1728/2745 1058/1812/2746 1587/1743/2747 1588/2650/2748
f 1058/1812/2749 1057/1801/2750 1586/1807/2751 1587/1743/2752
f 793/1491/2753 800/1490/2754 1321/1507/2755 1322/2648/2756
f 800/1490/2757 799/1437/2758 1328/1445/2759 1321/1507/2760
f 799/1437/2761 798/1433/2762 1327/1436/2763 1328/1445/2764
f 798/1433/2765 797/1426/2766 1326/1435/2767 1327/1436/2768
f 797/1426/2769 796/1425/2770 1325/1447/2771 1326/1435/2772
f 796/1425/2773 795/1499/2774 1324/1505/2775 1325/1447/2776
f 795/1499/2777 794/1495/2778 1323/1498/2779 1324/1505/2780
f 794/1495/2781 793/2647/2782 1322/1497/2783 1323/1498/2784
f 529/1196/2785 536/1185/2786 2377/1190/2787 2378/1130/2788
f 536/1185/2789 535/1179/2790 2384/1184/2791 2377/1190/2792
f 535/1179/2793 534/1178/2794 2383/1183/2795 2384/1184/2796
f 534/1178/2797 533/1135/2798 2382/1136/2799 2383/1183/2800
f 533/1135/2801 532/1120/2802 2381/1125/2803 2382/1136/2804
f 532/1120/2805 531/1113/2806 2380/1119/2807 2381/1125/2808
f 531/1113/2809 530/2645/2810 2379/1118/2811 2380/1119/2812
f 530/1112/2813 529/1196/2814 2378/1130/2815 2379/2646/2816
f 265/835/2817 272/834/2818 2113/838/2819 2114/2644/2820
f 272/834/2821 271/2633/2822 2120/849/2823 2113/838/2824
f 271/2633/2825 270/900/2826 2119/904/2827 2120/849/2828
f 270/900/2829 269/895/2830 2118/899/2831 2119/904/2832
f 269/895/2833 268/894/2834 2117/898/2835 2118/899/2836
f 268/894/2837 267/2632/2838 2116/907/2839 2117/898/2840
f 267/2632/2841 266/840/2842 2115/846/2843 2116/907/2844
f 266/840/2845 265/2643/2846 2114/839/2847 2115/846/2848
f 1/357/2849 8/533/2850 1849/538/2851 1850/363/2852
f 8/533/2853 7/528/2854 1856/532/2855 1849/538/2856
f 7/528/2857 6/527/2858 1855/531/2859 1856/532/2860
f 6/527/2861 5/535/2862 1854/540/2863 1855/531/2864
f 5/535/2865 4/353/2866 1853/361/2867 1854/540/2868
f 4/353/2869 3/348/2870 1852/352/2871 1853/361/2872
f 3/348/2873 2/2641/2874 1851/351/2875 1852/352/2876
f 2/347/2877 1/357/2878 1850/363/2879 1851/2642/2880
g default
v 9.950297 -1.000273 -0.967006
v 9.884454 -0.970443 -0.937272
v 9.816916 -1.000273 -0.911614
v 9.787249 -1.072288 -0.905064
v 9.812829 -1.144304 -0.921457
v 9.878673 -1.174134 -0.951191
v 9.946209 -1.144304 -0.976849
v 9.975878 -1.072288 -0.983399
v 9.959684 -1.087361 -0.756118
v 9.789715 -1.392228 -1.353683
v 9.732510 -1.409054 -1.303149
v 9.656334 -1.392228 -1.298291
v 9.605813 -1.351605 -1.341957
v 9.610538 -1.310982 -1.408566
v 9.667745 -1.294156 -1.459100
v 9.743919 -1.310982 -1.463957
v 9.794441 -1.351605 -1.420292
v 9.656059 -1.520470 -1.487236
v 9.913402 -1.317117 -1.055849
v 9.857042 -1.304114 -1.003277
v 9.780022 -1.317117 -1.000458
v 9.727455 -1.348510 -1.049045
v 9.730138 -1.379903 -1.120575
v 9.786497 -1.392906 -1.173148
v 9.863518 -1.379903 -1.175966
v 9.916084 -1.348510 -1.127380
v 9.855824 -1.532447 -1.006210
v 9.702924 -1.150494 -1.562673
v 9.635386 -1.180324 -1.537015
v 9.569543 -1.150494 -1.507281
v 9.543963 -1.078478 -1.490888
v 9.573631 -1.006463 -1.497438
v 9.641168 -0.976633 -1.523096
v 9.707011 -1.006463 -1.552830
v 9.732592 -1.078478 -1.569223
v 9.560156 -1.063406 -1.718169
v 9.863506 -0.758539 -1.175996
v 9.787332 -0.741713 -1.171139
v 9.730125 -0.758539 -1.120604
v 9.725399 -0.799162 -1.053995
v 9.775921 -0.839785 -1.010330
v 9.852097 -0.856611 -1.015187
v 9.909302 -0.839785 -1.065721
v 9.914028 -0.799162 -1.132330
v 9.863781 -0.630297 -0.987051
v 9.739820 -0.833650 -1.473829
v 9.662798 -0.846653 -1.471011
v 9.606439 -0.833650 -1.418438
v 9.603757 -0.802257 -1.346907
v 9.656322 -0.770864 -1.298321
v 9.733343 -0.757861 -1.301139
v 9.789702 -0.770864 -1.353712
v 9.792385 -0.802257 -1.425242
v 9.664017 -0.618320 -1.468077
v 8.740904 -0.621793 -0.461085
v 8.691952 -0.575105 -0.421928
v 8.632358 -0.586405 -0.372632
v 8.597030 -0.649075 -0.342074
v 8.606663 -0.726402 -0.348155
v 8.655615 -0.773090 -0.387312
v 8.715209 -0.761790 -0.436608
v 8.750537 -0.699120 -0.467166
v 8.803521 -0.670336 -0.246915
v 8.419006 -1.037803 -0.689672
v 8.378527 -1.034130 -0.622909
v 8.310460 -1.002416 -0.601219
v 8.254679 -0.961239 -0.637306
v 8.243859 -0.934721 -0.710031
v 8.284339 -0.938395 -0.776794
v 8.352406 -0.970108 -0.798484
v 8.408187 -1.011285 -0.762397
v 8.235095 -1.159604 -0.748725
v 8.637337 -0.936304 -0.462352
v 8.602179 -0.903636 -0.400659
v 8.528790 -0.900916 -0.373899
v 8.460163 -0.929738 -0.397747
v 8.436496 -0.973218 -0.458234
v 8.471654 -1.005886 -0.519927
v 8.545042 -1.008606 -0.546687
v 8.613670 -0.979784 -0.522838
v 8.570316 -1.124341 -0.351462
v 8.304242 -0.824792 -0.915725
v 8.244648 -0.836093 -0.866429
v 8.195696 -0.789405 -0.827272
v 8.186063 -0.712077 -0.821191
v 8.221391 -0.649408 -0.851749
v 8.280986 -0.638107 -0.901045
v 8.329937 -0.684795 -0.940202
v 8.339570 -0.762123 -0.946283
v 8.133079 -0.740862 -1.041442
v 8.626140 -0.408782 -0.687139
v 8.558073 -0.377068 -0.665448
v 8.517593 -0.373394 -0.598686
v 8.528414 -0.399913 -0.525960
v 8.584194 -0.441089 -0.489873
v 8.652261 -0.472803 -0.511563
v 8.692740 -0.476476 -0.578326
v 8.681921 -0.449958 -0.651051
v 8.701506 -0.251594 -0.539632
v 8.407809 -0.510281 -0.914459
v 8.334421 -0.507562 -0.887698
v 8.299263 -0.474894 -0.826005
v 8.322930 -0.431414 -0.765519
v 8.391559 -0.402592 -0.741670
v 8.464947 -0.405311 -0.768430
v 8.500105 -0.437979 -0.830123
v 8.476438 -0.481459 -0.890610
v 8.366283 -0.286857 -0.936895
v 7.385397 -0.174200 0.397953
v 7.345532 -0.136179 0.429842
v 7.297000 -0.145382 0.469987
v 7.268230 -0.196418 0.494873
v 7.276075 -0.259391 0.489921
v 7.315940 -0.297413 0.458032
v 7.364472 -0.288210 0.417887
v 7.393243 -0.237173 0.393002
v 7.436392 -0.213732 0.572368
v 7.123253 -0.512988 0.211799
v 7.090288 -0.509996 0.266168
v 7.034856 -0.484169 0.283833
v 6.989429 -0.450636 0.254444
v 6.980618 -0.429040 0.195219
v 7.013584 -0.432032 0.140849
v 7.069015 -0.457859 0.123185
v 7.114442 -0.491392 0.152573
v 6.973480 -0.612179 0.163707
v 7.301056 -0.430329 0.396922
v 7.272424 -0.403725 0.447163
v 7.212658 -0.401511 0.468956
v 7.156770 -0.424983 0.449534
v 7.137496 -0.460392 0.400275
v 7.166127 -0.486996 0.350034
v 7.225893 -0.489210 0.328241
v 7.281782 -0.465738 0.347663
v 7.246476 -0.583461 0.487228
v 7.029792 -0.339517 0.027707
v 6.981260 -0.348720 0.067852
v 6.941395 -0.310699 0.099741
v 6.933550 -0.247725 0.104693
v 6.962320 -0.196689 0.079807
v 7.010852 -0.187486 0.039662
v 7.050717 -0.225508 0.007773
v 7.058562 -0.288481 0.002822
v 6.890401 -0.271167 -0.074673
v 7.291937 -0.000730 0.213862
v 7.236505 0.025097 0.231526
v 7.203540 0.028089 0.285895
v 7.212351 0.006493 0.345121
v 7.257778 -0.027040 0.374510
v 7.313209 -0.052867 0.356845
v 7.346175 -0.055858 0.302476
v 7.337363 -0.034262 0.243250
v 7.353312 0.127280 0.333987
v 7.114134 -0.083388 0.028738
v 7.054369 -0.081173 0.050531
v 7.025737 -0.054570 0.100772
v 7.045011 -0.019161 0.150031
v 7.100900 0.004311 0.169453
v 7.160665 0.002097 0.147660
v 7.189297 -0.024507 0.097419
v 7.170023 -0.059916 0.048160
v 7.080317 0.098563 0.010467
v 6.362084 0.566230 1.108362
v 6.343477 0.610765 1.120817
v 6.305721 0.626469 1.149323
v 6.270933 0.604143 1.177181
v 6.259490 0.556866 1.188072
v 6.278097 0.512331 1.175617
v 6.315854 0.496626 1.147111
v 6.350642 0.518952 1.119253
v 6.390403 0.566006 1.251213
v 6.075582 0.354474 1.025552
v 6.052711 0.377951 1.063108
v 6.019219 0.414713 1.066513
v 5.994726 0.443225 1.033773
v 5.993580 0.446785 0.984067
v 6.016451 0.423307 0.946511
v 6.049942 0.386545 0.943106
v 6.074435 0.358034 0.975845
v 5.938152 0.313154 1.000769
v 6.230383 0.408942 1.158456
v 6.217087 0.446835 1.187987
v 6.174020 0.469182 1.199417
v 6.126412 0.462892 1.186052
v 6.102150 0.431650 1.155720
v 6.115447 0.393757 1.126189
v 6.158514 0.371410 1.114759
v 6.206121 0.377700 1.128124
v 6.149455 0.337278 1.256044
v 6.052481 0.457293 0.842554
v 6.014725 0.472997 0.871059
v 5.996118 0.517532 0.883515
v 6.007560 0.564810 0.872623
v 6.042348 0.587136 0.844766
v 6.080105 0.571431 0.816260
v 6.098711 0.526896 0.803805
v 6.087269 0.479619 0.814696
v 5.967799 0.517756 0.740664
v 6.338983 0.669049 0.925364
v 6.305491 0.705811 0.928769
v 6.282620 0.729288 0.966325
v 6.283767 0.725728 1.016032
v 6.308259 0.697217 1.048771
v 6.341751 0.660455 1.045366
v 6.364623 0.636977 1.007810
v 6.363476 0.640537 0.958104
v 6.420050 0.770608 0.991108
v 6.184182 0.614580 0.792460
v 6.141115 0.636927 0.803890
v 6.127819 0.674820 0.833421
v 6.152081 0.706062 0.863753
v 6.199688 0.712352 0.877118
v 6.242755 0.690005 0.865687
v 6.256052 0.652112 0.836157
v 6.231790 0.620870 0.805825
v 6.208747 0.746483 0.735833
v 5.034310 1.437910 1.150344
v 4.990690 1.484111 1.127454
v 4.923397 1.489633 1.125934
v 4.871850 1.451242 1.146673
v 4.866244 1.391425 1.177524
v 4.909864 1.345224 1.200413
v 4.977157 1.339702 1.201934
v 5.028704 1.378093 1.181194
v 4.953350 1.495323 1.320876
v 4.861551 0.997634 1.002389
v 4.800566 1.023555 1.015431
v 4.750638 1.049357 0.977979
v 4.741014 1.059926 0.911973
v 4.777332 1.049070 0.856077
v 4.838317 1.023149 0.843035
v 4.888245 0.997347 0.880487
v 4.897868 0.986778 0.946493
v 4.747907 0.862745 0.913946
v 4.905366 1.189566 1.209999
v 4.856218 1.235827 1.212356
v 4.794454 1.241290 1.185589
v 4.756254 1.202754 1.145378
v 4.763995 1.142795 1.115277
v 4.813144 1.096534 1.112920
v 4.874908 1.091071 1.139687
v 4.913108 1.129606 1.179898
v 4.766220 1.086228 1.304293
v 4.946678 1.054045 0.735124
v 4.879385 1.059568 0.733603
v 4.835766 1.105769 0.710714
v 4.841372 1.165585 0.679863
v 4.892919 1.203977 0.659124
v 4.960212 1.198455 0.660644
v 5.003831 1.152253 0.683534
v 4.998225 1.092437 0.714384
v 4.916725 1.048356 0.540182
v 5.119437 1.494321 0.883078
v 5.069510 1.520124 0.845627
v 5.008524 1.546045 0.858669
v 4.972207 1.556901 0.914564
v 4.981830 1.546332 0.980570
v 5.031758 1.520530 1.018022
v 5.092743 1.494608 1.004980
v 5.129061 1.483752 0.949085
v 5.122168 1.680934 0.947111
v 5.075622 1.302389 0.675468
v 5.013857 1.307852 0.648701
v 4.964709 1.354113 0.651059
v 4.956967 1.414073 0.681159
v 4.995167 1.452608 0.721371
v 5.056931 1.447145 0.748138
v 5.106080 1.400884 0.745780
v 5.113821 1.340924 0.715680
v 5.103855 1.457451 0.556764
v 3.747559 1.723045 0.764479
v 3.670423 1.753398 0.731108
v 3.586840 1.722111 0.726655
v 3.545772 1.647510 0.753728
v 3.571275 1.573296 0.796468
v 3.648411 1.542943 0.829840
v 3.731994 1.574231 0.834293
v 3.773062 1.648831 0.807219
v 3.610647 1.749318 0.985204
v 3.794899 1.095985 0.578817
v 3.706743 1.092935 0.593100
v 3.634181 1.095050 0.540993
v 3.619719 1.101090 0.453020
v 3.671829 1.107518 0.380714
v 3.759986 1.110567 0.366432
v 3.832548 1.108452 0.418539
v 3.847009 1.102412 0.506512
v 3.738686 0.868918 0.462905
v 3.730065 1.354214 0.847925
v 3.645132 1.381985 0.847749
v 3.569346 1.353280 0.810101
v 3.547102 1.284913 0.757035
v 3.591429 1.216933 0.719637
v 3.676362 1.189162 0.719813
v 3.752148 1.217867 0.757461
v 3.774392 1.286234 0.810527
v 3.617299 1.153888 0.971651
v 3.877228 1.206586 0.226262
v 3.793645 1.175298 0.221809
v 3.716510 1.205651 0.188438
v 3.691006 1.279865 0.145698
v 3.732074 1.354465 0.118624
v 3.815658 1.385753 0.123077
v 3.892793 1.355400 0.156448
v 3.918297 1.281186 0.199189
v 3.853422 1.179378 -0.032287
v 3.829888 1.833646 0.411924
v 3.757326 1.835761 0.359817
v 3.669169 1.832711 0.374100
v 3.617059 1.826284 0.446406
v 3.631521 1.820244 0.534378
v 3.704083 1.818129 0.586485
v 3.792239 1.821178 0.572203
v 3.844349 1.827606 0.499897
v 3.725382 2.059778 0.490012
v 3.894722 1.575416 0.142816
v 3.818937 1.546710 0.105168
v 3.734004 1.574482 0.104992
v 3.689676 1.642462 0.142390
v 3.711920 1.710829 0.195456
v 3.787706 1.739534 0.233104
v 3.872639 1.711763 0.233280
v 3.916966 1.643783 0.195882
v 3.846770 1.774809 -0.018734
v 2.231339 1.622113 0.462105
v 2.154203 1.652466 0.428734
v 2.070621 1.621178 0.424281
v 2.029552 1.546578 0.451354
v 2.055056 1.472364 0.494095
v 2.132192 1.442011 0.527466
v 2.215775 1.473299 0.531919
v 2.256843 1.547899 0.504846
v 2.094427 1.648386 0.682831
v 2.278680 0.995053 0.276443
v 2.190524 0.992003 0.290726
v 2.117961 0.994118 0.238619
v 2.103500 1.000158 0.150646
v 2.155610 1.006585 0.078341
v 2.243766 1.009635 0.064058
v 2.316328 1.007520 0.116165
v 2.330790 1.001480 0.204138
v 2.222466 0.767986 0.160531
v 2.213845 1.253282 0.545552
v 2.128912 1.281053 0.545375
v 2.053127 1.252348 0.507727
v 2.030882 1.183981 0.454662
v 2.075210 1.116001 0.417263
v 2.160143 1.088230 0.417439
v 2.235929 1.116935 0.455087
v 2.258173 1.185302 0.508153
v 2.101079 1.052955 0.669277
v 2.361009 1.105653 -0.076111
v 2.277426 1.074366 -0.080565
v 2.200290 1.104719 -0.113936
v 2.174787 1.178933 -0.156676
v 2.215855 1.253533 -0.183749
v 2.299438 1.284821 -0.179296
v 2.376574 1.254468 -0.145925
v 2.402077 1.180254 -0.103185
v 2.337202 1.078446 -0.334661
v 2.313668 1.732714 0.109550
v 2.241106 1.734829 0.057444
v 2.152949 1.731779 0.071726
v 2.100840 1.725352 0.144032
v 2.115301 1.719312 0.232005
v 2.187863 1.717197 0.284111
v 2.276020 1.720246 0.269829
v 2.328130 1.726674 0.197523
v 2.209163 1.958846 0.187639
v 2.378503 1.474484 -0.159558
v 2.302717 1.445778 -0.197206
v 2.217784 1.473549 -0.197382
v 2.173457 1.541529 -0.159983
v 2.195701 1.609896 -0.106918
v 2.271487 1.638602 -0.069270
v 2.356420 1.610831 -0.069093
v 2.400747 1.542851 -0.106492
v 2.330550 1.673876 -0.321107
v -0.582088 0.065705 0.090613
v -0.642656 0.055581 0.075433
v -0.683298 0.007721 0.083118
v -0.680205 -0.049841 0.109167
v -0.635190 -0.083384 0.138320
v -0.574622 -0.073260 0.153501
v -0.533981 -0.025399 0.145816
v -0.537074 0.032162 0.119767
v -0.655631 0.054397 0.259782
v -0.352181 -0.320683 -0.024667
v -0.403763 -0.351089 -0.004268
v -0.453390 -0.378668 -0.032162
v -0.471990 -0.387263 -0.092009
v -0.448668 -0.371840 -0.148750
v -0.397085 -0.341433 -0.169149
v -0.347458 -0.313855 -0.141255
v -0.328858 -0.305260 -0.081408
v -0.318009 -0.489459 -0.091757
v -0.457778 -0.160560 0.162481
v -0.519324 -0.172099 0.171447
v -0.558987 -0.218545 0.154986
v -0.553533 -0.272693 0.122741
v -0.506157 -0.302822 0.093600
v -0.444611 -0.291284 0.084635
v -0.404948 -0.244837 0.101096
v -0.410402 -0.190690 0.133341
v -0.446544 -0.311653 0.268307
v -0.370894 -0.254539 -0.283682
v -0.411535 -0.302400 -0.275997
v -0.472103 -0.312524 -0.291178
v -0.517118 -0.278981 -0.320332
v -0.520210 -0.221420 -0.346381
v -0.479569 -0.173559 -0.354066
v -0.419001 -0.163435 -0.338885
v -0.373986 -0.196978 -0.309731
v -0.398561 -0.301216 -0.460346
v -0.600801 0.131849 -0.168403
v -0.650428 0.104271 -0.196297
v -0.702010 0.073864 -0.175898
v -0.725333 0.058441 -0.119156
v -0.706733 0.067036 -0.059310
v -0.657106 0.094614 -0.031416
v -0.605524 0.125021 -0.051814
v -0.582201 0.140444 -0.108556
v -0.736182 0.242641 -0.108808
v -0.495204 -0.028273 -0.355550
v -0.534867 -0.074720 -0.372011
v -0.596413 -0.086258 -0.363046
v -0.643789 -0.056129 -0.333905
v -0.649243 -0.001982 -0.301660
v -0.609580 0.044465 -0.285199
v -0.548034 0.056003 -0.294165
v -0.500658 0.025874 -0.323305
v -0.607647 0.064834 -0.468872
v 0.282057 0.613272 0.127242
v 0.221489 0.603148 0.112061
v 0.180847 0.555288 0.119747
v 0.183940 0.497726 0.145796
v 0.228955 0.464183 0.174949
v 0.289523 0.474307 0.190130
v 0.330164 0.522168 0.182445
v 0.327071 0.579729 0.156396
v 0.208514 0.601964 0.296411
v 0.511964 0.226884 0.011962
v 0.460382 0.196478 0.032361
v 0.410755 0.168899 0.004467
v 0.392155 0.160304 -0.055380
v 0.415478 0.175727 -0.112121
v 0.467060 0.206134 -0.132520
v 0.516687 0.233712 -0.104626
v 0.535287 0.242307 -0.044780
v 0.546136 0.058108 -0.055128
v 0.406367 0.387007 0.199110
v 0.344821 0.375468 0.208076
v 0.305158 0.329022 0.191615
v 0.310612 0.274874 0.159369
v 0.357988 0.244745 0.130229
v 0.419534 0.256283 0.121263
v 0.459197 0.302730 0.137724
v 0.453743 0.356877 0.169970
v 0.417601 0.235914 0.304936
v 0.493251 0.293028 -0.247054
v 0.452610 0.245167 -0.239368
v 0.392042 0.235043 -0.254549
v 0.347028 0.268586 -0.283703
v 0.343935 0.326147 -0.309752
v 0.384576 0.374008 -0.317437
v 0.445144 0.384132 -0.302256
v 0.490159 0.350589 -0.273103
v 0.465585 0.246351 -0.423717
v 0.263344 0.679416 -0.131774
v 0.213717 0.651838 -0.159668
v 0.162135 0.621431 -0.139269
v 0.138812 0.606008 -0.082527
v 0.157412 0.614603 -0.022681
v 0.207039 0.642181 0.005213
v 0.258621 0.672588 -0.015186
v 0.281944 0.688011 -0.071927
v 0.127963 0.790208 -0.072179
v 0.368941 0.519294 -0.318921
v 0.329278 0.472847 -0.335383
v 0.267732 0.461309 -0.326417
v 0.220356 0.491438 -0.297277
v 0.214902 0.545585 -0.265031
v 0.254565 0.592032 -0.248570
v 0.316111 0.603570 -0.257536
v 0.363487 0.573441 -0.286676
v 0.256498 0.612401 -0.432243
v -2.093727 -0.529858 -0.058336
v -2.170056 -0.515345 -0.091529
v -2.241760 -0.559555 -0.098042
v -2.266837 -0.636590 -0.074059
v -2.230597 -0.701325 -0.033630
v -2.154268 -0.715838 -0.000437
v -2.082563 -0.671628 0.006076
v -2.057487 -0.594592 -0.017907
v -2.230482 -0.533231 0.147133
v -1.931128 -1.100600 -0.237674
v -2.012654 -1.119684 -0.226364
v -2.079161 -1.130297 -0.277379
v -2.091692 -1.126222 -0.360835
v -2.042906 -1.109847 -0.427844
v -1.961380 -1.090763 -0.439153
v -1.894872 -1.080150 -0.388138
v -1.882342 -1.084224 -0.304682
v -1.939184 -1.320036 -0.350428
v -2.044484 -0.876257 0.017152
v -2.128321 -0.865979 0.015122
v -2.192517 -0.905954 -0.022554
v -2.199466 -0.972764 -0.073803
v -2.145098 -1.027274 -0.108606
v -2.061260 -1.037552 -0.106575
v -1.997064 -0.997577 -0.068900
v -1.990115 -0.930766 -0.017651
v -2.115278 -1.084217 0.129719
v -1.867016 -0.978544 -0.567988
v -1.938720 -1.022754 -0.574501
v -2.015049 -1.008241 -0.607694
v -2.051290 -0.943506 -0.648123
v -2.026213 -0.866471 -0.672106
v -1.954508 -0.822261 -0.665593
v -1.878180 -0.836774 -0.632400
v -1.841939 -0.901509 -0.591971
v -1.878294 -1.004868 -0.813163
v -2.029615 -0.407802 -0.388651
v -2.096123 -0.418415 -0.439666
v -2.177648 -0.437499 -0.428356
v -2.226434 -0.453874 -0.361347
v -2.213904 -0.457949 -0.277892
v -2.147396 -0.447336 -0.226876
v -2.065871 -0.428252 -0.238186
v -2.017084 -0.411877 -0.305195
v -2.169592 -0.218063 -0.315602
v -1.916259 -0.632145 -0.643476
v -1.980455 -0.672120 -0.681152
v -2.064292 -0.661842 -0.683182
v -2.118661 -0.607333 -0.648379
v -2.111712 -0.540522 -0.597130
v -2.047516 -0.500547 -0.559455
v -1.963679 -0.510825 -0.557424
v -1.909310 -0.565335 -0.592227
v -1.993498 -0.453882 -0.795749
v -4.024651 -0.836719 -0.427753
v -4.104046 -0.814187 -0.445840
v -4.179854 -0.850526 -0.437416
v -4.207669 -0.924450 -0.407415
v -4.171196 -0.992656 -0.373412
v -4.091801 -1.015188 -0.355325
v -4.015992 -0.978849 -0.363749
v -3.988177 -0.904925 -0.393750
v -4.118369 -0.825459 -0.199672
v -3.960460 -1.421579 -0.623112
v -4.039759 -1.431884 -0.595835
v -4.115664 -1.435386 -0.632774
v -4.143712 -1.430034 -0.712293
v -4.107472 -1.418962 -0.787808
v -4.028174 -1.408658 -0.815086
v -3.952269 -1.405156 -0.778146
v -3.924221 -1.410508 -0.698627
v -4.013139 -1.638958 -0.727526
v -3.998018 -1.186362 -0.355946
v -4.079109 -1.167231 -0.341924
v -4.153222 -1.200169 -0.365608
v -4.176940 -1.265881 -0.413124
v -4.136372 -1.325875 -0.456638
v -4.055280 -1.345006 -0.470659
v -3.981168 -1.312068 -0.446975
v -3.957449 -1.246356 -0.399459
v -4.066813 -1.385576 -0.227448
v -3.949535 -1.307154 -0.962085
v -4.025344 -1.343493 -0.953661
v -4.104739 -1.320961 -0.971748
v -4.141212 -1.252756 -1.005751
v -4.113398 -1.178831 -1.035752
v -4.037589 -1.142492 -1.044177
v -3.958194 -1.165025 -1.026089
v -3.921721 -1.233230 -0.992086
v -4.011021 -1.332222 -1.199829
v -4.013726 -0.722294 -0.766727
v -4.089631 -0.725796 -0.803667
v -4.168930 -0.736101 -0.776389
v -4.205169 -0.747172 -0.700874
v -4.177121 -0.752524 -0.621356
v -4.101215 -0.749022 -0.584416
v -4.021917 -0.738718 -0.611693
v -3.985677 -0.727647 -0.687208
v -4.116251 -0.518722 -0.671975
v -3.976168 -0.957512 -1.033893
v -4.050281 -0.990450 -1.057577
v -4.131372 -0.971318 -1.043555
v -4.171941 -0.911325 -1.000042
v -4.148222 -0.845612 -0.952526
v -4.074110 -0.812674 -0.928842
v -3.993018 -0.831806 -0.942863
v -3.952449 -0.891799 -0.986377
v -4.062577 -0.772104 -1.172053
v -6.001984 -0.295957 -1.037417
v -6.038946 -0.251958 -1.051768
v -6.096429 -0.240917 -1.042717
v -6.140759 -0.269302 -1.015566
v -6.145969 -0.320486 -0.986220
v -6.109007 -0.364485 -0.971870
v -6.051524 -0.375526 -0.980921
v -6.007194 -0.347140 -1.008071
v -6.039243 -0.235878 -0.879475
v -6.212752 -0.665983 -1.124237
v -6.260700 -0.637528 -1.104251
v -6.307197 -0.610943 -1.129536
v -6.325007 -0.601802 -1.185280
v -6.303697 -0.615460 -1.238828
v -6.255749 -0.643915 -1.258813
v -6.209251 -0.670499 -1.233529
v -6.191442 -0.679640 -1.177785
v -6.336266 -0.774345 -1.178510
v -6.125145 -0.499652 -0.958047
v -6.162832 -0.454718 -0.949762
v -6.219590 -0.444612 -0.963346
v -6.262170 -0.475256 -0.990841
v -6.265630 -0.528698 -1.016141
v -6.227942 -0.573632 -1.024426
v -6.171185 -0.583737 -1.010842
v -6.128604 -0.553094 -0.983347
v -6.238695 -0.575455 -0.851728
v -6.177198 -0.628618 -1.369797
v -6.234681 -0.617578 -1.360746
v -6.271644 -0.573579 -1.375097
v -6.266434 -0.522395 -1.404443
v -6.222103 -0.494010 -1.431593
v -6.164620 -0.505050 -1.440645
v -6.127658 -0.549049 -1.426294
v -6.132868 -0.600233 -1.396948
v -6.234385 -0.633657 -1.533039
v -5.966430 -0.258592 -1.282978
v -6.012928 -0.232008 -1.308263
v -6.060875 -0.203552 -1.288277
v -6.082186 -0.189895 -1.234729
v -6.064376 -0.199036 -1.178985
v -6.017879 -0.225620 -1.153701
v -5.969931 -0.254076 -1.173686
v -5.948620 -0.267733 -1.227234
v -5.937362 -0.095191 -1.234004
v -6.054038 -0.424923 -1.449168
v -6.110795 -0.414818 -1.462752
v -6.148483 -0.369883 -1.454467
v -6.145023 -0.316442 -1.429167
v -6.102443 -0.285798 -1.401672
v -6.045685 -0.295903 -1.388088
v -6.007998 -0.340838 -1.396373
v -6.011457 -0.394279 -1.421673
v -6.034933 -0.294080 -1.560786
v -8.684770 1.009763 0.909728
v -8.741736 1.056077 0.927880
v -8.801410 1.051869 0.974151
v -8.828835 0.999603 1.021436
v -8.807945 0.929897 1.042036
v -8.750979 0.883583 1.023883
v -8.691305 0.887791 0.977612
v -8.663880 0.940057 0.930327
v -8.637909 1.045701 1.122644
v -8.910206 0.509189 0.828731
v -8.955449 0.527233 0.886586
v -9.026846 0.551294 0.893155
v -9.082575 0.567277 0.844589
v -9.089990 0.565820 0.769339
v -9.044746 0.547775 0.711485
v -8.973349 0.523714 0.704916
v -8.917621 0.507731 0.753481
v -9.062326 0.350184 0.808795
v -8.737915 0.709958 1.009451
v -8.781804 0.753264 1.053246
v -8.854555 0.752064 1.073874
v -8.913551 0.707060 1.059252
v -8.924234 0.644617 1.017944
v -8.880344 0.601311 0.974148
v -8.807593 0.602511 0.953520
v -8.748597 0.647514 0.968143
v -8.784855 0.565838 1.170220
v -9.029352 0.608225 0.548288
v -9.089025 0.604016 0.594559
v -9.145992 0.650330 0.612711
v -9.166882 0.720037 0.592112
v -9.139457 0.772303 0.544827
v -9.079783 0.776511 0.498556
v -9.022817 0.730197 0.480403
v -9.001927 0.660491 0.501003
v -9.192853 0.614393 0.399795
v -8.803916 1.108799 0.629284
v -8.875313 1.132860 0.635853
v -8.920556 1.150905 0.693708
v -8.913141 1.152362 0.768958
v -8.857413 1.136380 0.817523
v -8.786016 1.112319 0.810954
v -8.740772 1.094274 0.753100
v -8.748187 1.092816 0.677849
v -8.768435 1.309910 0.713644
v -8.976207 0.908030 0.448564
v -9.048958 0.906830 0.469193
v -9.092847 0.950135 0.512988
v -9.082165 1.012579 0.554296
v -9.023169 1.057583 0.568919
v -8.950418 1.058783 0.548291
v -8.906528 1.015477 0.504495
v -8.917211 0.953033 0.463187
v -9.045908 1.094256 0.352219
v -7.489604 0.787575 0.032333
v -7.546571 0.833889 0.050485
v -7.606245 0.829680 0.096756
v -7.633669 0.777415 0.144041
v -7.612780 0.707708 0.164641
v -7.555814 0.661394 0.146489
v -7.496140 0.665603 0.100217
v -7.468715 0.717869 0.052933
v -7.442743 0.823512 0.245249
v -7.715040 0.287001 -0.048664
v -7.760283 0.305045 0.009191
v -7.831681 0.329106 0.015760
v -7.887409 0.345089 -0.032805
v -7.894824 0.343631 -0.108055
v -7.849581 0.325587 -0.165910
v -7.778183 0.301526 -0.172479
v -7.722455 0.285543 -0.123914
v -7.867161 0.127996 -0.068599
v -7.542749 0.487770 0.132056
v -7.586638 0.531075 0.175852
v -7.659389 0.529875 0.196480
v -7.718386 0.484872 0.181857
v -7.729068 0.422428 0.140549
v -7.685179 0.379122 0.096754
v -7.612428 0.380323 0.076125
v -7.553432 0.425326 0.090748
v -7.589689 0.343649 0.292825
v -7.834186 0.386036 -0.329107
v -7.893860 0.381828 -0.282836
v -7.950827 0.428142 -0.264683
v -7.971716 0.497848 -0.285283
v -7.944291 0.550114 -0.332568
v -7.884617 0.554322 -0.378839
v -7.827651 0.508009 -0.396992
v -7.806762 0.438302 -0.376392
v -7.997687 0.392205 -0.477600
v -7.608750 0.886611 -0.248110
v -7.680148 0.910672 -0.241542
v -7.725390 0.928716 -0.183687
v -7.717976 0.930174 -0.108437
v -7.662247 0.914191 -0.059871
v -7.590850 0.890130 -0.066440
v -7.545607 0.872086 -0.124295
v -7.553021 0.870628 -0.199545
v -7.573270 1.087721 -0.163751
v -7.781041 0.685841 -0.428830
v -7.853792 0.684641 -0.408202
v -7.897682 0.727947 -0.364407
v -7.886999 0.790391 -0.323099
v -7.828003 0.835394 -0.308476
v -7.755252 0.836594 -0.329104
v -7.711362 0.793289 -0.372900
v -7.722045 0.730845 -0.414208
v -7.850742 0.872067 -0.525175
v -10.372504 1.231121 1.694702
v -10.427170 1.255335 1.699923
v -10.478642 1.238711 1.725926
v -10.496769 1.190985 1.757479
v -10.470932 1.140116 1.776100
v -10.416266 1.115902 1.770880
v -10.364794 1.132527 1.744876
v -10.346667 1.180252 1.713323
v -10.377604 1.256602 1.868106
v -10.433927 0.808121 1.588729
v -10.480602 0.810708 1.626367
v -10.540064 0.815710 1.619953
v -10.577481 0.820197 1.573243
v -10.570934 0.821540 1.513601
v -10.524259 0.818952 1.475963
v -10.464796 0.813950 1.482377
v -10.427380 0.809464 1.529087
v -10.515045 0.658586 1.546263
v -10.370928 0.985349 1.759800
v -10.419201 1.008356 1.787047
v -10.477066 0.992939 1.791024
v -10.510628 0.948128 1.769401
v -10.500225 0.900174 1.734846
v -10.451953 0.877167 1.707599
v -10.394088 0.892584 1.703622
v -10.360526 0.937395 1.725245
v -10.404077 0.857500 1.875126
v -10.498501 0.876664 1.352560
v -10.549973 0.860040 1.378563
v -10.604639 0.884254 1.383783
v -10.630476 0.935123 1.365163
v -10.612349 0.982848 1.333609
v -10.560877 0.999473 1.307606
v -10.506211 0.975258 1.302386
v -10.480374 0.924389 1.321006
v -10.599540 0.858773 1.210379
v -10.437078 1.299664 1.458533
v -10.496541 1.304666 1.452118
v -10.543217 1.307254 1.489756
v -10.549763 1.305911 1.549399
v -10.512346 1.301425 1.596108
v -10.452885 1.296423 1.602523
v -10.406209 1.293835 1.564885
v -10.399662 1.295178 1.505242
v -10.462098 1.456789 1.532223
v -10.500077 1.122436 1.287462
v -10.557942 1.107019 1.291439
v -10.606215 1.130026 1.318685
v -10.616617 1.177980 1.353241
v -10.583055 1.222791 1.374863
v -10.525189 1.238208 1.370886
v -10.476917 1.215201 1.343640
v -10.466516 1.167247 1.309084
v -10.573067 1.257874 1.203359
v -13.102462 0.547201 0.746849
v -13.149336 0.574199 0.696275
v -13.209254 0.548295 0.661310
v -13.247118 0.484664 0.662435
v -13.240746 0.420580 0.698993
v -13.193872 0.393582 0.749567
v -13.133953 0.419486 0.784533
v -13.096090 0.483117 0.783407
v -13.284090 0.553325 0.864243
v -12.980400 0.042100 0.588003
v -13.051324 0.038228 0.567058
v -13.087193 0.043194 0.502463
v -13.066997 0.054090 0.432055
v -13.002564 0.064532 0.397079
v -12.931641 0.068405 0.418024
v -12.895771 0.063439 0.482619
v -12.915968 0.052543 0.553027
v -12.973808 -0.137820 0.468032
v -13.132950 0.236835 0.780944
v -13.197351 0.259413 0.752196
v -13.239743 0.237929 0.695404
v -13.235291 0.184966 0.643839
v -13.186605 0.131551 0.627705
v -13.122204 0.108973 0.656453
v -13.079813 0.130457 0.713244
v -13.084264 0.183420 0.764810
v -13.254590 0.062491 0.821138
v -12.797362 0.157733 0.360966
v -12.857281 0.131829 0.326000
v -12.904156 0.158826 0.275426
v -12.910527 0.222911 0.238868
v -12.872663 0.286542 0.237743
v -12.812744 0.312446 0.272708
v -12.765870 0.285448 0.323283
v -12.759499 0.221364 0.359840
v -12.722527 0.152703 0.158032
v -12.919423 0.662834 0.519813
v -12.955293 0.667800 0.455217
v -13.026217 0.663927 0.434273
v -13.090649 0.653485 0.469249
v -13.110846 0.642589 0.539656
v -13.074976 0.637623 0.604251
v -13.004053 0.641496 0.625196
v -12.939621 0.651938 0.590220
v -13.032808 0.843848 0.554243
v -12.766874 0.468099 0.326871
v -12.809265 0.446615 0.270080
v -12.873667 0.469193 0.241331
v -12.922353 0.522608 0.257465
v -12.926805 0.575570 0.309031
v -12.884413 0.597055 0.365822
v -12.820011 0.574477 0.394571
v -12.771325 0.521061 0.378437
v -12.752027 0.643537 0.201138
v -14.636684 0.346215 -0.452045
v -14.683558 0.373213 -0.502619
v -14.743477 0.347309 -0.537585
v -14.781341 0.283678 -0.536459
v -14.774969 0.219594 -0.499902
v -14.728094 0.192596 -0.449327
v -14.668176 0.218500 -0.414362
v -14.630313 0.282131 -0.415488
v -14.818313 0.352339 -0.334651
v -14.514623 -0.158886 -0.610892
v -14.585546 -0.162758 -0.631836
v -14.621416 -0.157792 -0.696432
v -14.601219 -0.146896 -0.766839
v -14.536787 -0.136454 -0.801815
v -14.465863 -0.132581 -0.780871
v -14.429994 -0.137547 -0.716275
v -14.450191 -0.148443 -0.645868
v -14.508032 -0.338806 -0.730862
v -14.667172 0.035849 -0.417950
v -14.731574 0.058427 -0.446699
v -14.773966 0.036943 -0.503490
v -14.769514 -0.016020 -0.555056
v -14.720828 -0.069435 -0.571190
v -14.656426 -0.092013 -0.542441
v -14.614035 -0.070529 -0.485650
v -14.618486 -0.017566 -0.434084
v -14.788813 -0.138495 -0.377757
v -14.331585 -0.043253 -0.837929
v -14.391503 -0.069157 -0.872894
v -14.438377 -0.042160 -0.923469
v -14.444750 0.021925 -0.960026
v -14.406886 0.085556 -0.961152
v -14.346968 0.111460 -0.926186
v -14.300093 0.084462 -0.875612
v -14.293721 0.020378 -0.839054
v -14.256750 -0.048283 -1.040862
v -14.453646 0.461848 -0.679082
v -14.489515 0.466814 -0.743677
v -14.560439 0.462941 -0.764622
v -14.624871 0.452499 -0.729646
v -14.645068 0.441603 -0.659238
v -14.609199 0.436637 -0.594643
v -14.538275 0.440510 -0.573699
v -14.473843 0.450952 -0.608674
v -14.567031 0.642862 -0.644651
v -14.301096 0.267113 -0.872024
v -14.343488 0.245629 -0.928815
v -14.407889 0.268207 -0.957564
v -14.456575 0.321622 -0.941429
v -14.461027 0.374584 -0.889864
v -14.418635 0.396069 -0.833073
v -14.354234 0.373491 -0.804324
v -14.305548 0.320075 -0.820458
v -14.286249 0.442551 -0.997757
v -15.936403 0.339247 -1.090734
v -15.994564 0.382316 -1.106428
v -16.067997 0.372808 -1.107468
v -16.113686 0.316291 -1.093246
v -16.104868 0.245874 -1.072093
v -16.046707 0.202805 -1.056399
v -15.973274 0.212313 -1.055359
v -15.927586 0.268829 -1.069581
v -16.030319 0.347050 -0.895986
v -16.025658 -0.135135 -1.340241
v -16.096500 -0.124588 -1.321428
v -16.157251 -0.101574 -1.356975
v -16.172323 -0.079574 -1.426060
v -16.132887 -0.071475 -1.488213
v -16.062044 -0.082022 -1.507027
v -16.001293 -0.105036 -1.471479
v -15.986222 -0.127036 -1.402395
v -16.119589 -0.286011 -1.463615
v -16.015444 0.035938 -1.077469
v -16.078651 0.072774 -1.065983
v -16.147038 0.069499 -1.094203
v -16.180544 0.028032 -1.145600
v -16.159544 -0.027336 -1.190066
v -16.096336 -0.064171 -1.201553
v -16.027950 -0.060897 -1.173332
v -15.994444 -0.019430 -1.121935
v -16.137493 -0.123915 -0.997728
v -15.956832 -0.002900 -1.616278
v -16.030266 -0.012408 -1.617318
v -16.088425 0.030661 -1.633012
v -16.097244 0.101078 -1.654165
v -16.051554 0.157595 -1.668387
v -15.978122 0.167103 -1.667347
v -15.919961 0.124034 -1.651653
v -15.911143 0.053617 -1.630500
v -15.994511 0.022858 -1.827760
v -15.867577 0.471482 -1.366771
v -15.928328 0.494496 -1.402318
v -15.999170 0.505043 -1.383505
v -16.038607 0.496944 -1.321351
v -16.023535 0.474944 -1.252267
v -15.962785 0.451930 -1.216719
v -15.891942 0.441383 -1.235533
v -15.852506 0.449482 -1.297686
v -15.905240 0.655919 -1.260131
v -15.877791 0.300409 -1.629543
v -15.946178 0.297134 -1.657763
v -16.009384 0.333970 -1.646276
v -16.030384 0.389338 -1.601811
v -15.996879 0.430804 -1.550414
v -15.928492 0.434079 -1.522193
v -15.865286 0.397244 -1.533680
v -15.844284 0.341876 -1.578146
v -15.887336 0.493823 -1.726017
v -17.867027 0.928425 -0.887901
v -17.903561 0.965828 -0.877221
v -17.952448 0.965806 -0.855833
v -17.985058 0.928371 -0.836264
v -17.982283 0.875452 -0.829978
v -17.945751 0.838048 -0.840658
v -17.896862 0.838071 -0.862047
v -17.864254 0.875506 -0.881615
v -17.869236 0.919892 -0.732247
v -18.059607 0.630391 -1.053459
v -18.098377 0.642002 -1.018679
v -18.145027 0.667772 -1.021391
v -18.172228 0.692605 -1.060004
v -18.164047 0.701955 -1.111901
v -18.125275 0.690344 -1.146680
v -18.078627 0.664574 -1.143969
v -18.051426 0.639740 -1.105356
v -18.176075 0.546536 -1.114362
v -17.953455 0.719924 -0.875071
v -17.986048 0.750248 -0.845646
v -18.038876 0.757306 -0.843002
v -18.080994 0.736962 -0.868689
v -18.087730 0.701134 -0.907659
v -18.055138 0.670810 -0.937084
v -18.002310 0.663753 -0.939727
v -17.960192 0.684097 -0.914040
v -18.029421 0.608845 -0.796353
v -18.079330 0.749358 -1.244677
v -18.128220 0.749336 -1.223288
v -18.164751 0.786739 -1.212609
v -18.167524 0.839658 -1.218894
v -18.134916 0.877093 -1.238463
v -18.086027 0.877115 -1.259851
v -18.049496 0.839712 -1.270531
v -18.046722 0.786793 -1.264246
v -18.162542 0.795272 -1.368263
v -17.886753 1.047392 -1.079119
v -17.933403 1.073162 -1.081830
v -17.972174 1.084773 -1.047051
v -17.980354 1.075423 -0.995154
v -17.953154 1.050590 -0.956540
v -17.906504 1.024820 -0.953829
v -17.867733 1.013209 -0.988609
v -17.859552 1.022558 -1.040505
v -17.855703 1.168628 -0.986148
v -17.992905 0.957858 -1.257507
v -18.045732 0.964916 -1.254864
v -18.078325 0.995240 -1.225439
v -18.071589 1.031067 -1.186469
v -18.029470 1.051411 -1.160783
v -17.976643 1.044353 -1.163426
v -17.944050 1.014030 -1.192851
v -17.950787 0.978202 -1.231820
v -18.002357 1.106319 -1.304156
v -19.054075 1.089306 -0.548662
v -19.106699 1.095819 -0.542673
v -19.147322 1.064078 -0.528891
v -19.152145 1.012677 -0.515391
v -19.118347 0.971726 -0.510080
v -19.065722 0.965213 -0.516069
v -19.025099 0.996954 -0.529851
v -19.020275 1.048355 -0.543351
v -19.066830 1.063891 -0.395374
v -19.006332 0.756093 -0.748686
v -19.047497 0.738149 -0.719858
v -19.099579 0.730865 -0.728915
v -19.132069 0.738509 -0.770551
v -19.125935 0.756603 -0.820377
v -19.084770 0.774548 -0.849205
v -19.032688 0.781832 -0.840148
v -19.000198 0.774188 -0.798512
v -19.040337 0.626553 -0.828491
v -18.996141 0.870858 -0.554182
v -19.043308 0.872039 -0.529250
v -19.089388 0.845629 -0.534410
v -19.107391 0.807097 -0.566641
v -19.086769 0.779015 -0.607061
v -19.039604 0.777833 -0.631993
v -18.993523 0.804244 -0.626832
v -18.975521 0.842776 -0.594602
v -18.996277 0.728516 -0.490584
v -19.074455 0.859778 -0.937671
v -19.115078 0.828037 -0.923889
v -19.167702 0.834550 -0.917900
v -19.201502 0.875501 -0.923211
v -19.196678 0.926902 -0.936711
v -19.156055 0.958643 -0.950493
v -19.103430 0.952130 -0.956482
v -19.069632 0.911179 -0.951171
v -19.154947 0.859965 -1.071188
v -19.122198 1.192991 -0.737647
v -19.174280 1.185707 -0.746704
v -19.215445 1.167763 -0.717876
v -19.221579 1.149668 -0.668050
v -19.189089 1.142024 -0.626414
v -19.137007 1.149308 -0.617357
v -19.095840 1.167253 -0.646185
v -19.089708 1.185347 -0.696011
v -19.181438 1.297303 -0.638071
v -19.132387 1.078227 -0.932152
v -19.178469 1.051816 -0.937312
v -19.225636 1.052998 -0.912380
v -19.246256 1.081080 -0.871961
v -19.228254 1.119612 -0.839730
v -19.182173 1.146023 -0.834569
v -19.135006 1.144841 -0.859501
v -19.114386 1.116759 -0.899921
v -19.225498 1.195340 -0.975978
v -20.606035 0.584964 -0.150240
v -20.645607 0.575271 -0.150903
v -20.666832 0.540606 -0.148058
v -20.657276 0.501274 -0.143371
v -20.622540 0.480316 -0.139589
v -20.582968 0.490008 -0.138925
v -20.561743 0.524673 -0.141770
v -20.571299 0.564005 -0.146457
v -20.618874 0.544127 -0.039160
v -20.467957 0.387033 -0.326729
v -20.494350 0.360068 -0.311348
v -20.528753 0.342675 -0.324547
v -20.551014 0.345044 -0.358593
v -20.548090 0.365786 -0.393542
v -20.521698 0.392751 -0.408923
v -20.487295 0.410144 -0.395724
v -20.465034 0.407775 -0.361678
v -20.451485 0.296826 -0.402640
v -20.505323 0.446013 -0.168862
v -20.540890 0.431535 -0.155235
v -20.566120 0.401656 -0.166680
v -20.566235 0.373879 -0.196491
v -20.541164 0.364476 -0.227206
v -20.505600 0.378955 -0.240833
v -20.480370 0.408834 -0.229388
v -20.480255 0.436610 -0.199577
v -20.471291 0.337148 -0.134784
v -20.531301 0.467003 -0.465973
v -20.552526 0.432338 -0.463128
v -20.592098 0.422646 -0.463791
v -20.626835 0.443604 -0.467574
v -20.636391 0.482936 -0.472261
v -20.615166 0.517601 -0.475106
v -20.575594 0.527293 -0.474443
v -20.540857 0.506335 -0.470660
v -20.579260 0.463482 -0.574871
v -20.669380 0.664934 -0.289485
v -20.703783 0.647541 -0.302683
v -20.730177 0.620576 -0.287303
v -20.733099 0.599834 -0.252353
v -20.710838 0.597466 -0.218307
v -20.676435 0.614858 -0.205108
v -20.650043 0.641823 -0.220489
v -20.647121 0.662565 -0.255439
v -20.746649 0.710783 -0.211391
v -20.632013 0.605954 -0.447351
v -20.657244 0.576075 -0.458796
v -20.692810 0.561596 -0.445169
v -20.717878 0.570999 -0.414454
v -20.717764 0.598776 -0.384643
v -20.692533 0.628654 -0.373199
v -20.656967 0.643133 -0.386825
v -20.631899 0.633730 -0.417540
v -20.726843 0.670461 -0.479247
v 11.139246 -1.021000 -1.092605
v 11.083485 -1.017656 -1.092201
v 11.042068 -1.045354 -1.117462
v 11.039256 -1.087870 -1.153589
v 11.076697 -1.120298 -1.179420
v 11.132459 -1.123642 -1.179823
v 11.173876 -1.095943 -1.154563
v 11.176686 -1.053428 -1.118436
v 11.103123 -1.164935 -1.024676
v 11.249607 -1.060466 -1.485394
v 11.203989 -1.092362 -1.490119
v 11.152430 -1.084820 -1.510252
v 11.125130 -1.042259 -1.534000
v 11.138083 -0.989610 -1.547452
v 11.183702 -0.957714 -1.542728
v 11.235262 -0.965256 -1.522595
v 11.262561 -1.007817 -1.498847
v 11.238684 -1.069682 -1.647974
v 11.218436 -1.155155 -1.270757
v 11.165647 -1.171530 -1.262649
v 11.121258 -1.179510 -1.295614
v 11.111274 -1.174420 -1.350341
v 11.141542 -1.159243 -1.394772
v 11.194333 -1.142869 -1.402880
v 11.238721 -1.134889 -1.369915
v 11.248705 -1.139978 -1.315188
v 11.219978 -1.296129 -1.352979
v 11.201588 -0.831621 -1.521880
v 11.160171 -0.859320 -1.547141
v 11.104409 -0.855975 -1.546737
v 11.066968 -0.823548 -1.520906
v 11.069779 -0.781032 -1.484779
v 11.111197 -0.753333 -1.459518
v 11.166958 -0.756678 -1.459922
v 11.204399 -0.789105 -1.485753
v 11.140532 -0.712040 -1.614666
v 11.091226 -0.792155 -1.129090
v 11.039665 -0.784613 -1.149223
v 10.994047 -0.816509 -1.153947
v 10.981094 -0.869158 -1.140495
v 11.008393 -0.911719 -1.116747
v 11.059954 -0.919261 -1.096614
v 11.105572 -0.887365 -1.091890
v 11.118525 -0.834716 -1.105342
v 11.004972 -0.807294 -0.991367
v 11.122396 -0.697466 -1.343728
v 11.078009 -0.705445 -1.376693
v 11.025219 -0.721820 -1.368585
v 10.994950 -0.736997 -1.324154
v 11.004934 -0.742087 -1.269426
v 11.049322 -0.734107 -1.236461
v 11.102112 -0.717732 -1.244569
v 11.132380 -0.702555 -1.289001
v 11.023677 -0.580846 -1.286362
v 21.195723 -0.053036 0.166015
v 21.172827 -0.047275 0.174607
v 21.149837 -0.057024 0.171832
v 21.140223 -0.076573 0.159315
v 21.149612 -0.094469 0.144389
v 21.172510 -0.100230 0.135798
v 21.195499 -0.090481 0.138573
v 21.205114 -0.070933 0.151089
v 21.182636 -0.112152 0.207516
v 21.176100 -0.089329 -0.013667
v 21.154398 -0.100070 -0.006966
v 21.130215 -0.093317 -0.007851
v 21.117714 -0.073025 -0.015803
v 21.124222 -0.051080 -0.026165
v 21.145924 -0.040339 -0.032866
v 21.170107 -0.047092 -0.031981
v 21.182608 -0.067385 -0.024029
v 21.144901 -0.096866 -0.079683
v 21.191681 -0.123160 0.086042
v 21.170025 -0.126147 0.098427
v 21.145794 -0.127148 0.091859
v 21.133183 -0.125578 0.070186
v 21.139578 -0.122356 0.046103
v 21.161232 -0.119370 0.033718
v 21.185463 -0.118368 0.040286
v 21.198074 -0.119938 0.061960
v 21.170338 -0.187818 0.058619
v 21.164562 0.014626 -0.033405
v 21.141573 0.004877 -0.036180
v 21.118677 0.010638 -0.027588
v 21.109285 0.028535 -0.012662
v 21.118900 0.048083 -0.000145
v 21.141891 0.057832 0.002630
v 21.164787 0.052071 -0.005962
v 21.174179 0.034175 -0.020888
v 21.131763 0.069754 -0.069088
v 21.184187 0.050919 0.146278
v 21.160002 0.057673 0.145393
v 21.138300 0.046931 0.152095
v 21.131794 0.024987 0.162456
v 21.144293 0.004694 0.170409
v 21.168476 -0.002059 0.171293
v 21.190178 0.008682 0.164592
v 21.196686 0.030627 0.154230
v 21.169498 0.054468 0.218110
v 21.168606 0.084750 0.046568
v 21.144375 0.083749 0.040000
v 21.122721 0.080762 0.052385
v 21.116325 0.077540 0.076468
v 21.128937 0.075970 0.098141
v 21.153168 0.076972 0.104709
v 21.174822 0.079958 0.092325
v 21.181217 0.083180 0.068242
v 21.144062 0.145420 0.079808
v 20.201130 -0.194294 0.510339
v 20.163231 -0.184758 0.524561
v 20.125175 -0.200895 0.519967
v 20.109261 -0.233253 0.499249
v 20.124805 -0.262877 0.474543
v 20.162704 -0.272413 0.460321
v 20.200758 -0.256275 0.464914
v 20.216675 -0.223917 0.485633
v 20.179468 -0.292146 0.579033
v 20.168648 -0.254368 0.212916
v 20.132727 -0.272148 0.224009
v 20.092695 -0.260970 0.222545
v 20.072004 -0.227380 0.209381
v 20.082775 -0.191056 0.192230
v 20.118698 -0.173276 0.181138
v 20.158730 -0.184455 0.182602
v 20.179419 -0.218044 0.195765
v 20.117006 -0.266843 0.103643
v 20.194437 -0.310368 0.377963
v 20.158592 -0.315311 0.398463
v 20.118484 -0.316969 0.387591
v 20.097609 -0.314371 0.351716
v 20.108194 -0.309038 0.311852
v 20.144039 -0.304094 0.291352
v 20.184147 -0.302436 0.302224
v 20.205023 -0.305035 0.338099
v 20.159111 -0.417394 0.332570
v 20.149551 -0.082294 0.180246
v 20.111498 -0.098432 0.175652
v 20.073597 -0.088896 0.189874
v 20.058052 -0.059272 0.214581
v 20.073969 -0.026914 0.235299
v 20.112022 -0.010777 0.239892
v 20.149921 -0.020313 0.225671
v 20.165466 -0.049936 0.200964
v 20.095259 0.008956 0.121180
v 20.182034 -0.022220 0.477669
v 20.142002 -0.011041 0.476205
v 20.106079 -0.028822 0.487297
v 20.095308 -0.065145 0.504448
v 20.115999 -0.098735 0.517612
v 20.156029 -0.109914 0.519076
v 20.191952 -0.092133 0.507983
v 20.202723 -0.055809 0.490832
v 20.157721 -0.016346 0.596570
v 20.156242 0.033780 0.312622
v 20.116135 0.032122 0.301750
v 20.080290 0.027178 0.322251
v 20.069704 0.021845 0.362114
v 20.090580 0.019246 0.397990
v 20.130688 0.020904 0.408862
v 20.166534 0.025848 0.388361
v 20.177118 0.031181 0.348498
v 20.115616 0.134205 0.367643
v 19.373543 -0.385887 0.806352
v 19.338806 -0.381472 0.828789
v 19.303318 -0.402826 0.832558
v 19.287867 -0.437441 0.815450
v 19.301504 -0.465040 0.787487
v 19.336241 -0.469455 0.765049
v 19.371729 -0.448101 0.761280
v 19.387180 -0.413486 0.778388
v 19.381578 -0.484587 0.876757
v 19.284422 -0.455083 0.522813
v 19.254709 -0.477493 0.541375
v 19.214197 -0.472022 0.549019
v 19.186619 -0.441874 0.541269
v 19.188126 -0.404709 0.522665
v 19.217838 -0.382299 0.504103
v 19.258350 -0.387770 0.496458
v 19.285931 -0.417918 0.504208
v 19.212027 -0.476530 0.427619
v 19.353836 -0.504057 0.677165
v 19.324499 -0.513583 0.705061
v 19.283611 -0.520996 0.703372
v 19.255125 -0.521955 0.673086
v 19.255728 -0.515898 0.631946
v 19.285065 -0.506372 0.604050
v 19.325953 -0.498958 0.605739
v 19.354439 -0.498000 0.636025
v 19.324589 -0.615735 0.639274
v 19.234715 -0.287938 0.497647
v 19.199226 -0.309293 0.501415
v 19.164490 -0.304877 0.523853
v 19.150852 -0.277279 0.551816
v 19.166302 -0.242664 0.568925
v 19.201790 -0.221309 0.565156
v 19.236526 -0.225725 0.542718
v 19.250164 -0.253323 0.514755
v 19.156454 -0.206178 0.453448
v 19.323833 -0.218743 0.781185
v 19.283321 -0.213272 0.788830
v 19.253609 -0.235682 0.807392
v 19.252100 -0.272846 0.825997
v 19.279680 -0.302994 0.833747
v 19.320192 -0.308466 0.826102
v 19.349905 -0.286055 0.807540
v 19.351414 -0.248891 0.788935
v 19.326006 -0.214235 0.902586
v 19.254419 -0.169769 0.626833
v 19.213531 -0.177182 0.625143
v 19.184195 -0.186708 0.653040
v 19.183594 -0.192765 0.694180
v 19.212080 -0.191806 0.724466
v 19.252966 -0.184393 0.726155
v 19.282305 -0.174867 0.698259
v 19.282906 -0.168810 0.657119
v 19.213442 -0.075030 0.690931
v 17.752699 -0.467947 1.321185
v 17.719091 -0.434245 1.347181
v 17.665276 -0.430465 1.352705
v 17.622774 -0.458820 1.334520
v 17.616484 -0.502701 1.303280
v 17.650091 -0.536403 1.277284
v 17.703909 -0.540183 1.271760
v 17.746408 -0.511828 1.289945
v 17.690580 -0.568008 1.427168
v 17.598816 -0.521582 0.958151
v 17.550810 -0.520807 0.983370
v 17.511391 -0.484099 0.989671
v 17.503649 -0.432961 0.973364
v 17.532120 -0.397348 0.944000
v 17.580124 -0.398122 0.918782
v 17.619543 -0.434830 0.912480
v 17.627285 -0.485969 0.928788
v 17.502718 -0.506593 0.833076
v 17.641426 -0.600168 1.169792
v 17.603527 -0.584433 1.205247
v 17.554003 -0.562685 1.201312
v 17.521866 -0.547664 1.160292
v 17.525940 -0.548170 1.106217
v 17.563841 -0.563905 1.070762
v 17.613365 -0.585652 1.074697
v 17.645502 -0.600673 1.115717
v 17.526922 -0.703982 1.134940
v 17.667477 -0.310776 0.897903
v 17.613659 -0.306995 0.903427
v 17.580051 -0.273293 0.929423
v 17.586342 -0.229412 0.960663
v 17.628841 -0.201057 0.978847
v 17.682659 -0.204837 0.973324
v 17.716267 -0.238539 0.947328
v 17.709976 -0.282420 0.916087
v 17.642170 -0.173232 0.823440
v 17.821360 -0.257141 1.260937
v 17.781940 -0.220433 1.267238
v 17.733934 -0.219658 1.292456
v 17.705465 -0.255271 1.321820
v 17.713207 -0.306410 1.338127
v 17.752626 -0.343118 1.331826
v 17.800631 -0.343893 1.306608
v 17.829102 -0.308280 1.277244
v 17.830032 -0.234647 1.417532
v 17.778748 -0.178555 1.049296
v 17.729223 -0.156808 1.045361
v 17.691324 -0.141073 1.080815
v 17.687248 -0.140567 1.134891
v 17.719385 -0.155588 1.175911
v 17.768909 -0.177336 1.179846
v 17.806810 -0.193071 1.144391
v 17.810884 -0.193576 1.090315
v 17.805828 -0.037259 1.115668
v 16.502127 0.057012 1.450232
v 16.468521 0.090714 1.476228
v 16.414703 0.094494 1.481752
v 16.372202 0.066139 1.463568
v 16.365913 0.022258 1.432328
v 16.399521 -0.011444 1.406331
v 16.453337 -0.015224 1.400808
v 16.495838 0.013131 1.418992
v 16.440008 -0.043049 1.556215
v 16.348244 0.003377 1.087199
v 16.300240 0.004152 1.112417
v 16.260820 0.040860 1.118718
v 16.253078 0.091998 1.102411
v 16.281548 0.127611 1.073047
v 16.329554 0.126837 1.047829
v 16.368973 0.090129 1.041528
v 16.376715 0.038990 1.057835
v 16.252146 0.018366 0.962123
v 16.390856 -0.075209 1.298840
v 16.352955 -0.059474 1.334295
v 16.303432 -0.037726 1.330359
v 16.271294 -0.022705 1.289340
v 16.275370 -0.023211 1.235264
v 16.313269 -0.038946 1.199809
v 16.362793 -0.060693 1.203744
v 16.394930 -0.075714 1.244764
v 16.276350 -0.179023 1.263987
v 16.416904 0.214183 1.026950
v 16.363087 0.217964 1.032474
v 16.329481 0.251666 1.058470
v 16.335770 0.295547 1.089710
v 16.378271 0.323902 1.107895
v 16.432087 0.320121 1.102371
v 16.465694 0.286420 1.076375
v 16.459406 0.242539 1.045135
v 16.391600 0.351727 0.952487
v 16.570787 0.267818 1.389984
v 16.531368 0.304526 1.396285
v 16.483364 0.305301 1.421504
v 16.454893 0.269688 1.450867
v 16.462635 0.218549 1.467175
v 16.502054 0.181841 1.460874
v 16.550060 0.181066 1.435655
v 16.578529 0.216679 1.406291
v 16.579462 0.290312 1.546579
v 16.528175 0.346404 1.178343
v 16.478653 0.368151 1.174408
v 16.440752 0.383886 1.209863
v 16.436678 0.384391 1.263938
v 16.468815 0.369371 1.304958
v 16.518339 0.347623 1.308893
v 16.556238 0.331888 1.273438
v 16.560314 0.331383 1.219363
v 16.555258 0.487700 1.244715
v 14.387199 0.329334 1.102929
v 14.319620 0.344160 1.074306
v 14.278547 0.316190 1.018300
v 14.288039 0.261806 0.967720
v 14.342536 0.212867 0.952194
v 14.410115 0.198040 0.980817
v 14.451188 0.226011 1.036823
v 14.441696 0.280395 1.087403
v 14.284367 0.142322 1.150915
v 14.727249 0.272618 0.675160
v 14.669339 0.239014 0.641645
v 14.618597 0.259474 0.590531
v 14.604746 0.322012 0.551762
v 14.635899 0.389995 0.548046
v 14.693809 0.423599 0.581562
v 14.744551 0.403139 0.632675
v 14.758403 0.340600 0.671445
v 14.800196 0.269152 0.468963
v 14.558941 0.143947 0.911229
v 14.487779 0.131742 0.891404
v 14.450289 0.130803 0.826600
v 14.468431 0.141680 0.754777
v 14.531580 0.158002 0.718009
v 14.602742 0.170207 0.737833
v 14.640232 0.171146 0.802638
v 14.622089 0.160269 0.874461
v 14.583380 -0.039958 0.795332
v 14.723816 0.586675 0.630792
v 14.682742 0.558704 0.574786
v 14.615164 0.573531 0.546163
v 14.560666 0.622470 0.561688
v 14.551174 0.676853 0.612269
v 14.592248 0.704824 0.668274
v 14.659826 0.689997 0.696898
v 14.714323 0.641058 0.681372
v 14.717997 0.760542 0.498177
v 14.383765 0.643391 1.058560
v 14.333023 0.663850 1.007447
v 14.275113 0.630247 0.973931
v 14.243959 0.562264 0.977646
v 14.257812 0.499725 1.016416
v 14.308554 0.479266 1.067530
v 14.366464 0.512869 1.101045
v 14.397617 0.580852 1.097330
v 14.202168 0.633713 1.180128
v 14.552073 0.772061 0.822492
v 14.514584 0.771122 0.757687
v 14.443421 0.758917 0.737862
v 14.380274 0.742596 0.774631
v 14.362130 0.731718 0.846454
v 14.399620 0.732657 0.911258
v 14.470782 0.744862 0.931083
v 14.533931 0.761184 0.894314
v 14.418983 0.942822 0.853759
v 12.758029 -0.181802 0.077757
v 12.671289 -0.170901 0.051689
v 12.616239 -0.212247 -0.008159
v 12.625122 -0.281620 -0.066729
v 12.692738 -0.338382 -0.089712
v 12.779476 -0.349283 -0.063644
v 12.834528 -0.307937 -0.003796
v 12.825644 -0.238564 0.054774
v 12.655293 -0.412250 0.163614
v 13.114803 -0.260654 -0.483101
v 13.042940 -0.308236 -0.512996
v 12.973013 -0.291099 -0.569017
v 12.945983 -0.219282 -0.618349
v 12.977685 -0.134854 -0.632094
v 13.049547 -0.087272 -0.602199
v 13.119475 -0.104409 -0.546178
v 13.146505 -0.176226 -0.496846
v 13.174981 -0.276158 -0.742275
v 12.954057 -0.409915 -0.164923
v 12.866350 -0.431373 -0.177927
v 12.812266 -0.440360 -0.250839
v 12.823486 -0.431610 -0.340947
v 12.893437 -0.410250 -0.395468
v 12.981144 -0.388791 -0.382464
v 13.035228 -0.379805 -0.309552
v 13.024008 -0.388555 -0.219444
v 12.982393 -0.640645 -0.295281
v 13.079522 0.116720 -0.558600
v 13.024470 0.075374 -0.618448
v 12.937732 0.086275 -0.644516
v 12.870116 0.143037 -0.621534
v 12.861233 0.212410 -0.562963
v 12.916285 0.253756 -0.503115
v 13.003023 0.242855 -0.477048
v 13.070639 0.186092 -0.500030
v 13.040467 0.316723 -0.730373
v 12.722747 0.195572 0.002258
v 12.652820 0.212709 -0.053764
v 12.580956 0.165127 -0.083658
v 12.549255 0.080699 -0.069914
v 12.576284 0.008882 -0.020581
v 12.646213 -0.008255 0.035440
v 12.718075 0.039327 0.065334
v 12.749777 0.123755 0.051590
v 12.520779 0.180631 0.175515
v 12.883493 0.344833 -0.315921
v 12.829410 0.335846 -0.388832
v 12.741703 0.314388 -0.401837
v 12.671752 0.293027 -0.347316
v 12.660532 0.284278 -0.257207
v 12.714617 0.293264 -0.184296
v 12.802322 0.314723 -0.171291
v 12.872274 0.336083 -0.225812
v 12.713367 0.545117 -0.271478
vt 0.450167 0.028013
vt 0.515350 0.016552
vt 0.515748 0.209908
vt 0.580579 0.027744
vt 0.450167 0.028013
vt 0.515350 0.016552
vt 0.515748 0.209908
vt 0.580579 0.027744
vt 0.450167 0.028013
vt 0.515350 0.016552
vt 0.515749 0.209908
vt 0.580579 0.027744
vt 0.515350 0.016552
vt 0.580579 0.027744
vt 0.515748 0.209908
vt 0.450167 0.028013
vt 0.450167 0.028013
vt 0.515350 0.016552
vt 0.515748 0.209908
vt 0.580579 0.027744
vt 0.450168 0.028014
vt 0.515350 0.016552
vt 0.515751 0.209908
vt 0.580579 0.027743
vt 0.450167 0.028013
vt 0.515350 0.016552
vt 0.515749 0.209908
vt 0.580579 0.027744
vt 0.515373 0.016552
vt 0.580579 0.027879
vt 0.515373 0.209908
vt 0.450167 0.027878
vt 0.450168 0.028109
vt 0.515333 0.016553
vt 0.516015 0.209907
vt 0.580579 0.027649
vt 0.450168 0.028256
vt 0.515308 0.016554
vt 0.516424 0.209906
vt 0.580578 0.027503
vt 0.273803 0.031763
vt 0.333169 0.026412
vt 0.318890 0.199970
vt 0.390862 0.041394
vt 0.219719 0.056822
vt 0.440123 0.074954
vt 0.049499 0.037730
vt 0.112454 0.010531
vt 0.176202 0.035815
vt 0.203400 0.098770
vt 0.178117 0.162518
vt 0.115162 0.189716
vt 0.051414 0.164433
vt 0.024215 0.101478
vt 0.450168 0.028109
vt 0.515333 0.016553
vt 0.516015 0.209907
vt 0.580579 0.027649
vt 0.450168 0.028256
vt 0.515308 0.016553
vt 0.516424 0.209906
vt 0.580578 0.027503
vt 0.273803 0.031763
vt 0.333169 0.026412
vt 0.318890 0.199970
vt 0.390862 0.041394
vt 0.219719 0.056822
vt 0.440123 0.074954
vt 0.049499 0.037729
vt 0.112454 0.010531
vt 0.176202 0.035815
vt 0.203400 0.098770
vt 0.178117 0.162518
vt 0.115162 0.189716
vt 0.051414 0.164433
vt 0.024215 0.101478
vt 0.049499 0.037730
vt 0.112454 0.010531
vt 0.176202 0.035815
vt 0.203400 0.098770
vt 0.178117 0.162518
vt 0.115162 0.189716
vt 0.051414 0.164433
vt 0.024215 0.101478
vt 0.273803 0.031763
vt 0.333169 0.026412
vt 0.318890 0.199970
vt 0.390862 0.041394
vt 0.219719 0.056822
vt 0.440123 0.074954
vt 0.450167 0.028014
vt 0.515350 0.016552
vt 0.515752 0.209908
vt 0.580579 0.027743
vt 0.049499 0.037729
vt 0.112454 0.010531
vt 0.176202 0.035815
vt 0.203400 0.098770
vt 0.178117 0.162518
vt 0.115162 0.189716
vt 0.051413 0.164432
vt 0.024215 0.101477
vt 0.273803 0.031763
vt 0.333169 0.026412
vt 0.318890 0.199970
vt 0.390862 0.041394
vt 0.219719 0.056822
vt 0.440123 0.074954
vt 0.450167 0.028013
vt 0.515350 0.016552
vt 0.515747 0.209908
vt 0.580579 0.027745
vt 0.049499 0.037730
vt 0.112453 0.010531
vt 0.176202 0.035814
vt 0.203400 0.098769
vt 0.178117 0.162518
vt 0.115162 0.189716
vt 0.051414 0.164433
vt 0.024215 0.101478
vt 0.450167 0.028013
vt 0.515350 0.016552
vt 0.515748 0.209908
vt 0.580579 0.027744
vt 0.049499 0.037730
vt 0.112453 0.010531
vt 0.176202 0.035814
vt 0.203400 0.098769
vt 0.178117 0.162518
vt 0.115162 0.189716
vt 0.051414 0.164433
vt 0.024215 0.101478
vt 0.450167 0.028013
vt 0.515350 0.016552
vt 0.515748 0.209908
vt 0.580579 0.027744
vt 0.049499 0.037730
vt 0.112454 0.010531
vt 0.176202 0.035815
vt 0.203400 0.098770
vt 0.178117 0.162518
vt 0.115162 0.189716
vt 0.051414 0.164433
vt 0.024215 0.101478
vt 0.450168 0.028109
vt 0.515333 0.016553
vt 0.516015 0.209907
vt 0.580579 0.027649
vt 0.450167 0.028013
vt 0.515350 0.016552
vt 0.515748 0.209908
vt 0.580579 0.027744
vt 0.450168 0.028256
vt 0.515308 0.016554
vt 0.516424 0.209906
vt 0.580578 0.027503
vt 0.450167 0.028013
vt 0.515350 0.016552
vt 0.515748 0.209908
vt 0.580579 0.027744
vt 0.049499 0.037730
vt 0.112453 0.010531
vt 0.176202 0.035814
vt 0.203400 0.098769
vt 0.178117 0.162518
vt 0.115162 0.189716
vt 0.051414 0.164433
vt 0.024215 0.101478
vt 0.273803 0.031763
vt 0.333169 0.026412
vt 0.318890 0.199970
vt 0.390862 0.041394
vt 0.440123 0.074954
vt 0.219719 0.056822
vt 0.273803 0.031763
vt 0.318890 0.199970
vt 0.333169 0.026412
vt 0.390862 0.041394
vt 0.440123 0.074954
vt 0.219719 0.056822
vt 0.049499 0.037730
vt 0.112454 0.010531
vt 0.176202 0.035815
vt 0.203400 0.098770
vt 0.178117 0.162518
vt 0.115162 0.189716
vt 0.051414 0.164433
vt 0.024215 0.101478
vt 0.450167 0.028014
vt 0.515350 0.016552
vt 0.515752 0.209908
vt 0.580579 0.027743
vt 0.450167 0.028013
vt 0.515350 0.016552
vt 0.515749 0.209908
vt 0.580579 0.027744
vt 0.450167 0.028013
vt 0.515350 0.016552
vt 0.515748 0.209908
vt 0.580579 0.027744
vt 0.450167 0.028013
vt 0.515350 0.016552
vt 0.515748 0.209908
vt 0.580579 0.027744
vt 0.049499 0.037729
vt 0.112454 0.010531
vt 0.176202 0.035815
vt 0.203400 0.098770
vt 0.178117 0.162518
vt 0.115162 0.189716
vt 0.051413 0.164432
vt 0.024215 0.101477
vt 0.450168 0.028109
vt 0.515333 0.016553
vt 0.516015 0.209907
vt 0.580579 0.027649
vt 0.450167 0.028013
vt 0.515350 0.016552
vt 0.515748 0.209908
vt 0.580579 0.027744
vt 0.450168 0.028256
vt 0.515308 0.016553
vt 0.516424 0.209906
vt 0.580578 0.027503
vt 0.450168 0.028014
vt 0.515350 0.016552
vt 0.515751 0.209908
vt 0.580579 0.027743
vt 0.049499 0.037730
vt 0.112453 0.010531
vt 0.176202 0.035814
vt 0.203400 0.098769
vt 0.178117 0.162518
vt 0.115162 0.189716
vt 0.051414 0.164433
vt 0.024215 0.101478
vt 0.273803 0.031763
vt 0.333169 0.026412
vt 0.318890 0.199970
vt 0.390862 0.041394
vt 0.440123 0.074954
vt 0.219719 0.056822
vt 0.273803 0.031763
vt 0.318890 0.199970
vt 0.333169 0.026412
vt 0.390862 0.041394
vt 0.440123 0.074954
vt 0.219719 0.056822
vt 0.049499 0.037729
vt 0.112454 0.010531
vt 0.176202 0.035815
vt 0.203400 0.098770
vt 0.178117 0.162518
vt 0.115162 0.189716
vt 0.051414 0.164433
vt 0.024215 0.101478
vt 0.450167 0.028013
vt 0.515350 0.016552
vt 0.515747 0.209908
vt 0.580579 0.027745
vt 0.450167 0.028013
vt 0.515350 0.016552
vt 0.515749 0.209908
vt 0.580579 0.027744
vt 0.450167 0.028013
vt 0.515350 0.016552
vt 0.515748 0.209908
vt 0.580579 0.027744
vt 0.450167 0.027878
vt 0.515373 0.016552
vt 0.515373 0.209908
vt 0.580579 0.027879
vt 0.049499 0.037730
vt 0.112454 0.010531
vt 0.176202 0.035815
vt 0.203400 0.098770
vt 0.178117 0.162518
vt 0.115162 0.189716
vt 0.051414 0.164433
vt 0.024215 0.101478
vt 0.450168 0.028109
vt 0.515333 0.016553
vt 0.516015 0.209907
vt 0.580579 0.027649
vt 0.450167 0.028013
vt 0.515350 0.016552
vt 0.515748 0.209908
vt 0.580579 0.027744
vt 0.450168 0.028256
vt 0.515308 0.016554
vt 0.516424 0.209906
vt 0.580578 0.027503
vt 0.450167 0.028013
vt 0.515350 0.016552
vt 0.515748 0.209908
vt 0.580579 0.027744
vt 0.049499 0.037730
vt 0.112453 0.010531
vt 0.176202 0.035814
vt 0.203400 0.098769
vt 0.178117 0.162518
vt 0.115162 0.189716
vt 0.051414 0.164433
vt 0.024215 0.101478
vt 0.273803 0.031763
vt 0.333169 0.026412
vt 0.318890 0.199970
vt 0.390862 0.041394
vt 0.440123 0.074954
vt 0.219719 0.056822
vt 0.273803 0.031763
vt 0.318890 0.199970
vt 0.333169 0.026412
vt 0.390862 0.041394
vt 0.440123 0.074954
vt 0.219719 0.056822
vt 0.049499 0.037730
vt 0.112454 0.010531
vt 0.176202 0.035815
vt 0.203400 0.098770
vt 0.178117 0.162518
vt 0.115162 0.189716
vt 0.051414 0.164433
vt 0.024215 0.101478
vt 0.450167 0.028014
vt 0.515350 0.016552
vt 0.515752 0.209908
vt 0.580579 0.027743
vt 0.450167 0.028013
vt 0.515350 0.016552
vt 0.515749 0.209908
vt 0.580579 0.027744
vt 0.450167 0.028013
vt 0.515350 0.016552
vt 0.515748 0.209908
vt 0.580579 0.027744
vt 0.450167 0.028013
vt 0.515350 0.016552
vt 0.515748 0.209908
vt 0.580579 0.027744
vt 0.049499 0.037729
vt 0.112454 0.010531
vt 0.176202 0.035815
vt 0.203400 0.098770
vt 0.178117 0.162518
vt 0.115162 0.189716
vt 0.051413 0.164432
vt 0.024215 0.101477
vt 0.450168 0.028109
vt 0.515333 0.016553
vt 0.516015 0.209907
vt 0.580579 0.027649
vt 0.450167 0.028013
vt 0.515350 0.016552
vt 0.515748 0.209908
vt 0.580579 0.027744
vt 0.450168 0.028256
vt 0.515308 0.016553
vt 0.516424 0.209906
vt 0.580578 0.027503
vt 0.450168 0.028014
vt 0.515350 0.016552
vt 0.515751 0.209908
vt 0.580579 0.027743
vt 0.049499 0.037730
vt 0.112453 0.010531
vt 0.176202 0.035814
vt 0.203400 0.098769
vt 0.178117 0.162518
vt 0.115162 0.189716
vt 0.051414 0.164433
vt 0.024215 0.101478
vt 0.273803 0.031763
vt 0.333169 0.026412
vt 0.318890 0.199970
vt 0.390862 0.041394
vt 0.440123 0.074954
vt 0.219719 0.056822
vt 0.273803 0.031763
vt 0.318890 0.199970
vt 0.333169 0.026412
vt 0.390862 0.041394
vt 0.440123 0.074954
vt 0.219719 0.056822
vt 0.049499 0.037729
vt 0.112454 0.010531
vt 0.176202 0.035815
vt 0.203400 0.098770
vt 0.178117 0.162518
vt 0.115162 0.189716
vt 0.051414 0.164433
vt 0.024215 0.101478
vt 0.450167 0.028013
vt 0.515350 0.016552
vt 0.515747 0.209908
vt 0.580579 0.027745
vt 0.450167 0.028013
vt 0.515350 0.016552
vt 0.515749 0.209908
vt 0.580579 0.027744
vt 0.450167 0.028013
vt 0.515350 0.016552
vt 0.515748 0.209908
vt 0.580579 0.027744
vt 0.450167 0.027878
vt 0.515373 0.016552
vt 0.515373 0.209908
vt 0.580579 0.027879
vt 0.049499 0.037730
vt 0.112454 0.010531
vt 0.176202 0.035815
vt 0.203400 0.098770
vt 0.178117 0.162518
vt 0.115162 0.189716
vt 0.051414 0.164433
vt 0.024215 0.101478
vt 0.450168 0.028109
vt 0.515333 0.016553
vt 0.516015 0.209907
vt 0.580579 0.027649
vt 0.450167 0.028013
vt 0.515350 0.016552
vt 0.515748 0.209908
vt 0.580579 0.027744
vt 0.450168 0.028256
vt 0.515308 0.016554
vt 0.516424 0.209906
vt 0.580578 0.027503
vt 0.450167 0.028013
vt 0.515350 0.016552
vt 0.515748 0.209908
vt 0.580579 0.027744
vt 0.049499 0.037730
vt 0.112453 0.010531
vt 0.176202 0.035814
vt 0.203400 0.098769
vt 0.178117 0.162518
vt 0.115162 0.189716
vt 0.051414 0.164433
vt 0.024215 0.101478
vt 0.273803 0.031763
vt 0.333169 0.026412
vt 0.318890 0.199970
vt 0.390862 0.041394
vt 0.440123 0.074954
vt 0.219719 0.056822
vt 0.273803 0.031763
vt 0.318890 0.199970
vt 0.333169 0.026412
vt 0.390862 0.041394
vt 0.440123 0.074954
vt 0.219719 0.056822
vt 0.049499 0.037730
vt 0.112454 0.010531
vt 0.176202 0.035815
vt 0.203400 0.098770
vt 0.178117 0.162518
vt 0.115162 0.189716
vt 0.051414 0.164433
vt 0.024215 0.101478
vt 0.450167 0.028014
vt 0.515350 0.016552
vt 0.515752 0.209908
vt 0.580579 0.027743
vt 0.450167 0.028013
vt 0.515350 0.016552
vt 0.515749 0.209908
vt 0.580579 0.027744
vt 0.450167 0.028013
vt 0.515350 0.016552
vt 0.515748 0.209908
vt 0.580579 0.027744
vt 0.450167 0.028013
vt 0.515350 0.016552
vt 0.515748 0.209908
vt 0.580579 0.027744
vt 0.049499 0.037729
vt 0.112454 0.010531
vt 0.176202 0.035815
vt 0.203400 0.098770
vt 0.178117 0.162518
vt 0.115162 0.189716
vt 0.051413 0.164432
vt 0.024215 0.101477
vt 0.450168 0.028109
vt 0.515333 0.016553
vt 0.516015 0.209907
vt 0.580579 0.027649
vt 0.450167 0.028013
vt 0.515350 0.016552
vt 0.515748 0.209908
vt 0.580579 0.027744
vt 0.450168 0.028256
vt 0.515308 0.016553
vt 0.516424 0.209906
vt 0.580578 0.027503
vt 0.450168 0.028014
vt 0.515350 0.016552
vt 0.515751 0.209908
vt 0.580579 0.027743
vt 0.049499 0.037730
vt 0.112453 0.010531
vt 0.176202 0.035814
vt 0.203400 0.098769
vt 0.178117 0.162518
vt 0.115162 0.189716
vt 0.051414 0.164433
vt 0.024215 0.101478
vt 0.273803 0.031763
vt 0.333169 0.026412
vt 0.318890 0.199970
vt 0.390862 0.041394
vt 0.440123 0.074954
vt 0.219719 0.056822
vt 0.273803 0.031763
vt 0.318890 0.199970
vt 0.333169 0.026412
vt 0.390862 0.041394
vt 0.440123 0.074954
vt 0.219719 0.056822
vt 0.049499 0.037729
vt 0.112454 0.010531
vt 0.176202 0.035815
vt 0.203400 0.098770
vt 0.178117 0.162518
vt 0.115162 0.189716
vt 0.051414 0.164433
vt 0.024215 0.101478
vt 0.450167 0.028013
vt 0.515350 0.016552
vt 0.515747 0.209908
vt 0.580579 0.027745
vt 0.450167 0.028013
vt 0.515350 0.016552
vt 0.515749 0.209908
vt 0.580579 0.027744
vt 0.450167 0.028013
vt 0.515350 0.016552
vt 0.515748 0.209908
vt 0.580579 0.027744
vt 0.450167 0.027878
vt 0.515373 0.016552
vt 0.515373 0.209908
vt 0.580579 0.027879
vt 0.049499 0.037730
vt 0.112454 0.010531
vt 0.176202 0.035815
vt 0.203400 0.098770
vt 0.178117 0.162518
vt 0.115162 0.189716
vt 0.051414 0.164433
vt 0.024215 0.101478
vt 0.450168 0.028109
vt 0.515333 0.016553
vt 0.516015 0.209907
vt 0.580579 0.027649
vt 0.450167 0.028013
vt 0.515350 0.016552
vt 0.515748 0.209908
vt 0.580579 0.027744
vt 0.450168 0.028256
vt 0.515308 0.016554
vt 0.516424 0.209906
vt 0.580578 0.027503
vt 0.450167 0.028013
vt 0.515350 0.016552
vt 0.515748 0.209908
vt 0.580579 0.027744
vt 0.049499 0.037730
vt 0.112453 0.010531
vt 0.176202 0.035814
vt 0.203400 0.098769
vt 0.178117 0.162518
vt 0.115162 0.189716
vt 0.051414 0.164433
vt 0.024215 0.101478
vt 0.273803 0.031763
vt 0.333169 0.026412
vt 0.318890 0.199970
vt 0.390862 0.041394
vt 0.440123 0.074954
vt 0.219719 0.056822
vt 0.273803 0.031763
vt 0.318890 0.199970
vt 0.333169 0.026412
vt 0.390862 0.041394
vt 0.440123 0.074954
vt 0.219719 0.056822
vt 0.049499 0.037730
vt 0.112454 0.010531
vt 0.176202 0.035815
vt 0.203400 0.098770
vt 0.178117 0.162518
vt 0.115162 0.189716
vt 0.051414 0.164433
vt 0.024215 0.101478
vt 0.450167 0.028014
vt 0.515350 0.016552
vt 0.515752 0.209908
vt 0.580579 0.027743
vt 0.450167 0.028013
vt 0.515350 0.016552
vt 0.515749 0.209908
vt 0.580579 0.027744
vt 0.450167 0.028013
vt 0.515350 0.016552
vt 0.515748 0.209908
vt 0.580579 0.027744
vt 0.450167 0.028013
vt 0.515350 0.016552
vt 0.515748 0.209908
vt 0.580579 0.027744
vt 0.049499 0.037729
vt 0.112454 0.010531
vt 0.176202 0.035815
vt 0.203400 0.098770
vt 0.178117 0.162518
vt 0.115162 0.189716
vt 0.051413 0.164432
vt 0.024215 0.101477
vt 0.450168 0.028109
vt 0.515333 0.016553
vt 0.516015 0.209907
vt 0.580579 0.027649
vt 0.450167 0.028013
vt 0.515350 0.016552
vt 0.515748 0.209908
vt 0.580579 0.027744
vt 0.450168 0.028256
vt 0.515308 0.016553
vt 0.516424 0.209906
vt 0.580578 0.027503
vt 0.450168 0.028014
vt 0.515350 0.016552
vt 0.515751 0.209908
vt 0.580579 0.027743
vt 0.049499 0.037730
vt 0.112453 0.010531
vt 0.176202 0.035814
vt 0.203400 0.098769
vt 0.178117 0.162518
vt 0.115162 0.189716
vt 0.051414 0.164433
vt 0.024215 0.101478
vt 0.273803 0.031763
vt 0.333169 0.026412
vt 0.318890 0.199970
vt 0.390862 0.041394
vt 0.440123 0.074954
vt 0.219719 0.056822
vt 0.273803 0.031763
vt 0.318890 0.199970
vt 0.333169 0.026412
vt 0.390862 0.041394
vt 0.440123 0.074954
vt 0.219719 0.056822
vt 0.049499 0.037729
vt 0.112454 0.010531
vt 0.176202 0.035815
vt 0.203400 0.098770
vt 0.178117 0.162518
vt 0.115162 0.189716
vt 0.051414 0.164433
vt 0.024215 0.101478
vt 0.450167 0.028013
vt 0.515350 0.016552
vt 0.515747 0.209908
vt 0.580579 0.027745
vt 0.450167 0.028013
vt 0.515350 0.016552
vt 0.515749 0.209908
vt 0.580579 0.027744
vt 0.450167 0.028013
vt 0.515350 0.016552
vt 0.515748 0.209908
vt 0.580579 0.027744
vt 0.450167 0.027878
vt 0.515373 0.016552
vt 0.515373 0.209908
vt 0.580579 0.027879
vt 0.049499 0.037730
vt 0.112454 0.010531
vt 0.176202 0.035815
vt 0.203400 0.098770
vt 0.178117 0.162518
vt 0.115162 0.189716
vt 0.051414 0.164433
vt 0.024215 0.101478
vt 0.450168 0.028109
vt 0.515333 0.016553
vt 0.516015 0.209907
vt 0.580579 0.027649
vt 0.450167 0.028013
vt 0.515350 0.016552
vt 0.515748 0.209908
vt 0.580579 0.027744
vt 0.450168 0.028256
vt 0.515308 0.016554
vt 0.516424 0.209906
vt 0.580578 0.027503
vt 0.450167 0.028013
vt 0.515350 0.016552
vt 0.515748 0.209908
vt 0.580579 0.027744
vt 0.049499 0.037730
vt 0.112453 0.010531
vt 0.176202 0.035814
vt 0.203400 0.098769
vt 0.178117 0.162518
vt 0.115162 0.189716
vt 0.051414 0.164433
vt 0.024215 0.101478
vt 0.273803 0.031763
vt 0.333169 0.026412
vt 0.318890 0.199970
vt 0.390862 0.041394
vt 0.440123 0.074954
vt 0.219719 0.056822
vt 0.273803 0.031763
vt 0.318890 0.199970
vt 0.333169 0.026412
vt 0.390862 0.041394
vt 0.440123 0.074954
vt 0.219719 0.056822
vt 0.049499 0.037730
vt 0.112454 0.010531
vt 0.176202 0.035815
vt 0.203400 0.098770
vt 0.178117 0.162518
vt 0.115162 0.189716
vt 0.051414 0.164433
vt 0.024215 0.101478
vt 0.450167 0.028014
vt 0.515350 0.016552
vt 0.515752 0.209908
vt 0.580579 0.027743
vt 0.450167 0.028013
vt 0.515350 0.016552
vt 0.515749 0.209908
vt 0.580579 0.027744
vt 0.450167 0.028013
vt 0.515350 0.016552
vt 0.515748 0.209908
vt 0.580579 0.027744
vt 0.450167 0.028013
vt 0.515350 0.016552
vt 0.515748 0.209908
vt 0.580579 0.027744
vt 0.049499 0.037729
vt 0.112454 0.010531
vt 0.176202 0.035815
vt 0.203400 0.098770
vt 0.178117 0.162518
vt 0.115162 0.189716
vt 0.051413 0.164432
vt 0.024215 0.101477
vt 0.450168 0.028109
vt 0.515333 0.016553
vt 0.516015 0.209907
vt 0.580579 0.027649
vt 0.450167 0.028013
vt 0.515350 0.016552
vt 0.515748 0.209908
vt 0.580579 0.027744
vt 0.450168 0.028256
vt 0.515308 0.016553
vt 0.516424 0.209906
vt 0.580578 0.027503
vt 0.450168 0.028014
vt 0.515350 0.016552
vt 0.515751 0.209908
vt 0.580579 0.027743
vt 0.049499 0.037730
vt 0.112453 0.010531
vt 0.176202 0.035814
vt 0.203400 0.098769
vt 0.178117 0.162518
vt 0.115162 0.189716
vt 0.051414 0.164433
vt 0.024215 0.101478
vt 0.273803 0.031763
vt 0.333169 0.026412
vt 0.318890 0.199970
vt 0.390862 0.041394
vt 0.440123 0.074954
vt 0.219719 0.056822
vt 0.273803 0.031763
vt 0.318890 0.199970
vt 0.333169 0.026412
vt 0.390862 0.041394
vt 0.440123 0.074954
vt 0.219719 0.056822
vt 0.049499 0.037729
vt 0.112454 0.010531
vt 0.176202 0.035815
vt 0.203400 0.098770
vt 0.178117 0.162518
vt 0.115162 0.189716
vt 0.051414 0.164433
vt 0.024215 0.101478
vt 0.450167 0.028013
vt 0.515350 0.016552
vt 0.515747 0.209908
vt 0.580579 0.027745
vt 0.450167 0.028013
vt 0.515350 0.016552
vt 0.515749 0.209908
vt 0.580579 0.027744
vt 0.450167 0.028013
vt 0.515350 0.016552
vt 0.515748 0.209908
vt 0.580579 0.027744
vt 0.450167 0.027878
vt 0.515373 0.016552
vt 0.515373 0.209908
vt 0.580579 0.027879
vt 0.049499 0.037730
vt 0.112454 0.010531
vt 0.176202 0.035815
vt 0.203400 0.098770
vt 0.178117 0.162518
vt 0.115162 0.189716
vt 0.051414 0.164433
vt 0.024215 0.101478
vt 0.450168 0.028109
vt 0.515333 0.016553
vt 0.516015 0.209907
vt 0.580579 0.027649
vt 0.450167 0.028013
vt 0.515350 0.016552
vt 0.515748 0.209908
vt 0.580579 0.027744
vt 0.450168 0.028256
vt 0.515308 0.016554
vt 0.516424 0.209906
vt 0.580578 0.027503
vt 0.450167 0.028013
vt 0.515350 0.016552
vt 0.515748 0.209908
vt 0.580579 0.027744
vt 0.049499 0.037730
vt 0.112453 0.010531
vt 0.176202 0.035814
vt 0.203400 0.098769
vt 0.178117 0.162518
vt 0.115162 0.189716
vt 0.051414 0.164433
vt 0.024215 0.101478
vt 0.273803 0.031763
vt 0.333169 0.026412
vt 0.318890 0.199970
vt 0.390862 0.041394
vt 0.440123 0.074954
vt 0.219719 0.056822
vt 0.273803 0.031763
vt 0.318890 0.199970
vt 0.333169 0.026412
vt 0.390862 0.041394
vt 0.440123 0.074954
vt 0.219719 0.056822
vt 0.049499 0.037730
vt 0.112454 0.010531
vt 0.176202 0.035815
vt 0.203400 0.098770
vt 0.178117 0.162518
vt 0.115162 0.189716
vt 0.051414 0.164433
vt 0.024215 0.101478
vt 0.450167 0.028014
vt 0.515350 0.016552
vt 0.515752 0.209908
vt 0.580579 0.027743
vt 0.450167 0.028013
vt 0.515350 0.016552
vt 0.515749 0.209908
vt 0.580579 0.027744
vt 0.450167 0.028013
vt 0.515350 0.016552
vt 0.515748 0.209908
vt 0.580579 0.027744
vt 0.450167 0.028013
vt 0.515350 0.016552
vt 0.515748 0.209908
vt 0.580579 0.027744
vt 0.049499 0.037729
vt 0.112454 0.010531
vt 0.176202 0.035815
vt 0.203400 0.098770
vt 0.178117 0.162518
vt 0.115162 0.189716
vt 0.051413 0.164432
vt 0.024215 0.101477
vt 0.450168 0.028109
vt 0.515333 0.016553
vt 0.516015 0.209907
vt 0.580579 0.027649
vt 0.450167 0.028013
vt 0.515350 0.016552
vt 0.515748 0.209908
vt 0.580579 0.027744
vt 0.450168 0.028256
vt 0.515308 0.016553
vt 0.516424 0.209906
vt 0.580578 0.027503
vt 0.450168 0.028014
vt 0.515350 0.016552
vt 0.515751 0.209908
vt 0.580579 0.027743
vt 0.049499 0.037730
vt 0.112453 0.010531
vt 0.176202 0.035814
vt 0.203400 0.098769
vt 0.178117 0.162518
vt 0.115162 0.189716
vt 0.051414 0.164433
vt 0.024215 0.101478
vt 0.273803 0.031763
vt 0.333169 0.026412
vt 0.318890 0.199970
vt 0.390862 0.041394
vt 0.440123 0.074954
vt 0.219719 0.056822
vt 0.273803 0.031763
vt 0.318890 0.199970
vt 0.333169 0.026412
vt 0.390862 0.041394
vt 0.440123 0.074954
vt 0.219719 0.056822
vt 0.049499 0.037729
vt 0.112454 0.010531
vt 0.176202 0.035815
vt 0.203400 0.098770
vt 0.178117 0.162518
vt 0.115162 0.189716
vt 0.051414 0.164433
vt 0.024215 0.101478
vt 0.450167 0.028013
vt 0.515350 0.016552
vt 0.515747 0.209908
vt 0.580579 0.027745
vt 0.450167 0.028013
vt 0.515350 0.016552
vt 0.515749 0.209908
vt 0.580579 0.027744
vt 0.450167 0.028013
vt 0.515350 0.016552
vt 0.515748 0.209908
vt 0.580579 0.027744
vt 0.450167 0.027878
vt 0.515373 0.016552
vt 0.515373 0.209908
vt 0.580579 0.027879
vt 0.049499 0.037730
vt 0.112454 0.010531
vt 0.176202 0.035815
vt 0.203400 0.098770
vt 0.178117 0.162518
vt 0.115162 0.189716
vt 0.051414 0.164433
vt 0.024215 0.101478
vt 0.450168 0.028109
vt 0.515333 0.016553
vt 0.516015 0.209907
vt 0.580579 0.027649
vt 0.450167 0.028013
vt 0.515350 0.016552
vt 0.515748 0.209908
vt 0.580579 0.027744
vt 0.450168 0.028256
vt 0.515308 0.016554
vt 0.516424 0.209906
vt 0.580578 0.027503
vt 0.450167 0.028013
vt 0.515350 0.016552
vt 0.515748 0.209908
vt 0.580579 0.027744
vt 0.049499 0.037730
vt 0.112453 0.010531
vt 0.176202 0.035814
vt 0.203400 0.098769
vt 0.178117 0.162518
vt 0.115162 0.189716
vt 0.051414 0.164433
vt 0.024215 0.101478
vt 0.273803 0.031763
vt 0.333169 0.026412
vt 0.318890 0.199970
vt 0.390862 0.041394
vt 0.440123 0.074954
vt 0.219719 0.056822
vt 0.273803 0.031763
vt 0.318890 0.199970
vt 0.333169 0.026412
vt 0.390862 0.041394
vt 0.440123 0.074954
vt 0.219719 0.056822
vt 0.049499 0.037730
vt 0.112454 0.010531
vt 0.176202 0.035815
vt 0.203400 0.098770
vt 0.178117 0.162518
vt 0.115162 0.189716
vt 0.051414 0.164433
vt 0.024215 0.101478
vt 0.450167 0.028014
vt 0.515350 0.016552
vt 0.515752 0.209908
vt 0.580579 0.027743
vt 0.450167 0.028013
vt 0.515350 0.016552
vt 0.515749 0.209908
vt 0.580579 0.027744
vt 0.450167 0.028013
vt 0.515350 0.016552
vt 0.515748 0.209908
vt 0.580579 0.027744
vt 0.450167 0.028013
vt 0.515350 0.016552
vt 0.515748 0.209908
vt 0.580579 0.027744
vt 0.049499 0.037729
vt 0.112454 0.010531
vt 0.176202 0.035815
vt 0.203400 0.098770
vt 0.178117 0.162518
vt 0.115162 0.189716
vt 0.051413 0.164432
vt 0.024215 0.101477
vt 0.450168 0.028109
vt 0.515333 0.016553
vt 0.516015 0.209907
vt 0.580579 0.027649
vt 0.450167 0.028013
vt 0.515350 0.016552
vt 0.515748 0.209908
vt 0.580579 0.027744
vt 0.450168 0.028256
vt 0.515308 0.016553
vt 0.516424 0.209906
vt 0.580578 0.027503
vt 0.450168 0.028014
vt 0.515350 0.016552
vt 0.515751 0.209908
vt 0.580579 0.027743
vt 0.049499 0.037730
vt 0.112453 0.010531
vt 0.176202 0.035814
vt 0.203400 0.098769
vt 0.178117 0.162518
vt 0.115162 0.189716
vt 0.051414 0.164433
vt 0.024215 0.101478
vt 0.273803 0.031763
vt 0.333169 0.026412
vt 0.318890 0.199970
vt 0.390862 0.041394
vt 0.440123 0.074954
vt 0.219719 0.056822
vt 0.273803 0.031763
vt 0.318890 0.199970
vt 0.333169 0.026412
vt 0.390862 0.041394
vt 0.440123 0.074954
vt 0.219719 0.056822
vt 0.049499 0.037729
vt 0.112454 0.010531
vt 0.176202 0.035815
vt 0.203400 0.098770
vt 0.178117 0.162518
vt 0.115162 0.189716
vt 0.051414 0.164433
vt 0.024215 0.101478
vt 0.450167 0.028013
vt 0.515350 0.016552
vt 0.515747 0.209908
vt 0.580579 0.027745
vt 0.450167 0.028013
vt 0.515350 0.016552
vt 0.515749 0.209908
vt 0.580579 0.027744
vt 0.450167 0.028013
vt 0.515350 0.016552
vt 0.515748 0.209908
vt 0.580579 0.027744
vt 0.450167 0.027878
vt 0.515373 0.016552
vt 0.515373 0.209908
vt 0.580579 0.027879
vt 0.049499 0.037730
vt 0.112454 0.010531
vt 0.176202 0.035815
vt 0.203400 0.098770
vt 0.178117 0.162518
vt 0.115162 0.189716
vt 0.051414 0.164433
vt 0.024215 0.101478
vt 0.450168 0.028109
vt 0.515333 0.016553
vt 0.516015 0.209907
vt 0.580579 0.027649
vt 0.450167 0.028013
vt 0.515350 0.016552
vt 0.515748 0.209908
vt 0.580579 0.027744
vt 0.450168 0.028256
vt 0.515308 0.016554
vt 0.516424 0.209906
vt 0.580578 0.027503
vt 0.450167 0.028013
vt 0.515350 0.016552
vt 0.515748 0.209908
vt 0.580579 0.027744
vt 0.049499 0.037730
vt 0.112453 0.010531
vt 0.176202 0.035814
vt 0.203400 0.098769
vt 0.178117 0.162518
vt 0.115162 0.189716
vt 0.051414 0.164433
vt 0.024215 0.101478
vt 0.273803 0.031763
vt 0.333169 0.026412
vt 0.318890 0.199970
vt 0.390862 0.041394
vt 0.440123 0.074954
vt 0.219719 0.056822
vt 0.273803 0.031763
vt 0.318890 0.199970
vt 0.333169 0.026412
vt 0.390862 0.041394
vt 0.440123 0.074954
vt 0.219719 0.056822
vt 0.049499 0.037730
vt 0.112454 0.010531
vt 0.176202 0.035815
vt 0.203400 0.098770
vt 0.178117 0.162518
vt 0.115162 0.189716
vt 0.051414 0.164433
vt 0.024215 0.101478
vt 0.450167 0.028014
vt 0.515350 0.016552
vt 0.515752 0.209908
vt 0.580579 0.027743
vt 0.450167 0.028013
vt 0.515350 0.016552
vt 0.515749 0.209908
vt 0.580579 0.027744
vt 0.450167 0.028013
vt 0.515350 0.016552
vt 0.515748 0.209908
vt 0.580579 0.027744
vt 0.450167 0.028013
vt 0.515350 0.016552
vt 0.515748 0.209908
vt 0.580579 0.027744
vt 0.049499 0.037729
vt 0.112454 0.010531
vt 0.176202 0.035815
vt 0.203400 0.098770
vt 0.178117 0.162518
vt 0.115162 0.189716
vt 0.051413 0.164432
vt 0.024215 0.101477
vt 0.450168 0.028109
vt 0.515333 0.016553
vt 0.516015 0.209907
vt 0.580579 0.027649
vt 0.450167 0.028013
vt 0.515350 0.016552
vt 0.515748 0.209908
vt 0.580579 0.027744
vt 0.450168 0.028256
vt 0.515308 0.016553
vt 0.516424 0.209906
vt 0.580578 0.027503
vt 0.450168 0.028014
vt 0.515350 0.016552
vt 0.515751 0.209908
vt 0.580579 0.027743
vt 0.049499 0.037730
vt 0.112453 0.010531
vt 0.176202 0.035814
vt 0.203400 0.098769
vt 0.178117 0.162518
vt 0.115162 0.189716
vt 0.051414 0.164433
vt 0.024215 0.101478
vt 0.273803 0.031763
vt 0.333169 0.026412
vt 0.318890 0.199970
vt 0.390862 0.041394
vt 0.440123 0.074954
vt 0.219719 0.056822
vt 0.273803 0.031763
vt 0.318890 0.199970
vt 0.333169 0.026412
vt 0.390862 0.041394
vt 0.440123 0.074954
vt 0.219719 0.056822
vt 0.049499 0.037729
vt 0.112454 0.010531
vt 0.176202 0.035815
vt 0.203400 0.098770
vt 0.178117 0.162518
vt 0.115162 0.189716
vt 0.051414 0.164433
vt 0.024215 0.101478
vt 0.450167 0.028013
vt 0.515350 0.016552
vt 0.515747 0.209908
vt 0.580579 0.027745
vt 0.450167 0.028013
vt 0.515350 0.016552
vt 0.515749 0.209908
vt 0.580579 0.027744
vt 0.450167 0.028013
vt 0.515350 0.016552
vt 0.515748 0.209908
vt 0.580579 0.027744
vt 0.450167 0.027878
vt 0.515373 0.016552
vt 0.515373 0.209908
vt 0.580579 0.027879
vt 0.049499 0.037730
vt 0.112454 0.010531
vt 0.176202 0.035815
vt 0.203400 0.098770
vt 0.178117 0.162518
vt 0.115162 0.189716
vt 0.051414 0.164433
vt 0.024215 0.101478
vt 0.450168 0.028109
vt 0.515333 0.016553
vt 0.516015 0.209907
vt 0.580579 0.027649
vt 0.450167 0.028013
vt 0.515350 0.016552
vt 0.515748 0.209908
vt 0.580579 0.027744
vt 0.450168 0.028256
vt 0.515308 0.016554
vt 0.516424 0.209906
vt 0.580578 0.027503
vt 0.450167 0.028013
vt 0.515350 0.016552
vt 0.515748 0.209908
vt 0.580579 0.027744
vt 0.049499 0.037730
vt 0.112453 0.010531
vt 0.176202 0.035814
vt 0.203400 0.098769
vt 0.178117 0.162518
vt 0.115162 0.189716
vt 0.051414 0.164433
vt 0.024215 0.101478
vt 0.273803 0.031763
vt 0.333169 0.026412
vt 0.318890 0.199970
vt 0.390862 0.041394
vt 0.440123 0.074954
vt 0.219719 0.056822
vt 0.273803 0.031763
vt 0.318890 0.199970
vt 0.333169 0.026412
vt 0.390862 0.041394
vt 0.440123 0.074954
vt 0.219719 0.056822
vt 0.049499 0.037730
vt 0.112454 0.010531
vt 0.176202 0.035815
vt 0.203400 0.098770
vt 0.178117 0.162518
vt 0.115162 0.189716
vt 0.051414 0.164433
vt 0.024215 0.101478
vt 0.450167 0.028014
vt 0.515350 0.016552
vt 0.515752 0.209908
vt 0.580579 0.027743
vt 0.450167 0.028013
vt 0.515350 0.016552
vt 0.515749 0.209908
vt 0.580579 0.027744
vt 0.450167 0.028013
vt 0.515350 0.016552
vt 0.515748 0.209908
vt 0.580579 0.027744
vt 0.450167 0.028013
vt 0.515350 0.016552
vt 0.515748 0.209908
vt 0.580579 0.027744
vt 0.049499 0.037729
vt 0.112454 0.010531
vt 0.176202 0.035815
vt 0.203400 0.098770
vt 0.178117 0.162518
vt 0.115162 0.189716
vt 0.051413 0.164432
vt 0.024215 0.101477
vt 0.450168 0.028109
vt 0.515333 0.016553
vt 0.516015 0.209907
vt 0.580579 0.027649
vt 0.450167 0.028013
vt 0.515350 0.016552
vt 0.515748 0.209908
vt 0.580579 0.027744
vt 0.450168 0.028256
vt 0.515308 0.016553
vt 0.516424 0.209906
vt 0.580578 0.027503
vt 0.450168 0.028014
vt 0.515350 0.016552
vt 0.515751 0.209908
vt 0.580579 0.027743
vt 0.049499 0.037730
vt 0.112453 0.010531
vt 0.176202 0.035814
vt 0.203400 0.098769
vt 0.178117 0.162518
vt 0.115162 0.189716
vt 0.051414 0.164433
vt 0.024215 0.101478
vt 0.273803 0.031763
vt 0.333169 0.026412
vt 0.318890 0.199970
vt 0.390862 0.041394
vt 0.440123 0.074954
vt 0.219719 0.056822
vt 0.273803 0.031763
vt 0.318890 0.199970
vt 0.333169 0.026412
vt 0.390862 0.041394
vt 0.440123 0.074954
vt 0.219719 0.056822
vt 0.049499 0.037729
vt 0.112454 0.010531
vt 0.176202 0.035815
vt 0.203400 0.098770
vt 0.178117 0.162518
vt 0.115162 0.189716
vt 0.051414 0.164433
vt 0.024215 0.101478
vt 0.450167 0.028013
vt 0.515350 0.016552
vt 0.515747 0.209908
vt 0.580579 0.027745
vt 0.450167 0.028013
vt 0.515350 0.016552
vt 0.515749 0.209908
vt 0.580579 0.027744
vt 0.450167 0.028013
vt 0.515350 0.016552
vt 0.515748 0.209908
vt 0.580579 0.027744
vt 0.450167 0.027878
vt 0.515373 0.016552
vt 0.515373 0.209908
vt 0.580579 0.027879
vt 0.049499 0.037730
vt 0.112454 0.010531
vt 0.176202 0.035815
vt 0.203400 0.098770
vt 0.178117 0.162518
vt 0.115162 0.189716
vt 0.051414 0.164433
vt 0.024215 0.101478
vt 0.450168 0.028109
vt 0.515333 0.016553
vt 0.516015 0.209907
vt 0.580579 0.027649
vt 0.450167 0.028013
vt 0.515350 0.016552
vt 0.515748 0.209908
vt 0.580579 0.027744
vt 0.450168 0.028256
vt 0.515308 0.016554
vt 0.516424 0.209906
vt 0.580578 0.027503
vt 0.450167 0.028013
vt 0.515350 0.016552
vt 0.515748 0.209908
vt 0.580579 0.027744
vt 0.049499 0.037730
vt 0.112453 0.010531
vt 0.176202 0.035814
vt 0.203400 0.098769
vt 0.178117 0.162518
vt 0.115162 0.189716
vt 0.051414 0.164433
vt 0.024215 0.101478
vt 0.273803 0.031763
vt 0.333169 0.026412
vt 0.318890 0.199970
vt 0.390862 0.041394
vt 0.440123 0.074954
vt 0.219719 0.056822
vt 0.273803 0.031763
vt 0.318890 0.199970
vt 0.333169 0.026412
vt 0.390862 0.041394
vt 0.440123 0.074954
vt 0.219719 0.056822
vt 0.049499 0.037730
vt 0.112454 0.010531
vt 0.176202 0.035815
vt 0.203400 0.098770
vt 0.178117 0.162518
vt 0.115162 0.189716
vt 0.051414 0.164433
vt 0.024215 0.101478
vt 0.450167 0.028014
vt 0.515350 0.016552
vt 0.515752 0.209908
vt 0.580579 0.027743
vt 0.450167 0.028013
vt 0.515350 0.016552
vt 0.515749 0.209908
vt 0.580579 0.027744
vt 0.450167 0.028013
vt 0.515350 0.016552
vt 0.515748 0.209908
vt 0.580579 0.027744
vt 0.450167 0.028013
vt 0.515350 0.016552
vt 0.515748 0.209908
vt 0.580579 0.027744
vt 0.049499 0.037729
vt 0.112454 0.010531
vt 0.176202 0.035815
vt 0.203400 0.098770
vt 0.178117 0.162518
vt 0.115162 0.189716
vt 0.051413 0.164432
vt 0.024215 0.101477
vt 0.450168 0.028109
vt 0.515333 0.016553
vt 0.516015 0.209907
vt 0.580579 0.027649
vt 0.450167 0.028013
vt 0.515350 0.016552
vt 0.515748 0.209908
vt 0.580579 0.027744
vt 0.450168 0.028256
vt 0.515308 0.016553
vt 0.516424 0.209906
vt 0.580578 0.027503
vt 0.450168 0.028014
vt 0.515350 0.016552
vt 0.515751 0.209908
vt 0.580579 0.027743
vt 0.049499 0.037730
vt 0.112453 0.010531
vt 0.176202 0.035814
vt 0.203400 0.098769
vt 0.178117 0.162518
vt 0.115162 0.189716
vt 0.051414 0.164433
vt 0.024215 0.101478
vt 0.273803 0.031763
vt 0.333169 0.026412
vt 0.318890 0.199970
vt 0.390862 0.041394
vt 0.440123 0.074954
vt 0.219719 0.056822
vt 0.273803 0.031763
vt 0.318890 0.199970
vt 0.333169 0.026412
vt 0.390862 0.041394
vt 0.440123 0.074954
vt 0.219719 0.056822
vt 0.049499 0.037729
vt 0.112454 0.010531
vt 0.176202 0.035815
vt 0.203400 0.098770
vt 0.178117 0.162518
vt 0.115162 0.189716
vt 0.051414 0.164433
vt 0.024215 0.101478
vt 0.450167 0.028013
vt 0.515350 0.016552
vt 0.515747 0.209908
vt 0.580579 0.027745
vt 0.450167 0.028013
vt 0.515350 0.016552
vt 0.515749 0.209908
vt 0.580579 0.027744
vt 0.450167 0.028013
vt 0.515350 0.016552
vt 0.515748 0.209908
vt 0.580579 0.027744
vt 0.450167 0.027878
vt 0.515373 0.016552
vt 0.515373 0.209908
vt 0.580579 0.027879
vt 0.049499 0.037730
vt 0.112454 0.010531
vt 0.176202 0.035815
vt 0.203400 0.098770
vt 0.178117 0.162518
vt 0.115162 0.189716
vt 0.051414 0.164433
vt 0.024215 0.101478
vt 0.450168 0.028109
vt 0.515333 0.016553
vt 0.516015 0.209907
vt 0.580579 0.027649
vt 0.450167 0.028013
vt 0.515350 0.016552
vt 0.515748 0.209908
vt 0.580579 0.027744
vt 0.450168 0.028256
vt 0.515308 0.016554
vt 0.516424 0.209906
vt 0.580578 0.027503
vt 0.450167 0.028013
vt 0.515350 0.016552
vt 0.515748 0.209908
vt 0.580579 0.027744
vt 0.049499 0.037730
vt 0.112453 0.010531
vt 0.176202 0.035814
vt 0.203400 0.098769
vt 0.178117 0.162518
vt 0.115162 0.189716
vt 0.051414 0.164433
vt 0.024215 0.101478
vt 0.273803 0.031763
vt 0.333169 0.026412
vt 0.318890 0.199970
vt 0.390862 0.041394
vt 0.440123 0.074954
vt 0.219719 0.056822
vt 0.273803 0.031763
vt 0.318890 0.199970
vt 0.333169 0.026412
vt 0.390862 0.041394
vt 0.440123 0.074954
vt 0.219719 0.056822
vt 0.049499 0.037730
vt 0.112454 0.010531
vt 0.176202 0.035815
vt 0.203400 0.098770
vt 0.178117 0.162518
vt 0.115162 0.189716
vt 0.051414 0.164433
vt 0.024215 0.101478
vt 0.450167 0.028014
vt 0.515350 0.016552
vt 0.515752 0.209908
vt 0.580579 0.027743
vt 0.450167 0.028013
vt 0.515350 0.016552
vt 0.515749 0.209908
vt 0.580579 0.027744
vt 0.450167 0.028013
vt 0.515350 0.016552
vt 0.515748 0.209908
vt 0.580579 0.027744
vt 0.450167 0.028013
vt 0.515350 0.016552
vt 0.515748 0.209908
vt 0.580579 0.027744
vt 0.049499 0.037729
vt 0.112454 0.010531
vt 0.176202 0.035815
vt 0.203400 0.098770
vt 0.178117 0.162518
vt 0.115162 0.189716
vt 0.051413 0.164432
vt 0.024215 0.101477
vt 0.450168 0.028109
vt 0.515333 0.016553
vt 0.516015 0.209907
vt 0.580579 0.027649
vt 0.450167 0.028013
vt 0.515350 0.016552
vt 0.515748 0.209908
vt 0.580579 0.027744
vt 0.450168 0.028256
vt 0.515308 0.016553
vt 0.516424 0.209906
vt 0.580578 0.027503
vt 0.450168 0.028014
vt 0.515350 0.016552
vt 0.515751 0.209908
vt 0.580579 0.027743
vt 0.049499 0.037730
vt 0.112453 0.010531
vt 0.176202 0.035814
vt 0.203400 0.098769
vt 0.178117 0.162518
vt 0.115162 0.189716
vt 0.051414 0.164433
vt 0.024215 0.101478
vt 0.273803 0.031763
vt 0.333169 0.026412
vt 0.318890 0.199970
vt 0.390862 0.041394
vt 0.440123 0.074954
vt 0.219719 0.056822
vt 0.273803 0.031763
vt 0.318890 0.199970
vt 0.333169 0.026412
vt 0.390862 0.041394
vt 0.440123 0.074954
vt 0.219719 0.056822
vt 0.049499 0.037729
vt 0.112454 0.010531
vt 0.176202 0.035815
vt 0.203400 0.098770
vt 0.178117 0.162518
vt 0.115162 0.189716
vt 0.051414 0.164433
vt 0.024215 0.101478
vt 0.450167 0.028013
vt 0.515350 0.016552
vt 0.515747 0.209908
vt 0.580579 0.027745
vt 0.450167 0.028013
vt 0.515350 0.016552
vt 0.515749 0.209908
vt 0.580579 0.027744
vt 0.450167 0.028013
vt 0.515350 0.016552
vt 0.515748 0.209908
vt 0.580579 0.027744
vt 0.450167 0.027878
vt 0.515373 0.016552
vt 0.515373 0.209908
vt 0.580579 0.027879
vt 0.049499 0.037730
vt 0.112454 0.010531
vt 0.176202 0.035815
vt 0.203400 0.098770
vt 0.178117 0.162518
vt 0.115162 0.189716
vt 0.051414 0.164433
vt 0.024215 0.101478
vt 0.450168 0.028109
vt 0.515333 0.016553
vt 0.516015 0.209907
vt 0.580579 0.027649
vt 0.450167 0.028013
vt 0.515350 0.016552
vt 0.515748 0.209908
vt 0.580579 0.027744
vt 0.450168 0.028256
vt 0.515308 0.016554
vt 0.516424 0.209906
vt 0.580578 0.027503
vt 0.450167 0.028013
vt 0.515350 0.016552
vt 0.515748 0.209908
vt 0.580579 0.027744
vt 0.049499 0.037730
vt 0.112453 0.010531
vt 0.176202 0.035814
vt 0.203400 0.098769
vt 0.178117 0.162518
vt 0.115162 0.189716
vt 0.051414 0.164433
vt 0.024215 0.101478
vt 0.273803 0.031763
vt 0.333169 0.026412
vt 0.318890 0.199970
vt 0.390862 0.041394
vt 0.440123 0.074954
vt 0.219719 0.056822
vt 0.273803 0.031763
vt 0.318890 0.199970
vt 0.333169 0.026412
vt 0.390862 0.041394
vt 0.440123 0.074954
vt 0.219719 0.056822
vt 0.049499 0.037730
vt 0.112454 0.010531
vt 0.176202 0.035815
vt 0.203400 0.098770
vt 0.178117 0.162518
vt 0.115162 0.189716
vt 0.051414 0.164433
vt 0.024215 0.101478
vt 0.450167 0.028014
vt 0.515350 0.016552
vt 0.515752 0.209908
vt 0.580579 0.027743
vt 0.450167 0.028013
vt 0.515350 0.016552
vt 0.515749 0.209908
vt 0.580579 0.027744
vt 0.450167 0.028013
vt 0.515350 0.016552
vt 0.515748 0.209908
vt 0.580579 0.027744
vt 0.450167 0.028013
vt 0.515350 0.016552
vt 0.515748 0.209908
vt 0.580579 0.027744
vt 0.049499 0.037729
vt 0.112454 0.010531
vt 0.176202 0.035815
vt 0.203400 0.098770
vt 0.178117 0.162518
vt 0.115162 0.189716
vt 0.051413 0.164432
vt 0.024215 0.101477
vt 0.450168 0.028109
vt 0.515333 0.016553
vt 0.516015 0.209907
vt 0.580579 0.027649
vt 0.450167 0.028013
vt 0.515350 0.016552
vt 0.515748 0.209908
vt 0.580579 0.027744
vt 0.450168 0.028256
vt 0.515308 0.016553
vt 0.516424 0.209906
vt 0.580578 0.027503
vt 0.450168 0.028014
vt 0.515350 0.016552
vt 0.515751 0.209908
vt 0.580579 0.027743
vt 0.049499 0.037730
vt 0.112453 0.010531
vt 0.176202 0.035814
vt 0.203400 0.098769
vt 0.178117 0.162518
vt 0.115162 0.189716
vt 0.051414 0.164433
vt 0.024215 0.101478
vt 0.273803 0.031763
vt 0.333169 0.026412
vt 0.318890 0.199970
vt 0.390862 0.041394
vt 0.440123 0.074954
vt 0.219719 0.056822
vt 0.273803 0.031763
vt 0.318890 0.199970
vt 0.333169 0.026412
vt 0.390862 0.041394
vt 0.440123 0.074954
vt 0.219719 0.056822
vt 0.049499 0.037729
vt 0.112454 0.010531
vt 0.176202 0.035815
vt 0.203400 0.098770
vt 0.178117 0.162518
vt 0.115162 0.189716
vt 0.051414 0.164433
vt 0.024215 0.101478
vt 0.450167 0.028013
vt 0.515350 0.016552
vt 0.515747 0.209908
vt 0.580579 0.027745
vt 0.450167 0.028013
vt 0.515350 0.016552
vt 0.515749 0.209908
vt 0.580579 0.027744
vt 0.450167 0.028013
vt 0.515350 0.016552
vt 0.515748 0.209908
vt 0.580579 0.027744
vt 0.450167 0.027878
vt 0.515373 0.016552
vt 0.515373 0.209908
vt 0.580579 0.027879
vt 0.049499 0.037730
vt 0.112454 0.010531
vt 0.176202 0.035815
vt 0.203400 0.098770
vt 0.178117 0.162518
vt 0.115162 0.189716
vt 0.051414 0.164433
vt 0.024215 0.101478
vt 0.450168 0.028109
vt 0.515333 0.016553
vt 0.516015 0.209907
vt 0.580579 0.027649
vt 0.450167 0.028013
vt 0.515350 0.016552
vt 0.515748 0.209908
vt 0.580579 0.027744
vt 0.450168 0.028256
vt 0.515308 0.016554
vt 0.516424 0.209906
vt 0.580578 0.027503
vt 0.450167 0.028013
vt 0.515350 0.016552
vt 0.515748 0.209908
vt 0.580579 0.027744
vt 0.049499 0.037730
vt 0.112453 0.010531
vt 0.176202 0.035814
vt 0.203400 0.098769
vt 0.178117 0.162518
vt 0.115162 0.189716
vt 0.051414 0.164433
vt 0.024215 0.101478
vt 0.273803 0.031763
vt 0.333169 0.026412
vt 0.318890 0.199970
vt 0.390862 0.041394
vt 0.440123 0.074954
vt 0.219719 0.056822
vt 0.273803 0.031763
vt 0.318890 0.199970
vt 0.333169 0.026412
vt 0.390862 0.041394
vt 0.440123 0.074954
vt 0.219719 0.056822
vt 0.049499 0.037730
vt 0.112454 0.010531
vt 0.176202 0.035815
vt 0.203400 0.098770
vt 0.178117 0.162518
vt 0.115162 0.189716
vt 0.051414 0.164433
vt 0.024215 0.101478
vt 0.450167 0.028014
vt 0.515350 0.016552
vt 0.515752 0.209908
vt 0.580579 0.027743
vt 0.450167 0.028013
vt 0.515350 0.016552
vt 0.515749 0.209908
vt 0.580579 0.027744
vt 0.450167 0.028013
vt 0.515350 0.016552
vt 0.515748 0.209908
vt 0.580579 0.027744
vt 0.450167 0.028013
vt 0.515350 0.016552
vt 0.515748 0.209908
vt 0.580579 0.027744
vt 0.049499 0.037729
vt 0.112454 0.010531
vt 0.176202 0.035815
vt 0.203400 0.098770
vt 0.178117 0.162518
vt 0.115162 0.189716
vt 0.051413 0.164432
vt 0.024215 0.101477
vt 0.450168 0.028109
vt 0.515333 0.016553
vt 0.516015 0.209907
vt 0.580579 0.027649
vt 0.450167 0.028013
vt 0.515350 0.016552
vt 0.515748 0.209908
vt 0.580579 0.027744
vt 0.450168 0.028256
vt 0.515308 0.016553
vt 0.516424 0.209906
vt 0.580578 0.027503
vt 0.450168 0.028014
vt 0.515350 0.016552
vt 0.515751 0.209908
vt 0.580579 0.027743
vt 0.049499 0.037730
vt 0.112453 0.010531
vt 0.176202 0.035814
vt 0.203400 0.098769
vt 0.178117 0.162518
vt 0.115162 0.189716
vt 0.051414 0.164433
vt 0.024215 0.101478
vt 0.273803 0.031763
vt 0.333169 0.026412
vt 0.318890 0.199970
vt 0.390862 0.041394
vt 0.440123 0.074954
vt 0.219719 0.056822
vt 0.273803 0.031763
vt 0.318890 0.199970
vt 0.333169 0.026412
vt 0.390862 0.041394
vt 0.440123 0.074954
vt 0.219719 0.056822
vt 0.049499 0.037729
vt 0.112454 0.010531
vt 0.176202 0.035815
vt 0.203400 0.098770
vt 0.178117 0.162518
vt 0.115162 0.189716
vt 0.051414 0.164433
vt 0.024215 0.101478
vt 0.450167 0.028013
vt 0.515350 0.016552
vt 0.515747 0.209908
vt 0.580579 0.027745
vt 0.450167 0.028013
vt 0.515350 0.016552
vt 0.515749 0.209908
vt 0.580579 0.027744
vt 0.450167 0.028013
vt 0.515350 0.016552
vt 0.515748 0.209908
vt 0.580579 0.027744
vt 0.450167 0.027878
vt 0.515373 0.016552
vt 0.515373 0.209908
vt 0.580579 0.027879
vt 0.049499 0.037730
vt 0.112454 0.010531
vt 0.176202 0.035815
vt 0.203400 0.098770
vt 0.178117 0.162518
vt 0.115162 0.189716
vt 0.051414 0.164433
vt 0.024215 0.101478
vt 0.450168 0.028109
vt 0.515333 0.016553
vt 0.516015 0.209907
vt 0.580579 0.027649
vt 0.450167 0.028013
vt 0.515350 0.016552
vt 0.515748 0.209908
vt 0.580579 0.027744
vt 0.450168 0.028256
vt 0.515308 0.016554
vt 0.516424 0.209906
vt 0.580578 0.027503
vt 0.450167 0.028013
vt 0.515350 0.016552
vt 0.515748 0.209908
vt 0.580579 0.027744
vt 0.049499 0.037730
vt 0.112453 0.010531
vt 0.176202 0.035814
vt 0.203400 0.098769
vt 0.178117 0.162518
vt 0.115162 0.189716
vt 0.051414 0.164433
vt 0.024215 0.101478
vt 0.273803 0.031763
vt 0.333169 0.026412
vt 0.318890 0.199970
vt 0.390862 0.041394
vt 0.440123 0.074954
vt 0.219719 0.056822
vt 0.273803 0.031763
vt 0.318890 0.199970
vt 0.333169 0.026412
vt 0.390862 0.041394
vt 0.440123 0.074954
vt 0.219719 0.056822
vt 0.049499 0.037730
vt 0.112454 0.010531
vt 0.176202 0.035815
vt 0.203400 0.098770
vt 0.178117 0.162518
vt 0.115162 0.189716
vt 0.051414 0.164433
vt 0.024215 0.101478
vt 0.450167 0.028014
vt 0.515350 0.016552
vt 0.515752 0.209908
vt 0.580579 0.027743
vt 0.450167 0.028013
vt 0.515350 0.016552
vt 0.515749 0.209908
vt 0.580579 0.027744
vt 0.450167 0.028013
vt 0.515350 0.016552
vt 0.515748 0.209908
vt 0.580579 0.027744
vt 0.450167 0.028013
vt 0.515350 0.016552
vt 0.515748 0.209908
vt 0.580579 0.027744
vt 0.049499 0.037729
vt 0.112454 0.010531
vt 0.176202 0.035815
vt 0.203400 0.098770
vt 0.178117 0.162518
vt 0.115162 0.189716
vt 0.051413 0.164432
vt 0.024215 0.101477
vt 0.450168 0.028109
vt 0.515333 0.016553
vt 0.516015 0.209907
vt 0.580579 0.027649
vt 0.450167 0.028013
vt 0.515350 0.016552
vt 0.515748 0.209908
vt 0.580579 0.027744
vt 0.450168 0.028256
vt 0.515308 0.016553
vt 0.516424 0.209906
vt 0.580578 0.027503
vt 0.450168 0.028014
vt 0.515350 0.016552
vt 0.515751 0.209908
vt 0.580579 0.027743
vt 0.049499 0.037730
vt 0.112453 0.010531
vt 0.176202 0.035814
vt 0.203400 0.098769
vt 0.178117 0.162518
vt 0.115162 0.189716
vt 0.051414 0.164433
vt 0.024215 0.101478
vt 0.273803 0.031763
vt 0.333169 0.026412
vt 0.318890 0.199970
vt 0.390862 0.041394
vt 0.440123 0.074954
vt 0.219719 0.056822
vt 0.273803 0.031763
vt 0.318890 0.199970
vt 0.333169 0.026412
vt 0.390862 0.041394
vt 0.440123 0.074954
vt 0.219719 0.056822
vt 0.049499 0.037729
vt 0.112454 0.010531
vt 0.176202 0.035815
vt 0.203400 0.098770
vt 0.178117 0.162518
vt 0.115162 0.189716
vt 0.051414 0.164433
vt 0.024215 0.101478
vt 0.450167 0.028013
vt 0.515350 0.016552
vt 0.515747 0.209908
vt 0.580579 0.027745
vt 0.450167 0.028013
vt 0.515350 0.016552
vt 0.515749 0.209908
vt 0.580579 0.027744
vt 0.450167 0.028013
vt 0.515350 0.016552
vt 0.515748 0.209908
vt 0.580579 0.027744
vt 0.450167 0.027878
vt 0.515373 0.016552
vt 0.515373 0.209908
vt 0.580579 0.027879
vt 0.049499 0.037730
vt 0.112454 0.010531
vt 0.176202 0.035815
vt 0.203400 0.098770
vt 0.178117 0.162518
vt 0.115162 0.189716
vt 0.051414 0.164433
vt 0.024215 0.101478
vt 0.450168 0.028109
vt 0.515333 0.016553
vt 0.516015 0.209907
vt 0.580579 0.027649
vt 0.450167 0.028013
vt 0.515350 0.016552
vt 0.515748 0.209908
vt 0.580579 0.027744
vt 0.450168 0.028256
vt 0.515308 0.016554
vt 0.516424 0.209906
vt 0.580578 0.027503
vt 0.450167 0.028013
vt 0.515350 0.016552
vt 0.515748 0.209908
vt 0.580579 0.027744
vt 0.049499 0.037730
vt 0.112453 0.010531
vt 0.176202 0.035814
vt 0.203400 0.098769
vt 0.178117 0.162518
vt 0.115162 0.189716
vt 0.051414 0.164433
vt 0.024215 0.101478
vt 0.273803 0.031763
vt 0.333169 0.026412
vt 0.318890 0.199970
vt 0.390862 0.041394
vt 0.440123 0.074954
vt 0.219719 0.056822
vt 0.273803 0.031763
vt 0.318890 0.199970
vt 0.333169 0.026412
vt 0.390862 0.041394
vt 0.440123 0.074954
vt 0.219719 0.056822
vt 0.049499 0.037730
vt 0.112454 0.010531
vt 0.176202 0.035815
vt 0.203400 0.098770
vt 0.178117 0.162518
vt 0.115162 0.189716
vt 0.051414 0.164433
vt 0.024215 0.101478
vt 0.450167 0.028014
vt 0.515350 0.016552
vt 0.515752 0.209908
vt 0.580579 0.027743
vt 0.450167 0.028013
vt 0.515350 0.016552
vt 0.515749 0.209908
vt 0.580579 0.027744
vt 0.450167 0.028013
vt 0.515350 0.016552
vt 0.515748 0.209908
vt 0.580579 0.027744
vt 0.450167 0.028013
vt 0.515350 0.016552
vt 0.515748 0.209908
vt 0.580579 0.027744
vt 0.049499 0.037729
vt 0.112454 0.010531
vt 0.176202 0.035815
vt 0.203400 0.098770
vt 0.178117 0.162518
vt 0.115162 0.189716
vt 0.051413 0.164432
vt 0.024215 0.101477
vt 0.450168 0.028109
vt 0.515333 0.016553
vt 0.516015 0.209907
vt 0.580579 0.027649
vt 0.450167 0.028013
vt 0.515350 0.016552
vt 0.515748 0.209908
vt 0.580579 0.027744
vt 0.450168 0.028256
vt 0.515308 0.016553
vt 0.516424 0.209906
vt 0.580578 0.027503
vt 0.450168 0.028014
vt 0.515350 0.016552
vt 0.515751 0.209908
vt 0.580579 0.027743
vt 0.049499 0.037730
vt 0.112453 0.010531
vt 0.176202 0.035814
vt 0.203400 0.098769
vt 0.178117 0.162518
vt 0.115162 0.189716
vt 0.051414 0.164433
vt 0.024215 0.101478
vt 0.273803 0.031763
vt 0.333169 0.026412
vt 0.318890 0.199970
vt 0.390862 0.041394
vt 0.440123 0.074954
vt 0.219719 0.056822
vt 0.273803 0.031763
vt 0.318890 0.199970
vt 0.333169 0.026412
vt 0.390862 0.041394
vt 0.440123 0.074954
vt 0.219719 0.056822
vt 0.049499 0.037729
vt 0.112454 0.010531
vt 0.176202 0.035815
vt 0.203400 0.098770
vt 0.178117 0.162518
vt 0.115162 0.189716
vt 0.051414 0.164433
vt 0.024215 0.101478
vt 0.450167 0.028013
vt 0.515350 0.016552
vt 0.515747 0.209908
vt 0.580579 0.027745
vt 0.450167 0.028013
vt 0.515350 0.016552
vt 0.515749 0.209908
vt 0.580579 0.027744
vt 0.450167 0.028013
vt 0.515350 0.016552
vt 0.515748 0.209908
vt 0.580579 0.027744
vt 0.450167 0.027878
vt 0.515373 0.016552
vt 0.515373 0.209908
vt 0.580579 0.027879
vt 0.049499 0.037730
vt 0.112454 0.010531
vt 0.176202 0.035815
vt 0.203400 0.098770
vt 0.178117 0.162518
vt 0.115162 0.189716
vt 0.051414 0.164433
vt 0.024215 0.101478
vt 0.450168 0.028109
vt 0.515333 0.016553
vt 0.516015 0.209907
vt 0.580579 0.027649
vt 0.450167 0.028013
vt 0.515350 0.016552
vt 0.515748 0.209908
vt 0.580579 0.027744
vt 0.450168 0.028256
vt 0.515308 0.016554
vt 0.516424 0.209906
vt 0.580578 0.027503
vt 0.450167 0.028013
vt 0.515350 0.016552
vt 0.515748 0.209908
vt 0.580579 0.027744
vt 0.049499 0.037730
vt 0.112453 0.010531
vt 0.176202 0.035814
vt 0.203400 0.098769
vt 0.178117 0.162518
vt 0.115162 0.189716
vt 0.051414 0.164433
vt 0.024215 0.101478
vt 0.273803 0.031763
vt 0.333169 0.026412
vt 0.318890 0.199970
vt 0.390862 0.041394
vt 0.440123 0.074954
vt 0.219719 0.056822
vt 0.273803 0.031763
vt 0.318890 0.199970
vt 0.333169 0.026412
vt 0.390862 0.041394
vt 0.440123 0.074954
vt 0.219719 0.056822
vt 0.049499 0.037730
vt 0.112454 0.010531
vt 0.176202 0.035815
vt 0.203400 0.098770
vt 0.178117 0.162518
vt 0.115162 0.189716
vt 0.051414 0.164433
vt 0.024215 0.101478
vt 0.450167 0.028014
vt 0.515350 0.016552
vt 0.515752 0.209908
vt 0.580579 0.027743
vt 0.450167 0.028013
vt 0.515350 0.016552
vt 0.515749 0.209908
vt 0.580579 0.027744
vt 0.450167 0.028013
vt 0.515350 0.016552
vt 0.515748 0.209908
vt 0.580579 0.027744
vt 0.450167 0.028013
vt 0.515350 0.016552
vt 0.515748 0.209908
vt 0.580579 0.027744
vt 0.049499 0.037729
vt 0.112454 0.010531
vt 0.176202 0.035815
vt 0.203400 0.098770
vt 0.178117 0.162518
vt 0.115162 0.189716
vt 0.051413 0.164432
vt 0.024215 0.101477
vt 0.450168 0.028109
vt 0.515333 0.016553
vt 0.516015 0.209907
vt 0.580579 0.027649
vt 0.450167 0.028013
vt 0.515350 0.016552
vt 0.515748 0.209908
vt 0.580579 0.027744
vt 0.450168 0.028256
vt 0.515308 0.016553
vt 0.516424 0.209906
vt 0.580578 0.027503
vt 0.450168 0.028014
vt 0.515350 0.016552
vt 0.515751 0.209908
vt 0.580579 0.027743
vt 0.049499 0.037730
vt 0.112453 0.010531
vt 0.176202 0.035814
vt 0.203400 0.098769
vt 0.178117 0.162518
vt 0.115162 0.189716
vt 0.051414 0.164433
vt 0.024215 0.101478
vt 0.273803 0.031763
vt 0.333169 0.026412
vt 0.318890 0.199970
vt 0.390862 0.041394
vt 0.440123 0.074954
vt 0.219719 0.056822
vt 0.273803 0.031763
vt 0.318890 0.199970
vt 0.333169 0.026412
vt 0.390862 0.041394
vt 0.440123 0.074954
vt 0.219719 0.056822
vt 0.049499 0.037729
vt 0.112454 0.010531
vt 0.176202 0.035815
vt 0.203400 0.098770
vt 0.178117 0.162518
vt 0.115162 0.189716
vt 0.051414 0.164433
vt 0.024215 0.101478
vt 0.450167 0.028013
vt 0.515350 0.016552
vt 0.515747 0.209908
vt 0.580579 0.027745
vt 0.450167 0.028013
vt 0.515350 0.016552
vt 0.515749 0.209908
vt 0.580579 0.027744
vt 0.450167 0.028013
vt 0.515350 0.016552
vt 0.515748 0.209908
vt 0.580579 0.027744
vt 0.450167 0.027878
vt 0.515373 0.016552
vt 0.515373 0.209908
vt 0.580579 0.027879
vt 0.049499 0.037730
vt 0.112454 0.010531
vt 0.176202 0.035815
vt 0.203400 0.098770
vt 0.178117 0.162518
vt 0.115162 0.189716
vt 0.051414 0.164433
vt 0.024215 0.101478
vt 0.450168 0.028109
vt 0.515333 0.016553
vt 0.516015 0.209907
vt 0.580579 0.027649
vt 0.450167 0.028013
vt 0.515350 0.016552
vt 0.515748 0.209908
vt 0.580579 0.027744
vt 0.450168 0.028256
vt 0.515308 0.016554
vt 0.516424 0.209906
vt 0.580578 0.027503
vt 0.450167 0.028013
vt 0.515350 0.016552
vt 0.515748 0.209908
vt 0.580579 0.027744
vt 0.049499 0.037730
vt 0.112453 0.010531
vt 0.176202 0.035814
vt 0.203400 0.098769
vt 0.178117 0.162518
vt 0.115162 0.189716
vt 0.051414 0.164433
vt 0.024215 0.101478
vt 0.273803 0.031763
vt 0.333169 0.026412
vt 0.318890 0.199970
vt 0.390862 0.041394
vt 0.440123 0.074954
vt 0.219719 0.056822
vt 0.273803 0.031763
vt 0.318890 0.199970
vt 0.333169 0.026412
vt 0.390862 0.041394
vt 0.440123 0.074954
vt 0.219719 0.056822
vt 0.049499 0.037730
vt 0.112454 0.010531
vt 0.176202 0.035815
vt 0.203400 0.098770
vt 0.178117 0.162518
vt 0.115162 0.189716
vt 0.051414 0.164433
vt 0.024215 0.101478
vt 0.450167 0.028014
vt 0.515350 0.016552
vt 0.515752 0.209908
vt 0.580579 0.027743
vt 0.450167 0.028013
vt 0.515350 0.016552
vt 0.515749 0.209908
vt 0.580579 0.027744
vt 0.450167 0.028013
vt 0.515350 0.016552
vt 0.515748 0.209908
vt 0.580579 0.027744
vt 0.450167 0.028013
vt 0.515350 0.016552
vt 0.515748 0.209908
vt 0.580579 0.027744
vt 0.049499 0.037729
vt 0.112454 0.010531
vt 0.176202 0.035815
vt 0.203400 0.098770
vt 0.178117 0.162518
vt 0.115162 0.189716
vt 0.051413 0.164432
vt 0.024215 0.101477
vt 0.450168 0.028109
vt 0.515333 0.016553
vt 0.516015 0.209907
vt 0.580579 0.027649
vt 0.450167 0.028013
vt 0.515350 0.016552
vt 0.515748 0.209908
vt 0.580579 0.027744
vt 0.450168 0.028256
vt 0.515308 0.016553
vt 0.516424 0.209906
vt 0.580578 0.027503
vt 0.450168 0.028014
vt 0.515350 0.016552
vt 0.515751 0.209908
vt 0.580579 0.027743
vt 0.049499 0.037730
vt 0.112453 0.010531
vt 0.176202 0.035814
vt 0.203400 0.098769
vt 0.178117 0.162518
vt 0.115162 0.189716
vt 0.051414 0.164433
vt 0.024215 0.101478
vt 0.273803 0.031763
vt 0.333169 0.026412
vt 0.318890 0.199970
vt 0.390862 0.041394
vt 0.440123 0.074954
vt 0.219719 0.056822
vt 0.273803 0.031763
vt 0.318890 0.199970
vt 0.333169 0.026412
vt 0.390862 0.041394
vt 0.440123 0.074954
vt 0.219719 0.056822
vt 0.049499 0.037729
vt 0.112454 0.010531
vt 0.176202 0.035815
vt 0.203400 0.098770
vt 0.178117 0.162518
vt 0.115162 0.189716
vt 0.051414 0.164433
vt 0.024215 0.101478
vt 0.450167 0.028013
vt 0.515350 0.016552
vt 0.515747 0.209908
vt 0.580579 0.027745
vt 0.450167 0.028013
vt 0.515350 0.016552
vt 0.515749 0.209908
vt 0.580579 0.027744
vt 0.450167 0.028013
vt 0.515350 0.016552
vt 0.515748 0.209908
vt 0.580579 0.027744
vt 0.450167 0.027878
vt 0.515373 0.016552
vt 0.515373 0.209908
vt 0.580579 0.027879
vt 0.049499 0.037730
vt 0.112454 0.010531
vt 0.176202 0.035815
vt 0.203400 0.098770
vt 0.178117 0.162518
vt 0.115162 0.189716
vt 0.051414 0.164433
vt 0.024215 0.101478
vt 0.450168 0.028109
vt 0.515333 0.016553
vt 0.516015 0.209907
vt 0.580579 0.027649
vt 0.450167 0.028013
vt 0.515350 0.016552
vt 0.515748 0.209908
vt 0.580579 0.027744
vt 0.450168 0.028256
vt 0.515308 0.016554
vt 0.516424 0.209906
vt 0.580578 0.027503
vt 0.450167 0.028013
vt 0.515350 0.016552
vt 0.515748 0.209908
vt 0.580579 0.027744
vt 0.049499 0.037730
vt 0.112453 0.010531
vt 0.176202 0.035814
vt 0.203400 0.098769
vt 0.178117 0.162518
vt 0.115162 0.189716
vt 0.051414 0.164433
vt 0.024215 0.101478
vt 0.273803 0.031763
vt 0.333169 0.026412
vt 0.318890 0.199970
vt 0.390862 0.041394
vt 0.440123 0.074954
vt 0.219719 0.056822
vt 0.273803 0.031763
vt 0.318890 0.199970
vt 0.333169 0.026412
vt 0.390862 0.041394
vt 0.440123 0.074954
vt 0.219719 0.056822
vt 0.049499 0.037730
vt 0.112454 0.010531
vt 0.176202 0.035815
vt 0.203400 0.098770
vt 0.178117 0.162518
vt 0.115162 0.189716
vt 0.051414 0.164433
vt 0.024215 0.101478
vt 0.450167 0.028014
vt 0.515350 0.016552
vt 0.515752 0.209908
vt 0.580579 0.027743
vt 0.450167 0.028013
vt 0.515350 0.016552
vt 0.515749 0.209908
vt 0.580579 0.027744
vt 0.450167 0.028013
vt 0.515350 0.016552
vt 0.515748 0.209908
vt 0.580579 0.027744
vt 0.450167 0.028013
vt 0.515350 0.016552
vt 0.515748 0.209908
vt 0.580579 0.027744
vt 0.049499 0.037729
vt 0.112454 0.010531
vt 0.176202 0.035815
vt 0.203400 0.098770
vt 0.178117 0.162518
vt 0.115162 0.189716
vt 0.051413 0.164432
vt 0.024215 0.101477
vt 0.450168 0.028109
vt 0.515333 0.016553
vt 0.516015 0.209907
vt 0.580579 0.027649
vt 0.450167 0.028013
vt 0.515350 0.016552
vt 0.515748 0.209908
vt 0.580579 0.027744
vt 0.450168 0.028256
vt 0.515308 0.016553
vt 0.516424 0.209906
vt 0.580578 0.027503
vt 0.450168 0.028014
vt 0.515350 0.016552
vt 0.515751 0.209908
vt 0.580579 0.027743
vt 0.049499 0.037730
vt 0.112453 0.010531
vt 0.176202 0.035814
vt 0.203400 0.098769
vt 0.178117 0.162518
vt 0.115162 0.189716
vt 0.051414 0.164433
vt 0.024215 0.101478
vt 0.273803 0.031763
vt 0.333169 0.026412
vt 0.318890 0.199970
vt 0.390862 0.041394
vt 0.440123 0.074954
vt 0.219719 0.056822
vt 0.273803 0.031763
vt 0.318890 0.199970
vt 0.333169 0.026412
vt 0.390862 0.041394
vt 0.440123 0.074954
vt 0.219719 0.056822
vt 0.049499 0.037729
vt 0.112454 0.010531
vt 0.176202 0.035815
vt 0.203400 0.098770
vt 0.178117 0.162518
vt 0.115162 0.189716
vt 0.051414 0.164433
vt 0.024215 0.101478
vt 0.450167 0.028013
vt 0.515350 0.016552
vt 0.515747 0.209908
vt 0.580579 0.027745
vt 0.450167 0.028013
vt 0.515350 0.016552
vt 0.515749 0.209908
vt 0.580579 0.027744
vt 0.450167 0.028013
vt 0.515350 0.016552
vt 0.515748 0.209908
vt 0.580579 0.027744
vt 0.450167 0.027878
vt 0.515373 0.016552
vt 0.515373 0.209908
vt 0.580579 0.027879
vt 0.049499 0.037730
vt 0.112454 0.010531
vt 0.176202 0.035815
vt 0.203400 0.098770
vt 0.178117 0.162518
vt 0.115162 0.189716
vt 0.051414 0.164433
vt 0.024215 0.101478
vt 0.450168 0.028109
vt 0.515333 0.016553
vt 0.516015 0.209907
vt 0.580579 0.027649
vt 0.450167 0.028013
vt 0.515350 0.016552
vt 0.515748 0.209908
vt 0.580579 0.027744
vt 0.450168 0.028256
vt 0.515308 0.016554
vt 0.516424 0.209906
vt 0.580578 0.027503
vt 0.450167 0.028013
vt 0.515350 0.016552
vt 0.515748 0.209908
vt 0.580579 0.027744
vt 0.049499 0.037730
vt 0.112453 0.010531
vt 0.176202 0.035814
vt 0.203400 0.098769
vt 0.178117 0.162518
vt 0.115162 0.189716
vt 0.051414 0.164433
vt 0.024215 0.101478
vt 0.273803 0.031763
vt 0.333169 0.026412
vt 0.318890 0.199970
vt 0.390862 0.041394
vt 0.440123 0.074954
vt 0.219719 0.056822
vt 0.273803 0.031763
vt 0.318890 0.199970
vt 0.333169 0.026412
vt 0.390862 0.041394
vt 0.440123 0.074954
vt 0.219719 0.056822
vt 0.049499 0.037730
vt 0.112454 0.010531
vt 0.176202 0.035815
vt 0.203400 0.098770
vt 0.178117 0.162518
vt 0.115162 0.189716
vt 0.051414 0.164433
vt 0.024215 0.101478
vt 0.450167 0.028014
vt 0.515350 0.016552
vt 0.515752 0.209908
vt 0.580579 0.027743
vt 0.450167 0.028013
vt 0.515350 0.016552
vt 0.515749 0.209908
vt 0.580579 0.027744
vt 0.450167 0.028013
vt 0.515350 0.016552
vt 0.515748 0.209908
vt 0.580579 0.027744
vt 0.450167 0.028013
vt 0.515350 0.016552
vt 0.515748 0.209908
vt 0.580579 0.027744
vt 0.049499 0.037729
vt 0.112454 0.010531
vt 0.176202 0.035815
vt 0.203400 0.098770
vt 0.178117 0.162518
vt 0.115162 0.189716
vt 0.051413 0.164432
vt 0.024215 0.101477
vt 0.450168 0.028109
vt 0.515333 0.016553
vt 0.516015 0.209907
vt 0.580579 0.027649
vt 0.450167 0.028013
vt 0.515350 0.016552
vt 0.515748 0.209908
vt 0.580579 0.027744
vt 0.450168 0.028256
vt 0.515308 0.016553
vt 0.516424 0.209906
vt 0.580578 0.027503
vt 0.450168 0.028014
vt 0.515350 0.016552
vt 0.515751 0.209908
vt 0.580579 0.027743
vt 0.049499 0.037730
vt 0.112453 0.010531
vt 0.176202 0.035814
vt 0.203400 0.098769
vt 0.178117 0.162518
vt 0.115162 0.189716
vt 0.051414 0.164433
vt 0.024215 0.101478
vt 0.273803 0.031763
vt 0.333169 0.026412
vt 0.318890 0.199970
vt 0.390862 0.041394
vt 0.440123 0.074954
vt 0.219719 0.056822
vt 0.273803 0.031763
vt 0.318890 0.199970
vt 0.333169 0.026412
vt 0.390862 0.041394
vt 0.440123 0.074954
vt 0.219719 0.056822
vt 0.049499 0.037729
vt 0.112454 0.010531
vt 0.176202 0.035815
vt 0.203400 0.098770
vt 0.178117 0.162518
vt 0.115162 0.189716
vt 0.051414 0.164433
vt 0.024215 0.101478
vt 0.450167 0.028013
vt 0.515350 0.016552
vt 0.515747 0.209908
vt 0.580579 0.027745
vt 0.450167 0.028013
vt 0.515350 0.016552
vt 0.515749 0.209908
vt 0.580579 0.027744
vt 0.450167 0.028013
vt 0.515350 0.016552
vt 0.515748 0.209908
vt 0.580579 0.027744
vt 0.450167 0.027878
vt 0.515373 0.016552
vt 0.515373 0.209908
vt 0.580579 0.027879
vt 0.049499 0.037730
vt 0.112454 0.010531
vt 0.176202 0.035815
vt 0.203400 0.098770
vt 0.178117 0.162518
vt 0.115162 0.189716
vt 0.051414 0.164433
vt 0.024215 0.101478
vt 0.450168 0.028109
vt 0.515333 0.016553
vt 0.516015 0.209907
vt 0.580579 0.027649
vt 0.450167 0.028013
vt 0.515350 0.016552
vt 0.515748 0.209908
vt 0.580579 0.027744
vt 0.450168 0.028256
vt 0.515308 0.016554
vt 0.516424 0.209906
vt 0.580578 0.027503
vt 0.450167 0.028013
vt 0.515350 0.016552
vt 0.515748 0.209908
vt 0.580579 0.027744
vt 0.049499 0.037730
vt 0.112453 0.010531
vt 0.176202 0.035814
vt 0.203400 0.098769
vt 0.178117 0.162518
vt 0.115162 0.189716
vt 0.051414 0.164433
vt 0.024215 0.101478
vt 0.273803 0.031763
vt 0.333169 0.026412
vt 0.318890 0.199970
vt 0.390862 0.041394
vt 0.440123 0.074954
vt 0.219719 0.056822
vt 0.273803 0.031763
vt 0.318890 0.199970
vt 0.333169 0.026412
vt 0.390862 0.041394
vt 0.440123 0.074954
vt 0.219719 0.056822
vt 0.049499 0.037730
vt 0.112454 0.010531
vt 0.176202 0.035815
vt 0.203400 0.098770
vt 0.178117 0.162518
vt 0.115162 0.189716
vt 0.051414 0.164433
vt 0.024215 0.101478
vt 0.450167 0.028014
vt 0.515350 0.016552
vt 0.515752 0.209908
vt 0.580579 0.027743
vt 0.450167 0.028013
vt 0.515350 0.016552
vt 0.515749 0.209908
vt 0.580579 0.027744
vt 0.450167 0.028013
vt 0.515350 0.016552
vt 0.515748 0.209908
vt 0.580579 0.027744
vt 0.450167 0.028013
vt 0.515350 0.016552
vt 0.515748 0.209908
vt 0.580579 0.027744
vt 0.049499 0.037729
vt 0.112454 0.010531
vt 0.176202 0.035815
vt 0.203400 0.098770
vt 0.178117 0.162518
vt 0.115162 0.189716
vt 0.051413 0.164432
vt 0.024215 0.101477
vt 0.450168 0.028109
vt 0.515333 0.016553
vt 0.516015 0.209907
vt 0.580579 0.027649
vt 0.450167 0.028013
vt 0.515350 0.016552
vt 0.515748 0.209908
vt 0.580579 0.027744
vt 0.450168 0.028256
vt 0.515308 0.016553
vt 0.516424 0.209906
vt 0.580578 0.027503
vt 0.450168 0.028014
vt 0.515350 0.016552
vt 0.515751 0.209908
vt 0.580579 0.027743
vt 0.049499 0.037730
vt 0.112453 0.010531
vt 0.176202 0.035814
vt 0.203400 0.098769
vt 0.178117 0.162518
vt 0.115162 0.189716
vt 0.051414 0.164433
vt 0.024215 0.101478
vt 0.273803 0.031763
vt 0.333169 0.026412
vt 0.318890 0.199970
vt 0.390862 0.041394
vt 0.440123 0.074954
vt 0.219719 0.056822
vt 0.273803 0.031763
vt 0.318890 0.199970
vt 0.333169 0.026412
vt 0.390862 0.041394
vt 0.440123 0.074954
vt 0.219719 0.056822
vt 0.049499 0.037729
vt 0.112454 0.010531
vt 0.176202 0.035815
vt 0.203400 0.098770
vt 0.178117 0.162518
vt 0.115162 0.189716
vt 0.051414 0.164433
vt 0.024215 0.101478
vt 0.450167 0.028013
vt 0.515350 0.016552
vt 0.515747 0.209908
vt 0.580579 0.027745
vt 0.450167 0.028013
vt 0.515350 0.016552
vt 0.515749 0.209908
vt 0.580579 0.027744
vt 0.450167 0.028013
vt 0.515350 0.016552
vt 0.515748 0.209908
vt 0.580579 0.027744
vt 0.450167 0.027878
vt 0.515373 0.016552
vt 0.515373 0.209908
vt 0.580579 0.027879
vt 0.049499 0.037730
vt 0.112454 0.010531
vt 0.176202 0.035815
vt 0.203400 0.098770
vt 0.178117 0.162518
vt 0.115162 0.189716
vt 0.051414 0.164433
vt 0.024215 0.101478
vt 0.450168 0.028109
vt 0.515333 0.016553
vt 0.516015 0.209907
vt 0.580579 0.027649
vt 0.450167 0.028013
vt 0.515350 0.016552
vt 0.515748 0.209908
vt 0.580579 0.027744
vt 0.450168 0.028256
vt 0.515308 0.016554
vt 0.516424 0.209906
vt 0.580578 0.027503
vt 0.450167 0.028013
vt 0.515350 0.016552
vt 0.515748 0.209908
vt 0.580579 0.027744
vt 0.049499 0.037730
vt 0.112453 0.010531
vt 0.176202 0.035814
vt 0.203400 0.098769
vt 0.178117 0.162518
vt 0.115162 0.189716
vt 0.051414 0.164433
vt 0.024215 0.101478
vt 0.273803 0.031763
vt 0.333169 0.026412
vt 0.318890 0.199970
vt 0.390862 0.041394
vt 0.440123 0.074954
vt 0.219719 0.056822
vt 0.273803 0.031763
vt 0.318890 0.199970
vt 0.333169 0.026412
vt 0.390862 0.041394
vt 0.440123 0.074954
vt 0.219719 0.056822
vt 0.049499 0.037730
vt 0.112454 0.010531
vt 0.176202 0.035815
vt 0.203400 0.098770
vt 0.178117 0.162518
vt 0.115162 0.189716
vt 0.051414 0.164433
vt 0.024215 0.101478
vt 0.450167 0.028014
vt 0.515350 0.016552
vt 0.515752 0.209908
vt 0.580579 0.027743
vt 0.450167 0.028013
vt 0.515350 0.016552
vt 0.515749 0.209908
vt 0.580579 0.027744
vt 0.450167 0.028013
vt 0.515350 0.016552
vt 0.515748 0.209908
vt 0.580579 0.027744
vt 0.450167 0.028013
vt 0.515350 0.016552
vt 0.515748 0.209908
vt 0.580579 0.027744
vt 0.049499 0.037729
vt 0.112454 0.010531
vt 0.176202 0.035815
vt 0.203400 0.098770
vt 0.178117 0.162518
vt 0.115162 0.189716
vt 0.051413 0.164432
vt 0.024215 0.101477
vt 0.450168 0.028109
vt 0.515333 0.016553
vt 0.516015 0.209907
vt 0.580579 0.027649
vt 0.450167 0.028013
vt 0.515350 0.016552
vt 0.515748 0.209908
vt 0.580579 0.027744
vt 0.450168 0.028256
vt 0.515308 0.016553
vt 0.516424 0.209906
vt 0.580578 0.027503
vt 0.450168 0.028014
vt 0.515350 0.016552
vt 0.515751 0.209908
vt 0.580579 0.027743
vt 0.049499 0.037730
vt 0.112453 0.010531
vt 0.176202 0.035814
vt 0.203400 0.098769
vt 0.178117 0.162518
vt 0.115162 0.189716
vt 0.051414 0.164433
vt 0.024215 0.101478
vt 0.273803 0.031763
vt 0.333169 0.026412
vt 0.318890 0.199970
vt 0.390862 0.041394
vt 0.440123 0.074954
vt 0.219719 0.056822
vt 0.273803 0.031763
vt 0.318890 0.199970
vt 0.333169 0.026412
vt 0.390862 0.041394
vt 0.440123 0.074954
vt 0.219719 0.056822
vt 0.049499 0.037729
vt 0.112454 0.010531
vt 0.176202 0.035815
vt 0.203400 0.098770
vt 0.178117 0.162518
vt 0.115162 0.189716
vt 0.051414 0.164433
vt 0.024215 0.101478
vt 0.450167 0.028013
vt 0.515350 0.016552
vt 0.515747 0.209908
vt 0.580579 0.027745
vt 0.450167 0.028013
vt 0.515350 0.016552
vt 0.515749 0.209908
vt 0.580579 0.027744
vt 0.450167 0.028013
vt 0.515350 0.016552
vt 0.515748 0.209908
vt 0.580579 0.027744
vt 0.450167 0.027878
vt 0.515373 0.016552
vt 0.515373 0.209908
vt 0.580579 0.027879
vt 0.049499 0.037730
vt 0.112454 0.010531
vt 0.176202 0.035815
vt 0.203400 0.098770
vt 0.178117 0.162518
vt 0.115162 0.189716
vt 0.051414 0.164433
vt 0.024215 0.101478
vt 0.450168 0.028109
vt 0.515333 0.016553
vt 0.516015 0.209907
vt 0.580579 0.027649
vt 0.450167 0.028013
vt 0.515350 0.016552
vt 0.515748 0.209908
vt 0.580579 0.027744
vt 0.450168 0.028256
vt 0.515308 0.016554
vt 0.516424 0.209906
vt 0.580578 0.027503
vt 0.450167 0.028013
vt 0.515350 0.016552
vt 0.515748 0.209908
vt 0.580579 0.027744
vt 0.049499 0.037730
vt 0.112453 0.010531
vt 0.176202 0.035814
vt 0.203400 0.098769
vt 0.178117 0.162518
vt 0.115162 0.189716
vt 0.051414 0.164433
vt 0.024215 0.101478
vt 0.273803 0.031763
vt 0.333169 0.026412
vt 0.318890 0.199970
vt 0.390862 0.041394
vt 0.440123 0.074954
vt 0.219719 0.056822
vt 0.273803 0.031763
vt 0.318890 0.199970
vt 0.333169 0.026412
vt 0.390862 0.041394
vt 0.440123 0.074954
vt 0.219719 0.056822
vt 0.049499 0.037730
vt 0.112454 0.010531
vt 0.176202 0.035815
vt 0.203400 0.098770
vt 0.178117 0.162518
vt 0.115162 0.189716
vt 0.051414 0.164433
vt 0.024215 0.101478
vt 0.450167 0.028014
vt 0.515350 0.016552
vt 0.515752 0.209908
vt 0.580579 0.027743
vt 0.450167 0.028013
vt 0.515350 0.016552
vt 0.515749 0.209908
vt 0.580579 0.027744
vt 0.450167 0.028013
vt 0.515350 0.016552
vt 0.515748 0.209908
vt 0.580579 0.027744
vt 0.450167 0.028013
vt 0.515350 0.016552
vt 0.515748 0.209908
vt 0.580579 0.027744
vt 0.049499 0.037729
vt 0.112454 0.010531
vt 0.176202 0.035815
vt 0.203400 0.098770
vt 0.178117 0.162518
vt 0.115162 0.189716
vt 0.051413 0.164432
vt 0.024215 0.101477
vt 0.450168 0.028109
vt 0.515333 0.016553
vt 0.516015 0.209907
vt 0.580579 0.027649
vt 0.450167 0.028013
vt 0.515350 0.016552
vt 0.515748 0.209908
vt 0.580579 0.027744
vt 0.450168 0.028256
vt 0.515308 0.016553
vt 0.516424 0.209906
vt 0.580578 0.027503
vt 0.450168 0.028014
vt 0.515350 0.016552
vt 0.515751 0.209908
vt 0.580579 0.027743
vt 0.049499 0.037730
vt 0.112453 0.010531
vt 0.176202 0.035814
vt 0.203400 0.098769
vt 0.178117 0.162518
vt 0.115162 0.189716
vt 0.051414 0.164433
vt 0.024215 0.101478
vt 0.273803 0.031763
vt 0.333169 0.026412
vt 0.318890 0.199970
vt 0.390862 0.041394
vt 0.440123 0.074954
vt 0.219719 0.056822
vt 0.273803 0.031763
vt 0.318890 0.199970
vt 0.333169 0.026412
vt 0.390862 0.041394
vt 0.440123 0.074954
vt 0.219719 0.056822
vt 0.049499 0.037729
vt 0.112454 0.010531
vt 0.176202 0.035815
vt 0.203400 0.098770
vt 0.178117 0.162518
vt 0.115162 0.189716
vt 0.051414 0.164433
vt 0.024215 0.101478
vt 0.450167 0.028013
vt 0.515350 0.016552
vt 0.515747 0.209908
vt 0.580579 0.027745
vt 0.450167 0.028013
vt 0.515350 0.016552
vt 0.515749 0.209908
vt 0.580579 0.027744
vt 0.450167 0.028013
vt 0.515350 0.016552
vt 0.515748 0.209908
vt 0.580579 0.027744
vt 0.450167 0.027878
vt 0.515373 0.016552
vt 0.515373 0.209908
vt 0.580579 0.027879
vt 0.049499 0.037730
vt 0.112454 0.010531
vt 0.176202 0.035815
vt 0.203400 0.098770
vt 0.178117 0.162518
vt 0.115162 0.189716
vt 0.051414 0.164433
vt 0.024215 0.101478
vt 0.450168 0.028109
vt 0.515333 0.016553
vt 0.516015 0.209907
vt 0.580579 0.027649
vt 0.450167 0.028013
vt 0.515350 0.016552
vt 0.515748 0.209908
vt 0.580579 0.027744
vt 0.450168 0.028256
vt 0.515308 0.016554
vt 0.516424 0.209906
vt 0.580578 0.027503
vt 0.450167 0.028013
vt 0.515350 0.016552
vt 0.515748 0.209908
vt 0.580579 0.027744
vt 0.049499 0.037730
vt 0.112453 0.010531
vt 0.176202 0.035814
vt 0.203400 0.098769
vt 0.178117 0.162518
vt 0.115162 0.189716
vt 0.051414 0.164433
vt 0.024215 0.101478
vt 0.273803 0.031763
vt 0.333169 0.026412
vt 0.318890 0.199970
vt 0.390862 0.041394
vt 0.440123 0.074954
vt 0.219719 0.056822
vt 0.273803 0.031763
vt 0.318890 0.199970
vt 0.333169 0.026412
vt 0.390862 0.041394
vt 0.440123 0.074954
vt 0.219719 0.056822
vt 0.049499 0.037730
vt 0.112454 0.010531
vt 0.176202 0.035815
vt 0.203400 0.098770
vt 0.178117 0.162518
vt 0.115162 0.189716
vt 0.051414 0.164433
vt 0.024215 0.101478
vt 0.450167 0.028014
vt 0.515350 0.016552
vt 0.515752 0.209908
vt 0.580579 0.027743
vt 0.450167 0.028013
vt 0.515350 0.016552
vt 0.515749 0.209908
vt 0.580579 0.027744
vt 0.450167 0.028013
vt 0.515350 0.016552
vt 0.515748 0.209908
vt 0.580579 0.027744
vt 0.450167 0.028013
vt 0.515350 0.016552
vt 0.515748 0.209908
vt 0.580579 0.027744
vt 0.049499 0.037729
vt 0.112454 0.010531
vt 0.176202 0.035815
vt 0.203400 0.098770
vt 0.178117 0.162518
vt 0.115162 0.189716
vt 0.051413 0.164432
vt 0.024215 0.101477
vt 0.450168 0.028109
vt 0.515333 0.016553
vt 0.516015 0.209907
vt 0.580579 0.027649
vt 0.450167 0.028013
vt 0.515350 0.016552
vt 0.515748 0.209908
vt 0.580579 0.027744
vt 0.450168 0.028256
vt 0.515308 0.016553
vt 0.516424 0.209906
vt 0.580578 0.027503
vt 0.450168 0.028014
vt 0.515350 0.016552
vt 0.515751 0.209908
vt 0.580579 0.027743
vt 0.049499 0.037730
vt 0.112453 0.010531
vt 0.176202 0.035814
vt 0.203400 0.098769
vt 0.178117 0.162518
vt 0.115162 0.189716
vt 0.051414 0.164433
vt 0.024215 0.101478
vt 0.273803 0.031763
vt 0.333169 0.026412
vt 0.318890 0.199970
vt 0.390862 0.041394
vt 0.440123 0.074954
vt 0.219719 0.056822
vt 0.273803 0.031763
vt 0.318890 0.199970
vt 0.333169 0.026412
vt 0.390862 0.041394
vt 0.440123 0.074954
vt 0.219719 0.056822
vt 0.049499 0.037729
vt 0.112454 0.010531
vt 0.176202 0.035815
vt 0.203400 0.098770
vt 0.178117 0.162518
vt 0.115162 0.189716
vt 0.051414 0.164433
vt 0.024215 0.101478
vt 0.450167 0.028013
vt 0.515350 0.016552
vt 0.515747 0.209908
vt 0.580579 0.027745
vt 0.450167 0.028013
vt 0.515350 0.016552
vt 0.515749 0.209908
vt 0.580579 0.027744
vt 0.450167 0.028013
vt 0.515350 0.016552
vt 0.515748 0.209908
vt 0.580579 0.027744
vt 0.450167 0.027878
vt 0.515373 0.016552
vt 0.515373 0.209908
vt 0.580579 0.027879
vt 0.049499 0.037730
vt 0.112454 0.010531
vt 0.176202 0.035815
vt 0.203400 0.098770
vt 0.178117 0.162518
vt 0.115162 0.189716
vt 0.051414 0.164433
vt 0.024215 0.101478
vt 0.450168 0.028109
vt 0.515333 0.016553
vt 0.516015 0.209907
vt 0.580579 0.027649
vt 0.450167 0.028013
vt 0.515350 0.016552
vt 0.515748 0.209908
vt 0.580579 0.027744
vt 0.450168 0.028256
vt 0.515308 0.016554
vt 0.516424 0.209906
vt 0.580578 0.027503
vt 0.450167 0.028013
vt 0.515350 0.016552
vt 0.515748 0.209908
vt 0.580579 0.027744
vt 0.049499 0.037730
vt 0.112453 0.010531
vt 0.176202 0.035814
vt 0.203400 0.098769
vt 0.178117 0.162518
vt 0.115162 0.189716
vt 0.051414 0.164433
vt 0.024215 0.101478
vt 0.273803 0.031763
vt 0.333169 0.026412
vt 0.318890 0.199970
vt 0.390862 0.041394
vt 0.440123 0.074954
vt 0.219719 0.056822
vt 0.273803 0.031763
vt 0.318890 0.199970
vt 0.333169 0.026412
vt 0.390862 0.041394
vt 0.440123 0.074954
vt 0.219719 0.056822
vt 0.049499 0.037730
vt 0.112454 0.010531
vt 0.176202 0.035815
vt 0.203400 0.098770
vt 0.178117 0.162518
vt 0.115162 0.189716
vt 0.051414 0.164433
vt 0.024215 0.101478
vt 0.450167 0.028014
vt 0.515350 0.016552
vt 0.515752 0.209908
vt 0.580579 0.027743
vt 0.450167 0.028013
vt 0.515350 0.016552
vt 0.515749 0.209908
vt 0.580579 0.027744
vt 0.450167 0.028013
vt 0.515350 0.016552
vt 0.515748 0.209908
vt 0.580579 0.027744
vt 0.450167 0.028013
vt 0.515350 0.016552
vt 0.515748 0.209908
vt 0.580579 0.027744
vt 0.049499 0.037729
vt 0.112454 0.010531
vt 0.176202 0.035815
vt 0.203400 0.098770
vt 0.178117 0.162518
vt 0.115162 0.189716
vt 0.051413 0.164432
vt 0.024215 0.101477
vt 0.450168 0.028109
vt 0.515333 0.016553
vt 0.516015 0.209907
vt 0.580579 0.027649
vt 0.450167 0.028013
vt 0.515350 0.016552
vt 0.515748 0.209908
vt 0.580579 0.027744
vt 0.450168 0.028256
vt 0.515308 0.016553
vt 0.516424 0.209906
vt 0.580578 0.027503
vt 0.450168 0.028014
vt 0.515350 0.016552
vt 0.515751 0.209908
vt 0.580579 0.027743
vt 0.049499 0.037730
vt 0.112453 0.010531
vt 0.176202 0.035814
vt 0.203400 0.098769
vt 0.178117 0.162518
vt 0.115162 0.189716
vt 0.051414 0.164433
vt 0.024215 0.101478
vt 0.273803 0.031763
vt 0.333169 0.026412
vt 0.318890 0.199970
vt 0.390862 0.041394
vt 0.440123 0.074954
vt 0.219719 0.056822
vt 0.273803 0.031763
vt 0.318890 0.199970
vt 0.333169 0.026412
vt 0.390862 0.041394
vt 0.440123 0.074954
vt 0.219719 0.056822
vt 0.049499 0.037729
vt 0.112454 0.010531
vt 0.176202 0.035815
vt 0.203400 0.098770
vt 0.178117 0.162518
vt 0.115162 0.189716
vt 0.051414 0.164433
vt 0.024215 0.101478
vt 0.450167 0.028013
vt 0.515350 0.016552
vt 0.515747 0.209908
vt 0.580579 0.027745
vt 0.450167 0.028013
vt 0.515350 0.016552
vt 0.515749 0.209908
vt 0.580579 0.027744
vt 0.450167 0.028013
vt 0.515350 0.016552
vt 0.515748 0.209908
vt 0.580579 0.027744
vt 0.450167 0.027878
vt 0.515373 0.016552
vt 0.515373 0.209908
vt 0.580579 0.027879
vt 0.049499 0.037730
vt 0.112454 0.010531
vt 0.176202 0.035815
vt 0.203400 0.098770
vt 0.178117 0.162518
vt 0.115162 0.189716
vt 0.051414 0.164433
vt 0.024215 0.101478
vt 0.450168 0.028109
vt 0.515333 0.016553
vt 0.516015 0.209907
vt 0.580579 0.027649
vt 0.450167 0.028013
vt 0.515350 0.016552
vt 0.515748 0.209908
vt 0.580579 0.027744
vt 0.450168 0.028256
vt 0.515308 0.016554
vt 0.516424 0.209906
vt 0.580578 0.027503
vt 0.450167 0.028013
vt 0.515350 0.016552
vt 0.515748 0.209908
vt 0.580579 0.027744
vt 0.049499 0.037730
vt 0.112453 0.010531
vt 0.176202 0.035814
vt 0.203400 0.098769
vt 0.178117 0.162518
vt 0.115162 0.189716
vt 0.051414 0.164433
vt 0.024215 0.101478
vt 0.273803 0.031763
vt 0.333169 0.026412
vt 0.318890 0.199970
vt 0.390862 0.041394
vt 0.440123 0.074954
vt 0.219719 0.056822
vt 0.273803 0.031763
vt 0.318890 0.199970
vt 0.333169 0.026412
vt 0.390862 0.041394
vt 0.440123 0.074954
vt 0.219719 0.056822
vt 0.049499 0.037730
vt 0.112454 0.010531
vt 0.176202 0.035815
vt 0.203400 0.098770
vt 0.178117 0.162518
vt 0.115162 0.189716
vt 0.051414 0.164433
vt 0.024215 0.101478
vt 0.450167 0.028014
vt 0.515350 0.016552
vt 0.515752 0.209908
vt 0.580579 0.027743
vt 0.450167 0.028013
vt 0.515350 0.016552
vt 0.515749 0.209908
vt 0.580579 0.027744
vt 0.450167 0.028013
vt 0.515350 0.016552
vt 0.515748 0.209908
vt 0.580579 0.027744
vt 0.450167 0.028013
vt 0.515350 0.016552
vt 0.515748 0.209908
vt 0.580579 0.027744
vt 0.049499 0.037729
vt 0.112454 0.010531
vt 0.176202 0.035815
vt 0.203400 0.098770
vt 0.178117 0.162518
vt 0.115162 0.189716
vt 0.051413 0.164432
vt 0.024215 0.101477
vt 0.450168 0.028109
vt 0.515333 0.016553
vt 0.516015 0.209907
vt 0.580579 0.027649
vt 0.450167 0.028013
vt 0.515350 0.016552
vt 0.515748 0.209908
vt 0.580579 0.027744
vt 0.450168 0.028256
vt 0.515308 0.016553
vt 0.516424 0.209906
vt 0.580578 0.027503
vt 0.450168 0.028014
vt 0.515350 0.016552
vt 0.515751 0.209908
vt 0.580579 0.027743
vt 0.049499 0.037730
vt 0.112453 0.010531
vt 0.176202 0.035814
vt 0.203400 0.098769
vt 0.178117 0.162518
vt 0.115162 0.189716
vt 0.051414 0.164433
vt 0.024215 0.101478
vt 0.273803 0.031763
vt 0.333169 0.026412
vt 0.318890 0.199970
vt 0.390862 0.041394
vt 0.440123 0.074954
vt 0.219719 0.056822
vt 0.273803 0.031763
vt 0.318890 0.199970
vt 0.333169 0.026412
vt 0.390862 0.041394
vt 0.440123 0.074954
vt 0.219719 0.056822
vt 0.049499 0.037729
vt 0.112454 0.010531
vt 0.176202 0.035815
vt 0.203400 0.098770
vt 0.178117 0.162518
vt 0.115162 0.189716
vt 0.051414 0.164433
vt 0.024215 0.101478
vt 0.450167 0.028013
vt 0.515350 0.016552
vt 0.515747 0.209908
vt 0.580579 0.027745
vt 0.450167 0.028013
vt 0.515350 0.016552
vt 0.515749 0.209908
vt 0.580579 0.027744
vt 0.450167 0.028013
vt 0.515350 0.016552
vt 0.515748 0.209908
vt 0.580579 0.027744
vt 0.450167 0.027878
vt 0.515373 0.016552
vt 0.515373 0.209908
vt 0.580579 0.027879
vt 0.049499 0.037730
vt 0.112454 0.010531
vt 0.176202 0.035815
vt 0.203400 0.098770
vt 0.178117 0.162518
vt 0.115162 0.189716
vt 0.051414 0.164433
vt 0.024215 0.101478
vt 0.450168 0.028109
vt 0.515333 0.016553
vt 0.516015 0.209907
vt 0.580579 0.027649
vt 0.450167 0.028013
vt 0.515350 0.016552
vt 0.515748 0.209908
vt 0.580579 0.027744
vt 0.450168 0.028256
vt 0.515308 0.016554
vt 0.516424 0.209906
vt 0.580578 0.027503
vt 0.450167 0.028013
vt 0.515350 0.016552
vt 0.515748 0.209908
vt 0.580579 0.027744
vt 0.049499 0.037730
vt 0.112453 0.010531
vt 0.176202 0.035814
vt 0.203400 0.098769
vt 0.178117 0.162518
vt 0.115162 0.189716
vt 0.051414 0.164433
vt 0.024215 0.101478
vt 0.273803 0.031763
vt 0.333169 0.026412
vt 0.318890 0.199970
vt 0.390862 0.041394
vt 0.440123 0.074954
vt 0.219719 0.056822
vt 0.273803 0.031763
vt 0.318890 0.199970
vt 0.333169 0.026412
vt 0.390862 0.041394
vt 0.440123 0.074954
vt 0.219719 0.056822
vt 0.049499 0.037730
vt 0.112454 0.010531
vt 0.176202 0.035815
vt 0.203400 0.098770
vt 0.178117 0.162518
vt 0.115162 0.189716
vt 0.051414 0.164433
vt 0.024215 0.101478
vt 0.450167 0.028014
vt 0.515350 0.016552
vt 0.515752 0.209908
vt 0.580579 0.027743
vt 0.450167 0.028013
vt 0.515350 0.016552
vt 0.515749 0.209908
vt 0.580579 0.027744
vt 0.450167 0.028013
vt 0.515350 0.016552
vt 0.515748 0.209908
vt 0.580579 0.027744
vt 0.450167 0.028013
vt 0.515350 0.016552
vt 0.515748 0.209908
vt 0.580579 0.027744
vt 0.049499 0.037729
vt 0.112454 0.010531
vt 0.176202 0.035815
vt 0.203400 0.098770
vt 0.178117 0.162518
vt 0.115162 0.189716
vt 0.051413 0.164432
vt 0.024215 0.101477
vt 0.450168 0.028109
vt 0.515333 0.016553
vt 0.516015 0.209907
vt 0.580579 0.027649
vt 0.450167 0.028013
vt 0.515350 0.016552
vt 0.515748 0.209908
vt 0.580579 0.027744
vt 0.450168 0.028256
vt 0.515308 0.016553
vt 0.516424 0.209906
vt 0.580578 0.027503
vt 0.450168 0.028014
vt 0.515350 0.016552
vt 0.515751 0.209908
vt 0.580579 0.027743
vt 0.049499 0.037730
vt 0.112453 0.010531
vt 0.176202 0.035814
vt 0.203400 0.098769
vt 0.178117 0.162518
vt 0.115162 0.189716
vt 0.051414 0.164433
vt 0.024215 0.101478
vt 0.273803 0.031763
vt 0.333169 0.026412
vt 0.318890 0.199970
vt 0.390862 0.041394
vt 0.440123 0.074954
vt 0.219719 0.056822
vt 0.273803 0.031763
vt 0.318890 0.199970
vt 0.333169 0.026412
vt 0.390862 0.041394
vt 0.440123 0.074954
vt 0.219719 0.056822
vt 0.049499 0.037729
vt 0.112454 0.010531
vt 0.176202 0.035815
vt 0.203400 0.098770
vt 0.178117 0.162518
vt 0.115162 0.189716
vt 0.051414 0.164433
vt 0.024215 0.101478
vt 0.450167 0.028013
vt 0.515350 0.016552
vt 0.515747 0.209908
vt 0.580579 0.027745
vt 0.450167 0.028013
vt 0.515350 0.016552
vt 0.515749 0.209908
vt 0.580579 0.027744
vt 0.450167 0.028013
vt 0.515350 0.016552
vt 0.515748 0.209908
vt 0.580579 0.027744
vt 0.450167 0.027878
vt 0.515373 0.016552
vt 0.515373 0.209908
vt 0.580579 0.027879
vt 0.049499 0.037730
vt 0.112454 0.010531
vt 0.176202 0.035815
vt 0.203400 0.098770
vt 0.178117 0.162518
vt 0.115162 0.189716
vt 0.051414 0.164433
vt 0.024215 0.101478
vt 0.450168 0.028109
vt 0.515333 0.016553
vt 0.516015 0.209907
vt 0.580579 0.027649
vt 0.450167 0.028013
vt 0.515350 0.016552
vt 0.515748 0.209908
vt 0.580579 0.027744
vt 0.450168 0.028256
vt 0.515308 0.016554
vt 0.516424 0.209906
vt 0.580578 0.027503
vt 0.450167 0.028013
vt 0.515350 0.016552
vt 0.515748 0.209908
vt 0.580579 0.027744
vt 0.049499 0.037730
vt 0.112453 0.010531
vt 0.176202 0.035814
vt 0.203400 0.098769
vt 0.178117 0.162518
vt 0.115162 0.189716
vt 0.051414 0.164433
vt 0.024215 0.101478
vt 0.273803 0.031763
vt 0.333169 0.026412
vt 0.318890 0.199970
vt 0.390862 0.041394
vt 0.440123 0.074954
vt 0.219719 0.056822
vt 0.273803 0.031763
vt 0.318890 0.199970
vt 0.333169 0.026412
vt 0.390862 0.041394
vt 0.440123 0.074954
vt 0.219719 0.056822
vt 0.049499 0.037730
vt 0.112454 0.010531
vt 0.176202 0.035815
vt 0.203400 0.098770
vt 0.178117 0.162518
vt 0.115162 0.189716
vt 0.051414 0.164433
vt 0.024215 0.101478
vt 0.450167 0.028014
vt 0.515350 0.016552
vt 0.515752 0.209908
vt 0.580579 0.027743
vt 0.450167 0.028013
vt 0.515350 0.016552
vt 0.515749 0.209908
vt 0.580579 0.027744
vt 0.450167 0.028013
vt 0.515350 0.016552
vt 0.515748 0.209908
vt 0.580579 0.027744
vt 0.450167 0.028013
vt 0.515350 0.016552
vt 0.515748 0.209908
vt 0.580579 0.027744
vt 0.049499 0.037729
vt 0.112454 0.010531
vt 0.176202 0.035815
vt 0.203400 0.098770
vt 0.178117 0.162518
vt 0.115162 0.189716
vt 0.051413 0.164432
vt 0.024215 0.101477
vt 0.450168 0.028109
vt 0.515333 0.016553
vt 0.516015 0.209907
vt 0.580579 0.027649
vt 0.450167 0.028013
vt 0.515350 0.016552
vt 0.515748 0.209908
vt 0.580579 0.027744
vt 0.450168 0.028256
vt 0.515308 0.016553
vt 0.516424 0.209906
vt 0.580578 0.027503
vt 0.450168 0.028014
vt 0.515350 0.016552
vt 0.515751 0.209908
vt 0.580579 0.027743
vt 0.049499 0.037730
vt 0.112453 0.010531
vt 0.176202 0.035814
vt 0.203400 0.098769
vt 0.178117 0.162518
vt 0.115162 0.189716
vt 0.051414 0.164433
vt 0.024215 0.101478
vt 0.273803 0.031763
vt 0.333169 0.026412
vt 0.318890 0.199970
vt 0.390862 0.041394
vt 0.440123 0.074954
vt 0.219719 0.056822
vt 0.273803 0.031763
vt 0.318890 0.199970
vt 0.333169 0.026412
vt 0.390862 0.041394
vt 0.440123 0.074954
vt 0.219719 0.056822
vt 0.049499 0.037729
vt 0.112454 0.010531
vt 0.176202 0.035815
vt 0.203400 0.098770
vt 0.178117 0.162518
vt 0.115162 0.189716
vt 0.051414 0.164433
vt 0.024215 0.101478
vt 0.450167 0.028013
vt 0.515350 0.016552
vt 0.515747 0.209908
vt 0.580579 0.027745
vt 0.450167 0.028013
vt 0.515350 0.016552
vt 0.515749 0.209908
vt 0.580579 0.027744
vt 0.450167 0.028013
vt 0.515350 0.016552
vt 0.515748 0.209908
vt 0.580579 0.027744
vt 0.450167 0.027878
vt 0.515373 0.016552
vt 0.515373 0.209908
vt 0.580579 0.027879
vt 0.049499 0.037730
vt 0.112454 0.010531
vt 0.176202 0.035815
vt 0.203400 0.098770
vt 0.178117 0.162518
vt 0.115162 0.189716
vt 0.051414 0.164433
vt 0.024215 0.101478
vt 0.450168 0.028109
vt 0.515333 0.016553
vt 0.516015 0.209907
vt 0.580579 0.027649
vt 0.450167 0.028013
vt 0.515350 0.016552
vt 0.515748 0.209908
vt 0.580579 0.027744
vt 0.450168 0.028256
vt 0.515308 0.016554
vt 0.516424 0.209906
vt 0.580578 0.027503
vt 0.450167 0.028013
vt 0.515350 0.016552
vt 0.515748 0.209908
vt 0.580579 0.027744
vt 0.049499 0.037730
vt 0.112453 0.010531
vt 0.176202 0.035814
vt 0.203400 0.098769
vt 0.178117 0.162518
vt 0.115162 0.189716
vt 0.051414 0.164433
vt 0.024215 0.101478
vt 0.273803 0.031763
vt 0.333169 0.026412
vt 0.318890 0.199970
vt 0.390862 0.041394
vt 0.440123 0.074954
vt 0.219719 0.056822
vt 0.273803 0.031763
vt 0.318890 0.199970
vt 0.333169 0.026412
vt 0.390862 0.041394
vt 0.440123 0.074954
vt 0.219719 0.056822
vt 0.049499 0.037730
vt 0.112454 0.010531
vt 0.176202 0.035815
vt 0.203400 0.098770
vt 0.178117 0.162518
vt 0.115162 0.189716
vt 0.051414 0.164433
vt 0.024215 0.101478
vt 0.450167 0.028014
vt 0.515350 0.016552
vt 0.515752 0.209908
vt 0.580579 0.027743
vt 0.450167 0.028013
vt 0.515350 0.016552
vt 0.515749 0.209908
vt 0.580579 0.027744
vt 0.450167 0.028013
vt 0.515350 0.016552
vt 0.515748 0.209908
vt 0.580579 0.027744
vt 0.450167 0.028013
vt 0.515350 0.016552
vt 0.515748 0.209908
vt 0.580579 0.027744
vt 0.049499 0.037729
vt 0.112454 0.010531
vt 0.176202 0.035815
vt 0.203400 0.098770
vt 0.178117 0.162518
vt 0.115162 0.189716
vt 0.051413 0.164432
vt 0.024215 0.101477
vt 0.450168 0.028109
vt 0.515333 0.016553
vt 0.516015 0.209907
vt 0.580579 0.027649
vt 0.450167 0.028013
vt 0.515350 0.016552
vt 0.515748 0.209908
vt 0.580579 0.027744
vt 0.450168 0.028256
vt 0.515308 0.016553
vt 0.516424 0.209906
vt 0.580578 0.027503
vt 0.450168 0.028014
vt 0.515350 0.016552
vt 0.515751 0.209908
vt 0.580579 0.027743
vt 0.049499 0.037730
vt 0.112453 0.010531
vt 0.176202 0.035814
vt 0.203400 0.098769
vt 0.178117 0.162518
vt 0.115162 0.189716
vt 0.051414 0.164433
vt 0.024215 0.101478
vt 0.273803 0.031763
vt 0.333169 0.026412
vt 0.318890 0.199970
vt 0.390862 0.041394
vt 0.440123 0.074954
vt 0.219719 0.056822
vt 0.273803 0.031763
vt 0.318890 0.199970
vt 0.333169 0.026412
vt 0.390862 0.041394
vt 0.440123 0.074954
vt 0.219719 0.056822
vt 0.049499 0.037729
vt 0.112454 0.010531
vt 0.176202 0.035815
vt 0.203400 0.098770
vt 0.178117 0.162518
vt 0.115162 0.189716
vt 0.051414 0.164433
vt 0.024215 0.101478
vt 0.450167 0.028013
vt 0.515350 0.016552
vt 0.515747 0.209908
vt 0.580579 0.027745
vt 0.450167 0.028013
vt 0.515350 0.016552
vt 0.515749 0.209908
vt 0.580579 0.027744
vt 0.450167 0.028013
vt 0.515350 0.016552
vt 0.515748 0.209908
vt 0.580579 0.027744
vt 0.450167 0.027878
vt 0.515373 0.016552
vt 0.515373 0.209908
vt 0.580579 0.027879
vn -0.382484 0.073795 -0.921011
vn -0.382484 0.073795 -0.921011
vn -0.382484 0.073795 -0.921011
vn -0.382484 0.073795 -0.921011
vn -0.382484 0.073795 -0.921011
vn -0.382484 0.073795 -0.921011
vn -0.382484 0.073795 -0.921011
vn -0.382484 0.073795 -0.921011
vn 0.504994 0.805468 0.310164
vn 0.504994 0.805468 0.310164
vn 0.504994 0.805468 0.310164
vn -0.136699 0.805495 0.576620
vn -0.136699 0.805495 0.576620
vn -0.136699 0.805495 0.576620
vn -0.604350 0.315503 0.731587
vn -0.604349 0.315503 0.731587
vn -0.604350 0.315503 0.731587
vn -0.624010 -0.377419 0.684227
vn -0.624010 -0.377419 0.684227
vn -0.624010 -0.377419 0.684227
vn -0.184183 -0.867372 0.462322
vn -0.184183 -0.867372 0.462322
vn -0.184183 -0.867372 0.462322
vn 0.457503 -0.867376 0.195831
vn 0.457503 -0.867376 0.195831
vn 0.457503 -0.867376 0.195831
vn 0.925130 -0.377443 0.040885
vn 0.925130 -0.377443 0.040885
vn 0.925130 -0.377443 0.040885
vn 0.944801 0.315540 0.088239
vn 0.944801 0.315540 0.088239
vn 0.944801 0.315540 0.088239
vn 0.215752 0.826767 0.519526
vn 0.215752 0.826767 0.519526
vn 0.215752 0.826767 0.519526
vn 0.215752 0.826767 0.519526
vn 0.215752 0.826767 0.519526
vn 0.215752 0.826767 0.519526
vn 0.215752 0.826767 0.519526
vn 0.215752 0.826767 0.519526
vn 0.496309 -0.818531 0.289282
vn 0.496309 -0.818531 0.289282
vn 0.496309 -0.818531 0.289282
vn -0.145370 -0.818528 0.555770
vn -0.145370 -0.818528 0.555770
vn -0.145370 -0.818528 0.555770
vn -0.754897 -0.542148 0.369060
vn -0.754897 -0.542148 0.369060
vn -0.754897 -0.542148 0.369060
vn -0.975218 -0.151277 -0.161447
vn -0.975218 -0.151277 -0.161447
vn -0.975218 -0.151277 -0.161447
vn -0.677262 0.125104 -0.725027
vn -0.677262 0.125104 -0.725027
vn -0.677262 0.125104 -0.725027
vn -0.035589 0.125104 -0.991505
vn -0.035589 0.125104 -0.991505
vn -0.035589 0.125104 -0.991505
vn 0.573940 -0.151276 -0.804803
vn 0.573940 -0.151276 -0.804803
vn 0.573940 -0.151276 -0.804803
vn 0.794260 -0.542145 -0.274281
vn 0.794260 -0.542146 -0.274281
vn 0.794260 -0.542146 -0.274281
vn -0.166731 0.900562 -0.401483
vn -0.166731 0.900562 -0.401483
vn -0.166731 0.900562 -0.401483
vn -0.166731 0.900562 -0.401483
vn -0.166731 0.900562 -0.401483
vn -0.166731 0.900562 -0.401483
vn -0.166731 0.900562 -0.401483
vn -0.166731 0.900562 -0.401483
vn 0.680447 -0.013039 0.732681
vn 0.680447 -0.013039 0.732681
vn 0.680447 -0.013039 0.732681
vn 0.038767 -0.013045 0.999163
vn 0.038767 -0.013045 0.999163
vn 0.038767 -0.013045 0.999163
vn -0.584663 -0.226625 0.778980
vn -0.584663 -0.226625 0.778980
vn -0.584663 -0.226625 0.778980
vn -0.824647 -0.528693 0.201100
vn -0.824647 -0.528693 0.201100
vn -0.824647 -0.528693 0.201100
vn -0.540600 -0.742278 -0.395948
vn -0.540600 -0.742278 -0.395948
vn -0.540600 -0.742278 -0.395948
vn 0.101074 -0.742268 -0.662436
vn 0.101074 -0.742268 -0.662436
vn 0.101074 -0.742268 -0.662436
vn 0.724501 -0.528692 -0.442249
vn 0.724501 -0.528692 -0.442249
vn 0.724501 -0.528692 -0.442249
vn 0.964490 -0.226632 0.135634
vn 0.964490 -0.226632 0.135634
vn 0.964490 -0.226632 0.135634
vn 0.382484 -0.073797 0.921010
vn 0.382484 -0.073797 0.921010
vn 0.382484 -0.073797 0.921010
vn 0.382484 -0.073797 0.921010
vn 0.382484 -0.073797 0.921010
vn 0.382484 -0.073797 0.921010
vn 0.382484 -0.073797 0.921010
vn 0.382484 -0.073797 0.921010
vn 0.136702 -0.805490 -0.576626
vn 0.136702 -0.805490 -0.576627
vn 0.136702 -0.805490 -0.576626
vn -0.504984 -0.805477 -0.310157
vn -0.504984 -0.805477 -0.310157
vn -0.504984 -0.805477 -0.310157
vn -0.944809 -0.315516 -0.088235
vn -0.944809 -0.315516 -0.088235
vn -0.944809 -0.315516 -0.088235
vn -0.925149 0.377396 -0.040883
vn -0.925149 0.377396 -0.040883
vn -0.925149 0.377396 -0.040883
vn -0.457494 0.867382 -0.195826
vn -0.457494 0.867382 -0.195826
vn -0.457494 0.867382 -0.195826
vn 0.184183 0.867375 -0.462317
vn 0.184183 0.867375 -0.462317
vn 0.184183 0.867375 -0.462317
vn 0.624014 0.377407 -0.684230
vn 0.624014 0.377407 -0.684230
vn 0.624014 0.377407 -0.684230
vn 0.604350 -0.315503 -0.731587
vn 0.604350 -0.315503 -0.731587
vn 0.604350 -0.315503 -0.731587
vn -0.215752 -0.826766 -0.519527
vn -0.215752 -0.826766 -0.519527
vn -0.215752 -0.826766 -0.519527
vn -0.215752 -0.826766 -0.519527
vn -0.215752 -0.826766 -0.519527
vn -0.215752 -0.826766 -0.519527
vn -0.215752 -0.826766 -0.519527
vn -0.215752 -0.826766 -0.519527
vn 0.145369 0.818530 -0.555766
vn 0.145369 0.818530 -0.555766
vn 0.145369 0.818530 -0.555766
vn -0.496306 0.818531 -0.289288
vn -0.496306 0.818531 -0.289288
vn -0.496306 0.818531 -0.289288
vn -0.794259 0.542147 0.274280
vn -0.794259 0.542147 0.274280
vn -0.794259 0.542147 0.274280
vn -0.573940 0.151277 0.804803
vn -0.573940 0.151277 0.804803
vn -0.573940 0.151277 0.804803
vn 0.035585 -0.125104 0.991505
vn 0.035585 -0.125104 0.991505
vn 0.035585 -0.125104 0.991505
vn 0.677270 -0.125101 0.725021
vn 0.677270 -0.125101 0.725021
vn 0.677270 -0.125101 0.725021
vn 0.975217 0.151271 0.161457
vn 0.975217 0.151271 0.161457
vn 0.975217 0.151271 0.161457
vn 0.754896 0.542146 -0.369066
vn 0.754896 0.542146 -0.369066
vn 0.754896 0.542146 -0.369066
vn 0.166731 -0.900562 0.401483
vn 0.166731 -0.900562 0.401483
vn 0.166731 -0.900562 0.401483
vn 0.166731 -0.900562 0.401483
vn 0.166731 -0.900562 0.401483
vn 0.166731 -0.900562 0.401483
vn 0.166731 -0.900562 0.401483
vn 0.166731 -0.900562 0.401483
vn -0.038761 0.013044 -0.999163
vn -0.038761 0.013044 -0.999163
vn -0.038761 0.013044 -0.999163
vn -0.680447 0.013042 -0.732681
vn -0.680447 0.013042 -0.732681
vn -0.680447 0.013042 -0.732681
vn -0.964492 0.226631 -0.135623
vn -0.964492 0.226631 -0.135623
vn -0.964492 0.226631 -0.135623
vn -0.724502 0.528695 0.442242
vn -0.724502 0.528695 0.442242
vn -0.724502 0.528695 0.442242
vn -0.101073 0.742276 0.662428
vn -0.101073 0.742276 0.662428
vn -0.101073 0.742276 0.662428
vn 0.540606 0.742272 0.395951
vn 0.540606 0.742272 0.395951
vn 0.540606 0.742272 0.395951
vn 0.824657 0.528677 -0.201100
vn 0.824657 0.528677 -0.201100
vn 0.824657 0.528677 -0.201100
vn 0.584666 0.226628 -0.778977
vn 0.584666 0.226628 -0.778977
vn 0.584666 0.226628 -0.778977
vn -0.635202 -0.018416 -0.772127
vn -0.635202 -0.018416 -0.772127
vn -0.635202 -0.018416 -0.772127
vn -0.635202 -0.018416 -0.772127
vn -0.635202 -0.018416 -0.772127
vn -0.635202 -0.018416 -0.772127
vn -0.635202 -0.018416 -0.772127
vn -0.635202 -0.018416 -0.772127
vn 0.676683 0.735616 -0.031117
vn 0.676683 0.735616 -0.031117
vn 0.676683 0.735616 -0.031117
vn 0.154491 0.905849 0.394425
vn 0.154491 0.905849 0.394425
vn 0.154491 0.905849 0.394425
vn -0.302176 0.549986 0.778592
vn -0.302176 0.549986 0.778592
vn -0.302176 0.549986 0.778592
vn -0.425791 -0.123518 0.896351
vn -0.425791 -0.123518 0.896351
vn -0.425791 -0.123518 0.896351
vn -0.143940 -0.720165 0.678707
vn -0.143940 -0.720165 0.678707
vn -0.143940 -0.720165 0.678707
vn 0.378270 -0.890401 0.253174
vn 0.378270 -0.890401 0.253174
vn 0.378270 -0.890401 0.253174
vn 0.834935 -0.534532 -0.130995
vn 0.834935 -0.534532 -0.130995
vn 0.834935 -0.534532 -0.130995
vn 0.958548 0.138954 -0.248754
vn 0.958548 0.138954 -0.248754
vn 0.958548 0.138954 -0.248754
vn 0.471674 0.848684 0.239288
vn 0.471674 0.848684 0.239288
vn 0.471674 0.848684 0.239288
vn 0.471674 0.848684 0.239288
vn 0.471674 0.848684 0.239288
vn 0.471674 0.848684 0.239288
vn 0.471674 0.848684 0.239288
vn 0.471674 0.848684 0.239288
vn 0.450068 -0.834155 0.318784
vn 0.450068 -0.834155 0.318784
vn 0.450068 -0.834155 0.318784
vn -0.072134 -0.663900 0.744334
vn -0.072134 -0.663900 0.744334
vn -0.072134 -0.663900 0.744334
vn -0.667953 -0.313238 0.675071
vn -0.667953 -0.313238 0.675071
vn -0.667953 -0.313238 0.675071
vn -0.988367 0.012453 0.151575
vn -0.988367 0.012453 0.151575
vn -0.988367 0.012453 0.151575
vn -0.845676 0.122342 -0.519486
vn -0.845676 0.122342 -0.519486
vn -0.845676 0.122342 -0.519486
vn -0.323469 -0.047905 -0.945025
vn -0.323469 -0.047905 -0.945025
vn -0.323469 -0.047905 -0.945025
vn 0.272355 -0.398570 -0.875765
vn 0.272355 -0.398570 -0.875765
vn 0.272355 -0.398570 -0.875765
vn 0.592767 -0.724245 -0.352273
vn 0.592767 -0.724245 -0.352273
vn 0.592767 -0.724245 -0.352273
vn -0.163528 0.830265 -0.532840
vn -0.163528 0.830265 -0.532840
vn -0.163528 0.830265 -0.532840
vn -0.163528 0.830265 -0.532840
vn -0.163528 0.830265 -0.532840
vn -0.163528 0.830265 -0.532840
vn -0.163528 0.830265 -0.532840
vn -0.163528 0.830265 -0.532840
vn 0.865667 -0.013422 0.500441
vn 0.865667 -0.013422 0.500441
vn 0.865667 -0.013422 0.500440
vn 0.343460 0.156826 0.925981
vn 0.343459 0.156826 0.925981
vn 0.343459 0.156826 0.925981
vn -0.339773 0.031244 0.939988
vn -0.339773 0.031244 0.939988
vn -0.339773 0.031244 0.939988
vn -0.783796 -0.316594 0.534259
vn -0.783796 -0.316594 0.534259
vn -0.783796 -0.316594 0.534259
vn -0.728523 -0.682926 -0.053540
vn -0.728523 -0.682926 -0.053540
vn -0.728523 -0.682926 -0.053540
vn -0.206302 -0.853187 -0.479073
vn -0.206302 -0.853187 -0.479073
vn -0.206302 -0.853187 -0.479073
vn 0.476924 -0.727604 -0.493088
vn 0.476924 -0.727604 -0.493089
vn 0.476924 -0.727604 -0.493089
vn 0.920954 -0.379755 -0.087352
vn 0.920954 -0.379755 -0.087352
vn 0.920954 -0.379755 -0.087352
vn 0.635201 0.018415 0.772127
vn 0.635201 0.018415 0.772127
vn 0.635201 0.018415 0.772127
vn 0.635201 0.018415 0.772127
vn 0.635201 0.018415 0.772127
vn 0.635201 0.018415 0.772127
vn 0.635201 0.018415 0.772127
vn 0.635201 0.018415 0.772127
vn -0.154490 -0.905851 -0.394419
vn -0.154490 -0.905851 -0.394419
vn -0.154490 -0.905851 -0.394419
vn -0.676683 -0.735617 0.031114
vn -0.676683 -0.735617 0.031114
vn -0.676683 -0.735617 0.031114
vn -0.958547 -0.138954 0.248754
vn -0.958547 -0.138954 0.248754
vn -0.958547 -0.138954 0.248754
vn -0.834929 0.534541 0.130995
vn -0.834929 0.534541 0.130995
vn -0.834929 0.534541 0.130995
vn -0.378268 0.890401 -0.253180
vn -0.378268 0.890400 -0.253180
vn -0.378268 0.890401 -0.253180
vn 0.143940 0.720160 -0.678713
vn 0.143940 0.720160 -0.678713
vn 0.143940 0.720160 -0.678713
vn 0.425790 0.123525 -0.896351
vn 0.425790 0.123525 -0.896351
vn 0.425790 0.123525 -0.896351
vn 0.302177 -0.549982 -0.778594
vn 0.302177 -0.549982 -0.778594
vn 0.302177 -0.549982 -0.778594
vn -0.471674 -0.848684 -0.239288
vn -0.471674 -0.848684 -0.239288
vn -0.471674 -0.848684 -0.239288
vn -0.471674 -0.848684 -0.239288
vn -0.471674 -0.848684 -0.239288
vn -0.471674 -0.848684 -0.239288
vn -0.471674 -0.848684 -0.239288
vn -0.471674 -0.848684 -0.239288
vn 0.072134 0.663891 -0.744342
vn 0.072134 0.663891 -0.744342
vn 0.072134 0.663891 -0.744342
vn -0.450073 0.834151 -0.318789
vn -0.450073 0.834151 -0.318789
vn -0.450073 0.834151 -0.318789
vn -0.592763 0.724246 0.352278
vn -0.592763 0.724246 0.352278
vn -0.592763 0.724246 0.352278
vn -0.272355 0.398570 0.875765
vn -0.272355 0.398570 0.875765
vn -0.272355 0.398570 0.875765
vn 0.323467 0.047903 0.945026
vn 0.323467 0.047903 0.945026
vn 0.323467 0.047903 0.945026
vn 0.845676 -0.122343 0.519485
vn 0.845676 -0.122343 0.519485
vn 0.845676 -0.122343 0.519485
vn 0.988367 -0.012449 -0.151577
vn 0.988367 -0.012449 -0.151577
vn 0.988367 -0.012449 -0.151577
vn 0.667952 0.313243 -0.675069
vn 0.667952 0.313243 -0.675069
vn 0.667952 0.313243 -0.675069
vn 0.163526 -0.830267 0.532838
vn 0.163526 -0.830267 0.532838
vn 0.163526 -0.830267 0.532838
vn 0.163526 -0.830267 0.532838
vn 0.163526 -0.830267 0.532838
vn 0.163526 -0.830267 0.532838
vn 0.163526 -0.830267 0.532838
vn 0.163526 -0.830267 0.532838
vn -0.343460 -0.156824 -0.925981
vn -0.343460 -0.156824 -0.925981
vn -0.343460 -0.156824 -0.925981
vn -0.865667 0.013422 -0.500441
vn -0.865667 0.013422 -0.500441
vn -0.865667 0.013422 -0.500441
vn -0.920953 0.379754 0.087362
vn -0.920953 0.379754 0.087362
vn -0.920953 0.379754 0.087362
vn -0.476918 0.727610 0.493084
vn -0.476918 0.727610 0.493084
vn -0.476918 0.727610 0.493084
vn 0.206307 0.853180 0.479083
vn 0.206307 0.853180 0.479083
vn 0.206307 0.853180 0.479083
vn 0.728516 0.682934 0.053539
vn 0.728516 0.682934 0.053539
vn 0.728516 0.682934 0.053539
vn 0.783794 0.316594 -0.534262
vn 0.783794 0.316594 -0.534262
vn 0.783794 0.316594 -0.534262
vn 0.339772 -0.031240 -0.939989
vn 0.339772 -0.031240 -0.939989
vn 0.339772 -0.031240 -0.939989
vn -0.635202 -0.018416 -0.772127
vn -0.635202 -0.018416 -0.772127
vn -0.635202 -0.018416 -0.772127
vn -0.635202 -0.018416 -0.772127
vn -0.635202 -0.018416 -0.772127
vn -0.635202 -0.018416 -0.772127
vn -0.635202 -0.018416 -0.772127
vn -0.635202 -0.018416 -0.772127
vn 0.676701 0.735600 -0.031120
vn 0.676701 0.735600 -0.031120
vn 0.676701 0.735600 -0.031120
vn 0.154490 0.905849 0.394423
vn 0.154490 0.905850 0.394423
vn 0.154490 0.905850 0.394423
vn -0.302175 0.549992 0.778588
vn -0.302175 0.549992 0.778588
vn -0.302175 0.549992 0.778588
vn -0.425789 -0.123536 0.896350
vn -0.425789 -0.123536 0.896350
vn -0.425789 -0.123536 0.896350
vn -0.143940 -0.720159 0.678714
vn -0.143940 -0.720159 0.678714
vn -0.143940 -0.720159 0.678714
vn 0.378267 -0.890403 0.253175
vn 0.378267 -0.890403 0.253175
vn 0.378267 -0.890403 0.253175
vn 0.834930 -0.534540 -0.130995
vn 0.834930 -0.534540 -0.130995
vn 0.834930 -0.534540 -0.130995
vn 0.958542 0.138991 -0.248754
vn 0.958542 0.138991 -0.248754
vn 0.958542 0.138991 -0.248754
vn 0.471673 0.848685 0.239287
vn 0.471673 0.848685 0.239287
vn 0.471673 0.848685 0.239287
vn 0.471673 0.848685 0.239287
vn 0.471673 0.848685 0.239287
vn 0.471673 0.848685 0.239287
vn 0.471673 0.848685 0.239287
vn 0.471673 0.848685 0.239287
vn 0.450075 -0.834150 0.318788
vn 0.450075 -0.834150 0.318788
vn 0.450075 -0.834150 0.318788
vn -0.072131 -0.663908 0.744328
vn -0.072131 -0.663907 0.744328
vn -0.072131 -0.663908 0.744328
vn -0.667956 -0.313236 0.675069
vn -0.667956 -0.313236 0.675069
vn -0.667956 -0.313236 0.675069
vn -0.988366 0.012439 0.151583
vn -0.988366 0.012439 0.151583
vn -0.988366 0.012439 0.151583
vn -0.845674 0.122347 -0.519486
vn -0.845674 0.122347 -0.519487
vn -0.845674 0.122347 -0.519487
vn -0.323470 -0.047903 -0.945025
vn -0.323470 -0.047903 -0.945025
vn -0.323470 -0.047903 -0.945025
vn 0.272355 -0.398568 -0.875766
vn 0.272355 -0.398568 -0.875766
vn 0.272355 -0.398568 -0.875766
vn 0.592767 -0.724245 -0.352274
vn 0.592767 -0.724245 -0.352274
vn 0.592767 -0.724245 -0.352274
vn -0.163527 0.830266 -0.532839
vn -0.163527 0.830266 -0.532839
vn -0.163527 0.830266 -0.532839
vn -0.163527 0.830266 -0.532839
vn -0.163527 0.830266 -0.532839
vn -0.163527 0.830266 -0.532839
vn -0.163527 0.830266 -0.532839
vn -0.163527 0.830266 -0.532839
vn 0.865664 -0.013421 0.500445
vn 0.865664 -0.013421 0.500445
vn 0.865664 -0.013421 0.500445
vn 0.343460 0.156822 0.925982
vn 0.343460 0.156822 0.925982
vn 0.343460 0.156822 0.925982
vn -0.339773 0.031242 0.939988
vn -0.339773 0.031242 0.939988
vn -0.339773 0.031242 0.939988
vn -0.783795 -0.316588 0.534263
vn -0.783795 -0.316588 0.534263
vn -0.783795 -0.316588 0.534263
vn -0.728515 -0.682935 -0.053538
vn -0.728515 -0.682935 -0.053538
vn -0.728515 -0.682935 -0.053538
vn -0.206309 -0.853177 -0.479088
vn -0.206309 -0.853177 -0.479088
vn -0.206309 -0.853177 -0.479088
vn 0.476927 -0.727604 -0.493086
vn 0.476927 -0.727604 -0.493086
vn 0.476927 -0.727604 -0.493086
vn 0.920948 -0.379766 -0.087362
vn 0.920948 -0.379766 -0.087362
vn 0.920948 -0.379766 -0.087362
vn 0.635202 0.018419 0.772127
vn 0.635202 0.018419 0.772127
vn 0.635202 0.018419 0.772127
vn 0.635202 0.018419 0.772127
vn 0.635202 0.018419 0.772127
vn 0.635202 0.018419 0.772127
vn 0.635202 0.018419 0.772127
vn 0.635202 0.018419 0.772127
vn -0.154490 -0.905851 -0.394419
vn -0.154490 -0.905851 -0.394419
vn -0.154490 -0.905851 -0.394419
vn -0.676706 -0.735595 0.031120
vn -0.676706 -0.735595 0.031120
vn -0.676706 -0.735596 0.031120
vn -0.958542 -0.138991 0.248754
vn -0.958542 -0.138991 0.248754
vn -0.958542 -0.138991 0.248754
vn -0.834939 0.534525 0.130996
vn -0.834939 0.534525 0.130996
vn -0.834939 0.534525 0.130997
vn -0.378264 0.890405 -0.253172
vn -0.378264 0.890405 -0.253172
vn -0.378264 0.890405 -0.253172
vn 0.143940 0.720163 -0.678710
vn 0.143940 0.720163 -0.678710
vn 0.143940 0.720163 -0.678710
vn 0.425790 0.123516 -0.896352
vn 0.425790 0.123516 -0.896352
vn 0.425790 0.123516 -0.896352
vn 0.302176 -0.549985 -0.778593
vn 0.302176 -0.549985 -0.778593
vn 0.302176 -0.549985 -0.778593
vn -0.471673 -0.848685 -0.239287
vn -0.471673 -0.848685 -0.239287
vn -0.471673 -0.848685 -0.239287
vn -0.471673 -0.848685 -0.239287
vn -0.471673 -0.848685 -0.239287
vn -0.471673 -0.848685 -0.239287
vn -0.471673 -0.848685 -0.239287
vn -0.471673 -0.848685 -0.239287
vn 0.072133 0.663907 -0.744328
vn 0.072133 0.663907 -0.744328
vn 0.072133 0.663907 -0.744328
vn -0.450075 0.834150 -0.318788
vn -0.450075 0.834150 -0.318788
vn -0.450075 0.834150 -0.318788
vn -0.592764 0.724248 0.352272
vn -0.592764 0.724248 0.352272
vn -0.592764 0.724248 0.352272
vn -0.272353 0.398569 0.875766
vn -0.272353 0.398569 0.875766
vn -0.272353 0.398569 0.875766
vn 0.323470 0.047898 0.945025
vn 0.323470 0.047898 0.945025
vn 0.323470 0.047898 0.945025
vn 0.845675 -0.122345 0.519486
vn 0.845675 -0.122345 0.519486
vn 0.845675 -0.122345 0.519486
vn 0.988366 -0.012440 -0.151583
vn 0.988366 -0.012440 -0.151583
vn 0.988366 -0.012440 -0.151583
vn 0.667957 0.313236 -0.675068
vn 0.667957 0.313236 -0.675068
vn 0.667957 0.313236 -0.675068
vn 0.163527 -0.830266 0.532839
vn 0.163527 -0.830266 0.532839
vn 0.163527 -0.830266 0.532839
vn 0.163527 -0.830266 0.532839
vn 0.163527 -0.830266 0.532839
vn 0.163527 -0.830266 0.532839
vn 0.163527 -0.830266 0.532839
vn 0.163527 -0.830266 0.532839
vn -0.343460 -0.156824 -0.925981
vn -0.343460 -0.156824 -0.925981
vn -0.343460 -0.156824 -0.925981
vn -0.865668 0.013421 -0.500439
vn -0.865668 0.013421 -0.500439
vn -0.865668 0.013421 -0.500439
vn -0.920949 0.379767 0.087357
vn -0.920949 0.379767 0.087357
vn -0.920949 0.379767 0.087357
vn -0.476927 0.727604 0.493086
vn -0.476927 0.727604 0.493086
vn -0.476927 0.727604 0.493086
vn 0.206307 0.853182 0.479081
vn 0.206307 0.853182 0.479081
vn 0.206307 0.853182 0.479081
vn 0.728510 0.682940 0.053543
vn 0.728510 0.682940 0.053543
vn 0.728510 0.682940 0.053543
vn 0.783795 0.316588 -0.534263
vn 0.783795 0.316588 -0.534263
vn 0.783795 0.316588 -0.534263
vn 0.339774 -0.031247 -0.939988
vn 0.339774 -0.031247 -0.939988
vn 0.339774 -0.031247 -0.939988
vn -0.611225 -0.034228 -0.790717
vn -0.611225 -0.034228 -0.790717
vn -0.611225 -0.034228 -0.790717
vn -0.611225 -0.034228 -0.790717
vn -0.611225 -0.034228 -0.790717
vn -0.611225 -0.034228 -0.790717
vn -0.611225 -0.034228 -0.790717
vn -0.611225 -0.034228 -0.790717
vn 0.889892 0.420954 -0.175757
vn 0.889892 0.420955 -0.175757
vn 0.889892 0.420955 -0.175757
vn 0.464709 0.875381 0.133241
vn 0.464709 0.875381 0.133241
vn 0.464709 0.875381 0.133241
vn -0.082547 0.825437 0.558427
vn -0.082547 0.825437 0.558427
vn -0.082547 0.825437 0.558427
vn -0.431297 0.300366 0.850743
vn -0.431297 0.300366 0.850743
vn -0.431297 0.300366 0.850743
vn -0.377250 -0.392245 0.838944
vn -0.377250 -0.392245 0.838944
vn -0.377250 -0.392245 0.838944
vn 0.047937 -0.846677 0.529944
vn 0.047937 -0.846677 0.529944
vn 0.047937 -0.846677 0.529944
vn 0.595202 -0.796719 0.104755
vn 0.595202 -0.796719 0.104755
vn 0.595202 -0.796719 0.104755
vn 0.943939 -0.271664 -0.187556
vn 0.943940 -0.271664 -0.187556
vn 0.943940 -0.271664 -0.187556
vn 0.740296 0.671565 0.031018
vn 0.740296 0.671565 0.031018
vn 0.740296 0.671565 0.031018
vn 0.740296 0.671565 0.031018
vn 0.740296 0.671565 0.031018
vn 0.740296 0.671565 0.031018
vn 0.740296 0.671565 0.031018
vn 0.740296 0.671565 0.031018
vn 0.135619 -0.800888 0.583255
vn 0.135619 -0.800888 0.583255
vn 0.135619 -0.800888 0.583255
vn -0.289568 -0.346466 0.892251
vn -0.289568 -0.346466 0.892251
vn -0.289568 -0.346466 0.892251
vn -0.726987 0.145949 0.670961
vn -0.726987 0.145949 0.670961
vn -0.726987 0.145949 0.670961
vn -0.920402 0.387891 0.049005
vn -0.920402 0.387891 0.049005
vn -0.920402 0.387891 0.049005
vn -0.756520 0.237640 -0.609266
vn -0.756520 0.237640 -0.609266
vn -0.756520 0.237640 -0.609266
vn -0.331333 -0.216794 -0.918270
vn -0.331333 -0.216794 -0.918269
vn -0.331333 -0.216794 -0.918269
vn 0.106089 -0.709205 -0.696975
vn 0.106089 -0.709205 -0.696975
vn 0.106089 -0.709205 -0.696975
vn 0.299505 -0.951140 -0.075028
vn 0.299505 -0.951140 -0.075028
vn 0.299505 -0.951140 -0.075028
vn 0.129071 0.637337 -0.759699
vn 0.129071 0.637337 -0.759699
vn 0.129071 0.637337 -0.759699
vn 0.129071 0.637337 -0.759699
vn 0.129071 0.637337 -0.759699
vn 0.129071 0.637337 -0.759699
vn 0.129071 0.637337 -0.759699
vn 0.129071 0.637337 -0.759699
vn 0.812918 -0.152724 0.561996
vn 0.812918 -0.152724 0.561996
vn 0.812918 -0.152724 0.561996
vn 0.387731 0.301706 0.870998
vn 0.387731 0.301706 0.870998
vn 0.387731 0.301706 0.870998
vn -0.296288 0.422833 0.856403
vn -0.296288 0.422833 0.856403
vn -0.296288 0.422833 0.856403
vn -0.838452 0.139707 0.526763
vn -0.838452 0.139707 0.526763
vn -0.838452 0.139707 0.526763
vn -0.921169 -0.381834 0.075175
vn -0.921169 -0.381834 0.075175
vn -0.921169 -0.381834 0.075175
vn -0.495984 -0.836257 -0.233825
vn -0.495984 -0.836257 -0.233825
vn -0.495984 -0.836257 -0.233825
vn 0.188041 -0.957381 -0.219231
vn 0.188041 -0.957381 -0.219231
vn 0.188041 -0.957381 -0.219231
vn 0.730200 -0.674253 0.110410
vn 0.730200 -0.674253 0.110410
vn 0.730200 -0.674253 0.110410
vn 0.611224 0.034228 0.790717
vn 0.611224 0.034228 0.790717
vn 0.611224 0.034228 0.790717
vn 0.611224 0.034228 0.790717
vn 0.611224 0.034228 0.790717
vn 0.611224 0.034228 0.790717
vn 0.611224 0.034228 0.790717
vn 0.611224 0.034228 0.790717
vn -0.464695 -0.875389 -0.133241
vn -0.464695 -0.875389 -0.133241
vn -0.464695 -0.875389 -0.133241
vn -0.889898 -0.420941 0.175758
vn -0.889898 -0.420941 0.175758
vn -0.889898 -0.420941 0.175758
vn -0.943944 0.271648 0.187556
vn -0.943944 0.271648 0.187556
vn -0.943944 0.271648 0.187556
vn -0.595192 0.796727 -0.104754
vn -0.595192 0.796727 -0.104754
vn -0.595192 0.796727 -0.104754
vn -0.047939 0.846675 -0.529946
vn -0.047939 0.846675 -0.529946
vn -0.047939 0.846675 -0.529946
vn 0.377246 0.392245 -0.838945
vn 0.377246 0.392245 -0.838945
vn 0.377246 0.392245 -0.838945
vn 0.431296 -0.300365 -0.850744
vn 0.431296 -0.300365 -0.850744
vn 0.431296 -0.300365 -0.850744
vn 0.082550 -0.825429 -0.558438
vn 0.082550 -0.825429 -0.558438
vn 0.082550 -0.825429 -0.558438
vn -0.740296 -0.671566 -0.031019
vn -0.740296 -0.671565 -0.031019
vn -0.740296 -0.671565 -0.031019
vn -0.740296 -0.671565 -0.031019
vn -0.740296 -0.671565 -0.031019
vn -0.740296 -0.671565 -0.031019
vn -0.740296 -0.671566 -0.031019
vn -0.740296 -0.671566 -0.031019
vn 0.289569 0.346459 -0.892253
vn 0.289569 0.346459 -0.892253
vn 0.289569 0.346459 -0.892253
vn -0.135617 0.800888 -0.583255
vn -0.135617 0.800888 -0.583255
vn -0.135617 0.800888 -0.583255
vn -0.299504 0.951140 0.075029
vn -0.299504 0.951140 0.075029
vn -0.299504 0.951140 0.075029
vn -0.106089 0.709203 0.696977
vn -0.106089 0.709203 0.696977
vn -0.106089 0.709203 0.696977
vn 0.331335 0.216794 0.918269
vn 0.331335 0.216794 0.918269
vn 0.331335 0.216794 0.918269
vn 0.756515 -0.237637 0.609273
vn 0.756515 -0.237637 0.609273
vn 0.756515 -0.237637 0.609273
vn 0.920403 -0.387885 -0.049014
vn 0.920403 -0.387885 -0.049014
vn 0.920404 -0.387885 -0.049014
vn 0.726986 -0.145950 -0.670962
vn 0.726986 -0.145950 -0.670962
vn 0.726986 -0.145950 -0.670962
vn -0.129072 -0.637336 0.759699
vn -0.129072 -0.637336 0.759699
vn -0.129072 -0.637336 0.759699
vn -0.129072 -0.637336 0.759699
vn -0.129072 -0.637336 0.759699
vn -0.129072 -0.637336 0.759699
vn -0.129072 -0.637336 0.759699
vn -0.129072 -0.637336 0.759699
vn -0.387731 -0.301706 -0.870998
vn -0.387731 -0.301706 -0.870998
vn -0.387731 -0.301706 -0.870998
vn -0.812918 0.152717 -0.561999
vn -0.812918 0.152717 -0.561999
vn -0.812918 0.152717 -0.561999
vn -0.730201 0.674252 -0.110410
vn -0.730201 0.674252 -0.110410
vn -0.730201 0.674252 -0.110410
vn -0.188035 0.957383 0.219226
vn -0.188035 0.957383 0.219226
vn -0.188035 0.957383 0.219226
vn 0.495993 0.836251 0.233828
vn 0.495993 0.836251 0.233828
vn 0.495993 0.836251 0.233828
vn 0.921168 0.381836 -0.075175
vn 0.921168 0.381836 -0.075175
vn 0.921168 0.381836 -0.075175
vn 0.838452 -0.139724 -0.526760
vn 0.838452 -0.139724 -0.526760
vn 0.838452 -0.139723 -0.526760
vn 0.296292 -0.422833 -0.856402
vn 0.296292 -0.422833 -0.856402
vn 0.296292 -0.422833 -0.856402
vn -0.017414 -0.457020 -0.889286
vn -0.017414 -0.457020 -0.889286
vn -0.017414 -0.457020 -0.889286
vn -0.017414 -0.457020 -0.889286
vn -0.017414 -0.457020 -0.889286
vn -0.017414 -0.457020 -0.889286
vn -0.017414 -0.457020 -0.889286
vn -0.017414 -0.457020 -0.889286
vn 0.700198 0.707714 0.094152
vn 0.700198 0.707714 0.094152
vn 0.700198 0.707714 0.094152
vn 0.082654 0.995703 -0.041759
vn 0.082654 0.995703 -0.041759
vn 0.082654 0.995703 -0.041759
vn -0.579027 0.812693 0.065249
vn -0.579027 0.812693 0.065249
vn -0.579027 0.812693 0.065249
vn -0.897248 0.265883 0.352493
vn -0.897248 0.265883 0.352493
vn -0.897248 0.265883 0.352493
vn -0.685592 -0.324402 0.651711
vn -0.685592 -0.324402 0.651711
vn -0.685592 -0.324402 0.651711
vn -0.068051 -0.612391 0.787621
vn -0.068051 -0.612391 0.787621
vn -0.068051 -0.612391 0.787621
vn 0.593636 -0.429383 0.680608
vn 0.593636 -0.429383 0.680608
vn 0.593636 -0.429383 0.680608
vn 0.911852 0.117420 0.393368
vn 0.911852 0.117420 0.393368
vn 0.911852 0.117420 0.393368
vn 0.405336 0.910055 0.086620
vn 0.405336 0.910055 0.086620
vn 0.405336 0.910055 0.086620
vn 0.405336 0.910055 0.086620
vn 0.405336 0.910055 0.086620
vn 0.405336 0.910055 0.086620
vn 0.405336 0.910055 0.086620
vn 0.405336 0.910055 0.086620
vn -0.040623 -0.523706 0.850930
vn -0.040623 -0.523706 0.850930
vn -0.040623 -0.523706 0.850930
vn -0.658166 -0.235716 0.715022
vn -0.658166 -0.235716 0.715022
vn -0.658166 -0.235716 0.715022
vn -0.989738 -0.033209 0.138984
vn -0.989738 -0.033209 0.138984
vn -0.989738 -0.033209 0.138984
vn -0.841108 -0.034809 -0.539746
vn -0.841108 -0.034809 -0.539746
vn -0.841108 -0.034809 -0.539746
vn -0.299337 -0.239569 -0.923582
vn -0.299337 -0.239569 -0.923582
vn -0.299337 -0.239569 -0.923582
vn 0.318203 -0.527562 -0.787671
vn 0.318203 -0.527562 -0.787671
vn 0.318203 -0.527562 -0.787671
vn 0.649774 -0.730074 -0.211627
vn 0.649774 -0.730074 -0.211627
vn 0.649774 -0.730074 -0.211627
vn 0.501150 -0.728471 0.467096
vn 0.501150 -0.728471 0.467096
vn 0.501150 -0.728471 0.467096
vn 0.387923 0.453035 -0.802668
vn 0.387923 0.453035 -0.802668
vn 0.387923 0.453035 -0.802668
vn 0.387923 0.453035 -0.802668
vn 0.387923 0.453035 -0.802667
vn 0.387923 0.453035 -0.802668
vn 0.387923 0.453035 -0.802667
vn 0.387923 0.453035 -0.802668
vn 0.350805 0.328008 0.877124
vn 0.350805 0.328008 0.877124
vn 0.350805 0.328008 0.877124
vn -0.266740 0.615992 0.741218
vn -0.266740 0.615992 0.741218
vn -0.266740 0.615992 0.741218
vn -0.823330 0.431846 0.368288
vn -0.823330 0.431846 0.368288
vn -0.823330 0.431846 0.368288
vn -0.992914 -0.116548 -0.023191
vn -0.992914 -0.116548 -0.023191
vn -0.992914 -0.116548 -0.023191
vn -0.676157 -0.707976 -0.203917
vn -0.676157 -0.707976 -0.203917
vn -0.676157 -0.707976 -0.203917
vn -0.058620 -0.995961 -0.068006
vn -0.058620 -0.995961 -0.068006
vn -0.058619 -0.995961 -0.068006
vn 0.497972 -0.811817 0.304922
vn 0.497972 -0.811817 0.304922
vn 0.497972 -0.811817 0.304922
vn 0.667555 -0.263423 0.696404
vn 0.667555 -0.263423 0.696404
vn 0.667555 -0.263423 0.696405
vn 0.017414 0.457019 0.889286
vn 0.017414 0.457019 0.889286
vn 0.017414 0.457019 0.889286
vn 0.017414 0.457019 0.889286
vn 0.017414 0.457019 0.889286
vn 0.017414 0.457019 0.889286
vn 0.017414 0.457019 0.889286
vn 0.017414 0.457019 0.889286
vn -0.082655 -0.995703 0.041758
vn -0.082655 -0.995703 0.041758
vn -0.082655 -0.995703 0.041758
vn -0.700201 -0.707711 -0.094152
vn -0.700201 -0.707711 -0.094152
vn -0.700201 -0.707711 -0.094152
vn -0.911853 -0.117429 -0.393364
vn -0.911853 -0.117429 -0.393364
vn -0.911853 -0.117429 -0.393364
vn -0.593634 0.429383 -0.680609
vn -0.593634 0.429383 -0.680609
vn -0.593634 0.429383 -0.680609
vn 0.068051 0.612394 -0.787619
vn 0.068051 0.612393 -0.787619
vn 0.068051 0.612394 -0.787619
vn 0.685594 0.324403 -0.651708
vn 0.685594 0.324403 -0.651708
vn 0.685594 0.324403 -0.651708
vn 0.897248 -0.265884 -0.352493
vn 0.897248 -0.265884 -0.352493
vn 0.897248 -0.265884 -0.352493
vn 0.579028 -0.812692 -0.065252
vn 0.579028 -0.812692 -0.065252
vn 0.579028 -0.812692 -0.065252
vn -0.405336 -0.910055 -0.086621
vn -0.405336 -0.910055 -0.086621
vn -0.405336 -0.910055 -0.086621
vn -0.405336 -0.910055 -0.086621
vn -0.405336 -0.910055 -0.086621
vn -0.405336 -0.910055 -0.086621
vn -0.405336 -0.910055 -0.086621
vn -0.405336 -0.910055 -0.086621
vn 0.658165 0.235724 -0.715020
vn 0.658165 0.235724 -0.715020
vn 0.658165 0.235724 -0.715020
vn 0.040625 0.523703 -0.850932
vn 0.040625 0.523703 -0.850932
vn 0.040625 0.523703 -0.850932
vn -0.501145 0.728473 -0.467099
vn -0.501145 0.728473 -0.467099
vn -0.501145 0.728473 -0.467099
vn -0.649773 0.730073 0.211634
vn -0.649773 0.730073 0.211634
vn -0.649773 0.730073 0.211634
vn -0.318203 0.527560 0.787672
vn -0.318203 0.527560 0.787672
vn -0.318203 0.527560 0.787672
vn 0.299339 0.239574 0.923580
vn 0.299339 0.239574 0.923580
vn 0.299339 0.239574 0.923580
vn 0.841108 0.034803 0.539746
vn 0.841108 0.034803 0.539746
vn 0.841108 0.034803 0.539746
vn 0.989738 0.033204 -0.138984
vn 0.989738 0.033204 -0.138984
vn 0.989738 0.033204 -0.138984
vn -0.387924 -0.453034 0.802667
vn -0.387924 -0.453034 0.802667
vn -0.387924 -0.453034 0.802667
vn -0.387924 -0.453034 0.802667
vn -0.387924 -0.453034 0.802667
vn -0.387924 -0.453035 0.802667
vn -0.387924 -0.453034 0.802667
vn -0.387924 -0.453034 0.802667
vn 0.266741 -0.615989 -0.741220
vn 0.266741 -0.615989 -0.741220
vn 0.266741 -0.615989 -0.741220
vn -0.350803 -0.328007 -0.877125
vn -0.350803 -0.328007 -0.877125
vn -0.350803 -0.328007 -0.877126
vn -0.667556 0.263419 -0.696405
vn -0.667556 0.263419 -0.696405
vn -0.667556 0.263419 -0.696405
vn -0.497971 0.811818 -0.304921
vn -0.497971 0.811818 -0.304921
vn -0.497971 0.811818 -0.304921
vn 0.058615 0.995962 0.068005
vn 0.058615 0.995962 0.068005
vn 0.058615 0.995962 0.068005
vn 0.676159 0.707974 0.203916
vn 0.676159 0.707974 0.203916
vn 0.676159 0.707974 0.203916
vn 0.992914 0.116548 0.023191
vn 0.992914 0.116548 0.023191
vn 0.992914 0.116548 0.023191
vn 0.823327 -0.431853 -0.368287
vn 0.823327 -0.431853 -0.368287
vn 0.823327 -0.431853 -0.368287
vn 0.208863 -0.433172 -0.876777
vn 0.208863 -0.433172 -0.876777
vn 0.208863 -0.433172 -0.876777
vn 0.208863 -0.433172 -0.876777
vn 0.208863 -0.433172 -0.876777
vn 0.208863 -0.433172 -0.876777
vn 0.208863 -0.433172 -0.876777
vn 0.208863 -0.433172 -0.876777
vn 0.329638 0.939552 0.092635
vn 0.329638 0.939552 0.092635
vn 0.329638 0.939552 0.092635
vn -0.346688 0.935618 -0.066534
vn -0.346688 0.935618 -0.066534
vn -0.346688 0.935618 -0.066534
vn -0.871242 0.490017 0.028656
vn -0.871242 0.490017 0.028656
vn -0.871242 0.490017 0.028656
vn -0.936739 -0.136205 0.322442
vn -0.936739 -0.136205 0.322442
vn -0.936739 -0.136205 0.322442
vn -0.504817 -0.576242 0.642732
vn -0.504817 -0.576242 0.642732
vn -0.504817 -0.576242 0.642732
vn 0.171511 -0.572311 0.801901
vn 0.171511 -0.572311 0.801901
vn 0.171511 -0.572311 0.801901
vn 0.696061 -0.126714 0.706712
vn 0.696061 -0.126714 0.706712
vn 0.696061 -0.126714 0.706712
vn 0.761561 0.499517 0.412926
vn 0.761561 0.499517 0.412926
vn 0.761561 0.499517 0.412926
vn -0.022792 0.997129 0.072209
vn -0.022792 0.997129 0.072209
vn -0.022792 0.997129 0.072209
vn -0.022792 0.997129 0.072209
vn -0.022792 0.997129 0.072209
vn -0.022792 0.997129 0.072209
vn -0.022792 0.997129 0.072209
vn -0.022792 0.997129 0.072209
vn 0.156480 -0.479519 0.863467
vn 0.156480 -0.479519 0.863467
vn 0.156480 -0.479519 0.863467
vn -0.519845 -0.483449 0.704300
vn -0.519845 -0.483449 0.704299
vn -0.519845 -0.483449 0.704299
vn -0.886057 -0.449132 0.114818
vn -0.886057 -0.449132 0.114818
vn -0.886057 -0.449132 0.114818
vn -0.727628 -0.396668 -0.559653
vn -0.727628 -0.396668 -0.559653
vn -0.727628 -0.396668 -0.559653
vn -0.137364 -0.356791 -0.924030
vn -0.137364 -0.356791 -0.924030
vn -0.137364 -0.356791 -0.924030
vn 0.538963 -0.352858 -0.764860
vn 0.538963 -0.352858 -0.764860
vn 0.538962 -0.352858 -0.764860
vn 0.905172 -0.387176 -0.175383
vn 0.905172 -0.387176 -0.175383
vn 0.905172 -0.387176 -0.175383
vn 0.746744 -0.439639 0.499091
vn 0.746744 -0.439639 0.499091
vn 0.746744 -0.439639 0.499091
vn 0.186071 0.563957 -0.804568
vn 0.186071 0.563957 -0.804568
vn 0.186071 0.563957 -0.804568
vn 0.186071 0.563957 -0.804568
vn 0.186071 0.563957 -0.804568
vn 0.186071 0.563957 -0.804568
vn 0.186071 0.563957 -0.804568
vn 0.186071 0.563957 -0.804568
vn 0.147959 0.458064 0.876519
vn 0.147958 0.458064 0.876519
vn 0.147959 0.458064 0.876519
vn -0.528369 0.454131 0.717350
vn -0.528369 0.454131 0.717350
vn -0.528369 0.454131 0.717350
vn -0.940895 0.045632 0.335612
vn -0.940895 0.045632 0.335612
vn -0.940895 0.045632 0.335612
vn -0.847970 -0.528124 -0.045076
vn -0.847970 -0.528124 -0.045076
vn -0.847970 -0.528124 -0.045076
vn -0.304018 -0.931067 -0.201713
vn -0.304018 -0.931067 -0.201713
vn -0.304018 -0.931067 -0.201713
vn 0.372310 -0.927133 -0.042543
vn 0.372310 -0.927133 -0.042543
vn 0.372310 -0.927133 -0.042543
vn 0.784835 -0.518636 0.339193
vn 0.784835 -0.518636 0.339193
vn 0.784835 -0.518636 0.339193
vn 0.691905 0.055134 0.719881
vn 0.691905 0.055134 0.719881
vn 0.691905 0.055134 0.719881
vn -0.208863 0.433171 0.876778
vn -0.208863 0.433171 0.876778
vn -0.208863 0.433171 0.876778
vn -0.208863 0.433171 0.876778
vn -0.208863 0.433171 0.876778
vn -0.208863 0.433171 0.876778
vn -0.208863 0.433171 0.876778
vn -0.208863 0.433171 0.876778
vn 0.346688 -0.935618 0.066533
vn 0.346688 -0.935618 0.066533
vn 0.346688 -0.935618 0.066533
vn -0.329640 -0.939551 -0.092636
vn -0.329640 -0.939551 -0.092636
vn -0.329640 -0.939551 -0.092636
vn -0.761563 -0.499514 -0.412925
vn -0.761563 -0.499514 -0.412925
vn -0.761563 -0.499514 -0.412925
vn -0.696062 0.126709 -0.706712
vn -0.696062 0.126709 -0.706712
vn -0.696062 0.126709 -0.706712
vn -0.171509 0.572312 -0.801900
vn -0.171509 0.572312 -0.801900
vn -0.171509 0.572312 -0.801900
vn 0.504819 0.576239 -0.642734
vn 0.504819 0.576239 -0.642734
vn 0.504819 0.576239 -0.642734
vn 0.936738 0.136211 -0.322443
vn 0.936738 0.136211 -0.322443
vn 0.936738 0.136211 -0.322443
vn 0.871240 -0.490021 -0.028656
vn 0.871240 -0.490021 -0.028656
vn 0.871240 -0.490021 -0.028656
vn 0.022792 -0.997129 -0.072211
vn 0.022792 -0.997129 -0.072211
vn 0.022792 -0.997129 -0.072211
vn 0.022792 -0.997129 -0.072211
vn 0.022792 -0.997129 -0.072211
vn 0.022792 -0.997129 -0.072211
vn 0.022792 -0.997129 -0.072211
vn 0.022792 -0.997129 -0.072211
vn 0.519848 0.483452 -0.704296
vn 0.519848 0.483452 -0.704296
vn 0.519848 0.483452 -0.704296
vn -0.156481 0.479519 -0.863467
vn -0.156481 0.479519 -0.863467
vn -0.156481 0.479519 -0.863467
vn -0.746744 0.439640 -0.499089
vn -0.746744 0.439640 -0.499089
vn -0.746744 0.439640 -0.499089
vn -0.905172 0.387176 0.175383
vn -0.905172 0.387176 0.175383
vn -0.905172 0.387176 0.175383
vn -0.538962 0.352857 0.764861
vn -0.538962 0.352857 0.764861
vn -0.538962 0.352857 0.764861
vn 0.137365 0.356789 0.924031
vn 0.137365 0.356789 0.924031
vn 0.137365 0.356789 0.924031
vn 0.727627 0.396669 0.559654
vn 0.727627 0.396669 0.559654
vn 0.727627 0.396669 0.559654
vn 0.886055 0.449135 -0.114821
vn 0.886055 0.449135 -0.114821
vn 0.886055 0.449135 -0.114821
vn -0.186071 -0.563958 0.804568
vn -0.186071 -0.563958 0.804568
vn -0.186071 -0.563958 0.804568
vn -0.186071 -0.563958 0.804568
vn -0.186071 -0.563958 0.804568
vn -0.186071 -0.563958 0.804568
vn -0.186071 -0.563958 0.804568
vn -0.186071 -0.563958 0.804568
vn 0.528369 -0.454134 -0.717348
vn 0.528369 -0.454134 -0.717348
vn 0.528369 -0.454134 -0.717348
vn -0.147956 -0.458066 -0.876518
vn -0.147956 -0.458066 -0.876518
vn -0.147956 -0.458066 -0.876518
vn -0.691905 -0.055131 -0.719881
vn -0.691905 -0.055131 -0.719881
vn -0.691905 -0.055131 -0.719881
vn -0.784834 0.518635 -0.339194
vn -0.784834 0.518635 -0.339194
vn -0.784834 0.518635 -0.339194
vn -0.372308 0.927134 0.042544
vn -0.372308 0.927134 0.042544
vn -0.372308 0.927134 0.042544
vn 0.304018 0.931066 0.201714
vn 0.304018 0.931066 0.201714
vn 0.304018 0.931066 0.201714
vn 0.847966 0.528131 0.045075
vn 0.847966 0.528131 0.045075
vn 0.847966 0.528131 0.045075
vn 0.940895 -0.045637 -0.335610
vn 0.940895 -0.045637 -0.335610
vn 0.940895 -0.045637 -0.335610
vn 0.208864 -0.433172 -0.876777
vn 0.208864 -0.433172 -0.876777
vn 0.208864 -0.433172 -0.876777
vn 0.208864 -0.433172 -0.876777
vn 0.208864 -0.433172 -0.876777
vn 0.208864 -0.433172 -0.876777
vn 0.208864 -0.433172 -0.876777
vn 0.208864 -0.433172 -0.876777
vn 0.329639 0.939552 0.092635
vn 0.329639 0.939552 0.092635
vn 0.329639 0.939552 0.092635
vn -0.346686 0.935619 -0.066533
vn -0.346686 0.935619 -0.066533
vn -0.346686 0.935619 -0.066533
vn -0.871239 0.490021 0.028656
vn -0.871239 0.490021 0.028656
vn -0.871239 0.490021 0.028656
vn -0.936738 -0.136211 0.322441
vn -0.936738 -0.136211 0.322442
vn -0.936738 -0.136211 0.322442
vn -0.504816 -0.576243 0.642732
vn -0.504816 -0.576243 0.642732
vn -0.504816 -0.576243 0.642733
vn 0.171510 -0.572311 0.801901
vn 0.171510 -0.572311 0.801901
vn 0.171510 -0.572311 0.801901
vn 0.696062 -0.126714 0.706712
vn 0.696062 -0.126714 0.706712
vn 0.696062 -0.126714 0.706712
vn 0.761559 0.499515 0.412930
vn 0.761559 0.499515 0.412930
vn 0.761559 0.499515 0.412930
vn -0.022792 0.997129 0.072209
vn -0.022792 0.997129 0.072209
vn -0.022792 0.997129 0.072209
vn -0.022792 0.997129 0.072209
vn -0.022792 0.997129 0.072209
vn -0.022792 0.997129 0.072209
vn -0.022792 0.997129 0.072209
vn -0.022792 0.997129 0.072209
vn 0.156481 -0.479518 0.863467
vn 0.156481 -0.479519 0.863467
vn 0.156481 -0.479518 0.863467
vn -0.519846 -0.483451 0.704298
vn -0.519846 -0.483451 0.704298
vn -0.519846 -0.483451 0.704298
vn -0.886057 -0.449133 0.114819
vn -0.886057 -0.449133 0.114819
vn -0.886057 -0.449133 0.114819
vn -0.727629 -0.396668 -0.559652
vn -0.727629 -0.396668 -0.559652
vn -0.727629 -0.396668 -0.559652
vn -0.137364 -0.356789 -0.924031
vn -0.137364 -0.356789 -0.924031
vn -0.137364 -0.356789 -0.924031
vn 0.538964 -0.352858 -0.764859
vn 0.538964 -0.352858 -0.764859
vn 0.538964 -0.352858 -0.764859
vn 0.905171 -0.387176 -0.175386
vn 0.905171 -0.387176 -0.175386
vn 0.905171 -0.387176 -0.175386
vn 0.746742 -0.439640 0.499092
vn 0.746742 -0.439640 0.499092
vn 0.746742 -0.439640 0.499092
vn 0.186071 0.563957 -0.804568
vn 0.186071 0.563957 -0.804568
vn 0.186071 0.563957 -0.804568
vn 0.186071 0.563957 -0.804568
vn 0.186071 0.563957 -0.804568
vn 0.186071 0.563957 -0.804568
vn 0.186071 0.563957 -0.804568
vn 0.186071 0.563957 -0.804568
vn 0.147958 0.458065 0.876518
vn 0.147958 0.458066 0.876518
vn 0.147958 0.458065 0.876518
vn -0.528370 0.454132 0.717349
vn -0.528370 0.454132 0.717349
vn -0.528370 0.454132 0.717349
vn -0.940894 0.045637 0.335613
vn -0.940894 0.045637 0.335613
vn -0.940894 0.045637 0.335613
vn -0.847966 -0.528130 -0.045075
vn -0.847967 -0.528130 -0.045075
vn -0.847966 -0.528130 -0.045075
vn -0.304018 -0.931067 -0.201713
vn -0.304018 -0.931067 -0.201713
vn -0.304018 -0.931067 -0.201713
vn 0.372310 -0.927133 -0.042542
vn 0.372310 -0.927133 -0.042542
vn 0.372310 -0.927133 -0.042542
vn 0.784833 -0.518637 0.339194
vn 0.784833 -0.518637 0.339194
vn 0.784833 -0.518637 0.339194
vn 0.691906 0.055131 0.719880
vn 0.691906 0.055131 0.719880
vn 0.691906 0.055131 0.719880
vn -0.208864 0.433171 0.876778
vn -0.208863 0.433171 0.876778
vn -0.208864 0.433171 0.876778
vn -0.208864 0.433171 0.876778
vn -0.208864 0.433171 0.876778
vn -0.208864 0.433171 0.876778
vn -0.208864 0.433171 0.876778
vn -0.208864 0.433171 0.876778
vn 0.346686 -0.935619 0.066533
vn 0.346686 -0.935619 0.066533
vn 0.346686 -0.935619 0.066533
vn -0.329642 -0.939550 -0.092636
vn -0.329642 -0.939550 -0.092636
vn -0.329642 -0.939550 -0.092636
vn -0.761561 -0.499517 -0.412924
vn -0.761561 -0.499518 -0.412924
vn -0.761561 -0.499517 -0.412924
vn -0.696062 0.126714 -0.706711
vn -0.696062 0.126714 -0.706711
vn -0.696062 0.126714 -0.706711
vn -0.171510 0.572308 -0.801903
vn -0.171510 0.572308 -0.801903
vn -0.171510 0.572308 -0.801903
vn 0.504817 0.576244 -0.642731
vn 0.504817 0.576244 -0.642731
vn 0.504817 0.576244 -0.642731
vn 0.936737 0.136211 -0.322444
vn 0.936737 0.136211 -0.322444
vn 0.936737 0.136211 -0.322444
vn 0.871238 -0.490025 -0.028655
vn 0.871238 -0.490025 -0.028655
vn 0.871238 -0.490025 -0.028655
vn 0.022792 -0.997129 -0.072210
vn 0.022792 -0.997129 -0.072210
vn 0.022792 -0.997129 -0.072210
vn 0.022792 -0.997129 -0.072210
vn 0.022792 -0.997129 -0.072210
vn 0.022792 -0.997129 -0.072210
vn 0.022792 -0.997129 -0.072210
vn 0.022792 -0.997129 -0.072210
vn 0.519846 0.483453 -0.704296
vn 0.519846 0.483453 -0.704296
vn 0.519846 0.483453 -0.704296
vn -0.156481 0.479519 -0.863467
vn -0.156481 0.479519 -0.863467
vn -0.156481 0.479519 -0.863467
vn -0.746744 0.439638 -0.499090
vn -0.746744 0.439638 -0.499090
vn -0.746744 0.439638 -0.499090
vn -0.905172 0.387176 0.175383
vn -0.905172 0.387176 0.175383
vn -0.905172 0.387176 0.175383
vn -0.538961 0.352858 0.764861
vn -0.538961 0.352858 0.764861
vn -0.538961 0.352858 0.764861
vn 0.137364 0.356789 0.924031
vn 0.137364 0.356789 0.924030
vn 0.137364 0.356789 0.924030
vn 0.727628 0.396669 0.559653
vn 0.727628 0.396669 0.559653
vn 0.727628 0.396669 0.559653
vn 0.886056 0.449134 -0.114819
vn 0.886056 0.449133 -0.114819
vn 0.886056 0.449134 -0.114819
vn -0.186071 -0.563958 0.804568
vn -0.186071 -0.563957 0.804568
vn -0.186071 -0.563958 0.804568
vn -0.186071 -0.563957 0.804568
vn -0.186071 -0.563958 0.804568
vn -0.186071 -0.563957 0.804568
vn -0.186071 -0.563957 0.804568
vn -0.186071 -0.563957 0.804568
vn 0.528369 -0.454134 -0.717348
vn 0.528369 -0.454134 -0.717348
vn 0.528369 -0.454134 -0.717348
vn -0.147957 -0.458066 -0.876519
vn -0.147957 -0.458066 -0.876519
vn -0.147957 -0.458066 -0.876519
vn -0.691904 -0.055128 -0.719881
vn -0.691904 -0.055128 -0.719881
vn -0.691904 -0.055128 -0.719881
vn -0.784832 0.518639 -0.339193
vn -0.784832 0.518639 -0.339193
vn -0.784832 0.518639 -0.339193
vn -0.372309 0.927133 0.042544
vn -0.372309 0.927133 0.042544
vn -0.372309 0.927133 0.042544
vn 0.304020 0.931066 0.201715
vn 0.304020 0.931066 0.201715
vn 0.304020 0.931066 0.201715
vn 0.847966 0.528131 0.045075
vn 0.847966 0.528131 0.045075
vn 0.847966 0.528131 0.045075
vn 0.940895 -0.045632 -0.335609
vn 0.940895 -0.045632 -0.335609
vn 0.940895 -0.045632 -0.335609
vn 0.284283 -0.382560 -0.879108
vn 0.284283 -0.382560 -0.879108
vn 0.284283 -0.382560 -0.879108
vn 0.284283 -0.382560 -0.879108
vn 0.284283 -0.382560 -0.879108
vn 0.284283 -0.382560 -0.879108
vn 0.284283 -0.382560 -0.879108
vn 0.284283 -0.382560 -0.879108
vn -0.163600 0.986513 -0.005177
vn -0.163600 0.986513 -0.005177
vn -0.163600 0.986513 -0.005177
vn -0.765241 0.641820 -0.049734
vn -0.765241 0.641820 -0.049734
vn -0.765241 0.641820 -0.049734
vn -0.988449 0.015137 0.150799
vn -0.988449 0.015137 0.150799
vn -0.988449 0.015137 0.150799
vn -0.702472 -0.526438 0.478954
vn -0.702472 -0.526438 0.478954
vn -0.702472 -0.526438 0.478954
vn -0.074832 -0.665653 0.742500
vn -0.074832 -0.665653 0.742500
vn -0.074832 -0.665653 0.742500
vn 0.526807 -0.320962 0.787057
vn 0.526807 -0.320962 0.787057
vn 0.526807 -0.320962 0.787057
vn 0.750016 0.305726 0.586522
vn 0.750016 0.305726 0.586522
vn 0.750016 0.305726 0.586522
vn 0.464040 0.847297 0.258370
vn 0.464040 0.847297 0.258370
vn 0.464040 0.847297 0.258370
vn -0.498585 0.866303 0.030540
vn -0.498585 0.866303 0.030540
vn -0.498585 0.866302 0.030540
vn -0.498585 0.866302 0.030540
vn -0.498585 0.866302 0.030540
vn -0.498585 0.866302 0.030540
vn -0.498585 0.866302 0.030540
vn -0.498585 0.866302 0.030540
vn 0.476019 -0.239940 0.846070
vn 0.476019 -0.239940 0.846070
vn 0.476019 -0.239940 0.846070
vn -0.125621 -0.584633 0.801513
vn -0.125621 -0.584633 0.801513
vn -0.125621 -0.584633 0.801513
vn -0.531195 -0.799667 0.279938
vn -0.531195 -0.799667 0.279938
vn -0.531195 -0.799667 0.279938
vn -0.503122 -0.759078 -0.413121
vn -0.503122 -0.759078 -0.413120
vn -0.503122 -0.759078 -0.413120
vn -0.057847 -0.486642 -0.871684
vn -0.057847 -0.486642 -0.871684
vn -0.057847 -0.486642 -0.871684
vn 0.543792 -0.141950 -0.827128
vn 0.543792 -0.141950 -0.827128
vn 0.543792 -0.141950 -0.827128
vn 0.949366 0.073085 -0.305553
vn 0.949366 0.073085 -0.305553
vn 0.949366 0.073085 -0.305553
vn 0.921294 0.032496 0.387507
vn 0.921294 0.032496 0.387507
vn 0.921294 0.032496 0.387507
vn -0.214303 0.483742 -0.848568
vn -0.214303 0.483742 -0.848568
vn -0.214303 0.483742 -0.848568
vn -0.214303 0.483742 -0.848568
vn -0.214303 0.483742 -0.848568
vn -0.214303 0.483742 -0.848568
vn -0.214303 0.483742 -0.848568
vn -0.214303 0.483742 -0.848568
vn 0.011599 0.574226 0.818615
vn 0.011599 0.574226 0.818615
vn 0.011599 0.574226 0.818615
vn -0.590042 0.229534 0.774058
vn -0.590042 0.229534 0.774058
vn -0.590042 0.229534 0.774058
vn -0.793399 -0.368451 0.484522
vn -0.793399 -0.368451 0.484522
vn -0.793399 -0.368451 0.484522
vn -0.479351 -0.869433 0.119617
vn -0.479351 -0.869433 0.119617
vn -0.479351 -0.869433 0.119617
vn 0.168141 -0.979949 -0.106906
vn 0.168141 -0.979949 -0.106906
vn 0.168141 -0.979949 -0.106906
vn 0.769780 -0.635257 -0.062349
vn 0.769780 -0.635257 -0.062349
vn 0.769780 -0.635257 -0.062349
vn 0.973138 -0.037272 0.227186
vn 0.973138 -0.037272 0.227186
vn 0.973138 -0.037272 0.227186
vn 0.659088 0.463712 0.592093
vn 0.659089 0.463712 0.592093
vn 0.659088 0.463712 0.592093
vn -0.284283 0.382561 0.879108
vn -0.284283 0.382560 0.879108
vn -0.284283 0.382561 0.879108
vn -0.284283 0.382560 0.879108
vn -0.284283 0.382561 0.879108
vn -0.284283 0.382560 0.879108
vn -0.284283 0.382560 0.879108
vn -0.284283 0.382560 0.879108
vn 0.765241 -0.641820 0.049733
vn 0.765241 -0.641820 0.049733
vn 0.765241 -0.641820 0.049733
vn 0.163601 -0.986513 0.005177
vn 0.163601 -0.986513 0.005177
vn 0.163601 -0.986513 0.005177
vn -0.464040 -0.847297 -0.258370
vn -0.464040 -0.847297 -0.258370
vn -0.464040 -0.847297 -0.258370
vn -0.750016 -0.305726 -0.586522
vn -0.750016 -0.305726 -0.586522
vn -0.750016 -0.305726 -0.586522
vn -0.526807 0.320961 -0.787057
vn -0.526807 0.320961 -0.787057
vn -0.526807 0.320961 -0.787057
vn 0.074832 0.665653 -0.742500
vn 0.074832 0.665653 -0.742500
vn 0.074832 0.665653 -0.742500
vn 0.702472 0.526438 -0.478954
vn 0.702472 0.526438 -0.478954
vn 0.702472 0.526438 -0.478954
vn 0.988448 -0.015136 -0.150800
vn 0.988449 -0.015136 -0.150800
vn 0.988449 -0.015136 -0.150800
vn 0.498585 -0.866303 -0.030539
vn 0.498585 -0.866303 -0.030539
vn 0.498585 -0.866302 -0.030539
vn 0.498585 -0.866302 -0.030539
vn 0.498585 -0.866302 -0.030539
vn 0.498585 -0.866302 -0.030539
vn 0.498585 -0.866302 -0.030539
vn 0.498585 -0.866302 -0.030539
vn 0.125620 0.584633 -0.801513
vn 0.125620 0.584633 -0.801513
vn 0.125620 0.584633 -0.801513
vn -0.476020 0.239940 -0.846070
vn -0.476020 0.239940 -0.846070
vn -0.476020 0.239940 -0.846070
vn -0.921294 -0.032497 -0.387507
vn -0.921294 -0.032497 -0.387507
vn -0.921294 -0.032497 -0.387507
vn -0.949367 -0.073085 0.305551
vn -0.949367 -0.073085 0.305551
vn -0.949367 -0.073085 0.305551
vn -0.543792 0.141949 0.827128
vn -0.543792 0.141949 0.827128
vn -0.543792 0.141949 0.827128
vn 0.057847 0.486642 0.871684
vn 0.057847 0.486642 0.871684
vn 0.057847 0.486642 0.871684
vn 0.503121 0.759078 0.413122
vn 0.503121 0.759078 0.413122
vn 0.503121 0.759078 0.413122
vn 0.531193 0.799667 -0.279939
vn 0.531193 0.799667 -0.279939
vn 0.531193 0.799667 -0.279939
vn 0.214302 -0.483742 0.848568
vn 0.214303 -0.483742 0.848568
vn 0.214302 -0.483742 0.848568
vn 0.214302 -0.483742 0.848568
vn 0.214302 -0.483742 0.848568
vn 0.214302 -0.483742 0.848568
vn 0.214302 -0.483742 0.848568
vn 0.214302 -0.483742 0.848568
vn 0.590042 -0.229533 -0.774058
vn 0.590042 -0.229533 -0.774058
vn 0.590042 -0.229533 -0.774058
vn -0.011599 -0.574227 -0.818614
vn -0.011599 -0.574227 -0.818614
vn -0.011599 -0.574227 -0.818614
vn -0.659088 -0.463712 -0.592093
vn -0.659088 -0.463712 -0.592093
vn -0.659088 -0.463712 -0.592093
vn -0.973138 0.037271 -0.227186
vn -0.973138 0.037271 -0.227186
vn -0.973138 0.037271 -0.227186
vn -0.769780 0.635258 0.062349
vn -0.769780 0.635258 0.062349
vn -0.769779 0.635258 0.062349
vn -0.168141 0.979949 0.106906
vn -0.168141 0.979949 0.106906
vn -0.168141 0.979949 0.106906
vn 0.479350 0.869434 -0.119616
vn 0.479350 0.869434 -0.119616
vn 0.479350 0.869434 -0.119616
vn 0.793399 0.368451 -0.484522
vn 0.793399 0.368451 -0.484522
vn 0.793399 0.368451 -0.484522
vn 0.284283 -0.382560 -0.879108
vn 0.284283 -0.382560 -0.879108
vn 0.284283 -0.382560 -0.879108
vn 0.284283 -0.382560 -0.879108
vn 0.284283 -0.382560 -0.879108
vn 0.284283 -0.382560 -0.879108
vn 0.284283 -0.382560 -0.879108
vn 0.284283 -0.382560 -0.879108
vn -0.163600 0.986513 -0.005178
vn -0.163600 0.986513 -0.005178
vn -0.163600 0.986513 -0.005178
vn -0.765241 0.641820 -0.049734
vn -0.765241 0.641820 -0.049734
vn -0.765241 0.641820 -0.049734
vn -0.988449 0.015135 0.150799
vn -0.988449 0.015135 0.150799
vn -0.988449 0.015135 0.150799
vn -0.702472 -0.526438 0.478954
vn -0.702472 -0.526438 0.478954
vn -0.702472 -0.526438 0.478954
vn -0.074832 -0.665653 0.742500
vn -0.074832 -0.665653 0.742500
vn -0.074832 -0.665653 0.742500
vn 0.526807 -0.320961 0.787057
vn 0.526807 -0.320961 0.787057
vn 0.526807 -0.320961 0.787057
vn 0.750015 0.305726 0.586523
vn 0.750015 0.305726 0.586523
vn 0.750015 0.305726 0.586523
vn 0.464040 0.847297 0.258368
vn 0.464040 0.847297 0.258368
vn 0.464040 0.847297 0.258368
vn -0.498585 0.866302 0.030540
vn -0.498585 0.866303 0.030540
vn -0.498585 0.866303 0.030540
vn -0.498585 0.866303 0.030540
vn -0.498585 0.866303 0.030540
vn -0.498585 0.866302 0.030540
vn -0.498585 0.866303 0.030540
vn -0.498585 0.866303 0.030540
vn 0.476019 -0.239941 0.846070
vn 0.476019 -0.239941 0.846070
vn 0.476019 -0.239941 0.846070
vn -0.125621 -0.584633 0.801513
vn -0.125621 -0.584633 0.801514
vn -0.125621 -0.584633 0.801513
vn -0.531195 -0.799667 0.279938
vn -0.531195 -0.799667 0.279938
vn -0.531195 -0.799667 0.279938
vn -0.503122 -0.759078 -0.413120
vn -0.503122 -0.759078 -0.413120
vn -0.503122 -0.759078 -0.413120
vn -0.057847 -0.486642 -0.871684
vn -0.057847 -0.486642 -0.871684
vn -0.057847 -0.486642 -0.871684
vn 0.543792 -0.141949 -0.827128
vn 0.543792 -0.141949 -0.827128
vn 0.543792 -0.141949 -0.827128
vn 0.949366 0.073084 -0.305553
vn 0.949366 0.073084 -0.305553
vn 0.949366 0.073084 -0.305553
vn 0.921294 0.032496 0.387507
vn 0.921294 0.032496 0.387507
vn 0.921294 0.032496 0.387507
vn -0.214303 0.483742 -0.848568
vn -0.214303 0.483742 -0.848568
vn -0.214303 0.483742 -0.848568
vn -0.214303 0.483742 -0.848568
vn -0.214303 0.483742 -0.848568
vn -0.214303 0.483742 -0.848568
vn -0.214303 0.483742 -0.848568
vn -0.214303 0.483742 -0.848568
vn 0.011598 0.574226 0.818615
vn 0.011598 0.574226 0.818615
vn 0.011598 0.574226 0.818615
vn -0.590042 0.229534 0.774057
vn -0.590042 0.229534 0.774057
vn -0.590042 0.229534 0.774057
vn -0.793399 -0.368451 0.484523
vn -0.793399 -0.368451 0.484523
vn -0.793399 -0.368451 0.484523
vn -0.479351 -0.869434 0.119617
vn -0.479351 -0.869433 0.119617
vn -0.479351 -0.869433 0.119617
vn 0.168140 -0.979949 -0.106906
vn 0.168140 -0.979949 -0.106906
vn 0.168140 -0.979949 -0.106906
vn 0.769780 -0.635257 -0.062349
vn 0.769780 -0.635257 -0.062349
vn 0.769780 -0.635257 -0.062349
vn 0.973138 -0.037272 0.227186
vn 0.973138 -0.037272 0.227186
vn 0.973138 -0.037272 0.227186
vn 0.659089 0.463711 0.592092
vn 0.659089 0.463711 0.592092
vn 0.659089 0.463711 0.592092
vn -0.284283 0.382561 0.879108
vn -0.284283 0.382561 0.879108
vn -0.284283 0.382561 0.879108
vn -0.284283 0.382561 0.879108
vn -0.284283 0.382561 0.879108
vn -0.284283 0.382560 0.879108
vn -0.284283 0.382561 0.879108
vn -0.284283 0.382561 0.879108
vn 0.765241 -0.641820 0.049733
vn 0.765241 -0.641820 0.049734
vn 0.765241 -0.641820 0.049733
vn 0.163601 -0.986513 0.005177
vn 0.163601 -0.986513 0.005177
vn 0.163601 -0.986513 0.005177
vn -0.464041 -0.847296 -0.258370
vn -0.464041 -0.847296 -0.258370
vn -0.464041 -0.847296 -0.258370
vn -0.750015 -0.305726 -0.586523
vn -0.750015 -0.305726 -0.586523
vn -0.750015 -0.305726 -0.586523
vn -0.526807 0.320961 -0.787057
vn -0.526807 0.320961 -0.787057
vn -0.526807 0.320961 -0.787057
vn 0.074831 0.665653 -0.742500
vn 0.074831 0.665653 -0.742500
vn 0.074831 0.665653 -0.742500
vn 0.702473 0.526437 -0.478954
vn 0.702473 0.526437 -0.478954
vn 0.702473 0.526437 -0.478954
vn 0.988449 -0.015135 -0.150800
vn 0.988449 -0.015135 -0.150799
vn 0.988449 -0.015135 -0.150799
vn 0.498585 -0.866303 -0.030539
vn 0.498585 -0.866303 -0.030539
vn 0.498585 -0.866302 -0.030539
vn 0.498585 -0.866302 -0.030539
vn 0.498585 -0.866302 -0.030539
vn 0.498585 -0.866302 -0.030539
vn 0.498585 -0.866302 -0.030539
vn 0.498585 -0.866302 -0.030539
vn 0.125620 0.584633 -0.801514
vn 0.125620 0.584633 -0.801514
vn 0.125620 0.584633 -0.801514
vn -0.476020 0.239940 -0.846070
vn -0.476020 0.239940 -0.846070
vn -0.476020 0.239940 -0.846070
vn -0.921294 -0.032496 -0.387507
vn -0.921294 -0.032496 -0.387507
vn -0.921294 -0.032496 -0.387507
vn -0.949367 -0.073085 0.305551
vn -0.949367 -0.073085 0.305551
vn -0.949367 -0.073085 0.305551
vn -0.543792 0.141950 0.827128
vn -0.543792 0.141950 0.827128
vn -0.543792 0.141950 0.827128
vn 0.057847 0.486642 0.871684
vn 0.057847 0.486642 0.871684
vn 0.057847 0.486642 0.871684
vn 0.503121 0.759078 0.413122
vn 0.503121 0.759078 0.413122
vn 0.503121 0.759078 0.413122
vn 0.531193 0.799667 -0.279940
vn 0.531193 0.799667 -0.279940
vn 0.531193 0.799667 -0.279940
vn 0.214303 -0.483742 0.848568
vn 0.214302 -0.483742 0.848568
vn 0.214303 -0.483742 0.848568
vn 0.214303 -0.483742 0.848568
vn 0.214303 -0.483742 0.848568
vn 0.214303 -0.483742 0.848568
vn 0.214303 -0.483742 0.848568
vn 0.214303 -0.483742 0.848568
vn 0.590042 -0.229533 -0.774058
vn 0.590042 -0.229533 -0.774058
vn 0.590042 -0.229533 -0.774058
vn -0.011600 -0.574227 -0.818614
vn -0.011600 -0.574227 -0.818614
vn -0.011600 -0.574227 -0.818614
vn -0.659088 -0.463712 -0.592093
vn -0.659088 -0.463712 -0.592093
vn -0.659088 -0.463713 -0.592093
vn -0.973138 0.037272 -0.227186
vn -0.973138 0.037272 -0.227186
vn -0.973138 0.037272 -0.227186
vn -0.769780 0.635257 0.062349
vn -0.769780 0.635257 0.062349
vn -0.769780 0.635257 0.062349
vn -0.168142 0.979949 0.106906
vn -0.168142 0.979949 0.106906
vn -0.168142 0.979949 0.106906
vn 0.479350 0.869434 -0.119617
vn 0.479350 0.869434 -0.119617
vn 0.479350 0.869434 -0.119617
vn 0.793400 0.368451 -0.484522
vn 0.793400 0.368450 -0.484522
vn 0.793400 0.368450 -0.484522
vn 0.309447 -0.373040 -0.874690
vn 0.309447 -0.373040 -0.874691
vn 0.309447 -0.373040 -0.874690
vn 0.309447 -0.373040 -0.874690
vn 0.309447 -0.373040 -0.874690
vn 0.309447 -0.373040 -0.874690
vn 0.309447 -0.373040 -0.874690
vn 0.309447 -0.373040 -0.874690
vn 0.139676 0.984166 0.109121
vn 0.139676 0.984166 0.109121
vn 0.139676 0.984166 0.109121
vn -0.519165 0.851997 -0.067596
vn -0.519165 0.851997 -0.067596
vn -0.519165 0.851997 -0.067596
vn -0.949903 0.312378 0.010157
vn -0.949903 0.312378 0.010157
vn -0.949904 0.312378 0.010157
vn -0.900218 -0.318589 0.296831
vn -0.900218 -0.318589 0.296831
vn -0.900218 -0.318589 0.296831
vn -0.399214 -0.671293 0.624496
vn -0.399214 -0.671293 0.624496
vn -0.399214 -0.671293 0.624496
vn 0.259628 -0.539118 0.801215
vn 0.259628 -0.539118 0.801215
vn 0.259628 -0.539118 0.801215
vn 0.690366 0.000496 0.723461
vn 0.690366 0.000496 0.723461
vn 0.690366 0.000496 0.723461
vn 0.640679 0.631464 0.436788
vn 0.640679 0.631464 0.436788
vn 0.640679 0.631464 0.436788
vn -0.216653 0.972963 0.080032
vn -0.216653 0.972963 0.080032
vn -0.216653 0.972963 0.080032
vn -0.216653 0.972963 0.080032
vn -0.216653 0.972963 0.080032
vn -0.216653 0.972963 0.080032
vn -0.216653 0.972963 0.080032
vn -0.216653 0.972963 0.080032
vn 0.225496 -0.451799 0.863151
vn 0.225496 -0.451799 0.863151
vn 0.225496 -0.451799 0.863151
vn -0.433345 -0.583969 0.686434
vn -0.433345 -0.583969 0.686434
vn -0.433346 -0.583969 0.686434
vn -0.785115 -0.613072 0.087954
vn -0.785115 -0.613072 0.087954
vn -0.785115 -0.613072 0.087954
vn -0.623757 -0.522057 -0.581708
vn -0.623757 -0.522057 -0.581708
vn -0.623757 -0.522057 -0.581708
vn -0.043786 -0.364241 -0.930275
vn -0.043786 -0.364241 -0.930275
vn -0.043786 -0.364241 -0.930275
vn 0.615055 -0.232072 -0.753558
vn 0.615055 -0.232072 -0.753558
vn 0.615055 -0.232072 -0.753558
vn 0.966827 -0.202968 -0.155077
vn 0.966827 -0.202968 -0.155077
vn 0.966827 -0.202968 -0.155077
vn 0.805467 -0.293983 0.514584
vn 0.805467 -0.293983 0.514584
vn 0.805467 -0.293983 0.514584
vn 0.092795 0.599922 -0.794659
vn 0.092795 0.599922 -0.794659
vn 0.092795 0.599922 -0.794659
vn 0.092795 0.599922 -0.794659
vn 0.092795 0.599922 -0.794659
vn 0.092795 0.599922 -0.794659
vn 0.092795 0.599922 -0.794659
vn 0.092795 0.599922 -0.794659
vn 0.035750 0.466282 0.883914
vn 0.035750 0.466282 0.883914
vn 0.035750 0.466282 0.883914
vn -0.623089 0.334115 0.707197
vn -0.623089 0.334115 0.707197
vn -0.623089 0.334115 0.707197
vn -0.939729 -0.141152 0.311424
vn -0.939729 -0.141152 0.311424
vn -0.939729 -0.141152 0.311424
vn -0.728683 -0.681102 -0.071561
vn -0.728683 -0.681102 -0.071561
vn -0.728683 -0.681102 -0.071561
vn -0.113580 -0.969448 -0.217419
vn -0.113580 -0.969448 -0.217419
vn -0.113580 -0.969448 -0.217419
vn 0.545260 -0.837278 -0.040703
vn 0.545260 -0.837278 -0.040703
vn 0.545260 -0.837278 -0.040703
vn 0.861901 -0.362014 0.355068
vn 0.861901 -0.362014 0.355068
vn 0.861901 -0.362014 0.355068
vn 0.650854 0.177936 0.738057
vn 0.650854 0.177936 0.738057
vn 0.650854 0.177936 0.738057
vn -0.309447 0.373040 0.874690
vn -0.309447 0.373040 0.874690
vn -0.309447 0.373040 0.874691
vn -0.309447 0.373040 0.874691
vn -0.309447 0.373040 0.874691
vn -0.309447 0.373040 0.874690
vn -0.309447 0.373040 0.874690
vn -0.309447 0.373040 0.874691
vn 0.519166 -0.851996 0.067595
vn 0.519166 -0.851996 0.067595
vn 0.519166 -0.851996 0.067595
vn -0.139674 -0.984167 -0.109120
vn -0.139674 -0.984167 -0.109120
vn -0.139674 -0.984167 -0.109120
vn -0.640681 -0.631462 -0.436789
vn -0.640681 -0.631462 -0.436789
vn -0.640681 -0.631462 -0.436789
vn -0.690365 -0.000499 -0.723461
vn -0.690365 -0.000499 -0.723461
vn -0.690365 -0.000499 -0.723461
vn -0.259627 0.539119 -0.801214
vn -0.259627 0.539119 -0.801215
vn -0.259627 0.539119 -0.801215
vn 0.399215 0.671292 -0.624496
vn 0.399215 0.671292 -0.624496
vn 0.399215 0.671292 -0.624496
vn 0.900218 0.318589 -0.296831
vn 0.900218 0.318589 -0.296831
vn 0.900218 0.318589 -0.296831
vn 0.949904 -0.312378 -0.010156
vn 0.949904 -0.312378 -0.010156
vn 0.949904 -0.312378 -0.010156
vn 0.216653 -0.972963 -0.080032
vn 0.216653 -0.972963 -0.080032
vn 0.216653 -0.972963 -0.080032
vn 0.216653 -0.972963 -0.080032
vn 0.216653 -0.972963 -0.080032
vn 0.216653 -0.972963 -0.080032
vn 0.216653 -0.972963 -0.080032
vn 0.216653 -0.972963 -0.080032
vn 0.433345 0.583969 -0.686435
vn 0.433345 0.583969 -0.686435
vn 0.433345 0.583969 -0.686435
vn -0.225496 0.451800 -0.863150
vn -0.225496 0.451800 -0.863150
vn -0.225496 0.451800 -0.863150
vn -0.805469 0.293981 -0.514582
vn -0.805469 0.293981 -0.514582
vn -0.805469 0.293981 -0.514582
vn -0.966828 0.202970 0.155072
vn -0.966828 0.202970 0.155072
vn -0.966828 0.202970 0.155072
vn -0.615052 0.232071 0.753562
vn -0.615051 0.232071 0.753562
vn -0.615051 0.232071 0.753561
vn 0.043786 0.364241 0.930275
vn 0.043786 0.364241 0.930275
vn 0.043786 0.364241 0.930275
vn 0.623755 0.522056 0.581711
vn 0.623755 0.522056 0.581711
vn 0.623755 0.522056 0.581711
vn 0.785117 0.613071 -0.087956
vn 0.785117 0.613071 -0.087956
vn 0.785117 0.613070 -0.087956
vn -0.092795 -0.599922 0.794659
vn -0.092795 -0.599922 0.794659
vn -0.092795 -0.599922 0.794659
vn -0.092795 -0.599922 0.794659
vn -0.092795 -0.599922 0.794659
vn -0.092795 -0.599922 0.794659
vn -0.092795 -0.599922 0.794659
vn -0.092795 -0.599922 0.794659
vn 0.623089 -0.334114 -0.707198
vn 0.623089 -0.334114 -0.707198
vn 0.623089 -0.334114 -0.707198
vn -0.035752 -0.466283 -0.883913
vn -0.035752 -0.466283 -0.883913
vn -0.035752 -0.466283 -0.883913
vn -0.650854 -0.177935 -0.738057
vn -0.650854 -0.177935 -0.738057
vn -0.650854 -0.177935 -0.738057
vn -0.861901 0.362011 -0.355070
vn -0.861901 0.362011 -0.355070
vn -0.861901 0.362011 -0.355070
vn -0.545256 0.837281 0.040705
vn -0.545256 0.837281 0.040705
vn -0.545256 0.837281 0.040705
vn 0.113580 0.969447 0.217421
vn 0.113580 0.969447 0.217421
vn 0.113580 0.969447 0.217421
vn 0.728682 0.681103 0.071563
vn 0.728682 0.681103 0.071563
vn 0.728682 0.681103 0.071563
vn 0.939729 0.141152 -0.311426
vn 0.939729 0.141152 -0.311426
vn 0.939729 0.141152 -0.311426
vn 0.092607 -0.404149 -0.909993
vn 0.092607 -0.404149 -0.909993
vn 0.092607 -0.404149 -0.909993
vn 0.092607 -0.404149 -0.909993
vn 0.092607 -0.404149 -0.909993
vn 0.092607 -0.404149 -0.909993
vn 0.092607 -0.404149 -0.909993
vn 0.092607 -0.404149 -0.909993
vn 0.260025 0.963782 0.059261
vn 0.260025 0.963782 0.059261
vn 0.260025 0.963782 0.059261
vn -0.430735 0.902332 0.016256
vn -0.430735 0.902332 0.016256
vn -0.430735 0.902332 0.016256
vn -0.891919 0.411596 0.187271
vn -0.891918 0.411596 0.187271
vn -0.891918 0.411596 0.187271
vn -0.853383 -0.220975 0.472131
vn -0.853383 -0.220975 0.472131
vn -0.853383 -0.220975 0.472131
vn -0.337695 -0.624815 0.703966
vn -0.337695 -0.624815 0.703966
vn -0.337695 -0.624815 0.703966
vn 0.353060 -0.563365 0.746973
vn 0.353060 -0.563365 0.746973
vn 0.353060 -0.563365 0.746973
vn 0.814249 -0.072624 0.575955
vn 0.814249 -0.072624 0.575955
vn 0.814249 -0.072624 0.575955
vn 0.775711 0.559942 0.291095
vn 0.775712 0.559942 0.291096
vn 0.775711 0.559942 0.291096
vn -0.094336 0.990511 0.099945
vn -0.094336 0.990511 0.099945
vn -0.094336 0.990511 0.099945
vn -0.094336 0.990511 0.099945
vn -0.094336 0.990511 0.099945
vn -0.094336 0.990511 0.099945
vn -0.094336 0.990511 0.099945
vn -0.094336 0.990511 0.099945
vn 0.340931 -0.472888 0.812492
vn 0.340931 -0.472888 0.812492
vn 0.340931 -0.472888 0.812492
vn -0.349826 -0.534338 0.769484
vn -0.349826 -0.534338 0.769484
vn -0.349826 -0.534338 0.769484
vn -0.812482 -0.526101 0.251178
vn -0.812482 -0.526101 0.251178
vn -0.812482 -0.526101 0.251178
vn -0.776027 -0.453006 -0.438826
vn -0.776027 -0.453006 -0.438826
vn -0.776027 -0.453006 -0.438826
vn -0.261815 -0.357870 -0.896316
vn -0.261815 -0.357870 -0.896316
vn -0.261815 -0.357870 -0.896316
vn 0.428945 -0.296421 -0.853312
vn 0.428945 -0.296421 -0.853312
vn 0.428945 -0.296421 -0.853312
vn 0.891606 -0.304657 -0.334997
vn 0.891606 -0.304657 -0.334997
vn 0.891606 -0.304657 -0.334997
vn 0.855150 -0.377753 0.354994
vn 0.855150 -0.377753 0.354994
vn 0.855150 -0.377753 0.354994
vn -0.001730 0.586363 -0.810047
vn -0.001730 0.586363 -0.810047
vn -0.001730 0.586363 -0.810047
vn -0.001730 0.586363 -0.810047
vn -0.001730 0.586363 -0.810047
vn -0.001730 0.586363 -0.810047
vn -0.001730 0.586363 -0.810047
vn -0.001730 0.586363 -0.810047
vn 0.255580 0.460169 0.850249
vn 0.255580 0.460169 0.850249
vn 0.255580 0.460169 0.850249
vn -0.435177 0.398722 0.807243
vn -0.435177 0.398722 0.807243
vn -0.435177 0.398722 0.807243
vn -0.870588 -0.040332 0.490357
vn -0.870588 -0.040332 0.490357
vn -0.870588 -0.040332 0.490357
vn -0.795592 -0.599809 0.085217
vn -0.795592 -0.599809 0.085217
vn -0.795592 -0.599809 0.085217
vn -0.254131 -0.951960 -0.170850
vn -0.254131 -0.951960 -0.170850
vn -0.254131 -0.951960 -0.170850
vn 0.436629 -0.890512 -0.127844
vn 0.436629 -0.890512 -0.127844
vn 0.436629 -0.890512 -0.127844
vn 0.872035 -0.451463 0.189042
vn 0.872035 -0.451463 0.189042
vn 0.872035 -0.451463 0.189042
vn 0.797045 0.108013 0.594182
vn 0.797045 0.108013 0.594182
vn 0.797045 0.108013 0.594182
vn -0.092607 0.404149 0.909993
vn -0.092607 0.404149 0.909993
vn -0.092607 0.404149 0.909993
vn -0.092607 0.404149 0.909993
vn -0.092607 0.404149 0.909993
vn -0.092607 0.404149 0.909993
vn -0.092607 0.404149 0.909993
vn -0.092607 0.404149 0.909993
vn 0.430732 -0.902334 -0.016256
vn 0.430732 -0.902334 -0.016256
vn 0.430732 -0.902334 -0.016256
vn -0.260023 -0.963782 -0.059261
vn -0.260023 -0.963782 -0.059261
vn -0.260023 -0.963782 -0.059261
vn -0.775715 -0.559938 -0.291095
vn -0.775715 -0.559938 -0.291095
vn -0.775715 -0.559938 -0.291095
vn -0.814248 0.072624 -0.575957
vn -0.814248 0.072624 -0.575957
vn -0.814248 0.072624 -0.575957
vn -0.353061 0.563367 -0.746971
vn -0.353061 0.563367 -0.746971
vn -0.353061 0.563367 -0.746971
vn 0.337695 0.624815 -0.703966
vn 0.337695 0.624815 -0.703966
vn 0.337695 0.624815 -0.703966
vn 0.853383 0.220975 -0.472131
vn 0.853383 0.220975 -0.472131
vn 0.853383 0.220975 -0.472131
vn 0.891921 -0.411591 -0.187270
vn 0.891921 -0.411591 -0.187270
vn 0.891921 -0.411591 -0.187270
vn 0.094336 -0.990511 -0.099945
vn 0.094336 -0.990511 -0.099946
vn 0.094336 -0.990511 -0.099945
vn 0.094336 -0.990511 -0.099945
vn 0.094336 -0.990511 -0.099945
vn 0.094336 -0.990511 -0.099946
vn 0.094336 -0.990511 -0.099946
vn 0.094336 -0.990511 -0.099945
vn 0.349825 0.534338 -0.769484
vn 0.349825 0.534338 -0.769484
vn 0.349825 0.534338 -0.769484
vn -0.340932 0.472888 -0.812492
vn -0.340932 0.472888 -0.812492
vn -0.340932 0.472888 -0.812492
vn -0.855152 0.377751 -0.354992
vn -0.855152 0.377751 -0.354992
vn -0.855152 0.377751 -0.354992
vn -0.891607 0.304656 0.334994
vn -0.891607 0.304656 0.334994
vn -0.891607 0.304656 0.334994
vn -0.428944 0.296423 0.853312
vn -0.428944 0.296423 0.853312
vn -0.428944 0.296423 0.853311
vn 0.261811 0.357866 0.896319
vn 0.261811 0.357866 0.896319
vn 0.261811 0.357866 0.896318
vn 0.776026 0.453008 0.438824
vn 0.776026 0.453008 0.438824
vn 0.776026 0.453008 0.438824
vn 0.812485 0.526098 -0.251176
vn 0.812485 0.526098 -0.251176
vn 0.812485 0.526098 -0.251176
vn 0.001729 -0.586362 0.810048
vn 0.001729 -0.586362 0.810048
vn 0.001729 -0.586362 0.810048
vn 0.001729 -0.586362 0.810048
vn 0.001729 -0.586362 0.810048
vn 0.001729 -0.586362 0.810048
vn 0.001729 -0.586362 0.810048
vn 0.001729 -0.586362 0.810048
vn 0.435173 -0.398727 -0.807243
vn 0.435173 -0.398727 -0.807243
vn 0.435173 -0.398727 -0.807243
vn -0.255580 -0.460165 -0.850251
vn -0.255580 -0.460165 -0.850251
vn -0.255580 -0.460165 -0.850251
vn -0.797044 -0.108025 -0.594182
vn -0.797044 -0.108025 -0.594182
vn -0.797044 -0.108025 -0.594182
vn -0.872039 0.451454 -0.189041
vn -0.872039 0.451454 -0.189041
vn -0.872039 0.451454 -0.189041
vn -0.436624 0.890514 0.127843
vn -0.436624 0.890514 0.127843
vn -0.436624 0.890514 0.127843
vn 0.254132 0.951960 0.170851
vn 0.254132 0.951960 0.170851
vn 0.254132 0.951960 0.170851
vn 0.795590 0.599812 -0.085221
vn 0.795590 0.599812 -0.085221
vn 0.795590 0.599812 -0.085221
vn 0.870587 0.040338 -0.490358
vn 0.870587 0.040338 -0.490358
vn 0.870587 0.040338 -0.490358
vn -0.224415 -0.467413 -0.855081
vn -0.224415 -0.467413 -0.855081
vn -0.224415 -0.467413 -0.855081
vn -0.224415 -0.467413 -0.855081
vn -0.224415 -0.467413 -0.855081
vn -0.224415 -0.467413 -0.855081
vn -0.224415 -0.467413 -0.855081
vn -0.224415 -0.467413 -0.855081
vn 0.773571 0.631089 -0.057563
vn 0.773572 0.631089 -0.057563
vn 0.773572 0.631089 -0.057563
vn 0.173971 0.980518 -0.091211
vn 0.173971 0.980518 -0.091211
vn 0.173971 0.980518 -0.091211
vn -0.472425 0.870400 0.138630
vn -0.472425 0.870400 0.138630
vn -0.472425 0.870400 0.138630
vn -0.786941 0.365245 0.497313
vn -0.786941 0.365245 0.497313
vn -0.786941 0.365245 0.497313
vn -0.585354 -0.239059 0.774733
vn -0.585354 -0.239059 0.774733
vn -0.585354 -0.239059 0.774733
vn 0.014256 -0.588504 0.808369
vn 0.014256 -0.588504 0.808369
vn 0.014256 -0.588504 0.808369
vn 0.660650 -0.478361 0.578544
vn 0.660650 -0.478361 0.578544
vn 0.660650 -0.478361 0.578544
vn 0.975164 0.026798 0.219859
vn 0.975164 0.026798 0.219859
vn 0.975164 0.026798 0.219859
vn 0.504227 0.863350 -0.019528
vn 0.504227 0.863350 -0.019528
vn 0.504227 0.863350 -0.019528
vn 0.504227 0.863350 -0.019528
vn 0.504227 0.863350 -0.019528
vn 0.504227 0.863350 -0.019528
vn 0.504227 0.863350 -0.019528
vn 0.504227 0.863350 -0.019528
vn 0.061529 -0.502166 0.862579
vn 0.061529 -0.502166 0.862580
vn 0.061529 -0.502166 0.862579
vn -0.538085 -0.152721 0.828940
vn -0.538085 -0.152721 0.828940
vn -0.538085 -0.152721 0.828940
vn -0.946357 0.074096 0.314514
vn -0.946356 0.074096 0.314514
vn -0.946357 0.074096 0.314514
vn -0.924133 0.045411 -0.379363
vn -0.924133 0.045411 -0.379363
vn -0.924133 0.045411 -0.379363
vn -0.484434 -0.221947 -0.846205
vn -0.484434 -0.221947 -0.846205
vn -0.484434 -0.221947 -0.846205
vn 0.115176 -0.571380 -0.812564
vn 0.115176 -0.571379 -0.812564
vn 0.115176 -0.571380 -0.812564
vn 0.523454 -0.798195 -0.298129
vn 0.523454 -0.798195 -0.298129
vn 0.523454 -0.798195 -0.298129
vn 0.501234 -0.769517 0.395739
vn 0.501234 -0.769517 0.395739
vn 0.501234 -0.769517 0.395739
vn 0.279814 0.395934 -0.874609
vn 0.279814 0.395934 -0.874609
vn 0.279814 0.395934 -0.874609
vn 0.279814 0.395934 -0.874609
vn 0.279814 0.395934 -0.874609
vn 0.279814 0.395934 -0.874609
vn 0.279814 0.395934 -0.874609
vn 0.279814 0.395934 -0.874609
vn 0.535298 0.303636 0.788201
vn 0.535298 0.303636 0.788201
vn 0.535298 0.303636 0.788201
vn -0.064314 0.653081 0.754552
vn -0.064314 0.653081 0.754552
vn -0.064314 0.653081 0.754552
vn -0.694995 0.522677 0.493752
vn -0.694995 0.522677 0.493752
vn -0.694995 0.522677 0.493752
vn -0.987285 -0.011156 0.158570
vn -0.987285 -0.011156 0.158570
vn -0.987285 -0.011156 0.158570
vn -0.769982 -0.635722 -0.054652
vn -0.769981 -0.635721 -0.054652
vn -0.769982 -0.635721 -0.054652
vn -0.170371 -0.985156 -0.021006
vn -0.170371 -0.985156 -0.021006
vn -0.170371 -0.985156 -0.021006
vn 0.460306 -0.854760 0.239798
vn 0.460306 -0.854760 0.239798
vn 0.460306 -0.854760 0.239798
vn 0.752601 -0.320919 0.574981
vn 0.752601 -0.320919 0.574981
vn 0.752601 -0.320919 0.574981
vn 0.224416 0.467414 0.855080
vn 0.224416 0.467414 0.855080
vn 0.224416 0.467414 0.855080
vn 0.224416 0.467414 0.855080
vn 0.224416 0.467414 0.855080
vn 0.224416 0.467414 0.855080
vn 0.224416 0.467414 0.855080
vn 0.224416 0.467414 0.855080
vn -0.173964 -0.980519 0.091208
vn -0.173964 -0.980519 0.091208
vn -0.173964 -0.980519 0.091208
vn -0.773583 -0.631075 0.057566
vn -0.773583 -0.631075 0.057566
vn -0.773583 -0.631075 0.057566
vn -0.975165 -0.026798 -0.219854
vn -0.975165 -0.026798 -0.219854
vn -0.975165 -0.026798 -0.219854
vn -0.660644 0.478375 -0.578539
vn -0.660644 0.478375 -0.578539
vn -0.660644 0.478375 -0.578539
vn -0.014255 0.588496 -0.808375
vn -0.014255 0.588496 -0.808375
vn -0.014255 0.588496 -0.808375
vn 0.585354 0.239058 -0.774734
vn 0.585354 0.239058 -0.774734
vn 0.585354 0.239058 -0.774734
vn 0.786944 -0.365236 -0.497315
vn 0.786944 -0.365236 -0.497315
vn 0.786944 -0.365236 -0.497315
vn 0.472425 -0.870400 -0.138632
vn 0.472425 -0.870400 -0.138632
vn 0.472425 -0.870400 -0.138632
vn -0.504230 -0.863349 0.019528
vn -0.504230 -0.863349 0.019528
vn -0.504230 -0.863349 0.019528
vn -0.504230 -0.863349 0.019528
vn -0.504230 -0.863349 0.019528
vn -0.504230 -0.863349 0.019528
vn -0.504230 -0.863349 0.019528
vn -0.504230 -0.863349 0.019528
vn 0.538082 0.152726 -0.828941
vn 0.538082 0.152726 -0.828941
vn 0.538082 0.152726 -0.828941
vn -0.061530 0.502151 -0.862588
vn -0.061530 0.502151 -0.862588
vn -0.061530 0.502151 -0.862588
vn -0.501230 0.769521 -0.395735
vn -0.501230 0.769521 -0.395735
vn -0.501230 0.769521 -0.395735
vn -0.523454 0.798194 0.298131
vn -0.523454 0.798194 0.298131
vn -0.523454 0.798194 0.298131
vn -0.115177 0.571383 0.812561
vn -0.115177 0.571383 0.812561
vn -0.115177 0.571383 0.812561
vn 0.484431 0.221946 0.846207
vn 0.484431 0.221946 0.846207
vn 0.484431 0.221946 0.846207
vn 0.924136 -0.045404 0.379356
vn 0.924136 -0.045404 0.379356
vn 0.924136 -0.045404 0.379356
vn 0.946359 -0.074088 -0.314508
vn 0.946359 -0.074088 -0.314508
vn 0.946359 -0.074088 -0.314508
vn -0.279814 -0.395938 0.874607
vn -0.279814 -0.395938 0.874607
vn -0.279814 -0.395938 0.874607
vn -0.279814 -0.395938 0.874607
vn -0.279814 -0.395938 0.874607
vn -0.279814 -0.395938 0.874607
vn -0.279814 -0.395938 0.874607
vn -0.279814 -0.395938 0.874607
vn 0.064315 -0.653081 -0.754552
vn 0.064315 -0.653081 -0.754552
vn 0.064315 -0.653081 -0.754552
vn -0.535295 -0.303647 -0.788199
vn -0.535295 -0.303647 -0.788199
vn -0.535295 -0.303647 -0.788199
vn -0.752601 0.320918 -0.574982
vn -0.752601 0.320918 -0.574982
vn -0.752601 0.320918 -0.574982
vn -0.460295 0.854768 -0.239791
vn -0.460295 0.854768 -0.239791
vn -0.460295 0.854768 -0.239791
vn 0.170372 0.985156 0.021006
vn 0.170372 0.985156 0.021006
vn 0.170372 0.985156 0.021006
vn 0.769983 0.635720 0.054652
vn 0.769983 0.635720 0.054652
vn 0.769983 0.635720 0.054652
vn 0.987285 0.011156 -0.158571
vn 0.987284 0.011156 -0.158571
vn 0.987285 0.011156 -0.158571
vn 0.694992 -0.522676 -0.493757
vn 0.694992 -0.522676 -0.493757
vn 0.694992 -0.522676 -0.493757
vn -0.548754 -0.383909 -0.742619
vn -0.548754 -0.383909 -0.742619
vn -0.548754 -0.383909 -0.742619
vn -0.548754 -0.383909 -0.742619
vn -0.548754 -0.383909 -0.742619
vn -0.548754 -0.383909 -0.742619
vn -0.548754 -0.383909 -0.742619
vn -0.548754 -0.383909 -0.742619
vn 0.559310 0.788386 -0.256162
vn 0.559310 0.788386 -0.256162
vn 0.559310 0.788386 -0.256162
vn -0.020622 0.997727 0.064152
vn -0.020622 0.997727 0.064152
vn -0.020622 0.997727 0.064152
vn -0.453686 0.716929 0.529323
vn -0.453686 0.716929 0.529323
vn -0.453686 0.716929 0.529323
vn -0.486182 0.110478 0.866846
vn -0.486182 0.110478 0.866846
vn -0.486182 0.110478 0.866846
vn -0.099073 -0.466382 0.879018
vn -0.099073 -0.466382 0.879018
vn -0.099073 -0.466382 0.879018
vn 0.480868 -0.675738 0.558699
vn 0.480868 -0.675738 0.558699
vn 0.480868 -0.675738 0.558699
vn 0.913925 -0.394960 0.093527
vn 0.913925 -0.394960 0.093527
vn 0.913925 -0.394960 0.093527
vn 0.946431 0.211500 -0.244000
vn 0.946431 0.211500 -0.244000
vn 0.946431 0.211500 -0.244000
vn 0.314878 0.947846 -0.049387
vn 0.314878 0.947846 -0.049387
vn 0.314878 0.947846 -0.049387
vn 0.314878 0.947846 -0.049387
vn 0.314878 0.947846 -0.049387
vn 0.314878 0.947846 -0.049387
vn 0.314878 0.947846 -0.049387
vn 0.314878 0.947846 -0.049387
vn 0.536897 -0.589344 0.603669
vn 0.536897 -0.589344 0.603669
vn 0.536897 -0.589344 0.603669
vn -0.043046 -0.379986 0.923990
vn -0.043046 -0.379986 0.923990
vn -0.043046 -0.379986 0.923990
vn -0.675124 -0.180892 0.715182
vn -0.675124 -0.180892 0.715182
vn -0.675124 -0.180892 0.715182
vn -0.989079 -0.108671 0.099565
vn -0.989079 -0.108671 0.099565
vn -0.989079 -0.108671 0.099565
vn -0.800993 -0.205633 -0.562250
vn -0.800993 -0.205633 -0.562251
vn -0.800993 -0.205633 -0.562250
vn -0.221047 -0.414989 -0.882566
vn -0.221047 -0.414989 -0.882566
vn -0.221047 -0.414989 -0.882566
vn 0.411033 -0.614089 -0.673755
vn 0.411033 -0.614089 -0.673755
vn 0.411033 -0.614089 -0.673755
vn 0.724990 -0.686301 -0.058141
vn 0.724990 -0.686301 -0.058141
vn 0.724990 -0.686301 -0.058141
vn -0.233874 0.563939 -0.792007
vn -0.233874 0.563939 -0.792007
vn -0.233874 0.563939 -0.792007
vn -0.233874 0.563939 -0.792007
vn -0.233874 0.563939 -0.792007
vn -0.233874 0.563939 -0.792007
vn -0.233874 0.563939 -0.792007
vn -0.233874 0.563939 -0.792007
vn 0.806253 0.303702 0.507662
vn 0.806253 0.303702 0.507662
vn 0.806253 0.303702 0.507662
vn 0.226304 0.513070 0.827977
vn 0.226304 0.513070 0.827977
vn 0.226304 0.513070 0.827977
vn -0.428755 0.283341 0.857839
vn -0.428755 0.283341 0.857839
vn -0.428755 0.283341 0.857839
vn -0.775203 -0.250896 0.579752
vn -0.775203 -0.250896 0.579752
vn -0.775203 -0.250896 0.579752
vn -0.610093 -0.776700 0.156603
vn -0.610093 -0.776700 0.156603
vn -0.610093 -0.776700 0.156603
vn -0.030151 -0.986047 -0.163714
vn -0.030151 -0.986047 -0.163714
vn -0.030151 -0.986047 -0.163714
vn 0.624898 -0.756330 -0.193565
vn 0.624898 -0.756330 -0.193565
vn 0.624898 -0.756330 -0.193565
vn 0.971357 -0.222085 0.084524
vn 0.971357 -0.222085 0.084524
vn 0.971357 -0.222085 0.084524
vn 0.548755 0.383907 0.742619
vn 0.548755 0.383907 0.742619
vn 0.548755 0.383907 0.742619
vn 0.548755 0.383907 0.742619
vn 0.548755 0.383907 0.742619
vn 0.548755 0.383907 0.742619
vn 0.548755 0.383907 0.742619
vn 0.548755 0.383907 0.742619
vn 0.020622 -0.997727 -0.064151
vn 0.020622 -0.997727 -0.064151
vn 0.020622 -0.997727 -0.064151
vn -0.559329 -0.788370 0.256171
vn -0.559329 -0.788370 0.256171
vn -0.559329 -0.788370 0.256171
vn -0.946428 -0.211514 0.244000
vn -0.946428 -0.211514 0.244000
vn -0.946428 -0.211514 0.244000
vn -0.913936 0.394935 -0.093528
vn -0.913936 0.394935 -0.093528
vn -0.913936 0.394935 -0.093528
vn -0.480876 0.675733 -0.558698
vn -0.480876 0.675733 -0.558698
vn -0.480876 0.675733 -0.558698
vn 0.099072 0.466390 -0.879014
vn 0.099072 0.466390 -0.879014
vn 0.099072 0.466390 -0.879014
vn 0.486180 -0.110478 -0.866847
vn 0.486180 -0.110478 -0.866847
vn 0.486180 -0.110478 -0.866847
vn 0.453684 -0.716933 -0.529319
vn 0.453684 -0.716933 -0.529319
vn 0.453684 -0.716933 -0.529319
vn -0.314881 -0.947845 0.049388
vn -0.314881 -0.947845 0.049388
vn -0.314881 -0.947845 0.049388
vn -0.314881 -0.947845 0.049388
vn -0.314881 -0.947845 0.049388
vn -0.314881 -0.947845 0.049388
vn -0.314881 -0.947845 0.049388
vn -0.314881 -0.947845 0.049388
vn 0.043044 0.379992 -0.923988
vn 0.043044 0.379992 -0.923988
vn 0.043044 0.379992 -0.923988
vn -0.536900 0.589332 -0.603677
vn -0.536900 0.589332 -0.603677
vn -0.536900 0.589332 -0.603677
vn -0.724981 0.686310 0.058142
vn -0.724981 0.686310 0.058142
vn -0.724981 0.686310 0.058142
vn -0.411036 0.614084 0.673758
vn -0.411036 0.614084 0.673758
vn -0.411036 0.614084 0.673758
vn 0.221049 0.414989 0.882566
vn 0.221049 0.414988 0.882566
vn 0.221049 0.414989 0.882566
vn 0.800992 0.205634 0.562251
vn 0.800992 0.205634 0.562251
vn 0.800992 0.205634 0.562251
vn 0.989080 0.108664 -0.099565
vn 0.989080 0.108664 -0.099565
vn 0.989080 0.108664 -0.099565
vn 0.675125 0.180889 -0.715183
vn 0.675125 0.180889 -0.715183
vn 0.675125 0.180889 -0.715183
vn 0.233875 -0.563937 0.792008
vn 0.233875 -0.563937 0.792009
vn 0.233875 -0.563937 0.792009
vn 0.233875 -0.563937 0.792009
vn 0.233875 -0.563937 0.792009
vn 0.233875 -0.563937 0.792008
vn 0.233875 -0.563937 0.792009
vn 0.233875 -0.563937 0.792009
vn -0.226304 -0.513065 -0.827980
vn -0.226304 -0.513065 -0.827980
vn -0.226304 -0.513065 -0.827980
vn -0.806247 -0.303730 -0.507656
vn -0.806247 -0.303730 -0.507656
vn -0.806247 -0.303730 -0.507656
vn -0.971357 0.222085 -0.084520
vn -0.971357 0.222085 -0.084520
vn -0.971357 0.222085 -0.084520
vn -0.624912 0.756317 0.193572
vn -0.624912 0.756317 0.193572
vn -0.624912 0.756316 0.193571
vn 0.030152 0.986047 0.163713
vn 0.030152 0.986047 0.163713
vn 0.030152 0.986047 0.163713
vn 0.610092 0.776700 -0.156607
vn 0.610092 0.776700 -0.156607
vn 0.610092 0.776700 -0.156607
vn 0.775203 0.250903 -0.579749
vn 0.775202 0.250903 -0.579749
vn 0.775202 0.250903 -0.579749
vn 0.428757 -0.283321 -0.857844
vn 0.428757 -0.283321 -0.857844
vn 0.428757 -0.283321 -0.857844
vn -0.548754 -0.383906 -0.742620
vn -0.548754 -0.383906 -0.742620
vn -0.548754 -0.383906 -0.742620
vn -0.548754 -0.383906 -0.742620
vn -0.548754 -0.383906 -0.742620
vn -0.548754 -0.383906 -0.742620
vn -0.548754 -0.383906 -0.742620
vn -0.548754 -0.383906 -0.742620
vn 0.559322 0.788376 -0.256168
vn 0.559322 0.788376 -0.256168
vn 0.559322 0.788376 -0.256168
vn -0.020622 0.997727 0.064153
vn -0.020622 0.997727 0.064153
vn -0.020622 0.997727 0.064153
vn -0.453686 0.716929 0.529323
vn -0.453686 0.716929 0.529323
vn -0.453686 0.716929 0.529323
vn -0.486180 0.110471 0.866848
vn -0.486180 0.110471 0.866848
vn -0.486180 0.110471 0.866848
vn -0.099075 -0.466380 0.879019
vn -0.099075 -0.466380 0.879019
vn -0.099075 -0.466380 0.879019
vn 0.480870 -0.675737 0.558698
vn 0.480870 -0.675737 0.558698
vn 0.480870 -0.675737 0.558698
vn 0.913930 -0.394948 0.093528
vn 0.913930 -0.394948 0.093528
vn 0.913931 -0.394948 0.093528
vn 0.946428 0.211514 -0.244000
vn 0.946428 0.211514 -0.244000
vn 0.946428 0.211514 -0.244000
vn 0.314880 0.947846 -0.049387
vn 0.314880 0.947846 -0.049387
vn 0.314880 0.947846 -0.049387
vn 0.314880 0.947846 -0.049387
vn 0.314880 0.947846 -0.049387
vn 0.314880 0.947846 -0.049387
vn 0.314880 0.947846 -0.049387
vn 0.314880 0.947846 -0.049387
vn 0.536899 -0.589339 0.603671
vn 0.536899 -0.589339 0.603671
vn 0.536899 -0.589339 0.603671
vn -0.043047 -0.379984 0.923991
vn -0.043047 -0.379984 0.923991
vn -0.043047 -0.379984 0.923991
vn -0.675127 -0.180893 0.715179
vn -0.675127 -0.180893 0.715179
vn -0.675127 -0.180893 0.715179
vn -0.989079 -0.108668 0.099565
vn -0.989079 -0.108668 0.099565
vn -0.989079 -0.108668 0.099565
vn -0.800994 -0.205641 -0.562246
vn -0.800994 -0.205641 -0.562246
vn -0.800994 -0.205641 -0.562246
vn -0.221050 -0.414983 -0.882568
vn -0.221050 -0.414983 -0.882568
vn -0.221050 -0.414983 -0.882568
vn 0.411034 -0.614083 -0.673761
vn 0.411034 -0.614083 -0.673761
vn 0.411034 -0.614083 -0.673761
vn 0.724984 -0.686307 -0.058141
vn 0.724984 -0.686307 -0.058141
vn 0.724984 -0.686307 -0.058141
vn -0.233874 0.563939 -0.792008
vn -0.233874 0.563939 -0.792008
vn -0.233874 0.563938 -0.792008
vn -0.233874 0.563938 -0.792008
vn -0.233874 0.563938 -0.792008
vn -0.233874 0.563938 -0.792008
vn -0.233874 0.563939 -0.792008
vn -0.233874 0.563938 -0.792008
vn 0.806254 0.303702 0.507661
vn 0.806254 0.303702 0.507661
vn 0.806254 0.303702 0.507661
vn 0.226303 0.513070 0.827977
vn 0.226303 0.513070 0.827977
vn 0.226303 0.513070 0.827977
vn -0.428756 0.283334 0.857840
vn -0.428756 0.283334 0.857840
vn -0.428756 0.283334 0.857840
vn -0.775202 -0.250903 0.579749
vn -0.775202 -0.250903 0.579749
vn -0.775202 -0.250903 0.579749
vn -0.610099 -0.776693 0.156610
vn -0.610099 -0.776693 0.156610
vn -0.610099 -0.776693 0.156610
vn -0.030151 -0.986048 -0.163710
vn -0.030151 -0.986048 -0.163710
vn -0.030151 -0.986048 -0.163710
vn 0.624911 -0.756318 -0.193571
vn 0.624911 -0.756318 -0.193571
vn 0.624911 -0.756318 -0.193571
vn 0.971360 -0.222071 0.084523
vn 0.971360 -0.222071 0.084523
vn 0.971360 -0.222071 0.084523
vn 0.548754 0.383908 0.742620
vn 0.548754 0.383908 0.742620
vn 0.548754 0.383907 0.742620
vn 0.548754 0.383908 0.742620
vn 0.548754 0.383908 0.742620
vn 0.548754 0.383908 0.742620
vn 0.548754 0.383908 0.742620
vn 0.548754 0.383908 0.742620
vn 0.020623 -0.997727 -0.064153
vn 0.020623 -0.997727 -0.064153
vn 0.020623 -0.997727 -0.064153
vn -0.559323 -0.788376 0.256168
vn -0.559323 -0.788376 0.256168
vn -0.559323 -0.788376 0.256168
vn -0.946425 -0.211528 0.243999
vn -0.946425 -0.211528 0.243999
vn -0.946425 -0.211528 0.243999
vn -0.913931 0.394947 -0.093528
vn -0.913931 0.394947 -0.093528
vn -0.913931 0.394947 -0.093528
vn -0.480870 0.675739 -0.558695
vn -0.480870 0.675739 -0.558695
vn -0.480870 0.675739 -0.558695
vn 0.099073 0.466384 -0.879017
vn 0.099073 0.466384 -0.879017
vn 0.099073 0.466384 -0.879017
vn 0.486181 -0.110478 -0.866847
vn 0.486180 -0.110478 -0.866847
vn 0.486180 -0.110478 -0.866847
vn 0.453683 -0.716932 -0.529320
vn 0.453683 -0.716932 -0.529320
vn 0.453683 -0.716932 -0.529320
vn -0.314879 -0.947846 0.049388
vn -0.314879 -0.947846 0.049388
vn -0.314879 -0.947846 0.049388
vn -0.314879 -0.947846 0.049388
vn -0.314879 -0.947846 0.049388
vn -0.314879 -0.947846 0.049388
vn -0.314879 -0.947846 0.049388
vn -0.314879 -0.947846 0.049388
vn 0.043045 0.379982 -0.923992
vn 0.043045 0.379982 -0.923992
vn 0.043045 0.379982 -0.923992
vn -0.536899 0.589343 -0.603667
vn -0.536899 0.589343 -0.603667
vn -0.536899 0.589343 -0.603667
vn -0.724985 0.686306 0.058142
vn -0.724985 0.686306 0.058142
vn -0.724985 0.686306 0.058142
vn -0.411037 0.614083 0.673759
vn -0.411037 0.614083 0.673759
vn -0.411037 0.614083 0.673759
vn 0.221051 0.414990 0.882564
vn 0.221051 0.414991 0.882564
vn 0.221051 0.414990 0.882564
vn 0.800992 0.205634 0.562252
vn 0.800992 0.205634 0.562252
vn 0.800992 0.205634 0.562252
vn 0.989079 0.108671 -0.099565
vn 0.989079 0.108671 -0.099565
vn 0.989079 0.108671 -0.099565
vn 0.675128 0.180893 -0.715179
vn 0.675128 0.180893 -0.715179
vn 0.675128 0.180893 -0.715179
vn 0.233874 -0.563939 0.792008
vn 0.233874 -0.563939 0.792008
vn 0.233874 -0.563939 0.792008
vn 0.233874 -0.563939 0.792008
vn 0.233874 -0.563939 0.792008
vn 0.233874 -0.563939 0.792008
vn 0.233874 -0.563939 0.792008
vn 0.233874 -0.563939 0.792008
vn -0.226305 -0.513065 -0.827980
vn -0.226305 -0.513065 -0.827980
vn -0.226305 -0.513065 -0.827980
vn -0.806249 -0.303709 -0.507665
vn -0.806249 -0.303709 -0.507665
vn -0.806249 -0.303709 -0.507665
vn -0.971357 0.222085 -0.084519
vn -0.971357 0.222085 -0.084519
vn -0.971357 0.222085 -0.084519
vn -0.624912 0.756317 0.193571
vn -0.624912 0.756317 0.193571
vn -0.624912 0.756317 0.193571
vn 0.030151 0.986048 0.163708
vn 0.030151 0.986048 0.163708
vn 0.030151 0.986048 0.163708
vn 0.610092 0.776700 -0.156605
vn 0.610092 0.776700 -0.156605
vn 0.610092 0.776700 -0.156605
vn 0.775201 0.250903 -0.579751
vn 0.775201 0.250903 -0.579751
vn 0.775201 0.250903 -0.579751
vn 0.428756 -0.283334 -0.857841
vn 0.428756 -0.283334 -0.857841
vn 0.428756 -0.283334 -0.857841
vn -0.281291 -0.452616 -0.846176
vn -0.281291 -0.452616 -0.846176
vn -0.281291 -0.452616 -0.846176
vn -0.281291 -0.452616 -0.846176
vn -0.281291 -0.452616 -0.846176
vn -0.281291 -0.452616 -0.846176
vn -0.281291 -0.452616 -0.846176
vn -0.281291 -0.452616 -0.846176
vn 0.392147 0.911718 -0.122436
vn 0.392147 0.911718 -0.122436
vn 0.392147 0.911718 -0.122436
vn -0.272859 0.959266 0.073192
vn -0.272859 0.959266 0.073192
vn -0.272859 0.959266 0.073192
vn -0.708919 0.556099 0.433806
vn -0.708919 0.556099 0.433806
vn -0.708919 0.556099 0.433806
vn -0.660621 -0.061674 0.748182
vn -0.660621 -0.061674 0.748182
vn -0.660621 -0.061674 0.748182
vn -0.156230 -0.532098 0.832144
vn -0.156230 -0.532098 0.832144
vn -0.156230 -0.532098 0.832144
vn 0.508772 -0.579651 0.636519
vn 0.508772 -0.579651 0.636519
vn 0.508772 -0.579651 0.636519
vn 0.944852 -0.176468 0.275886
vn 0.944852 -0.176468 0.275886
vn 0.944852 -0.176468 0.275886
vn 0.896550 0.441267 -0.038479
vn 0.896550 0.441267 -0.038479
vn 0.896550 0.441267 -0.038479
vn 0.080436 0.996270 0.031258
vn 0.080436 0.996270 0.031258
vn 0.080436 0.996270 0.031258
vn 0.080436 0.996270 0.031258
vn 0.080436 0.996270 0.031258
vn 0.080436 0.996270 0.031258
vn 0.080436 0.996270 0.031258
vn 0.080436 0.996270 0.031258
vn 0.532242 -0.485661 0.693435
vn 0.532242 -0.485661 0.693435
vn 0.532242 -0.485661 0.693435
vn -0.132767 -0.438106 0.889065
vn -0.132767 -0.438106 0.889065
vn -0.132767 -0.438106 0.889065
vn -0.739756 -0.378647 0.556226
vn -0.739756 -0.378647 0.556226
vn -0.739756 -0.378647 0.556226
vn -0.933174 -0.342135 -0.110136
vn -0.933174 -0.342135 -0.110136
vn -0.933174 -0.342135 -0.110136
vn -0.599703 -0.349932 -0.719656
vn -0.599703 -0.349932 -0.719656
vn -0.599703 -0.349932 -0.719656
vn 0.065299 -0.397479 -0.915285
vn 0.065299 -0.397479 -0.915285
vn 0.065299 -0.397479 -0.915285
vn 0.672298 -0.456937 -0.582430
vn 0.672298 -0.456937 -0.582430
vn 0.672298 -0.456937 -0.582430
vn 0.865715 -0.493453 0.083919
vn 0.865715 -0.493453 0.083919
vn 0.865715 -0.493453 0.083919
vn -0.200855 0.543658 -0.814919
vn -0.200855 0.543658 -0.814919
vn -0.200855 0.543658 -0.814919
vn -0.200855 0.543658 -0.814919
vn -0.200855 0.543658 -0.814919
vn -0.200855 0.543658 -0.814919
vn -0.200855 0.543658 -0.814919
vn -0.200855 0.543658 -0.814919
vn 0.591889 0.449838 0.668815
vn 0.591889 0.449838 0.668815
vn 0.591889 0.449838 0.668815
vn -0.073115 0.497379 0.864447
vn -0.073115 0.497378 0.864447
vn -0.073115 0.497379 0.864447
vn -0.645949 0.120015 0.753887
vn -0.645950 0.120015 0.753887
vn -0.645950 0.120015 0.753887
vn -0.791060 -0.461201 0.401893
vn -0.791060 -0.461201 0.401893
vn -0.791060 -0.461201 0.401893
vn -0.423436 -0.905807 0.014676
vn -0.423436 -0.905807 0.014676
vn -0.423436 -0.905807 0.014676
vn 0.241574 -0.953361 -0.180956
vn 0.241574 -0.953361 -0.180956
vn 0.241574 -0.953361 -0.180956
vn 0.814415 -0.575998 -0.070397
vn 0.814415 -0.575998 -0.070397
vn 0.814415 -0.575998 -0.070397
vn 0.959521 0.005220 0.281587
vn 0.959521 0.005220 0.281587
vn 0.959521 0.005220 0.281587
vn 0.281292 0.452613 0.846177
vn 0.281292 0.452613 0.846178
vn 0.281292 0.452613 0.846178
vn 0.281292 0.452613 0.846177
vn 0.281292 0.452613 0.846178
vn 0.281292 0.452613 0.846177
vn 0.281292 0.452613 0.846178
vn 0.281292 0.452613 0.846178
vn 0.272853 -0.959267 -0.073191
vn 0.272853 -0.959267 -0.073191
vn 0.272853 -0.959267 -0.073191
vn -0.392164 -0.911710 0.122442
vn -0.392164 -0.911710 0.122442
vn -0.392164 -0.911710 0.122442
vn -0.896532 -0.441304 0.038479
vn -0.896532 -0.441304 0.038479
vn -0.896532 -0.441304 0.038479
vn -0.944846 0.176491 -0.275893
vn -0.944846 0.176491 -0.275893
vn -0.944846 0.176491 -0.275893
vn -0.508777 0.579656 -0.636510
vn -0.508777 0.579656 -0.636510
vn -0.508777 0.579656 -0.636510
vn 0.156228 0.532099 -0.832144
vn 0.156228 0.532099 -0.832144
vn 0.156228 0.532099 -0.832144
vn 0.660620 0.061663 -0.748184
vn 0.660620 0.061663 -0.748183
vn 0.660620 0.061663 -0.748183
vn 0.708926 -0.556082 -0.433817
vn 0.708926 -0.556082 -0.433817
vn 0.708926 -0.556082 -0.433817
vn -0.080436 -0.996270 -0.031258
vn -0.080436 -0.996270 -0.031258
vn -0.080436 -0.996270 -0.031258
vn -0.080436 -0.996270 -0.031258
vn -0.080436 -0.996270 -0.031258
vn -0.080436 -0.996270 -0.031258
vn -0.080436 -0.996270 -0.031258
vn -0.080436 -0.996270 -0.031258
vn 0.132759 0.438101 -0.889068
vn 0.132759 0.438101 -0.889068
vn 0.132759 0.438101 -0.889068
vn -0.532241 0.485658 -0.693438
vn -0.532241 0.485658 -0.693438
vn -0.532241 0.485658 -0.693438
vn -0.865715 0.493454 -0.083907
vn -0.865715 0.493454 -0.083907
vn -0.865715 0.493454 -0.083907
vn -0.672302 0.456925 0.582434
vn -0.672302 0.456925 0.582434
vn -0.672302 0.456925 0.582434
vn -0.065299 0.397494 0.915278
vn -0.065299 0.397494 0.915278
vn -0.065299 0.397494 0.915279
vn 0.599708 0.349926 0.719654
vn 0.599708 0.349926 0.719654
vn 0.599708 0.349926 0.719654
vn 0.933174 0.342136 0.110136
vn 0.933174 0.342136 0.110136
vn 0.933174 0.342136 0.110136
vn 0.739759 0.378664 -0.556211
vn 0.739759 0.378664 -0.556211
vn 0.739759 0.378664 -0.556211
vn 0.200854 -0.543659 0.814919
vn 0.200854 -0.543659 0.814919
vn 0.200854 -0.543659 0.814919
vn 0.200854 -0.543659 0.814919
vn 0.200854 -0.543659 0.814919
vn 0.200854 -0.543659 0.814919
vn 0.200854 -0.543659 0.814919
vn 0.200854 -0.543659 0.814919
vn 0.073113 -0.497378 -0.864448
vn 0.073113 -0.497378 -0.864447
vn 0.073113 -0.497378 -0.864447
vn -0.591895 -0.449842 -0.668807
vn -0.591895 -0.449842 -0.668806
vn -0.591895 -0.449842 -0.668807
vn -0.959520 -0.005220 -0.281593
vn -0.959520 -0.005220 -0.281593
vn -0.959520 -0.005220 -0.281593
vn -0.814414 0.575998 0.070397
vn -0.814414 0.575998 0.070397
vn -0.814414 0.575998 0.070397
vn -0.241570 0.953362 0.180955
vn -0.241570 0.953362 0.180955
vn -0.241570 0.953362 0.180955
vn 0.423437 0.905807 -0.014679
vn 0.423437 0.905807 -0.014679
vn 0.423437 0.905807 -0.014679
vn 0.791057 0.461200 -0.401900
vn 0.791057 0.461200 -0.401900
vn 0.791057 0.461200 -0.401900
vn 0.645951 -0.120015 -0.753886
vn 0.645951 -0.120015 -0.753886
vn 0.645951 -0.120015 -0.753886
vn 0.581293 -0.358819 -0.730307
vn 0.581293 -0.358819 -0.730307
vn 0.581293 -0.358819 -0.730307
vn 0.581293 -0.358819 -0.730307
vn 0.581293 -0.358818 -0.730307
vn 0.581293 -0.358819 -0.730307
vn 0.581293 -0.358819 -0.730307
vn 0.581293 -0.358818 -0.730307
vn 0.220398 0.930534 0.292457
vn 0.220398 0.930534 0.292457
vn 0.220398 0.930534 0.292457
vn -0.321879 0.936087 -0.141900
vn -0.321879 0.936087 -0.141900
vn -0.321879 0.936087 -0.141900
vn -0.818409 0.481430 -0.313737
vn -0.818410 0.481430 -0.313737
vn -0.818410 0.481430 -0.313737
vn -0.978318 -0.167082 -0.122385
vn -0.978318 -0.167082 -0.122385
vn -0.978318 -0.167082 -0.122385
vn -0.707950 -0.629577 0.320063
vn -0.707950 -0.629577 0.320063
vn -0.707950 -0.629577 0.320063
vn -0.165661 -0.635139 0.754424
vn -0.165661 -0.635139 0.754424
vn -0.165661 -0.635139 0.754424
vn 0.330869 -0.180480 0.926257
vn 0.330869 -0.180480 0.926257
vn 0.330869 -0.180480 0.926257
vn 0.490784 0.468007 0.734915
vn 0.490784 0.468007 0.734915
vn 0.490784 0.468007 0.734915
vn -0.091331 0.987734 0.126653
vn -0.091331 0.987734 0.126653
vn -0.091331 0.987734 0.126653
vn -0.091331 0.987734 0.126653
vn -0.091331 0.987734 0.126653
vn -0.091331 0.987734 0.126653
vn -0.091331 0.987734 0.126653
vn -0.091331 0.987734 0.126653
vn -0.209296 -0.547782 0.810019
vn -0.209296 -0.547781 0.810019
vn -0.209296 -0.547781 0.810019
vn -0.751574 -0.542234 0.375658
vn -0.751574 -0.542234 0.375658
vn -0.751574 -0.542234 0.375658
vn -0.831157 -0.461690 -0.309871
vn -0.831157 -0.461690 -0.309871
vn -0.831157 -0.461690 -0.309871
vn -0.401423 -0.353337 -0.844993
vn -0.401423 -0.353337 -0.844993
vn -0.401423 -0.353337 -0.844993
vn 0.285899 -0.280642 -0.916243
vn 0.285899 -0.280642 -0.916243
vn 0.285899 -0.280642 -0.916243
vn 0.828176 -0.286200 -0.481886
vn 0.828176 -0.286200 -0.481886
vn 0.828176 -0.286200 -0.481886
vn 0.907761 -0.366741 0.203645
vn 0.907761 -0.366741 0.203645
vn 0.907761 -0.366741 0.203645
vn 0.478024 -0.475098 0.738766
vn 0.478024 -0.475098 0.738766
vn 0.478024 -0.475098 0.738766
vn 0.489962 0.628919 -0.603654
vn 0.489962 0.628919 -0.603655
vn 0.489962 0.628919 -0.603655
vn 0.489962 0.628919 -0.603655
vn 0.489962 0.628919 -0.603655
vn 0.489962 0.628919 -0.603655
vn 0.489962 0.628919 -0.603655
vn 0.489962 0.628919 -0.603655
vn -0.260035 0.385531 0.885295
vn -0.260035 0.385531 0.885295
vn -0.260035 0.385531 0.885295
vn -0.802320 0.391068 0.450942
vn -0.802320 0.391068 0.450942
vn -0.802320 0.391068 0.450942
vn -0.994973 0.013065 -0.099292
vn -0.994973 0.013065 -0.099292
vn -0.994973 0.013065 -0.099292
vn -0.725145 -0.527130 -0.443055
vn -0.725145 -0.527130 -0.443055
vn -0.725145 -0.527130 -0.443055
vn -0.150899 -0.913015 -0.378991
vn -0.150899 -0.913015 -0.378991
vn -0.150899 -0.913015 -0.378991
vn 0.391387 -0.918559 0.055362
vn 0.391387 -0.918559 0.055362
vn 0.391387 -0.918559 0.055362
vn 0.584036 -0.540532 0.605580
vn 0.584036 -0.540532 0.605580
vn 0.584036 -0.540532 0.605580
vn 0.314210 -0.000362 0.949353
vn 0.314210 -0.000362 0.949353
vn 0.314210 -0.000362 0.949353
vn -0.581292 0.358816 0.730309
vn -0.581292 0.358816 0.730309
vn -0.581292 0.358816 0.730309
vn -0.581292 0.358816 0.730309
vn -0.581292 0.358816 0.730309
vn -0.581292 0.358816 0.730309
vn -0.581292 0.358816 0.730309
vn -0.581292 0.358816 0.730309
vn 0.321888 -0.936083 0.141904
vn 0.321888 -0.936083 0.141904
vn 0.321888 -0.936083 0.141904
vn -0.220394 -0.930536 -0.292453
vn -0.220394 -0.930536 -0.292453
vn -0.220394 -0.930536 -0.292453
vn -0.490779 -0.468018 -0.734912
vn -0.490778 -0.468017 -0.734912
vn -0.490778 -0.468018 -0.734912
vn -0.330865 0.180493 -0.926256
vn -0.330865 0.180493 -0.926256
vn -0.330865 0.180493 -0.926256
vn 0.165660 0.635138 -0.754424
vn 0.165660 0.635138 -0.754424
vn 0.165660 0.635138 -0.754424
vn 0.707936 0.629595 -0.320056
vn 0.707936 0.629595 -0.320056
vn 0.707936 0.629595 -0.320056
vn 0.978318 0.167082 0.122385
vn 0.978318 0.167082 0.122385
vn 0.978318 0.167082 0.122385
vn 0.818398 -0.481453 0.313733
vn 0.818398 -0.481453 0.313733
vn 0.818398 -0.481453 0.313733
vn 0.091332 -0.987733 -0.126654
vn 0.091332 -0.987733 -0.126654
vn 0.091332 -0.987733 -0.126654
vn 0.091332 -0.987733 -0.126654
vn 0.091332 -0.987733 -0.126654
vn 0.091332 -0.987733 -0.126654
vn 0.091332 -0.987733 -0.126654
vn 0.091332 -0.987733 -0.126654
vn 0.751575 0.542232 -0.375659
vn 0.751575 0.542232 -0.375659
vn 0.751575 0.542232 -0.375659
vn 0.209298 0.547781 -0.810019
vn 0.209298 0.547781 -0.810019
vn 0.209298 0.547781 -0.810019
vn -0.478027 0.475086 -0.738771
vn -0.478027 0.475086 -0.738771
vn -0.478027 0.475086 -0.738771
vn -0.907755 0.366756 -0.203643
vn -0.907755 0.366756 -0.203643
vn -0.907755 0.366756 -0.203643
vn -0.828178 0.286191 0.481888
vn -0.828178 0.286191 0.481888
vn -0.828178 0.286191 0.481888
vn -0.285902 0.280645 0.916242
vn -0.285902 0.280645 0.916242
vn -0.285902 0.280645 0.916242
vn 0.401424 0.353337 0.844992
vn 0.401424 0.353337 0.844992
vn 0.401424 0.353337 0.844992
vn 0.831154 0.461689 0.309880
vn 0.831154 0.461689 0.309880
vn 0.831154 0.461689 0.309880
vn -0.489963 -0.628917 0.603655
vn -0.489963 -0.628917 0.603655
vn -0.489963 -0.628917 0.603655
vn -0.489963 -0.628917 0.603655
vn -0.489963 -0.628917 0.603655
vn -0.489963 -0.628917 0.603655
vn -0.489963 -0.628917 0.603655
vn -0.489963 -0.628917 0.603655
vn 0.802321 -0.391077 -0.450932
vn 0.802321 -0.391077 -0.450932
vn 0.802321 -0.391077 -0.450932
vn 0.260036 -0.385531 -0.885295
vn 0.260036 -0.385531 -0.885295
vn 0.260036 -0.385531 -0.885295
vn -0.314211 0.000362 -0.949353
vn -0.314211 0.000362 -0.949353
vn -0.314211 0.000362 -0.949353
vn -0.584033 0.540529 -0.605586
vn -0.584033 0.540529 -0.605586
vn -0.584033 0.540529 -0.605586
vn -0.391375 0.918565 -0.055358
vn -0.391375 0.918565 -0.055358
vn -0.391375 0.918565 -0.055358
vn 0.150902 0.913009 0.379002
vn 0.150902 0.913009 0.379002
vn 0.150902 0.913009 0.379002
vn 0.725157 0.527109 0.443062
vn 0.725157 0.527109 0.443062
vn 0.725157 0.527109 0.443062
vn 0.994974 -0.013050 0.099284
vn 0.994974 -0.013050 0.099284
vn 0.994974 -0.013050 0.099284
vn 0.581294 -0.358815 -0.730308
vn 0.581294 -0.358815 -0.730308
vn 0.581294 -0.358815 -0.730308
vn 0.581294 -0.358815 -0.730308
vn 0.581294 -0.358815 -0.730308
vn 0.581294 -0.358815 -0.730308
vn 0.581294 -0.358815 -0.730308
vn 0.581294 -0.358815 -0.730308
vn 0.220407 0.930528 0.292469
vn 0.220407 0.930528 0.292469
vn 0.220407 0.930528 0.292469
vn -0.321879 0.936087 -0.141899
vn -0.321879 0.936087 -0.141899
vn -0.321879 0.936087 -0.141899
vn -0.818410 0.481430 -0.313737
vn -0.818410 0.481430 -0.313737
vn -0.818410 0.481430 -0.313737
vn -0.978318 -0.167082 -0.122385
vn -0.978318 -0.167082 -0.122385
vn -0.978318 -0.167082 -0.122385
vn -0.707935 -0.629593 0.320063
vn -0.707935 -0.629593 0.320063
vn -0.707935 -0.629593 0.320063
vn -0.165662 -0.635134 0.754428
vn -0.165662 -0.635134 0.754428
vn -0.165662 -0.635134 0.754428
vn 0.330869 -0.180480 0.926258
vn 0.330869 -0.180480 0.926258
vn 0.330869 -0.180480 0.926258
vn 0.490773 0.468042 0.734900
vn 0.490773 0.468042 0.734900
vn 0.490773 0.468042 0.734900
vn -0.091331 0.987734 0.126653
vn -0.091331 0.987734 0.126653
vn -0.091331 0.987734 0.126653
vn -0.091331 0.987734 0.126653
vn -0.091331 0.987734 0.126653
vn -0.091331 0.987734 0.126653
vn -0.091331 0.987734 0.126653
vn -0.091331 0.987734 0.126653
vn -0.209296 -0.547782 0.810019
vn -0.209296 -0.547782 0.810019
vn -0.209296 -0.547782 0.810019
vn -0.751579 -0.542224 0.375662
vn -0.751580 -0.542224 0.375662
vn -0.751579 -0.542224 0.375662
vn -0.831162 -0.461681 -0.309871
vn -0.831162 -0.461681 -0.309871
vn -0.831162 -0.461681 -0.309871
vn -0.401424 -0.353330 -0.844995
vn -0.401424 -0.353330 -0.844995
vn -0.401424 -0.353330 -0.844995
vn 0.285899 -0.280649 -0.916241
vn 0.285899 -0.280649 -0.916241
vn 0.285899 -0.280649 -0.916241
vn 0.828174 -0.286206 -0.481885
vn 0.828174 -0.286206 -0.481885
vn 0.828174 -0.286206 -0.481885
vn 0.907762 -0.366739 0.203644
vn 0.907762 -0.366738 0.203644
vn 0.907762 -0.366739 0.203644
vn 0.478020 -0.475110 0.738761
vn 0.478020 -0.475110 0.738761
vn 0.478020 -0.475110 0.738761
vn 0.489959 0.628923 -0.603652
vn 0.489959 0.628923 -0.603652
vn 0.489959 0.628923 -0.603652
vn 0.489959 0.628923 -0.603652
vn 0.489959 0.628923 -0.603652
vn 0.489959 0.628923 -0.603652
vn 0.489959 0.628923 -0.603652
vn 0.489959 0.628923 -0.603652
vn -0.260037 0.385518 0.885300
vn -0.260037 0.385518 0.885300
vn -0.260037 0.385518 0.885300
vn -0.802308 0.391100 0.450936
vn -0.802308 0.391100 0.450936
vn -0.802308 0.391100 0.450936
vn -0.994973 0.013020 -0.099292
vn -0.994973 0.013020 -0.099292
vn -0.994973 0.013020 -0.099292
vn -0.725145 -0.527130 -0.443055
vn -0.725145 -0.527130 -0.443055
vn -0.725145 -0.527130 -0.443055
vn -0.150907 -0.913005 -0.379012
vn -0.150907 -0.913005 -0.379012
vn -0.150907 -0.913005 -0.379012
vn 0.391376 -0.918564 0.055357
vn 0.391376 -0.918565 0.055357
vn 0.391376 -0.918564 0.055357
vn 0.584028 -0.540540 0.605580
vn 0.584028 -0.540540 0.605580
vn 0.584028 -0.540540 0.605580
vn 0.314211 -0.000355 0.949353
vn 0.314211 -0.000355 0.949353
vn 0.314211 -0.000355 0.949353
vn -0.581293 0.358812 0.730310
vn -0.581293 0.358812 0.730310
vn -0.581293 0.358812 0.730310
vn -0.581293 0.358812 0.730310
vn -0.581293 0.358812 0.730310
vn -0.581293 0.358812 0.730310
vn -0.581293 0.358812 0.730310
vn -0.581293 0.358812 0.730310
vn 0.321888 -0.936083 0.141902
vn 0.321888 -0.936083 0.141902
vn 0.321888 -0.936083 0.141902
vn -0.220401 -0.930533 -0.292459
vn -0.220401 -0.930533 -0.292459
vn -0.220401 -0.930533 -0.292459
vn -0.490778 -0.468032 -0.734904
vn -0.490778 -0.468032 -0.734904
vn -0.490778 -0.468032 -0.734904
vn -0.330865 0.180508 -0.926253
vn -0.330865 0.180508 -0.926253
vn -0.330865 0.180508 -0.926253
vn 0.165660 0.635135 -0.754427
vn 0.165660 0.635135 -0.754427
vn 0.165660 0.635135 -0.754427
vn 0.707934 0.629593 -0.320065
vn 0.707934 0.629593 -0.320065
vn 0.707934 0.629593 -0.320065
vn 0.978318 0.167082 0.122382
vn 0.978318 0.167082 0.122382
vn 0.978318 0.167082 0.122382
vn 0.818399 -0.481454 0.313729
vn 0.818399 -0.481454 0.313729
vn 0.818399 -0.481454 0.313729
vn 0.091332 -0.987733 -0.126654
vn 0.091332 -0.987733 -0.126654
vn 0.091332 -0.987733 -0.126654
vn 0.091332 -0.987733 -0.126654
vn 0.091332 -0.987733 -0.126654
vn 0.091332 -0.987733 -0.126654
vn 0.091332 -0.987733 -0.126654
vn 0.091332 -0.987733 -0.126654
vn 0.751575 0.542231 -0.375659
vn 0.751575 0.542231 -0.375659
vn 0.751575 0.542231 -0.375659
vn 0.209297 0.547782 -0.810019
vn 0.209297 0.547782 -0.810019
vn 0.209297 0.547782 -0.810019
vn -0.478024 0.475098 -0.738766
vn -0.478024 0.475098 -0.738766
vn -0.478024 0.475098 -0.738766
vn -0.907760 0.366744 -0.203645
vn -0.907760 0.366744 -0.203645
vn -0.907760 0.366744 -0.203645
vn -0.828175 0.286203 0.481885
vn -0.828175 0.286203 0.481885
vn -0.828175 0.286203 0.481885
vn -0.285899 0.280649 0.916241
vn -0.285899 0.280649 0.916241
vn -0.285899 0.280649 0.916241
vn 0.401426 0.353317 0.844999
vn 0.401426 0.353317 0.844999
vn 0.401426 0.353317 0.844999
vn 0.831158 0.461687 0.309872
vn 0.831159 0.461687 0.309872
vn 0.831159 0.461687 0.309872
vn -0.489963 -0.628917 0.603656
vn -0.489963 -0.628917 0.603656
vn -0.489963 -0.628917 0.603656
vn -0.489963 -0.628917 0.603656
vn -0.489963 -0.628917 0.603656
vn -0.489963 -0.628917 0.603656
vn -0.489963 -0.628917 0.603656
vn -0.489963 -0.628917 0.603656
vn 0.802312 -0.391088 -0.450938
vn 0.802312 -0.391088 -0.450938
vn 0.802313 -0.391088 -0.450938
vn 0.260036 -0.385524 -0.885298
vn 0.260036 -0.385524 -0.885298
vn 0.260036 -0.385524 -0.885298
vn -0.314210 0.000362 -0.949354
vn -0.314210 0.000362 -0.949354
vn -0.314210 0.000362 -0.949354
vn -0.584036 0.540524 -0.605587
vn -0.584036 0.540524 -0.605588
vn -0.584036 0.540524 -0.605588
vn -0.391369 0.918567 -0.055357
vn -0.391369 0.918567 -0.055357
vn -0.391369 0.918567 -0.055357
vn 0.150907 0.913005 0.379012
vn 0.150907 0.913004 0.379012
vn 0.150907 0.913005 0.379012
vn 0.725145 0.527131 0.443055
vn 0.725145 0.527131 0.443055
vn 0.725145 0.527131 0.443055
vn 0.994973 -0.013050 0.099292
vn 0.994973 -0.013050 0.099292
vn 0.994973 -0.013050 0.099292
vn 0.050039 -0.281586 -0.958230
vn 0.050039 -0.281586 -0.958230
vn 0.050039 -0.281586 -0.958230
vn 0.050039 -0.281586 -0.958230
vn 0.050039 -0.281586 -0.958230
vn 0.050039 -0.281586 -0.958230
vn 0.050039 -0.281586 -0.958230
vn 0.050039 -0.281586 -0.958230
vn 0.539115 0.810926 0.227493
vn 0.539115 0.810926 0.227493
vn 0.539115 0.810926 0.227493
vn -0.129092 0.981337 0.142525
vn -0.129092 0.981337 0.142525
vn -0.129092 0.981337 0.142525
vn -0.733980 0.646066 0.209454
vn -0.733980 0.646066 0.209455
vn -0.733980 0.646066 0.209454
vn -0.921202 0.001510 0.389083
vn -0.921202 0.001510 0.389083
vn -0.921202 0.001510 0.389083
vn -0.581083 -0.574764 0.576186
vn -0.581083 -0.574764 0.576186
vn -0.581083 -0.574764 0.576186
vn 0.087120 -0.745156 0.661175
vn 0.087120 -0.745156 0.661175
vn 0.087120 -0.745156 0.661175
vn 0.692009 -0.409896 0.594229
vn 0.692009 -0.409896 0.594230
vn 0.692009 -0.409896 0.594230
vn 0.879228 0.234656 0.414601
vn 0.879228 0.234656 0.414601
vn 0.879228 0.234656 0.414601
vn 0.208339 0.944171 0.255219
vn 0.208339 0.944171 0.255219
vn 0.208339 0.944171 0.255219
vn 0.208339 0.944171 0.255219
vn 0.208339 0.944171 0.255219
vn 0.208339 0.944171 0.255219
vn 0.208339 0.944171 0.255219
vn 0.208339 0.944171 0.255219
vn 0.097390 -0.665640 0.739891
vn 0.097390 -0.665640 0.739891
vn 0.097390 -0.665640 0.739891
vn -0.570818 -0.495229 0.654916
vn -0.570818 -0.495229 0.654916
vn -0.570818 -0.495229 0.654916
vn -0.955834 -0.266648 0.123613
vn -0.955834 -0.266648 0.123613
vn -0.955834 -0.266648 0.123613
vn -0.832111 -0.113809 -0.542806
vn -0.832111 -0.113809 -0.542806
vn -0.832111 -0.113809 -0.542806
vn -0.272130 -0.126247 -0.953943
vn -0.272130 -0.126247 -0.953943
vn -0.272130 -0.126247 -0.953943
vn 0.396079 -0.296657 -0.868974
vn 0.396079 -0.296657 -0.868974
vn 0.396079 -0.296657 -0.868974
vn 0.781092 -0.525245 -0.337657
vn 0.781092 -0.525245 -0.337657
vn 0.781092 -0.525245 -0.337658
vn 0.657370 -0.678085 0.328734
vn 0.657370 -0.678085 0.328734
vn 0.657370 -0.678085 0.328734
vn 0.258378 0.662587 -0.703008
vn 0.258378 0.662587 -0.703008
vn 0.258378 0.662587 -0.703008
vn 0.258378 0.662587 -0.703008
vn 0.258378 0.662587 -0.703008
vn 0.258378 0.662587 -0.703008
vn 0.258378 0.662587 -0.703008
vn 0.258378 0.662587 -0.703008
vn 0.302405 0.230471 0.924897
vn 0.302405 0.230471 0.924897
vn 0.302405 0.230471 0.924897
vn -0.365809 0.400896 0.839921
vn -0.365809 0.400896 0.839921
vn -0.365809 0.400896 0.839921
vn -0.883203 0.173727 0.435627
vn -0.883203 0.173727 0.435627
vn -0.883203 0.173727 0.435627
vn -0.946691 -0.318057 -0.051139
vn -0.946691 -0.318057 -0.051139
vn -0.946691 -0.318057 -0.051139
vn -0.519128 -0.786188 -0.335282
vn -0.519128 -0.786188 -0.335282
vn -0.519128 -0.786188 -0.335282
vn 0.149095 -0.956622 -0.250290
vn 0.149095 -0.956622 -0.250290
vn 0.149095 -0.956622 -0.250289
vn 0.666494 -0.729432 0.153997
vn 0.666494 -0.729432 0.153997
vn 0.666494 -0.729432 0.153997
vn 0.730006 -0.237696 0.640774
vn 0.730006 -0.237696 0.640774
vn 0.730006 -0.237696 0.640774
vn -0.050038 0.281586 0.958230
vn -0.050038 0.281586 0.958230
vn -0.050038 0.281586 0.958230
vn -0.050038 0.281586 0.958230
vn -0.050038 0.281586 0.958230
vn -0.050038 0.281586 0.958230
vn -0.050038 0.281586 0.958230
vn -0.050038 0.281586 0.958230
vn 0.129084 -0.981339 -0.142518
vn 0.129084 -0.981339 -0.142518
vn 0.129084 -0.981339 -0.142518
vn -0.539142 -0.810906 -0.227500
vn -0.539142 -0.810906 -0.227500
vn -0.539142 -0.810907 -0.227500
vn -0.879226 -0.234686 -0.414590
vn -0.879226 -0.234686 -0.414590
vn -0.879226 -0.234686 -0.414590
vn -0.692004 0.409894 -0.594236
vn -0.692004 0.409894 -0.594236
vn -0.692004 0.409894 -0.594236
vn -0.087120 0.745174 -0.661155
vn -0.087120 0.745174 -0.661155
vn -0.087120 0.745174 -0.661155
vn 0.581073 0.574782 -0.576177
vn 0.581073 0.574782 -0.576177
vn 0.581073 0.574782 -0.576177
vn 0.921200 -0.001571 -0.389087
vn 0.921200 -0.001571 -0.389087
vn 0.921200 -0.001571 -0.389087
vn 0.733979 -0.646067 -0.209458
vn 0.733979 -0.646067 -0.209458
vn 0.733979 -0.646067 -0.209458
vn -0.208339 -0.944170 -0.255219
vn -0.208339 -0.944170 -0.255219
vn -0.208339 -0.944170 -0.255219
vn -0.208339 -0.944170 -0.255219
vn -0.208339 -0.944170 -0.255219
vn -0.208339 -0.944170 -0.255219
vn -0.208339 -0.944171 -0.255219
vn -0.208339 -0.944171 -0.255219
vn 0.570814 0.495240 -0.654911
vn 0.570814 0.495240 -0.654911
vn 0.570814 0.495240 -0.654911
vn -0.097392 0.665657 -0.739875
vn -0.097392 0.665657 -0.739875
vn -0.097392 0.665657 -0.739875
vn -0.657368 0.678081 -0.328746
vn -0.657368 0.678081 -0.328746
vn -0.657368 0.678081 -0.328746
vn -0.781098 0.525229 0.337668
vn -0.781098 0.525229 0.337668
vn -0.781098 0.525229 0.337668
vn -0.396083 0.296662 0.868971
vn -0.396083 0.296662 0.868970
vn -0.396083 0.296662 0.868971
vn 0.272130 0.126247 0.953943
vn 0.272130 0.126247 0.953943
vn 0.272130 0.126247 0.953943
vn 0.832110 0.113821 0.542806
vn 0.832110 0.113821 0.542806
vn 0.832110 0.113821 0.542806
vn 0.955836 0.266648 -0.123601
vn 0.955836 0.266648 -0.123601
vn 0.955836 0.266648 -0.123601
vn -0.258380 -0.662586 0.703008
vn -0.258380 -0.662586 0.703008
vn -0.258379 -0.662586 0.703008
vn -0.258379 -0.662586 0.703008
vn -0.258379 -0.662586 0.703008
vn -0.258380 -0.662586 0.703008
vn -0.258380 -0.662586 0.703008
vn -0.258380 -0.662586 0.703008
vn 0.365803 -0.400904 -0.839919
vn 0.365803 -0.400904 -0.839919
vn 0.365803 -0.400904 -0.839919
vn -0.302413 -0.230475 -0.924893
vn -0.302413 -0.230475 -0.924893
vn -0.302413 -0.230475 -0.924893
vn -0.730006 0.237710 -0.640770
vn -0.730006 0.237710 -0.640770
vn -0.730006 0.237710 -0.640770
vn -0.666493 0.729432 -0.154001
vn -0.666493 0.729432 -0.154001
vn -0.666493 0.729432 -0.154001
vn -0.149095 0.956621 0.250293
vn -0.149095 0.956621 0.250293
vn -0.149095 0.956621 0.250293
vn 0.519119 0.786202 0.335265
vn 0.519119 0.786202 0.335265
vn 0.519119 0.786202 0.335265
vn 0.946709 0.318002 0.051155
vn 0.946709 0.318002 0.051155
vn 0.946709 0.318002 0.051155
vn 0.883204 -0.173697 -0.435638
vn 0.883204 -0.173697 -0.435639
vn 0.883204 -0.173697 -0.435639
vn -0.397427 -0.128753 -0.908556
vn -0.397427 -0.128753 -0.908556
vn -0.397427 -0.128754 -0.908556
vn -0.397427 -0.128753 -0.908556
vn -0.397427 -0.128754 -0.908556
vn -0.397427 -0.128753 -0.908556
vn -0.397427 -0.128753 -0.908556
vn -0.397427 -0.128753 -0.908556
vn 0.721386 0.690860 0.048111
vn 0.721386 0.690860 0.048111
vn 0.721386 0.690860 0.048111
vn 0.119478 0.954257 0.274078
vn 0.119478 0.954257 0.274078
vn 0.119478 0.954257 0.274078
vn -0.454814 0.690297 0.562703
vn -0.454814 0.690297 0.562703
vn -0.454814 0.690297 0.562703
vn -0.665039 0.053578 0.744884
vn -0.665039 0.053578 0.744884
vn -0.665039 0.053578 0.744884
vn -0.388081 -0.582831 0.713933
vn -0.388081 -0.582831 0.713933
vn -0.388081 -0.582831 0.713933
vn 0.213849 -0.846285 0.487924
vn 0.213849 -0.846285 0.487924
vn 0.213849 -0.846285 0.487924
vn 0.788143 -0.582322 0.199327
vn 0.788143 -0.582322 0.199327
vn 0.788143 -0.582322 0.199327
vn 0.998372 0.054393 0.017147
vn 0.998372 0.054393 0.017147
vn 0.998372 0.054393 0.017147
vn 0.460746 0.857959 0.227200
vn 0.460746 0.857959 0.227200
vn 0.460746 0.857959 0.227200
vn 0.460746 0.857959 0.227200
vn 0.460746 0.857959 0.227200
vn 0.460746 0.857959 0.227200
vn 0.460746 0.857959 0.227200
vn 0.460746 0.857959 0.227200
vn 0.269528 -0.782275 0.561605
vn 0.269528 -0.782275 0.561605
vn 0.269528 -0.782275 0.561605
vn -0.332396 -0.518849 0.787597
vn -0.332396 -0.518849 0.787597
vn -0.332396 -0.518849 0.787596
vn -0.852799 -0.162277 0.496387
vn -0.852799 -0.162277 0.496387
vn -0.852799 -0.162277 0.496387
vn -0.986825 0.078637 -0.141394
vn -0.986825 0.078637 -0.141394
vn -0.986825 0.078637 -0.141394
vn -0.655954 0.062673 -0.752195
vn -0.655954 0.062673 -0.752195
vn -0.655954 0.062673 -0.752195
vn -0.054045 -0.200747 -0.978151
vn -0.054045 -0.200747 -0.978151
vn -0.054045 -0.200747 -0.978151
vn 0.466363 -0.557326 -0.686945
vn 0.466363 -0.557326 -0.686945
vn 0.466363 -0.557326 -0.686945
vn 0.600390 -0.798195 -0.049159
vn 0.600390 -0.798195 -0.049159
vn 0.600390 -0.798195 -0.049159
vn 0.063320 0.729208 -0.681357
vn 0.063320 0.729208 -0.681357
vn 0.063320 0.729208 -0.681357
vn 0.063320 0.729208 -0.681357
vn 0.063320 0.729208 -0.681357
vn 0.063320 0.729208 -0.681357
vn 0.063320 0.729208 -0.681357
vn 0.063320 0.729208 -0.681357
vn 0.689967 0.040285 0.722719
vn 0.689967 0.040285 0.722719
vn 0.689967 0.040285 0.722719
vn 0.088043 0.303726 0.948683
vn 0.088043 0.303726 0.948683
vn 0.088043 0.303726 0.948683
vn -0.581022 0.210039 0.786319
vn -0.581022 0.210039 0.786319
vn -0.581022 0.210039 0.786318
vn -0.925270 -0.185748 0.330715
vn -0.925270 -0.185748 0.330715
vn -0.925270 -0.185748 0.330715
vn -0.743073 -0.651893 -0.151251
vn -0.743073 -0.651893 -0.151251
vn -0.743073 -0.651893 -0.151251
vn -0.141156 -0.915295 -0.377240
vn -0.141156 -0.915295 -0.377240
vn -0.141156 -0.915295 -0.377240
vn 0.527921 -0.821667 -0.214856
vn 0.527921 -0.821667 -0.214856
vn 0.527921 -0.821667 -0.214856
vn 0.872181 -0.425840 0.240751
vn 0.872181 -0.425839 0.240751
vn 0.872181 -0.425840 0.240751
vn 0.397430 0.128746 0.908556
vn 0.397430 0.128746 0.908556
vn 0.397430 0.128746 0.908556
vn 0.397430 0.128746 0.908556
vn 0.397430 0.128746 0.908556
vn 0.397430 0.128746 0.908556
vn 0.397430 0.128746 0.908556
vn 0.397430 0.128746 0.908556
vn -0.119479 -0.954254 -0.274089
vn -0.119479 -0.954254 -0.274089
vn -0.119479 -0.954254 -0.274089
vn -0.721415 -0.690830 -0.048110
vn -0.721415 -0.690830 -0.048110
vn -0.721415 -0.690830 -0.048110
vn -0.998372 -0.054393 -0.017147
vn -0.998372 -0.054393 -0.017147
vn -0.998372 -0.054393 -0.017147
vn -0.788144 0.582321 -0.199327
vn -0.788144 0.582321 -0.199327
vn -0.788144 0.582321 -0.199327
vn -0.213859 0.846268 -0.487950
vn -0.213859 0.846268 -0.487950
vn -0.213859 0.846268 -0.487950
vn 0.388067 0.582870 -0.713910
vn 0.388066 0.582870 -0.713910
vn 0.388066 0.582870 -0.713910
vn 0.665042 -0.053665 -0.744875
vn 0.665042 -0.053665 -0.744875
vn 0.665042 -0.053665 -0.744875
vn 0.454808 -0.690316 -0.562684
vn 0.454808 -0.690316 -0.562684
vn 0.454808 -0.690316 -0.562684
vn -0.460745 -0.857960 -0.227196
vn -0.460745 -0.857960 -0.227196
vn -0.460745 -0.857961 -0.227196
vn -0.460745 -0.857960 -0.227196
vn -0.460745 -0.857960 -0.227196
vn -0.460745 -0.857960 -0.227196
vn -0.460745 -0.857960 -0.227196
vn -0.460745 -0.857961 -0.227196
vn 0.332378 0.518891 -0.787577
vn 0.332378 0.518891 -0.787577
vn 0.332378 0.518891 -0.787577
vn -0.269535 0.782252 -0.561634
vn -0.269535 0.782252 -0.561634
vn -0.269535 0.782252 -0.561634
vn -0.600385 0.798199 0.049160
vn -0.600385 0.798199 0.049160
vn -0.600385 0.798199 0.049160
vn -0.466353 0.557338 0.686942
vn -0.466353 0.557338 0.686942
vn -0.466353 0.557338 0.686942
vn 0.054041 0.200727 0.978156
vn 0.054041 0.200727 0.978155
vn 0.054041 0.200727 0.978155
vn 0.655974 -0.062697 0.752175
vn 0.655974 -0.062697 0.752175
vn 0.655974 -0.062697 0.752175
vn 0.986825 -0.078640 0.141392
vn 0.986825 -0.078640 0.141392
vn 0.986825 -0.078640 0.141392
vn 0.852806 0.162220 -0.496394
vn 0.852806 0.162220 -0.496394
vn 0.852806 0.162220 -0.496394
vn -0.063320 -0.729211 0.681353
vn -0.063320 -0.729211 0.681353
vn -0.063320 -0.729211 0.681353
vn -0.063320 -0.729211 0.681353
vn -0.063320 -0.729211 0.681353
vn -0.063320 -0.729211 0.681353
vn -0.063320 -0.729211 0.681353
vn -0.063320 -0.729211 0.681353
vn -0.088047 -0.303686 -0.948695
vn -0.088047 -0.303686 -0.948695
vn -0.088047 -0.303686 -0.948695
vn -0.689964 -0.040285 -0.722722
vn -0.689964 -0.040285 -0.722722
vn -0.689964 -0.040285 -0.722722
vn -0.872157 0.425886 -0.240755
vn -0.872157 0.425886 -0.240755
vn -0.872157 0.425886 -0.240755
vn -0.527921 0.821668 0.214851
vn -0.527921 0.821668 0.214851
vn -0.527921 0.821668 0.214851
vn 0.141149 0.915304 0.377222
vn 0.141149 0.915304 0.377222
vn 0.141149 0.915304 0.377222
vn 0.743072 0.651894 0.151259
vn 0.743072 0.651894 0.151259
vn 0.743072 0.651894 0.151259
vn 0.925278 0.185721 -0.330709
vn 0.925278 0.185721 -0.330709
vn 0.925278 0.185721 -0.330709
vn 0.581022 -0.210067 -0.786311
vn 0.581022 -0.210067 -0.786311
vn 0.581022 -0.210067 -0.786311
vn -0.138991 -0.239348 -0.960934
vn -0.138991 -0.239348 -0.960934
vn -0.138991 -0.239348 -0.960934
vn -0.138991 -0.239348 -0.960934
vn -0.138991 -0.239348 -0.960934
vn -0.138991 -0.239348 -0.960934
vn -0.138991 -0.239348 -0.960934
vn -0.138991 -0.239348 -0.960934
vn 0.140360 0.974816 0.173302
vn 0.140360 0.974816 0.173302
vn 0.140360 0.974816 0.173302
vn -0.516739 0.797018 0.312638
vn -0.516739 0.797018 0.312638
vn -0.516739 0.797018 0.312638
vn -0.836967 0.211171 0.504870
vn -0.836967 0.211171 0.504870
vn -0.836967 0.211171 0.504870
vn -0.632811 -0.439577 0.637435
vn -0.632811 -0.439577 0.637434
vn -0.632811 -0.439577 0.637435
vn -0.023788 -0.774063 0.632661
vn -0.023788 -0.774063 0.632661
vn -0.023788 -0.774063 0.632661
vn 0.633273 -0.596324 0.493319
vn 0.633273 -0.596324 0.493319
vn 0.633273 -0.596324 0.493319
vn 0.953541 -0.010413 0.301082
vn 0.953541 -0.010413 0.301082
vn 0.953541 -0.010413 0.301082
vn 0.749352 0.640369 0.168523
vn 0.749352 0.640369 0.168523
vn 0.749352 0.640369 0.168523
vn -0.184996 0.930804 0.315246
vn -0.184996 0.930804 0.315246
vn -0.184996 0.930804 0.315246
vn -0.184996 0.930804 0.315246
vn -0.184996 0.930804 0.315246
vn -0.184996 0.930804 0.315246
vn -0.184996 0.930804 0.315246
vn -0.184996 0.930804 0.315246
vn 0.630305 -0.520393 0.576113
vn 0.630305 -0.520393 0.576113
vn 0.630305 -0.520393 0.576113
vn -0.026772 -0.698183 0.715419
vn -0.026772 -0.698183 0.715419
vn -0.026772 -0.698183 0.715419
vn -0.622728 -0.695619 0.358223
vn -0.622728 -0.695619 0.358223
vn -0.622728 -0.695619 0.358223
vn -0.808446 -0.514256 -0.286279
vn -0.808446 -0.514256 -0.286279
vn -0.808446 -0.514256 -0.286279
vn -0.475151 -0.260304 -0.840519
vn -0.475151 -0.260304 -0.840519
vn -0.475151 -0.260304 -0.840519
vn 0.181932 -0.082520 -0.979843
vn 0.181932 -0.082520 -0.979843
vn 0.181932 -0.082520 -0.979843
vn 0.777887 -0.085062 -0.622620
vn 0.777887 -0.085062 -0.622620
vn 0.777887 -0.085062 -0.622620
vn 0.963612 -0.266410 0.021878
vn 0.963612 -0.266410 0.021878
vn 0.963612 -0.266410 0.021878
vn -0.323988 0.691458 -0.645692
vn -0.323988 0.691458 -0.645692
vn -0.323988 0.691458 -0.645692
vn -0.323988 0.691458 -0.645692
vn -0.323988 0.691458 -0.645692
vn -0.323988 0.691458 -0.645692
vn -0.323988 0.691458 -0.645692
vn -0.323988 0.691458 -0.645692
vn 0.442118 0.365557 0.819085
vn 0.442118 0.365557 0.819085
vn 0.442118 0.365557 0.819085
vn -0.214954 0.187746 0.958408
vn -0.214954 0.187746 0.958408
vn -0.214954 0.187746 0.958408
vn -0.666523 -0.269853 0.694930
vn -0.666523 -0.269853 0.694930
vn -0.666523 -0.269853 0.694930
vn -0.648057 -0.739286 0.182969
vn -0.648057 -0.739286 0.182969
vn -0.648057 -0.739286 0.182969
vn -0.170414 -0.945475 -0.277554
vn -0.170414 -0.945475 -0.277554
vn -0.170414 -0.945475 -0.277554
vn 0.486675 -0.767710 -0.416856
vn 0.486675 -0.767710 -0.416856
vn 0.486675 -0.767710 -0.416856
vn 0.938263 -0.310068 -0.153365
vn 0.938263 -0.310068 -0.153365
vn 0.938263 -0.310068 -0.153365
vn 0.919810 0.159340 0.358552
vn 0.919810 0.159340 0.358552
vn 0.919810 0.159340 0.358552
vn 0.138991 0.239340 0.960936
vn 0.138991 0.239340 0.960936
vn 0.138991 0.239340 0.960936
vn 0.138991 0.239340 0.960936
vn 0.138991 0.239340 0.960936
vn 0.138991 0.239340 0.960936
vn 0.138991 0.239340 0.960936
vn 0.138991 0.239340 0.960936
vn 0.516693 -0.797060 -0.312608
vn 0.516693 -0.797060 -0.312608
vn 0.516693 -0.797060 -0.312608
vn -0.140377 -0.974810 -0.173322
vn -0.140377 -0.974810 -0.173322
vn -0.140377 -0.974810 -0.173322
vn -0.749323 -0.640404 -0.168515
vn -0.749323 -0.640404 -0.168515
vn -0.749323 -0.640404 -0.168515
vn -0.953541 0.010471 -0.301082
vn -0.953541 0.010471 -0.301082
vn -0.953541 0.010471 -0.301082
vn -0.633317 0.596248 -0.493353
vn -0.633317 0.596248 -0.493353
vn -0.633317 0.596248 -0.493353
vn 0.023787 0.774086 -0.632634
vn 0.023787 0.774086 -0.632634
vn 0.023787 0.774086 -0.632634
vn 0.632795 0.439623 -0.637419
vn 0.632795 0.439623 -0.637419
vn 0.632795 0.439623 -0.637419
vn 0.836978 -0.211116 -0.504875
vn 0.836978 -0.211116 -0.504875
vn 0.836978 -0.211116 -0.504875
vn 0.184992 -0.930806 -0.315243
vn 0.184992 -0.930806 -0.315243
vn 0.184992 -0.930806 -0.315243
vn 0.184992 -0.930806 -0.315243
vn 0.184992 -0.930806 -0.315243
vn 0.184992 -0.930806 -0.315243
vn 0.184992 -0.930806 -0.315243
vn 0.184992 -0.930806 -0.315243
vn 0.026771 0.698199 -0.715403
vn 0.026771 0.698199 -0.715403
vn 0.026771 0.698199 -0.715403
vn -0.630318 0.520373 -0.576118
vn -0.630318 0.520373 -0.576118
vn -0.630318 0.520373 -0.576118
vn -0.963604 0.266436 -0.021874
vn -0.963604 0.266436 -0.021874
vn -0.963604 0.266436 -0.021874
vn -0.777886 0.085079 0.622620
vn -0.777886 0.085079 0.622620
vn -0.777886 0.085079 0.622620
vn -0.181928 0.082527 0.979843
vn -0.181928 0.082527 0.979843
vn -0.181928 0.082527 0.979843
vn 0.475142 0.260281 0.840532
vn 0.475142 0.260281 0.840532
vn 0.475142 0.260281 0.840532
vn 0.808444 0.514279 0.286246
vn 0.808443 0.514279 0.286246
vn 0.808444 0.514279 0.286246
vn 0.622754 0.695589 -0.358236
vn 0.622754 0.695589 -0.358236
vn 0.622754 0.695589 -0.358236
vn 0.323982 -0.691467 0.645686
vn 0.323982 -0.691467 0.645686
vn 0.323982 -0.691467 0.645686
vn 0.323982 -0.691467 0.645686
vn 0.323982 -0.691467 0.645686
vn 0.323982 -0.691467 0.645686
vn 0.323982 -0.691467 0.645686
vn 0.323982 -0.691466 0.645686
vn 0.214949 -0.187769 -0.958405
vn 0.214949 -0.187769 -0.958405
vn 0.214949 -0.187770 -0.958405
vn -0.442127 -0.365520 -0.819097
vn -0.442127 -0.365520 -0.819097
vn -0.442127 -0.365519 -0.819097
vn -0.919804 -0.159368 -0.358556
vn -0.919804 -0.159368 -0.358556
vn -0.919804 -0.159368 -0.358556
vn -0.938247 0.310122 0.153354
vn -0.938247 0.310122 0.153354
vn -0.938247 0.310122 0.153354
vn -0.486675 0.767714 0.416850
vn -0.486675 0.767714 0.416850
vn -0.486675 0.767714 0.416850
vn 0.170402 0.945477 0.277553
vn 0.170402 0.945478 0.277553
vn 0.170402 0.945478 0.277553
vn 0.648070 0.739271 -0.182985
vn 0.648070 0.739271 -0.182985
vn 0.648070 0.739271 -0.182985
vn 0.666536 0.269844 -0.694920
vn 0.666536 0.269844 -0.694920
vn 0.666536 0.269844 -0.694920
vn 0.043067 -0.107885 -0.993230
vn 0.043067 -0.107885 -0.993230
vn 0.043067 -0.107885 -0.993230
vn 0.043067 -0.107885 -0.993230
vn 0.043067 -0.107885 -0.993230
vn 0.043067 -0.107885 -0.993230
vn 0.043067 -0.107885 -0.993230
vn 0.043067 -0.107885 -0.993230
vn -0.230947 0.921549 0.312108
vn -0.230947 0.921549 0.312108
vn -0.230947 0.921549 0.312108
vn -0.791980 0.512243 0.332227
vn -0.791980 0.512243 0.332227
vn -0.791980 0.512243 0.332227
vn -0.899698 -0.170719 0.401744
vn -0.899698 -0.170719 0.401744
vn -0.899698 -0.170719 0.401744
vn -0.490913 -0.727140 0.479866
vn -0.490913 -0.727140 0.479866
vn -0.490913 -0.727140 0.479866
vn 0.194842 -0.831027 0.520990
vn 0.194842 -0.831027 0.520990
vn 0.194842 -0.831027 0.520990
vn 0.755865 -0.421749 0.500794
vn 0.755865 -0.421749 0.500794
vn 0.755865 -0.421749 0.500794
vn 0.863593 0.261122 0.431304
vn 0.863593 0.261122 0.431304
vn 0.863593 0.261122 0.431304
vn 0.454819 0.817580 0.353132
vn 0.454819 0.817580 0.353132
vn 0.454819 0.817581 0.353132
vn -0.531022 0.747433 0.399199
vn -0.531022 0.747433 0.399199
vn -0.531022 0.747433 0.399199
vn -0.531022 0.747433 0.399199
vn -0.531022 0.747432 0.399199
vn -0.531022 0.747433 0.399199
vn -0.531022 0.747433 0.399199
vn -0.531022 0.747433 0.399199
vn 0.718646 -0.366186 0.591148
vn 0.718646 -0.366186 0.591148
vn 0.718646 -0.366186 0.591148
vn 0.157574 -0.775597 0.611244
vn 0.157574 -0.775597 0.611244
vn 0.157574 -0.775597 0.611244
vn -0.365362 -0.914214 0.175280
vn -0.365362 -0.914214 0.175280
vn -0.365362 -0.914214 0.175280
vn -0.543804 -0.700936 -0.461483
vn -0.543804 -0.700936 -0.461482
vn -0.543804 -0.700936 -0.461483
vn -0.273277 -0.260675 -0.925942
vn -0.273277 -0.260675 -0.925942
vn -0.273277 -0.260675 -0.925942
vn 0.287792 0.148695 -0.946079
vn 0.287792 0.148695 -0.946079
vn 0.287792 0.148695 -0.946079
vn 0.810707 0.287345 -0.510085
vn 0.810707 0.287345 -0.510085
vn 0.810707 0.287345 -0.510085
vn 0.989181 0.074035 0.126649
vn 0.989181 0.074035 0.126649
vn 0.989181 0.074035 0.126649
vn -0.487945 0.639559 -0.594032
vn -0.487945 0.639559 -0.594032
vn -0.487945 0.639559 -0.594032
vn -0.487945 0.639559 -0.594032
vn -0.487945 0.639559 -0.594032
vn -0.487945 0.639559 -0.594032
vn -0.487945 0.639559 -0.594032
vn -0.487945 0.639559 -0.594032
vn 0.207167 0.350623 0.913316
vn 0.207167 0.350623 0.913316
vn 0.207167 0.350623 0.913316
vn -0.353892 -0.058694 0.933443
vn -0.353892 -0.058694 0.933443
vn -0.353892 -0.058694 0.933443
vn -0.587771 -0.590799 0.552704
vn -0.587771 -0.590799 0.552703
vn -0.587771 -0.590799 0.552703
vn -0.357481 -0.933902 -0.005881
vn -0.357481 -0.933902 -0.005881
vn -0.357481 -0.933902 -0.005881
vn 0.202082 -0.887067 -0.415061
vn 0.202082 -0.887067 -0.415061
vn 0.202082 -0.887067 -0.415061
vn 0.763129 -0.477726 -0.435215
vn 0.763129 -0.477726 -0.435215
vn 0.763129 -0.477726 -0.435215
vn 0.997033 0.054379 -0.054485
vn 0.997033 0.054379 -0.054485
vn 0.997033 0.054379 -0.054485
vn 0.766732 0.397512 0.504089
vn 0.766732 0.397512 0.504089
vn 0.766732 0.397512 0.504089
vn -0.043067 0.107882 0.993231
vn -0.043067 0.107882 0.993230
vn -0.043067 0.107882 0.993230
vn -0.043067 0.107882 0.993230
vn -0.043067 0.107882 0.993230
vn -0.043067 0.107882 0.993230
vn -0.043067 0.107882 0.993230
vn -0.043067 0.107882 0.993231
vn 0.792021 -0.512169 -0.332244
vn 0.792021 -0.512169 -0.332244
vn 0.792021 -0.512169 -0.332244
vn 0.230946 -0.921550 -0.312106
vn 0.230946 -0.921550 -0.312106
vn 0.230946 -0.921550 -0.312106
vn -0.454820 -0.817580 -0.353131
vn -0.454820 -0.817580 -0.353131
vn -0.454820 -0.817580 -0.353131
vn -0.863547 -0.261309 -0.431282
vn -0.863547 -0.261309 -0.431282
vn -0.863547 -0.261309 -0.431282
vn -0.755865 0.421750 -0.500794
vn -0.755865 0.421750 -0.500794
vn -0.755865 0.421750 -0.500794
vn -0.194827 0.831058 -0.520947
vn -0.194827 0.831058 -0.520947
vn -0.194827 0.831058 -0.520947
vn 0.490948 0.727093 -0.479902
vn 0.490948 0.727093 -0.479902
vn 0.490948 0.727093 -0.479902
vn 0.899698 0.170719 -0.401744
vn 0.899698 0.170719 -0.401744
vn 0.899698 0.170719 -0.401744
vn 0.531021 -0.747435 -0.399195
vn 0.531021 -0.747435 -0.399195
vn 0.531021 -0.747435 -0.399195
vn 0.531021 -0.747435 -0.399195
vn 0.531021 -0.747435 -0.399195
vn 0.531021 -0.747435 -0.399195
vn 0.531021 -0.747435 -0.399195
vn 0.531021 -0.747435 -0.399195
vn -0.157584 0.775576 -0.611269
vn -0.157584 0.775576 -0.611269
vn -0.157584 0.775576 -0.611269
vn -0.718632 0.366230 -0.591138
vn -0.718632 0.366230 -0.591138
vn -0.718632 0.366230 -0.591138
vn -0.989181 -0.074035 -0.126649
vn -0.989181 -0.074035 -0.126649
vn -0.989181 -0.074035 -0.126649
vn -0.810710 -0.287334 0.510087
vn -0.810710 -0.287334 0.510087
vn -0.810710 -0.287334 0.510087
vn -0.287792 -0.148682 0.946081
vn -0.287792 -0.148682 0.946081
vn -0.287792 -0.148682 0.946081
vn 0.273277 0.260675 0.925942
vn 0.273277 0.260675 0.925942
vn 0.273277 0.260675 0.925942
vn 0.543822 0.700928 0.461473
vn 0.543822 0.700928 0.461473
vn 0.543822 0.700928 0.461473
vn 0.365337 0.914230 -0.175249
vn 0.365337 0.914230 -0.175249
vn 0.365337 0.914230 -0.175249
vn 0.487938 -0.639572 0.594023
vn 0.487938 -0.639572 0.594023
vn 0.487938 -0.639572 0.594023
vn 0.487938 -0.639572 0.594023
vn 0.487938 -0.639572 0.594023
vn 0.487938 -0.639572 0.594023
vn 0.487938 -0.639572 0.594023
vn 0.487938 -0.639572 0.594023
vn 0.353891 0.058719 -0.933442
vn 0.353891 0.058719 -0.933442
vn 0.353891 0.058719 -0.933442
vn -0.207164 -0.350667 -0.913300
vn -0.207164 -0.350667 -0.913300
vn -0.207164 -0.350667 -0.913299
vn -0.766741 -0.397491 -0.504093
vn -0.766741 -0.397491 -0.504093
vn -0.766741 -0.397491 -0.504093
vn -0.997036 -0.054329 0.054486
vn -0.997036 -0.054329 0.054486
vn -0.997035 -0.054329 0.054486
vn -0.763111 0.477765 0.435203
vn -0.763111 0.477765 0.435204
vn -0.763111 0.477765 0.435204
vn -0.202091 0.887050 0.415092
vn -0.202091 0.887050 0.415092
vn -0.202091 0.887050 0.415092
vn 0.357480 0.933902 0.005863
vn 0.357480 0.933902 0.005863
vn 0.357480 0.933902 0.005863
vn 0.587797 0.590751 -0.552728
vn 0.587797 0.590751 -0.552728
vn 0.587797 0.590751 -0.552728
vn 0.033218 0.645900 -0.762699
vn 0.033218 0.645900 -0.762699
vn 0.033218 0.645900 -0.762699
vn 0.033218 0.645900 -0.762699
vn 0.033218 0.645900 -0.762699
vn 0.033218 0.645900 -0.762699
vn 0.033218 0.645900 -0.762699
vn 0.033218 0.645900 -0.762699
vn 0.031751 0.420042 0.906949
vn 0.031751 0.420042 0.906949
vn 0.031751 0.420042 0.906949
vn -0.622383 0.256117 0.739624
vn -0.622383 0.256117 0.739624
vn -0.622383 0.256117 0.739624
vn -0.920096 -0.216529 0.326404
vn -0.920096 -0.216529 0.326404
vn -0.920096 -0.216529 0.326404
vn -0.686992 -0.720988 -0.090658
vn -0.686992 -0.720988 -0.090658
vn -0.686992 -0.720988 -0.090658
vn -0.059614 -0.961778 -0.267262
vn -0.059614 -0.961778 -0.267262
vn -0.059614 -0.961778 -0.267262
vn 0.594508 -0.797856 -0.099931
vn 0.594508 -0.797856 -0.099931
vn 0.594508 -0.797856 -0.099931
vn 0.892250 -0.325169 0.313298
vn 0.892250 -0.325169 0.313298
vn 0.892250 -0.325169 0.313298
vn 0.659142 0.179241 0.730345
vn 0.659142 0.179241 0.730345
vn 0.659142 0.179241 0.730345
vn -0.307156 0.305828 0.901179
vn -0.307156 0.305828 0.901179
vn -0.307156 0.305828 0.901179
vn -0.307156 0.305828 0.901179
vn -0.307156 0.305828 0.901179
vn -0.307156 0.305828 0.901179
vn -0.307156 0.305828 0.901179
vn -0.307156 0.305828 0.901179
vn 0.572455 -0.819897 0.008015
vn 0.572455 -0.819897 0.008015
vn 0.572455 -0.819897 0.008015
vn -0.081693 -0.983843 -0.159306
vn -0.081693 -0.983844 -0.159306
vn -0.081693 -0.983844 -0.159306
vn -0.612523 -0.646587 -0.454689
vn -0.612523 -0.646587 -0.454689
vn -0.612523 -0.646587 -0.454689
vn -0.709087 -0.005706 -0.705098
vn -0.709087 -0.005706 -0.705098
vn -0.709087 -0.005706 -0.705098
vn -0.314819 0.563424 -0.763834
vn -0.314819 0.563424 -0.763834
vn -0.314819 0.563424 -0.763834
vn 0.339312 0.727335 -0.596533
vn 0.339312 0.727335 -0.596533
vn 0.339312 0.727335 -0.596533
vn 0.870140 0.390088 -0.301144
vn 0.870140 0.390088 -0.301144
vn 0.870140 0.390088 -0.301144
vn 0.966703 -0.250820 -0.050733
vn 0.966703 -0.250820 -0.050733
vn 0.966703 -0.250820 -0.050733
vn -0.273938 0.951726 0.138479
vn -0.273938 0.951726 0.138479
vn -0.273938 0.951726 0.138479
vn -0.273938 0.951726 0.138479
vn -0.273938 0.951726 0.138479
vn -0.273938 0.951726 0.138479
vn -0.273938 0.951726 0.138479
vn -0.273938 0.951726 0.138479
vn 0.277128 -0.481830 0.831288
vn 0.277128 -0.481830 0.831288
vn 0.277128 -0.481830 0.831288
vn -0.377007 -0.645757 0.663976
vn -0.377007 -0.645757 0.663976
vn -0.377007 -0.645757 0.663976
vn -0.743010 -0.665212 0.073684
vn -0.743010 -0.665212 0.073684
vn -0.743010 -0.665212 0.073684
vn -0.606463 -0.528798 -0.593780
vn -0.606463 -0.528798 -0.593780
vn -0.606463 -0.528798 -0.593780
vn -0.047370 -0.316404 -0.947441
vn -0.047370 -0.316404 -0.947441
vn -0.047370 -0.316404 -0.947441
vn 0.606771 -0.152471 -0.780117
vn 0.606771 -0.152471 -0.780117
vn 0.606771 -0.152471 -0.780117
vn 0.972763 -0.133025 -0.189834
vn 0.972763 -0.133025 -0.189834
vn 0.972763 -0.133025 -0.189834
vn 0.836225 -0.269421 0.477640
vn 0.836225 -0.269421 0.477640
vn 0.836225 -0.269421 0.477640
vn -0.033218 -0.645899 0.762700
vn -0.033218 -0.645899 0.762700
vn -0.033218 -0.645899 0.762700
vn -0.033218 -0.645899 0.762700
vn -0.033218 -0.645899 0.762700
vn -0.033218 -0.645899 0.762700
vn -0.033218 -0.645899 0.762700
vn -0.033218 -0.645899 0.762700
vn 0.622381 -0.256129 -0.739622
vn 0.622380 -0.256129 -0.739622
vn 0.622380 -0.256129 -0.739622
vn -0.031751 -0.420053 -0.906944
vn -0.031751 -0.420053 -0.906944
vn -0.031751 -0.420053 -0.906944
vn -0.659132 -0.179264 -0.730349
vn -0.659132 -0.179264 -0.730349
vn -0.659132 -0.179264 -0.730349
vn -0.892237 0.325218 -0.313284
vn -0.892237 0.325218 -0.313284
vn -0.892237 0.325218 -0.313284
vn -0.594534 0.797836 0.099935
vn -0.594534 0.797836 0.099935
vn -0.594534 0.797836 0.099935
vn 0.059611 0.961784 0.267242
vn 0.059611 0.961784 0.267242
vn 0.059611 0.961784 0.267242
vn 0.687006 0.720974 0.090660
vn 0.687006 0.720974 0.090660
vn 0.687006 0.720974 0.090660
vn 0.920101 0.216503 -0.326405
vn 0.920101 0.216503 -0.326405
vn 0.920101 0.216503 -0.326405
vn 0.307158 -0.305826 -0.901180
vn 0.307158 -0.305826 -0.901180
vn 0.307158 -0.305826 -0.901180
vn 0.307158 -0.305826 -0.901180
vn 0.307158 -0.305826 -0.901180
vn 0.307158 -0.305826 -0.901180
vn 0.307158 -0.305826 -0.901180
vn 0.307158 -0.305826 -0.901180
vn 0.081694 0.983843 0.159309
vn 0.081694 0.983843 0.159309
vn 0.081694 0.983843 0.159309
vn -0.572456 0.819897 -0.008011
vn -0.572456 0.819897 -0.008011
vn -0.572456 0.819897 -0.008011
vn -0.966697 0.250845 0.050739
vn -0.966697 0.250845 0.050739
vn -0.966697 0.250845 0.050739
vn -0.870132 -0.390110 0.301140
vn -0.870132 -0.390110 0.301140
vn -0.870132 -0.390110 0.301140
vn -0.339308 -0.727347 0.596520
vn -0.339308 -0.727347 0.596520
vn -0.339308 -0.727347 0.596520
vn 0.314826 -0.563404 0.763846
vn 0.314826 -0.563404 0.763846
vn 0.314826 -0.563404 0.763846
vn 0.709090 0.005680 0.705095
vn 0.709090 0.005680 0.705095
vn 0.709090 0.005680 0.705095
vn 0.612512 0.646604 0.454679
vn 0.612512 0.646604 0.454679
vn 0.612512 0.646604 0.454679
vn 0.273941 -0.951725 -0.138479
vn 0.273941 -0.951725 -0.138479
vn 0.273941 -0.951725 -0.138479
vn 0.273941 -0.951725 -0.138479
vn 0.273941 -0.951725 -0.138479
vn 0.273941 -0.951725 -0.138479
vn 0.273941 -0.951725 -0.138479
vn 0.273941 -0.951725 -0.138479
vn 0.377008 0.645764 -0.663968
vn 0.377008 0.645764 -0.663969
vn 0.377008 0.645764 -0.663968
vn -0.277130 0.481799 -0.831305
vn -0.277130 0.481799 -0.831305
vn -0.277130 0.481799 -0.831305
vn -0.836218 0.269452 -0.477636
vn -0.836217 0.269452 -0.477636
vn -0.836218 0.269452 -0.477636
vn -0.972765 0.133014 0.189832
vn -0.972765 0.133014 0.189832
vn -0.972765 0.133014 0.189832
vn -0.606769 0.152468 0.780119
vn -0.606769 0.152468 0.780119
vn -0.606769 0.152468 0.780119
vn 0.047368 0.316421 0.947435
vn 0.047368 0.316421 0.947435
vn 0.047368 0.316421 0.947436
vn 0.606466 0.528794 0.593781
vn 0.606466 0.528794 0.593781
vn 0.606466 0.528794 0.593781
vn 0.743013 0.665208 -0.073688
vn 0.743013 0.665208 -0.073688
vn 0.743013 0.665208 -0.073688
vn -0.151841 0.584856 -0.796798
vn -0.151841 0.584856 -0.796798
vn -0.151841 0.584856 -0.796798
vn -0.151841 0.584856 -0.796798
vn -0.151841 0.584856 -0.796798
vn -0.151841 0.584856 -0.796798
vn -0.151841 0.584856 -0.796799
vn -0.151841 0.584856 -0.796798
vn 0.411120 0.461030 0.786404
vn 0.411120 0.461030 0.786404
vn 0.411120 0.461030 0.786404
vn -0.275659 0.401323 0.873471
vn -0.275660 0.401323 0.873471
vn -0.275660 0.401323 0.873471
vn -0.763639 -0.037199 0.644571
vn -0.763639 -0.037199 0.644571
vn -0.763639 -0.037199 0.644571
vn -0.767040 -0.597446 0.233898
vn -0.767040 -0.597446 0.233898
vn -0.767040 -0.597446 0.233898
vn -0.283695 -0.951614 -0.118098
vn -0.283695 -0.951614 -0.118098
vn -0.283695 -0.951614 -0.118098
vn 0.403024 -0.891895 -0.205169
vn 0.403024 -0.891895 -0.205169
vn 0.403024 -0.891895 -0.205169
vn 0.891069 -0.453249 0.023719
vn 0.891069 -0.453249 0.023719
vn 0.891069 -0.453249 0.023719
vn 0.894333 0.106937 0.434435
vn 0.894333 0.106937 0.434435
vn 0.894333 0.106937 0.434435
vn 0.080103 0.406077 0.910321
vn 0.080103 0.406077 0.910321
vn 0.080103 0.406077 0.910321
vn 0.080103 0.406077 0.910321
vn 0.080103 0.406077 0.910321
vn 0.080103 0.406077 0.910321
vn 0.080103 0.406077 0.910321
vn 0.080103 0.406077 0.910321
vn 0.418140 -0.903460 -0.094438
vn 0.418140 -0.903460 -0.094438
vn 0.418140 -0.903460 -0.094438
vn -0.268698 -0.963196 -0.007357
vn -0.268698 -0.963196 -0.007357
vn -0.268698 -0.963196 -0.007357
vn -0.817722 -0.558429 -0.139601
vn -0.817722 -0.558429 -0.139601
vn -0.817722 -0.558429 -0.139601
vn -0.907412 0.073740 -0.413722
vn -0.907412 0.073740 -0.413722
vn -0.907412 0.073740 -0.413722
vn -0.485238 0.562905 -0.669090
vn -0.485238 0.562905 -0.669090
vn -0.485238 0.562905 -0.669090
vn 0.201534 0.622572 -0.756167
vn 0.201534 0.622572 -0.756167
vn 0.201534 0.622572 -0.756167
vn 0.750535 0.217807 -0.623905
vn 0.750535 0.217807 -0.623905
vn 0.750535 0.217807 -0.623905
vn 0.840216 -0.414356 -0.349780
vn 0.840216 -0.414356 -0.349780
vn 0.840216 -0.414356 -0.349780
vn -0.071736 0.990942 0.113526
vn -0.071736 0.990942 0.113526
vn -0.071736 0.990942 0.113526
vn -0.071736 0.990942 0.113526
vn -0.071736 0.990942 0.113526
vn -0.071736 0.990942 0.113526
vn -0.071736 0.990942 0.113526
vn -0.071736 0.990942 0.113526
vn 0.485765 -0.472286 0.735512
vn 0.485765 -0.472286 0.735512
vn 0.485765 -0.472286 0.735512
vn -0.200974 -0.531984 0.822559
vn -0.200974 -0.531984 0.822559
vn -0.200974 -0.531984 0.822559
vn -0.752382 -0.523469 0.399877
vn -0.752382 -0.523469 0.399877
vn -0.752381 -0.523469 0.399877
vn -0.845415 -0.451756 -0.284939
vn -0.845415 -0.451756 -0.284939
vn -0.845415 -0.451756 -0.284939
vn -0.425630 -0.358816 -0.830717
vn -0.425630 -0.358816 -0.830717
vn -0.425630 -0.358816 -0.830717
vn 0.261139 -0.299155 -0.917776
vn 0.261139 -0.299155 -0.917776
vn 0.261139 -0.299155 -0.917776
vn 0.812547 -0.307658 -0.495090
vn 0.812547 -0.307658 -0.495090
vn 0.812547 -0.307658 -0.495090
vn 0.905596 -0.379376 0.189659
vn 0.905596 -0.379376 0.189659
vn 0.905596 -0.379376 0.189659
vn 0.151839 -0.584856 0.796799
vn 0.151839 -0.584856 0.796799
vn 0.151839 -0.584856 0.796799
vn 0.151839 -0.584856 0.796799
vn 0.151839 -0.584856 0.796799
vn 0.151839 -0.584856 0.796799
vn 0.151839 -0.584856 0.796799
vn 0.151839 -0.584856 0.796799
vn 0.275658 -0.401323 -0.873471
vn 0.275658 -0.401323 -0.873472
vn 0.275658 -0.401323 -0.873471
vn -0.411119 -0.461030 -0.786405
vn -0.411119 -0.461030 -0.786405
vn -0.411119 -0.461030 -0.786405
vn -0.894333 -0.106937 -0.434435
vn -0.894333 -0.106937 -0.434435
vn -0.894333 -0.106937 -0.434435
vn -0.891016 0.453353 -0.023718
vn -0.891016 0.453353 -0.023718
vn -0.891016 0.453353 -0.023718
vn -0.402974 0.891918 0.205167
vn -0.402974 0.891918 0.205167
vn -0.402974 0.891918 0.205167
vn 0.283766 0.951592 0.118109
vn 0.283766 0.951592 0.118109
vn 0.283766 0.951592 0.118109
vn 0.767043 0.597449 -0.233880
vn 0.767043 0.597449 -0.233880
vn 0.767043 0.597449 -0.233880
vn 0.763613 0.037132 -0.644606
vn 0.763613 0.037132 -0.644606
vn 0.763613 0.037132 -0.644606
vn -0.080104 -0.406082 -0.910319
vn -0.080104 -0.406082 -0.910319
vn -0.080104 -0.406083 -0.910319
vn -0.080104 -0.406083 -0.910319
vn -0.080104 -0.406083 -0.910319
vn -0.080104 -0.406082 -0.910319
vn -0.080104 -0.406082 -0.910319
vn -0.080104 -0.406082 -0.910319
vn 0.268698 0.963196 0.007361
vn 0.268698 0.963196 0.007361
vn 0.268698 0.963196 0.007361
vn -0.418140 0.903460 0.094438
vn -0.418140 0.903460 0.094438
vn -0.418140 0.903460 0.094438
vn -0.840214 0.414355 0.349786
vn -0.840214 0.414355 0.349786
vn -0.840214 0.414355 0.349786
vn -0.750559 -0.217814 0.623873
vn -0.750559 -0.217814 0.623873
vn -0.750559 -0.217814 0.623873
vn -0.201527 -0.622612 0.756136
vn -0.201527 -0.622612 0.756136
vn -0.201527 -0.622612 0.756136
vn 0.485220 -0.562950 0.669065
vn 0.485220 -0.562950 0.669065
vn 0.485220 -0.562950 0.669065
vn 0.907412 -0.073740 0.413722
vn 0.907412 -0.073740 0.413722
vn 0.907412 -0.073740 0.413722
vn 0.817719 0.558427 0.139626
vn 0.817719 0.558427 0.139626
vn 0.817719 0.558427 0.139626
vn 0.071737 -0.990942 -0.113525
vn 0.071737 -0.990942 -0.113525
vn 0.071737 -0.990942 -0.113525
vn 0.071737 -0.990942 -0.113525
vn 0.071737 -0.990942 -0.113525
vn 0.071737 -0.990942 -0.113525
vn 0.071737 -0.990942 -0.113525
vn 0.071737 -0.990942 -0.113525
vn 0.200973 0.531984 -0.822559
vn 0.200973 0.531984 -0.822559
vn 0.200973 0.531984 -0.822559
vn -0.485802 0.472258 -0.735506
vn -0.485802 0.472258 -0.735506
vn -0.485802 0.472258 -0.735506
vn -0.905575 0.379391 -0.189727
vn -0.905575 0.379391 -0.189727
vn -0.905575 0.379391 -0.189727
vn -0.812542 0.307673 0.495088
vn -0.812542 0.307673 0.495088
vn -0.812542 0.307673 0.495088
vn -0.261143 0.299125 0.917785
vn -0.261143 0.299125 0.917785
vn -0.261143 0.299125 0.917785
vn 0.425630 0.358816 0.830717
vn 0.425630 0.358816 0.830717
vn 0.425630 0.358816 0.830717
vn 0.845402 0.451783 0.284935
vn 0.845402 0.451783 0.284935
vn 0.845402 0.451783 0.284935
vn 0.752401 0.523434 -0.399887
vn 0.752401 0.523434 -0.399887
vn 0.752401 0.523434 -0.399887
vn -0.151840 0.584865 -0.796792
vn -0.151840 0.584865 -0.796792
vn -0.151840 0.584865 -0.796792
vn -0.151840 0.584865 -0.796792
vn -0.151840 0.584865 -0.796792
vn -0.151840 0.584865 -0.796792
vn -0.151840 0.584865 -0.796792
vn -0.151840 0.584865 -0.796792
vn 0.411105 0.461077 0.786385
vn 0.411105 0.461077 0.786385
vn 0.411105 0.461077 0.786385
vn -0.275638 0.401387 0.873448
vn -0.275638 0.401387 0.873448
vn -0.275638 0.401387 0.873448
vn -0.763639 -0.037114 0.644575
vn -0.763639 -0.037114 0.644575
vn -0.763639 -0.037114 0.644575
vn -0.766951 -0.597577 0.233855
vn -0.766951 -0.597577 0.233855
vn -0.766951 -0.597577 0.233855
vn -0.283791 -0.951583 -0.118122
vn -0.283791 -0.951583 -0.118122
vn -0.283791 -0.951583 -0.118122
vn 0.402975 -0.891922 -0.205152
vn 0.402975 -0.891922 -0.205152
vn 0.402975 -0.891921 -0.205152
vn 0.890985 -0.453414 0.023692
vn 0.890985 -0.453414 0.023692
vn 0.890985 -0.453414 0.023692
vn 0.894340 0.106936 0.434420
vn 0.894340 0.106936 0.434420
vn 0.894340 0.106936 0.434420
vn 0.080103 0.406082 0.910319
vn 0.080103 0.406082 0.910319
vn 0.080103 0.406082 0.910319
vn 0.080103 0.406082 0.910319
vn 0.080103 0.406082 0.910319
vn 0.080103 0.406082 0.910319
vn 0.080103 0.406082 0.910319
vn 0.080103 0.406082 0.910319
vn 0.418096 -0.903481 -0.094430
vn 0.418096 -0.903481 -0.094430
vn 0.418096 -0.903481 -0.094430
vn -0.268695 -0.963197 -0.007357
vn -0.268695 -0.963197 -0.007357
vn -0.268695 -0.963197 -0.007357
vn -0.817745 -0.558392 -0.139612
vn -0.817745 -0.558392 -0.139612
vn -0.817745 -0.558392 -0.139612
vn -0.907417 0.073749 -0.413710
vn -0.907417 0.073749 -0.413710
vn -0.907417 0.073749 -0.413710
vn -0.485224 0.562925 -0.669084
vn -0.485224 0.562925 -0.669084
vn -0.485224 0.562925 -0.669084
vn 0.201528 0.622571 -0.756169
vn 0.201528 0.622571 -0.756169
vn 0.201528 0.622571 -0.756169
vn 0.750550 0.217847 -0.623873
vn 0.750550 0.217847 -0.623873
vn 0.750550 0.217847 -0.623873
vn 0.840227 -0.414330 -0.349785
vn 0.840227 -0.414330 -0.349785
vn 0.840227 -0.414330 -0.349785
vn -0.071738 0.990942 0.113526
vn -0.071738 0.990942 0.113526
vn -0.071738 0.990942 0.113526
vn -0.071738 0.990942 0.113526
vn -0.071738 0.990942 0.113526
vn -0.071738 0.990942 0.113526
vn -0.071738 0.990942 0.113526
vn -0.071738 0.990942 0.113526
vn 0.485782 -0.472286 0.735501
vn 0.485782 -0.472286 0.735501
vn 0.485782 -0.472286 0.735501
vn -0.200984 -0.531959 0.822572
vn -0.200984 -0.531959 0.822572
vn -0.200984 -0.531959 0.822572
vn -0.752393 -0.523436 0.399898
vn -0.752393 -0.523436 0.399898
vn -0.752393 -0.523436 0.399898
vn -0.845425 -0.451737 -0.284939
vn -0.845425 -0.451737 -0.284939
vn -0.845425 -0.451737 -0.284939
vn -0.425615 -0.358826 -0.830720
vn -0.425615 -0.358826 -0.830720
vn -0.425615 -0.358826 -0.830720
vn 0.261145 -0.299161 -0.917772
vn 0.261145 -0.299161 -0.917772
vn 0.261145 -0.299161 -0.917772
vn 0.812545 -0.307638 -0.495105
vn 0.812545 -0.307638 -0.495105
vn 0.812545 -0.307638 -0.495105
vn 0.905573 -0.379398 0.189721
vn 0.905573 -0.379398 0.189721
vn 0.905573 -0.379398 0.189721
vn 0.151839 -0.584866 0.796792
vn 0.151839 -0.584866 0.796792
vn 0.151839 -0.584866 0.796792
vn 0.151839 -0.584866 0.796792
vn 0.151839 -0.584866 0.796792
vn 0.151839 -0.584866 0.796792
vn 0.151839 -0.584866 0.796792
vn 0.151839 -0.584866 0.796792
vn 0.275647 -0.401400 -0.873440
vn 0.275647 -0.401400 -0.873440
vn 0.275647 -0.401400 -0.873440
vn -0.411094 -0.461063 -0.786398
vn -0.411095 -0.461063 -0.786398
vn -0.411094 -0.461063 -0.786398
vn -0.894340 -0.106936 -0.434421
vn -0.894340 -0.106936 -0.434421
vn -0.894340 -0.106936 -0.434421
vn -0.890985 0.453414 -0.023692
vn -0.890985 0.453414 -0.023692
vn -0.890985 0.453414 -0.023692
vn -0.402974 0.891922 0.205152
vn -0.402974 0.891922 0.205152
vn -0.402974 0.891922 0.205152
vn 0.283765 0.951592 0.118111
vn 0.283765 0.951592 0.118111
vn 0.283765 0.951592 0.118111
vn 0.766973 0.597546 -0.233861
vn 0.766973 0.597546 -0.233861
vn 0.766973 0.597546 -0.233861
vn 0.763639 0.037114 -0.644576
vn 0.763638 0.037114 -0.644576
vn 0.763638 0.037114 -0.644576
vn -0.080104 -0.406087 -0.910317
vn -0.080104 -0.406087 -0.910317
vn -0.080104 -0.406087 -0.910317
vn -0.080104 -0.406087 -0.910317
vn -0.080104 -0.406087 -0.910317
vn -0.080104 -0.406087 -0.910317
vn -0.080104 -0.406087 -0.910317
vn -0.080104 -0.406087 -0.910317
vn 0.268695 0.963197 0.007362
vn 0.268695 0.963197 0.007362
vn 0.268695 0.963197 0.007362
vn -0.418097 0.903482 0.094425
vn -0.418097 0.903482 0.094425
vn -0.418097 0.903481 0.094425
vn -0.840227 0.414330 0.349784
vn -0.840227 0.414330 0.349784
vn -0.840227 0.414330 0.349784
vn -0.750548 -0.217799 0.623892
vn -0.750548 -0.217799 0.623892
vn -0.750548 -0.217799 0.623892
vn -0.201520 -0.622647 0.756109
vn -0.201520 -0.622647 0.756109
vn -0.201520 -0.622647 0.756109
vn 0.485237 -0.562892 0.669102
vn 0.485237 -0.562892 0.669102
vn 0.485237 -0.562892 0.669102
vn 0.907417 -0.073748 0.413709
vn 0.907417 -0.073748 0.413709
vn 0.907417 -0.073748 0.413709
vn 0.817743 0.558391 0.139627
vn 0.817743 0.558391 0.139627
vn 0.817743 0.558391 0.139627
vn 0.071737 -0.990942 -0.113526
vn 0.071737 -0.990942 -0.113526
vn 0.071737 -0.990942 -0.113526
vn 0.071737 -0.990942 -0.113526
vn 0.071737 -0.990942 -0.113526
vn 0.071737 -0.990942 -0.113526
vn 0.071737 -0.990942 -0.113526
vn 0.071737 -0.990942 -0.113526
vn 0.200983 0.531959 -0.822573
vn 0.200983 0.531959 -0.822573
vn 0.200983 0.531959 -0.822573
vn -0.485781 0.472286 -0.735502
vn -0.485781 0.472286 -0.735502
vn -0.485781 0.472286 -0.735502
vn -0.905575 0.379393 -0.189721
vn -0.905575 0.379393 -0.189721
vn -0.905575 0.379393 -0.189721
vn -0.812543 0.307646 0.495104
vn -0.812543 0.307646 0.495104
vn -0.812543 0.307646 0.495104
vn -0.261147 0.299140 0.917779
vn -0.261147 0.299140 0.917779
vn -0.261147 0.299140 0.917779
vn 0.425594 0.358844 0.830723
vn 0.425594 0.358844 0.830723
vn 0.425594 0.358844 0.830723
vn 0.845434 0.451742 0.284903
vn 0.845434 0.451742 0.284903
vn 0.845435 0.451742 0.284903
vn 0.752380 0.523462 -0.399891
vn 0.752380 0.523462 -0.399891
vn 0.752380 0.523462 -0.399891
vn -0.405377 0.544036 -0.734639
vn -0.405378 0.544036 -0.734639
vn -0.405378 0.544036 -0.734639
vn -0.405378 0.544036 -0.734639
vn -0.405377 0.544036 -0.734639
vn -0.405378 0.544036 -0.734639
vn -0.405377 0.544036 -0.734639
vn -0.405378 0.544036 -0.734639
vn 0.507266 0.527452 0.681525
vn 0.507266 0.527452 0.681525
vn 0.507266 0.527452 0.681525
vn -0.127691 0.374256 0.918492
vn -0.127691 0.374256 0.918492
vn -0.127691 0.374256 0.918492
vn -0.588259 -0.131718 0.797873
vn -0.588259 -0.131718 0.797874
vn -0.588259 -0.131718 0.797874
vn -0.604649 -0.694286 0.390343
vn -0.604649 -0.694285 0.390343
vn -0.604649 -0.694286 0.390343
vn -0.167266 -0.983742 -0.065369
vn -0.167266 -0.983742 -0.065369
vn -0.167266 -0.983742 -0.065369
vn 0.467688 -0.830583 -0.302324
vn 0.467688 -0.830583 -0.302324
vn 0.467688 -0.830583 -0.302324
vn 0.928238 -0.324582 -0.181714
vn 0.928238 -0.324582 -0.181714
vn 0.928238 -0.324582 -0.181714
vn 0.944649 0.238006 0.225815
vn 0.944648 0.238006 0.225815
vn 0.944649 0.238006 0.225815
vn 0.223122 0.429110 0.875261
vn 0.223122 0.429110 0.875261
vn 0.223122 0.429110 0.875261
vn 0.223122 0.429109 0.875261
vn 0.223122 0.429109 0.875261
vn 0.223122 0.429109 0.875261
vn 0.223122 0.429110 0.875261
vn 0.223122 0.429109 0.875261
vn 0.508477 -0.838030 -0.197881
vn 0.508477 -0.838030 -0.197881
vn 0.508477 -0.838030 -0.197881
vn -0.126489 -0.991198 0.039073
vn -0.126489 -0.991198 0.039073
vn -0.126489 -0.991198 0.039073
vn -0.742129 -0.669172 0.038118
vn -0.742130 -0.669172 0.038118
vn -0.742129 -0.669172 0.038118
vn -0.977898 -0.060436 -0.200155
vn -0.977898 -0.060436 -0.200155
vn -0.977898 -0.060436 -0.200155
vn -0.695619 0.478087 -0.536234
vn -0.695619 0.478087 -0.536234
vn -0.695619 0.478087 -0.536234
vn -0.060643 0.631279 -0.773181
vn -0.060643 0.631279 -0.773181
vn -0.060643 0.631279 -0.773181
vn 0.555016 0.309262 -0.772214
vn 0.555016 0.309262 -0.772214
vn 0.555016 0.309262 -0.772214
vn 0.790765 -0.299357 -0.533925
vn 0.790765 -0.299357 -0.533925
vn 0.790765 -0.299357 -0.533925
vn -0.182256 0.973144 0.140615
vn -0.182256 0.973145 0.140615
vn -0.182256 0.973144 0.140615
vn -0.182256 0.973144 0.140615
vn -0.182256 0.973144 0.140615
vn -0.182256 0.973144 0.140615
vn -0.182256 0.973144 0.140615
vn -0.182256 0.973144 0.140615
vn 0.698248 -0.387181 0.602114
vn 0.698248 -0.387181 0.602114
vn 0.698248 -0.387181 0.602114
vn 0.063299 -0.540324 0.839073
vn 0.063299 -0.540324 0.839073
vn 0.063299 -0.540324 0.839073
vn -0.563942 -0.616064 0.549940
vn -0.563942 -0.616064 0.549940
vn -0.563942 -0.616064 0.549940
vn -0.816097 -0.569908 -0.095872
vn -0.816097 -0.569908 -0.095872
vn -0.816097 -0.569908 -0.095872
vn -0.545393 -0.429018 -0.720063
vn -0.545393 -0.429018 -0.720063
vn -0.545393 -0.429018 -0.720063
vn 0.089563 -0.275884 -0.957009
vn 0.089563 -0.275884 -0.957009
vn 0.089563 -0.275884 -0.957009
vn 0.716835 -0.200128 -0.667904
vn 0.716835 -0.200128 -0.667904
vn 0.716835 -0.200128 -0.667904
vn 0.968948 -0.246280 -0.022065
vn 0.968948 -0.246280 -0.022065
vn 0.968948 -0.246280 -0.022065
vn 0.405383 -0.544022 0.734646
vn 0.405383 -0.544022 0.734646
vn 0.405383 -0.544022 0.734646
vn 0.405383 -0.544022 0.734646
vn 0.405383 -0.544022 0.734646
vn 0.405383 -0.544022 0.734646
vn 0.405383 -0.544022 0.734646
vn 0.405383 -0.544022 0.734646
vn 0.127691 -0.374256 -0.918492
vn 0.127691 -0.374256 -0.918492
vn 0.127691 -0.374256 -0.918492
vn -0.507266 -0.527451 -0.681525
vn -0.507266 -0.527451 -0.681525
vn -0.507266 -0.527451 -0.681525
vn -0.944649 -0.238006 -0.225815
vn -0.944649 -0.238006 -0.225815
vn -0.944649 -0.238006 -0.225815
vn -0.928257 0.324541 0.181691
vn -0.928257 0.324541 0.181691
vn -0.928257 0.324541 0.181691
vn -0.467690 0.830585 0.302317
vn -0.467690 0.830585 0.302317
vn -0.467690 0.830585 0.302317
vn 0.167267 0.983742 0.065370
vn 0.167267 0.983742 0.065370
vn 0.167267 0.983742 0.065370
vn 0.604671 0.694264 -0.390346
vn 0.604671 0.694264 -0.390346
vn 0.604671 0.694264 -0.390346
vn 0.588270 0.131791 -0.797853
vn 0.588270 0.131791 -0.797853
vn 0.588270 0.131791 -0.797853
vn -0.223120 -0.429117 -0.875258
vn -0.223120 -0.429117 -0.875258
vn -0.223120 -0.429117 -0.875258
vn -0.223120 -0.429117 -0.875258
vn -0.223120 -0.429117 -0.875258
vn -0.223120 -0.429117 -0.875258
vn -0.223120 -0.429117 -0.875258
vn -0.223120 -0.429117 -0.875258
vn 0.126490 0.991198 -0.039075
vn 0.126490 0.991198 -0.039075
vn 0.126490 0.991198 -0.039075
vn -0.508416 0.838071 0.197865
vn -0.508416 0.838071 0.197865
vn -0.508416 0.838071 0.197865
vn -0.790760 0.299354 0.533935
vn -0.790760 0.299354 0.533935
vn -0.790760 0.299354 0.533935
vn -0.555010 -0.309259 0.772219
vn -0.555010 -0.309259 0.772219
vn -0.555010 -0.309259 0.772219
vn 0.060646 -0.631278 0.773182
vn 0.060646 -0.631278 0.773182
vn 0.060646 -0.631278 0.773182
vn 0.695605 -0.478127 0.536217
vn 0.695605 -0.478127 0.536217
vn 0.695605 -0.478127 0.536217
vn 0.977896 0.060436 0.200168
vn 0.977896 0.060436 0.200168
vn 0.977896 0.060436 0.200168
vn 0.742129 0.669172 -0.038131
vn 0.742129 0.669172 -0.038131
vn 0.742129 0.669172 -0.038131
vn 0.182264 -0.973142 -0.140624
vn 0.182264 -0.973142 -0.140624
vn 0.182264 -0.973142 -0.140624
vn 0.182264 -0.973142 -0.140624
vn 0.182264 -0.973142 -0.140624
vn 0.182264 -0.973142 -0.140624
vn 0.182264 -0.973142 -0.140624
vn 0.182264 -0.973142 -0.140624
vn -0.063295 0.540324 -0.839073
vn -0.063295 0.540324 -0.839073
vn -0.063295 0.540324 -0.839073
vn -0.698262 0.387139 -0.602124
vn -0.698262 0.387139 -0.602124
vn -0.698262 0.387139 -0.602124
vn -0.968955 0.246245 0.022108
vn -0.968956 0.246245 0.022108
vn -0.968956 0.246245 0.022108
vn -0.716829 0.200139 0.667907
vn -0.716829 0.200139 0.667907
vn -0.716829 0.200139 0.667907
vn -0.089570 0.275873 0.957012
vn -0.089570 0.275873 0.957012
vn -0.089570 0.275873 0.957012
vn 0.545378 0.429004 0.720082
vn 0.545378 0.429004 0.720082
vn 0.545378 0.429004 0.720082
vn 0.816083 0.569933 0.095834
vn 0.816083 0.569933 0.095834
vn 0.816083 0.569933 0.095834
vn 0.563966 0.616020 -0.549965
vn 0.563966 0.616020 -0.549965
vn 0.563966 0.616020 -0.549965
vn -0.042255 0.583467 -0.811037
vn -0.042255 0.583467 -0.811037
vn -0.042255 0.583467 -0.811037
vn -0.042255 0.583467 -0.811037
vn -0.042255 0.583467 -0.811037
vn -0.042255 0.583467 -0.811037
vn -0.042255 0.583467 -0.811037
vn -0.042255 0.583467 -0.811037
vn 0.729182 0.229978 0.644519
vn 0.729182 0.229978 0.644519
vn 0.729182 0.229978 0.644519
vn 0.123002 0.489854 0.863084
vn 0.123002 0.489854 0.863084
vn 0.123002 0.489854 0.863084
vn -0.544854 0.319504 0.775275
vn -0.544854 0.319504 0.775275
vn -0.544854 0.319504 0.775275
vn -0.883155 -0.181369 0.432600
vn -0.883155 -0.181369 0.432600
vn -0.883155 -0.181369 0.432600
vn -0.693713 -0.719365 0.035716
vn -0.693713 -0.719365 0.035716
vn -0.693713 -0.719365 0.035716
vn -0.087560 -0.979235 -0.182842
vn -0.087560 -0.979235 -0.182842
vn -0.087560 -0.979236 -0.182842
vn 0.580296 -0.808840 -0.095045
vn 0.580296 -0.808840 -0.095045
vn 0.580296 -0.808841 -0.095045
vn 0.918596 -0.307991 0.247635
vn 0.918596 -0.307991 0.247635
vn 0.918596 -0.307991 0.247635
vn 0.442792 0.332567 0.832667
vn 0.442792 0.332567 0.832667
vn 0.442792 0.332567 0.832667
vn 0.442792 0.332567 0.832667
vn 0.442792 0.332567 0.832667
vn 0.442792 0.332567 0.832667
vn 0.442792 0.332567 0.832667
vn 0.442792 0.332567 0.832667
vn -0.056093 -0.995513 -0.076204
vn -0.056093 -0.995513 -0.076204
vn -0.056093 -0.995513 -0.076204
vn -0.662245 -0.735643 0.142340
vn -0.662245 -0.735643 0.142340
vn -0.662245 -0.735643 0.142340
vn -0.989286 -0.126453 0.072961
vn -0.989286 -0.126453 0.072961
vn -0.989286 -0.126453 0.072961
vn -0.845562 0.475001 -0.243721
vn -0.845562 0.475001 -0.243721
vn -0.845562 0.475001 -0.243721
vn -0.315292 0.716587 -0.622169
vn -0.315292 0.716587 -0.622169
vn -0.315292 0.716587 -0.622169
vn 0.290897 0.456690 -0.840722
vn 0.290897 0.456690 -0.840722
vn 0.290897 0.456690 -0.840722
vn 0.617906 -0.152391 -0.771342
vn 0.617906 -0.152391 -0.771342
vn 0.617906 -0.152391 -0.771342
vn 0.474163 -0.753962 -0.454654
vn 0.474163 -0.753962 -0.454654
vn 0.474163 -0.753962 -0.454654
vn 0.400544 0.916022 0.021628
vn 0.400544 0.916022 0.021628
vn 0.400544 0.916022 0.021628
vn 0.400544 0.916022 0.021628
vn 0.400544 0.916022 0.021628
vn 0.400544 0.916022 0.021628
vn 0.400544 0.916022 0.021628
vn 0.400544 0.916022 0.021628
vn 0.369999 -0.635598 0.677581
vn 0.369999 -0.635598 0.677581
vn 0.369999 -0.635598 0.677581
vn -0.236179 -0.375690 0.896145
vn -0.236179 -0.375690 0.896145
vn -0.236179 -0.375690 0.896145
vn -0.802412 -0.120735 0.584430
vn -0.802412 -0.120735 0.584430
vn -0.802412 -0.120735 0.584430
vn -0.996987 -0.020101 -0.074926
vn -0.996987 -0.020101 -0.074926
vn -0.996987 -0.020101 -0.074926
vn -0.705931 -0.132702 -0.695738
vn -0.705931 -0.132702 -0.695738
vn -0.705931 -0.132702 -0.695738
vn -0.099752 -0.392613 -0.914278
vn -0.099752 -0.392613 -0.914278
vn -0.099752 -0.392613 -0.914278
vn 0.466474 -0.647534 -0.602579
vn 0.466474 -0.647534 -0.602579
vn 0.466474 -0.647534 -0.602579
vn 0.661059 -0.748180 0.056817
vn 0.661059 -0.748180 0.056817
vn 0.661059 -0.748180 0.056817
vn 0.042255 -0.583466 0.811037
vn 0.042255 -0.583466 0.811037
vn 0.042255 -0.583466 0.811037
vn 0.042255 -0.583466 0.811037
vn 0.042255 -0.583466 0.811037
vn 0.042255 -0.583466 0.811037
vn 0.042255 -0.583466 0.811037
vn 0.042255 -0.583466 0.811037
vn -0.122995 -0.489884 -0.863068
vn -0.122995 -0.489884 -0.863068
vn -0.122995 -0.489884 -0.863068
vn -0.729180 -0.229978 -0.644521
vn -0.729180 -0.229978 -0.644521
vn -0.729180 -0.229978 -0.644521
vn -0.918597 0.307990 -0.247633
vn -0.918597 0.307990 -0.247633
vn -0.918597 0.307990 -0.247633
vn -0.580323 0.808821 0.095049
vn -0.580323 0.808821 0.095049
vn -0.580323 0.808821 0.095049
vn 0.087559 0.979236 0.182842
vn 0.087559 0.979235 0.182842
vn 0.087559 0.979235 0.182843
vn 0.693741 0.719338 -0.035718
vn 0.693741 0.719338 -0.035718
vn 0.693741 0.719338 -0.035718
vn 0.883147 0.181423 -0.432593
vn 0.883147 0.181423 -0.432593
vn 0.883147 0.181423 -0.432593
vn 0.544869 -0.319461 -0.775283
vn 0.544869 -0.319461 -0.775283
vn 0.544869 -0.319461 -0.775283
vn -0.442794 -0.332563 -0.832668
vn -0.442794 -0.332563 -0.832668
vn -0.442794 -0.332563 -0.832668
vn -0.442794 -0.332563 -0.832668
vn -0.442794 -0.332563 -0.832668
vn -0.442794 -0.332563 -0.832668
vn -0.442794 -0.332563 -0.832668
vn -0.442794 -0.332563 -0.832668
vn 0.662301 0.735590 -0.142352
vn 0.662301 0.735590 -0.142352
vn 0.662301 0.735590 -0.142352
vn 0.056088 0.995514 0.076201
vn 0.056088 0.995514 0.076201
vn 0.056088 0.995514 0.076201
vn -0.474184 0.753938 0.454673
vn -0.474184 0.753938 0.454673
vn -0.474184 0.753938 0.454673
vn -0.617901 0.152446 0.771336
vn -0.617901 0.152446 0.771336
vn -0.617901 0.152446 0.771336
vn -0.290896 -0.456670 0.840733
vn -0.290896 -0.456670 0.840733
vn -0.290896 -0.456670 0.840733
vn 0.315288 -0.716587 0.622170
vn 0.315288 -0.716587 0.622170
vn 0.315288 -0.716587 0.622170
vn 0.845550 -0.475022 0.243718
vn 0.845550 -0.475022 0.243718
vn 0.845550 -0.475022 0.243718
vn 0.989279 0.126508 -0.072960
vn 0.989279 0.126508 -0.072960
vn 0.989279 0.126508 -0.072960
vn -0.400534 -0.916027 -0.021627
vn -0.400534 -0.916027 -0.021627
vn -0.400534 -0.916027 -0.021627
vn -0.400534 -0.916027 -0.021627
vn -0.400534 -0.916027 -0.021627
vn -0.400534 -0.916027 -0.021627
vn -0.400534 -0.916027 -0.021627
vn -0.400534 -0.916027 -0.021627
vn 0.236180 0.375714 -0.896135
vn 0.236180 0.375714 -0.896135
vn 0.236180 0.375714 -0.896135
vn -0.370016 0.635556 -0.677611
vn -0.370016 0.635556 -0.677611
vn -0.370016 0.635556 -0.677611
vn -0.661032 0.748204 -0.056815
vn -0.661032 0.748204 -0.056815
vn -0.661032 0.748204 -0.056815
vn -0.466459 0.647561 0.602562
vn -0.466459 0.647561 0.602562
vn -0.466459 0.647561 0.602562
vn 0.099753 0.392590 0.914288
vn 0.099753 0.392590 0.914288
vn 0.099753 0.392590 0.914288
vn 0.705927 0.132730 0.695737
vn 0.705927 0.132730 0.695737
vn 0.705927 0.132730 0.695737
vn 0.996987 0.020094 0.074926
vn 0.996987 0.020094 0.074926
vn 0.996987 0.020094 0.074926
vn 0.802411 0.120728 -0.584433
vn 0.802411 0.120728 -0.584432
vn 0.802411 0.120728 -0.584432
vn -0.042255 0.583461 -0.811041
vn -0.042255 0.583461 -0.811041
vn -0.042255 0.583461 -0.811041
vn -0.042255 0.583461 -0.811041
vn -0.042255 0.583461 -0.811041
vn -0.042255 0.583461 -0.811041
vn -0.042255 0.583461 -0.811041
vn -0.042255 0.583461 -0.811041
vn 0.729200 0.229928 0.644516
vn 0.729200 0.229928 0.644516
vn 0.729200 0.229928 0.644516
vn 0.122995 0.489884 0.863068
vn 0.122995 0.489884 0.863068
vn 0.122995 0.489884 0.863068
vn -0.544851 0.319481 0.775286
vn -0.544851 0.319481 0.775286
vn -0.544851 0.319481 0.775286
vn -0.883162 -0.181397 0.432575
vn -0.883161 -0.181397 0.432575
vn -0.883162 -0.181397 0.432575
vn -0.693741 -0.719339 0.035710
vn -0.693741 -0.719339 0.035710
vn -0.693741 -0.719339 0.035710
vn -0.087560 -0.979237 -0.182836
vn -0.087560 -0.979237 -0.182836
vn -0.087560 -0.979237 -0.182836
vn 0.580321 -0.808822 -0.095055
vn 0.580321 -0.808822 -0.095055
vn 0.580321 -0.808822 -0.095055
vn 0.918592 -0.307987 0.247655
vn 0.918592 -0.307987 0.247655
vn 0.918592 -0.307987 0.247655
vn 0.442793 0.332569 0.832666
vn 0.442793 0.332569 0.832666
vn 0.442793 0.332569 0.832666
vn 0.442793 0.332569 0.832666
vn 0.442793 0.332569 0.832666
vn 0.442793 0.332569 0.832666
vn 0.442793 0.332569 0.832666
vn 0.442793 0.332569 0.832666
vn -0.056093 -0.995513 -0.076201
vn -0.056093 -0.995514 -0.076201
vn -0.056093 -0.995513 -0.076201
vn -0.662299 -0.735590 0.142360
vn -0.662299 -0.735590 0.142360
vn -0.662299 -0.735590 0.142360
vn -0.989278 -0.126508 0.072972
vn -0.989278 -0.126508 0.072972
vn -0.989278 -0.126508 0.072972
vn -0.845590 0.474959 -0.243705
vn -0.845590 0.474959 -0.243705
vn -0.845590 0.474959 -0.243705
vn -0.315274 0.716603 -0.622159
vn -0.315274 0.716603 -0.622159
vn -0.315274 0.716603 -0.622159
vn 0.290899 0.456665 -0.840735
vn 0.290899 0.456665 -0.840735
vn 0.290899 0.456665 -0.840735
vn 0.617898 -0.152417 -0.771344
vn 0.617898 -0.152417 -0.771344
vn 0.617898 -0.152417 -0.771344
vn 0.474162 -0.753961 -0.454657
vn 0.474162 -0.753961 -0.454657
vn 0.474162 -0.753961 -0.454657
vn 0.400538 0.916025 0.021625
vn 0.400538 0.916025 0.021625
vn 0.400538 0.916025 0.021625
vn 0.400538 0.916025 0.021625
vn 0.400538 0.916025 0.021625
vn 0.400538 0.916025 0.021625
vn 0.400538 0.916025 0.021625
vn 0.400538 0.916025 0.021625
vn 0.369989 -0.635602 0.677583
vn 0.369989 -0.635602 0.677583
vn 0.369989 -0.635602 0.677583
vn -0.236188 -0.375675 0.896149
vn -0.236188 -0.375675 0.896149
vn -0.236188 -0.375675 0.896149
vn -0.802394 -0.120732 0.584455
vn -0.802394 -0.120732 0.584455
vn -0.802394 -0.120732 0.584455
vn -0.996984 -0.020101 -0.074961
vn -0.996984 -0.020101 -0.074961
vn -0.996984 -0.020101 -0.074961
vn -0.705948 -0.132691 -0.695723
vn -0.705948 -0.132691 -0.695723
vn -0.705948 -0.132691 -0.695723
vn -0.099755 -0.392613 -0.914278
vn -0.099755 -0.392613 -0.914278
vn -0.099755 -0.392613 -0.914278
vn 0.466476 -0.647532 -0.602580
vn 0.466476 -0.647532 -0.602580
vn 0.466476 -0.647532 -0.602580
vn 0.661046 -0.748193 0.056793
vn 0.661046 -0.748193 0.056793
vn 0.661046 -0.748193 0.056793
vn 0.042255 -0.583461 0.811041
vn 0.042255 -0.583461 0.811041
vn 0.042255 -0.583461 0.811041
vn 0.042255 -0.583461 0.811041
vn 0.042255 -0.583461 0.811041
vn 0.042255 -0.583461 0.811041
vn 0.042255 -0.583461 0.811041
vn 0.042255 -0.583461 0.811041
vn -0.122995 -0.489883 -0.863068
vn -0.122995 -0.489883 -0.863068
vn -0.122995 -0.489883 -0.863068
vn -0.729195 -0.229955 -0.644512
vn -0.729195 -0.229955 -0.644512
vn -0.729195 -0.229955 -0.644512
vn -0.918592 0.307987 -0.247653
vn -0.918592 0.307987 -0.247653
vn -0.918592 0.307987 -0.247653
vn -0.580295 0.808840 0.095050
vn -0.580295 0.808841 0.095050
vn -0.580295 0.808841 0.095050
vn 0.087564 0.979234 0.182847
vn 0.087564 0.979234 0.182847
vn 0.087564 0.979234 0.182847
vn 0.693713 0.719366 -0.035709
vn 0.693713 0.719366 -0.035709
vn 0.693713 0.719366 -0.035709
vn 0.883156 0.181425 -0.432574
vn 0.883156 0.181425 -0.432574
vn 0.883156 0.181425 -0.432574
vn 0.544854 -0.319480 -0.775285
vn 0.544854 -0.319480 -0.775285
vn 0.544854 -0.319480 -0.775285
vn -0.442792 -0.332565 -0.832668
vn -0.442792 -0.332565 -0.832668
vn -0.442792 -0.332565 -0.832668
vn -0.442792 -0.332565 -0.832668
vn -0.442792 -0.332565 -0.832668
vn -0.442792 -0.332565 -0.832668
vn -0.442792 -0.332565 -0.832668
vn -0.442792 -0.332565 -0.832668
vn 0.662272 0.735616 -0.142354
vn 0.662272 0.735616 -0.142354
vn 0.662272 0.735616 -0.142354
vn 0.056091 0.995513 0.076202
vn 0.056091 0.995513 0.076202
vn 0.056091 0.995513 0.076202
vn -0.474163 0.753961 0.454656
vn -0.474163 0.753961 0.454656
vn -0.474163 0.753961 0.454656
vn -0.617900 0.152390 0.771347
vn -0.617900 0.152390 0.771348
vn -0.617900 0.152390 0.771348
vn -0.290896 -0.456666 0.840735
vn -0.290896 -0.456666 0.840735
vn -0.290896 -0.456666 0.840735
vn 0.315271 -0.716604 0.622160
vn 0.315271 -0.716604 0.622160
vn 0.315271 -0.716604 0.622160
vn 0.845578 -0.474982 0.243702
vn 0.845578 -0.474982 0.243702
vn 0.845578 -0.474982 0.243702
vn 0.989278 0.126508 -0.072972
vn 0.989278 0.126508 -0.072972
vn 0.989278 0.126508 -0.072972
vn -0.400533 -0.916027 -0.021625
vn -0.400533 -0.916027 -0.021625
vn -0.400533 -0.916027 -0.021625
vn -0.400533 -0.916027 -0.021625
vn -0.400533 -0.916027 -0.021625
vn -0.400533 -0.916027 -0.021625
vn -0.400533 -0.916027 -0.021625
vn -0.400533 -0.916027 -0.021625
vn 0.236191 0.375675 -0.896149
vn 0.236191 0.375675 -0.896149
vn 0.236191 0.375675 -0.896149
vn -0.369982 0.635611 -0.677578
vn -0.369982 0.635611 -0.677578
vn -0.369982 0.635611 -0.677578
vn -0.661048 0.748191 -0.056792
vn -0.661048 0.748191 -0.056792
vn -0.661048 0.748191 -0.056792
vn -0.466476 0.647528 0.602584
vn -0.466476 0.647528 0.602584
vn -0.466476 0.647528 0.602584
vn 0.099756 0.392601 0.914283
vn 0.099756 0.392601 0.914283
vn 0.099756 0.392601 0.914283
vn 0.705947 0.132705 0.695722
vn 0.705947 0.132705 0.695722
vn 0.705947 0.132705 0.695722
vn 0.996984 0.020108 0.074961
vn 0.996984 0.020108 0.074961
vn 0.996984 0.020108 0.074961
vn 0.802392 0.120726 -0.584459
vn 0.802392 0.120726 -0.584459
vn 0.802392 0.120726 -0.584459
vn 0.411448 0.658196 -0.630467
vn 0.411448 0.658196 -0.630467
vn 0.411448 0.658196 -0.630467
vn 0.411448 0.658196 -0.630467
vn 0.411448 0.658196 -0.630467
vn 0.411448 0.658196 -0.630467
vn 0.411448 0.658196 -0.630467
vn 0.411448 0.658196 -0.630467
vn -0.287630 0.383369 0.877666
vn -0.287630 0.383369 0.877666
vn -0.287630 0.383369 0.877666
vn -0.833317 0.317338 0.452635
vn -0.833317 0.317338 0.452635
vn -0.833317 0.317338 0.452635
vn -0.991920 -0.096244 -0.082660
vn -0.991920 -0.096244 -0.082660
vn -0.991920 -0.096244 -0.082660
vn -0.670547 -0.615165 -0.414656
vn -0.670547 -0.615165 -0.414656
vn -0.670547 -0.615165 -0.414656
vn -0.057456 -0.935403 -0.348885
vn -0.057456 -0.935403 -0.348885
vn -0.057456 -0.935403 -0.348885
vn 0.488224 -0.869390 0.076148
vn 0.488224 -0.869390 0.076148
vn 0.488224 -0.869390 0.076148
vn 0.646825 -0.455804 0.611441
vn 0.646825 -0.455804 0.611441
vn 0.646825 -0.455804 0.611441
vn 0.325463 0.063119 0.943446
vn 0.325463 0.063119 0.943446
vn 0.325463 0.063119 0.943446
vn -0.606281 0.317680 0.729042
vn -0.606281 0.317680 0.729042
vn -0.606281 0.317680 0.729042
vn -0.606281 0.317680 0.729042
vn -0.606281 0.317680 0.729042
vn -0.606281 0.317680 0.729042
vn -0.606281 0.317680 0.729042
vn -0.606281 0.317680 0.729042
vn 0.422193 -0.891484 0.164344
vn 0.422193 -0.891484 0.164344
vn 0.422193 -0.891484 0.164344
vn -0.123480 -0.957496 -0.260681
vn -0.123480 -0.957496 -0.260681
vn -0.123480 -0.957496 -0.260681
vn -0.447892 -0.540648 -0.712105
vn -0.447892 -0.540648 -0.712105
vn -0.447892 -0.540648 -0.712105
vn -0.360995 0.114846 -0.925469
vn -0.360995 0.114846 -0.925469
vn -0.360995 0.114846 -0.925469
vn 0.086302 0.625037 -0.775810
vn 0.086302 0.625037 -0.775810
vn 0.086302 0.625037 -0.775810
vn 0.631984 0.691054 -0.350773
vn 0.631984 0.691054 -0.350773
vn 0.631984 0.691054 -0.350773
vn 0.956386 0.274222 0.100636
vn 0.956386 0.274222 0.100636
vn 0.956386 0.274222 0.100636
vn 0.869504 -0.381258 0.314014
vn 0.869504 -0.381257 0.314014
vn 0.869504 -0.381257 0.314014
vn -0.194834 0.975870 0.098575
vn -0.194834 0.975870 0.098575
vn -0.194834 0.975870 0.098575
vn -0.194834 0.975870 0.098575
vn -0.194834 0.975870 0.098575
vn -0.194834 0.975870 0.098575
vn -0.194834 0.975870 0.098575
vn -0.194834 0.975870 0.098575
vn -0.138278 -0.541108 0.829507
vn -0.138278 -0.541108 0.829507
vn -0.138278 -0.541108 0.829507
vn -0.683954 -0.607134 0.404469
vn -0.683954 -0.607134 0.404469
vn -0.683954 -0.607134 0.404469
vn -0.781118 -0.557224 -0.281702
vn -0.781118 -0.557224 -0.281702
vn -0.781118 -0.557224 -0.281702
vn -0.372855 -0.420625 -0.827075
vn -0.372855 -0.420625 -0.827075
vn -0.372855 -0.420625 -0.827075
vn 0.301685 -0.277355 -0.912174
vn 0.301685 -0.277354 -0.912174
vn 0.301685 -0.277354 -0.912174
vn 0.847366 -0.211334 -0.487144
vn 0.847366 -0.211334 -0.487144
vn 0.847366 -0.211334 -0.487144
vn 0.944525 -0.261269 0.199024
vn 0.944525 -0.261269 0.199024
vn 0.944525 -0.261269 0.199024
vn 0.536262 -0.397858 0.744401
vn 0.536262 -0.397858 0.744401
vn 0.536262 -0.397858 0.744401
vn -0.411449 -0.658193 0.630469
vn -0.411449 -0.658193 0.630469
vn -0.411449 -0.658193 0.630469
vn -0.411449 -0.658193 0.630469
vn -0.411449 -0.658193 0.630469
vn -0.411449 -0.658193 0.630469
vn -0.411449 -0.658193 0.630469
vn -0.411449 -0.658193 0.630469
vn 0.833306 -0.317363 -0.452639
vn 0.833306 -0.317363 -0.452639
vn 0.833306 -0.317363 -0.452639
vn 0.287633 -0.383366 -0.877666
vn 0.287633 -0.383366 -0.877666
vn 0.287633 -0.383366 -0.877666
vn -0.325461 -0.063118 -0.943447
vn -0.325461 -0.063118 -0.943447
vn -0.325461 -0.063118 -0.943447
vn -0.646831 0.455786 -0.611448
vn -0.646831 0.455786 -0.611448
vn -0.646831 0.455786 -0.611448
vn -0.488217 0.869394 -0.076145
vn -0.488217 0.869394 -0.076145
vn -0.488217 0.869394 -0.076145
vn 0.057457 0.935400 0.348891
vn 0.057457 0.935400 0.348891
vn 0.057457 0.935400 0.348891
vn 0.670545 0.615165 0.414658
vn 0.670545 0.615165 0.414658
vn 0.670545 0.615165 0.414658
vn 0.991919 0.096244 0.082670
vn 0.991919 0.096244 0.082670
vn 0.991919 0.096244 0.082670
vn 0.606281 -0.317675 -0.729044
vn 0.606281 -0.317676 -0.729044
vn 0.606281 -0.317675 -0.729044
vn 0.606281 -0.317675 -0.729044
vn 0.606281 -0.317675 -0.729044
vn 0.606281 -0.317675 -0.729044
vn 0.606281 -0.317675 -0.729044
vn 0.606281 -0.317675 -0.729044
vn 0.123479 0.957497 0.260676
vn 0.123479 0.957497 0.260676
vn 0.123479 0.957497 0.260676
vn -0.422193 0.891485 -0.164342
vn -0.422193 0.891485 -0.164342
vn -0.422193 0.891485 -0.164342
vn -0.869495 0.381284 -0.314008
vn -0.869495 0.381284 -0.314008
vn -0.869495 0.381284 -0.314008
vn -0.956387 -0.274222 -0.100633
vn -0.956387 -0.274222 -0.100633
vn -0.956387 -0.274222 -0.100633
vn -0.631980 -0.691056 0.350775
vn -0.631980 -0.691056 0.350775
vn -0.631980 -0.691056 0.350775
vn -0.086303 -0.625047 0.775802
vn -0.086303 -0.625047 0.775802
vn -0.086303 -0.625047 0.775802
vn 0.360994 -0.114845 0.925470
vn 0.360994 -0.114845 0.925470
vn 0.360994 -0.114845 0.925470
vn 0.447888 0.540660 0.712097
vn 0.447889 0.540660 0.712097
vn 0.447888 0.540660 0.712097
vn 0.194834 -0.975870 -0.098574
vn 0.194834 -0.975870 -0.098574
vn 0.194834 -0.975870 -0.098574
vn 0.194834 -0.975870 -0.098574
vn 0.194834 -0.975870 -0.098574
vn 0.194834 -0.975870 -0.098574
vn 0.194834 -0.975870 -0.098574
vn 0.194834 -0.975870 -0.098574
vn 0.683952 0.607139 -0.404465
vn 0.683952 0.607139 -0.404465
vn 0.683952 0.607139 -0.404465
vn 0.138275 0.541118 -0.829501
vn 0.138275 0.541118 -0.829500
vn 0.138275 0.541118 -0.829501
vn -0.536266 0.397861 -0.744396
vn -0.536266 0.397861 -0.744396
vn -0.536266 0.397861 -0.744396
vn -0.944528 0.261250 -0.199036
vn -0.944528 0.261250 -0.199036
vn -0.944528 0.261250 -0.199036
vn -0.847362 0.211356 0.487141
vn -0.847362 0.211356 0.487141
vn -0.847362 0.211356 0.487141
vn -0.301687 0.277354 0.912173
vn -0.301687 0.277354 0.912173
vn -0.301687 0.277354 0.912173
vn 0.372854 0.420625 0.827076
vn 0.372854 0.420625 0.827076
vn 0.372854 0.420625 0.827076
vn 0.781118 0.557224 0.281703
vn 0.781118 0.557224 0.281703
vn 0.781118 0.557224 0.281703
vn 0.294024 0.638299 -0.711424
vn 0.294024 0.638299 -0.711424
vn 0.294024 0.638299 -0.711424
vn 0.294024 0.638299 -0.711424
vn 0.294024 0.638299 -0.711424
vn 0.294024 0.638299 -0.711424
vn 0.294024 0.638299 -0.711424
vn 0.294024 0.638299 -0.711424
vn -0.211708 0.422689 0.881200
vn -0.211708 0.422689 0.881200
vn -0.211708 0.422689 0.881200
vn -0.796178 0.297188 0.527048
vn -0.796178 0.297188 0.527048
vn -0.796178 0.297188 0.527048
vn -0.986477 -0.159208 0.038930
vn -0.986477 -0.159208 0.038930
vn -0.986477 -0.159208 0.038930
vn -0.671154 -0.679119 -0.297238
vn -0.671154 -0.679119 -0.297238
vn -0.671154 -0.679119 -0.297238
vn -0.034895 -0.958036 -0.284516
vn -0.034895 -0.958036 -0.284516
vn -0.034895 -0.958036 -0.284516
vn 0.549567 -0.832543 0.069632
vn 0.549567 -0.832543 0.069632
vn 0.549567 -0.832543 0.069632
vn 0.739872 -0.376161 0.557757
vn 0.739872 -0.376161 0.557757
vn 0.739872 -0.376161 0.557757
vn 0.424548 0.143762 0.893919
vn 0.424548 0.143762 0.893919
vn 0.424548 0.143762 0.893919
vn -0.540045 0.328902 0.774710
vn -0.540045 0.328902 0.774710
vn -0.540045 0.328902 0.774710
vn -0.540045 0.328902 0.774710
vn -0.540045 0.328902 0.774710
vn -0.540045 0.328902 0.774710
vn -0.540045 0.328902 0.774710
vn -0.540045 0.328902 0.774710
vn 0.495468 -0.852607 0.166048
vn 0.495468 -0.852607 0.166049
vn 0.495468 -0.852607 0.166048
vn -0.089005 -0.978109 -0.188100
vn -0.089005 -0.978109 -0.188100
vn -0.089005 -0.978109 -0.188100
vn -0.488664 -0.611446 -0.622368
vn -0.488664 -0.611446 -0.622368
vn -0.488664 -0.611446 -0.622368
vn -0.469411 0.032606 -0.882378
vn -0.469411 0.032606 -0.882378
vn -0.469411 0.032606 -0.882378
vn -0.042515 0.576765 -0.815803
vn -0.042515 0.576765 -0.815803
vn -0.042515 0.576765 -0.815803
vn 0.541951 0.702252 -0.461662
vn 0.541951 0.702252 -0.461662
vn 0.541951 0.702252 -0.461662
vn 0.941615 0.335575 -0.027390
vn 0.941615 0.335575 -0.027390
vn 0.941615 0.335575 -0.027390
vn 0.922350 -0.308481 0.232615
vn 0.922350 -0.308481 0.232615
vn 0.922350 -0.308481 0.232615
vn -0.246021 0.967196 0.063283
vn -0.246021 0.967196 0.063283
vn -0.246021 0.967196 0.063283
vn -0.246021 0.967196 0.063283
vn -0.246021 0.967196 0.063283
vn -0.246021 0.967196 0.063283
vn -0.246021 0.967196 0.063283
vn -0.246021 0.967196 0.063283
vn -0.008482 -0.492680 0.870169
vn -0.008482 -0.492680 0.870169
vn -0.008482 -0.492680 0.870170
vn -0.592947 -0.618171 0.516022
vn -0.592947 -0.618171 0.516022
vn -0.592947 -0.618171 0.516022
vn -0.769640 -0.619139 -0.155953
vn -0.769640 -0.619139 -0.155953
vn -0.769640 -0.619139 -0.155953
vn -0.435045 -0.495036 -0.752114
vn -0.435045 -0.495036 -0.752114
vn -0.435045 -0.495036 -0.752114
vn 0.214822 -0.318525 -0.923251
vn 0.214822 -0.318525 -0.923251
vn 0.214822 -0.318525 -0.923251
vn 0.799290 -0.193039 -0.569098
vn 0.799290 -0.193039 -0.569098
vn 0.799290 -0.193039 -0.569098
vn 0.975977 -0.192057 0.102876
vn 0.975977 -0.192057 0.102876
vn 0.975977 -0.192057 0.102876
vn 0.641390 -0.316168 0.699040
vn 0.641390 -0.316168 0.699040
vn 0.641390 -0.316168 0.699040
vn -0.294024 -0.638297 0.711426
vn -0.294025 -0.638297 0.711425
vn -0.294025 -0.638297 0.711425
vn -0.294025 -0.638297 0.711426
vn -0.294025 -0.638297 0.711425
vn -0.294025 -0.638297 0.711426
vn -0.294025 -0.638297 0.711426
vn -0.294025 -0.638297 0.711426
vn 0.796177 -0.297177 -0.527056
vn 0.796177 -0.297177 -0.527056
vn 0.796177 -0.297177 -0.527056
vn 0.211707 -0.422685 -0.881202
vn 0.211707 -0.422685 -0.881202
vn 0.211707 -0.422685 -0.881202
vn -0.424543 -0.143781 -0.893919
vn -0.424543 -0.143781 -0.893919
vn -0.424543 -0.143781 -0.893919
vn -0.739877 0.376155 -0.557754
vn -0.739877 0.376155 -0.557754
vn -0.739877 0.376154 -0.557754
vn -0.549558 0.832549 -0.069630
vn -0.549558 0.832549 -0.069630
vn -0.549558 0.832549 -0.069630
vn 0.034896 0.958036 0.284516
vn 0.034896 0.958036 0.284516
vn 0.034896 0.958036 0.284516
vn 0.671145 0.679130 0.297232
vn 0.671145 0.679130 0.297232
vn 0.671145 0.679130 0.297232
vn 0.986483 0.159169 -0.038933
vn 0.986483 0.159169 -0.038933
vn 0.986483 0.159169 -0.038933
vn 0.540046 -0.328901 -0.774709
vn 0.540046 -0.328901 -0.774709
vn 0.540046 -0.328901 -0.774709
vn 0.540046 -0.328901 -0.774709
vn 0.540046 -0.328901 -0.774709
vn 0.540046 -0.328901 -0.774709
vn 0.540046 -0.328901 -0.774709
vn 0.540046 -0.328901 -0.774709
vn 0.089006 0.978108 0.188104
vn 0.089006 0.978108 0.188104
vn 0.089006 0.978108 0.188104
vn -0.495451 0.852618 -0.166043
vn -0.495451 0.852618 -0.166043
vn -0.495451 0.852618 -0.166043
vn -0.922362 0.308445 -0.232617
vn -0.922362 0.308445 -0.232617
vn -0.922362 0.308445 -0.232617
vn -0.941615 -0.335576 0.027383
vn -0.941615 -0.335576 0.027383
vn -0.941615 -0.335576 0.027383
vn -0.541945 -0.702258 0.461660
vn -0.541945 -0.702258 0.461660
vn -0.541945 -0.702258 0.461660
vn 0.042514 -0.576759 0.815808
vn 0.042514 -0.576759 0.815808
vn 0.042514 -0.576759 0.815808
vn 0.469410 -0.032606 0.882378
vn 0.469410 -0.032606 0.882378
vn 0.469410 -0.032606 0.882378
vn 0.488672 0.611427 0.622380
vn 0.488672 0.611427 0.622380
vn 0.488672 0.611427 0.622380
vn 0.246020 -0.967197 -0.063284
vn 0.246020 -0.967197 -0.063284
vn 0.246020 -0.967197 -0.063284
vn 0.246020 -0.967197 -0.063284
vn 0.246020 -0.967197 -0.063284
vn 0.246020 -0.967197 -0.063284
vn 0.246020 -0.967197 -0.063284
vn 0.246020 -0.967197 -0.063284
vn 0.592951 0.618165 -0.516025
vn 0.592951 0.618165 -0.516025
vn 0.592951 0.618165 -0.516025
vn 0.008482 0.492672 -0.870174
vn 0.008482 0.492672 -0.870174
vn 0.008482 0.492672 -0.870174
vn -0.641388 0.316177 -0.699038
vn -0.641388 0.316177 -0.699038
vn -0.641388 0.316177 -0.699038
vn -0.975975 0.192067 -0.102875
vn -0.975975 0.192067 -0.102875
vn -0.975975 0.192067 -0.102875
vn -0.799285 0.193036 0.569106
vn -0.799285 0.193036 0.569106
vn -0.799285 0.193036 0.569106
vn -0.214823 0.318537 0.923247
vn -0.214823 0.318537 0.923247
vn -0.214823 0.318537 0.923247
vn 0.435043 0.495029 0.752119
vn 0.435043 0.495029 0.752119
vn 0.435043 0.495029 0.752119
vn 0.769636 0.619146 0.155944
vn 0.769636 0.619146 0.155944
vn 0.769636 0.619146 0.155944
s off
g pCone36
usemtl OBJ_Changteng_01:lambert2SG
f 2641/3047/2881 2648/3048/2882 2647/3049/2883 2646/3050/2884 2645/3051/2885 2644/3052/2886 2643/3053/2887 2642/3054/2888
f 2641/3003/2889 2642/3004/2890 2649/3005/2891
f 2642/3004/2892 2643/3006/2893 2649/3005/2894
f 2643/2971/2895 2644/2972/2896 2649/2973/2897
f 2644/2972/2898 2645/2974/2899 2649/2973/2900
f 2645/3007/2901 2646/3008/2902 2649/3009/2903
f 2646/3008/2904 2647/3010/2905 2649/3009/2906
f 2647/2975/2907 2648/2976/2908 2649/2977/2909
f 2648/2976/2910 2641/2978/2911 2649/2977/2912
f 2650/3083/2913 2657/3084/2914 2656/3085/2915 2655/3086/2916 2654/3087/2917 2653/3088/2918 2652/3089/2919 2651/3090/2920
f 2650/3011/2921 2651/3012/2922 2658/3013/2923
f 2651/3012/2924 2652/3014/2925 2658/3013/2926
f 2652/3014/2927 2653/3016/2928 2658/3013/2929
f 2653/3059/2930 2654/3055/2931 2658/3057/2932
f 2654/3055/2933 2655/3056/2934 2658/3057/2935
f 2655/3056/2936 2656/3058/2937 2658/3057/2938
f 2656/3058/2939 2657/3060/2940 2658/3057/2941
f 2657/3015/2942 2650/3011/2943 2658/3013/2944
f 2659/3017/2945 2666/3018/2946 2665/3019/2947 2664/3020/2948 2663/3021/2949 2662/3022/2950 2661/3023/2951 2660/3024/2952
f 2659/3061/2953 2660/3062/2954 2667/3063/2955
f 2660/3062/2956 2661/3064/2957 2667/3063/2958
f 2661/2979/2959 2662/2980/2960 2667/2981/2961
f 2662/2980/2962 2663/2982/2963 2667/2981/2964
f 2663/3091/2965 2664/3092/2966 2667/3093/2967
f 2664/3092/2968 2665/3094/2969 2667/3093/2970
f 2665/2986/2971 2666/2983/2972 2667/2985/2973
f 2666/2983/2974 2659/2984/2975 2667/2985/2976
f 2668/3065/2977 2675/3066/2978 2674/3067/2979 2673/3068/2980 2672/3069/2981 2671/3070/2982 2670/3071/2983 2669/3072/2984
f 2668/3025/2985 2669/3026/2986 2676/3027/2987
f 2669/3026/2988 2670/3028/2989 2676/3027/2990
f 2670/2987/2991 2671/2988/2992 2676/2989/2993
f 2671/2988/2994 2672/2990/2995 2676/2989/2996
f 2672/3029/2997 2673/3030/2998 2676/3031/2999
f 2673/3030/3000 2674/3032/3001 2676/3031/3002
f 2674/2991/3003 2675/2992/3004 2676/2993/3005
f 2675/2992/3006 2668/2994/3007 2676/2993/3008
f 2677/3095/3009 2684/3096/3010 2683/3097/3011 2682/3098/3012 2681/3099/3013 2680/3100/3014 2679/3101/3015 2678/3102/3016
f 2677/3033/3017 2678/3034/3018 2685/3035/3019
f 2678/3034/3020 2679/3036/3021 2685/3035/3022
f 2679/3036/3023 2680/3038/3024 2685/3035/3025
f 2680/3077/3026 2681/3073/3027 2685/3075/3028
f 2681/3073/3029 2682/3074/3030 2685/3075/3031
f 2682/3074/3032 2683/3076/3033 2685/3075/3034
f 2683/3076/3035 2684/3078/3036 2685/3075/3037
f 2684/3037/3038 2677/3033/3039 2685/3035/3040
f 2686/3039/3041 2693/3040/3042 2692/3041/3043 2691/3042/3044 2690/3043/3045 2689/3044/3046 2688/3045/3047 2687/3046/3048
f 2686/3079/3049 2687/3080/3050 2694/3081/3051
f 2687/3080/3052 2688/3082/3053 2694/3081/3054
f 2688/2995/3055 2689/2996/3056 2694/2997/3057
f 2689/2996/3058 2690/2998/3059 2694/2997/3060
f 2690/3103/3061 2691/3104/3062 2694/3105/3063
f 2691/3104/3064 2692/3106/3065 2694/3105/3066
f 2692/3002/3067 2693/2999/3068 2694/3001/3069
f 2693/2999/3070 2686/3000/3071 2694/3001/3072
f 2695/3107/3073 2702/3108/3074 2701/3109/3075 2700/3110/3076 2699/3111/3077 2698/3112/3078 2697/3113/3079 2696/3114/3080
f 2695/3115/3081 2696/3116/3082 2703/3117/3083
f 2696/3116/3084 2697/3118/3085 2703/3117/3086
f 2697/3119/3087 2698/3120/3088 2703/3121/3089
f 2698/3120/3090 2699/3122/3091 2703/3121/3092
f 2699/3123/3093 2700/3124/3094 2703/3125/3095
f 2700/3124/3096 2701/3126/3097 2703/3125/3098
f 2701/3127/3099 2702/3128/3100 2703/3129/3101
f 2702/3128/3102 2695/3130/3103 2703/3129/3104
f 2704/3131/3105 2711/3132/3106 2710/3133/3107 2709/3134/3108 2708/3135/3109 2707/3136/3110 2706/3137/3111 2705/3138/3112
f 2704/3139/3113 2705/3140/3114 2712/3141/3115
f 2705/3140/3116 2706/3142/3117 2712/3141/3118
f 2706/3142/3119 2707/3143/3120 2712/3141/3121
f 2707/3144/3122 2708/3145/3123 2712/3146/3124
f 2708/3145/3125 2709/3147/3126 2712/3146/3127
f 2709/3147/3128 2710/3148/3129 2712/3146/3130
f 2710/3148/3131 2711/3149/3132 2712/3146/3133
f 2711/3150/3134 2704/3139/3135 2712/3141/3136
f 2713/3151/3137 2720/3152/3138 2719/3153/3139 2718/3154/3140 2717/3155/3141 2716/3156/3142 2715/3157/3143 2714/3158/3144
f 2713/3159/3145 2714/3160/3146 2721/3161/3147
f 2714/3160/3148 2715/3162/3149 2721/3161/3150
f 2715/3163/3151 2716/3164/3152 2721/3165/3153
f 2716/3164/3154 2717/3166/3155 2721/3165/3156
f 2717/3167/3157 2718/3168/3158 2721/3169/3159
f 2718/3168/3160 2719/3170/3161 2721/3169/3162
f 2719/3171/3163 2720/3172/3164 2721/3173/3165
f 2720/3172/3166 2713/3174/3167 2721/3173/3168
f 2722/3175/3169 2729/3176/3170 2728/3177/3171 2727/3178/3172 2726/3179/3173 2725/3180/3174 2724/3181/3175 2723/3182/3176
f 2722/3183/3177 2723/3184/3178 2730/3185/3179
f 2723/3184/3180 2724/3186/3181 2730/3185/3182
f 2724/3187/3183 2725/3188/3184 2730/3189/3185
f 2725/3188/3186 2726/3190/3187 2730/3189/3188
f 2726/3191/3189 2727/3192/3190 2730/3193/3191
f 2727/3192/3192 2728/3194/3193 2730/3193/3194
f 2728/3195/3195 2729/3196/3196 2730/3197/3197
f 2729/3196/3198 2722/3198/3199 2730/3197/3200
f 2731/3199/3201 2738/3200/3202 2737/3201/3203 2736/3202/3204 2735/3203/3205 2734/3204/3206 2733/3205/3207 2732/3206/3208
f 2731/3207/3209 2732/3208/3210 2739/3209/3211
f 2732/3208/3212 2733/3210/3213 2739/3209/3214
f 2733/3210/3215 2734/3211/3216 2739/3209/3217
f 2734/3212/3218 2735/3213/3219 2739/3214/3220
f 2735/3213/3221 2736/3215/3222 2739/3214/3223
f 2736/3215/3224 2737/3216/3225 2739/3214/3226
f 2737/3216/3227 2738/3217/3228 2739/3214/3229
f 2738/3218/3230 2731/3207/3231 2739/3209/3232
f 2740/3219/3233 2747/3220/3234 2746/3221/3235 2745/3222/3236 2744/3223/3237 2743/3224/3238 2742/3225/3239 2741/3226/3240
f 2740/3227/3241 2741/3228/3242 2748/3229/3243
f 2741/3228/3244 2742/3230/3245 2748/3229/3246
f 2742/3231/3247 2743/3232/3248 2748/3233/3249
f 2743/3232/3250 2744/3234/3251 2748/3233/3252
f 2744/3235/3253 2745/3236/3254 2748/3237/3255
f 2745/3236/3256 2746/3238/3257 2748/3237/3258
f 2746/3239/3259 2747/3240/3260 2748/3241/3261
f 2747/3240/3262 2740/3242/3263 2748/3241/3264
f 2749/3243/3265 2756/3244/3266 2755/3245/3267 2754/3246/3268 2753/3247/3269 2752/3248/3270 2751/3249/3271 2750/3250/3272
f 2749/3251/3273 2750/3252/3274 2757/3253/3275
f 2750/3252/3276 2751/3254/3277 2757/3253/3278
f 2751/3255/3279 2752/3256/3280 2757/3257/3281
f 2752/3256/3282 2753/3258/3283 2757/3257/3284
f 2753/3259/3285 2754/3260/3286 2757/3261/3287
f 2754/3260/3288 2755/3262/3289 2757/3261/3290
f 2755/3263/3291 2756/3264/3292 2757/3265/3293
f 2756/3264/3294 2749/3266/3295 2757/3265/3296
f 2758/3267/3297 2765/3268/3298 2764/3269/3299 2763/3270/3300 2762/3271/3301 2761/3272/3302 2760/3273/3303 2759/3274/3304
f 2758/3275/3305 2759/3276/3306 2766/3277/3307
f 2759/3276/3308 2760/3278/3309 2766/3277/3310
f 2760/3278/3311 2761/3279/3312 2766/3277/3313
f 2761/3280/3314 2762/3281/3315 2766/3282/3316
f 2762/3281/3317 2763/3283/3318 2766/3282/3319
f 2763/3283/3320 2764/3284/3321 2766/3282/3322
f 2764/3284/3323 2765/3285/3324 2766/3282/3325
f 2765/3286/3326 2758/3275/3327 2766/3277/3328
f 2767/3287/3329 2774/3288/3330 2773/3289/3331 2772/3290/3332 2771/3291/3333 2770/3292/3334 2769/3293/3335 2768/3294/3336
f 2767/3295/3337 2768/3296/3338 2775/3297/3339
f 2768/3296/3340 2769/3298/3341 2775/3297/3342
f 2769/3299/3343 2770/3300/3344 2775/3301/3345
f 2770/3300/3346 2771/3302/3347 2775/3301/3348
f 2771/3303/3349 2772/3304/3350 2775/3305/3351
f 2772/3304/3352 2773/3306/3353 2775/3305/3354
f 2773/3307/3355 2774/3308/3356 2775/3309/3357
f 2774/3308/3358 2767/3310/3359 2775/3309/3360
f 2776/3311/3361 2783/3312/3362 2782/3313/3363 2781/3314/3364 2780/3315/3365 2779/3316/3366 2778/3317/3367 2777/3318/3368
f 2776/3319/3369 2777/3320/3370 2784/3321/3371
f 2777/3320/3372 2778/3322/3373 2784/3321/3374
f 2778/3323/3375 2779/3324/3376 2784/3325/3377
f 2779/3324/3378 2780/3326/3379 2784/3325/3380
f 2780/3327/3381 2781/3328/3382 2784/3329/3383
f 2781/3328/3384 2782/3330/3385 2784/3329/3386
f 2782/3331/3387 2783/3332/3388 2784/3333/3389
f 2783/3332/3390 2776/3334/3391 2784/3333/3392
f 2785/3335/3393 2792/3336/3394 2791/3337/3395 2790/3338/3396 2789/3339/3397 2788/3340/3398 2787/3341/3399 2786/3342/3400
f 2785/3343/3401 2786/3344/3402 2793/3345/3403
f 2786/3344/3404 2787/3346/3405 2793/3345/3406
f 2787/3346/3407 2788/3347/3408 2793/3345/3409
f 2788/3348/3410 2789/3349/3411 2793/3350/3412
f 2789/3349/3413 2790/3351/3414 2793/3350/3415
f 2790/3351/3416 2791/3352/3417 2793/3350/3418
f 2791/3352/3419 2792/3353/3420 2793/3350/3421
f 2792/3354/3422 2785/3343/3423 2793/3345/3424
f 2794/3355/3425 2801/3356/3426 2800/3357/3427 2799/3358/3428 2798/3359/3429 2797/3360/3430 2796/3361/3431 2795/3362/3432
f 2794/3363/3433 2795/3364/3434 2802/3365/3435
f 2795/3364/3436 2796/3366/3437 2802/3365/3438
f 2796/3367/3439 2797/3368/3440 2802/3369/3441
f 2797/3368/3442 2798/3370/3443 2802/3369/3444
f 2798/3371/3445 2799/3372/3446 2802/3373/3447
f 2799/3372/3448 2800/3374/3449 2802/3373/3450
f 2800/3375/3451 2801/3376/3452 2802/3377/3453
f 2801/3376/3454 2794/3378/3455 2802/3377/3456
f 2803/3379/3457 2810/3380/3458 2809/3381/3459 2808/3382/3460 2807/3383/3461 2806/3384/3462 2805/3385/3463 2804/3386/3464
f 2803/3387/3465 2804/3388/3466 2811/3389/3467
f 2804/3388/3468 2805/3390/3469 2811/3389/3470
f 2805/3391/3471 2806/3392/3472 2811/3393/3473
f 2806/3392/3474 2807/3394/3475 2811/3393/3476
f 2807/3395/3477 2808/3396/3478 2811/3397/3479
f 2808/3396/3480 2809/3398/3481 2811/3397/3482
f 2809/3399/3483 2810/3400/3484 2811/3401/3485
f 2810/3400/3486 2803/3402/3487 2811/3401/3488
f 2812/3403/3489 2819/3404/3490 2818/3405/3491 2817/3406/3492 2816/3407/3493 2815/3408/3494 2814/3409/3495 2813/3410/3496
f 2812/3411/3497 2813/3412/3498 2820/3413/3499
f 2813/3412/3500 2814/3414/3501 2820/3413/3502
f 2814/3414/3503 2815/3415/3504 2820/3413/3505
f 2815/3416/3506 2816/3417/3507 2820/3418/3508
f 2816/3417/3509 2817/3419/3510 2820/3418/3511
f 2817/3419/3512 2818/3420/3513 2820/3418/3514
f 2818/3420/3515 2819/3421/3516 2820/3418/3517
f 2819/3422/3518 2812/3411/3519 2820/3413/3520
f 2821/3423/3521 2828/3424/3522 2827/3425/3523 2826/3426/3524 2825/3427/3525 2824/3428/3526 2823/3429/3527 2822/3430/3528
f 2821/3431/3529 2822/3432/3530 2829/3433/3531
f 2822/3432/3532 2823/3434/3533 2829/3433/3534
f 2823/3435/3535 2824/3436/3536 2829/3437/3537
f 2824/3436/3538 2825/3438/3539 2829/3437/3540
f 2825/3439/3541 2826/3440/3542 2829/3441/3543
f 2826/3440/3544 2827/3442/3545 2829/3441/3546
f 2827/3443/3547 2828/3444/3548 2829/3445/3549
f 2828/3444/3550 2821/3446/3551 2829/3445/3552
f 2830/3447/3553 2837/3448/3554 2836/3449/3555 2835/3450/3556 2834/3451/3557 2833/3452/3558 2832/3453/3559 2831/3454/3560
f 2830/3455/3561 2831/3456/3562 2838/3457/3563
f 2831/3456/3564 2832/3458/3565 2838/3457/3566
f 2832/3459/3567 2833/3460/3568 2838/3461/3569
f 2833/3460/3570 2834/3462/3571 2838/3461/3572
f 2834/3463/3573 2835/3464/3574 2838/3465/3575
f 2835/3464/3576 2836/3466/3577 2838/3465/3578
f 2836/3467/3579 2837/3468/3580 2838/3469/3581
f 2837/3468/3582 2830/3470/3583 2838/3469/3584
f 2839/3471/3585 2846/3472/3586 2845/3473/3587 2844/3474/3588 2843/3475/3589 2842/3476/3590 2841/3477/3591 2840/3478/3592
f 2839/3479/3593 2840/3480/3594 2847/3481/3595
f 2840/3480/3596 2841/3482/3597 2847/3481/3598
f 2841/3482/3599 2842/3483/3600 2847/3481/3601
f 2842/3484/3602 2843/3485/3603 2847/3486/3604
f 2843/3485/3605 2844/3487/3606 2847/3486/3607
f 2844/3487/3608 2845/3488/3609 2847/3486/3610
f 2845/3488/3611 2846/3489/3612 2847/3486/3613
f 2846/3490/3614 2839/3479/3615 2847/3481/3616
f 2848/3491/3617 2855/3492/3618 2854/3493/3619 2853/3494/3620 2852/3495/3621 2851/3496/3622 2850/3497/3623 2849/3498/3624
f 2848/3499/3625 2849/3500/3626 2856/3501/3627
f 2849/3500/3628 2850/3502/3629 2856/3501/3630
f 2850/3503/3631 2851/3504/3632 2856/3505/3633
f 2851/3504/3634 2852/3506/3635 2856/3505/3636
f 2852/3507/3637 2853/3508/3638 2856/3509/3639
f 2853/3508/3640 2854/3510/3641 2856/3509/3642
f 2854/3511/3643 2855/3512/3644 2856/3513/3645
f 2855/3512/3646 2848/3514/3647 2856/3513/3648
f 2857/3515/3649 2864/3516/3650 2863/3517/3651 2862/3518/3652 2861/3519/3653 2860/3520/3654 2859/3521/3655 2858/3522/3656
f 2857/3523/3657 2858/3524/3658 2865/3525/3659
f 2858/3524/3660 2859/3526/3661 2865/3525/3662
f 2859/3527/3663 2860/3528/3664 2865/3529/3665
f 2860/3528/3666 2861/3530/3667 2865/3529/3668
f 2861/3531/3669 2862/3532/3670 2865/3533/3671
f 2862/3532/3672 2863/3534/3673 2865/3533/3674
f 2863/3535/3675 2864/3536/3676 2865/3537/3677
f 2864/3536/3678 2857/3538/3679 2865/3537/3680
f 2866/3539/3681 2873/3540/3682 2872/3541/3683 2871/3542/3684 2870/3543/3685 2869/3544/3686 2868/3545/3687 2867/3546/3688
f 2866/3547/3689 2867/3548/3690 2874/3549/3691
f 2867/3548/3692 2868/3550/3693 2874/3549/3694
f 2868/3550/3695 2869/3551/3696 2874/3549/3697
f 2869/3552/3698 2870/3553/3699 2874/3554/3700
f 2870/3553/3701 2871/3555/3702 2874/3554/3703
f 2871/3555/3704 2872/3556/3705 2874/3554/3706
f 2872/3556/3707 2873/3557/3708 2874/3554/3709
f 2873/3558/3710 2866/3547/3711 2874/3549/3712
f 2875/3559/3713 2882/3560/3714 2881/3561/3715 2880/3562/3716 2879/3563/3717 2878/3564/3718 2877/3565/3719 2876/3566/3720
f 2875/3567/3721 2876/3568/3722 2883/3569/3723
f 2876/3568/3724 2877/3570/3725 2883/3569/3726
f 2877/3571/3727 2878/3572/3728 2883/3573/3729
f 2878/3572/3730 2879/3574/3731 2883/3573/3732
f 2879/3575/3733 2880/3576/3734 2883/3577/3735
f 2880/3576/3736 2881/3578/3737 2883/3577/3738
f 2881/3579/3739 2882/3580/3740 2883/3581/3741
f 2882/3580/3742 2875/3582/3743 2883/3581/3744
f 2884/3583/3745 2891/3584/3746 2890/3585/3747 2889/3586/3748 2888/3587/3749 2887/3588/3750 2886/3589/3751 2885/3590/3752
f 2884/3591/3753 2885/3592/3754 2892/3593/3755
f 2885/3592/3756 2886/3594/3757 2892/3593/3758
f 2886/3595/3759 2887/3596/3760 2892/3597/3761
f 2887/3596/3762 2888/3598/3763 2892/3597/3764
f 2888/3599/3765 2889/3600/3766 2892/3601/3767
f 2889/3600/3768 2890/3602/3769 2892/3601/3770
f 2890/3603/3771 2891/3604/3772 2892/3605/3773
f 2891/3604/3774 2884/3606/3775 2892/3605/3776
f 2893/3607/3777 2900/3608/3778 2899/3609/3779 2898/3610/3780 2897/3611/3781 2896/3612/3782 2895/3613/3783 2894/3614/3784
f 2893/3615/3785 2894/3616/3786 2901/3617/3787
f 2894/3616/3788 2895/3618/3789 2901/3617/3790
f 2895/3618/3791 2896/3619/3792 2901/3617/3793
f 2896/3620/3794 2897/3621/3795 2901/3622/3796
f 2897/3621/3797 2898/3623/3798 2901/3622/3799
f 2898/3623/3800 2899/3624/3801 2901/3622/3802
f 2899/3624/3803 2900/3625/3804 2901/3622/3805
f 2900/3626/3806 2893/3615/3807 2901/3617/3808
f 2902/3627/3809 2909/3628/3810 2908/3629/3811 2907/3630/3812 2906/3631/3813 2905/3632/3814 2904/3633/3815 2903/3634/3816
f 2902/3635/3817 2903/3636/3818 2910/3637/3819
f 2903/3636/3820 2904/3638/3821 2910/3637/3822
f 2904/3639/3823 2905/3640/3824 2910/3641/3825
f 2905/3640/3826 2906/3642/3827 2910/3641/3828
f 2906/3643/3829 2907/3644/3830 2910/3645/3831
f 2907/3644/3832 2908/3646/3833 2910/3645/3834
f 2908/3647/3835 2909/3648/3836 2910/3649/3837
f 2909/3648/3838 2902/3650/3839 2910/3649/3840
f 2911/3651/3841 2918/3652/3842 2917/3653/3843 2916/3654/3844 2915/3655/3845 2914/3656/3846 2913/3657/3847 2912/3658/3848
f 2911/3659/3849 2912/3660/3850 2919/3661/3851
f 2912/3660/3852 2913/3662/3853 2919/3661/3854
f 2913/3663/3855 2914/3664/3856 2919/3665/3857
f 2914/3664/3858 2915/3666/3859 2919/3665/3860
f 2915/3667/3861 2916/3668/3862 2919/3669/3863
f 2916/3668/3864 2917/3670/3865 2919/3669/3866
f 2917/3671/3867 2918/3672/3868 2919/3673/3869
f 2918/3672/3870 2911/3674/3871 2919/3673/3872
f 2920/3675/3873 2927/3676/3874 2926/3677/3875 2925/3678/3876 2924/3679/3877 2923/3680/3878 2922/3681/3879 2921/3682/3880
f 2920/3683/3881 2921/3684/3882 2928/3685/3883
f 2921/3684/3884 2922/3686/3885 2928/3685/3886
f 2922/3686/3887 2923/3687/3888 2928/3685/3889
f 2923/3688/3890 2924/3689/3891 2928/3690/3892
f 2924/3689/3893 2925/3691/3894 2928/3690/3895
f 2925/3691/3896 2926/3692/3897 2928/3690/3898
f 2926/3692/3899 2927/3693/3900 2928/3690/3901
f 2927/3694/3902 2920/3683/3903 2928/3685/3904
f 2929/3695/3905 2936/3696/3906 2935/3697/3907 2934/3698/3908 2933/3699/3909 2932/3700/3910 2931/3701/3911 2930/3702/3912
f 2929/3703/3913 2930/3704/3914 2937/3705/3915
f 2930/3704/3916 2931/3706/3917 2937/3705/3918
f 2931/3707/3919 2932/3708/3920 2937/3709/3921
f 2932/3708/3922 2933/3710/3923 2937/3709/3924
f 2933/3711/3925 2934/3712/3926 2937/3713/3927
f 2934/3712/3928 2935/3714/3929 2937/3713/3930
f 2935/3715/3931 2936/3716/3932 2937/3717/3933
f 2936/3716/3934 2929/3718/3935 2937/3717/3936
f 2938/3719/3937 2945/3720/3938 2944/3721/3939 2943/3722/3940 2942/3723/3941 2941/3724/3942 2940/3725/3943 2939/3726/3944
f 2938/3727/3945 2939/3728/3946 2946/3729/3947
f 2939/3728/3948 2940/3730/3949 2946/3729/3950
f 2940/3731/3951 2941/3732/3952 2946/3733/3953
f 2941/3732/3954 2942/3734/3955 2946/3733/3956
f 2942/3735/3957 2943/3736/3958 2946/3737/3959
f 2943/3736/3960 2944/3738/3961 2946/3737/3962
f 2944/3739/3963 2945/3740/3964 2946/3741/3965
f 2945/3740/3966 2938/3742/3967 2946/3741/3968
f 2947/3743/3969 2954/3744/3970 2953/3745/3971 2952/3746/3972 2951/3747/3973 2950/3748/3974 2949/3749/3975 2948/3750/3976
f 2947/3751/3977 2948/3752/3978 2955/3753/3979
f 2948/3752/3980 2949/3754/3981 2955/3753/3982
f 2949/3754/3983 2950/3755/3984 2955/3753/3985
f 2950/3756/3986 2951/3757/3987 2955/3758/3988
f 2951/3757/3989 2952/3759/3990 2955/3758/3991
f 2952/3759/3992 2953/3760/3993 2955/3758/3994
f 2953/3760/3995 2954/3761/3996 2955/3758/3997
f 2954/3762/3998 2947/3751/3999 2955/3753/4000
f 2956/3763/4001 2963/3764/4002 2962/3765/4003 2961/3766/4004 2960/3767/4005 2959/3768/4006 2958/3769/4007 2957/3770/4008
f 2956/3771/4009 2957/3772/4010 2964/3773/4011
f 2957/3772/4012 2958/3774/4013 2964/3773/4014
f 2958/3775/4015 2959/3776/4016 2964/3777/4017
f 2959/3776/4018 2960/3778/4019 2964/3777/4020
f 2960/3779/4021 2961/3780/4022 2964/3781/4023
f 2961/3780/4024 2962/3782/4025 2964/3781/4026
f 2962/3783/4027 2963/3784/4028 2964/3785/4029
f 2963/3784/4030 2956/3786/4031 2964/3785/4032
f 2965/3787/4033 2972/3788/4034 2971/3789/4035 2970/3790/4036 2969/3791/4037 2968/3792/4038 2967/3793/4039 2966/3794/4040
f 2965/3795/4041 2966/3796/4042 2973/3797/4043
f 2966/3796/4044 2967/3798/4045 2973/3797/4046
f 2967/3799/4047 2968/3800/4048 2973/3801/4049
f 2968/3800/4050 2969/3802/4051 2973/3801/4052
f 2969/3803/4053 2970/3804/4054 2973/3805/4055
f 2970/3804/4056 2971/3806/4057 2973/3805/4058
f 2971/3807/4059 2972/3808/4060 2973/3809/4061
f 2972/3808/4062 2965/3810/4063 2973/3809/4064
f 2974/3811/4065 2981/3812/4066 2980/3813/4067 2979/3814/4068 2978/3815/4069 2977/3816/4070 2976/3817/4071 2975/3818/4072
f 2974/3819/4073 2975/3820/4074 2982/3821/4075
f 2975/3820/4076 2976/3822/4077 2982/3821/4078
f 2976/3822/4079 2977/3823/4080 2982/3821/4081
f 2977/3824/4082 2978/3825/4083 2982/3826/4084
f 2978/3825/4085 2979/3827/4086 2982/3826/4087
f 2979/3827/4088 2980/3828/4089 2982/3826/4090
f 2980/3828/4091 2981/3829/4092 2982/3826/4093
f 2981/3830/4094 2974/3819/4095 2982/3821/4096
f 2983/3831/4097 2990/3832/4098 2989/3833/4099 2988/3834/4100 2987/3835/4101 2986/3836/4102 2985/3837/4103 2984/3838/4104
f 2983/3839/4105 2984/3840/4106 2991/3841/4107
f 2984/3840/4108 2985/3842/4109 2991/3841/4110
f 2985/3843/4111 2986/3844/4112 2991/3845/4113
f 2986/3844/4114 2987/3846/4115 2991/3845/4116
f 2987/3847/4117 2988/3848/4118 2991/3849/4119
f 2988/3848/4120 2989/3850/4121 2991/3849/4122
f 2989/3851/4123 2990/3852/4124 2991/3853/4125
f 2990/3852/4126 2983/3854/4127 2991/3853/4128
f 2992/3855/4129 2999/3856/4130 2998/3857/4131 2997/3858/4132 2996/3859/4133 2995/3860/4134 2994/3861/4135 2993/3862/4136
f 2992/3863/4137 2993/3864/4138 3000/3865/4139
f 2993/3864/4140 2994/3866/4141 3000/3865/4142
f 2994/3867/4143 2995/3868/4144 3000/3869/4145
f 2995/3868/4146 2996/3870/4147 3000/3869/4148
f 2996/3871/4149 2997/3872/4150 3000/3873/4151
f 2997/3872/4152 2998/3874/4153 3000/3873/4154
f 2998/3875/4155 2999/3876/4156 3000/3877/4157
f 2999/3876/4158 2992/3878/4159 3000/3877/4160
f 3001/3879/4161 3008/3880/4162 3007/3881/4163 3006/3882/4164 3005/3883/4165 3004/3884/4166 3003/3885/4167 3002/3886/4168
f 3001/3887/4169 3002/3888/4170 3009/3889/4171
f 3002/3888/4172 3003/3890/4173 3009/3889/4174
f 3003/3890/4175 3004/3891/4176 3009/3889/4177
f 3004/3892/4178 3005/3893/4179 3009/3894/4180
f 3005/3893/4181 3006/3895/4182 3009/3894/4183
f 3006/3895/4184 3007/3896/4185 3009/3894/4186
f 3007/3896/4187 3008/3897/4188 3009/3894/4189
f 3008/3898/4190 3001/3887/4191 3009/3889/4192
f 3010/3899/4193 3017/3900/4194 3016/3901/4195 3015/3902/4196 3014/3903/4197 3013/3904/4198 3012/3905/4199 3011/3906/4200
f 3010/3907/4201 3011/3908/4202 3018/3909/4203
f 3011/3908/4204 3012/3910/4205 3018/3909/4206
f 3012/3911/4207 3013/3912/4208 3018/3913/4209
f 3013/3912/4210 3014/3914/4211 3018/3913/4212
f 3014/3915/4213 3015/3916/4214 3018/3917/4215
f 3015/3916/4216 3016/3918/4217 3018/3917/4218
f 3016/3919/4219 3017/3920/4220 3018/3921/4221
f 3017/3920/4222 3010/3922/4223 3018/3921/4224
f 3019/3923/4225 3026/3924/4226 3025/3925/4227 3024/3926/4228 3023/3927/4229 3022/3928/4230 3021/3929/4231 3020/3930/4232
f 3019/3931/4233 3020/3932/4234 3027/3933/4235
f 3020/3932/4236 3021/3934/4237 3027/3933/4238
f 3021/3935/4239 3022/3936/4240 3027/3937/4241
f 3022/3936/4242 3023/3938/4243 3027/3937/4244
f 3023/3939/4245 3024/3940/4246 3027/3941/4247
f 3024/3940/4248 3025/3942/4249 3027/3941/4250
f 3025/3943/4251 3026/3944/4252 3027/3945/4253
f 3026/3944/4254 3019/3946/4255 3027/3945/4256
f 3028/3947/4257 3035/3948/4258 3034/3949/4259 3033/3950/4260 3032/3951/4261 3031/3952/4262 3030/3953/4263 3029/3954/4264
f 3028/3955/4265 3029/3956/4266 3036/3957/4267
f 3029/3956/4268 3030/3958/4269 3036/3957/4270
f 3030/3958/4271 3031/3959/4272 3036/3957/4273
f 3031/3960/4274 3032/3961/4275 3036/3962/4276
f 3032/3961/4277 3033/3963/4278 3036/3962/4279
f 3033/3963/4280 3034/3964/4281 3036/3962/4282
f 3034/3964/4283 3035/3965/4284 3036/3962/4285
f 3035/3966/4286 3028/3955/4287 3036/3957/4288
f 3037/3967/4289 3044/3968/4290 3043/3969/4291 3042/3970/4292 3041/3971/4293 3040/3972/4294 3039/3973/4295 3038/3974/4296
f 3037/3975/4297 3038/3976/4298 3045/3977/4299
f 3038/3976/4300 3039/3978/4301 3045/3977/4302
f 3039/3979/4303 3040/3980/4304 3045/3981/4305
f 3040/3980/4306 3041/3982/4307 3045/3981/4308
f 3041/3983/4309 3042/3984/4310 3045/3985/4311
f 3042/3984/4312 3043/3986/4313 3045/3985/4314
f 3043/3987/4315 3044/3988/4316 3045/3989/4317
f 3044/3988/4318 3037/3990/4319 3045/3989/4320
f 3046/3991/4321 3053/3992/4322 3052/3993/4323 3051/3994/4324 3050/3995/4325 3049/3996/4326 3048/3997/4327 3047/3998/4328
f 3046/3999/4329 3047/4000/4330 3054/4001/4331
f 3047/4000/4332 3048/4002/4333 3054/4001/4334
f 3048/4003/4335 3049/4004/4336 3054/4005/4337
f 3049/4004/4338 3050/4006/4339 3054/4005/4340
f 3050/4007/4341 3051/4008/4342 3054/4009/4343
f 3051/4008/4344 3052/4010/4345 3054/4009/4346
f 3052/4011/4347 3053/4012/4348 3054/4013/4349
f 3053/4012/4350 3046/4014/4351 3054/4013/4352
f 3055/4015/4353 3062/4016/4354 3061/4017/4355 3060/4018/4356 3059/4019/4357 3058/4020/4358 3057/4021/4359 3056/4022/4360
f 3055/4023/4361 3056/4024/4362 3063/4025/4363
f 3056/4024/4364 3057/4026/4365 3063/4025/4366
f 3057/4026/4367 3058/4027/4368 3063/4025/4369
f 3058/4028/4370 3059/4029/4371 3063/4030/4372
f 3059/4029/4373 3060/4031/4374 3063/4030/4375
f 3060/4031/4376 3061/4032/4377 3063/4030/4378
f 3061/4032/4379 3062/4033/4380 3063/4030/4381
f 3062/4034/4382 3055/4023/4383 3063/4025/4384
f 3064/4035/4385 3071/4036/4386 3070/4037/4387 3069/4038/4388 3068/4039/4389 3067/4040/4390 3066/4041/4391 3065/4042/4392
f 3064/4043/4393 3065/4044/4394 3072/4045/4395
f 3065/4044/4396 3066/4046/4397 3072/4045/4398
f 3066/4047/4399 3067/4048/4400 3072/4049/4401
f 3067/4048/4402 3068/4050/4403 3072/4049/4404
f 3068/4051/4405 3069/4052/4406 3072/4053/4407
f 3069/4052/4408 3070/4054/4409 3072/4053/4410
f 3070/4055/4411 3071/4056/4412 3072/4057/4413
f 3071/4056/4414 3064/4058/4415 3072/4057/4416
f 3073/4059/4417 3080/4060/4418 3079/4061/4419 3078/4062/4420 3077/4063/4421 3076/4064/4422 3075/4065/4423 3074/4066/4424
f 3073/4067/4425 3074/4068/4426 3081/4069/4427
f 3074/4068/4428 3075/4070/4429 3081/4069/4430
f 3075/4071/4431 3076/4072/4432 3081/4073/4433
f 3076/4072/4434 3077/4074/4435 3081/4073/4436
f 3077/4075/4437 3078/4076/4438 3081/4077/4439
f 3078/4076/4440 3079/4078/4441 3081/4077/4442
f 3079/4079/4443 3080/4080/4444 3081/4081/4445
f 3080/4080/4446 3073/4082/4447 3081/4081/4448
f 3082/4083/4449 3089/4084/4450 3088/4085/4451 3087/4086/4452 3086/4087/4453 3085/4088/4454 3084/4089/4455 3083/4090/4456
f 3082/4091/4457 3083/4092/4458 3090/4093/4459
f 3083/4092/4460 3084/4094/4461 3090/4093/4462
f 3084/4094/4463 3085/4095/4464 3090/4093/4465
f 3085/4096/4466 3086/4097/4467 3090/4098/4468
f 3086/4097/4469 3087/4099/4470 3090/4098/4471
f 3087/4099/4472 3088/4100/4473 3090/4098/4474
f 3088/4100/4475 3089/4101/4476 3090/4098/4477
f 3089/4102/4478 3082/4091/4479 3090/4093/4480
f 3091/4103/4481 3098/4104/4482 3097/4105/4483 3096/4106/4484 3095/4107/4485 3094/4108/4486 3093/4109/4487 3092/4110/4488
f 3091/4111/4489 3092/4112/4490 3099/4113/4491
f 3092/4112/4492 3093/4114/4493 3099/4113/4494
f 3093/4115/4495 3094/4116/4496 3099/4117/4497
f 3094/4116/4498 3095/4118/4499 3099/4117/4500
f 3095/4119/4501 3096/4120/4502 3099/4121/4503
f 3096/4120/4504 3097/4122/4505 3099/4121/4506
f 3097/4123/4507 3098/4124/4508 3099/4125/4509
f 3098/4124/4510 3091/4126/4511 3099/4125/4512
f 3100/4127/4513 3107/4128/4514 3106/4129/4515 3105/4130/4516 3104/4131/4517 3103/4132/4518 3102/4133/4519 3101/4134/4520
f 3100/4135/4521 3101/4136/4522 3108/4137/4523
f 3101/4136/4524 3102/4138/4525 3108/4137/4526
f 3102/4139/4527 3103/4140/4528 3108/4141/4529
f 3103/4140/4530 3104/4142/4531 3108/4141/4532
f 3104/4143/4533 3105/4144/4534 3108/4145/4535
f 3105/4144/4536 3106/4146/4537 3108/4145/4538
f 3106/4147/4539 3107/4148/4540 3108/4149/4541
f 3107/4148/4542 3100/4150/4543 3108/4149/4544
f 3109/4151/4545 3116/4152/4546 3115/4153/4547 3114/4154/4548 3113/4155/4549 3112/4156/4550 3111/4157/4551 3110/4158/4552
f 3109/4159/4553 3110/4160/4554 3117/4161/4555
f 3110/4160/4556 3111/4162/4557 3117/4161/4558
f 3111/4162/4559 3112/4163/4560 3117/4161/4561
f 3112/4164/4562 3113/4165/4563 3117/4166/4564
f 3113/4165/4565 3114/4167/4566 3117/4166/4567
f 3114/4167/4568 3115/4168/4569 3117/4166/4570
f 3115/4168/4571 3116/4169/4572 3117/4166/4573
f 3116/4170/4574 3109/4159/4575 3117/4161/4576
f 3118/4171/4577 3125/4172/4578 3124/4173/4579 3123/4174/4580 3122/4175/4581 3121/4176/4582 3120/4177/4583 3119/4178/4584
f 3118/4179/4585 3119/4180/4586 3126/4181/4587
f 3119/4180/4588 3120/4182/4589 3126/4181/4590
f 3120/4183/4591 3121/4184/4592 3126/4185/4593
f 3121/4184/4594 3122/4186/4595 3126/4185/4596
f 3122/4187/4597 3123/4188/4598 3126/4189/4599
f 3123/4188/4600 3124/4190/4601 3126/4189/4602
f 3124/4191/4603 3125/4192/4604 3126/4193/4605
f 3125/4192/4606 3118/4194/4607 3126/4193/4608
f 3127/4195/4609 3134/4196/4610 3133/4197/4611 3132/4198/4612 3131/4199/4613 3130/4200/4614 3129/4201/4615 3128/4202/4616
f 3127/4203/4617 3128/4204/4618 3135/4205/4619
f 3128/4204/4620 3129/4206/4621 3135/4205/4622
f 3129/4207/4623 3130/4208/4624 3135/4209/4625
f 3130/4208/4626 3131/4210/4627 3135/4209/4628
f 3131/4211/4629 3132/4212/4630 3135/4213/4631
f 3132/4212/4632 3133/4214/4633 3135/4213/4634
f 3133/4215/4635 3134/4216/4636 3135/4217/4637
f 3134/4216/4638 3127/4218/4639 3135/4217/4640
f 3136/4219/4641 3143/4220/4642 3142/4221/4643 3141/4222/4644 3140/4223/4645 3139/4224/4646 3138/4225/4647 3137/4226/4648
f 3136/4227/4649 3137/4228/4650 3144/4229/4651
f 3137/4228/4652 3138/4230/4653 3144/4229/4654
f 3138/4230/4655 3139/4231/4656 3144/4229/4657
f 3139/4232/4658 3140/4233/4659 3144/4234/4660
f 3140/4233/4661 3141/4235/4662 3144/4234/4663
f 3141/4235/4664 3142/4236/4665 3144/4234/4666
f 3142/4236/4667 3143/4237/4668 3144/4234/4669
f 3143/4238/4670 3136/4227/4671 3144/4229/4672
f 3145/4239/4673 3152/4240/4674 3151/4241/4675 3150/4242/4676 3149/4243/4677 3148/4244/4678 3147/4245/4679 3146/4246/4680
f 3145/4247/4681 3146/4248/4682 3153/4249/4683
f 3146/4248/4684 3147/4250/4685 3153/4249/4686
f 3147/4251/4687 3148/4252/4688 3153/4253/4689
f 3148/4252/4690 3149/4254/4691 3153/4253/4692
f 3149/4255/4693 3150/4256/4694 3153/4257/4695
f 3150/4256/4696 3151/4258/4697 3153/4257/4698
f 3151/4259/4699 3152/4260/4700 3153/4261/4701
f 3152/4260/4702 3145/4262/4703 3153/4261/4704
f 3154/4263/4705 3161/4264/4706 3160/4265/4707 3159/4266/4708 3158/4267/4709 3157/4268/4710 3156/4269/4711 3155/4270/4712
f 3154/4271/4713 3155/4272/4714 3162/4273/4715
f 3155/4272/4716 3156/4274/4717 3162/4273/4718
f 3156/4275/4719 3157/4276/4720 3162/4277/4721
f 3157/4276/4722 3158/4278/4723 3162/4277/4724
f 3158/4279/4725 3159/4280/4726 3162/4281/4727
f 3159/4280/4728 3160/4282/4729 3162/4281/4730
f 3160/4283/4731 3161/4284/4732 3162/4285/4733
f 3161/4284/4734 3154/4286/4735 3162/4285/4736
f 3163/4287/4737 3170/4288/4738 3169/4289/4739 3168/4290/4740 3167/4291/4741 3166/4292/4742 3165/4293/4743 3164/4294/4744
f 3163/4295/4745 3164/4296/4746 3171/4297/4747
f 3164/4296/4748 3165/4298/4749 3171/4297/4750
f 3165/4298/4751 3166/4299/4752 3171/4297/4753
f 3166/4300/4754 3167/4301/4755 3171/4302/4756
f 3167/4301/4757 3168/4303/4758 3171/4302/4759
f 3168/4303/4760 3169/4304/4761 3171/4302/4762
f 3169/4304/4763 3170/4305/4764 3171/4302/4765
f 3170/4306/4766 3163/4295/4767 3171/4297/4768
f 3172/4307/4769 3179/4308/4770 3178/4309/4771 3177/4310/4772 3176/4311/4773 3175/4312/4774 3174/4313/4775 3173/4314/4776
f 3172/4315/4777 3173/4316/4778 3180/4317/4779
f 3173/4316/4780 3174/4318/4781 3180/4317/4782
f 3174/4319/4783 3175/4320/4784 3180/4321/4785
f 3175/4320/4786 3176/4322/4787 3180/4321/4788
f 3176/4323/4789 3177/4324/4790 3180/4325/4791
f 3177/4324/4792 3178/4326/4793 3180/4325/4794
f 3178/4327/4795 3179/4328/4796 3180/4329/4797
f 3179/4328/4798 3172/4330/4799 3180/4329/4800
f 3181/4331/4801 3188/4332/4802 3187/4333/4803 3186/4334/4804 3185/4335/4805 3184/4336/4806 3183/4337/4807 3182/4338/4808
f 3181/4339/4809 3182/4340/4810 3189/4341/4811
f 3182/4340/4812 3183/4342/4813 3189/4341/4814
f 3183/4343/4815 3184/4344/4816 3189/4345/4817
f 3184/4344/4818 3185/4346/4819 3189/4345/4820
f 3185/4347/4821 3186/4348/4822 3189/4349/4823
f 3186/4348/4824 3187/4350/4825 3189/4349/4826
f 3187/4351/4827 3188/4352/4828 3189/4353/4829
f 3188/4352/4830 3181/4354/4831 3189/4353/4832
f 3190/4355/4833 3197/4356/4834 3196/4357/4835 3195/4358/4836 3194/4359/4837 3193/4360/4838 3192/4361/4839 3191/4362/4840
f 3190/4363/4841 3191/4364/4842 3198/4365/4843
f 3191/4364/4844 3192/4366/4845 3198/4365/4846
f 3192/4366/4847 3193/4367/4848 3198/4365/4849
f 3193/4368/4850 3194/4369/4851 3198/4370/4852
f 3194/4369/4853 3195/4371/4854 3198/4370/4855
f 3195/4371/4856 3196/4372/4857 3198/4370/4858
f 3196/4372/4859 3197/4373/4860 3198/4370/4861
f 3197/4374/4862 3190/4363/4863 3198/4365/4864
f 3199/4375/4865 3206/4376/4866 3205/4377/4867 3204/4378/4868 3203/4379/4869 3202/4380/4870 3201/4381/4871 3200/4382/4872
f 3199/4383/4873 3200/4384/4874 3207/4385/4875
f 3200/4384/4876 3201/4386/4877 3207/4385/4878
f 3201/4387/4879 3202/4388/4880 3207/4389/4881
f 3202/4388/4882 3203/4390/4883 3207/4389/4884
f 3203/4391/4885 3204/4392/4886 3207/4393/4887
f 3204/4392/4888 3205/4394/4889 3207/4393/4890
f 3205/4395/4891 3206/4396/4892 3207/4397/4893
f 3206/4396/4894 3199/4398/4895 3207/4397/4896
f 3208/4399/4897 3215/4400/4898 3214/4401/4899 3213/4402/4900 3212/4403/4901 3211/4404/4902 3210/4405/4903 3209/4406/4904
f 3208/4407/4905 3209/4408/4906 3216/4409/4907
f 3209/4408/4908 3210/4410/4909 3216/4409/4910
f 3210/4411/4911 3211/4412/4912 3216/4413/4913
f 3211/4412/4914 3212/4414/4915 3216/4413/4916
f 3212/4415/4917 3213/4416/4918 3216/4417/4919
f 3213/4416/4920 3214/4418/4921 3216/4417/4922
f 3214/4419/4923 3215/4420/4924 3216/4421/4925
f 3215/4420/4926 3208/4422/4927 3216/4421/4928
f 3217/4423/4929 3224/4424/4930 3223/4425/4931 3222/4426/4932 3221/4427/4933 3220/4428/4934 3219/4429/4935 3218/4430/4936
f 3217/4431/4937 3218/4432/4938 3225/4433/4939
f 3218/4432/4940 3219/4434/4941 3225/4433/4942
f 3219/4434/4943 3220/4435/4944 3225/4433/4945
f 3220/4436/4946 3221/4437/4947 3225/4438/4948
f 3221/4437/4949 3222/4439/4950 3225/4438/4951
f 3222/4439/4952 3223/4440/4953 3225/4438/4954
f 3223/4440/4955 3224/4441/4956 3225/4438/4957
f 3224/4442/4958 3217/4431/4959 3225/4433/4960
f 3226/4443/4961 3233/4444/4962 3232/4445/4963 3231/4446/4964 3230/4447/4965 3229/4448/4966 3228/4449/4967 3227/4450/4968
f 3226/4451/4969 3227/4452/4970 3234/4453/4971
f 3227/4452/4972 3228/4454/4973 3234/4453/4974
f 3228/4455/4975 3229/4456/4976 3234/4457/4977
f 3229/4456/4978 3230/4458/4979 3234/4457/4980
f 3230/4459/4981 3231/4460/4982 3234/4461/4983
f 3231/4460/4984 3232/4462/4985 3234/4461/4986
f 3232/4463/4987 3233/4464/4988 3234/4465/4989
f 3233/4464/4990 3226/4466/4991 3234/4465/4992
f 3235/4467/4993 3242/4468/4994 3241/4469/4995 3240/4470/4996 3239/4471/4997 3238/4472/4998 3237/4473/4999 3236/4474/5000
f 3235/4475/5001 3236/4476/5002 3243/4477/5003
f 3236/4476/5004 3237/4478/5005 3243/4477/5006
f 3237/4479/5007 3238/4480/5008 3243/4481/5009
f 3238/4480/5010 3239/4482/5011 3243/4481/5012
f 3239/4483/5013 3240/4484/5014 3243/4485/5015
f 3240/4484/5016 3241/4486/5017 3243/4485/5018
f 3241/4487/5019 3242/4488/5020 3243/4489/5021
f 3242/4488/5022 3235/4490/5023 3243/4489/5024
f 3244/4491/5025 3251/4492/5026 3250/4493/5027 3249/4494/5028 3248/4495/5029 3247/4496/5030 3246/4497/5031 3245/4498/5032
f 3244/4499/5033 3245/4500/5034 3252/4501/5035
f 3245/4500/5036 3246/4502/5037 3252/4501/5038
f 3246/4502/5039 3247/4503/5040 3252/4501/5041
f 3247/4504/5042 3248/4505/5043 3252/4506/5044
f 3248/4505/5045 3249/4507/5046 3252/4506/5047
f 3249/4507/5048 3250/4508/5049 3252/4506/5050
f 3250/4508/5051 3251/4509/5052 3252/4506/5053
f 3251/4510/5054 3244/4499/5055 3252/4501/5056
f 3253/4511/5057 3260/4512/5058 3259/4513/5059 3258/4514/5060 3257/4515/5061 3256/4516/5062 3255/4517/5063 3254/4518/5064
f 3253/4519/5065 3254/4520/5066 3261/4521/5067
f 3254/4520/5068 3255/4522/5069 3261/4521/5070
f 3255/4523/5071 3256/4524/5072 3261/4525/5073
f 3256/4524/5074 3257/4526/5075 3261/4525/5076
f 3257/4527/5077 3258/4528/5078 3261/4529/5079
f 3258/4528/5080 3259/4530/5081 3261/4529/5082
f 3259/4531/5083 3260/4532/5084 3261/4533/5085
f 3260/4532/5086 3253/4534/5087 3261/4533/5088
f 3262/4535/5089 3269/4536/5090 3268/4537/5091 3267/4538/5092 3266/4539/5093 3265/4540/5094 3264/4541/5095 3263/4542/5096
f 3262/4543/5097 3263/4544/5098 3270/4545/5099
f 3263/4544/5100 3264/4546/5101 3270/4545/5102
f 3264/4547/5103 3265/4548/5104 3270/4549/5105
f 3265/4548/5106 3266/4550/5107 3270/4549/5108
f 3266/4551/5109 3267/4552/5110 3270/4553/5111
f 3267/4552/5112 3268/4554/5113 3270/4553/5114
f 3268/4555/5115 3269/4556/5116 3270/4557/5117
f 3269/4556/5118 3262/4558/5119 3270/4557/5120
f 3271/4559/5121 3278/4560/5122 3277/4561/5123 3276/4562/5124 3275/4563/5125 3274/4564/5126 3273/4565/5127 3272/4566/5128
f 3271/4567/5129 3272/4568/5130 3279/4569/5131
f 3272/4568/5132 3273/4570/5133 3279/4569/5134
f 3273/4570/5135 3274/4571/5136 3279/4569/5137
f 3274/4572/5138 3275/4573/5139 3279/4574/5140
f 3275/4573/5141 3276/4575/5142 3279/4574/5143
f 3276/4575/5144 3277/4576/5145 3279/4574/5146
f 3277/4576/5147 3278/4577/5148 3279/4574/5149
f 3278/4578/5150 3271/4567/5151 3279/4569/5152
f 3280/4579/5153 3287/4580/5154 3286/4581/5155 3285/4582/5156 3284/4583/5157 3283/4584/5158 3282/4585/5159 3281/4586/5160
f 3280/4587/5161 3281/4588/5162 3288/4589/5163
f 3281/4588/5164 3282/4590/5165 3288/4589/5166
f 3282/4591/5167 3283/4592/5168 3288/4593/5169
f 3283/4592/5170 3284/4594/5171 3288/4593/5172
f 3284/4595/5173 3285/4596/5174 3288/4597/5175
f 3285/4596/5176 3286/4598/5177 3288/4597/5178
f 3286/4599/5179 3287/4600/5180 3288/4601/5181
f 3287/4600/5182 3280/4602/5183 3288/4601/5184
f 3289/4603/5185 3296/4604/5186 3295/4605/5187 3294/4606/5188 3293/4607/5189 3292/4608/5190 3291/4609/5191 3290/4610/5192
f 3289/4611/5193 3290/4612/5194 3297/4613/5195
f 3290/4612/5196 3291/4614/5197 3297/4613/5198
f 3291/4615/5199 3292/4616/5200 3297/4617/5201
f 3292/4616/5202 3293/4618/5203 3297/4617/5204
f 3293/4619/5205 3294/4620/5206 3297/4621/5207
f 3294/4620/5208 3295/4622/5209 3297/4621/5210
f 3295/4623/5211 3296/4624/5212 3297/4625/5213
f 3296/4624/5214 3289/4626/5215 3297/4625/5216
f 3298/4627/5217 3305/4628/5218 3304/4629/5219 3303/4630/5220 3302/4631/5221 3301/4632/5222 3300/4633/5223 3299/4634/5224
f 3298/4635/5225 3299/4636/5226 3306/4637/5227
f 3299/4636/5228 3300/4638/5229 3306/4637/5230
f 3300/4638/5231 3301/4639/5232 3306/4637/5233
f 3301/4640/5234 3302/4641/5235 3306/4642/5236
f 3302/4641/5237 3303/4643/5238 3306/4642/5239
f 3303/4643/5240 3304/4644/5241 3306/4642/5242
f 3304/4644/5243 3305/4645/5244 3306/4642/5245
f 3305/4646/5246 3298/4635/5247 3306/4637/5248
f 3307/4647/5249 3314/4648/5250 3313/4649/5251 3312/4650/5252 3311/4651/5253 3310/4652/5254 3309/4653/5255 3308/4654/5256
f 3307/4655/5257 3308/4656/5258 3315/4657/5259
f 3308/4656/5260 3309/4658/5261 3315/4657/5262
f 3309/4659/5263 3310/4660/5264 3315/4661/5265
f 3310/4660/5266 3311/4662/5267 3315/4661/5268
f 3311/4663/5269 3312/4664/5270 3315/4665/5271
f 3312/4664/5272 3313/4666/5273 3315/4665/5274
f 3313/4667/5275 3314/4668/5276 3315/4669/5277
f 3314/4668/5278 3307/4670/5279 3315/4669/5280
f 3316/4671/5281 3323/4672/5282 3322/4673/5283 3321/4674/5284 3320/4675/5285 3319/4676/5286 3318/4677/5287 3317/4678/5288
f 3316/4679/5289 3317/4680/5290 3324/4681/5291
f 3317/4680/5292 3318/4682/5293 3324/4681/5294
f 3318/4683/5295 3319/4684/5296 3324/4685/5297
f 3319/4684/5298 3320/4686/5299 3324/4685/5300
f 3320/4687/5301 3321/4688/5302 3324/4689/5303
f 3321/4688/5304 3322/4690/5305 3324/4689/5306
f 3322/4691/5307 3323/4692/5308 3324/4693/5309
f 3323/4692/5310 3316/4694/5311 3324/4693/5312
f 3325/4695/5313 3332/4696/5314 3331/4697/5315 3330/4698/5316 3329/4699/5317 3328/4700/5318 3327/4701/5319 3326/4702/5320
f 3325/4703/5321 3326/4704/5322 3333/4705/5323
f 3326/4704/5324 3327/4706/5325 3333/4705/5326
f 3327/4706/5327 3328/4707/5328 3333/4705/5329
f 3328/4708/5330 3329/4709/5331 3333/4710/5332
f 3329/4709/5333 3330/4711/5334 3333/4710/5335
f 3330/4711/5336 3331/4712/5337 3333/4710/5338
f 3331/4712/5339 3332/4713/5340 3333/4710/5341
f 3332/4714/5342 3325/4703/5343 3333/4705/5344
f 3334/4715/5345 3341/4716/5346 3340/4717/5347 3339/4718/5348 3338/4719/5349 3337/4720/5350 3336/4721/5351 3335/4722/5352
f 3334/4723/5353 3335/4724/5354 3342/4725/5355
f 3335/4724/5356 3336/4726/5357 3342/4725/5358
f 3336/4727/5359 3337/4728/5360 3342/4729/5361
f 3337/4728/5362 3338/4730/5363 3342/4729/5364
f 3338/4731/5365 3339/4732/5366 3342/4733/5367
f 3339/4732/5368 3340/4734/5369 3342/4733/5370
f 3340/4735/5371 3341/4736/5372 3342/4737/5373
f 3341/4736/5374 3334/4738/5375 3342/4737/5376
f 3343/4739/5377 3350/4740/5378 3349/4741/5379 3348/4742/5380 3347/4743/5381 3346/4744/5382 3345/4745/5383 3344/4746/5384
f 3343/4747/5385 3344/4748/5386 3351/4749/5387
f 3344/4748/5388 3345/4750/5389 3351/4749/5390
f 3345/4751/5391 3346/4752/5392 3351/4753/5393
f 3346/4752/5394 3347/4754/5395 3351/4753/5396
f 3347/4755/5397 3348/4756/5398 3351/4757/5399
f 3348/4756/5400 3349/4758/5401 3351/4757/5402
f 3349/4759/5403 3350/4760/5404 3351/4761/5405
f 3350/4760/5406 3343/4762/5407 3351/4761/5408
f 3352/4763/5409 3359/4764/5410 3358/4765/5411 3357/4766/5412 3356/4767/5413 3355/4768/5414 3354/4769/5415 3353/4770/5416
f 3352/4771/5417 3353/4772/5418 3360/4773/5419
f 3353/4772/5420 3354/4774/5421 3360/4773/5422
f 3354/4774/5423 3355/4775/5424 3360/4773/5425
f 3355/4776/5426 3356/4777/5427 3360/4778/5428
f 3356/4777/5429 3357/4779/5430 3360/4778/5431
f 3357/4779/5432 3358/4780/5433 3360/4778/5434
f 3358/4780/5435 3359/4781/5436 3360/4778/5437
f 3359/4782/5438 3352/4771/5439 3360/4773/5440
f 3361/4783/5441 3368/4784/5442 3367/4785/5443 3366/4786/5444 3365/4787/5445 3364/4788/5446 3363/4789/5447 3362/4790/5448
f 3361/4791/5449 3362/4792/5450 3369/4793/5451
f 3362/4792/5452 3363/4794/5453 3369/4793/5454
f 3363/4795/5455 3364/4796/5456 3369/4797/5457
f 3364/4796/5458 3365/4798/5459 3369/4797/5460
f 3365/4799/5461 3366/4800/5462 3369/4801/5463
f 3366/4800/5464 3367/4802/5465 3369/4801/5466
f 3367/4803/5467 3368/4804/5468 3369/4805/5469
f 3368/4804/5470 3361/4806/5471 3369/4805/5472
f 3370/4807/5473 3377/4808/5474 3376/4809/5475 3375/4810/5476 3374/4811/5477 3373/4812/5478 3372/4813/5479 3371/4814/5480
f 3370/4815/5481 3371/4816/5482 3378/4817/5483
f 3371/4816/5484 3372/4818/5485 3378/4817/5486
f 3372/4819/5487 3373/4820/5488 3378/4821/5489
f 3373/4820/5490 3374/4822/5491 3378/4821/5492
f 3374/4823/5493 3375/4824/5494 3378/4825/5495
f 3375/4824/5496 3376/4826/5497 3378/4825/5498
f 3376/4827/5499 3377/4828/5500 3378/4829/5501
f 3377/4828/5502 3370/4830/5503 3378/4829/5504
f 3379/4831/5505 3386/4832/5506 3385/4833/5507 3384/4834/5508 3383/4835/5509 3382/4836/5510 3381/4837/5511 3380/4838/5512
f 3379/4839/5513 3380/4840/5514 3387/4841/5515
f 3380/4840/5516 3381/4842/5517 3387/4841/5518
f 3381/4842/5519 3382/4843/5520 3387/4841/5521
f 3382/4844/5522 3383/4845/5523 3387/4846/5524
f 3383/4845/5525 3384/4847/5526 3387/4846/5527
f 3384/4847/5528 3385/4848/5529 3387/4846/5530
f 3385/4848/5531 3386/4849/5532 3387/4846/5533
f 3386/4850/5534 3379/4839/5535 3387/4841/5536
f 3388/4851/5537 3395/4852/5538 3394/4853/5539 3393/4854/5540 3392/4855/5541 3391/4856/5542 3390/4857/5543 3389/4858/5544
f 3388/4859/5545 3389/4860/5546 3396/4861/5547
f 3389/4860/5548 3390/4862/5549 3396/4861/5550
f 3390/4863/5551 3391/4864/5552 3396/4865/5553
f 3391/4864/5554 3392/4866/5555 3396/4865/5556
f 3392/4867/5557 3393/4868/5558 3396/4869/5559
f 3393/4868/5560 3394/4870/5561 3396/4869/5562
f 3394/4871/5563 3395/4872/5564 3396/4873/5565
f 3395/4872/5566 3388/4874/5567 3396/4873/5568
f 3397/4875/5569 3404/4876/5570 3403/4877/5571 3402/4878/5572 3401/4879/5573 3400/4880/5574 3399/4881/5575 3398/4882/5576
f 3397/4883/5577 3398/4884/5578 3405/4885/5579
f 3398/4884/5580 3399/4886/5581 3405/4885/5582
f 3399/4887/5583 3400/4888/5584 3405/4889/5585
f 3400/4888/5586 3401/4890/5587 3405/4889/5588
f 3401/4891/5589 3402/4892/5590 3405/4893/5591
f 3402/4892/5592 3403/4894/5593 3405/4893/5594
f 3403/4895/5595 3404/4896/5596 3405/4897/5597
f 3404/4896/5598 3397/4898/5599 3405/4897/5600
f 3406/4899/5601 3413/4900/5602 3412/4901/5603 3411/4902/5604 3410/4903/5605 3409/4904/5606 3408/4905/5607 3407/4906/5608
f 3406/4907/5609 3407/4908/5610 3414/4909/5611
f 3407/4908/5612 3408/4910/5613 3414/4909/5614
f 3408/4910/5615 3409/4911/5616 3414/4909/5617
f 3409/4912/5618 3410/4913/5619 3414/4914/5620
f 3410/4913/5621 3411/4915/5622 3414/4914/5623
f 3411/4915/5624 3412/4916/5625 3414/4914/5626
f 3412/4916/5627 3413/4917/5628 3414/4914/5629
f 3413/4918/5630 3406/4907/5631 3414/4909/5632
f 3415/4919/5633 3422/4920/5634 3421/4921/5635 3420/4922/5636 3419/4923/5637 3418/4924/5638 3417/4925/5639 3416/4926/5640
f 3415/4927/5641 3416/4928/5642 3423/4929/5643
f 3416/4928/5644 3417/4930/5645 3423/4929/5646
f 3417/4931/5647 3418/4932/5648 3423/4933/5649
f 3418/4932/5650 3419/4934/5651 3423/4933/5652
f 3419/4935/5653 3420/4936/5654 3423/4937/5655
f 3420/4936/5656 3421/4938/5657 3423/4937/5658
f 3421/4939/5659 3422/4940/5660 3423/4941/5661
f 3422/4940/5662 3415/4942/5663 3423/4941/5664
f 3424/4943/5665 3431/4944/5666 3430/4945/5667 3429/4946/5668 3428/4947/5669 3427/4948/5670 3426/4949/5671 3425/4950/5672
f 3424/4951/5673 3425/4952/5674 3432/4953/5675
f 3425/4952/5676 3426/4954/5677 3432/4953/5678
f 3426/4955/5679 3427/4956/5680 3432/4957/5681
f 3427/4956/5682 3428/4958/5683 3432/4957/5684
f 3428/4959/5685 3429/4960/5686 3432/4961/5687
f 3429/4960/5688 3430/4962/5689 3432/4961/5690
f 3430/4963/5691 3431/4964/5692 3432/4965/5693
f 3431/4964/5694 3424/4966/5695 3432/4965/5696
f 3433/4967/5697 3440/4968/5698 3439/4969/5699 3438/4970/5700 3437/4971/5701 3436/4972/5702 3435/4973/5703 3434/4974/5704
f 3433/4975/5705 3434/4976/5706 3441/4977/5707
f 3434/4976/5708 3435/4978/5709 3441/4977/5710
f 3435/4978/5711 3436/4979/5712 3441/4977/5713
f 3436/4980/5714 3437/4981/5715 3441/4982/5716
f 3437/4981/5717 3438/4983/5718 3441/4982/5719
f 3438/4983/5720 3439/4984/5721 3441/4982/5722
f 3439/4984/5723 3440/4985/5724 3441/4982/5725
f 3440/4986/5726 3433/4975/5727 3441/4977/5728
f 3442/4987/5729 3449/4988/5730 3448/4989/5731 3447/4990/5732 3446/4991/5733 3445/4992/5734 3444/4993/5735 3443/4994/5736
f 3442/4995/5737 3443/4996/5738 3450/4997/5739
f 3443/4996/5740 3444/4998/5741 3450/4997/5742
f 3444/4999/5743 3445/5000/5744 3450/5001/5745
f 3445/5000/5746 3446/5002/5747 3450/5001/5748
f 3446/5003/5749 3447/5004/5750 3450/5005/5751
f 3447/5004/5752 3448/5006/5753 3450/5005/5754
f 3448/5007/5755 3449/5008/5756 3450/5009/5757
f 3449/5008/5758 3442/5010/5759 3450/5009/5760
f 3451/5011/5761 3458/5012/5762 3457/5013/5763 3456/5014/5764 3455/5015/5765 3454/5016/5766 3453/5017/5767 3452/5018/5768
f 3451/5019/5769 3452/5020/5770 3459/5021/5771
f 3452/5020/5772 3453/5022/5773 3459/5021/5774
f 3453/5023/5775 3454/5024/5776 3459/5025/5777
f 3454/5024/5778 3455/5026/5779 3459/5025/5780
f 3455/5027/5781 3456/5028/5782 3459/5029/5783
f 3456/5028/5784 3457/5030/5785 3459/5029/5786
f 3457/5031/5787 3458/5032/5788 3459/5033/5789
f 3458/5032/5790 3451/5034/5791 3459/5033/5792
f 3460/5035/5793 3467/5036/5794 3466/5037/5795 3465/5038/5796 3464/5039/5797 3463/5040/5798 3462/5041/5799 3461/5042/5800
f 3460/5043/5801 3461/5044/5802 3468/5045/5803
f 3461/5044/5804 3462/5046/5805 3468/5045/5806
f 3462/5046/5807 3463/5047/5808 3468/5045/5809
f 3463/5048/5810 3464/5049/5811 3468/5050/5812
f 3464/5049/5813 3465/5051/5814 3468/5050/5815
f 3465/5051/5816 3466/5052/5817 3468/5050/5818
f 3466/5052/5819 3467/5053/5820 3468/5050/5821
f 3467/5054/5822 3460/5043/5823 3468/5045/5824
f 3469/5055/5825 3476/5056/5826 3475/5057/5827 3474/5058/5828 3473/5059/5829 3472/5060/5830 3471/5061/5831 3470/5062/5832
f 3469/5063/5833 3470/5064/5834 3477/5065/5835
f 3470/5064/5836 3471/5066/5837 3477/5065/5838
f 3471/5067/5839 3472/5068/5840 3477/5069/5841
f 3472/5068/5842 3473/5070/5843 3477/5069/5844
f 3473/5071/5845 3474/5072/5846 3477/5073/5847
f 3474/5072/5848 3475/5074/5849 3477/5073/5850
f 3475/5075/5851 3476/5076/5852 3477/5077/5853
f 3476/5076/5854 3469/5078/5855 3477/5077/5856
f 3478/5079/5857 3485/5080/5858 3484/5081/5859 3483/5082/5860 3482/5083/5861 3481/5084/5862 3480/5085/5863 3479/5086/5864
f 3478/5087/5865 3479/5088/5866 3486/5089/5867
f 3479/5088/5868 3480/5090/5869 3486/5089/5870
f 3480/5091/5871 3481/5092/5872 3486/5093/5873
f 3481/5092/5874 3482/5094/5875 3486/5093/5876
f 3482/5095/5877 3483/5096/5878 3486/5097/5879
f 3483/5096/5880 3484/5098/5881 3486/5097/5882
f 3484/5099/5883 3485/5100/5884 3486/5101/5885
f 3485/5100/5886 3478/5102/5887 3486/5101/5888
f 3487/5103/5889 3494/5104/5890 3493/5105/5891 3492/5106/5892 3491/5107/5893 3490/5108/5894 3489/5109/5895 3488/5110/5896
f 3487/5111/5897 3488/5112/5898 3495/5113/5899
f 3488/5112/5900 3489/5114/5901 3495/5113/5902
f 3489/5114/5903 3490/5115/5904 3495/5113/5905
f 3490/5116/5906 3491/5117/5907 3495/5118/5908
f 3491/5117/5909 3492/5119/5910 3495/5118/5911
f 3492/5119/5912 3493/5120/5913 3495/5118/5914
f 3493/5120/5915 3494/5121/5916 3495/5118/5917
f 3494/5122/5918 3487/5111/5919 3495/5113/5920
f 3496/5123/5921 3503/5124/5922 3502/5125/5923 3501/5126/5924 3500/5127/5925 3499/5128/5926 3498/5129/5927 3497/5130/5928
f 3496/5131/5929 3497/5132/5930 3504/5133/5931
f 3497/5132/5932 3498/5134/5933 3504/5133/5934
f 3498/5135/5935 3499/5136/5936 3504/5137/5937
f 3499/5136/5938 3500/5138/5939 3504/5137/5940
f 3500/5139/5941 3501/5140/5942 3504/5141/5943
f 3501/5140/5944 3502/5142/5945 3504/5141/5946
f 3502/5143/5947 3503/5144/5948 3504/5145/5949
f 3503/5144/5950 3496/5146/5951 3504/5145/5952
f 3505/5147/5953 3512/5148/5954 3511/5149/5955 3510/5150/5956 3509/5151/5957 3508/5152/5958 3507/5153/5959 3506/5154/5960
f 3505/5155/5961 3506/5156/5962 3513/5157/5963
f 3506/5156/5964 3507/5158/5965 3513/5157/5966
f 3507/5159/5967 3508/5160/5968 3513/5161/5969
f 3508/5160/5970 3509/5162/5971 3513/5161/5972
f 3509/5163/5973 3510/5164/5974 3513/5165/5975
f 3510/5164/5976 3511/5166/5977 3513/5165/5978
f 3511/5167/5979 3512/5168/5980 3513/5169/5981
f 3512/5168/5982 3505/5170/5983 3513/5169/5984
f 3514/5171/5985 3521/5172/5986 3520/5173/5987 3519/5174/5988 3518/5175/5989 3517/5176/5990 3516/5177/5991 3515/5178/5992
f 3514/5179/5993 3515/5180/5994 3522/5181/5995
f 3515/5180/5996 3516/5182/5997 3522/5181/5998
f 3516/5182/5999 3517/5183/6000 3522/5181/6001
f 3517/5184/6002 3518/5185/6003 3522/5186/6004
f 3518/5185/6005 3519/5187/6006 3522/5186/6007
f 3519/5187/6008 3520/5188/6009 3522/5186/6010
f 3520/5188/6011 3521/5189/6012 3522/5186/6013
f 3521/5190/6014 3514/5179/6015 3522/5181/6016
f 3523/5191/6017 3530/5192/6018 3529/5193/6019 3528/5194/6020 3527/5195/6021 3526/5196/6022 3525/5197/6023 3524/5198/6024
f 3523/5199/6025 3524/5200/6026 3531/5201/6027
f 3524/5200/6028 3525/5202/6029 3531/5201/6030
f 3525/5203/6031 3526/5204/6032 3531/5205/6033
f 3526/5204/6034 3527/5206/6035 3531/5205/6036
f 3527/5207/6037 3528/5208/6038 3531/5209/6039
f 3528/5208/6040 3529/5210/6041 3531/5209/6042
f 3529/5211/6043 3530/5212/6044 3531/5213/6045
f 3530/5212/6046 3523/5214/6047 3531/5213/6048
f 3532/5215/6049 3539/5216/6050 3538/5217/6051 3537/5218/6052 3536/5219/6053 3535/5220/6054 3534/5221/6055 3533/5222/6056
f 3532/5223/6057 3533/5224/6058 3540/5225/6059
f 3533/5224/6060 3534/5226/6061 3540/5225/6062
f 3534/5227/6063 3535/5228/6064 3540/5229/6065
f 3535/5228/6066 3536/5230/6067 3540/5229/6068
f 3536/5231/6069 3537/5232/6070 3540/5233/6071
f 3537/5232/6072 3538/5234/6073 3540/5233/6074
f 3538/5235/6075 3539/5236/6076 3540/5237/6077
f 3539/5236/6078 3532/5238/6079 3540/5237/6080
f 3541/5239/6081 3548/5240/6082 3547/5241/6083 3546/5242/6084 3545/5243/6085 3544/5244/6086 3543/5245/6087 3542/5246/6088
f 3541/5247/6089 3542/5248/6090 3549/5249/6091
f 3542/5248/6092 3543/5250/6093 3549/5249/6094
f 3543/5250/6095 3544/5251/6096 3549/5249/6097
f 3544/5252/6098 3545/5253/6099 3549/5254/6100
f 3545/5253/6101 3546/5255/6102 3549/5254/6103
f 3546/5255/6104 3547/5256/6105 3549/5254/6106
f 3547/5256/6107 3548/5257/6108 3549/5254/6109
f 3548/5258/6110 3541/5247/6111 3549/5249/6112
f 3550/5259/6113 3557/5260/6114 3556/5261/6115 3555/5262/6116 3554/5263/6117 3553/5264/6118 3552/5265/6119 3551/5266/6120
f 3550/5267/6121 3551/5268/6122 3558/5269/6123
f 3551/5268/6124 3552/5270/6125 3558/5269/6126
f 3552/5271/6127 3553/5272/6128 3558/5273/6129
f 3553/5272/6130 3554/5274/6131 3558/5273/6132
f 3554/5275/6133 3555/5276/6134 3558/5277/6135
f 3555/5276/6136 3556/5278/6137 3558/5277/6138
f 3556/5279/6139 3557/5280/6140 3558/5281/6141
f 3557/5280/6142 3550/5282/6143 3558/5281/6144
f 3559/5283/6145 3566/5284/6146 3565/5285/6147 3564/5286/6148 3563/5287/6149 3562/5288/6150 3561/5289/6151 3560/5290/6152
f 3559/5291/6153 3560/5292/6154 3567/5293/6155
f 3560/5292/6156 3561/5294/6157 3567/5293/6158
f 3561/5295/6159 3562/5296/6160 3567/5297/6161
f 3562/5296/6162 3563/5298/6163 3567/5297/6164
f 3563/5299/6165 3564/5300/6166 3567/5301/6167
f 3564/5300/6168 3565/5302/6169 3567/5301/6170
f 3565/5303/6171 3566/5304/6172 3567/5305/6173
f 3566/5304/6174 3559/5306/6175 3567/5305/6176
f 3568/5307/6177 3575/5308/6178 3574/5309/6179 3573/5310/6180 3572/5311/6181 3571/5312/6182 3570/5313/6183 3569/5314/6184
f 3568/5315/6185 3569/5316/6186 3576/5317/6187
f 3569/5316/6188 3570/5318/6189 3576/5317/6190
f 3570/5318/6191 3571/5319/6192 3576/5317/6193
f 3571/5320/6194 3572/5321/6195 3576/5322/6196
f 3572/5321/6197 3573/5323/6198 3576/5322/6199
f 3573/5323/6200 3574/5324/6201 3576/5322/6202
f 3574/5324/6203 3575/5325/6204 3576/5322/6205
f 3575/5326/6206 3568/5315/6207 3576/5317/6208
f 3577/5327/6209 3584/5328/6210 3583/5329/6211 3582/5330/6212 3581/5331/6213 3580/5332/6214 3579/5333/6215 3578/5334/6216
f 3577/5335/6217 3578/5336/6218 3585/5337/6219
f 3578/5336/6220 3579/5338/6221 3585/5337/6222
f 3579/5339/6223 3580/5340/6224 3585/5341/6225
f 3580/5340/6226 3581/5342/6227 3585/5341/6228
f 3581/5343/6229 3582/5344/6230 3585/5345/6231
f 3582/5344/6232 3583/5346/6233 3585/5345/6234
f 3583/5347/6235 3584/5348/6236 3585/5349/6237
f 3584/5348/6238 3577/5350/6239 3585/5349/6240
f 3586/5351/6241 3593/5352/6242 3592/5353/6243 3591/5354/6244 3590/5355/6245 3589/5356/6246 3588/5357/6247 3587/5358/6248
f 3586/5359/6249 3587/5360/6250 3594/5361/6251
f 3587/5360/6252 3588/5362/6253 3594/5361/6254
f 3588/5363/6255 3589/5364/6256 3594/5365/6257
f 3589/5364/6258 3590/5366/6259 3594/5365/6260
f 3590/5367/6261 3591/5368/6262 3594/5369/6263
f 3591/5368/6264 3592/5370/6265 3594/5369/6266
f 3592/5371/6267 3593/5372/6268 3594/5373/6269
f 3593/5372/6270 3586/5374/6271 3594/5373/6272
f 3595/5375/6273 3602/5376/6274 3601/5377/6275 3600/5378/6276 3599/5379/6277 3598/5380/6278 3597/5381/6279 3596/5382/6280
f 3595/5383/6281 3596/5384/6282 3603/5385/6283
f 3596/5384/6284 3597/5386/6285 3603/5385/6286
f 3597/5386/6287 3598/5387/6288 3603/5385/6289
f 3598/5388/6290 3599/5389/6291 3603/5390/6292
f 3599/5389/6293 3600/5391/6294 3603/5390/6295
f 3600/5391/6296 3601/5392/6297 3603/5390/6298
f 3601/5392/6299 3602/5393/6300 3603/5390/6301
f 3602/5394/6302 3595/5383/6303 3603/5385/6304
f 3604/5395/6305 3611/5396/6306 3610/5397/6307 3609/5398/6308 3608/5399/6309 3607/5400/6310 3606/5401/6311 3605/5402/6312
f 3604/5403/6313 3605/5404/6314 3612/5405/6315
f 3605/5404/6316 3606/5406/6317 3612/5405/6318
f 3606/5407/6319 3607/5408/6320 3612/5409/6321
f 3607/5408/6322 3608/5410/6323 3612/5409/6324
f 3608/5411/6325 3609/5412/6326 3612/5413/6327
f 3609/5412/6328 3610/5414/6329 3612/5413/6330
f 3610/5415/6331 3611/5416/6332 3612/5417/6333
f 3611/5416/6334 3604/5418/6335 3612/5417/6336
f 3613/5419/6337 3620/5420/6338 3619/5421/6339 3618/5422/6340 3617/5423/6341 3616/5424/6342 3615/5425/6343 3614/5426/6344
f 3613/5427/6345 3614/5428/6346 3621/5429/6347
f 3614/5428/6348 3615/5430/6349 3621/5429/6350
f 3615/5431/6351 3616/5432/6352 3621/5433/6353
f 3616/5432/6354 3617/5434/6355 3621/5433/6356
f 3617/5435/6357 3618/5436/6358 3621/5437/6359
f 3618/5436/6360 3619/5438/6361 3621/5437/6362
f 3619/5439/6363 3620/5440/6364 3621/5441/6365
f 3620/5440/6366 3613/5442/6367 3621/5441/6368
f 3622/5443/6369 3629/5444/6370 3628/5445/6371 3627/5446/6372 3626/5447/6373 3625/5448/6374 3624/5449/6375 3623/5450/6376
f 3622/5451/6377 3623/5452/6378 3630/5453/6379
f 3623/5452/6380 3624/5454/6381 3630/5453/6382
f 3624/5454/6383 3625/5455/6384 3630/5453/6385
f 3625/5456/6386 3626/5457/6387 3630/5458/6388
f 3626/5457/6389 3627/5459/6390 3630/5458/6391
f 3627/5459/6392 3628/5460/6393 3630/5458/6394
f 3628/5460/6395 3629/5461/6396 3630/5458/6397
f 3629/5462/6398 3622/5451/6399 3630/5453/6400
f 3631/5463/6401 3638/5464/6402 3637/5465/6403 3636/5466/6404 3635/5467/6405 3634/5468/6406 3633/5469/6407 3632/5470/6408
f 3631/5471/6409 3632/5472/6410 3639/5473/6411
f 3632/5472/6412 3633/5474/6413 3639/5473/6414
f 3633/5475/6415 3634/5476/6416 3639/5477/6417
f 3634/5476/6418 3635/5478/6419 3639/5477/6420
f 3635/5479/6421 3636/5480/6422 3639/5481/6423
f 3636/5480/6424 3637/5482/6425 3639/5481/6426
f 3637/5483/6427 3638/5484/6428 3639/5485/6429
f 3638/5484/6430 3631/5486/6431 3639/5485/6432
f 3640/5487/6433 3647/5488/6434 3646/5489/6435 3645/5490/6436 3644/5491/6437 3643/5492/6438 3642/5493/6439 3641/5494/6440
f 3640/5495/6441 3641/5496/6442 3648/5497/6443
f 3641/5496/6444 3642/5498/6445 3648/5497/6446
f 3642/5499/6447 3643/5500/6448 3648/5501/6449
f 3643/5500/6450 3644/5502/6451 3648/5501/6452
f 3644/5503/6453 3645/5504/6454 3648/5505/6455
f 3645/5504/6456 3646/5506/6457 3648/5505/6458
f 3646/5507/6459 3647/5508/6460 3648/5509/6461
f 3647/5508/6462 3640/5510/6463 3648/5509/6464
f 3649/5511/6465 3656/5512/6466 3655/5513/6467 3654/5514/6468 3653/5515/6469 3652/5516/6470 3651/5517/6471 3650/5518/6472
f 3649/5519/6473 3650/5520/6474 3657/5521/6475
f 3650/5520/6476 3651/5522/6477 3657/5521/6478
f 3651/5522/6479 3652/5523/6480 3657/5521/6481
f 3652/5524/6482 3653/5525/6483 3657/5526/6484
f 3653/5525/6485 3654/5527/6486 3657/5526/6487
f 3654/5527/6488 3655/5528/6489 3657/5526/6490
f 3655/5528/6491 3656/5529/6492 3657/5526/6493
f 3656/5530/6494 3649/5519/6495 3657/5521/6496
f 3658/5531/6497 3665/5532/6498 3664/5533/6499 3663/5534/6500 3662/5535/6501 3661/5536/6502 3660/5537/6503 3659/5538/6504
f 3658/5539/6505 3659/5540/6506 3666/5541/6507
f 3659/5540/6508 3660/5542/6509 3666/5541/6510
f 3660/5543/6511 3661/5544/6512 3666/5545/6513
f 3661/5544/6514 3662/5546/6515 3666/5545/6516
f 3662/5547/6517 3663/5548/6518 3666/5549/6519
f 3663/5548/6520 3664/5550/6521 3666/5549/6522
f 3664/5551/6523 3665/5552/6524 3666/5553/6525
f 3665/5552/6526 3658/5554/6527 3666/5553/6528
f 3667/5555/6529 3674/5556/6530 3673/5557/6531 3672/5558/6532 3671/5559/6533 3670/5560/6534 3669/5561/6535 3668/5562/6536
f 3667/5563/6537 3668/5564/6538 3675/5565/6539
f 3668/5564/6540 3669/5566/6541 3675/5565/6542
f 3669/5567/6543 3670/5568/6544 3675/5569/6545
f 3670/5568/6546 3671/5570/6547 3675/5569/6548
f 3671/5571/6549 3672/5572/6550 3675/5573/6551
f 3672/5572/6552 3673/5574/6553 3675/5573/6554
f 3673/5575/6555 3674/5576/6556 3675/5577/6557
f 3674/5576/6558 3667/5578/6559 3675/5577/6560
f 3676/5579/6561 3683/5580/6562 3682/5581/6563 3681/5582/6564 3680/5583/6565 3679/5584/6566 3678/5585/6567 3677/5586/6568
f 3676/5587/6569 3677/5588/6570 3684/5589/6571
f 3677/5588/6572 3678/5590/6573 3684/5589/6574
f 3678/5590/6575 3679/5591/6576 3684/5589/6577
f 3679/5592/6578 3680/5593/6579 3684/5594/6580
f 3680/5593/6581 3681/5595/6582 3684/5594/6583
f 3681/5595/6584 3682/5596/6585 3684/5594/6586
f 3682/5596/6587 3683/5597/6588 3684/5594/6589
f 3683/5598/6590 3676/5587/6591 3684/5589/6592
f 3685/5599/6593 3692/5600/6594 3691/5601/6595 3690/5602/6596 3689/5603/6597 3688/5604/6598 3687/5605/6599 3686/5606/6600
f 3685/5607/6601 3686/5608/6602 3693/5609/6603
f 3686/5608/6604 3687/5610/6605 3693/5609/6606
f 3687/5611/6607 3688/5612/6608 3693/5613/6609
f 3688/5612/6610 3689/5614/6611 3693/5613/6612
f 3689/5615/6613 3690/5616/6614 3693/5617/6615
f 3690/5616/6616 3691/5618/6617 3693/5617/6618
f 3691/5619/6619 3692/5620/6620 3693/5621/6621
f 3692/5620/6622 3685/5622/6623 3693/5621/6624
f 3694/5623/6625 3701/5624/6626 3700/5625/6627 3699/5626/6628 3698/5627/6629 3697/5628/6630 3696/5629/6631 3695/5630/6632
f 3694/5631/6633 3695/5632/6634 3702/5633/6635
f 3695/5632/6636 3696/5634/6637 3702/5633/6638
f 3696/5635/6639 3697/5636/6640 3702/5637/6641
f 3697/5636/6642 3698/5638/6643 3702/5637/6644
f 3698/5639/6645 3699/5640/6646 3702/5641/6647
f 3699/5640/6648 3700/5642/6649 3702/5641/6650
f 3700/5643/6651 3701/5644/6652 3702/5645/6653
f 3701/5644/6654 3694/5646/6655 3702/5645/6656
f 3703/5647/6657 3710/5648/6658 3709/5649/6659 3708/5650/6660 3707/5651/6661 3706/5652/6662 3705/5653/6663 3704/5654/6664
f 3703/5655/6665 3704/5656/6666 3711/5657/6667
f 3704/5656/6668 3705/5658/6669 3711/5657/6670
f 3705/5658/6671 3706/5659/6672 3711/5657/6673
f 3706/5660/6674 3707/5661/6675 3711/5662/6676
f 3707/5661/6677 3708/5663/6678 3711/5662/6679
f 3708/5663/6680 3709/5664/6681 3711/5662/6682
f 3709/5664/6683 3710/5665/6684 3711/5662/6685
f 3710/5666/6686 3703/5655/6687 3711/5657/6688
f 3712/5667/6689 3719/5668/6690 3718/5669/6691 3717/5670/6692 3716/5671/6693 3715/5672/6694 3714/5673/6695 3713/5674/6696
f 3712/5675/6697 3713/5676/6698 3720/5677/6699
f 3713/5676/6700 3714/5678/6701 3720/5677/6702
f 3714/5679/6703 3715/5680/6704 3720/5681/6705
f 3715/5680/6706 3716/5682/6707 3720/5681/6708
f 3716/5683/6709 3717/5684/6710 3720/5685/6711
f 3717/5684/6712 3718/5686/6713 3720/5685/6714
f 3718/5687/6715 3719/5688/6716 3720/5689/6717
f 3719/5688/6718 3712/5690/6719 3720/5689/6720
f 3721/5691/6721 3728/5692/6722 3727/5693/6723 3726/5694/6724 3725/5695/6725 3724/5696/6726 3723/5697/6727 3722/5698/6728
f 3721/5699/6729 3722/5700/6730 3729/5701/6731
f 3722/5700/6732 3723/5702/6733 3729/5701/6734
f 3723/5703/6735 3724/5704/6736 3729/5705/6737
f 3724/5704/6738 3725/5706/6739 3729/5705/6740
f 3725/5707/6741 3726/5708/6742 3729/5709/6743
f 3726/5708/6744 3727/5710/6745 3729/5709/6746
f 3727/5711/6747 3728/5712/6748 3729/5713/6749
f 3728/5712/6750 3721/5714/6751 3729/5713/6752
f 3730/5715/6753 3737/5716/6754 3736/5717/6755 3735/5718/6756 3734/5719/6757 3733/5720/6758 3732/5721/6759 3731/5722/6760
f 3730/5723/6761 3731/5724/6762 3738/5725/6763
f 3731/5724/6764 3732/5726/6765 3738/5725/6766
f 3732/5726/6767 3733/5727/6768 3738/5725/6769
f 3733/5728/6770 3734/5729/6771 3738/5730/6772
f 3734/5729/6773 3735/5731/6774 3738/5730/6775
f 3735/5731/6776 3736/5732/6777 3738/5730/6778
f 3736/5732/6779 3737/5733/6780 3738/5730/6781
f 3737/5734/6782 3730/5723/6783 3738/5725/6784
f 3739/5735/6785 3746/5736/6786 3745/5737/6787 3744/5738/6788 3743/5739/6789 3742/5740/6790 3741/5741/6791 3740/5742/6792
f 3739/5743/6793 3740/5744/6794 3747/5745/6795
f 3740/5744/6796 3741/5746/6797 3747/5745/6798
f 3741/5747/6799 3742/5748/6800 3747/5749/6801
f 3742/5748/6802 3743/5750/6803 3747/5749/6804
f 3743/5751/6805 3744/5752/6806 3747/5753/6807
f 3744/5752/6808 3745/5754/6809 3747/5753/6810
f 3745/5755/6811 3746/5756/6812 3747/5757/6813
f 3746/5756/6814 3739/5758/6815 3747/5757/6816
f 3748/5759/6817 3755/5760/6818 3754/5761/6819 3753/5762/6820 3752/5763/6821 3751/5764/6822 3750/5765/6823 3749/5766/6824
f 3748/5767/6825 3749/5768/6826 3756/5769/6827
f 3749/5768/6828 3750/5770/6829 3756/5769/6830
f 3750/5771/6831 3751/5772/6832 3756/5773/6833
f 3751/5772/6834 3752/5774/6835 3756/5773/6836
f 3752/5775/6837 3753/5776/6838 3756/5777/6839
f 3753/5776/6840 3754/5778/6841 3756/5777/6842
f 3754/5779/6843 3755/5780/6844 3756/5781/6845
f 3755/5780/6846 3748/5782/6847 3756/5781/6848
f 3757/5783/6849 3764/5784/6850 3763/5785/6851 3762/5786/6852 3761/5787/6853 3760/5788/6854 3759/5789/6855 3758/5790/6856
f 3757/5791/6857 3758/5792/6858 3765/5793/6859
f 3758/5792/6860 3759/5794/6861 3765/5793/6862
f 3759/5794/6863 3760/5795/6864 3765/5793/6865
f 3760/5796/6866 3761/5797/6867 3765/5798/6868
f 3761/5797/6869 3762/5799/6870 3765/5798/6871
f 3762/5799/6872 3763/5800/6873 3765/5798/6874
f 3763/5800/6875 3764/5801/6876 3765/5798/6877
f 3764/5802/6878 3757/5791/6879 3765/5793/6880
f 3766/5803/6881 3773/5804/6882 3772/5805/6883 3771/5806/6884 3770/5807/6885 3769/5808/6886 3768/5809/6887 3767/5810/6888
f 3766/5811/6889 3767/5812/6890 3774/5813/6891
f 3767/5812/6892 3768/5814/6893 3774/5813/6894
f 3768/5815/6895 3769/5816/6896 3774/5817/6897
f 3769/5816/6898 3770/5818/6899 3774/5817/6900
f 3770/5819/6901 3771/5820/6902 3774/5821/6903
f 3771/5820/6904 3772/5822/6905 3774/5821/6906
f 3772/5823/6907 3773/5824/6908 3774/5825/6909
f 3773/5824/6910 3766/5826/6911 3774/5825/6912
f 3775/5827/6913 3782/5828/6914 3781/5829/6915 3780/5830/6916 3779/5831/6917 3778/5832/6918 3777/5833/6919 3776/5834/6920
f 3775/5835/6921 3776/5836/6922 3783/5837/6923
f 3776/5836/6924 3777/5838/6925 3783/5837/6926
f 3777/5839/6927 3778/5840/6928 3783/5841/6929
f 3778/5840/6930 3779/5842/6931 3783/5841/6932
f 3779/5843/6933 3780/5844/6934 3783/5845/6935
f 3780/5844/6936 3781/5846/6937 3783/5845/6938
f 3781/5847/6939 3782/5848/6940 3783/5849/6941
f 3782/5848/6942 3775/5850/6943 3783/5849/6944
f 3784/5851/6945 3791/5852/6946 3790/5853/6947 3789/5854/6948 3788/5855/6949 3787/5856/6950 3786/5857/6951 3785/5858/6952
f 3784/5859/6953 3785/5860/6954 3792/5861/6955
f 3785/5860/6956 3786/5862/6957 3792/5861/6958
f 3786/5862/6959 3787/5863/6960 3792/5861/6961
f 3787/5864/6962 3788/5865/6963 3792/5866/6964
f 3788/5865/6965 3789/5867/6966 3792/5866/6967
f 3789/5867/6968 3790/5868/6969 3792/5866/6970
f 3790/5868/6971 3791/5869/6972 3792/5866/6973
f 3791/5870/6974 3784/5859/6975 3792/5861/6976
f 3793/5871/6977 3800/5872/6978 3799/5873/6979 3798/5874/6980 3797/5875/6981 3796/5876/6982 3795/5877/6983 3794/5878/6984
f 3793/5879/6985 3794/5880/6986 3801/5881/6987
f 3794/5880/6988 3795/5882/6989 3801/5881/6990
f 3795/5883/6991 3796/5884/6992 3801/5885/6993
f 3796/5884/6994 3797/5886/6995 3801/5885/6996
f 3797/5887/6997 3798/5888/6998 3801/5889/6999
f 3798/5888/7000 3799/5890/7001 3801/5889/7002
f 3799/5891/7003 3800/5892/7004 3801/5893/7005
f 3800/5892/7006 3793/5894/7007 3801/5893/7008
f 3802/5895/7009 3809/5896/7010 3808/5897/7011 3807/5898/7012 3806/5899/7013 3805/5900/7014 3804/5901/7015 3803/5902/7016
f 3802/5903/7017 3803/5904/7018 3810/5905/7019
f 3803/5904/7020 3804/5906/7021 3810/5905/7022
f 3804/5907/7023 3805/5908/7024 3810/5909/7025
f 3805/5908/7026 3806/5910/7027 3810/5909/7028
f 3806/5911/7029 3807/5912/7030 3810/5913/7031
f 3807/5912/7032 3808/5914/7033 3810/5913/7034
f 3808/5915/7035 3809/5916/7036 3810/5917/7037
f 3809/5916/7038 3802/5918/7039 3810/5917/7040
f 3811/5919/7041 3818/5920/7042 3817/5921/7043 3816/5922/7044 3815/5923/7045 3814/5924/7046 3813/5925/7047 3812/5926/7048
f 3811/5927/7049 3812/5928/7050 3819/5929/7051
f 3812/5928/7052 3813/5930/7053 3819/5929/7054
f 3813/5930/7055 3814/5931/7056 3819/5929/7057
f 3814/5932/7058 3815/5933/7059 3819/5934/7060
f 3815/5933/7061 3816/5935/7062 3819/5934/7063
f 3816/5935/7064 3817/5936/7065 3819/5934/7066
f 3817/5936/7067 3818/5937/7068 3819/5934/7069
f 3818/5938/7070 3811/5927/7071 3819/5929/7072
f 3820/5939/7073 3827/5940/7074 3826/5941/7075 3825/5942/7076 3824/5943/7077 3823/5944/7078 3822/5945/7079 3821/5946/7080
f 3820/5947/7081 3821/5948/7082 3828/5949/7083
f 3821/5948/7084 3822/5950/7085 3828/5949/7086
f 3822/5951/7087 3823/5952/7088 3828/5953/7089
f 3823/5952/7090 3824/5954/7091 3828/5953/7092
f 3824/5955/7093 3825/5956/7094 3828/5957/7095
f 3825/5956/7096 3826/5958/7097 3828/5957/7098
f 3826/5959/7099 3827/5960/7100 3828/5961/7101
f 3827/5960/7102 3820/5962/7103 3828/5961/7104
f 3829/5963/7105 3836/5964/7106 3835/5965/7107 3834/5966/7108 3833/5967/7109 3832/5968/7110 3831/5969/7111 3830/5970/7112
f 3829/5971/7113 3830/5972/7114 3837/5973/7115
f 3830/5972/7116 3831/5974/7117 3837/5973/7118
f 3831/5975/7119 3832/5976/7120 3837/5977/7121
f 3832/5976/7122 3833/5978/7123 3837/5977/7124
f 3833/5979/7125 3834/5980/7126 3837/5981/7127
f 3834/5980/7128 3835/5982/7129 3837/5981/7130
f 3835/5983/7131 3836/5984/7132 3837/5985/7133
f 3836/5984/7134 3829/5986/7135 3837/5985/7136
f 3838/5987/7137 3845/5988/7138 3844/5989/7139 3843/5990/7140 3842/5991/7141 3841/5992/7142 3840/5993/7143 3839/5994/7144
f 3838/5995/7145 3839/5996/7146 3846/5997/7147
f 3839/5996/7148 3840/5998/7149 3846/5997/7150
f 3840/5998/7151 3841/5999/7152 3846/5997/7153
f 3841/6000/7154 3842/6001/7155 3846/6002/7156
f 3842/6001/7157 3843/6003/7158 3846/6002/7159
f 3843/6003/7160 3844/6004/7161 3846/6002/7162
f 3844/6004/7163 3845/6005/7164 3846/6002/7165
f 3845/6006/7166 3838/5995/7167 3846/5997/7168
f 3847/6007/7169 3854/6008/7170 3853/6009/7171 3852/6010/7172 3851/6011/7173 3850/6012/7174 3849/6013/7175 3848/6014/7176
f 3847/6015/7177 3848/6016/7178 3855/6017/7179
f 3848/6016/7180 3849/6018/7181 3855/6017/7182
f 3849/6019/7183 3850/6020/7184 3855/6021/7185
f 3850/6020/7186 3851/6022/7187 3855/6021/7188
f 3851/6023/7189 3852/6024/7190 3855/6025/7191
f 3852/6024/7192 3853/6026/7193 3855/6025/7194
f 3853/6027/7195 3854/6028/7196 3855/6029/7197
f 3854/6028/7198 3847/6030/7199 3855/6029/7200
f 3856/6031/7201 3863/6032/7202 3862/6033/7203 3861/6034/7204 3860/6035/7205 3859/6036/7206 3858/6037/7207 3857/6038/7208
f 3856/6039/7209 3857/6040/7210 3864/6041/7211
f 3857/6040/7212 3858/6042/7213 3864/6041/7214
f 3858/6043/7215 3859/6044/7216 3864/6045/7217
f 3859/6044/7218 3860/6046/7219 3864/6045/7220
f 3860/6047/7221 3861/6048/7222 3864/6049/7223
f 3861/6048/7224 3862/6050/7225 3864/6049/7226
f 3862/6051/7227 3863/6052/7228 3864/6053/7229
f 3863/6052/7230 3856/6054/7231 3864/6053/7232
f 3865/6055/7233 3872/6056/7234 3871/6057/7235 3870/6058/7236 3869/6059/7237 3868/6060/7238 3867/6061/7239 3866/6062/7240
f 3865/6063/7241 3866/6064/7242 3873/6065/7243
f 3866/6064/7244 3867/6066/7245 3873/6065/7246
f 3867/6066/7247 3868/6067/7248 3873/6065/7249
f 3868/6068/7250 3869/6069/7251 3873/6070/7252
f 3869/6069/7253 3870/6071/7254 3873/6070/7255
f 3870/6071/7256 3871/6072/7257 3873/6070/7258
f 3871/6072/7259 3872/6073/7260 3873/6070/7261
f 3872/6074/7262 3865/6063/7263 3873/6065/7264
f 3874/6075/7265 3881/6076/7266 3880/6077/7267 3879/6078/7268 3878/6079/7269 3877/6080/7270 3876/6081/7271 3875/6082/7272
f 3874/6083/7273 3875/6084/7274 3882/6085/7275
f 3875/6084/7276 3876/6086/7277 3882/6085/7278
f 3876/6087/7279 3877/6088/7280 3882/6089/7281
f 3877/6088/7282 3878/6090/7283 3882/6089/7284
f 3878/6091/7285 3879/6092/7286 3882/6093/7287
f 3879/6092/7288 3880/6094/7289 3882/6093/7290
f 3880/6095/7291 3881/6096/7292 3882/6097/7293
f 3881/6096/7294 3874/6098/7295 3882/6097/7296
f 3883/6099/7297 3890/6100/7298 3889/6101/7299 3888/6102/7300 3887/6103/7301 3886/6104/7302 3885/6105/7303 3884/6106/7304
f 3883/6107/7305 3884/6108/7306 3891/6109/7307
f 3884/6108/7308 3885/6110/7309 3891/6109/7310
f 3885/6111/7311 3886/6112/7312 3891/6113/7313
f 3886/6112/7314 3887/6114/7315 3891/6113/7316
f 3887/6115/7317 3888/6116/7318 3891/6117/7319
f 3888/6116/7320 3889/6118/7321 3891/6117/7322
f 3889/6119/7323 3890/6120/7324 3891/6121/7325
f 3890/6120/7326 3883/6122/7327 3891/6121/7328
f 3892/6123/7329 3899/6124/7330 3898/6125/7331 3897/6126/7332 3896/6127/7333 3895/6128/7334 3894/6129/7335 3893/6130/7336
f 3892/6131/7337 3893/6132/7338 3900/6133/7339
f 3893/6132/7340 3894/6134/7341 3900/6133/7342
f 3894/6134/7343 3895/6135/7344 3900/6133/7345
f 3895/6136/7346 3896/6137/7347 3900/6138/7348
f 3896/6137/7349 3897/6139/7350 3900/6138/7351
f 3897/6139/7352 3898/6140/7353 3900/6138/7354
f 3898/6140/7355 3899/6141/7356 3900/6138/7357
f 3899/6142/7358 3892/6131/7359 3900/6133/7360
f 3901/6143/7361 3908/6144/7362 3907/6145/7363 3906/6146/7364 3905/6147/7365 3904/6148/7366 3903/6149/7367 3902/6150/7368
f 3901/6151/7369 3902/6152/7370 3909/6153/7371
f 3902/6152/7372 3903/6154/7373 3909/6153/7374
f 3903/6155/7375 3904/6156/7376 3909/6157/7377
f 3904/6156/7378 3905/6158/7379 3909/6157/7380
f 3905/6159/7381 3906/6160/7382 3909/6161/7383
f 3906/6160/7384 3907/6162/7385 3909/6161/7386
f 3907/6163/7387 3908/6164/7388 3909/6165/7389
f 3908/6164/7390 3901/6166/7391 3909/6165/7392
f 3910/6167/7393 3917/6168/7394 3916/6169/7395 3915/6170/7396 3914/6171/7397 3913/6172/7398 3912/6173/7399 3911/6174/7400
f 3910/6175/7401 3911/6176/7402 3918/6177/7403
f 3911/6176/7404 3912/6178/7405 3918/6177/7406
f 3912/6179/7407 3913/6180/7408 3918/6181/7409
f 3913/6180/7410 3914/6182/7411 3918/6181/7412
f 3914/6183/7413 3915/6184/7414 3918/6185/7415
f 3915/6184/7416 3916/6186/7417 3918/6185/7418
f 3916/6187/7419 3917/6188/7420 3918/6189/7421
f 3917/6188/7422 3910/6190/7423 3918/6189/7424
f 3919/6191/7425 3926/6192/7426 3925/6193/7427 3924/6194/7428 3923/6195/7429 3922/6196/7430 3921/6197/7431 3920/6198/7432
f 3919/6199/7433 3920/6200/7434 3927/6201/7435
f 3920/6200/7436 3921/6202/7437 3927/6201/7438
f 3921/6202/7439 3922/6203/7440 3927/6201/7441
f 3922/6204/7442 3923/6205/7443 3927/6206/7444
f 3923/6205/7445 3924/6207/7446 3927/6206/7447
f 3924/6207/7448 3925/6208/7449 3927/6206/7450
f 3925/6208/7451 3926/6209/7452 3927/6206/7453
f 3926/6210/7454 3919/6199/7455 3927/6201/7456
f 3928/6211/7457 3935/6212/7458 3934/6213/7459 3933/6214/7460 3932/6215/7461 3931/6216/7462 3930/6217/7463 3929/6218/7464
f 3928/6219/7465 3929/6220/7466 3936/6221/7467
f 3929/6220/7468 3930/6222/7469 3936/6221/7470
f 3930/6223/7471 3931/6224/7472 3936/6225/7473
f 3931/6224/7474 3932/6226/7475 3936/6225/7476
f 3932/6227/7477 3933/6228/7478 3936/6229/7479
f 3933/6228/7480 3934/6230/7481 3936/6229/7482
f 3934/6231/7483 3935/6232/7484 3936/6233/7485
f 3935/6232/7486 3928/6234/7487 3936/6233/7488
f 3937/6235/7489 3944/6236/7490 3943/6237/7491 3942/6238/7492 3941/6239/7493 3940/6240/7494 3939/6241/7495 3938/6242/7496
f 3937/6243/7497 3938/6244/7498 3945/6245/7499
f 3938/6244/7500 3939/6246/7501 3945/6245/7502
f 3939/6247/7503 3940/6248/7504 3945/6249/7505
f 3940/6248/7506 3941/6250/7507 3945/6249/7508
f 3941/6251/7509 3942/6252/7510 3945/6253/7511
f 3942/6252/7512 3943/6254/7513 3945/6253/7514
f 3943/6255/7515 3944/6256/7516 3945/6257/7517
f 3944/6256/7518 3937/6258/7519 3945/6257/7520
f 3946/6259/7521 3953/6260/7522 3952/6261/7523 3951/6262/7524 3950/6263/7525 3949/6264/7526 3948/6265/7527 3947/6266/7528
f 3946/6267/7529 3947/6268/7530 3954/6269/7531
f 3947/6268/7532 3948/6270/7533 3954/6269/7534
f 3948/6270/7535 3949/6271/7536 3954/6269/7537
f 3949/6272/7538 3950/6273/7539 3954/6274/7540
f 3950/6273/7541 3951/6275/7542 3954/6274/7543
f 3951/6275/7544 3952/6276/7545 3954/6274/7546
f 3952/6276/7547 3953/6277/7548 3954/6274/7549
f 3953/6278/7550 3946/6267/7551 3954/6269/7552
f 3955/6279/7553 3962/6280/7554 3961/6281/7555 3960/6282/7556 3959/6283/7557 3958/6284/7558 3957/6285/7559 3956/6286/7560
f 3955/6287/7561 3956/6288/7562 3963/6289/7563
f 3956/6288/7564 3957/6290/7565 3963/6289/7566
f 3957/6291/7567 3958/6292/7568 3963/6293/7569
f 3958/6292/7570 3959/6294/7571 3963/6293/7572
f 3959/6295/7573 3960/6296/7574 3963/6297/7575
f 3960/6296/7576 3961/6298/7577 3963/6297/7578
f 3961/6299/7579 3962/6300/7580 3963/6301/7581
f 3962/6300/7582 3955/6302/7583 3963/6301/7584
f 3964/6303/7585 3971/6304/7586 3970/6305/7587 3969/6306/7588 3968/6307/7589 3967/6308/7590 3966/6309/7591 3965/6310/7592
f 3964/6311/7593 3965/6312/7594 3972/6313/7595
f 3965/6312/7596 3966/6314/7597 3972/6313/7598
f 3966/6315/7599 3967/6316/7600 3972/6317/7601
f 3967/6316/7602 3968/6318/7603 3972/6317/7604
f 3968/6319/7605 3969/6320/7606 3972/6321/7607
f 3969/6320/7608 3970/6322/7609 3972/6321/7610
f 3970/6323/7611 3971/6324/7612 3972/6325/7613
f 3971/6324/7614 3964/6326/7615 3972/6325/7616
f 3973/6327/7617 3980/6328/7618 3979/6329/7619 3978/6330/7620 3977/6331/7621 3976/6332/7622 3975/6333/7623 3974/6334/7624
f 3973/6335/7625 3974/6336/7626 3981/6337/7627
f 3974/6336/7628 3975/6338/7629 3981/6337/7630
f 3975/6338/7631 3976/6339/7632 3981/6337/7633
f 3976/6340/7634 3977/6341/7635 3981/6342/7636
f 3977/6341/7637 3978/6343/7638 3981/6342/7639
f 3978/6343/7640 3979/6344/7641 3981/6342/7642
f 3979/6344/7643 3980/6345/7644 3981/6342/7645
f 3980/6346/7646 3973/6335/7647 3981/6337/7648
f 3982/6347/7649 3989/6348/7650 3988/6349/7651 3987/6350/7652 3986/6351/7653 3985/6352/7654 3984/6353/7655 3983/6354/7656
f 3982/6355/7657 3983/6356/7658 3990/6357/7659
f 3983/6356/7660 3984/6358/7661 3990/6357/7662
f 3984/6359/7663 3985/6360/7664 3990/6361/7665
f 3985/6360/7666 3986/6362/7667 3990/6361/7668
f 3986/6363/7669 3987/6364/7670 3990/6365/7671
f 3987/6364/7672 3988/6366/7673 3990/6365/7674
f 3988/6367/7675 3989/6368/7676 3990/6369/7677
f 3989/6368/7678 3982/6370/7679 3990/6369/7680
f 3991/6371/7681 3998/6372/7682 3997/6373/7683 3996/6374/7684 3995/6375/7685 3994/6376/7686 3993/6377/7687 3992/6378/7688
f 3991/6379/7689 3992/6380/7690 3999/6381/7691
f 3992/6380/7692 3993/6382/7693 3999/6381/7694
f 3993/6383/7695 3994/6384/7696 3999/6385/7697
f 3994/6384/7698 3995/6386/7699 3999/6385/7700
f 3995/6387/7701 3996/6388/7702 3999/6389/7703
f 3996/6388/7704 3997/6390/7705 3999/6389/7706
f 3997/6391/7707 3998/6392/7708 3999/6393/7709
f 3998/6392/7710 3991/6394/7711 3999/6393/7712
f 4000/6395/7713 4007/6396/7714 4006/6397/7715 4005/6398/7716 4004/6399/7717 4003/6400/7718 4002/6401/7719 4001/6402/7720
f 4000/6403/7721 4001/6404/7722 4008/6405/7723
f 4001/6404/7724 4002/6406/7725 4008/6405/7726
f 4002/6406/7727 4003/6407/7728 4008/6405/7729
f 4003/6408/7730 4004/6409/7731 4008/6410/7732
f 4004/6409/7733 4005/6411/7734 4008/6410/7735
f 4005/6411/7736 4006/6412/7737 4008/6410/7738
f 4006/6412/7739 4007/6413/7740 4008/6410/7741
f 4007/6414/7742 4000/6403/7743 4008/6405/7744
f 4009/6415/7745 4016/6416/7746 4015/6417/7747 4014/6418/7748 4013/6419/7749 4012/6420/7750 4011/6421/7751 4010/6422/7752
f 4009/6423/7753 4010/6424/7754 4017/6425/7755
f 4010/6424/7756 4011/6426/7757 4017/6425/7758
f 4011/6427/7759 4012/6428/7760 4017/6429/7761
f 4012/6428/7762 4013/6430/7763 4017/6429/7764
f 4013/6431/7765 4014/6432/7766 4017/6433/7767
f 4014/6432/7768 4015/6434/7769 4017/6433/7770
f 4015/6435/7771 4016/6436/7772 4017/6437/7773
f 4016/6436/7774 4009/6438/7775 4017/6437/7776
f 4018/6439/7777 4025/6440/7778 4024/6441/7779 4023/6442/7780 4022/6443/7781 4021/6444/7782 4020/6445/7783 4019/6446/7784
f 4018/6447/7785 4019/6448/7786 4026/6449/7787
f 4019/6448/7788 4020/6450/7789 4026/6449/7790
f 4020/6451/7791 4021/6452/7792 4026/6453/7793
f 4021/6452/7794 4022/6454/7795 4026/6453/7796
f 4022/6455/7797 4023/6456/7798 4026/6457/7799
f 4023/6456/7800 4024/6458/7801 4026/6457/7802
f 4024/6459/7803 4025/6460/7804 4026/6461/7805
f 4025/6460/7806 4018/6462/7807 4026/6461/7808
f 4027/6463/7809 4034/6464/7810 4033/6465/7811 4032/6466/7812 4031/6467/7813 4030/6468/7814 4029/6469/7815 4028/6470/7816
f 4027/6471/7817 4028/6472/7818 4035/6473/7819
f 4028/6472/7820 4029/6474/7821 4035/6473/7822
f 4029/6474/7823 4030/6475/7824 4035/6473/7825
f 4030/6476/7826 4031/6477/7827 4035/6478/7828
f 4031/6477/7829 4032/6479/7830 4035/6478/7831
f 4032/6479/7832 4033/6480/7833 4035/6478/7834
f 4033/6480/7835 4034/6481/7836 4035/6478/7837
f 4034/6482/7838 4027/6471/7839 4035/6473/7840
f 4036/6483/7841 4043/6484/7842 4042/6485/7843 4041/6486/7844 4040/6487/7845 4039/6488/7846 4038/6489/7847 4037/6490/7848
f 4036/6491/7849 4037/6492/7850 4044/6493/7851
f 4037/6492/7852 4038/6494/7853 4044/6493/7854
f 4038/6495/7855 4039/6496/7856 4044/6497/7857
f 4039/6496/7858 4040/6498/7859 4044/6497/7860
f 4040/6499/7861 4041/6500/7862 4044/6501/7863
f 4041/6500/7864 4042/6502/7865 4044/6501/7866
f 4042/6503/7867 4043/6504/7868 4044/6505/7869
f 4043/6504/7870 4036/6506/7871 4044/6505/7872
f 4045/6507/7873 4052/6508/7874 4051/6509/7875 4050/6510/7876 4049/6511/7877 4048/6512/7878 4047/6513/7879 4046/6514/7880
f 4045/6515/7881 4046/6516/7882 4053/6517/7883
f 4046/6516/7884 4047/6518/7885 4053/6517/7886
f 4047/6519/7887 4048/6520/7888 4053/6521/7889
f 4048/6520/7890 4049/6522/7891 4053/6521/7892
f 4049/6523/7893 4050/6524/7894 4053/6525/7895
f 4050/6524/7896 4051/6526/7897 4053/6525/7898
f 4051/6527/7899 4052/6528/7900 4053/6529/7901
f 4052/6528/7902 4045/6530/7903 4053/6529/7904
f 4054/6531/7905 4061/6532/7906 4060/6533/7907 4059/6534/7908 4058/6535/7909 4057/6536/7910 4056/6537/7911 4055/6538/7912
f 4054/6539/7913 4055/6540/7914 4062/6541/7915
f 4055/6540/7916 4056/6542/7917 4062/6541/7918
f 4056/6542/7919 4057/6543/7920 4062/6541/7921
f 4057/6544/7922 4058/6545/7923 4062/6546/7924
f 4058/6545/7925 4059/6547/7926 4062/6546/7927
f 4059/6547/7928 4060/6548/7929 4062/6546/7930
f 4060/6548/7931 4061/6549/7932 4062/6546/7933
f 4061/6550/7934 4054/6539/7935 4062/6541/7936
f 4063/6551/7937 4070/6552/7938 4069/6553/7939 4068/6554/7940 4067/6555/7941 4066/6556/7942 4065/6557/7943 4064/6558/7944
f 4063/6559/7945 4064/6560/7946 4071/6561/7947
f 4064/6560/7948 4065/6562/7949 4071/6561/7950
f 4065/6563/7951 4066/6564/7952 4071/6565/7953
f 4066/6564/7954 4067/6566/7955 4071/6565/7956
f 4067/6567/7957 4068/6568/7958 4071/6569/7959
f 4068/6568/7960 4069/6570/7961 4071/6569/7962
f 4069/6571/7963 4070/6572/7964 4071/6573/7965
f 4070/6572/7966 4063/6574/7967 4071/6573/7968
f 4072/6575/7969 4079/6576/7970 4078/6577/7971 4077/6578/7972 4076/6579/7973 4075/6580/7974 4074/6581/7975 4073/6582/7976
f 4072/6583/7977 4073/6584/7978 4080/6585/7979
f 4073/6584/7980 4074/6586/7981 4080/6585/7982
f 4074/6587/7983 4075/6588/7984 4080/6589/7985
f 4075/6588/7986 4076/6590/7987 4080/6589/7988
f 4076/6591/7989 4077/6592/7990 4080/6593/7991
f 4077/6592/7992 4078/6594/7993 4080/6593/7994
f 4078/6595/7995 4079/6596/7996 4080/6597/7997
f 4079/6596/7998 4072/6598/7999 4080/6597/8000
f 4081/6599/8001 4088/6600/8002 4087/6601/8003 4086/6602/8004 4085/6603/8005 4084/6604/8006 4083/6605/8007 4082/6606/8008
f 4081/6607/8009 4082/6608/8010 4089/6609/8011
f 4082/6608/8012 4083/6610/8013 4089/6609/8014
f 4083/6610/8015 4084/6611/8016 4089/6609/8017
f 4084/6612/8018 4085/6613/8019 4089/6614/8020
f 4085/6613/8021 4086/6615/8022 4089/6614/8023
f 4086/6615/8024 4087/6616/8025 4089/6614/8026
f 4087/6616/8027 4088/6617/8028 4089/6614/8029
f 4088/6618/8030 4081/6607/8031 4089/6609/8032
f 4090/6619/8033 4097/6620/8034 4096/6621/8035 4095/6622/8036 4094/6623/8037 4093/6624/8038 4092/6625/8039 4091/6626/8040
f 4090/6627/8041 4091/6628/8042 4098/6629/8043
f 4091/6628/8044 4092/6630/8045 4098/6629/8046
f 4092/6631/8047 4093/6632/8048 4098/6633/8049
f 4093/6632/8050 4094/6634/8051 4098/6633/8052
f 4094/6635/8053 4095/6636/8054 4098/6637/8055
f 4095/6636/8056 4096/6638/8057 4098/6637/8058
f 4096/6639/8059 4097/6640/8060 4098/6641/8061
f 4097/6640/8062 4090/6642/8063 4098/6641/8064
f 4099/6643/8065 4106/6644/8066 4105/6645/8067 4104/6646/8068 4103/6647/8069 4102/6648/8070 4101/6649/8071 4100/6650/8072
f 4099/6651/8073 4100/6652/8074 4107/6653/8075
f 4100/6652/8076 4101/6654/8077 4107/6653/8078
f 4101/6655/8079 4102/6656/8080 4107/6657/8081
f 4102/6656/8082 4103/6658/8083 4107/6657/8084
f 4103/6659/8085 4104/6660/8086 4107/6661/8087
f 4104/6660/8088 4105/6662/8089 4107/6661/8090
f 4105/6663/8091 4106/6664/8092 4107/6665/8093
f 4106/6664/8094 4099/6666/8095 4107/6665/8096
f 4108/6667/8097 4115/6668/8098 4114/6669/8099 4113/6670/8100 4112/6671/8101 4111/6672/8102 4110/6673/8103 4109/6674/8104
f 4108/6675/8105 4109/6676/8106 4116/6677/8107
f 4109/6676/8108 4110/6678/8109 4116/6677/8110
f 4110/6678/8111 4111/6679/8112 4116/6677/8113
f 4111/6680/8114 4112/6681/8115 4116/6682/8116
f 4112/6681/8117 4113/6683/8118 4116/6682/8119
f 4113/6683/8120 4114/6684/8121 4116/6682/8122
f 4114/6684/8123 4115/6685/8124 4116/6682/8125
f 4115/6686/8126 4108/6675/8127 4116/6677/8128
f 4117/6687/8129 4124/6688/8130 4123/6689/8131 4122/6690/8132 4121/6691/8133 4120/6692/8134 4119/6693/8135 4118/6694/8136
f 4117/6695/8137 4118/6696/8138 4125/6697/8139
f 4118/6696/8140 4119/6698/8141 4125/6697/8142
f 4119/6699/8143 4120/6700/8144 4125/6701/8145
f 4120/6700/8146 4121/6702/8147 4125/6701/8148
f 4121/6703/8149 4122/6704/8150 4125/6705/8151
f 4122/6704/8152 4123/6706/8153 4125/6705/8154
f 4123/6707/8155 4124/6708/8156 4125/6709/8157
f 4124/6708/8158 4117/6710/8159 4125/6709/8160
f 4126/6711/8161 4133/6712/8162 4132/6713/8163 4131/6714/8164 4130/6715/8165 4129/6716/8166 4128/6717/8167 4127/6718/8168
f 4126/6719/8169 4127/6720/8170 4134/6721/8171
f 4127/6720/8172 4128/6722/8173 4134/6721/8174
f 4128/6723/8175 4129/6724/8176 4134/6725/8177
f 4129/6724/8178 4130/6726/8179 4134/6725/8180
f 4130/6727/8181 4131/6728/8182 4134/6729/8183
f 4131/6728/8184 4132/6730/8185 4134/6729/8186
f 4132/6731/8187 4133/6732/8188 4134/6733/8189
f 4133/6732/8190 4126/6734/8191 4134/6733/8192
f 4135/6735/8193 4142/6736/8194 4141/6737/8195 4140/6738/8196 4139/6739/8197 4138/6740/8198 4137/6741/8199 4136/6742/8200
f 4135/6743/8201 4136/6744/8202 4143/6745/8203
f 4136/6744/8204 4137/6746/8205 4143/6745/8206
f 4137/6746/8207 4138/6747/8208 4143/6745/8209
f 4138/6748/8210 4139/6749/8211 4143/6750/8212
f 4139/6749/8213 4140/6751/8214 4143/6750/8215
f 4140/6751/8216 4141/6752/8217 4143/6750/8218
f 4141/6752/8219 4142/6753/8220 4143/6750/8221
f 4142/6754/8222 4135/6743/8223 4143/6745/8224
f 4144/6755/8225 4151/6756/8226 4150/6757/8227 4149/6758/8228 4148/6759/8229 4147/6760/8230 4146/6761/8231 4145/6762/8232
f 4144/6763/8233 4145/6764/8234 4152/6765/8235
f 4145/6764/8236 4146/6766/8237 4152/6765/8238
f 4146/6767/8239 4147/6768/8240 4152/6769/8241
f 4147/6768/8242 4148/6770/8243 4152/6769/8244
f 4148/6771/8245 4149/6772/8246 4152/6773/8247
f 4149/6772/8248 4150/6774/8249 4152/6773/8250
f 4150/6775/8251 4151/6776/8252 4152/6777/8253
f 4151/6776/8254 4144/6778/8255 4152/6777/8256
f 4153/6779/8257 4160/6780/8258 4159/6781/8259 4158/6782/8260 4157/6783/8261 4156/6784/8262 4155/6785/8263 4154/6786/8264
f 4153/6787/8265 4154/6788/8266 4161/6789/8267
f 4154/6788/8268 4155/6790/8269 4161/6789/8270
f 4155/6791/8271 4156/6792/8272 4161/6793/8273
f 4156/6792/8274 4157/6794/8275 4161/6793/8276
f 4157/6795/8277 4158/6796/8278 4161/6797/8279
f 4158/6796/8280 4159/6798/8281 4161/6797/8282
f 4159/6799/8283 4160/6800/8284 4161/6801/8285
f 4160/6800/8286 4153/6802/8287 4161/6801/8288
f 4162/6803/8289 4169/6804/8290 4168/6805/8291 4167/6806/8292 4166/6807/8293 4165/6808/8294 4164/6809/8295 4163/6810/8296
f 4162/6811/8297 4163/6812/8298 4170/6813/8299
f 4163/6812/8300 4164/6814/8301 4170/6813/8302
f 4164/6814/8303 4165/6815/8304 4170/6813/8305
f 4165/6816/8306 4166/6817/8307 4170/6818/8308
f 4166/6817/8309 4167/6819/8310 4170/6818/8311
f 4167/6819/8312 4168/6820/8313 4170/6818/8314
f 4168/6820/8315 4169/6821/8316 4170/6818/8317
f 4169/6822/8318 4162/6811/8319 4170/6813/8320
f 4171/6823/8321 4178/6824/8322 4177/6825/8323 4176/6826/8324 4175/6827/8325 4174/6828/8326 4173/6829/8327 4172/6830/8328
f 4171/6831/8329 4172/6832/8330 4179/6833/8331
f 4172/6832/8332 4173/6834/8333 4179/6833/8334
f 4173/6835/8335 4174/6836/8336 4179/6837/8337
f 4174/6836/8338 4175/6838/8339 4179/6837/8340
f 4175/6839/8341 4176/6840/8342 4179/6841/8343
f 4176/6840/8344 4177/6842/8345 4179/6841/8346
f 4177/6843/8347 4178/6844/8348 4179/6845/8349
f 4178/6844/8350 4171/6846/8351 4179/6845/8352
f 4180/6847/8353 4187/6848/8354 4186/6849/8355 4185/6850/8356 4184/6851/8357 4183/6852/8358 4182/6853/8359 4181/6854/8360
f 4180/6855/8361 4181/6856/8362 4188/6857/8363
f 4181/6856/8364 4182/6858/8365 4188/6857/8366
f 4182/6859/8367 4183/6860/8368 4188/6861/8369
f 4183/6860/8370 4184/6862/8371 4188/6861/8372
f 4184/6863/8373 4185/6864/8374 4188/6865/8375
f 4185/6864/8376 4186/6866/8377 4188/6865/8378
f 4186/6867/8379 4187/6868/8380 4188/6869/8381
f 4187/6868/8382 4180/6870/8383 4188/6869/8384
f 4189/6871/8385 4196/6872/8386 4195/6873/8387 4194/6874/8388 4193/6875/8389 4192/6876/8390 4191/6877/8391 4190/6878/8392
f 4189/6879/8393 4190/6880/8394 4197/6881/8395
f 4190/6880/8396 4191/6882/8397 4197/6881/8398
f 4191/6882/8399 4192/6883/8400 4197/6881/8401
f 4192/6884/8402 4193/6885/8403 4197/6886/8404
f 4193/6885/8405 4194/6887/8406 4197/6886/8407
f 4194/6887/8408 4195/6888/8409 4197/6886/8410
f 4195/6888/8411 4196/6889/8412 4197/6886/8413
f 4196/6890/8414 4189/6879/8415 4197/6881/8416
f 4198/6891/8417 4205/6892/8418 4204/6893/8419 4203/6894/8420 4202/6895/8421 4201/6896/8422 4200/6897/8423 4199/6898/8424
f 4198/6899/8425 4199/6900/8426 4206/6901/8427
f 4199/6900/8428 4200/6902/8429 4206/6901/8430
f 4200/6903/8431 4201/6904/8432 4206/6905/8433
f 4201/6904/8434 4202/6906/8435 4206/6905/8436
f 4202/6907/8437 4203/6908/8438 4206/6909/8439
f 4203/6908/8440 4204/6910/8441 4206/6909/8442
f 4204/6911/8443 4205/6912/8444 4206/6913/8445
f 4205/6912/8446 4198/6914/8447 4206/6913/8448
