# This file uses centimeters as units for non-parametric coordinates.

mtllib Rock_02.mtl
g default
v -2.250887 0.034607 -3.059576
v -2.250887 0.090025 -3.004158
v -2.306305 0.090025 -3.059576
v -0.165040 0.090025 -3.059438
v -0.218613 0.092089 -3.004158
v -0.220605 0.034607 -3.059576
v -0.219901 0.321922 -3.058898
v -0.215538 0.265327 -3.004158
v -0.164995 0.265658 -3.058800
v -2.306305 0.323769 -3.060313
v -2.250887 0.317679 -3.004158
v -2.250169 0.378706 -3.060032
v -0.314596 0.375261 -4.375379
v -0.258261 0.318288 -4.377799
v -0.318511 0.320971 -4.431776
v -2.306305 0.385951 -3.647328
v -2.250024 0.433901 -3.651033
v -2.252773 0.429640 -3.759864
v -0.313715 0.034607 -4.376359
v -0.317495 0.090025 -4.431776
v -0.258169 0.090025 -4.376497
v -2.250887 0.090025 -4.431776
v -2.250887 0.034607 -4.376359
v -2.306305 0.090025 -4.376359
v -0.159516 0.034607 -7.373417
v -0.104099 0.090025 -7.373417
v -0.159516 0.090025 -7.318000
v -0.159418 0.090025 -9.012895
v -0.104099 0.091755 -8.959052
v -0.159516 0.034607 -8.957373
v -0.158646 0.321952 -8.958296
v -0.104099 0.265533 -8.961630
v -0.158575 0.265536 -9.012945
v -0.160455 0.321620 -7.318000
v -0.104099 0.317285 -7.373417
v -0.160346 0.376214 -7.374325
v -1.793511 0.324170 -8.861419
v -1.737288 0.376409 -8.862381
v -1.739771 0.318915 -8.918465
v -1.738093 0.421027 -7.318000
v -1.736287 0.472663 -7.375210
v -1.793511 0.420814 -7.373417
v -1.738093 0.034607 -8.863049
v -1.793511 0.090025 -8.859837
v -1.738192 0.090025 -8.918559
v -1.738093 0.090025 -7.318000
v -1.793511 0.090025 -7.373417
v -1.738093 0.034607 -7.373417
v -1.987090 0.034607 -4.559576
v -1.987090 0.090025 -4.504158
v -2.042507 0.090025 -4.559576
v -0.081016 0.090025 -4.559483
v -0.134902 0.091702 -4.504158
v -0.136532 0.034607 -4.559576
v -0.132534 0.393355 -4.556147
v -0.131909 0.332362 -4.504158
v -0.081130 0.333009 -4.561451
v -2.042507 0.320738 -4.557988
v -1.987090 0.322374 -4.504158
v -1.988773 0.377790 -4.557988
v -0.578959 0.460012 -4.561543
v -0.571898 0.410622 -4.504158
v -0.484303 0.454504 -4.558590
v -0.232282 0.321562 -7.167513
v -0.289367 0.320689 -7.222769
v -0.287721 0.376964 -7.167472
v -2.042507 0.319151 -7.167351
v -1.987090 0.374569 -7.167351
v -1.987090 0.319151 -7.222769
v -0.287783 0.034607 -7.167351
v -0.290904 0.090025 -7.222769
v -0.232278 0.090025 -7.167444
v -2.042507 0.090025 -7.167351
v -1.987090 0.090025 -7.222769
v -1.987090 0.034607 -7.167351
v -1.987090 0.034607 -0.059576
v -1.987090 0.090025 -0.004158
v -2.042507 0.090025 -0.059576
v -0.108259 0.090025 -0.059576
v -0.163677 0.090025 -0.004158
v -0.163677 0.034607 -0.059576
v -0.163677 0.374569 -0.059576
v -0.163677 0.319151 -0.004158
v -0.108259 0.319151 -0.059576
v -2.042507 0.319151 -0.059576
v -1.987090 0.319151 -0.004158
v -1.987090 0.374569 -0.059576
v -0.165954 0.374569 -2.186606
v -0.163677 0.374569 -2.108234
v -0.108259 0.319151 -2.108218
v -0.110448 0.319151 -2.186560
v -2.042507 0.319151 -2.186606
v -2.042507 0.319151 -2.108234
v -1.987090 0.374569 -2.108234
v -1.987090 0.374569 -2.186606
v -1.987090 0.374569 -2.873445
v -1.987090 0.319151 -2.928863
v -2.042507 0.319151 -2.873445
v -0.148858 0.319151 -2.873532
v -0.205884 0.320636 -2.928863
v -0.204357 0.374569 -2.873445
v -0.204357 0.034607 -2.873445
v -0.207369 0.090025 -2.928863
v -0.148858 0.090025 -2.873532
v -2.042507 0.090025 -2.873445
v -1.987090 0.090025 -2.928863
v -1.987090 0.034607 -2.873445
v -1.987090 0.034607 -2.186606
v -1.987090 0.034607 -2.108234
v -2.042507 0.090025 -2.108234
v -2.042507 0.090025 -2.186606
v -0.110448 0.090025 -2.186560
v -0.108259 0.090025 -2.108218
v -0.163677 0.034607 -2.108234
v -0.165954 0.034607 -2.186606
v -0.162430 0.454448 -5.042350
v -0.117351 0.410150 -5.185944
v -0.172337 0.461072 -5.171480
v -1.628438 0.429742 -4.378541
v -1.518324 0.436511 -4.374924
v -1.514261 0.386885 -4.431776
v -2.255570 0.325027 -4.381052
v -2.254921 0.264541 -4.431776
v -2.306305 0.264574 -4.380363
v -4.114816 -0.023886 -2.981982
v -4.114816 -0.013537 -2.971633
v -4.125165 -0.013537 -2.981982
v -2.460132 -0.013537 -2.981982
v -2.470481 -0.013537 -2.971633
v -2.470481 -0.023886 -2.981982
v -4.114756 0.459333 -4.388842
v -4.114745 0.449055 -4.399251
v -4.125165 0.449044 -4.388841
v -2.470481 0.429818 -4.399251
v -2.470480 0.440167 -4.388902
v -2.460132 0.429697 -4.388902
v -4.125165 -0.013537 -4.388902
v -4.114816 -0.013537 -4.399251
v -4.114816 -0.023886 -4.388902
v -2.470481 -0.023886 -4.388902
v -2.470481 -0.013537 -4.399251
v -2.460132 -0.013537 -4.388902
v -4.125165 0.374954 -2.981050
v -4.114816 0.374520 -2.971633
v -4.115954 0.386475 -2.980917
v -2.470481 0.429697 -2.971633
v -2.460132 0.429697 -2.981982
v -2.470481 0.440046 -2.981982
v -3.876493 0.438193 -2.981456
v -3.858962 0.430530 -2.971633
v -3.858397 0.440189 -2.982050
v -4.115433 0.442562 -3.302832
v -4.114902 0.444858 -3.326959
v -4.125165 0.435290 -3.329437
v -4.161972 0.020996 -1.455112
v -4.161972 0.061634 -1.414474
v -4.202610 0.061634 -1.455112
v -2.113472 0.061634 -1.455112
v -2.154110 0.061634 -1.414474
v -2.154110 0.020996 -1.455112
v -4.202610 0.400190 -1.455112
v -4.161972 0.400190 -1.414474
v -4.161972 0.440828 -1.455112
v -2.154110 0.440828 -1.455112
v -2.154110 0.400190 -1.414474
v -2.113472 0.400190 -1.455112
v -4.202610 0.400190 -2.915773
v -4.161972 0.440828 -2.915773
v -4.161972 0.400190 -2.956411
v -2.537439 0.431052 -2.919750
v -2.639492 0.403279 -2.956411
v -2.629810 0.440828 -2.916262
v -4.202610 0.061634 -2.915773
v -4.161972 0.061634 -2.956411
v -4.161972 0.020996 -2.915773
v -2.113472 0.061634 -2.915773
v -2.154110 0.020996 -2.915773
v -2.154110 0.061634 -2.956411
v -2.154617 0.440828 -2.564648
v -2.113472 0.403490 -2.565934
v -2.151504 0.431119 -2.634656
v -6.425558 0.020315 0.019113
v -6.427977 0.062726 0.057673
v -6.465337 0.061337 0.012792
v -5.346392 0.025078 0.116218
v -5.382796 0.066399 0.152115
v -5.471521 0.067931 0.144306
v -5.404250 0.024539 0.112384
v -6.276103 0.366360 -1.397710
v -6.274211 0.322156 -1.434640
v -6.318561 0.327589 -1.393677
v -5.251962 0.284763 -1.458562
v -5.271863 0.329442 -1.420770
v -5.208749 0.326935 -1.421069
v -5.194545 0.282352 -1.456594
v -6.331850 0.026465 -1.367958
v -6.289672 0.021703 -1.409230
v -6.292740 -0.015614 -1.365278
v -5.208010 -0.016316 -1.431395
v -5.213377 -0.054004 -1.388363
v -5.270918 -0.051884 -1.389940
v -5.265387 -0.014234 -1.433327
v -6.455481 0.376383 -0.003178
v -6.418441 0.373635 0.038123
v -6.416932 0.419887 -0.001924
v -4.218887 0.041101 0.125178
v -4.176561 0.081254 0.126320
v -4.217866 0.085202 0.162320
v -4.204494 0.385181 0.137071
v -4.163181 0.378853 0.098854
v -4.201938 0.422107 0.093038
v -4.171436 0.289170 -1.326562
v -4.132772 0.247228 -1.319489
v -4.172336 0.245194 -1.363647
v -4.185803 -0.052887 -1.338500
v -4.146149 -0.052255 -1.295520
v -4.188528 -0.089808 -1.294465
v -5.084807 -0.010851 -7.499728
v -5.086041 0.028744 -7.457457
v -5.125505 0.029723 -7.502011
v -4.232969 0.061951 -7.449843
v -4.275710 0.062083 -7.413184
v -4.273640 0.021406 -7.452065
v -4.991934 0.420750 -8.917011
v -4.991931 0.380164 -8.957710
v -5.034375 0.382067 -8.919331
v -4.180561 0.341928 -8.913381
v -4.180871 0.382521 -8.872699
v -4.142245 0.340018 -8.870588
v -5.047654 0.103597 -8.920053
v -5.004853 0.103839 -8.958416
v -5.009025 0.061037 -8.917999
v -4.197668 0.024968 -8.873616
v -4.193543 0.065561 -8.914090
v -4.155228 0.063652 -8.871298
v -5.113045 0.313411 -7.500113
v -5.076892 0.311328 -7.456957
v -5.077586 0.360542 -7.490815
v -4.262563 0.341928 -7.412466
v -4.219813 0.340018 -7.450829
v -4.258439 0.382521 -7.452940
v -4.084527 0.034607 -7.512271
v -4.084527 0.075245 -7.471633
v -4.125165 0.075245 -7.512271
v -1.882501 0.075245 -7.512271
v -1.923139 0.075245 -7.471633
v -1.923139 0.034607 -7.512271
v -4.084527 0.431967 -8.858613
v -4.084527 0.391329 -8.899251
v -4.125165 0.391329 -8.858613
v -1.923139 0.391329 -8.899251
v -1.923139 0.431967 -8.858613
v -1.882501 0.391329 -8.858613
v -4.125165 0.075245 -8.858613
v -4.084527 0.075245 -8.899251
v -4.084527 0.034607 -8.858613
v -1.923139 0.034607 -8.858613
v -1.923139 0.075245 -8.899251
v -1.882501 0.075245 -8.858613
v -4.125165 0.303489 -7.509990
v -4.084898 0.304321 -7.471633
v -4.088639 0.350130 -7.507557
v -1.923139 0.391329 -7.471633
v -1.882501 0.391329 -7.512271
v -1.923139 0.431967 -7.512271
v -4.084527 0.034607 -4.512271
v -4.084527 0.075245 -4.471633
v -4.125165 0.075245 -4.512271
v -2.190917 0.075245 -4.512271
v -2.231555 0.075245 -4.471633
v -2.231555 0.034607 -4.512271
v -4.125165 0.370948 -4.512653
v -4.084527 0.369023 -4.471633
v -4.084152 0.411237 -4.512623
v -2.231178 0.378673 -4.511761
v -2.229960 0.336242 -4.471633
v -2.190917 0.337529 -4.511901
v -4.125165 0.423072 -5.858613
v -4.084829 0.464352 -5.858941
v -4.084527 0.425263 -5.899251
v -2.576436 0.473651 -5.862994
v -2.678275 0.449731 -5.902128
v -2.669179 0.484239 -5.859414
v -4.125165 0.075245 -5.858613
v -4.085037 0.074748 -5.900252
v -4.084527 0.034607 -5.859614
v -2.190917 0.075757 -5.900208
v -2.231555 0.034607 -5.905859
v -2.232054 0.075359 -5.940789
v -2.232315 0.463036 -5.536197
v -2.190917 0.426407 -5.539504
v -2.228436 0.457349 -5.606050
v -3.739647 0.421993 -7.508161
v -3.637789 0.394450 -7.471633
v -3.647522 0.431967 -7.511780
v -4.087277 0.422073 -7.765028
v -4.084024 0.431967 -7.834836
v -4.125165 0.394645 -7.833635
v -4.963097 0.400130 -7.484213
v -4.884131 0.375259 -7.446425
v -4.887150 0.412169 -7.487194
v -5.065108 0.405329 -7.590151
v -5.051488 0.420656 -7.658464
v -5.093904 0.386227 -7.665528
v -2.226290 0.395446 -5.863997
v -2.190917 0.348358 -5.865373
v -2.231166 0.352616 -5.904227
v -5.813512 0.440296 0.085547
v -5.862560 0.479247 0.039277
v -5.919091 0.480385 0.024091
v -6.000426 0.476381 0.030868
v -5.909011 0.447158 0.076931
v -6.385920 0.464729 -0.304317
v -6.376495 0.466612 -0.374327
v -6.419267 0.431013 -0.373099
v -2.149812 0.352910 -2.920647
v -2.113472 0.306532 -2.918016
v -2.154330 0.306924 -2.956411
v -2.470481 -0.023886 -3.912585
v -2.460133 -0.013537 -3.925014
v -2.470481 0.440126 -3.912585
v -2.460132 0.429697 -3.925014
v -4.075805 0.034607 0.013479
v -4.075805 0.049494 0.028367
v -4.090691 0.049494 0.013479
v -2.216703 0.049728 0.022406
v -2.237411 0.049961 0.028367
v -2.230210 0.034607 0.014226
v -4.090691 0.359681 0.013479
v -4.075804 0.359681 0.028367
v -4.075804 0.374569 0.013479
v -2.230210 0.374569 0.014226
v -2.237239 0.359448 0.028367
v -2.216703 0.359448 0.022406
v -4.125164 0.359681 -1.384364
v -4.110277 0.374569 -1.384364
v -4.110277 0.359681 -1.399251
v -2.190916 0.359681 -1.384364
v -2.205803 0.359681 -1.399251
v -2.205803 0.374569 -1.384364
v -4.125164 0.049494 -1.384364
v -4.110277 0.049494 -1.399251
v -4.110277 0.034607 -1.384364
v -2.205803 0.034607 -1.384364
v -2.205803 0.049494 -1.399251
v -2.190916 0.049494 -1.384364
v -2.136296 0.049842 -0.394387
v -2.140253 0.034607 -0.408858
v -2.125913 0.049842 -0.413264
v -2.125913 0.359334 -0.413264
v -2.140253 0.374569 -0.408858
v -2.136296 0.359334 -0.394387
v -8.061009 -0.032237 -1.520155
v -8.060182 0.016801 -1.460250
v -8.115773 0.022188 -1.513978
v -7.677159 -0.031792 -1.525523
v -7.676392 0.017289 -1.465608
v -7.753839 0.017181 -1.464517
v -7.754607 -0.031900 -1.524432
v -8.115773 0.251482 -1.491194
v -8.060237 0.246053 -1.437470
v -8.061009 0.306058 -1.486541
v -7.754606 0.306395 -1.490809
v -7.753839 0.246475 -1.441734
v -7.676392 0.246583 -1.442825
v -7.677159 0.306503 -1.491900
v -8.134198 0.383207 -2.778955
v -8.079299 0.436155 -2.775844
v -8.081782 0.388644 -2.835721
v -7.773726 0.387599 -2.857517
v -7.773002 0.436680 -2.797504
v -7.695587 0.436796 -2.800884
v -7.696340 0.387715 -2.860799
v -8.134179 0.152170 -2.800595
v -8.081782 0.156437 -2.858793
v -8.079613 0.097890 -2.809746
v -7.773003 0.098387 -2.831144
v -7.773726 0.158307 -2.880300
v -7.696340 0.158421 -2.883582
v -7.695587 0.098501 -2.834507
v -4.354202 -0.027097 -1.572866
v -4.299352 0.027472 -1.568143
v -4.356477 0.021984 -1.512912
v -4.356477 0.251279 -1.490129
v -4.299417 0.258118 -1.543711
v -4.354202 0.311199 -1.539252
v -4.297313 0.441505 -2.850633
v -4.242454 0.387091 -2.856944
v -4.294856 0.392423 -2.910591
v -4.294855 0.163129 -2.933374
v -4.242526 0.159278 -2.877917
v -4.297313 0.103209 -2.884247
v -10.070395 0.034607 -1.526402
v -10.070395 0.089376 -1.471633
v -10.125165 0.089376 -1.526402
v -8.190917 0.089376 -1.526402
v -8.245687 0.089376 -1.471633
v -8.245687 0.034607 -1.526402
v -10.125165 0.319800 -1.526402
v -10.070395 0.319800 -1.471633
v -10.070395 0.374569 -1.526402
v -8.245687 0.374569 -1.526402
v -8.245687 0.319800 -1.471633
v -8.190917 0.319800 -1.526402
v -10.070395 0.374569 -4.341569
v -10.070395 0.319800 -4.396338
v -10.125165 0.319800 -4.341569
v -8.231552 0.319800 -4.341654
v -8.287911 0.321267 -4.396338
v -8.286402 0.374569 -4.341569
v -10.125165 0.089376 -4.341569
v -10.070395 0.089376 -4.396338
v -10.070395 0.034607 -4.341569
v -8.286402 0.034607 -4.341569
v -8.289379 0.089376 -4.396338
v -8.231552 0.089376 -4.341654
v -10.070395 0.374569 -3.653622
v -10.125165 0.319800 -3.653622
v -10.125165 0.319800 -3.576167
v -10.070395 0.374569 -3.576167
v -8.245687 0.374569 -3.576167
v -8.190917 0.319800 -3.576152
v -8.193080 0.319800 -3.653577
v -8.247937 0.374569 -3.653622
v -10.070395 0.034607 -3.576167
v -10.125165 0.089376 -3.576167
v -10.125165 0.089376 -3.653622
v -10.070395 0.034607 -3.653622
v -8.190917 0.089376 -3.576152
v -8.245687 0.034607 -3.576167
v -8.247937 0.034607 -3.653622
v -8.193080 0.089376 -3.653577
v -8.205101 0.034607 -6.026402
v -8.205101 0.089376 -5.971633
v -8.259871 0.089376 -6.026402
v -6.190917 0.089376 -6.026402
v -6.245686 0.089376 -5.971633
v -6.245686 0.034607 -6.026402
v -8.259871 0.319800 -6.026402
v -8.205101 0.319800 -5.971633
v -8.205101 0.374569 -6.026402
v -6.245686 0.374569 -6.026402
v -6.245686 0.319800 -5.971633
v -6.190917 0.319800 -6.026402
v -8.259871 0.319800 -7.344482
v -8.205101 0.374569 -7.344482
v -8.205101 0.319800 -7.399251
v -6.245686 0.319800 -7.399251
v -6.245686 0.374569 -7.344482
v -6.190917 0.319800 -7.344482
v -8.259871 0.089376 -7.344482
v -8.205101 0.089376 -7.399251
v -8.205101 0.034607 -7.344482
v -6.245686 0.034607 -7.344482
v -6.245686 0.089376 -7.399251
v -6.190917 0.089376 -7.344482
v -6.070396 0.034607 -6.026402
v -6.070396 0.089376 -5.971633
v -6.125165 0.089376 -6.026402
v -2.248723 0.089376 -6.035947
v -2.303492 0.088677 -5.980357
v -2.303492 0.034607 -6.026402
v -6.125165 0.319800 -6.026402
v -6.070010 0.319408 -5.972414
v -6.070396 0.374569 -6.027183
v -2.303492 0.374569 -6.080481
v -2.299586 0.324350 -6.017660
v -2.248723 0.319800 -6.073123
v -6.125165 0.319800 -7.344482
v -6.070396 0.374569 -7.344482
v -6.070396 0.319800 -7.399251
v -2.303492 0.319800 -7.399251
v -2.303492 0.374569 -7.344482
v -2.248723 0.319800 -7.344482
v -6.125165 0.089376 -7.344482
v -6.070396 0.089376 -7.399251
v -6.070396 0.034607 -7.344482
v -2.303492 0.034607 -7.344482
v -2.303492 0.089376 -7.399251
v -2.248723 0.089376 -7.344482
v -10.070395 0.034607 -6.026402
v -10.070395 0.089376 -5.971633
v -10.125165 0.089376 -6.026402
v -8.318145 0.089376 -6.026402
v -8.372914 0.089376 -5.971633
v -8.372914 0.034607 -6.026402
v -10.125165 0.319800 -6.026402
v -10.070395 0.319800 -5.971633
v -10.070395 0.374569 -6.026402
v -8.372914 0.374569 -6.026402
v -8.372914 0.319800 -5.971633
v -8.318145 0.319800 -6.026402
v -10.125165 0.319800 -8.915727
v -10.070395 0.374569 -8.915727
v -10.070395 0.319800 -8.970496
v -8.372914 0.319800 -8.970496
v -8.372914 0.374569 -8.915727
v -8.318145 0.319800 -8.915727
v -10.125165 0.089376 -8.915727
v -10.070395 0.089376 -8.970496
v -10.070395 0.034607 -8.915727
v -8.372914 0.034607 -8.915727
v -8.372914 0.089376 -8.970496
v -8.318145 0.089376 -8.915727
v -10.044386 0.000000 -0.054769
v -10.044386 0.054769 0.000000
v -10.099155 0.054769 -0.054769
v -6.499371 0.054769 -0.054432
v -6.557404 0.051967 0.000000
v -6.554441 0.000000 -0.054769
v -10.099155 0.271683 -0.054769
v -10.044386 0.271683 0.000000
v -10.044386 0.326452 -0.054769
v -6.554441 0.326452 -0.054769
v -6.560206 0.271683 0.000000
v -6.499371 0.271683 -0.054432
v -10.099155 0.271683 -1.316116
v -10.044386 0.326452 -1.316116
v -10.044386 0.271683 -1.370885
v -6.410727 0.268371 -1.370885
v -6.413859 0.326452 -1.316116
v -6.359080 0.268371 -1.313162
v -10.099155 0.054769 -1.316116
v -10.044386 0.054769 -1.370885
v -10.044386 0.000000 -1.316116
v -6.413859 0.000000 -1.316116
v -6.407416 0.054769 -1.370885
v -6.358714 0.054769 -1.316453
v -5.407635 0.034607 -3.026402
v -5.407635 0.089376 -2.971633
v -5.462404 0.089376 -3.026402
v -4.190917 0.089376 -3.026402
v -4.245686 0.089376 -2.971633
v -4.245686 0.034607 -3.026402
v -5.462404 0.317209 -3.026402
v -5.407635 0.319800 -2.971633
v -5.407635 0.372039 -3.026344
v -4.245686 0.375850 -3.026387
v -4.245057 0.320429 -2.971633
v -4.190917 0.321066 -3.026402
v -5.462404 0.256276 -4.344482
v -5.409811 0.315120 -4.346553
v -5.407635 0.257917 -4.399251
v -4.245686 0.348755 -4.399251
v -4.246168 0.402357 -4.343847
v -4.190917 0.351907 -4.344482
v -5.462404 0.089376 -4.344482
v -5.407635 0.089376 -4.399251
v -5.407635 0.034607 -4.344482
v -4.245686 0.034607 -4.344482
v -4.245686 0.089376 -4.399251
v -4.190917 0.089376 -4.344482
v -8.219950 0.073619 -7.531414
v -8.222513 0.132625 -7.481305
v -8.274655 0.127996 -7.538470
v -5.146446 0.140522 -7.404288
v -5.204304 0.149498 -7.350562
v -5.201369 0.085088 -7.389800
v -8.274658 0.384362 -7.559170
v -8.221723 0.388192 -7.503521
v -8.219943 0.439103 -7.562505
v -5.218534 0.450795 -7.500201
v -5.215868 0.408185 -7.432385
v -5.162289 0.399490 -7.483802
v -8.207718 0.268928 -8.983218
v -8.153010 0.323767 -8.985048
v -8.150409 0.264721 -9.035153
v -5.125414 0.275994 -8.889559
v -5.128462 0.335810 -8.839674
v -5.073926 0.280934 -8.831904
v -8.207716 0.012665 -8.962502
v -8.150409 0.008500 -9.014402
v -8.153010 -0.041712 -8.955449
v -5.127546 -0.029922 -8.809874
v -5.124857 0.020252 -8.868819
v -5.072841 0.024881 -8.811663
v -8.050944 -0.064712 -2.954892
v -8.046375 -0.011584 -2.899045
v -8.105659 -0.009914 -2.951584
v -6.764741 -0.064765 -3.005518
v -6.761852 -0.011612 -2.949234
v -6.839179 -0.011612 -2.944774
v -6.842068 -0.064766 -3.001043
v -8.104859 0.516395 -2.940592
v -8.046958 0.516457 -2.887416
v -8.049430 0.570564 -2.941537
v -6.841083 0.545242 -2.987576
v -6.838385 0.489444 -2.933892
v -6.761061 0.487813 -2.938396
v -6.763774 0.543589 -2.992072
v -8.269415 0.102137 -5.925298
v -8.267740 0.043501 -5.872186
v -8.321965 0.100085 -5.868425
v -6.978774 0.043379 -5.881008
v -6.981057 0.099761 -5.934071
v -6.903603 0.099761 -5.934362
v -6.901254 0.043376 -5.881229
v -5.556174 -0.064762 -3.099249
v -5.500993 -0.009993 -3.101895
v -5.554421 -0.011603 -3.042882
v -5.553157 0.462258 -3.032743
v -5.500214 0.463586 -3.090425
v -5.554711 0.518258 -3.086249
v -8.160890 0.580976 -4.416357
v -8.215872 0.526498 -4.413383
v -8.210141 0.525991 -4.336133
v -8.155159 0.580470 -4.339115
v -5.596589 0.553103 -4.533204
v -5.542253 0.498069 -4.538562
v -5.543795 0.500110 -4.615976
v -5.598096 0.555140 -4.610739
v -5.612190 0.589678 -5.866512
v -5.557309 0.534876 -5.867555
v -5.612861 0.536271 -5.922614
v -5.612786 0.099681 -5.931828
v -5.557988 0.097560 -5.877257
v -5.612292 0.043219 -5.878803
v -8.156376 -0.012102 -4.351863
v -8.210901 0.042659 -4.346550
v -8.216627 0.045520 -4.423750
v -8.162103 -0.009240 -4.429054
v -5.599304 -0.009030 -4.622720
v -5.544500 0.045810 -4.625675
v -5.542961 0.042727 -4.548259
v -5.597784 -0.012059 -4.545218
v -5.480301 -0.007906 -4.540297
v -5.475446 0.040287 -4.480077
v -5.529638 0.051524 -4.534514
v -4.179708 -0.077739 -4.534536
v -4.234806 -0.078566 -4.480103
v -4.239411 -0.126743 -4.540320
v -5.503663 0.323231 -4.503996
v -5.449574 0.313498 -4.450929
v -5.445412 0.373935 -4.498044
v -4.197877 0.324107 -4.493836
v -4.203257 0.265144 -4.443443
v -4.146839 0.266069 -4.499517
v -5.488727 0.479460 -5.870274
v -5.429013 0.527352 -5.865503
v -5.434636 0.480478 -5.925704
v -4.193899 0.359840 -5.972215
v -4.186714 0.411690 -5.912909
v -4.138704 0.351155 -5.918524
v -5.514689 0.207897 -5.898376
v -5.460670 0.208151 -5.954760
v -5.465457 0.148589 -5.906144
v -4.224526 0.030134 -5.952190
v -4.218484 0.090234 -6.001013
v -4.164700 0.079243 -5.948468
v -10.070395 0.034607 -4.526402
v -10.070395 0.089376 -4.471633
v -10.125165 0.089376 -4.526402
v -8.247652 0.089376 -4.526266
v -8.300598 0.091416 -4.471633
v -8.302567 0.034607 -4.526402
v -10.125165 0.322920 -4.527237
v -10.070395 0.318138 -4.471633
v -10.069586 0.377003 -4.527086
v -8.301763 0.322072 -4.525636
v -8.297565 0.266133 -4.471633
v -8.247601 0.266368 -4.525539
v -10.125165 0.421047 -5.844482
v -10.068805 0.472514 -5.842945
v -10.070395 0.421902 -5.899251
v -8.397669 0.324677 -5.899251
v -8.396603 0.375678 -5.843528
v -8.341002 0.319513 -5.846449
v -10.125165 0.089376 -5.844482
v -10.070395 0.089376 -5.899251
v -10.070395 0.034607 -5.844482
v -8.395768 0.034607 -5.844482
v -8.399505 0.089376 -5.899251
v -8.340872 0.089376 -5.844618
v -8.296647 0.539007 -5.521199
v -8.244070 0.588433 -5.533166
v -8.257881 0.570424 -5.636183
v -6.915692 -0.012056 -4.445639
v -6.919363 -0.009147 -4.522983
v -6.842090 -0.009148 -4.528823
v -6.838434 -0.012056 -4.451478
v -6.250449 0.561694 -4.561284
v -6.247801 0.560068 -4.483825
v -6.170523 0.559263 -4.489687
v -6.173132 0.560889 -4.567149
v -6.113570 -0.064762 -3.056050
v -6.111326 -0.011608 -2.999688
v -6.188549 -0.011608 -2.993700
v -6.190845 -0.064765 -3.049996
v -6.110562 0.474041 -2.989206
v -6.112629 0.529928 -3.042832
v -6.189883 0.531578 -3.036737
v -6.187782 0.475692 -2.983173
v -6.841190 0.567626 -4.516471
v -6.918458 0.568431 -4.510609
v -6.914784 0.567197 -4.433220
v -6.837532 0.566392 -4.439081
v -6.977915 0.590322 -5.869106
v -6.900395 0.590321 -5.869323
v -6.902930 0.536590 -5.925139
v -6.980385 0.536590 -5.924848
v -6.209420 0.590014 -5.869517
v -6.211052 0.536438 -5.925462
v -6.288507 0.536438 -5.925617
v -6.286910 0.590014 -5.869681
v -6.211724 0.099724 -5.934682
v -6.210278 0.043304 -5.881608
v -6.287767 0.043304 -5.881771
v -6.289179 0.099724 -5.934837
v -6.174018 -0.009092 -4.579317
v -6.171412 -0.012057 -4.501894
v -6.248695 -0.012057 -4.496053
v -6.251341 -0.009092 -4.573472
v -8.066424 0.572073 -5.869160
v -7.972378 0.590867 -5.862205
v -7.970020 0.541869 -5.918036
v -8.275290 0.489598 -5.869964
v -8.269650 0.425932 -5.918457
v -8.321514 0.424203 -5.862240
vt 0.165025 0.273702
vt 0.165025 0.278332
vt 0.151481 0.278332
vt 0.151481 0.273702
vt 0.168300 0.273699
vt 0.168300 0.278332
vt 0.151481 0.399428
vt 0.165025 0.399428
vt 0.148205 0.278332
vt 0.148205 0.273699
vt 0.151481 0.233095
vt 0.165025 0.233095
vt 0.168300 0.399428
vt 0.168300 0.233100
vt 0.148205 0.399428
vt 0.151481 0.402704
vt 0.165025 0.402704
vt 0.148205 0.233100
vt 0.165112 0.229824
vt 0.151481 0.229824
vt 0.151480 0.278329
vt 0.151480 0.273696
vt 0.165025 0.273696
vt 0.165025 0.278329
vt 0.148204 0.278329
vt 0.148204 0.273696
vt 0.165025 0.233094
vt 0.151480 0.233094
vt 0.168301 0.273696
vt 0.168301 0.278329
vt 0.165025 0.399434
vt 0.151480 0.399434
vt 0.148204 0.399434
vt 0.148204 0.233094
vt 0.168301 0.233094
vt 0.151480 0.229818
vt 0.165025 0.229818
vt 0.168301 0.399434
vt 0.165025 0.402710
vt 0.151480 0.402710
vt 0.721613 0.776618
vt 0.721715 0.682891
vt 0.731987 0.682738
vt 0.735046 0.776618
vt 0.718337 0.776618
vt 0.718337 0.682990
vt 0.721613 0.679708
vt 0.731988 0.679705
vt 0.735322 0.682935
vt 0.738530 0.776564
vt 0.721613 0.779894
vt 0.735303 0.779894
vt 0.746596 0.787155
vt 0.740883 0.875111
vt 0.727042 0.875018
vt 0.727042 0.787155
vt 0.743971 0.875168
vt 0.749660 0.787261
vt 0.740572 0.878483
vt 0.727042 0.878489
vt 0.723767 0.875207
vt 0.723767 0.787155
vt 0.746608 0.783879
vt 0.727042 0.783879
vt 0.104709 0.991096
vt 0.104709 0.913245
vt 0.118202 0.913168
vt 0.115091 0.991134
vt 0.101433 0.991088
vt 0.101433 0.913253
vt 0.118360 0.909977
vt 0.104709 0.909977
vt 0.118416 0.991128
vt 0.121569 0.913311
vt 0.104831 0.994364
vt 0.115071 0.994364
vt 0.309046 0.567542
vt 0.309046 0.413396
vt 0.322684 0.413302
vt 0.322590 0.567542
vt 0.305771 0.413396
vt 0.305771 0.567542
vt 0.309046 0.410120
vt 0.322780 0.410120
vt 0.326056 0.413302
vt 0.325866 0.567542
vt 0.322590 0.570818
vt 0.309046 0.570818
vt 0.453055 0.563585
vt 0.453055 0.409427
vt 0.466742 0.409423
vt 0.471978 0.526554
vt 0.467418 0.563468
vt 0.449780 0.563579
vt 0.449780 0.409433
vt 0.466690 0.406157
vt 0.453055 0.406157
vt 0.470016 0.409426
vt 0.474988 0.527409
vt 0.470985 0.563782
vt 0.474597 0.535042
vt 0.453155 0.566855
vt 0.467380 0.566855
vt 0.073572 0.993229
vt 0.073572 0.915394
vt 0.087389 0.915438
vt 0.091064 0.950136
vt 0.083890 0.993466
vt 0.070296 0.915394
vt 0.070296 0.993229
vt 0.073572 0.912118
vt 0.087029 0.912118
vt 0.090636 0.915421
vt 0.093898 0.950355
vt 0.093647 0.956788
vt 0.087463 0.993507
vt 0.073572 0.996505
vt 0.083888 0.996505
vt 0.164319 0.995299
vt 0.164319 0.939556
vt 0.190519 0.939556
vt 0.190519 0.995299
vt 0.163707 0.995299
vt 0.163707 0.940291
vt 0.164319 0.912136
vt 0.190519 0.912136
vt 0.191135 0.940291
vt 0.191130 0.995299
vt 0.164319 0.995911
vt 0.190519 0.995911
vt 0.163707 0.912136
vt 0.190526 0.911524
vt 0.164319 0.911524
vt 0.191138 0.912136
vt 0.129290 0.994288
vt 0.129290 0.911125
vt 0.152254 0.911069
vt 0.155820 0.931663
vt 0.156633 0.994284
vt 0.128678 0.911125
vt 0.128678 0.994288
vt 0.129290 0.910513
vt 0.152228 0.910513
vt 0.152935 0.911062
vt 0.156250 0.930090
vt 0.157241 0.994284
vt 0.156386 0.931516
vt 0.156634 0.994900
vt 0.129290 0.994900
vt 0.459346 0.894995
vt 0.459346 0.808655
vt 0.479358 0.808655
vt 0.479358 0.894995
vt 0.456944 0.808655
vt 0.456944 0.894995
vt 0.459346 0.806253
vt 0.479358 0.806253
vt 0.481760 0.808655
vt 0.481760 0.894995
vt 0.479358 0.897397
vt 0.459346 0.897397
vt 0.284411 0.905607
vt 0.276520 0.821562
vt 0.294222 0.820145
vt 0.302003 0.903984
vt 0.282038 0.905540
vt 0.274300 0.821624
vt 0.294102 0.817535
vt 0.276482 0.819021
vt 0.304559 0.903640
vt 0.296701 0.819727
vt 0.284645 0.907735
vt 0.302377 0.906243
vt 0.130747 0.903759
vt 0.130847 0.819736
vt 0.147183 0.819778
vt 0.147183 0.903701
vt 0.128350 0.903628
vt 0.128560 0.819599
vt 0.147296 0.817249
vt 0.130960 0.817207
vt 0.149696 0.819653
vt 0.149696 0.903576
vt 0.130754 0.905926
vt 0.147296 0.905968
vt 0.232276 0.993509
vt 0.232276 0.913926
vt 0.250960 0.913926
vt 0.250960 0.993509
vt 0.229874 0.993509
vt 0.229874 0.913926
vt 0.250960 0.911524
vt 0.232276 0.911524
vt 0.253362 0.913926
vt 0.253362 0.993509
vt 0.232276 0.995911
vt 0.250960 0.995911
vt 0.039615 0.994682
vt 0.039615 0.915100
vt 0.057094 0.915122
vt 0.060175 0.994682
vt 0.037213 0.915100
vt 0.037213 0.994741
vt 0.039615 0.912697
vt 0.056980 0.912697
vt 0.059476 0.915120
vt 0.062615 0.994701
vt 0.060305 0.997084
vt 0.039586 0.997143
vt 0.201139 0.993509
vt 0.201139 0.913926
vt 0.214630 0.913791
vt 0.220019 0.932922
vt 0.219823 0.993509
vt 0.198737 0.913926
vt 0.198737 0.993509
vt 0.201139 0.911524
vt 0.214680 0.911524
vt 0.217387 0.913647
vt 0.221640 0.928866
vt 0.222225 0.993509
vt 0.222225 0.932993
vt 0.219823 0.995911
vt 0.201139 0.995911
vt 0.103477 0.903724
vt 0.099110 0.819903
vt 0.115879 0.819791
vt 0.120183 0.829569
vt 0.119937 0.903681
vt 0.096711 0.819768
vt 0.100961 0.903603
vt 0.099052 0.817269
vt 0.115756 0.817240
vt 0.118665 0.819241
vt 0.121312 0.825113
vt 0.122224 0.903544
vt 0.122218 0.829151
vt 0.119825 0.905950
vt 0.103491 0.905992
vt 0.033032 0.906310
vt 0.033062 0.824268
vt 0.049176 0.826328
vt 0.053789 0.845590
vt 0.048536 0.906332
vt 0.030630 0.906310
vt 0.030630 0.823934
vt 0.033039 0.821870
vt 0.049428 0.824031
vt 0.055618 0.841656
vt 0.051959 0.826409
vt 0.050968 0.906340
vt 0.055955 0.845785
vt 0.033032 0.908712
vt 0.048460 0.908712
vt 0.064568 0.904191
vt 0.066629 0.822575
vt 0.085252 0.823519
vt 0.088481 0.845385
vt 0.082368 0.905711
vt 0.064205 0.822201
vt 0.062081 0.904033
vt 0.066711 0.819922
vt 0.085089 0.821077
vt 0.087823 0.823445
vt 0.090474 0.841319
vt 0.084659 0.905950
vt 0.090585 0.845457
vt 0.082046 0.908133
vt 0.064287 0.906631
vt 0.428403 0.895565
vt 0.428403 0.809225
vt 0.442879 0.809093
vt 0.448611 0.829904
vt 0.448416 0.895565
vt 0.426001 0.895565
vt 0.426001 0.809225
vt 0.428403 0.806823
vt 0.442903 0.806823
vt 0.450244 0.825842
vt 0.445621 0.808937
vt 0.450818 0.895565
vt 0.450818 0.829980
vt 0.428403 0.897968
vt 0.448416 0.897968
vt 0.639449 0.957816
vt 0.639449 0.956700
vt 0.657743 0.956700
vt 0.657743 0.957816
vt 0.638548 0.956961
vt 0.639428 0.899298
vt 0.657764 0.899298
vt 0.658644 0.956961
vt 0.657750 0.982453
vt 0.639442 0.982453
vt 0.638548 0.981969
vt 0.638548 0.899298
vt 0.657764 0.898418
vt 0.639428 0.898418
vt 0.658644 0.899298
vt 0.658644 0.981969
vt 0.261891 0.995228
vt 0.261891 0.912601
vt 0.280226 0.912601
vt 0.280226 0.995228
vt 0.261011 0.912601
vt 0.261011 0.995228
vt 0.261891 0.911721
vt 0.280226 0.911721
vt 0.281106 0.912601
vt 0.281106 0.995228
vt 0.280226 0.996108
vt 0.261891 0.996108
vt 0.151444 0.278311
vt 0.151444 0.273733
vt 0.165062 0.273733
vt 0.165062 0.278311
vt 0.148207 0.273733
vt 0.148207 0.278311
vt 0.165062 0.233075
vt 0.151444 0.233075
vt 0.168299 0.278311
vt 0.168299 0.273733
vt 0.165062 0.399453
vt 0.151444 0.399453
vt 0.148207 0.233075
vt 0.148207 0.399453
vt 0.168299 0.233075
vt 0.151444 0.229838
vt 0.165062 0.229838
vt 0.168299 0.399453
vt 0.165062 0.402689
vt 0.151444 0.402689
vt 0.165061 0.273739
vt 0.165061 0.278314
vt 0.151444 0.278314
vt 0.151444 0.273739
vt 0.168298 0.278313
vt 0.168298 0.273736
vt 0.151444 0.399447
vt 0.165061 0.399447
vt 0.148207 0.278313
vt 0.148207 0.273736
vt 0.151444 0.233076
vt 0.165061 0.233076
vt 0.168298 0.399447
vt 0.168298 0.233081
vt 0.148207 0.399447
vt 0.151444 0.402684
vt 0.165061 0.402684
vt 0.148207 0.233081
vt 0.165148 0.229844
vt 0.151444 0.229844
vt 0.825809 0.274635
vt 0.825839 0.279202
vt 0.797408 0.279814
vt 0.797239 0.275251
vt 0.829059 0.279377
vt 0.829029 0.274812
vt 0.800633 0.365210
vt 0.826578 0.344685
vt 0.819792 0.364844
vt 0.794002 0.275565
vt 0.794171 0.280128
vt 0.794131 0.192794
vt 0.825241 0.192145
vt 0.829500 0.345392
vt 0.828443 0.192200
vt 0.797288 0.365432
vt 0.828435 0.351482
vt 0.823657 0.365301
vt 0.800754 0.368571
vt 0.819894 0.368167
vt 0.790892 0.192990
vt 0.794032 0.189689
vt 0.825245 0.189001
vt 0.292455 0.484470
vt 0.292334 0.489046
vt 0.265418 0.488473
vt 0.265601 0.483897
vt 0.295587 0.489363
vt 0.295707 0.484779
vt 0.262302 0.573968
vt 0.290296 0.574646
vt 0.262359 0.484071
vt 0.262180 0.488652
vt 0.268660 0.409915
vt 0.294510 0.410489
vt 0.293527 0.574893
vt 0.297749 0.410550
vt 0.259065 0.574124
vt 0.262207 0.577456
vt 0.290217 0.578055
vt 0.265448 0.409824
vt 0.294592 0.407234
vt 0.268785 0.406690
vt 0.005215 0.993397
vt 0.013006 0.915976
vt 0.026472 0.917215
vt 0.018848 0.994841
vt 0.001989 0.993117
vt 0.009692 0.915601
vt 0.026787 0.914044
vt 0.013233 0.912697
vt 0.021986 0.995104
vt 0.029688 0.917588
vt 0.004890 0.996661
vt 0.018444 0.998008
vt 0.676694 0.978993
vt 0.669010 0.902940
vt 0.682564 0.901594
vt 0.690350 0.977714
vt 0.665793 0.903306
vt 0.673485 0.979534
vt 0.668692 0.899765
vt 0.682243 0.898418
vt 0.685790 0.901319
vt 0.693480 0.977530
vt 0.690672 0.981069
vt 0.676946 0.982433
vt 0.005198 0.993437
vt 0.012928 0.915917
vt 0.026479 0.917269
vt 0.018750 0.994788
vt 0.001977 0.993116
vt 0.009706 0.915596
vt 0.026800 0.914048
vt 0.013249 0.912696
vt 0.021971 0.995109
vt 0.029700 0.917590
vt 0.004877 0.996658
vt 0.018429 0.998009
vt 0.026479 0.917269
vt 0.018750 0.994788
vt 0.005198 0.993437
vt 0.012928 0.915918
vt 0.021971 0.995109
vt 0.029700 0.917590
vt 0.018429 0.998009
vt 0.004877 0.996658
vt 0.001977 0.993116
vt 0.009707 0.915596
vt 0.013249 0.912696
vt 0.026801 0.914048
vt 0.704060 0.963060
vt 0.704060 0.885712
vt 0.717680 0.885712
vt 0.717680 0.960862
vt 0.700823 0.963624
vt 0.700823 0.885712
vt 0.717680 0.882474
vt 0.704060 0.882474
vt 0.720918 0.960427
vt 0.720918 0.885712
vt 0.704019 0.966346
vt 0.717949 0.964141
vt 0.026615 0.917297
vt 0.018608 0.994808
vt 0.005057 0.993409
vt 0.013065 0.915897
vt 0.021828 0.995141
vt 0.029836 0.917630
vt 0.018275 0.998029
vt 0.004752 0.996586
vt 0.001841 0.993030
vt 0.009844 0.915564
vt 0.013398 0.912676
vt 0.026948 0.914076
vt 0.424259 0.402667
vt 0.424259 0.231878
vt 0.437879 0.231878
vt 0.437879 0.402667
vt 0.421022 0.402667
vt 0.421022 0.231878
vt 0.437879 0.228640
vt 0.424259 0.228640
vt 0.441117 0.402667
vt 0.441117 0.231878
vt 0.424259 0.405904
vt 0.437879 0.405904
vt 0.437879 0.231878
vt 0.437879 0.402666
vt 0.424259 0.402666
vt 0.424259 0.231878
vt 0.441117 0.402666
vt 0.441117 0.231878
vt 0.437879 0.405904
vt 0.424259 0.405904
vt 0.421022 0.402666
vt 0.421022 0.231878
vt 0.424259 0.228640
vt 0.437879 0.228640
vt 0.758550 0.953032
vt 0.758550 0.878434
vt 0.771176 0.878628
vt 0.771372 0.953032
vt 0.755313 0.953012
vt 0.755313 0.878454
vt 0.771176 0.875216
vt 0.758550 0.875216
vt 0.774609 0.953012
vt 0.774609 0.878454
vt 0.758384 0.956250
vt 0.771372 0.956250
vt 0.731305 0.960270
vt 0.731305 0.885712
vt 0.744127 0.885712
vt 0.744127 0.960270
vt 0.728068 0.885712
vt 0.728068 0.960270
vt 0.731305 0.882474
vt 0.744127 0.882474
vt 0.747364 0.885712
vt 0.747364 0.960270
vt 0.744127 0.963508
vt 0.731305 0.963508
vt 0.476370 0.982727
vt 0.476370 0.904815
vt 0.491888 0.904815
vt 0.490065 0.982727
vt 0.473133 0.982727
vt 0.473133 0.904815
vt 0.491702 0.901577
vt 0.476370 0.901577
vt 0.493303 0.982728
vt 0.494870 0.904852
vt 0.476370 0.985964
vt 0.490028 0.985964
vt 0.373228 0.993036
vt 0.373228 0.915124
vt 0.386695 0.915124
vt 0.383094 0.993036
vt 0.369991 0.915124
vt 0.369991 0.993036
vt 0.373228 0.911887
vt 0.386849 0.911887
vt 0.389937 0.915121
vt 0.386572 0.993159
vt 0.383191 0.996274
vt 0.373228 0.996274
vt 0.401535 0.897037
vt 0.394699 0.813847
vt 0.409835 0.812650
vt 0.416843 0.892337
vt 0.398258 0.897894
vt 0.391460 0.813953
vt 0.409543 0.809242
vt 0.394426 0.810468
vt 0.419875 0.891368
vt 0.413078 0.812191
vt 0.402066 0.900213
vt 0.417357 0.895376
vt 0.609133 0.889918
vt 0.615950 0.805743
vt 0.631104 0.806967
vt 0.624280 0.891143
vt 0.612736 0.805326
vt 0.605918 0.889501
vt 0.616224 0.802364
vt 0.631330 0.803677
vt 0.634340 0.807164
vt 0.627522 0.891251
vt 0.624032 0.894213
vt 0.608887 0.892986
vt 0.643362 0.889048
vt 0.652642 0.805470
vt 0.668714 0.807240
vt 0.663685 0.891118
vt 0.640466 0.888706
vt 0.649739 0.805250
vt 0.669228 0.804066
vt 0.653291 0.802364
vt 0.667116 0.891454
vt 0.672293 0.807572
vt 0.643314 0.892266
vt 0.663630 0.894433
vt 0.168578 0.903194
vt 0.159335 0.822576
vt 0.175395 0.820772
vt 0.184630 0.901533
vt 0.155822 0.822918
vt 0.165072 0.903654
vt 0.158671 0.819358
vt 0.174820 0.817635
vt 0.178393 0.820420
vt 0.187461 0.901251
vt 0.184690 0.904810
vt 0.168593 0.906527
vt 0.614541 0.979356
vt 0.614541 0.901428
vt 0.628144 0.901319
vt 0.625003 0.979399
vt 0.611303 0.979348
vt 0.611303 0.901436
vt 0.628450 0.898198
vt 0.614541 0.898198
vt 0.628296 0.979393
vt 0.631464 0.901492
vt 0.614661 0.982585
vt 0.624989 0.982585
vt 0.581458 0.979348
vt 0.581458 0.901436
vt 0.595262 0.901485
vt 0.601063 0.979348
vt 0.578220 0.901436
vt 0.578220 0.979348
vt 0.581458 0.898198
vt 0.594980 0.898198
vt 0.598459 0.901476
vt 0.604105 0.979257
vt 0.601113 0.982585
vt 0.581458 0.982585
vt 0.788202 0.661424
vt 0.781769 0.661262
vt 0.824558 0.618011
vt 0.824772 0.624520
vt 0.746835 0.661271
vt 0.746768 0.541261
vt 0.824585 0.546858
vt 0.827919 0.617771
vt 0.824921 0.661590
vt 0.743532 0.541003
vt 0.743532 0.661313
vt 0.827919 0.547090
vt 0.827919 0.661551
vt 0.566197 0.409549
vt 0.571793 0.409375
vt 0.590819 0.437970
vt 0.590233 0.445603
vt 0.566615 0.406157
vt 0.592586 0.409230
vt 0.482863 0.409339
vt 0.583413 0.563586
vt 0.482962 0.563579
vt 0.482962 0.406157
vt 0.592623 0.406157
vt 0.583315 0.566855
vt 0.482962 0.566855
vt 0.142079 0.354196
vt 0.141944 0.358829
vt 0.034296 0.358829
vt 0.034296 0.354196
vt 0.139674 0.399428
vt 0.034296 0.399428
vt 0.034296 0.233100
vt 0.142079 0.233100
vt 0.034296 0.402704
vt 0.139584 0.402704
vt 0.142079 0.229824
vt 0.034296 0.229824
vt 0.174427 0.278332
vt 0.174427 0.273699
vt 0.282074 0.273699
vt 0.282209 0.278332
vt 0.174427 0.233100
vt 0.279804 0.233100
vt 0.282209 0.399428
vt 0.174427 0.399428
vt 0.279626 0.229824
vt 0.174427 0.229824
vt 0.174427 0.402704
vt 0.282209 0.402704
vt 0.838943 0.673189
vt 0.839043 0.766818
vt 0.745729 0.761148
vt 0.745788 0.673241
vt 0.839047 0.770048
vt 0.745582 0.764463
vt 0.838936 0.669859
vt 0.745681 0.669859
vt 0.846784 0.769373
vt 0.846784 0.681321
vt 0.940094 0.675745
vt 0.940094 0.769373
vt 0.940100 0.672463
vt 0.846778 0.678039
vt 0.940094 0.772649
vt 0.846784 0.772649
vt 0.636712 0.675719
vt 0.636712 0.561213
vt 0.714547 0.555709
vt 0.714547 0.675719
vt 0.633436 0.561436
vt 0.633436 0.675719
vt 0.717823 0.675719
vt 0.717823 0.555591
vt 0.333016 0.413396
vt 0.433462 0.413396
vt 0.442402 0.567542
vt 0.333016 0.567542
vt 0.433277 0.410120
vt 0.333016 0.410120
vt 0.333016 0.570818
vt 0.442499 0.570818
vt 0.912725 0.859744
vt 0.912761 0.858675
vt 0.933148 0.873837
vt 0.931722 0.873868
vt 0.912145 0.858708
vt 0.912757 0.776635
vt 0.967765 0.776635
vt 0.995920 0.776635
vt 0.995916 0.873828
vt 0.912694 0.873899
vt 0.912145 0.873832
vt 0.912145 0.776635
vt 0.996532 0.873827
vt 0.996532 0.776635
vt 0.822244 0.873832
vt 0.822244 0.776635
vt 0.850399 0.776635
vt 0.905407 0.776635
vt 0.905407 0.873832
vt 0.821632 0.873832
vt 0.821632 0.776635
vt 0.906019 0.873832
vt 0.906019 0.776635
vt 0.625143 0.593753
vt 0.624937 0.599213
vt 0.604153 0.571125
vt 0.608291 0.570941
vt 0.627310 0.599786
vt 0.538568 0.689780
vt 0.538568 0.571095
vt 0.624908 0.689780
vt 0.625196 0.570840
vt 0.627310 0.571108
vt 0.627310 0.689780
vt 0.536166 0.689780
vt 0.536166 0.571095
vt 0.864421 0.472799
vt 0.864195 0.476219
vt 0.775392 0.468338
vt 0.775485 0.464936
vt 0.866543 0.474951
vt 0.866081 0.480195
vt 0.776850 0.528738
vt 0.858681 0.536589
vt 0.772941 0.464619
vt 0.772827 0.468011
vt 0.781035 0.404357
vt 0.864951 0.406152
vt 0.867146 0.406091
vt 0.860961 0.536732
vt 0.774252 0.528556
vt 0.778432 0.404196
vt 0.763734 0.465512
vt 0.763716 0.469243
vt 0.678310 0.507501
vt 0.677412 0.504159
vt 0.765950 0.468066
vt 0.765834 0.464672
vt 0.701860 0.534538
vt 0.762353 0.528604
vt 0.674677 0.501260
vt 0.677909 0.512308
vt 0.675186 0.506905
vt 0.674234 0.405999
vt 0.758147 0.404196
vt 0.764536 0.528492
vt 0.760339 0.404249
vt 0.697722 0.535095
vt 0.671632 0.406150
vt 0.679848 0.536928
vt 0.677480 0.537017
vt 0.181731 0.724060
vt 0.181519 0.729542
vt 0.162414 0.703719
vt 0.166543 0.703489
vt 0.184044 0.730079
vt 0.101910 0.813181
vt 0.101859 0.703651
vt 0.181491 0.813221
vt 0.181790 0.703363
vt 0.184168 0.703651
vt 0.183874 0.813203
vt 0.099487 0.813203
vt 0.099487 0.703579
vt 0.905373 0.479950
vt 0.905587 0.474505
vt 0.924683 0.500306
vt 0.920556 0.500499
vt 0.903214 0.473929
vt 0.905616 0.372576
vt 0.985198 0.372576
vt 0.985198 0.500336
vt 0.905337 0.500579
vt 0.903214 0.500358
vt 0.903214 0.372576
vt 0.987601 0.500336
vt 0.987601 0.372576
vt 0.553536 0.806785
vt 0.558025 0.806961
vt 0.548311 0.817085
vt 0.547506 0.813046
vt 0.558204 0.804551
vt 0.595189 0.804936
vt 0.599774 0.888858
vt 0.551832 0.891478
vt 0.546769 0.807175
vt 0.546810 0.805173
vt 0.594945 0.802543
vt 0.551832 0.893883
vt 0.599792 0.891263
vt 0.441297 0.693489
vt 0.441297 0.574804
vt 0.527637 0.574804
vt 0.527637 0.693489
vt 0.438895 0.693489
vt 0.438895 0.574804
vt 0.530039 0.693489
vt 0.530039 0.574804
vt 0.492439 0.808642
vt 0.540399 0.811265
vt 0.535908 0.895294
vt 0.487960 0.892476
vt 0.492686 0.806253
vt 0.540642 0.808873
vt 0.487887 0.894975
vt 0.535786 0.897592
vt 0.889552 0.635752
vt 0.889552 0.507992
vt 0.969135 0.507992
vt 0.969135 0.635752
vt 0.887150 0.635752
vt 0.887150 0.507992
vt 0.971537 0.635752
vt 0.971537 0.507992
vt 0.275540 0.813519
vt 0.272806 0.703990
vt 0.355181 0.703990
vt 0.355181 0.813519
vt 0.273137 0.813549
vt 0.270741 0.704019
vt 0.357583 0.813519
vt 0.357583 0.703990
vt 0.206289 0.697966
vt 0.206245 0.588873
vt 0.231254 0.583555
vt 0.288916 0.587430
vt 0.288916 0.700004
vt 0.205409 0.697966
vt 0.205409 0.589288
vt 0.289796 0.700004
vt 0.289796 0.587430
vt 0.205762 0.588074
vt 0.296802 0.698489
vt 0.296802 0.585916
vt 0.354465 0.582041
vt 0.379473 0.587358
vt 0.379429 0.696452
vt 0.295922 0.698489
vt 0.295922 0.585916
vt 0.380309 0.696452
vt 0.380309 0.587784
vt 0.379957 0.586560
vt 0.085208 0.201921
vt 0.085272 0.206499
vt 0.008032 0.207586
vt 0.007833 0.203010
vt 0.088749 0.201876
vt 0.088814 0.206454
vt 0.009297 0.225710
vt 0.085525 0.224610
vt 0.005126 0.207629
vt 0.004932 0.203055
vt 0.004893 0.002137
vt 0.082409 0.005500
vt 0.085953 0.005635
vt 0.089066 0.224562
vt 0.006398 0.225838
vt 0.001989 0.001992
vt 0.098748 0.206499
vt 0.098812 0.201921
vt 0.176187 0.203010
vt 0.175987 0.207586
vt 0.095847 0.206454
vt 0.095912 0.201876
vt 0.101611 0.005500
vt 0.179128 0.002137
vt 0.179534 0.207629
vt 0.179728 0.203055
vt 0.098496 0.224610
vt 0.174707 0.225692
vt 0.095595 0.224565
vt 0.098708 0.005635
vt 0.182672 0.001992
vt 0.178246 0.225838
vt 0.034273 0.358790
vt 0.034273 0.354213
vt 0.142103 0.354213
vt 0.141970 0.358790
vt 0.034273 0.233084
vt 0.142103 0.233084
vt 0.139697 0.399444
vt 0.034273 0.399444
vt 0.034273 0.229847
vt 0.142103 0.229847
vt 0.034273 0.402680
vt 0.139607 0.402680
vt 0.174403 0.278315
vt 0.174403 0.273738
vt 0.282100 0.273738
vt 0.282233 0.278315
vt 0.174403 0.233084
vt 0.279827 0.233084
vt 0.282233 0.399444
vt 0.174403 0.399444
vt 0.174403 0.229848
vt 0.279651 0.229848
vt 0.174403 0.402680
vt 0.282233 0.402680
vt 0.713223 0.393917
vt 0.708653 0.394182
vt 0.704301 0.308791
vt 0.708867 0.308446
vt 0.713394 0.397244
vt 0.708823 0.397508
vt 0.630964 0.314334
vt 0.637196 0.396910
vt 0.704084 0.304219
vt 0.708651 0.303874
vt 0.743727 0.305811
vt 0.747147 0.391288
vt 0.747282 0.394616
vt 0.637466 0.400211
vt 0.630625 0.309771
vt 0.700572 0.223946
vt 0.705154 0.223933
vt 0.743571 0.301235
vt 0.751714 0.390930
vt 0.748295 0.305466
vt 0.751847 0.394262
vt 0.624381 0.224467
vt 0.700437 0.220809
vt 0.705015 0.220792
vt 0.741418 0.223901
vt 0.748141 0.300889
vt 0.782203 0.302905
vt 0.784662 0.388377
vt 0.784766 0.391708
vt 0.624282 0.221328
vt 0.741334 0.220764
vt 0.745998 0.223911
vt 0.782113 0.298324
vt 0.745912 0.220773
vt 0.781345 0.224076
vt 0.781316 0.220942
vt 0.920402 0.194922
vt 0.924972 0.195188
vt 0.920612 0.280721
vt 0.916046 0.280374
vt 0.920561 0.191748
vt 0.925132 0.192015
vt 0.958895 0.197828
vt 0.955471 0.283365
vt 0.920396 0.285295
vt 0.915828 0.284949
vt 0.848976 0.192200
vt 0.842727 0.274812
vt 0.849122 0.189001
vt 0.959019 0.194662
vt 0.960039 0.283712
vt 0.963461 0.198188
vt 0.955315 0.287944
vt 0.916896 0.365263
vt 0.912314 0.365250
vt 0.842388 0.279377
vt 0.963583 0.195018
vt 0.959885 0.288291
vt 0.996440 0.200754
vt 0.993964 0.286284
vt 0.953159 0.365284
vt 0.916746 0.368562
vt 0.912168 0.368545
vt 0.853531 0.364842
vt 0.837471 0.345392
vt 0.996532 0.197592
vt 0.993875 0.290867
vt 0.957740 0.365274
vt 0.953065 0.368590
vt 0.853670 0.368142
vt 0.836655 0.351482
vt 0.847972 0.365253
vt 0.993042 0.365096
vt 0.957643 0.368581
vt 0.835626 0.365301
vt 0.993003 0.368413
vt 0.835959 0.368167
vt 0.027620 0.699377
vt 0.027620 0.583555
vt 0.105533 0.583555
vt 0.105533 0.699377
vt 0.024383 0.699377
vt 0.024383 0.583555
vt 0.108770 0.699377
vt 0.108770 0.583555
vt 0.027620 0.699377
vt 0.027620 0.583555
vt 0.105533 0.583555
vt 0.105533 0.699377
vt 0.024383 0.699377
vt 0.024383 0.583555
vt 0.108770 0.699377
vt 0.108770 0.583555
vt 0.213651 0.224886
vt 0.216801 0.002223
vt 0.291517 0.002223
vt 0.291517 0.224886
vt 0.210413 0.224863
vt 0.213088 0.001992
vt 0.294754 0.224886
vt 0.294754 0.002223
vt 0.326523 0.224655
vt 0.326523 0.001992
vt 0.404435 0.001992
vt 0.404435 0.224655
vt 0.323285 0.224655
vt 0.323285 0.001992
vt 0.407672 0.224655
vt 0.407156 0.001992
vt 0.314557 0.232109
vt 0.414895 0.232109
vt 0.414895 0.402897
vt 0.314557 0.402897
vt 0.314557 0.228871
vt 0.414895 0.228871
vt 0.314557 0.406135
vt 0.414895 0.406135
vt 0.314557 0.232109
vt 0.414895 0.232109
vt 0.414895 0.402897
vt 0.314557 0.402897
vt 0.314557 0.228871
vt 0.414895 0.228871
vt 0.314557 0.406135
vt 0.414895 0.406135
vt 0.567835 0.216779
vt 0.567835 0.010487
vt 0.642394 0.002177
vt 0.642394 0.216779
vt 0.564598 0.216779
vt 0.564598 0.010828
vt 0.645631 0.216779
vt 0.645631 0.001992
vt 0.460801 0.216974
vt 0.460801 0.002373
vt 0.535360 0.010683
vt 0.535360 0.216974
vt 0.457564 0.216974
vt 0.457564 0.001992
vt 0.538597 0.216974
vt 0.538597 0.010858
vt 0.502452 0.904811
vt 0.571135 0.904814
vt 0.571107 0.982689
vt 0.502324 0.982849
vt 0.502452 0.901577
vt 0.571172 0.901577
vt 0.502452 0.985964
vt 0.571135 0.985964
vt 0.397236 0.907436
vt 0.465919 0.907436
vt 0.465919 0.985348
vt 0.397236 0.985348
vt 0.397236 0.904198
vt 0.465919 0.904198
vt 0.397236 0.988585
vt 0.465919 0.988585
vt 0.784411 0.184911
vt 0.780728 0.007496
vt 0.859905 0.002172
vt 0.868498 0.180954
vt 0.780924 0.185016
vt 0.776719 0.007339
vt 0.871459 0.180800
vt 0.862853 0.001992
vt 0.675116 0.180987
vt 0.683721 0.002151
vt 0.767662 0.006515
vt 0.759291 0.184944
vt 0.671632 0.180833
vt 0.680237 0.001992
vt 0.762253 0.185095
vt 0.769982 0.006688
vt 0.310932 0.820762
vt 0.384674 0.820514
vt 0.385334 0.904396
vt 0.311901 0.901593
vt 0.310686 0.817977
vt 0.384356 0.817535
vt 0.311569 0.905152
vt 0.384909 0.907901
vt 0.194465 0.823243
vt 0.267816 0.820521
vt 0.266937 0.903977
vt 0.193587 0.903979
vt 0.194748 0.820369
vt 0.268174 0.817635
vt 0.193874 0.907538
vt 0.267209 0.907537
vt 0.453057 0.802219
vt 0.452972 0.697723
vt 0.530873 0.703329
vt 0.530838 0.802173
vt 0.449780 0.802267
vt 0.449780 0.697475
vt 0.534167 0.802267
vt 0.534167 0.703392
vt 0.565889 0.798379
vt 0.565889 0.699391
vt 0.643801 0.693882
vt 0.643801 0.798379
vt 0.562652 0.798379
vt 0.562652 0.699612
vt 0.647039 0.798379
vt 0.647039 0.693765
vt 0.717641 0.784079
vt 0.717641 0.877401
vt 0.704111 0.877494
vt 0.707266 0.784029
vt 0.678419 0.877339
vt 0.678419 0.784029
vt 0.692109 0.784085
vt 0.697985 0.877339
vt 0.723949 0.661313
vt 0.724071 0.541185
vt 0.734311 0.541003
vt 0.737406 0.661313
vt 0.654208 0.780058
vt 0.654117 0.679705
vt 0.667752 0.679796
vt 0.667752 0.780058
vt 0.385559 0.805257
vt 0.385559 0.697475
vt 0.399103 0.697475
vt 0.399103 0.805257
vt 0.385462 0.805115
vt 0.385372 0.697617
vt 0.399290 0.697706
vt 0.399290 0.805115
vt 0.190952 0.813650
vt 0.191052 0.704167
vt 0.205277 0.703990
vt 0.209903 0.729998
vt 0.204687 0.813650
vt 0.030822 0.817884
vt 0.023590 0.774103
vt 0.027487 0.703422
vt 0.041138 0.703362
vt 0.041138 0.817646
vt 0.788162 0.871226
vt 0.789299 0.774034
vt 0.815506 0.774034
vt 0.815506 0.871231
vt 0.755787 0.871231
vt 0.755787 0.774034
vt 0.781986 0.774034
vt 0.782035 0.856107
vt 0.778725 0.871231
vt 0.874330 0.447470
vt 0.874240 0.442226
vt 0.896341 0.467685
vt 0.896747 0.473330
vt 0.875351 0.373366
vt 0.893083 0.372576
vt 0.874023 0.504006
vt 0.892401 0.503443
vt 0.836255 0.604534
vt 0.836398 0.601141
vt 0.854052 0.601936
vt 0.853929 0.605328
vt 0.838594 0.540717
vt 0.856214 0.541513
vt 0.834045 0.664960
vt 0.851805 0.665874
vt 0.412757 0.693489
vt 0.412757 0.574804
vt 0.432769 0.574804
vt 0.432769 0.693489
vt 0.889591 0.925845
vt 0.891851 0.877884
vt 0.908188 0.878652
vt 0.905925 0.926609
vt 0.862340 0.668478
vt 0.862340 0.540717
vt 0.881024 0.540717
vt 0.881024 0.668478
vt 0.216251 0.813614
vt 0.216251 0.704084
vt 0.231679 0.703990
vt 0.233617 0.813614
vt 0.977663 0.632325
vt 0.977663 0.504565
vt 0.996347 0.504565
vt 0.996532 0.605918
vt 0.991204 0.632347
vt 0.914890 0.926560
vt 0.916861 0.878662
vt 0.933403 0.877884
vt 0.935373 0.914626
vt 0.931594 0.926020
vt 0.242997 0.813542
vt 0.241550 0.730418
vt 0.247291 0.703990
vt 0.263680 0.704042
vt 0.263716 0.813572
vt 0.386618 0.693489
vt 0.386436 0.603495
vt 0.392131 0.574817
vt 0.406630 0.574804
vt 0.406630 0.693489
vt 0.074216 0.704586
vt 0.074202 0.703362
vt 0.092510 0.703362
vt 0.092510 0.704576
vt 0.074188 0.813254
vt 0.092524 0.813254
vt 0.048889 0.815936
vt 0.048889 0.703362
vt 0.067225 0.703362
vt 0.067225 0.815936
vt 0.436180 0.202811
vt 0.436186 0.198233
vt 0.449740 0.198233
vt 0.449733 0.202811
vt 0.436464 0.001992
vt 0.450017 0.001992
vt 0.436157 0.220919
vt 0.449708 0.220922
vt 0.189292 0.207629
vt 0.189285 0.203055
vt 0.202838 0.203055
vt 0.202845 0.207629
vt 0.189006 0.001992
vt 0.202560 0.001992
vt 0.189230 0.225838
vt 0.202956 0.225838
vt 0.632710 0.480213
vt 0.632710 0.475642
vt 0.662231 0.475596
vt 0.662328 0.480166
vt 0.632710 0.441754
vt 0.661515 0.441709
vt 0.632712 0.551571
vt 0.663924 0.551605
vt 0.632710 0.437190
vt 0.661417 0.437145
vt 0.632711 0.404271
vt 0.660721 0.404196
vt 0.625760 0.480497
vt 0.625760 0.485075
vt 0.599939 0.485035
vt 0.599939 0.480457
vt 0.606480 0.561244
vt 0.599627 0.543533
vt 0.625620 0.561230
vt 0.599948 0.444138
vt 0.625762 0.444178
vt 0.599948 0.439560
vt 0.625762 0.439600
vt 0.599958 0.404201
vt 0.625765 0.404196
vt 0.385530 0.805227
vt 0.385530 0.697504
vt 0.399133 0.697504
vt 0.399133 0.805227
vt 0.385431 0.805085
vt 0.385343 0.697647
vt 0.399320 0.697736
vt 0.399320 0.805085
vt 0.004636 0.699377
vt 0.004636 0.583555
vt 0.018257 0.583555
vt 0.018257 0.699377
vt 0.018257 0.583555
vt 0.018257 0.699377
vt 0.004636 0.699377
vt 0.004636 0.583555
vt 0.301920 0.224886
vt 0.301878 0.002223
vt 0.315809 0.001992
vt 0.315517 0.224863
vt 0.315661 0.001990
vt 0.315661 0.224887
vt 0.302026 0.224887
vt 0.302026 0.001990
vt 0.668075 0.679786
vt 0.667406 0.780068
vt 0.653793 0.779977
vt 0.654463 0.679695
vt 0.668075 0.679786
vt 0.667406 0.780068
vt 0.653793 0.779977
vt 0.654463 0.679695
vt 0.302007 0.224778
vt 0.301828 0.002099
vt 0.315859 0.002278
vt 0.315859 0.224778
vt 0.545137 0.216974
vt 0.545333 0.002188
vt 0.557959 0.001992
vt 0.557959 0.216974
vt 0.844832 0.946538
vt 0.844832 0.877854
vt 0.858489 0.877817
vt 0.858452 0.946538
vt 0.871608 0.946500
vt 0.866238 0.877817
vt 0.881571 0.877817
vt 0.881571 0.946500
vt 0.579929 0.399171
vt 0.580927 0.220764
vt 0.596218 0.221448
vt 0.595036 0.399125
vt 0.596116 0.220961
vt 0.595093 0.399117
vt 0.580031 0.399007
vt 0.581026 0.220818
vt 0.789583 0.950416
vt 0.782557 0.877081
vt 0.802874 0.875216
vt 0.805733 0.948886
vt 0.813695 0.951158
vt 0.820825 0.877817
vt 0.836762 0.879271
vt 0.829792 0.952696
vt 0.541245 0.798558
vt 0.541365 0.693945
vt 0.551693 0.693765
vt 0.554767 0.798558
vt 0.947973 0.738613
vt 0.953720 0.639738
vt 0.967629 0.639846
vt 0.967629 0.738613
vn -0.707106 -0.707108 0.000000
vn -0.707106 -0.707108 0.000000
vn -0.707106 -0.707108 0.000000
vn -0.707106 -0.707108 0.000000
vn 0.000356 -0.700557 0.713597
vn 0.000356 -0.700557 0.713597
vn 0.000356 -0.700557 0.713597
vn 0.000356 -0.700557 0.713597
vn -0.709414 0.001125 0.704791
vn -0.709414 0.001125 0.704791
vn -0.709414 0.001125 0.704791
vn -0.709414 0.001125 0.704791
vn 0.705346 -0.707107 -0.049875
vn 0.705346 -0.707107 -0.049875
vn 0.705345 -0.707107 -0.049875
vn 0.705346 -0.707107 -0.049875
vn 0.725935 -0.007750 0.687719
vn 0.725935 -0.007750 0.687719
vn 0.725935 -0.007750 0.687719
vn 0.725935 -0.007750 0.687719
vn 0.712945 0.700854 -0.022666
vn 0.712945 0.700854 -0.022666
vn 0.712945 0.700854 -0.022666
vn 0.712945 0.700854 -0.022666
vn 0.018192 0.685258 0.728074
vn 0.018192 0.685258 0.728074
vn 0.018192 0.685258 0.728074
vn 0.018192 0.685258 0.728074
vn -0.672115 0.736807 0.073333
vn -0.672115 0.736807 0.073333
vn -0.670304 0.739173 0.065696
vn -0.701958 0.712077 0.014184
vn 0.038892 0.736283 -0.675555
vn 0.038892 0.736283 -0.675555
vn 0.010608 0.721472 -0.692363
vn 0.036014 0.737081 -0.674844
vn 0.674525 -0.000466 -0.738252
vn 0.674525 -0.000466 -0.738252
vn 0.674525 -0.000466 -0.738252
vn 0.674525 -0.000466 -0.738252
vn -0.756232 0.645940 -0.104283
vn -0.757903 0.643722 -0.105858
vn -0.757903 0.643722 -0.105858
vn -0.103504 0.989246 -0.103340
vn 0.040210 0.997747 0.053706
vn 0.040218 0.997746 0.053716
vn -0.103161 0.989319 -0.102989
vn 0.000000 -0.707107 -0.707106
vn 0.000000 -0.707107 -0.707106
vn 0.000000 -0.707107 -0.707106
vn 0.000000 -0.707107 -0.707106
vn -0.707112 -0.016283 -0.706914
vn -0.707112 -0.016283 -0.706914
vn -0.707112 -0.016283 -0.706914
vn -0.707112 -0.016283 -0.706914
vn 0.000000 -0.707107 0.707106
vn 0.000000 -0.707107 0.707106
vn 0.000000 -0.707107 0.707106
vn 0.000000 -0.707107 0.707106
vn 0.712560 -0.701611 -0.000383
vn 0.712560 -0.701611 -0.000383
vn 0.712560 -0.701611 -0.000383
vn 0.712560 -0.701611 -0.000383
vn 0.704148 0.001441 0.710052
vn 0.704148 0.001441 0.710052
vn 0.704148 0.001441 0.710052
vn 0.704148 0.001441 0.710052
vn -0.042176 -0.707106 -0.705848
vn -0.042176 -0.707106 -0.705848
vn -0.042176 -0.707106 -0.705848
vn -0.042176 -0.707106 -0.705848
vn 0.691737 -0.007102 -0.722115
vn 0.691737 -0.007102 -0.722115
vn 0.691737 -0.007102 -0.722115
vn 0.691737 -0.007102 -0.722115
vn -0.019394 0.697116 -0.716696
vn -0.019394 0.697116 -0.716696
vn -0.019394 0.697116 -0.716696
vn -0.019394 0.697116 -0.716696
vn 0.720772 0.692798 -0.022767
vn 0.720772 0.692798 -0.022767
vn 0.720772 0.692798 -0.022767
vn 0.720772 0.692798 -0.022767
vn 0.045088 0.729089 0.682933
vn 0.045088 0.729089 0.682933
vn 0.045088 0.729089 0.682933
vn 0.045088 0.729089 0.682933
vn -0.727985 -0.004686 -0.685577
vn -0.727985 -0.004686 -0.685577
vn -0.727985 -0.004686 -0.685577
vn -0.727985 -0.004686 -0.685577
vn -0.675924 0.735442 -0.047456
vn -0.675924 0.735442 -0.047456
vn -0.675924 0.735442 -0.047456
vn -0.675924 0.735442 -0.047456
vn -0.707109 0.000000 0.707105
vn -0.707109 0.000000 0.707105
vn -0.707109 0.000000 0.707105
vn -0.707109 0.000000 0.707105
vn -0.707107 -0.707107 0.000000
vn -0.707107 -0.707107 0.000000
vn -0.707107 -0.707107 0.000000
vn -0.707107 -0.707107 0.000000
vn -0.707106 -0.707107 0.000000
vn -0.707106 -0.707107 0.000000
vn -0.707106 -0.707107 0.000000
vn -0.707106 -0.707107 0.000000
vn 0.000318 -0.701778 0.712395
vn 0.000318 -0.701778 0.712395
vn 0.000318 -0.701778 0.712395
vn 0.000318 -0.701778 0.712395
vn -0.701964 -0.002441 0.712208
vn -0.701964 -0.002441 0.712208
vn -0.701964 -0.002441 0.712208
vn -0.701964 -0.002441 0.712208
vn 0.705920 -0.707107 -0.040944
vn 0.705920 -0.707107 -0.040944
vn 0.705920 -0.707107 -0.040944
vn 0.705920 -0.707107 -0.040944
vn 0.732490 -0.001590 0.680776
vn 0.732490 -0.001590 0.680776
vn 0.732490 -0.001590 0.680776
vn 0.732490 -0.001590 0.680776
vn 0.759485 0.649549 0.035631
vn 0.759485 0.649549 0.035631
vn 0.693400 0.717923 -0.061506
vn 0.757901 0.651452 0.034597
vn 0.113836 0.659543 0.742997
vn 0.113836 0.659543 0.742997
vn 0.110854 0.663186 0.740200
vn -0.021121 0.718715 0.694984
vn -0.717611 0.696444 -0.000873
vn -0.717611 0.696444 -0.000873
vn -0.717611 0.696444 -0.000873
vn -0.717611 0.696444 -0.000873
vn -0.042909 0.725408 0.686980
vn -0.042909 0.725408 0.686980
vn -0.041049 0.726418 0.686026
vn -0.029979 0.999356 -0.019734
vn 0.109345 0.991302 0.073245
vn 0.095124 0.993411 0.063924
vn -0.030197 0.999346 -0.019881
vn 0.686976 0.723185 -0.071177
vn 0.686976 0.723185 -0.071177
vn 0.686663 0.723687 -0.069068
vn 0.690907 -0.002401 -0.722940
vn 0.690907 -0.002401 -0.722940
vn 0.690907 -0.002401 -0.722940
vn 0.690907 -0.002401 -0.722940
vn -0.000841 0.703995 -0.710205
vn -0.000841 0.703995 -0.710205
vn -0.000841 0.703995 -0.710205
vn -0.000841 0.703995 -0.710205
vn -0.707106 0.000000 -0.707107
vn -0.707106 0.000000 -0.707107
vn -0.707106 0.000000 -0.707107
vn -0.707106 0.000000 -0.707107
vn 0.000000 -0.707107 -0.707106
vn 0.000000 -0.707107 -0.707106
vn 0.000000 -0.707107 -0.707106
vn 0.000000 -0.707107 -0.707106
vn -0.707106 -0.707107 0.000000
vn -0.707106 -0.707107 0.000000
vn -0.707106 -0.707107 0.000000
vn -0.707106 -0.707107 0.000000
vn 0.000000 -0.707107 0.707107
vn 0.000000 -0.707107 0.707107
vn 0.000000 -0.707107 0.707107
vn 0.000000 -0.707107 0.707107
vn -0.707107 0.000000 0.707106
vn -0.707107 0.000000 0.707106
vn -0.707107 0.000000 0.707106
vn -0.707107 0.000000 0.707106
vn 0.707107 -0.707107 0.000000
vn 0.707107 -0.707107 0.000000
vn 0.707096 -0.707117 -0.000752
vn 0.707096 -0.707117 -0.000733
vn 0.707107 0.000000 0.707107
vn 0.707107 0.000000 0.707107
vn 0.707107 0.000000 0.707107
vn 0.707107 0.000000 0.707107
vn 0.707107 0.707107 0.000000
vn 0.707107 0.707107 0.000000
vn 0.707096 0.707117 -0.000733
vn 0.707096 0.707117 -0.000752
vn 0.000000 0.707107 0.707107
vn 0.000000 0.707107 0.707107
vn 0.000000 0.707107 0.707107
vn 0.000000 0.707107 0.707107
vn -0.707106 0.707107 0.000000
vn -0.707106 0.707107 0.000000
vn -0.707106 0.707107 0.000000
vn -0.707106 0.707107 0.000000
vn 0.706083 0.707132 -0.037565
vn 0.706089 0.707134 -0.037427
vn 0.706004 0.707107 -0.039475
vn 0.706004 0.707107 -0.039475
vn 0.000000 1.000000 0.000000
vn 0.000000 1.000000 0.000000
vn 0.000000 1.000000 0.000000
vn 0.000000 1.000000 0.000000
vn 0.998596 0.000000 -0.052974
vn 0.999999 0.000000 -0.001029
vn 0.999999 0.000000 -0.001029
vn 0.998596 0.000000 -0.052974
vn -0.707107 0.707107 0.000000
vn -0.707107 0.707107 0.000000
vn -0.707107 0.707107 0.000000
vn -0.707107 0.707107 0.000000
vn -1.000000 0.000000 0.000000
vn -1.000000 0.000000 0.000000
vn -1.000000 0.000000 0.000000
vn -1.000000 0.000000 0.000000
vn -0.000297 0.711862 -0.702319
vn -0.000297 0.711862 -0.702319
vn -0.000297 0.711862 -0.702319
vn -0.000297 0.711862 -0.702319
vn -0.707108 0.000000 -0.707106
vn -0.707108 0.000000 -0.707106
vn -0.707108 0.000000 -0.707106
vn -0.707108 0.000000 -0.707106
vn 0.691688 -0.002234 -0.722193
vn 0.691688 -0.002234 -0.722193
vn 0.691688 -0.002234 -0.722193
vn 0.691688 -0.002234 -0.722193
vn 0.706004 -0.707107 -0.039475
vn 0.706004 -0.707107 -0.039475
vn 0.706089 -0.707134 -0.037427
vn 0.706083 -0.707132 -0.037565
vn 0.000000 -0.707107 -0.707106
vn 0.000000 -0.707107 -0.707106
vn 0.000000 -0.707107 -0.707106
vn 0.000000 -0.707107 -0.707106
vn -0.707107 -0.707107 0.000000
vn -0.707107 -0.707107 0.000000
vn -0.707107 -0.707107 0.000000
vn -0.707107 -0.707107 0.000000
vn 0.000000 -1.000000 0.000000
vn 0.000000 -1.000000 0.000000
vn 0.000000 -1.000000 0.000000
vn 0.000000 -1.000000 0.000000
vn -0.104162 0.646583 -0.755699
vn -0.105595 0.644481 -0.757294
vn -0.105595 0.644481 -0.757294
vn 1.000000 0.000000 0.000000
vn 1.000000 0.000000 0.000000
vn 1.000000 0.000000 0.000000
vn 1.000000 0.000000 0.000000
vn 0.046256 0.997733 -0.048888
vn 0.046256 0.997733 -0.048888
vn 0.046256 0.997733 -0.048888
vn 0.046256 0.997733 -0.048888
vn -1.000000 0.000000 0.000000
vn -1.000000 0.000000 0.000000
vn -1.000000 0.000000 0.000000
vn -1.000000 0.000000 0.000000
vn 0.000000 -1.000000 0.000000
vn 0.000000 -1.000000 0.000000
vn 0.000000 -1.000000 0.000000
vn 0.000000 -1.000000 0.000000
vn -0.059646 -0.000000 -0.998220
vn -0.059646 -0.000000 -0.998220
vn -0.059646 -0.000000 -0.998220
vn -0.059646 -0.000000 -0.998220
vn 0.000000 0.000000 1.000000
vn 0.000000 0.000000 1.000000
vn 0.000000 0.000000 1.000000
vn 0.000000 0.000000 1.000000
vn 0.000000 0.000000 1.000000
vn 0.000000 0.000000 1.000000
vn 0.000000 0.000000 1.000000
vn 0.000000 0.000000 1.000000
vn 0.000000 -1.000000 0.000000
vn 0.000000 -1.000000 0.000000
vn 0.000000 -1.000000 0.000000
vn 0.000000 -1.000000 0.000000
vn 0.997509 -0.000000 -0.070534
vn 0.997509 -0.000000 -0.070534
vn 0.997509 -0.000000 -0.070534
vn 0.997509 -0.000000 -0.070534
vn -0.161851 0.973231 -0.163172
vn 0.169417 0.979090 0.112609
vn 0.000000 0.000000 -1.000000
vn 0.000000 0.000000 -1.000000
vn 0.000000 0.000000 -1.000000
vn 0.000000 0.000000 -1.000000
vn 0.000000 -1.000000 0.000000
vn 0.000000 -1.000000 0.000000
vn 0.000000 -1.000000 0.000000
vn 0.000000 -1.000000 0.000000
vn -1.000000 0.000001 0.000000
vn -1.000000 0.000001 0.000000
vn -1.000000 0.000001 0.000000
vn -1.000000 0.000001 0.000000
vn 0.000000 0.000000 1.000000
vn 0.000000 0.000000 1.000000
vn 0.000000 0.000000 1.000000
vn 0.000000 0.000000 1.000000
vn 0.000000 1.000000 0.000000
vn 0.000000 1.000000 0.000000
vn 0.000000 0.000000 -1.000000
vn 0.000000 0.000000 -1.000000
vn 0.000000 0.000000 -1.000000
vn 0.000000 0.000000 -1.000000
vn 0.000000 -1.000000 0.000000
vn 0.000000 -1.000000 0.000000
vn 1.000000 0.000000 0.000000
vn 1.000000 0.000000 0.000000
vn -1.000000 0.000000 0.000000
vn -1.000000 0.000000 0.000000
vn -1.000000 0.000000 0.000000
vn -1.000000 0.000000 0.000000
vn 0.000000 -1.000000 0.000000
vn 0.000000 -1.000000 0.000000
vn 0.998441 0.000000 -0.055825
vn 0.998441 0.000000 -0.055825
vn 0.000000 1.000000 0.000000
vn 0.000000 1.000000 0.000000
vn -0.000000 0.000000 1.000000
vn -0.000000 0.000000 1.000000
vn -0.000000 0.000000 1.000000
vn -0.000000 0.000000 1.000000
vn -0.000000 0.000000 1.000000
vn 0.998322 -0.000000 -0.057903
vn 0.998322 -0.000000 -0.057903
vn 0.998322 -0.000000 -0.057903
vn 0.998322 -0.000000 -0.057903
vn 0.998322 -0.000000 -0.057903
vn -0.030486 0.999334 -0.020076
vn -0.030486 0.999334 -0.020076
vn -0.030486 0.999334 -0.020076
vn 0.041219 0.997644 0.054849
vn 0.041219 0.997644 0.054849
vn 0.041219 0.997644 0.054849
vn 0.000000 0.000000 -1.000000
vn 0.000000 0.000000 -1.000000
vn 0.000000 0.000000 -1.000000
vn 0.000000 0.000000 -1.000000
vn 0.000000 0.000000 -1.000000
vn -1.000000 -0.000000 0.000000
vn -1.000000 -0.000000 0.000000
vn -1.000000 -0.000000 0.000000
vn -1.000000 -0.000000 0.000000
vn -1.000000 -0.000000 0.000000
vn -0.577351 -0.577348 0.577351
vn -0.577351 -0.577348 0.577351
vn -0.577351 -0.577348 0.577351
vn 0.575078 -0.578056 0.578909
vn 0.575078 -0.578056 0.578909
vn 0.575078 -0.578056 0.578909
vn 0.595270 0.581875 0.554144
vn 0.595270 0.581875 0.554144
vn 0.595270 0.581875 0.554144
vn -0.555879 0.564886 0.609838
vn -0.555879 0.564886 0.609838
vn -0.555879 0.564886 0.609838
vn 0.558743 0.577773 -0.594966
vn 0.558743 0.577773 -0.594966
vn 0.558743 0.577773 -0.594966
vn 0.562380 -0.565197 -0.603557
vn 0.562380 -0.565197 -0.603557
vn 0.562380 -0.565197 -0.603557
vn -0.577347 -0.577350 -0.577353
vn -0.577347 -0.577350 -0.577353
vn -0.577347 -0.577350 -0.577353
vn 0.577354 -0.577349 0.577348
vn 0.577354 -0.577349 0.577348
vn 0.577354 -0.577349 0.577348
vn 0.578459 -0.577852 -0.575737
vn 0.578459 -0.577852 -0.575737
vn 0.578459 -0.577852 -0.575737
vn 0.560178 0.576719 -0.594640
vn 0.560178 0.576719 -0.594640
vn 0.560178 0.576719 -0.594640
vn 0.594990 0.576551 0.559979
vn 0.594990 0.576551 0.559979
vn 0.594990 0.576551 0.559979
vn -0.559185 0.591147 -0.581255
vn -0.559185 0.591147 -0.581255
vn -0.559185 0.591147 -0.581255
vn -0.551609 0.627779 0.549201
vn -0.551609 0.627779 0.549201
vn -0.551609 0.627779 0.549201
vn -0.599634 -0.566886 -0.564871
vn -0.599634 -0.566886 -0.564871
vn -0.599634 -0.566886 -0.564871
vn -0.577354 -0.577351 0.577347
vn -0.577354 -0.577351 0.577347
vn -0.577354 -0.577351 0.577347
vn -0.577347 -0.577353 0.577351
vn -0.577347 -0.577353 0.577351
vn -0.577347 -0.577353 0.577351
vn 0.575831 -0.577830 0.578387
vn 0.575831 -0.577830 0.578387
vn 0.575831 -0.577830 0.578387
vn 0.645651 0.499187 0.577882
vn 0.645651 0.499187 0.577882
vn 0.645651 0.499187 0.577882
vn -0.588352 0.554144 0.588869
vn -0.588352 0.554144 0.588869
vn -0.588352 0.554144 0.588869
vn 0.567678 0.568492 -0.595448
vn 0.567678 0.568492 -0.595448
vn 0.567678 0.568492 -0.595448
vn -0.577347 0.577352 -0.577352
vn -0.577347 0.577352 -0.577352
vn -0.577347 0.577352 -0.577352
vn 0.565264 -0.567164 -0.599000
vn 0.565264 -0.567164 -0.599000
vn 0.565264 -0.567164 -0.599000
vn -0.577347 -0.577353 -0.577351
vn -0.577347 -0.577353 -0.577351
vn -0.577347 -0.577353 -0.577351
vn -0.577350 -0.577351 0.577350
vn -0.577350 -0.577351 0.577350
vn -0.577350 -0.577351 0.577350
vn 0.577350 -0.577350 0.577350
vn 0.577350 -0.577350 0.577350
vn 0.577350 -0.577350 0.577350
vn 0.577350 0.577350 0.577350
vn 0.577350 0.577350 0.577350
vn 0.577350 0.577350 0.577350
vn -0.577350 0.577351 0.577350
vn -0.577350 0.577351 0.577350
vn -0.577350 0.577351 0.577350
vn -0.577350 0.577350 -0.577350
vn -0.577350 0.577350 -0.577350
vn -0.577351 0.577351 -0.577350
vn 0.576054 0.577803 -0.578192
vn 0.576054 0.577803 -0.578192
vn 0.576054 0.577803 -0.578192
vn 0.565729 -0.567498 -0.598245
vn 0.565729 -0.567498 -0.598245
vn 0.565729 -0.567498 -0.598245
vn -0.577351 -0.577351 -0.577349
vn -0.577351 -0.577351 -0.577349
vn -0.577351 -0.577351 -0.577349
vn -0.610241 0.505200 -0.610229
vn -0.610241 0.505200 -0.610229
vn -0.610241 0.505200 -0.610229
vn -0.707114 -0.707100 0.000000
vn -0.707114 -0.707100 0.000000
vn -0.707114 -0.707100 0.000000
vn -0.707114 -0.707100 0.000000
vn 0.000000 -0.707105 0.707109
vn 0.000000 -0.707105 0.707109
vn 0.000000 -0.707105 0.707109
vn 0.000000 -0.707105 0.707109
vn -0.690659 -0.000868 0.723180
vn -0.690659 -0.000868 0.723180
vn -0.521429 0.264603 0.811232
vn -0.690345 0.004621 0.723466
vn 0.707122 -0.707092 -0.000000
vn 0.707122 -0.707092 -0.000000
vn 0.707122 -0.707092 -0.000000
vn 0.707122 -0.707091 0.000000
vn 0.707107 0.000000 0.707107
vn 0.707107 0.000000 0.707107
vn 0.707107 0.000000 0.707107
vn 0.707107 0.000000 0.707107
vn -0.693310 0.720577 0.009542
vn -0.693310 0.720577 0.009542
vn -0.701569 0.712345 0.019140
vn -0.693247 0.720629 0.010126
vn 0.008270 0.709300 -0.704858
vn 0.008270 0.709300 -0.704858
vn 0.008270 0.709300 -0.704858
vn 0.008270 0.709300 -0.704858
vn -0.706942 0.000101 -0.707272
vn -0.706942 0.000101 -0.707272
vn -0.706942 0.000101 -0.707272
vn -0.706942 0.000101 -0.707272
vn 0.707105 0.000000 -0.707109
vn 0.707105 0.000000 -0.707109
vn 0.707105 0.000000 -0.707109
vn 0.707105 0.000000 -0.707109
vn 0.710555 0.703642 0.000031
vn 0.710555 0.703642 0.000031
vn 0.708824 0.705385 0.000030
vn 0.709665 0.704539 0.000031
vn 0.000000 -0.707105 -0.707109
vn 0.000000 -0.707105 -0.707109
vn 0.000000 -0.707105 -0.707109
vn 0.000000 -0.707105 -0.707109
vn -0.772834 0.625349 0.108011
vn -0.772834 0.625349 0.108011
vn -0.772326 0.626036 0.107662
vn -0.141150 0.621411 0.770666
vn -0.011673 0.712694 0.701378
vn -0.133837 0.623833 0.770013
vn 0.000236 0.720130 0.693839
vn 0.000236 0.720130 0.693839
vn -0.000098 0.720215 0.693751
vn -0.181368 0.972206 0.148058
vn 0.005843 0.999960 0.006812
vn 0.005896 0.999960 0.006771
vn -0.170424 0.975380 0.139963
vn 0.000000 0.000000 -1.000000
vn 0.000000 0.000000 -1.000000
vn 0.000000 0.000000 -1.000000
vn 0.000000 0.000000 -1.000000
vn 0.000000 -1.000000 0.000000
vn 0.000000 -1.000000 0.000000
vn 0.000000 -1.000000 0.000000
vn 0.000000 -1.000000 0.000000
vn 0.000000 -1.000000 0.000000
vn 1.000000 -0.000001 -0.000000
vn 1.000000 -0.000001 -0.000000
vn 1.000000 -0.000001 0.000000
vn 1.000000 -0.000001 -0.000000
vn -0.207763 0.963719 0.167572
vn 0.000000 0.000000 1.000000
vn 0.000000 0.000000 1.000000
vn 0.000000 0.000000 1.000000
vn 0.000000 0.000000 1.000000
vn 0.000000 0.000000 1.000000
vn 0.005978 0.999960 0.006709
vn 0.005978 0.999960 0.006709
vn 0.005978 0.999960 0.006709
vn 0.005978 0.999960 0.006709
vn -1.000000 -0.000000 0.000000
vn -1.000000 -0.000000 0.000000
vn -1.000000 -0.000000 0.000000
vn -1.000000 -0.000000 0.000000
vn -1.000000 -0.000000 0.000000
vn -0.577371 -0.577310 0.577370
vn -0.577371 -0.577310 0.577370
vn -0.577371 -0.577310 0.577370
vn 0.577350 -0.577350 0.577350
vn 0.577350 -0.577350 0.577350
vn 0.577350 -0.577350 0.577350
vn -0.575102 0.581835 -0.575087
vn -0.575102 0.581835 -0.575087
vn -0.575102 0.581835 -0.575087
vn 0.581823 0.575074 -0.575129
vn 0.581822 0.575074 -0.575129
vn 0.581822 0.575074 -0.575129
vn -0.577357 -0.577317 -0.577377
vn -0.577357 -0.577317 -0.577377
vn -0.577357 -0.577317 -0.577377
vn 0.577337 -0.577357 -0.577357
vn 0.577337 -0.577357 -0.577357
vn 0.577337 -0.577357 -0.577357
vn 0.577350 0.577350 0.577350
vn 0.577350 0.577350 0.577350
vn 0.577350 0.577350 0.577350
vn -0.707110 -0.707104 0.000000
vn -0.707110 -0.707104 0.000000
vn -0.707110 -0.707104 0.000000
vn -0.707110 -0.707104 0.000000
vn 0.000000 -0.707107 0.707107
vn 0.000000 -0.707107 0.707107
vn 0.000000 -0.707107 0.707107
vn 0.000000 -0.707107 0.707107
vn -0.707109 0.000000 0.707104
vn -0.707109 0.000000 0.707104
vn -0.707109 0.000000 0.707104
vn -0.707109 0.000000 0.707104
vn 0.707108 -0.707105 0.000000
vn 0.707108 -0.707105 0.000000
vn 0.707108 -0.707105 0.000000
vn 0.707108 -0.707105 0.000000
vn 0.707109 0.000000 0.707104
vn 0.707109 0.000000 0.707104
vn 0.707109 0.000000 0.707104
vn 0.707109 0.000000 0.707104
vn -0.707110 0.707104 0.000000
vn -0.707110 0.707104 0.000000
vn -0.707110 0.707104 0.000000
vn -0.707110 0.707104 0.000000
vn 0.000000 0.707107 0.707107
vn 0.000000 0.707107 0.707107
vn 0.000000 0.707107 0.707107
vn 0.000000 0.707107 0.707107
vn 0.690072 0.723741 0.000918
vn 0.690072 0.723741 0.000918
vn 0.702406 0.711416 -0.022653
vn 0.689559 0.724229 -0.001068
vn -0.707110 0.000000 -0.707104
vn -0.707110 0.000000 -0.707104
vn -0.707110 0.000000 -0.707104
vn -0.707110 0.000000 -0.707104
vn -0.000838 0.718628 -0.695395
vn -0.000838 0.718628 -0.695395
vn 0.000924 0.718821 -0.695195
vn 0.010599 0.709474 -0.704652
vn 0.129627 0.975901 -0.175539
vn 0.000295 1.000000 -0.000400
vn 0.000483 1.000000 -0.000653
vn 0.140731 0.971528 -0.190599
vn 0.118280 0.604765 -0.787571
vn 0.119593 0.602233 -0.789312
vn 0.119593 0.602233 -0.789312
vn 0.000000 -0.707107 -0.707107
vn 0.000000 -0.707107 -0.707107
vn 0.000000 -0.707107 -0.707107
vn 0.000000 -0.707107 -0.707107
vn 0.696169 -0.002974 -0.717872
vn 0.696169 -0.002974 -0.717872
vn 0.695381 0.027281 -0.718123
vn 0.695411 0.026460 -0.718125
vn 0.768563 0.618424 -0.163900
vn 0.771225 0.614371 -0.166615
vn 0.771225 0.614371 -0.166615
vn -0.721457 -0.690519 -0.051802
vn -0.721457 -0.690519 -0.051802
vn -0.721122 -0.690409 -0.057611
vn -0.721089 -0.690397 -0.058150
vn -0.064578 -0.664217 0.744745
vn -0.064578 -0.664217 0.744745
vn -0.064333 -0.665295 0.743804
vn -0.064551 -0.664336 0.744642
vn -0.755104 0.060435 0.652814
vn -0.755104 0.060435 0.652814
vn -0.447236 0.455598 0.769682
vn -0.751933 0.088293 0.653301
vn -0.012750 -0.997482 0.069773
vn -0.016877 -0.999134 0.038037
vn -0.016870 -0.999130 0.038127
vn -0.012731 -0.997474 0.069882
vn -0.004470 -0.651682 0.758479
vn 0.001488 -0.649700 0.760190
vn 0.003500 -0.649024 0.760760
vn 0.003500 -0.649024 0.760760
vn -0.087641 0.072677 0.993497
vn -0.021771 0.121644 0.992335
vn -0.033767 0.113554 0.992958
vn -0.088659 0.070379 0.993573
vn -0.655971 0.741975 -0.138475
vn -0.655971 0.741975 -0.138475
vn -0.669795 0.733746 -0.113981
vn -0.655551 0.742733 -0.136381
vn 0.005898 0.644334 -0.764721
vn 0.005898 0.644334 -0.764721
vn 0.007000 0.644285 -0.764754
vn 0.008562 0.644213 -0.764798
vn -0.690380 -0.028444 -0.722887
vn -0.690380 -0.028444 -0.722887
vn -0.690380 -0.028444 -0.722887
vn -0.690380 -0.028444 -0.722887
vn -0.023317 -0.083038 -0.996274
vn 0.084053 -0.087536 -0.992609
vn 0.084037 -0.087536 -0.992610
vn -0.023367 -0.083036 -0.996273
vn 0.039934 0.995231 -0.088995
vn 0.039073 0.995267 -0.088975
vn 0.037346 0.995496 -0.087134
vn 0.039973 0.995241 -0.088866
vn 0.090430 0.639763 -0.763234
vn 0.088621 0.639891 -0.763339
vn 0.092724 0.639598 -0.763097
vn 0.092724 0.639598 -0.763097
vn -0.042246 -0.756069 -0.653127
vn -0.042246 -0.756069 -0.653127
vn -0.040237 -0.755935 -0.653410
vn -0.040549 -0.755956 -0.653366
vn 0.030129 -0.760074 -0.649137
vn 0.030252 -0.760095 -0.649108
vn 0.032300 -0.760431 -0.648615
vn 0.032300 -0.760431 -0.648615
vn -0.742746 0.669116 0.024729
vn -0.742746 0.669116 0.024729
vn -0.740037 0.672203 0.022114
vn -0.164275 0.659287 0.733726
vn -0.086977 0.749116 0.656704
vn -0.143161 0.670720 0.727763
vn 0.673646 -0.734408 0.082748
vn 0.673646 -0.734408 0.082748
vn 0.673646 -0.734408 0.082748
vn 0.673646 -0.734408 0.082748
vn 0.670291 0.035382 0.741254
vn 0.670291 0.035382 0.741254
vn 0.670291 0.035382 0.741254
vn 0.670291 0.035382 0.741254
vn 0.005674 0.767032 0.641584
vn 0.005674 0.767032 0.641584
vn -0.001016 0.775552 0.631283
vn 0.004759 0.768208 0.640183
vn 0.742761 0.667952 -0.046327
vn 0.742761 0.667952 -0.046327
vn 0.742761 0.667952 -0.046327
vn 0.742761 0.667952 -0.046327
vn 0.738394 -0.088123 -0.668587
vn 0.738394 -0.088123 -0.668587
vn 0.738394 -0.088123 -0.668587
vn 0.738394 -0.088123 -0.668587
vn -0.719529 -0.690459 -0.074459
vn -0.719529 -0.690459 -0.074459
vn -0.719529 -0.690459 -0.074459
vn -0.719529 -0.690459 -0.074459
vn -0.011087 -0.711134 0.702970
vn -0.011087 -0.711134 0.702970
vn -0.011087 -0.711134 0.702970
vn -0.011087 -0.711134 0.702970
vn -0.756678 0.026109 0.653267
vn -0.756678 0.026109 0.653267
vn -0.756010 0.048116 0.652789
vn -0.815381 0.215906 0.537159
vn 0.688531 -0.724319 0.035886
vn 0.688531 -0.724319 0.035886
vn 0.688531 -0.724319 0.035886
vn 0.688531 -0.724318 0.035886
vn 0.658870 -0.030700 0.751630
vn 0.658870 -0.030700 0.751630
vn 0.658870 -0.030700 0.751630
vn 0.658870 -0.030700 0.751631
vn -0.650364 0.758946 -0.032055
vn -0.650364 0.758946 -0.032055
vn -0.659958 0.751023 -0.020522
vn -0.650005 0.759336 -0.030045
vn 0.071765 0.706296 -0.704270
vn 0.071765 0.706296 -0.704270
vn 0.071765 0.706296 -0.704270
vn 0.071765 0.706296 -0.704270
vn -0.668349 0.033476 -0.743095
vn -0.668349 0.033476 -0.743095
vn -0.668349 0.033476 -0.743095
vn -0.668349 0.033476 -0.743095
vn 0.743844 -0.033231 -0.667527
vn 0.743844 -0.033231 -0.667527
vn 0.743844 -0.033231 -0.667527
vn 0.743844 -0.033231 -0.667527
vn 0.738458 0.673092 0.040346
vn 0.738458 0.673092 0.040346
vn 0.738458 0.673092 0.040346
vn 0.738458 0.673092 0.040346
vn 0.007304 -0.696602 -0.717421
vn 0.007304 -0.696602 -0.717421
vn 0.007304 -0.696602 -0.717421
vn 0.007304 -0.696602 -0.717421
vn -0.800563 0.565291 0.198857
vn -0.793600 0.589016 0.152510
vn -0.227059 0.539773 0.810611
vn -0.227059 0.539773 0.810610
vn -0.026412 0.708936 0.704778
vn -0.219864 0.551763 0.804498
vn -0.001211 0.723567 0.690253
vn -0.001211 0.723567 0.690253
vn -0.006413 0.724401 0.689349
vn -0.707111 -0.707103 0.000000
vn -0.707111 -0.707103 0.000000
vn -0.707111 -0.707103 0.000000
vn -0.707111 -0.707103 0.000000
vn 0.000000 -0.707105 0.707109
vn 0.000000 -0.707105 0.707109
vn 0.000000 -0.707105 0.707109
vn 0.000000 -0.707105 0.707109
vn -0.698573 -0.004135 0.715527
vn -0.698573 -0.004135 0.715527
vn -0.698061 0.029208 0.715443
vn -0.698102 0.027662 0.715464
vn 0.707109 -0.707104 0.000000
vn 0.707109 -0.707104 0.000000
vn 0.707109 -0.707104 0.000000
vn 0.707109 -0.707104 0.000000
vn 0.707108 0.000000 0.707106
vn 0.707108 0.000000 0.707106
vn 0.707108 0.000000 0.707106
vn 0.707108 0.000000 0.707106
vn -0.690013 0.723797 -0.001002
vn -0.690013 0.723797 -0.001002
vn -0.702407 0.711405 0.022987
vn -0.689460 0.724322 0.001165
vn 0.000000 0.707105 -0.707109
vn 0.000000 0.707105 -0.707109
vn 0.000000 0.707105 -0.707109
vn 0.000000 0.707105 -0.707109
vn -0.707101 0.000000 -0.707112
vn -0.707101 0.000000 -0.707112
vn -0.707101 0.000000 -0.707112
vn -0.707101 0.000000 -0.707112
vn 0.707101 0.000000 -0.707112
vn 0.707101 0.000000 -0.707112
vn 0.707101 0.000000 -0.707112
vn 0.707101 0.000000 -0.707112
vn 0.707109 0.707104 0.000000
vn 0.707109 0.707104 0.000000
vn 0.707109 0.707104 0.000000
vn 0.707109 0.707104 0.000000
vn 0.000000 -0.707105 -0.707109
vn 0.000000 -0.707105 -0.707109
vn 0.000000 -0.707105 -0.707109
vn 0.000000 -0.707105 -0.707109
vn -0.771995 0.612449 0.170088
vn -0.771995 0.612449 0.170088
vn -0.769074 0.616946 0.167042
vn -0.122091 0.602945 0.788385
vn -0.122091 0.602945 0.788385
vn -0.008931 0.711268 0.702864
vn -0.120614 0.605709 0.786492
vn 0.000752 0.718749 0.695270
vn 0.000752 0.718749 0.695270
vn -0.000835 0.718921 0.695091
vn -0.707110 -0.707104 0.000000
vn -0.707110 -0.707104 0.000000
vn -0.707110 -0.707104 0.000000
vn -0.707110 -0.707104 0.000000
vn 0.000000 -0.707105 0.707109
vn 0.000000 -0.707105 0.707109
vn 0.000000 -0.707105 0.707109
vn 0.000000 -0.707105 0.707109
vn -0.708759 0.000457 0.705450
vn -0.708759 0.000457 0.705450
vn -0.708759 0.000457 0.705450
vn -0.708759 0.000457 0.705450
vn 0.709329 -0.704878 -0.000130
vn 0.709329 -0.704877 -0.000130
vn 0.709329 -0.704877 -0.000130
vn 0.709329 -0.704878 -0.000130
vn 0.712500 -0.002667 0.701667
vn 0.712500 -0.002667 0.701667
vn 0.712500 -0.002667 0.701667
vn 0.712500 -0.002667 0.701667
vn -0.707738 0.705929 0.027772
vn -0.707738 0.705929 0.027772
vn -0.707738 0.705929 0.027772
vn -0.707738 0.705929 0.027772
vn 0.012027 0.691916 0.721878
vn 0.012027 0.691916 0.721878
vn 0.012027 0.691916 0.721878
vn 0.012027 0.691916 0.721878
vn 0.689737 0.721525 0.060532
vn 0.689737 0.721525 0.060532
vn 0.703573 0.709880 0.032481
vn 0.689003 0.722427 0.058090
vn -0.713641 0.001525 -0.700510
vn -0.713641 0.001525 -0.700510
vn -0.713641 0.001525 -0.700510
vn -0.713641 0.001525 -0.700510
vn -0.012558 0.748921 -0.662540
vn -0.012558 0.748921 -0.662540
vn -0.009727 0.749789 -0.661606
vn 0.002552 0.742104 -0.670280
vn 0.139139 0.982329 -0.125180
vn 0.002698 0.998198 0.059939
vn 0.002917 0.998215 0.059646
vn 0.152196 0.977905 -0.143312
vn 0.139715 0.658413 -0.739576
vn 0.141324 0.655792 -0.741596
vn 0.141324 0.655792 -0.741596
vn -0.016994 -0.682659 -0.730540
vn -0.016994 -0.682659 -0.730540
vn -0.016994 -0.682659 -0.730540
vn -0.016994 -0.682659 -0.730540
vn 0.697783 0.091127 -0.710489
vn 0.697783 0.091127 -0.710489
vn 0.697292 0.115227 -0.707465
vn 0.795495 0.379818 -0.472151
vn 0.776739 0.614215 -0.139346
vn 0.777508 0.607081 -0.164120
vn -0.129928 0.975789 0.175940
vn -0.000276 1.000000 0.000374
vn -0.000451 1.000000 0.000610
vn -0.140956 0.971437 0.190899
vn -0.177920 0.959504 0.218397
vn 0.046469 0.998915 0.003211
vn 0.046365 0.998919 0.003311
vn -0.183097 0.957404 0.223279
vn -0.081503 0.994915 0.059182
vn 0.037465 0.995423 -0.087915
vn -0.092904 0.993043 0.072353
vn 0.000000 0.000000 1.000000
vn 0.000000 0.000000 1.000000
vn 0.000000 0.000000 1.000000
vn 0.000000 0.000000 1.000000
vn 0.190356 0.947232 -0.257908
vn 0.000000 -1.000000 0.000000
vn 0.000000 -1.000000 0.000000
vn 0.000000 -1.000000 0.000000
vn 0.000000 -1.000000 0.000000
vn -1.000000 0.000000 0.000000
vn -1.000000 0.000000 0.000000
vn -1.000000 0.000000 0.000000
vn -1.000000 0.000000 0.000000
vn 0.087045 -0.087648 -0.992341
vn 0.087045 -0.087648 -0.992341
vn -0.012556 -0.997403 0.070923
vn -0.012556 -0.997403 0.070923
vn 0.998771 -0.042572 0.025362
vn 0.998771 -0.042572 0.025362
vn 0.998771 -0.042572 0.025362
vn 0.998771 -0.042572 0.025362
vn -0.143357 0.980994 0.130769
vn 0.054554 -0.000000 -0.998511
vn 0.054554 -0.000000 -0.998511
vn 0.054554 -0.000000 -0.998511
vn 0.054554 -0.000000 -0.998511
vn -0.000839 -0.999646 -0.026604
vn -0.000839 -0.999646 -0.026604
vn -0.000839 -0.999646 -0.026604
vn -0.000839 -0.999646 -0.026604
vn 0.997408 -0.046995 0.054493
vn 0.997408 -0.046995 0.054493
vn 0.997408 -0.046995 0.054493
vn 0.997408 -0.046995 0.054493
vn -0.323746 0.877105 0.354789
vn 0.000000 0.000000 -1.000000
vn 0.000000 0.000000 -1.000000
vn 0.000000 0.000000 -1.000000
vn 0.000000 0.000000 -1.000000
vn 0.000000 -1.000000 0.000000
vn 0.000000 -1.000000 0.000000
vn 0.000000 -1.000000 0.000000
vn 0.000000 -1.000000 0.000000
vn 1.000000 0.000000 0.000000
vn 1.000000 0.000000 0.000000
vn 1.000000 0.000000 0.000000
vn 1.000000 0.000000 0.000000
vn -0.194145 0.945048 0.263042
vn -0.000000 0.000000 1.000000
vn -0.000000 0.000000 1.000000
vn -0.000000 0.000000 1.000000
vn -0.000000 0.000000 1.000000
vn 0.211701 0.950749 -0.226404
vn 0.000000 -1.000000 0.000000
vn 0.000000 -1.000000 0.000000
vn 0.000000 -1.000000 0.000000
vn 0.000000 -1.000000 0.000000
vn -1.000000 0.000000 0.000000
vn -1.000000 0.000000 0.000000
vn -1.000000 0.000000 0.000000
vn -1.000000 0.000000 0.000000
vn 0.000000 0.000000 1.000000
vn 0.000000 0.000000 1.000000
vn 0.000000 0.000000 1.000000
vn 0.000000 0.000000 1.000000
vn 0.000000 0.000000 1.000000
vn 0.000000 1.000000 -0.000000
vn 0.000000 1.000000 -0.000000
vn 0.000000 1.000000 -0.000000
vn -1.000000 0.000000 0.000000
vn -1.000000 0.000000 0.000000
vn -1.000000 0.000000 0.000000
vn -1.000000 0.000000 0.000000
vn -1.000000 0.000000 0.000000
vn -0.054554 0.000001 0.998511
vn -0.054554 0.000001 0.998511
vn -0.054554 0.000001 0.998511
vn -0.054554 0.000001 0.998511
vn -0.054554 0.000001 0.998511
vn 0.047156 0.998884 0.002544
vn 0.047156 0.998884 0.002544
vn 0.047156 0.998884 0.002544
vn -0.997008 0.057010 -0.052195
vn -0.997008 0.057010 -0.052195
vn -0.997008 0.057010 -0.052195
vn -0.997008 0.057010 -0.052195
vn -0.997008 0.057010 -0.052195
vn 1.000000 -0.000000 0.000000
vn 1.000000 -0.000000 0.000000
vn 1.000000 -0.000000 0.000000
vn 1.000000 -0.000000 0.000000
vn 1.000000 -0.000000 0.000000
vn -0.010103 0.054312 -0.998473
vn -0.010103 0.054312 -0.998473
vn -0.010103 0.054312 -0.998473
vn -0.010103 0.054312 -0.998473
vn -0.010103 0.054312 -0.998473
vn 0.002367 0.998173 0.060383
vn 0.002367 0.998173 0.060383
vn 0.002367 0.998173 0.060383
vn -0.020477 0.122515 0.992255
vn -0.020477 0.122515 0.992255
vn 0.038755 0.995228 -0.089546
vn -0.994811 0.027387 -0.097983
vn -0.994811 0.027387 -0.097983
vn -0.994811 0.027387 -0.097983
vn -0.994811 0.027387 -0.097983
vn -0.994811 0.027387 -0.097983
vn 0.039905 0.995224 -0.089092
vn 0.039905 0.995224 -0.089092
vn -0.088788 0.070086 0.993582
vn -0.088788 0.070086 0.993582
vn -0.016925 -0.999160 0.037327
vn -0.016925 -0.999160 0.037327
vn -0.026345 -0.082898 -0.996210
vn -0.026345 -0.082898 -0.996210
vn 1.000000 0.000000 0.000000
vn 1.000000 0.000000 0.000000
vn 1.000000 0.000000 0.000000
vn 1.000000 0.000000 0.000000
vn 1.000000 0.000000 0.000000
vn 0.000000 0.000000 -1.000000
vn 0.000000 0.000000 -1.000000
vn 0.000000 0.000000 -1.000000
vn 0.000000 0.000000 -1.000000
vn 0.000000 0.000000 -1.000000
vn 0.000000 1.000000 0.000000
vn 0.000000 1.000000 0.000000
vn 0.000000 1.000000 0.000000
vn -0.577352 -0.577352 0.577348
vn -0.577352 -0.577352 0.577348
vn -0.577352 -0.577352 0.577348
vn 0.577353 -0.577348 0.577349
vn 0.577353 -0.577348 0.577349
vn 0.577353 -0.577348 0.577349
vn -0.577352 0.577352 0.577348
vn -0.577352 0.577352 0.577348
vn -0.577352 0.577352 0.577348
vn 0.577353 0.577348 0.577349
vn 0.577353 0.577348 0.577349
vn 0.577353 0.577348 0.577349
vn -0.577352 0.577352 -0.577348
vn -0.577352 0.577352 -0.577348
vn -0.577352 0.577352 -0.577348
vn -0.577348 -0.577353 -0.577349
vn -0.577348 -0.577353 -0.577349
vn -0.577348 -0.577353 -0.577349
vn 0.577350 -0.577350 -0.577351
vn 0.577350 -0.577350 -0.577351
vn 0.577350 -0.577350 -0.577351
vn -0.640442 -0.536330 0.549713
vn -0.640442 -0.536330 0.549713
vn -0.640442 -0.536330 0.549713
vn -0.541835 0.525092 -0.656272
vn -0.541835 0.525093 -0.656272
vn -0.541835 0.525092 -0.656272
vn -0.597684 -0.590104 -0.542726
vn 0.513432 -0.559710 0.650470
vn 0.513432 -0.559710 0.650470
vn 0.513432 -0.559710 0.650470
vn 0.590284 0.601294 0.538526
vn 0.590284 0.601293 0.538526
vn 0.590284 0.601293 0.538526
vn 0.638618 0.488398 -0.594672
vn 0.638618 0.488398 -0.594672
vn 0.638618 0.488398 -0.594672
vn 0.563280 -0.649986 -0.510131
vn 0.563280 -0.649986 -0.510131
vn 0.563280 -0.649986 -0.510131
vn -0.613306 -0.585307 0.530351
vn -0.613306 -0.585307 0.530351
vn -0.613306 -0.585307 0.530351
vn 0.533963 -0.569861 0.624613
vn 0.533963 -0.569861 0.624613
vn 0.533963 -0.569861 0.624613
vn -0.518774 0.605331 -0.603696
vn -0.518774 0.605330 -0.603696
vn -0.518774 0.605331 -0.603696
vn 0.634446 0.549581 -0.543544
vn 0.634446 0.549581 -0.543544
vn 0.634446 0.549581 -0.543544
vn -0.560505 -0.539045 -0.628700
vn -0.560505 -0.539045 -0.628700
vn -0.560505 -0.539045 -0.628700
vn 0.580267 -0.603839 -0.546506
vn 0.580267 -0.603839 -0.546506
vn 0.580267 -0.603839 -0.546506
vn 0.571440 0.549581 0.609440
vn 0.571440 0.549581 0.609440
vn 0.571440 0.549581 0.609440
vn -0.577338 -0.577359 0.577355
vn -0.577338 -0.577359 0.577355
vn -0.577338 -0.577359 0.577355
vn 0.577341 -0.577352 0.577358
vn 0.577341 -0.577352 0.577358
vn 0.577341 -0.577352 0.577358
vn -0.577352 0.577352 -0.577347
vn -0.577352 0.577352 -0.577347
vn -0.577352 0.577352 -0.577347
vn 0.577356 0.577345 -0.577350
vn 0.577356 0.577345 -0.577350
vn 0.577356 0.577345 -0.577350
vn -0.577338 -0.577359 -0.577355
vn -0.577338 -0.577359 -0.577355
vn -0.577338 -0.577359 -0.577355
vn 0.577341 -0.577352 -0.577358
vn 0.577341 -0.577352 -0.577358
vn 0.577341 -0.577352 -0.577358
vn -0.620068 0.452153 0.641150
vn 0.577356 0.577345 0.577350
vn 0.577356 0.577345 0.577350
vn 0.577356 0.577345 0.577350
vn -0.577345 -0.577355 0.577351
vn -0.577345 -0.577355 0.577351
vn -0.577345 -0.577355 0.577351
vn 0.577346 -0.577352 0.577353
vn 0.577346 -0.577352 0.577353
vn 0.577346 -0.577352 0.577353
vn -0.566772 0.576518 0.588555
vn -0.566772 0.576518 0.588555
vn -0.566771 0.576518 0.588555
vn 0.581985 0.567519 0.582422
vn 0.581985 0.567519 0.582422
vn 0.581985 0.567519 0.582422
vn -0.593570 0.575530 -0.562530
vn -0.593570 0.575530 -0.562530
vn -0.593570 0.575530 -0.562530
vn -0.591311 -0.577438 -0.562954
vn -0.591311 -0.577438 -0.562954
vn -0.591311 -0.577438 -0.562954
vn 0.604960 -0.513904 -0.608216
vn 0.604960 -0.513904 -0.608216
vn 0.604960 -0.513904 -0.608216
vn -0.032616 0.813451 0.580718
vn 0.615419 0.445309 -0.650353
vn 0.707123 -0.707091 0.000000
vn 0.707123 -0.707091 0.000000
vn 0.708491 0.705720 0.000030
vn 0.708491 0.705720 0.000030
vn 1.000000 -0.000001 0.000001
vn 1.000000 -0.000001 0.000001
vn -0.707003 -0.706995 0.017436
vn -0.707003 -0.706995 0.017436
vn -0.707003 -0.706995 0.017436
vn -0.707003 -0.706995 0.017436
vn -0.000059 -0.692496 0.721421
vn -0.000059 -0.692496 0.721421
vn 0.203579 -0.731775 0.650431
vn 0.000570 -0.692297 0.721612
vn -0.707114 0.000002 0.707100
vn -0.707114 0.000002 0.707100
vn -0.707114 0.000002 0.707100
vn -0.707114 0.000002 0.707100
vn 0.791993 -0.584763 0.175497
vn 0.734338 -0.678773 -0.003836
vn 0.797738 -0.580103 0.164603
vn 0.003223 -0.000001 0.999995
vn 0.972680 -0.000004 0.232151
vn 0.972611 -0.000004 0.232439
vn 0.003206 -0.000001 0.999995
vn -0.707004 0.706995 0.017436
vn -0.707004 0.706995 0.017436
vn -0.707004 0.706995 0.017436
vn -0.707004 0.706995 0.017436
vn -0.000102 0.695287 0.718732
vn -0.000102 0.695287 0.718732
vn 0.000551 0.695093 0.718919
vn 0.203526 0.733961 0.647981
vn 0.792144 0.584671 0.175122
vn 0.797738 0.580103 0.164602
vn 0.734343 0.678768 -0.003836
vn -0.707103 0.000000 -0.707111
vn -0.707103 0.000000 -0.707111
vn -0.707103 0.000000 -0.707111
vn -0.707103 0.000000 -0.707111
vn 0.000000 0.707106 -0.707108
vn 0.000000 0.707106 -0.707108
vn 0.000000 0.707106 -0.707108
vn 0.000000 0.707106 -0.707108
vn 0.713359 0.699172 -0.047719
vn 0.713359 0.699172 -0.047719
vn 0.713858 0.698832 -0.045166
vn 0.707103 0.000000 -0.707111
vn 0.707103 0.000000 -0.707111
vn 0.707103 0.000000 -0.707111
vn 0.707103 0.000000 -0.707111
vn 0.000000 -0.707106 -0.707108
vn 0.000000 -0.707106 -0.707108
vn 0.000000 -0.707106 -0.707108
vn 0.000000 -0.707106 -0.707108
vn 0.713353 -0.699178 -0.047718
vn 0.713353 -0.699178 -0.047718
vn 0.713853 -0.698838 -0.045166
vn 0.978971 0.000000 0.204002
vn 0.998481 0.000000 -0.055104
vn 0.998481 0.000000 -0.055104
vn 0.978970 0.000000 0.204002
vn 0.000000 0.000000 1.000000
vn 0.000000 0.000000 1.000000
vn 0.000000 1.000000 0.000000
vn 0.000000 1.000000 0.000000
vn 0.000000 1.000000 0.000000
vn 0.000000 1.000000 0.000000
vn 0.000000 1.000000 0.000000
vn 0.000000 0.000000 -1.000000
vn 0.000000 0.000000 -1.000000
vn 0.000000 0.000000 -1.000000
vn 0.000000 0.000000 -1.000000
vn 0.000000 -1.000000 -0.000000
vn 0.000000 -1.000000 -0.000000
vn 0.000000 -1.000000 -0.000000
vn 0.000000 -1.000000 -0.000000
vn 0.000000 -1.000000 -0.000000
vn -0.999696 0.000000 0.024654
vn -0.999696 0.000000 0.024654
vn -0.999696 0.000000 0.024654
vn -0.999696 0.000000 0.024654
vn 0.997767 0.000000 -0.066788
vn 0.997767 0.000000 -0.066788
vn -0.577368 -0.577344 0.577339
vn -0.577368 -0.577344 0.577339
vn -0.577368 -0.577344 0.577339
vn -0.577356 0.577331 0.577365
vn -0.577356 0.577331 0.577365
vn -0.577356 0.577331 0.577365
vn -0.577332 0.577371 -0.577347
vn -0.577332 0.577371 -0.577347
vn -0.577332 0.577371 -0.577347
vn 0.577345 0.577345 -0.577360
vn 0.577345 0.577345 -0.577360
vn 0.577345 0.577345 -0.577360
vn -0.577333 -0.577372 -0.577346
vn -0.577333 -0.577372 -0.577346
vn -0.577333 -0.577372 -0.577346
vn 0.577346 -0.577346 -0.577359
vn 0.577346 -0.577346 -0.577359
vn 0.577346 -0.577346 -0.577359
vn -0.708046 -0.703539 -0.060862
vn -0.708046 -0.703539 -0.060862
vn -0.708046 -0.703539 -0.060862
vn -0.708046 -0.703539 -0.060862
vn 0.009739 -0.773719 0.633455
vn 0.009739 -0.773719 0.633455
vn 0.009793 -0.773696 0.633482
vn 0.009793 -0.773696 0.633482
vn -0.696925 -0.070992 0.713621
vn -0.696925 -0.070992 0.713621
vn -0.696925 -0.070992 0.713621
vn -0.696925 -0.070992 0.713621
vn -0.000068 -0.995091 -0.098967
vn -0.002539 -0.995021 -0.099630
vn -0.002527 -0.995022 -0.099624
vn -0.000068 -0.995091 -0.098967
vn 0.010119 -0.773579 0.633619
vn 0.010119 -0.773579 0.633619
vn 0.010121 -0.773578 0.633620
vn 0.010121 -0.773578 0.633620
vn 0.014017 -0.098866 0.995002
vn 0.014313 -0.098865 0.994998
vn 0.014313 -0.098865 0.994998
vn 0.014017 -0.098866 0.995002
vn -0.700709 0.708721 0.081987
vn -0.700709 0.708721 0.081987
vn -0.700709 0.708721 0.081987
vn -0.700709 0.708721 0.081987
vn 0.009990 0.633381 0.773775
vn 0.009990 0.633381 0.773775
vn 0.009993 0.633439 0.773728
vn 0.009993 0.633439 0.773728
vn 0.002538 0.995021 0.099629
vn 0.000068 0.995091 0.098967
vn 0.000068 0.995091 0.098967
vn 0.002525 0.995022 0.099623
vn 0.010123 0.633699 0.773514
vn 0.010123 0.633699 0.773514
vn 0.010126 0.633699 0.773513
vn 0.010126 0.633699 0.773513
vn -0.740147 0.064576 -0.669338
vn -0.740147 0.064576 -0.669338
vn -0.740147 0.064576 -0.669338
vn -0.740147 0.064576 -0.669338
vn -0.043627 0.778536 -0.626081
vn -0.043627 0.778536 -0.626081
vn -0.040654 0.777610 -0.627431
vn -0.040439 0.777542 -0.627529
vn -0.064436 0.098671 -0.993032
vn -0.015318 0.098865 -0.994983
vn -0.015316 0.098865 -0.994983
vn -0.064389 0.098671 -0.993035
vn -0.010743 0.773584 -0.633603
vn -0.010755 0.773584 -0.633603
vn -0.010347 0.773578 -0.633616
vn -0.010347 0.773578 -0.633616
vn -0.051169 -0.638098 -0.768253
vn -0.051169 -0.638098 -0.768253
vn -0.047230 -0.637232 -0.769223
vn -0.047451 -0.637281 -0.769169
vn -0.010936 -0.633706 -0.773497
vn -0.010925 -0.633706 -0.773497
vn -0.010445 -0.633699 -0.773509
vn -0.010445 -0.633699 -0.773509
vn 0.711725 -0.701361 -0.039258
vn 0.711725 -0.701361 -0.039258
vn 0.711725 -0.701361 -0.039258
vn 0.711725 -0.701361 -0.039258
vn 0.692149 -0.073606 0.717991
vn 0.692149 -0.073606 0.717991
vn 0.692149 -0.073606 0.717991
vn 0.692149 -0.073606 0.717991
vn 0.701551 0.705549 0.100132
vn 0.701551 0.705549 0.100132
vn 0.701551 0.705549 0.100132
vn 0.701551 0.705549 0.100132
vn 0.722615 0.065756 -0.688116
vn 0.722615 0.065756 -0.688116
vn 0.722615 0.065756 -0.688116
vn 0.722615 0.065756 -0.688116
vn -0.707104 -0.707110 0.000000
vn -0.707104 -0.707110 0.000000
vn -0.707104 -0.707109 0.000000
vn -0.707104 -0.707109 0.000000
vn 0.000000 -0.707106 0.707107
vn 0.000000 -0.707106 0.707107
vn 0.000000 -0.707106 0.707107
vn 0.000000 -0.707106 0.707107
vn -0.707104 0.000000 0.707110
vn -0.707104 0.000000 0.707110
vn -0.707104 0.000000 0.707110
vn -0.707104 0.000000 0.707110
vn 0.707109 -0.707105 0.000000
vn 0.707109 -0.707105 0.000000
vn 0.707098 -0.707115 -0.000743
vn 0.707098 -0.707115 -0.000724
vn 0.707104 0.000000 0.707110
vn 0.707104 0.000000 0.707110
vn 0.707104 0.000000 0.707110
vn 0.707104 0.000000 0.707110
vn -0.707104 0.707110 0.000000
vn -0.707104 0.707110 0.000000
vn -0.707104 0.707109 0.000000
vn -0.707104 0.707109 0.000000
vn 0.000000 0.707106 0.707107
vn 0.000000 0.707106 0.707107
vn 0.000000 0.707106 0.707107
vn 0.000000 0.707106 0.707107
vn 0.707109 0.707105 0.000000
vn 0.707109 0.707105 0.000000
vn 0.707098 0.707115 -0.000725
vn 0.707098 0.707115 -0.000743
vn -0.707107 0.707107 0.000000
vn -0.707107 0.707107 0.000000
vn -0.707107 0.707107 0.000000
vn -0.707107 0.707107 0.000000
vn -0.000293 0.711861 -0.702320
vn -0.000293 0.711861 -0.702320
vn -0.000293 0.711861 -0.702320
vn -0.000293 0.711861 -0.702320
vn -0.707104 0.000000 -0.707109
vn -0.707104 0.000000 -0.707109
vn -0.707104 0.000000 -0.707109
vn -0.707104 0.000000 -0.707109
vn 0.706004 0.707107 -0.039474
vn 0.706004 0.707107 -0.039474
vn 0.706082 0.707132 -0.037587
vn 0.706087 0.707134 -0.037451
vn 0.691686 -0.002197 -0.722195
vn 0.691686 -0.002197 -0.722195
vn 0.691686 -0.002197 -0.722195
vn 0.691686 -0.002197 -0.722195
vn -0.707107 -0.707107 0.000000
vn -0.707107 -0.707107 0.000000
vn -0.707107 -0.707107 0.000000
vn -0.707107 -0.707107 0.000000
vn 0.000000 -0.707106 -0.707107
vn 0.000000 -0.707106 -0.707107
vn 0.000000 -0.707106 -0.707107
vn 0.000000 -0.707106 -0.707107
vn 0.706004 -0.707107 -0.039474
vn 0.706003 -0.707107 -0.039474
vn 0.706087 -0.707134 -0.037451
vn 0.706081 -0.707132 -0.037587
vn 0.000000 1.000000 0.000000
vn 0.000000 1.000000 0.000000
vn 0.000000 1.000000 0.000000
vn 0.000000 1.000000 0.000000
vn -1.000000 0.000000 0.000000
vn -1.000000 0.000000 0.000000
vn -1.000000 0.000000 0.000000
vn -1.000000 0.000000 0.000000
vn 0.998594 0.000000 -0.053008
vn 1.000000 0.000000 -0.001017
vn 1.000000 0.000000 -0.001017
vn 0.998594 0.000000 -0.053008
vn 0.000000 -1.000000 0.000000
vn 0.000000 -1.000000 0.000000
vn 0.000000 -1.000000 0.000000
vn 0.000000 -1.000000 0.000000
vn -0.707101 -0.707113 0.000000
vn -0.707101 -0.707113 0.000000
vn -0.707101 -0.707113 0.000000
vn -0.707101 -0.707113 0.000000
vn 0.000000 -0.707106 0.707107
vn 0.000000 -0.707106 0.707107
vn 0.000000 -0.707106 0.707107
vn 0.000000 -0.707106 0.707107
vn -0.707104 0.000000 0.707109
vn -0.707104 0.000000 0.707109
vn -0.707104 0.000000 0.707109
vn -0.707104 0.000000 0.707109
vn 0.707110 -0.707104 0.000000
vn 0.707110 -0.707104 0.000000
vn 0.707110 -0.707104 0.000000
vn 0.707110 -0.707104 0.000000
vn 0.707108 0.000000 0.707106
vn 0.707108 0.000000 0.707106
vn 0.707108 0.000000 0.707106
vn 0.707108 0.000000 0.707106
vn -0.707101 0.707113 0.000000
vn -0.707101 0.707113 0.000000
vn -0.707101 0.707113 0.000000
vn -0.707101 0.707113 0.000000
vn 0.000000 0.707106 0.707107
vn 0.000000 0.707106 0.707107
vn 0.000000 0.707106 0.707107
vn 0.000000 0.707106 0.707107
vn 0.707110 0.707103 0.000000
vn 0.707110 0.707103 0.000000
vn 0.707110 0.707103 0.000000
vn 0.707110 0.707103 0.000000
vn -0.707104 0.000000 -0.707109
vn -0.707104 0.000000 -0.707109
vn -0.707104 0.000000 -0.707109
vn -0.707104 0.000000 -0.707109
vn 0.000000 0.707106 -0.707107
vn 0.000000 0.707106 -0.707107
vn 0.000000 0.707106 -0.707107
vn 0.000000 0.707106 -0.707107
vn 0.707108 0.000000 -0.707106
vn 0.707108 0.000000 -0.707106
vn 0.707108 0.000000 -0.707106
vn 0.707108 0.000000 -0.707106
vn 0.000000 -0.707106 -0.707107
vn 0.000000 -0.707106 -0.707107
vn 0.000000 -0.707106 -0.707107
vn 0.000000 -0.707106 -0.707107
vn -0.707110 -0.707104 0.000000
vn -0.707110 -0.707104 0.000000
vn -0.707110 -0.707104 0.000000
vn -0.707110 -0.707104 0.000000
vn 0.000787 -0.679546 0.733633
vn 0.000787 -0.679546 0.733633
vn 0.000787 -0.679546 0.733633
vn 0.000787 -0.679546 0.733633
vn -0.703315 0.001793 0.710876
vn -0.703315 0.001793 0.710876
vn -0.703315 0.001793 0.710876
vn -0.703315 0.001793 0.710876
vn 0.707107 -0.707106 0.000000
vn 0.707107 -0.707106 0.000000
vn 0.707107 -0.707106 0.000000
vn 0.707107 -0.707106 0.000000
vn 0.722489 0.103186 0.683639
vn 0.722489 0.103186 0.683639
vn 0.722489 0.103186 0.683639
vn 0.722489 0.103186 0.683639
vn -0.707108 0.707105 0.000000
vn -0.707108 0.707105 0.000000
vn -0.707108 0.707105 0.000000
vn -0.707108 0.707105 0.000000
vn 0.008235 0.744838 0.667194
vn 0.008235 0.744838 0.667194
vn 0.008235 0.744838 0.667194
vn 0.008235 0.744838 0.667194
vn 0.706578 0.707594 0.007588
vn 0.706437 0.707712 0.009515
vn 0.707108 0.707105 0.000000
vn 0.707108 0.707105 0.000000
vn -0.707108 0.000000 -0.707106
vn -0.707108 0.000000 -0.707106
vn -0.707108 0.000000 -0.707106
vn -0.707108 0.000000 -0.707106
vn 0.000000 0.707106 -0.707107
vn 0.000000 0.707106 -0.707107
vn 0.000000 0.707106 -0.707107
vn 0.000000 0.707106 -0.707107
vn 0.707108 0.000000 -0.707106
vn 0.707108 0.000000 -0.707106
vn 0.707108 0.000000 -0.707106
vn 0.707108 0.000000 -0.707106
vn 0.000000 -0.707107 -0.707107
vn 0.000000 -0.707107 -0.707107
vn 0.000000 -0.707107 -0.707107
vn 0.000000 -0.707107 -0.707107
vn -0.707104 -0.707110 0.000000
vn -0.707104 -0.707110 0.000000
vn -0.707104 -0.707110 0.000000
vn -0.707104 -0.707110 0.000000
vn 0.000000 -0.707106 0.707107
vn 0.000000 -0.707106 0.707107
vn 0.000000 -0.707106 0.707107
vn 0.000000 -0.707106 0.707107
vn -0.707104 0.000000 0.707109
vn -0.707104 0.000000 0.707109
vn -0.707104 0.000000 0.707109
vn -0.707104 0.000000 0.707109
vn 0.707104 -0.707110 0.000000
vn 0.707104 -0.707110 0.000000
vn 0.707104 -0.707110 0.000000
vn 0.707104 -0.707110 0.000000
vn 0.707104 0.000000 0.707109
vn 0.707104 0.000000 0.707109
vn 0.707104 0.000000 0.707109
vn 0.707104 0.000000 0.707109
vn -0.707104 0.707110 0.000000
vn -0.707104 0.707110 0.000000
vn -0.707104 0.707110 0.000000
vn -0.707104 0.707110 0.000000
vn 0.000000 0.707106 0.707107
vn 0.000000 0.707106 0.707107
vn 0.000000 0.707106 0.707107
vn 0.000000 0.707106 0.707107
vn 0.707104 0.707110 0.000000
vn 0.707104 0.707110 0.000000
vn 0.707104 0.707110 0.000000
vn 0.707104 0.707110 0.000000
vn -0.707108 0.000000 -0.707106
vn -0.707108 0.000000 -0.707106
vn -0.707108 0.000000 -0.707106
vn -0.707108 0.000000 -0.707106
vn 0.000000 0.707110 -0.707104
vn 0.000000 0.707110 -0.707104
vn 0.000000 0.707110 -0.707104
vn 0.000000 0.707110 -0.707104
vn 0.707108 0.000000 -0.707106
vn 0.707108 0.000000 -0.707106
vn 0.707108 0.000000 -0.707106
vn 0.707108 0.000000 -0.707106
vn 0.000000 -0.707110 -0.707104
vn 0.000000 -0.707110 -0.707104
vn 0.000000 -0.707110 -0.707104
vn 0.000000 -0.707110 -0.707104
vn -0.707105 -0.707109 0.000000
vn -0.707105 -0.707109 0.000000
vn -0.707105 -0.707109 0.000000
vn -0.707105 -0.707109 0.000000
vn -0.000288 -0.716213 0.697881
vn -0.000288 -0.716213 0.697881
vn -0.000288 -0.716214 0.697881
vn -0.000288 -0.716214 0.697881
vn -0.707104 0.000000 0.707110
vn -0.707104 0.000000 0.707110
vn -0.707104 0.000000 0.707110
vn -0.707104 0.000000 0.707110
vn 0.702749 -0.707114 0.078324
vn 0.702749 -0.707114 0.078324
vn 0.702749 -0.707114 0.078324
vn 0.702749 -0.707114 0.078324
vn 0.675327 0.004336 0.737505
vn 0.675327 0.004336 0.737505
vn 0.675327 0.004336 0.737505
vn 0.675327 0.004336 0.737505
vn -0.707105 0.707109 0.000000
vn -0.707105 0.707109 0.000000
vn -0.707105 0.707109 0.000000
vn -0.707105 0.707109 0.000000
vn 0.000000 0.707107 0.707107
vn 0.000000 0.707107 0.707107
vn 0.000000 0.707107 0.707107
vn 0.000000 0.707107 0.707107
vn 0.713197 0.696546 0.078573
vn 0.713197 0.696545 0.078573
vn 0.713197 0.696546 0.078573
vn 0.713197 0.696546 0.078573
vn -0.707103 0.000000 -0.707110
vn -0.707103 0.000000 -0.707110
vn -0.707103 0.000000 -0.707110
vn -0.707103 0.000000 -0.707110
vn 0.000317 0.696506 -0.717551
vn 0.000317 0.696506 -0.717551
vn 0.000317 0.696506 -0.717551
vn 0.000317 0.696506 -0.717551
vn 0.745193 0.011553 -0.666749
vn 0.745193 0.011553 -0.666749
vn 0.745193 0.011553 -0.666749
vn 0.745193 0.011553 -0.666749
vn 0.000000 -0.707106 -0.707107
vn 0.000000 -0.707106 -0.707107
vn 0.000000 -0.707106 -0.707107
vn 0.000000 -0.707106 -0.707107
vn -0.707108 -0.707106 0.000000
vn -0.707108 -0.707106 0.000000
vn -0.707108 -0.707106 0.000000
vn -0.707108 -0.707106 0.000000
vn 0.000000 -0.707106 0.707107
vn 0.000000 -0.707106 0.707107
vn 0.000000 -0.707106 0.707107
vn 0.000000 -0.707106 0.707107
vn -0.707106 0.000000 0.707107
vn -0.707106 0.000000 0.707107
vn -0.707106 0.000000 0.707107
vn -0.707106 0.000000 0.707107
vn 0.707105 -0.707108 0.000000
vn 0.707105 -0.707108 0.000000
vn 0.707105 -0.707108 0.000000
vn 0.707105 -0.707108 0.000000
vn 0.709143 -0.000965 0.705064
vn 0.709143 -0.000965 0.705064
vn 0.709143 -0.000965 0.705064
vn 0.709143 -0.000965 0.705064
vn -0.726937 0.686047 -0.030046
vn -0.726937 0.686047 -0.030046
vn -0.726937 0.686047 -0.030046
vn -0.726937 0.686047 -0.030046
vn -0.001348 0.712953 0.701211
vn -0.001348 0.712953 0.701211
vn -0.001348 0.712953 0.701211
vn -0.001348 0.712953 0.701211
vn 0.691179 0.722516 0.015596
vn 0.691179 0.722516 0.015596
vn 0.691179 0.722516 0.015596
vn 0.691179 0.722516 0.015596
vn -0.707108 0.000000 -0.707106
vn -0.707108 0.000000 -0.707106
vn -0.707108 0.000000 -0.707106
vn -0.707108 0.000000 -0.707106
vn -0.052517 0.696716 -0.715422
vn -0.052517 0.696716 -0.715422
vn -0.052517 0.696716 -0.715422
vn -0.052517 0.696716 -0.715422
vn 0.707103 0.000000 -0.707110
vn 0.707103 0.000000 -0.707110
vn 0.707103 0.000000 -0.707110
vn 0.707103 0.000000 -0.707110
vn 0.000000 -0.707106 -0.707107
vn 0.000000 -0.707106 -0.707107
vn 0.000000 -0.707106 -0.707107
vn 0.000000 -0.707106 -0.707107
vn -0.706322 -0.707480 0.024095
vn -0.706322 -0.707480 0.024095
vn -0.706322 -0.707480 0.024095
vn -0.706322 -0.707480 0.024095
vn -0.033735 -0.587059 0.808841
vn -0.033735 -0.587059 0.808841
vn -0.033735 -0.587059 0.808841
vn -0.033735 -0.587059 0.808841
vn -0.732689 0.057975 0.678090
vn -0.732689 0.057975 0.678090
vn -0.732689 0.057975 0.678090
vn -0.732689 0.057975 0.678090
vn 0.712827 -0.695030 0.093865
vn 0.712827 -0.695030 0.093865
vn 0.712827 -0.695030 0.093865
vn 0.712827 -0.695030 0.093865
vn 0.685188 0.249543 0.684284
vn 0.685188 0.249543 0.684284
vn 0.685188 0.249543 0.684284
vn 0.685188 0.249543 0.684284
vn -0.706860 0.701589 -0.090121
vn -0.706860 0.701589 -0.090121
vn -0.706861 0.701589 -0.090121
vn -0.706860 0.701589 -0.090121
vn -0.017429 0.804605 0.593555
vn -0.017429 0.804605 0.593555
vn -0.017429 0.804605 0.593555
vn -0.017429 0.804605 0.593555
vn 0.692566 0.721285 -0.010046
vn 0.692238 0.721622 -0.008255
vn 0.693731 0.720045 -0.016511
vn 0.693731 0.720045 -0.016511
vn -0.672587 -0.059688 -0.737607
vn -0.672587 -0.059688 -0.737607
vn -0.672587 -0.059688 -0.737607
vn -0.672587 -0.059688 -0.737607
vn 0.034263 0.644320 -0.763988
vn 0.034263 0.644320 -0.763988
vn 0.034263 0.644320 -0.763988
vn 0.034263 0.644320 -0.763988
vn 0.743880 -0.050974 -0.666367
vn 0.743879 -0.050974 -0.666367
vn 0.743879 -0.050974 -0.666367
vn 0.743879 -0.050974 -0.666367
vn 0.034097 -0.761699 -0.647033
vn 0.034097 -0.761699 -0.647033
vn 0.034097 -0.761699 -0.647033
vn 0.034097 -0.761699 -0.647034
vn -0.706839 -0.706870 0.026706
vn -0.706839 -0.706870 0.026706
vn -0.706853 -0.706857 0.026682
vn -0.706853 -0.706857 0.026682
vn 0.026094 -0.726357 0.686822
vn 0.026094 -0.726357 0.686822
vn 0.026906 -0.726425 0.686719
vn 0.026911 -0.726426 0.686718
vn -0.669868 -0.015788 0.742312
vn -0.669868 -0.015788 0.742312
vn -0.669868 -0.015788 0.742312
vn -0.669868 -0.015788 0.742312
vn -0.002736 -0.999337 -0.036303
vn -0.002130 -0.999318 -0.036870
vn -0.002164 -0.999317 -0.036885
vn -0.002741 -0.999334 -0.036376
vn 0.051438 -0.727285 0.684405
vn 0.051480 -0.727285 0.684403
vn 0.053093 -0.727267 0.684298
vn 0.053091 -0.727267 0.684299
vn 0.039044 -0.021856 0.998998
vn 0.074983 -0.021712 0.996948
vn 0.074927 -0.021712 0.996953
vn 0.039016 -0.021856 0.999000
vn -0.699175 0.712611 0.057796
vn -0.699175 0.712611 0.057796
vn -0.699277 0.712515 0.057738
vn -0.699279 0.712513 0.057737
vn 0.042435 0.700644 0.712248
vn 0.042435 0.700644 0.712248
vn 0.043305 0.700220 0.712613
vn 0.043271 0.700237 0.712598
vn 0.016373 0.999811 0.010441
vn 0.017032 0.999716 0.016664
vn 0.016767 0.999720 0.016727
vn 0.016097 0.999816 0.010470
vn 0.068875 0.692683 0.717946
vn 0.068886 0.692682 0.717946
vn 0.070620 0.692450 0.718001
vn 0.070622 0.692447 0.718004
vn -0.734886 0.013879 -0.678049
vn -0.734886 0.013879 -0.678049
vn -0.734770 0.040982 -0.677077
vn -0.563849 0.280219 -0.776886
vn -0.005673 -0.678388 -0.734682
vn -0.005673 -0.678388 -0.734682
vn -0.005496 -0.678784 -0.734318
vn -0.005484 -0.678810 -0.734294
vn -0.714075 -0.699579 0.026174
vn -0.714075 -0.699579 0.026174
vn -0.713721 -0.699940 0.026178
vn -0.713730 -0.699932 0.026178
vn -0.001532 -0.999294 -0.037527
vn -0.001496 -0.999228 -0.039266
vn -0.001569 -0.999231 -0.039183
vn -0.001593 -0.999295 -0.037510
vn -0.001107 0.021110 -0.999777
vn -0.006594 0.021119 -0.999755
vn -0.006594 0.021119 -0.999755
vn -0.001106 0.021110 -0.999777
vn -0.000854 -0.685499 -0.728073
vn -0.000867 -0.685500 -0.728072
vn -0.000427 -0.685445 -0.728124
vn -0.000417 -0.685444 -0.728125
vn 0.053045 -0.727421 0.684138
vn 0.053045 -0.727421 0.684138
vn 0.053082 -0.727410 0.684147
vn 0.053080 -0.727411 0.684146
vn 0.703704 -0.708991 -0.046176
vn 0.703704 -0.708991 -0.046176
vn 0.703783 -0.708926 -0.045970
vn 0.703793 -0.708918 -0.045944
vn 0.739146 -0.016951 0.673331
vn 0.739146 -0.016951 0.673331
vn 0.739146 -0.016951 0.673331
vn 0.739146 -0.016951 0.673332
vn 0.070613 0.691060 0.719340
vn 0.070613 0.691060 0.719340
vn 0.070683 0.691147 0.719250
vn 0.070685 0.691149 0.719247
vn 0.709760 0.704433 -0.003704
vn 0.709760 0.704433 -0.003704
vn 0.709876 0.704319 -0.003271
vn 0.709867 0.704328 -0.003306
vn 0.005982 0.999920 0.011127
vn 0.016072 0.999819 0.010194
vn 0.005982 0.999917 0.011406
vn -0.690286 0.721267 0.057256
vn -0.690302 0.721252 0.057255
vn -0.689598 0.722243 0.053105
vn -0.705836 0.707471 0.035797
vn -0.997171 -0.000054 0.075166
vn -0.997347 -0.000000 0.072791
vn -0.997347 -0.000000 0.072791
vn -0.997171 -0.000054 0.075166
vn 0.017114 0.999619 0.021665
vn 0.006364 0.999675 0.024683
vn 0.006396 0.999684 0.024310
vn 0.017137 0.999624 0.021388
vn 0.999935 -0.001306 -0.011369
vn 0.999591 -0.000947 -0.028584
vn 0.999591 -0.000947 -0.028595
vn 0.999934 -0.001306 -0.011385
vn 0.709634 0.704481 0.011226
vn 0.709622 0.704493 0.011264
vn 0.709485 0.704624 0.011664
vn 0.709485 0.704624 0.011664
vn 0.003686 0.723218 -0.690610
vn 0.003686 0.723219 -0.690610
vn 0.003419 0.723096 -0.690739
vn 0.003433 0.723103 -0.690732
vn 0.704943 0.014862 -0.709108
vn 0.704943 0.014862 -0.709108
vn 0.704943 0.014862 -0.709108
vn 0.704943 0.014862 -0.709108
vn 0.003372 -0.684841 -0.728684
vn 0.003372 -0.684841 -0.728684
vn 0.003162 -0.684874 -0.728654
vn 0.003152 -0.684876 -0.728653
vn 0.706628 -0.706629 -0.036766
vn 0.706628 -0.706629 -0.036766
vn 0.706559 -0.706684 -0.037044
vn 0.706549 -0.706692 -0.037084
vn -0.002145 -0.999316 -0.036918
vn -0.001595 -0.999297 -0.037447
vn -0.001507 -0.999169 -0.040724
vn -0.002785 -0.999332 -0.036454
vn -0.002785 -0.999332 -0.036438
vn -0.001521 -0.999174 -0.040616
vn -0.771428 -0.631171 -0.080762
vn -0.771428 -0.631171 -0.080762
vn -0.771428 -0.631171 -0.080762
vn -0.771428 -0.631171 -0.080762
vn -0.074295 -0.775790 0.626602
vn -0.074295 -0.775790 0.626602
vn -0.074295 -0.775790 0.626602
vn -0.074295 -0.775790 0.626602
vn -0.705536 -0.010459 0.708597
vn -0.705536 -0.010459 0.708597
vn -0.705536 -0.010459 0.708597
vn -0.705536 -0.010459 0.708597
vn 0.636223 -0.767500 -0.078515
vn 0.636223 -0.767500 -0.078515
vn 0.636223 -0.767499 -0.078515
vn 0.636223 -0.767500 -0.078515
vn 0.698185 -0.138644 0.702364
vn 0.698185 -0.138644 0.702364
vn 0.698185 -0.138644 0.702364
vn 0.698185 -0.138644 0.702364
vn -0.643518 0.761357 0.078862
vn -0.643519 0.761357 0.078862
vn -0.643519 0.761357 0.078862
vn -0.643519 0.761357 0.078862
vn 0.021222 0.631368 0.775193
vn 0.021222 0.631368 0.775193
vn 0.021222 0.631368 0.775193
vn 0.021222 0.631368 0.775193
vn 0.768788 0.637985 0.044043
vn 0.768788 0.637985 0.044043
vn 0.768788 0.637985 0.044043
vn 0.768788 0.637985 0.044043
vn -0.712596 0.140366 -0.687389
vn -0.712596 0.140366 -0.687389
vn -0.712596 0.140366 -0.687389
vn -0.712596 0.140366 -0.687389
vn 0.048858 0.767462 -0.639230
vn 0.048858 0.767462 -0.639230
vn 0.048858 0.767462 -0.639230
vn 0.048858 0.767462 -0.639230
vn 0.699115 0.012250 -0.714904
vn 0.699115 0.012250 -0.714904
vn 0.699115 0.012250 -0.714904
vn 0.699115 0.012250 -0.714904
vn -0.088269 -0.624148 -0.776304
vn -0.088269 -0.624148 -0.776304
vn -0.088269 -0.624148 -0.776304
vn -0.088269 -0.624148 -0.776304
vn -0.707106 -0.707108 0.000000
vn -0.707106 -0.707108 0.000000
vn -0.707106 -0.707108 0.000000
vn -0.707106 -0.707108 0.000000
vn 0.000404 -0.700556 0.713597
vn 0.000404 -0.700556 0.713597
vn 0.000404 -0.700556 0.713597
vn 0.000404 -0.700556 0.713597
vn -0.709758 0.001275 0.704444
vn -0.709758 0.001275 0.704444
vn -0.709758 0.001275 0.704444
vn -0.709758 0.001275 0.704444
vn 0.705344 -0.707109 -0.049874
vn 0.705344 -0.707109 -0.049874
vn 0.705344 -0.707109 -0.049874
vn 0.705344 -0.707109 -0.049874
vn 0.725584 -0.007786 0.688090
vn 0.725584 -0.007786 0.688090
vn 0.725584 -0.007786 0.688090
vn 0.725584 -0.007786 0.688090
vn -0.685484 0.726142 0.053196
vn -0.685484 0.726142 0.053196
vn -0.685484 0.726142 0.053196
vn -0.685484 0.726142 0.053196
vn 0.020550 0.690216 0.723311
vn 0.020550 0.690216 0.723311
vn 0.020550 0.690216 0.723311
vn 0.020550 0.690216 0.723311
vn 0.713336 0.700459 -0.022549
vn 0.713336 0.700459 -0.022549
vn 0.713336 0.700459 -0.022549
vn 0.713336 0.700459 -0.022549
vn -0.707104 0.000000 -0.707110
vn -0.707104 0.000000 -0.707110
vn -0.707104 0.000000 -0.707110
vn -0.707104 0.000000 -0.707110
vn 0.042787 0.739514 -0.671780
vn 0.042787 0.739514 -0.671780
vn 0.042787 0.739514 -0.671780
vn 0.042787 0.739514 -0.671780
vn 0.681578 -0.005374 -0.731726
vn 0.681578 -0.005374 -0.731726
vn 0.681578 -0.005374 -0.731726
vn 0.681578 -0.005374 -0.731726
vn 0.000000 -0.707106 -0.707107
vn 0.000000 -0.707106 -0.707107
vn 0.000000 -0.707106 -0.707107
vn 0.000000 -0.707106 -0.707107
vn -0.816291 0.563830 -0.125555
vn -0.820600 0.556726 -0.129123
vn -0.820600 0.556726 -0.129123
vn -0.227668 0.956863 -0.180502
vn 0.004588 0.999937 0.010254
vn 0.004360 0.999940 0.010067
vn -0.234292 0.954216 -0.185954
vn -0.001558 -0.999225 -0.039344
vn -0.002781 -0.999334 -0.036385
vn 0.006208 0.999796 0.019209
vn 0.006041 0.999684 0.024399
vn 0.005903 0.999797 0.019265
vn 0.016809 0.999709 0.017283
vn 0.006209 0.999808 0.018570
vn 0.017089 0.999706 0.017205
vn 0.017400 0.999622 0.021283
vn -0.002781 -0.999336 -0.036329
vn -0.002779 -0.999337 -0.036302
vn 0.077352 -0.021697 0.996768
vn 0.077354 -0.021593 0.996770
vn 0.077354 -0.021593 0.996770
vn 0.077352 -0.021698 0.996768
vn 0.005885 0.999809 0.018617
vn 0.005699 0.999918 0.011433
vn -0.002503 0.734496 -0.678609
vn -0.002505 0.734568 -0.678531
vn -0.031583 0.719921 -0.693337
vn -0.006592 0.736224 -0.676706
vn -0.000442 0.721188 -0.692739
vn -0.000426 0.721196 -0.692731
vn -0.000015 0.721410 -0.692508
vn -0.000024 0.721406 -0.692513
vn -0.000461 0.021109 -0.999777
vn 0.004451 0.021101 -0.999767
vn 0.004450 0.021101 -0.999767
vn -0.000462 0.021109 -0.999777
vn -0.001489 -0.999221 -0.039427
vn -0.001438 -0.999169 -0.040746
vn -0.216939 0.583830 -0.782355
vn -0.253868 0.568652 -0.782423
vn 0.013983 -0.098866 0.995003
vn 0.013983 -0.098866 0.995003
vn 0.002823 0.995008 0.099760
vn 0.002823 0.995008 0.099760
vn -0.069899 0.098634 -0.992666
vn -0.069899 0.098634 -0.992666
vn -0.002825 -0.995007 -0.099761
vn -0.002825 -0.995007 -0.099761
vn 0.999070 -0.004266 0.042917
vn 0.999070 -0.004266 0.042917
vn 0.999070 -0.004266 0.042917
vn 0.999070 -0.004266 0.042917
vn -0.999899 -0.001409 0.014162
vn -0.999899 -0.001409 0.014162
vn -0.999899 -0.001409 0.014162
vn -0.999899 -0.001409 0.014162
vn 0.000000 0.000000 1.000000
vn 0.000000 0.000000 1.000000
vn 0.000000 0.000000 1.000000
vn 0.000000 0.000000 1.000000
vn 0.000000 1.000000 0.000000
vn 0.000000 1.000000 0.000000
vn 0.000000 0.000000 -1.000000
vn 0.000000 0.000000 -1.000000
vn 0.000000 0.000000 -1.000000
vn 0.000000 0.000000 -1.000000
vn 0.000000 -1.000000 0.000000
vn 0.000000 -1.000000 0.000000
vn 1.000000 0.000000 0.000000
vn 1.000000 0.000000 0.000000
vn -1.000000 0.000000 0.000000
vn -1.000000 0.000000 0.000000
vn 0.000000 0.000000 1.000000
vn 0.000000 0.000000 1.000000
vn 0.000000 0.000000 1.000000
vn 0.000000 0.000000 1.000000
vn 0.000000 1.000000 0.000000
vn 0.000000 1.000000 0.000000
vn 0.000000 1.000000 0.000000
vn 0.000000 1.000000 0.000000
vn 0.000000 0.000000 -1.000000
vn 0.000000 0.000000 -1.000000
vn 0.000000 0.000000 -1.000000
vn 0.000000 0.000000 -1.000000
vn 0.000000 -1.000000 0.000000
vn 0.000000 -1.000000 0.000000
vn 0.000000 -1.000000 0.000000
vn 0.000000 -1.000000 0.000000
vn 1.000000 0.000000 0.000000
vn 1.000000 0.000000 0.000000
vn 1.000000 0.000000 0.000000
vn 1.000000 0.000000 0.000000
vn -1.000000 0.000000 0.000000
vn -1.000000 0.000000 0.000000
vn -1.000000 0.000000 0.000000
vn -1.000000 0.000000 0.000000
vn 0.007090 0.081437 0.996653
vn 0.007090 0.081437 0.996653
vn 0.007090 0.081437 0.996653
vn 0.007090 0.081437 0.996653
vn 0.000000 1.000000 0.000000
vn 0.000000 1.000000 0.000000
vn 0.000000 1.000000 0.000000
vn 0.000000 1.000000 0.000000
vn 0.000000 0.000000 -1.000000
vn 0.000000 0.000000 -1.000000
vn 0.000000 0.000000 -1.000000
vn 0.000000 0.000000 -1.000000
vn 0.000000 -1.000000 0.000000
vn 0.000000 -1.000000 0.000000
vn 0.000000 -1.000000 0.000000
vn 0.000000 -1.000000 0.000000
vn 1.000000 0.000000 0.000000
vn 1.000000 0.000000 0.000000
vn 1.000000 0.000000 0.000000
vn 1.000000 0.000000 0.000000
vn -1.000000 0.000000 0.000000
vn -1.000000 0.000000 0.000000
vn -1.000000 0.000000 0.000000
vn -1.000000 0.000000 0.000000
vn 0.000000 0.000000 1.000000
vn 0.000000 0.000000 1.000000
vn 0.000000 0.000000 1.000000
vn 0.000000 0.000000 1.000000
vn 0.000000 1.000000 0.000000
vn 0.000000 1.000000 0.000000
vn 0.000000 1.000000 0.000000
vn 0.000000 1.000000 0.000000
vn 0.000000 0.000000 -1.000000
vn 0.000000 0.000000 -1.000000
vn 0.000000 0.000000 -1.000000
vn 0.000000 0.000000 -1.000000
vn 0.000000 -1.000000 0.000000
vn 0.000000 -1.000000 0.000000
vn 0.000000 -1.000000 0.000000
vn 0.000000 -1.000000 0.000000
vn 1.000000 0.000000 0.000000
vn 1.000000 0.000000 0.000000
vn 1.000000 0.000000 0.000000
vn 1.000000 0.000000 0.000000
vn -1.000000 0.000000 0.000000
vn -1.000000 0.000000 0.000000
vn -1.000000 0.000000 0.000000
vn -1.000000 0.000000 0.000000
vn 0.000000 0.000000 1.000000
vn 0.000000 0.000000 1.000000
vn 0.000000 0.000000 1.000000
vn 0.000000 0.000000 1.000000
vn 0.000000 1.000000 0.000000
vn 0.000000 1.000000 0.000000
vn 0.000000 1.000000 0.000000
vn 0.000000 1.000000 0.000000
vn 0.000000 0.000000 -1.000000
vn 0.000000 0.000000 -1.000000
vn 0.000000 0.000000 -1.000000
vn 0.000000 0.000000 -1.000000
vn 0.000000 -1.000000 0.000000
vn 0.000000 -1.000000 0.000000
vn 0.000000 -1.000000 0.000000
vn 0.000000 -1.000000 0.000000
vn 0.993846 0.000000 0.110768
vn 0.993846 0.000000 0.110768
vn 0.993846 0.000000 0.110768
vn 0.993846 0.000000 0.110768
vn -1.000000 0.000000 0.000000
vn -1.000000 0.000000 0.000000
vn -1.000000 0.000000 0.000000
vn -1.000000 0.000000 0.000000
vn 0.000000 0.000000 1.000000
vn 0.000000 0.000000 1.000000
vn 0.000000 0.000000 1.000000
vn 0.000000 0.000000 1.000000
vn -0.039105 0.999169 -0.011481
vn -0.039105 0.999169 -0.011481
vn -0.039105 0.999169 -0.011481
vn -0.039105 0.999169 -0.011481
vn 0.000000 0.000000 -1.000000
vn 0.000000 0.000000 -1.000000
vn 0.000000 0.000000 -1.000000
vn 0.000000 0.000000 -1.000000
vn 0.000000 -1.000000 0.000000
vn 0.000000 -1.000000 0.000000
vn 0.000000 -1.000000 0.000000
vn 0.000000 -1.000000 0.000000
vn 1.000000 0.000000 0.000000
vn 1.000000 0.000000 0.000000
vn 1.000000 0.000000 0.000000
vn 1.000000 0.000000 0.000000
vn -1.000000 0.000000 0.000000
vn -1.000000 0.000000 0.000000
vn -1.000000 0.000000 0.000000
vn -1.000000 0.000000 0.000000
vn -0.034041 0.197495 0.979713
vn -0.034041 0.197494 0.979713
vn -0.034041 0.197495 0.979713
vn -0.034041 0.197494 0.979713
vn -0.001059 0.996536 -0.083160
vn -0.001059 0.996536 -0.083160
vn -0.001059 0.996536 -0.083160
vn -0.001059 0.996536 -0.083160
vn 0.048218 -0.080631 -0.995577
vn 0.048218 -0.080631 -0.995577
vn 0.048218 -0.080631 -0.995577
vn 0.048218 -0.080631 -0.995577
vn 0.000000 -0.996737 0.080725
vn 0.000000 -0.996737 0.080725
vn 0.000000 -0.996737 0.080725
vn 0.000000 -0.996736 0.080725
vn 0.997544 0.043431 0.054945
vn 0.997544 0.043431 0.054945
vn 0.997544 0.043431 0.054945
vn 0.997544 0.043431 0.054945
vn -0.998904 -0.003775 -0.046649
vn -0.998904 -0.003775 -0.046649
vn -0.998904 -0.003775 -0.046649
vn -0.998904 -0.003775 -0.046649
vn 0.037887 -0.021862 0.999043
vn 0.037887 -0.021862 0.999043
vn 0.016341 0.999815 0.010173
vn -0.002111 -0.999317 -0.036906
vn 0.999578 -0.000938 -0.029039
vn 0.999578 -0.000938 -0.029039
vn -0.997166 -0.000055 0.075228
vn -0.997166 -0.000055 0.075228
vn -0.010052 -0.105141 0.994407
vn -0.010052 -0.105141 0.994407
vn -0.010052 -0.105141 0.994407
vn -0.010052 -0.105141 0.994407
vn 0.067567 0.993946 0.086632
vn 0.067567 0.993947 0.086632
vn 0.067567 0.993947 0.086632
vn 0.067567 0.993946 0.086632
vn -0.026694 0.108580 -0.993729
vn -0.026694 0.108580 -0.993729
vn -0.026694 0.108580 -0.993729
vn -0.026694 0.108580 -0.993729
vn -0.096644 -0.988929 -0.112602
vn -0.096644 -0.988929 -0.112602
vn -0.096644 -0.988929 -0.112602
vn -0.096644 -0.988929 -0.112602
vn 0.995461 -0.095167 0.000000
vn 0.995461 -0.095167 0.000000
vn 0.995461 -0.095167 0.000000
vn 0.995461 -0.095167 0.000000
vn -0.995461 0.095167 -0.000000
vn -0.995461 0.095167 -0.000000
vn -0.995461 0.095167 -0.000000
vn -0.995461 0.095167 -0.000000
vn 0.000000 0.000000 1.000000
vn 0.000000 0.000000 1.000000
vn 0.000000 0.000000 1.000000
vn 0.000000 0.000000 1.000000
vn 0.043995 0.997522 0.054906
vn 0.043995 0.997522 0.054906
vn 0.043995 0.997522 0.054906
vn 0.043995 0.997522 0.054906
vn 0.000000 0.000000 -1.000000
vn 0.000000 0.000000 -1.000000
vn 0.000000 0.000000 -1.000000
vn 0.000000 0.000000 -1.000000
vn 0.000000 -1.000000 0.000000
vn 0.000000 -1.000000 0.000000
vn 0.000000 -1.000000 0.000000
vn 0.000000 -1.000000 0.000000
vn 0.997509 0.000004 -0.070533
vn 0.997509 0.000004 -0.070533
vn 0.997509 0.000004 -0.070533
vn 0.997509 0.000004 -0.070533
vn -1.000000 -0.000003 0.000000
vn -1.000000 -0.000003 0.000000
vn -1.000000 -0.000003 0.000000
vn -1.000000 -0.000003 0.000000
vn -0.351385 0.892612 -0.282442
vn -0.001532 -0.999297 -0.037463
vn 0.999941 -0.001318 -0.010832
vn 0.999941 -0.001318 -0.010832
vn 0.077354 -0.021586 0.996770
vn 0.077354 -0.021586 0.996770
vn 0.017403 0.999616 0.021570
vn 0.006046 0.999675 0.024759
vn 0.004767 0.021100 -0.999766
vn 0.004767 0.021100 -0.999766
vn -0.001433 -0.999165 -0.040841
vn -0.002781 -0.999336 -0.036330
vn -1.000000 0.000000 0.000000
vn -1.000000 0.000000 0.000000
vn 0.000000 -1.000000 0.000000
vn 0.000000 -1.000000 0.000000
vn 0.998441 0.000000 -0.055825
vn 0.998441 0.000000 -0.055825
vn 0.000000 1.000000 0.000000
vn 0.000000 1.000000 0.000000
vn 0.014317 -0.098865 0.994998
vn 0.014317 -0.098865 0.994998
vn 0.000037 0.995091 0.098964
vn 0.000037 0.995091 0.098964
vn -0.014702 0.098866 -0.994992
vn -0.014702 0.098866 -0.994992
vn -0.000037 -0.995091 -0.098964
vn -0.000037 -0.995091 -0.098964
vn -0.006768 0.021119 -0.999754
vn -0.006768 0.021119 -0.999754
vn -0.006768 0.021119 -0.999754
vn -0.997352 0.000002 0.072721
vn -0.997352 0.000002 0.072721
vn -0.997352 0.000002 0.072721
vn -0.569170 -0.632363 0.525512
vn -0.569170 -0.632363 0.525512
vn -0.569170 -0.632363 0.525512
vn -0.568873 0.516239 0.640219
vn -0.568873 0.516239 0.640219
vn -0.568873 0.516239 0.640219
vn -0.592475 0.642848 -0.485510
vn -0.592475 0.642848 -0.485510
vn -0.592475 0.642848 -0.485510
vn -0.615869 -0.519228 -0.592544
vn -0.615869 -0.519228 -0.592544
vn -0.615869 -0.519228 -0.592544
vn 0.573886 -0.622864 0.531691
vn 0.573886 -0.622864 0.531691
vn 0.573886 -0.622864 0.531691
vn 0.552863 0.515635 0.654571
vn 0.552863 0.515636 0.654571
vn 0.552863 0.515635 0.654571
vn 0.579265 0.642232 -0.501986
vn 0.579265 0.642232 -0.501986
vn 0.579265 0.642232 -0.501986
vn 0.602653 -0.520595 -0.604805
vn 0.602653 -0.520595 -0.604805
vn 0.602653 -0.520595 -0.604805
vn -0.577342 -0.577365 0.577344
vn -0.577342 -0.577365 0.577344
vn -0.577342 -0.577365 0.577344
vn 0.577349 -0.577349 0.577352
vn 0.577349 -0.577349 0.577352
vn 0.577349 -0.577349 0.577352
vn -0.577340 0.577366 0.577346
vn -0.577340 0.577366 0.577345
vn -0.577340 0.577366 0.577346
vn 0.577347 0.577350 0.577353
vn 0.577347 0.577350 0.577353
vn 0.577347 0.577350 0.577353
vn -0.577342 0.577365 -0.577345
vn -0.577342 0.577365 -0.577345
vn -0.577342 0.577365 -0.577345
vn 0.576047 0.577810 -0.578191
vn 0.576047 0.577810 -0.578191
vn 0.576047 0.577810 -0.578191
vn -0.577342 -0.577365 -0.577344
vn -0.577342 -0.577365 -0.577344
vn -0.577342 -0.577365 -0.577344
vn 0.565730 -0.567495 -0.598247
vn 0.565730 -0.567495 -0.598247
vn 0.565730 -0.567495 -0.598247
vn -0.577357 -0.577346 0.577348
vn -0.577357 -0.577346 0.577348
vn -0.577357 -0.577346 0.577348
vn 0.577363 -0.577340 0.577349
vn 0.577363 -0.577340 0.577349
vn 0.577363 -0.577340 0.577349
vn -0.577349 0.577349 0.577352
vn -0.577349 0.577349 0.577352
vn -0.577349 0.577349 0.577352
vn 0.577355 0.577343 0.577353
vn 0.577355 0.577343 0.577353
vn 0.577355 0.577343 0.577353
vn -0.577349 0.577349 -0.577352
vn -0.577349 0.577349 -0.577352
vn -0.577349 0.577349 -0.577352
vn 0.577355 0.577343 -0.577353
vn 0.577355 0.577343 -0.577353
vn 0.577355 0.577343 -0.577353
vn -0.577349 -0.577349 -0.577352
vn -0.577349 -0.577349 -0.577352
vn -0.577349 -0.577349 -0.577352
vn 0.577355 -0.577343 -0.577352
vn 0.577355 -0.577344 -0.577352
vn 0.577355 -0.577344 -0.577352
vn -0.577363 -0.577340 0.577349
vn -0.577363 -0.577340 0.577349
vn -0.577363 -0.577340 0.577349
vn 0.615534 -0.510974 0.600019
vn 0.615534 -0.510974 0.600019
vn 0.615534 -0.510974 0.600019
vn -0.569022 0.577386 0.585525
vn -0.569022 0.577386 0.585525
vn -0.569022 0.577386 0.585525
vn 0.585562 0.650547 0.483639
vn -0.577355 0.577343 -0.577353
vn -0.577355 0.577343 -0.577353
vn -0.577355 0.577343 -0.577353
vn 0.577353 0.577347 -0.577351
vn 0.577353 0.577347 -0.577351
vn 0.577353 0.577347 -0.577351
vn -0.577355 -0.577344 -0.577352
vn -0.577355 -0.577344 -0.577352
vn -0.577355 -0.577343 -0.577352
vn 0.577353 -0.577347 -0.577350
vn 0.577353 -0.577347 -0.577350
vn 0.577353 -0.577347 -0.577350
vn -0.577349 -0.577361 0.577341
vn -0.577349 -0.577361 0.577341
vn -0.577349 -0.577361 0.577341
vn 0.577357 -0.577346 0.577348
vn 0.577357 -0.577346 0.577348
vn 0.577357 -0.577346 0.577348
vn -0.577342 0.577365 0.577345
vn -0.577342 0.577365 0.577345
vn -0.577342 0.577365 0.577345
vn 0.577349 0.577349 0.577352
vn 0.577349 0.577349 0.577352
vn 0.577349 0.577349 0.577352
vn -0.577349 0.577349 -0.577352
vn -0.577349 0.577349 -0.577352
vn -0.577349 0.577349 -0.577352
vn 0.577346 0.577357 -0.577348
vn 0.577345 0.577357 -0.577348
vn 0.577346 0.577357 -0.577348
vn -0.577349 -0.577349 -0.577352
vn -0.577349 -0.577349 -0.577352
vn -0.577349 -0.577349 -0.577352
vn 0.577346 -0.577357 -0.577348
vn 0.577346 -0.577357 -0.577348
vn 0.577346 -0.577357 -0.577348
vn -0.577348 -0.577350 0.577353
vn -0.577348 -0.577350 0.577353
vn -0.577348 -0.577350 0.577353
vn 0.572411 -0.579141 0.580466
vn 0.572411 -0.579141 0.580466
vn 0.572411 -0.579141 0.580466
vn -0.577348 0.577350 0.577353
vn -0.577348 0.577350 0.577353
vn -0.577348 0.577350 0.577353
vn 0.552660 0.559500 0.617679
vn 0.552660 0.559500 0.617679
vn 0.552660 0.559500 0.617679
vn -0.577348 0.577350 -0.577353
vn -0.577348 0.577350 -0.577353
vn -0.577348 0.577350 -0.577353
vn 0.619415 0.556033 -0.554214
vn 0.619415 0.556033 -0.554214
vn 0.619415 0.556033 -0.554214
vn -0.577348 -0.577350 -0.577353
vn -0.577348 -0.577350 -0.577353
vn -0.577348 -0.577350 -0.577353
vn 0.594912 -0.602285 -0.532290
vn 0.594912 -0.602285 -0.532290
vn 0.594912 -0.602285 -0.532290
vn -0.577355 -0.577343 0.577352
vn -0.577355 -0.577344 0.577352
vn -0.577355 -0.577344 0.577352
vn 0.577355 -0.577344 0.577352
vn 0.577355 -0.577344 0.577352
vn 0.577355 -0.577343 0.577352
vn -0.586865 0.585600 0.559162
vn -0.586865 0.585600 0.559162
vn -0.586865 0.585600 0.559162
vn 0.577429 0.577113 0.577509
vn 0.577429 0.577113 0.577509
vn 0.577429 0.577113 0.577509
vn -0.609958 0.524242 -0.594240
vn -0.609958 0.524242 -0.594240
vn -0.609958 0.524242 -0.594240
vn 0.545498 0.604712 -0.580306
vn 0.545498 0.604712 -0.580306
vn 0.545498 0.604712 -0.580306
vn -0.577351 -0.577345 -0.577354
vn -0.577351 -0.577345 -0.577354
vn -0.577351 -0.577345 -0.577354
vn 0.577351 -0.577345 -0.577354
vn 0.577351 -0.577345 -0.577354
vn 0.577351 -0.577345 -0.577354
vn -0.604288 -0.530839 0.594177
vn -0.604288 -0.530839 0.594177
vn -0.604288 -0.530839 0.594177
vn 0.589335 -0.400545 0.701604
vn 0.589335 -0.400545 0.701604
vn 0.589335 -0.400545 0.701604
vn -0.589151 0.620385 0.517710
vn -0.589151 0.620385 0.517710
vn -0.589151 0.620385 0.517710
vn 0.534557 0.724914 0.434452
vn -0.549404 0.526429 -0.648866
vn -0.549404 0.526429 -0.648866
vn -0.549404 0.526429 -0.648866
vn 0.612163 0.524614 -0.591639
vn 0.612163 0.524614 -0.591639
vn 0.612164 0.524614 -0.591639
vn -0.548861 -0.624253 -0.555931
vn -0.548861 -0.624253 -0.555931
vn -0.548861 -0.624253 -0.555931
vn 0.604659 -0.619913 -0.500095
vn 0.604659 -0.619913 -0.500095
vn 0.604659 -0.619913 -0.500095
vn -0.547892 -0.583253 0.599692
vn -0.547892 -0.583253 0.599692
vn -0.547892 -0.583253 0.599692
vn -0.553068 0.576424 0.601541
vn -0.553068 0.576424 0.601541
vn -0.553068 0.576424 0.601541
vn -0.606876 -0.543030 -0.580362
vn -0.606876 -0.543030 -0.580362
vn -0.606876 -0.543030 -0.580362
vn 0.608122 -0.586881 0.534563
vn 0.608122 -0.586882 0.534563
vn 0.608122 -0.586882 0.534563
vn 0.604379 0.559081 0.567587
vn 0.604379 0.559081 0.567587
vn 0.604379 0.559081 0.567587
vn 0.576667 0.588269 -0.566917
vn 0.576667 0.588269 -0.566917
vn 0.576667 0.588269 -0.566917
vn 0.574897 -0.557457 -0.598945
vn 0.574897 -0.557457 -0.598945
vn 0.574897 -0.557457 -0.598945
vn -0.635174 -0.577244 0.513170
vn -0.635174 -0.577244 0.513170
vn -0.635174 -0.577244 0.513170
vn 0.515208 -0.688029 0.511055
vn 0.515208 -0.688029 0.511055
vn 0.515208 -0.688029 0.511055
vn -0.537239 0.541259 0.646849
vn -0.537239 0.541259 0.646849
vn -0.537239 0.541259 0.646849
vn 0.614734 0.479280 0.626413
vn 0.614734 0.479280 0.626413
vn 0.614734 0.479280 0.626413
vn -0.519542 0.697023 -0.494202
vn -0.519542 0.697023 -0.494202
vn -0.519542 0.697023 -0.494202
vn 0.626000 0.547929 -0.554885
vn 0.626000 0.547929 -0.554885
vn 0.626000 0.547929 -0.554885
vn -0.642845 -0.452697 -0.617912
vn -0.642845 -0.452697 -0.617912
vn -0.642845 -0.452697 -0.617912
vn 0.510022 -0.572659 -0.641825
vn 0.510022 -0.572659 -0.641825
vn 0.510021 -0.572659 -0.641825
vn -0.577346 -0.577363 0.577342
vn -0.577346 -0.577363 0.577342
vn -0.577346 -0.577363 0.577342
vn 0.575082 -0.578050 0.578912
vn 0.575082 -0.578050 0.578912
vn 0.575082 -0.578050 0.578912
vn -0.558876 0.572676 0.599750
vn -0.558876 0.572676 0.599750
vn -0.558876 0.572676 0.599750
vn 0.595960 0.580421 0.554926
vn 0.595960 0.580421 0.554926
vn 0.595960 0.580421 0.554926
vn -0.556448 0.625699 -0.546686
vn -0.556448 0.625699 -0.546686
vn -0.556448 0.625699 -0.546686
vn 0.574822 0.598107 -0.558434
vn 0.574822 0.598107 -0.558434
vn 0.574822 0.598107 -0.558434
vn -0.577334 -0.577369 -0.577348
vn -0.577334 -0.577369 -0.577348
vn -0.577334 -0.577368 -0.577348
vn 0.562374 -0.565203 -0.603557
vn 0.562374 -0.565203 -0.603557
vn 0.562374 -0.565203 -0.603557
s off
g polySurface5
usemtl lambert1SG
f 1/109/1 3/105/2 24/104/3 23/110/4
f 2/684/5 1/681/6 6/680/7 5/685/8
f 3/105/9 2/111/10 11/112/11 10/106/12
f 4/65/13 6/69/14 19/70/15 21/66/16
f 5/75/17 4/65/18 9/68/19 8/76/20
f 7/73/21 9/68/22 14/67/23 13/74/24
f 8/621/25 7/617/26 12/616/27 11/622/28
s 1
f 10/106/29 12/113/30 17/114/31 16/107/32
s 2
f 13/618/33 15/623/34 121/619/35 120/614/36
s off
f 15/71/37 14/67/38 21/66/39 20/72/40
s 1
f 16/107/32 18/115/41 122/116/42 124/108/43
s 3
f 18/612/44 17/613/45 120/614/46 119/615/47
s off
f 20/682/48 19/679/49 23/678/50 22/683/51
f 22/117/52 24/104/53 124/108/54 123/118/55
f 25/673/56 27/676/57 46/677/58 48/670/59
f 26/41/60 25/45/61 30/46/62 29/42/63
f 27/51/64 26/41/65 35/44/66 34/52/67
f 28/674/68 30/672/69 43/671/70 45/675/71
f 29/42/72 28/47/73 33/48/74 32/43/75
f 31/663/76 33/666/77 39/667/78 38/664/79
f 32/43/80 31/49/81 36/50/82 35/44/83
f 34/668/84 36/662/85 41/665/86 40/669/87
f 37/54/88 39/59/89 45/60/90 44/55/91
f 38/57/92 37/54/93 42/53/94 41/58/95
f 40/63/96 42/53/97 47/56/98 46/64/99
f 44/55/100 43/61/101 48/62/102 47/56/103
f 49/81/104 51/78/105 73/77/106 75/82/107
f 50/692/108 49/689/109 54/688/110 53/693/111
f 51/78/112 50/83/113 59/84/114 58/79/115
f 52/89/116 54/94/117 70/95/118 72/90/119
f 53/102/120 52/89/121 57/93/122 56/103/123
s 4
f 55/100/124 57/93/125 117/92/126 116/101/127
s 5
f 56/635/128 55/630/129 63/626/130 62/629/131
s off
f 58/79/132 60/85/133 68/86/134 67/80/135
s 5
f 60/631/136 59/634/137 62/629/131 61/625/138
s 6
f 61/625/139 63/626/140 116/627/141 118/628/142
s 4
f 64/91/143 66/98/144 118/99/145 117/92/126
s off
f 65/96/146 64/91/147 72/90/148 71/97/149
f 66/632/150 65/636/151 69/637/152 68/633/153
f 67/80/154 69/87/155 74/88/156 73/77/157
f 71/690/158 70/687/159 75/686/160 74/691/161
s 7
f 76/38/162 78/31/163 110/24/164 109/30/165
s off
f 77/660/166 76/657/167 81/656/168 80/661/169
f 78/31/170 77/39/171 86/40/172 85/32/173
s 8
f 79/7/174 81/15/175 114/9/176 113/3/177
s off
f 80/16/178 79/7/179 84/8/180 83/17/181
s 9
f 82/13/182 84/8/183 90/2/184 89/6/185
s off
f 83/648/186 82/645/187 87/644/188 86/649/189
s 10
f 85/32/190 87/33/191 94/25/192 93/21/193
s 9
f 88/5/194 91/1/195 99/12/196 101/14/197
s 11
f 89/638/198 88/639/199 95/640/200 94/641/201
s 12
f 91/1/202 90/2/203 113/3/204 112/4/205
s 10
f 92/22/206 95/26/207 96/34/208 98/28/209
s 13
f 93/21/210 92/22/211 111/23/212 110/24/213
s off
f 97/646/214 96/643/215 101/642/216 100/647/217
f 98/28/218 97/36/219 106/37/220 105/27/221
f 100/19/222 99/12/223 104/11/224 103/20/225
s 8
f 102/18/226 104/11/227 112/4/228 115/10/229
s off
f 103/658/230 102/655/231 107/654/232 106/659/233
s 7
f 105/27/234 107/35/235 108/29/236 111/23/237
s 14
f 109/650/238 108/651/239 115/652/240 114/653/241
s 2
f 119/615/242 121/619/35 123/624/243 122/620/244
s off
f 26/41/245 29/42/246 32/43/247 35/44/248
f 36/662/249 31/663/250 38/664/251 41/665/252
f 42/53/253 37/54/254 44/55/255 47/56/256
f 48/670/257 43/671/258 30/672/259 25/673/260
f 28/1117/261 45/1118/262 39/1119/263 33/1120/264
f 46/1121/265 27/1122/266 34/1123/267 40/1124/268
f 2/1125/269 5/1126/270 8/1127/271 11/1128/272
f 23/678/273 19/679/274 6/680/275 1/681/276
f 4/65/277 21/66/278 14/67/279 9/68/280
s 3
f 122/620/281 18/612/44 119/615/47
s 6
f 63/626/140 55/630/282 116/627/141
s off
f 69/1129/283 65/1130/284 71/1131/285 74/1132/286
f 75/686/287 70/687/288 54/688/289 49/689/290
f 73/77/291 51/78/292 58/79/293 67/80/294
f 77/1133/295 80/1134/296 83/1135/297 86/1136/298
s 11
f 87/644/299 82/645/300 89/638/198 94/641/201
s off
f 97/1137/301 100/1138/302 103/1139/303 106/1140/304
s 14
f 109/650/238 114/653/241 81/656/305 76/657/306
s 12
f 79/7/307 113/3/204 90/2/203 84/8/308
s 13
f 93/21/210 110/24/213 78/31/309 85/32/310
f 105/27/311 111/23/212 92/22/211 98/28/312
s 14
f 107/654/313 102/655/314 115/652/240 108/651/239
s 12
f 91/1/202 112/4/205 104/11/315 99/12/316
s 11
f 95/640/200 88/639/199 101/642/317 96/643/318
s off
f 50/1141/319 53/1142/320 56/1143/321 62/1144/322 59/1145/323
f 52/89/324 72/90/325 64/91/326 117/92/327 57/93/328
s 6
f 60/631/329 61/625/139 118/628/142 66/632/330 68/633/331
s 3
f 12/616/332 7/617/333 13/618/334 120/614/46 17/613/45
s off
f 123/1146/335 121/1147/336 15/1148/337 20/1149/338 22/1150/339
f 24/104/340 3/105/341 10/106/342 16/107/343 124/108/344
f 1/109/345 2/111/346 3/105/347
f 4/65/348 5/75/349 6/69/350
f 7/73/351 8/76/352 9/68/353
f 10/106/354 11/112/355 12/113/356
f 13/74/357 14/67/358 15/71/359
s 1
f 16/107/32 17/114/31 18/115/41
s off
f 19/70/360 20/72/361 21/66/362
f 22/117/363 23/110/364 24/104/365
f 25/45/366 26/41/367 27/51/368
f 28/47/369 29/42/370 30/46/371
f 31/49/372 32/43/373 33/48/374
f 34/52/375 35/44/376 36/50/377
f 37/54/378 38/57/379 39/59/380
f 40/63/381 41/58/382 42/53/383
f 43/61/384 44/55/385 45/60/386
f 46/64/387 47/56/388 48/62/389
f 49/81/390 50/83/391 51/78/392
f 52/89/393 53/102/394 54/94/395
f 55/100/396 56/103/397 57/93/398
f 58/79/399 59/84/400 60/85/401
s 5
f 61/625/138 62/629/131 63/626/130
s off
f 64/91/402 65/96/403 66/98/404
f 67/80/405 68/86/406 69/87/407
f 70/95/408 71/97/409 72/90/410
f 73/77/411 74/88/412 75/82/413
f 76/38/414 77/39/415 78/31/416
f 79/7/417 80/16/418 81/15/419
f 82/13/420 83/17/421 84/8/422
f 85/32/423 86/40/424 87/33/425
s 9
f 88/5/194 89/6/185 90/2/184 91/1/195
s 10
f 92/22/206 93/21/193 94/25/192 95/26/207
s off
f 96/34/426 97/36/427 98/28/428
f 99/12/429 100/19/430 101/14/431
f 102/18/432 103/20/433 104/11/434
f 105/27/435 106/37/436 107/35/437
s 7
f 108/29/236 109/30/165 110/24/164 111/23/237
s 8
f 112/4/228 113/3/177 114/9/176 115/10/229
s 4
f 116/101/127 117/92/126 118/99/145
s 2
f 119/615/242 120/614/36 121/619/35
s off
f 122/116/438 123/118/439 124/108/440
f 125/140/441 127/136/442 137/135/443 139/141/444
f 126/715/445 125/712/446 130/711/447 129/716/448
s 15
f 127/136/449 126/142/450 144/143/451 143/137/452
s 16
f 128/119/453 130/123/454 319/124/455 320/120/456
s off
f 129/129/457 128/119/458 147/122/459 146/130/460
s 17
f 131/146/461 133/139/462 154/138/463 153/147/464
s off
f 132/706/465 131/702/466 135/701/467 134/707/468
f 133/139/469 132/148/470 138/149/471 137/135/472
f 134/132/473 136/126/474 142/125/475 141/133/476
s 18
f 136/126/477 135/134/478 321/127/479 322/121/480
s off
f 139/708/481 138/713/482 141/714/483 140/709/484
s 17
f 143/137/485 145/144/486 152/145/487 154/138/463
s 15
f 145/703/488 144/704/451 150/698/489 149/694/490
f 146/705/491 148/699/492 151/695/493 150/698/489
s 19
f 149/694/494 151/695/495 153/696/496 152/697/497
s off
f 132/1151/498 134/1152/499 141/1153/500 138/1154/501
f 139/708/502 140/709/503 319/710/504 130/711/505 125/712/506
s 20
f 128/119/507 320/120/508 322/121/509 147/122/510
s 19
f 152/697/497 145/703/511 149/694/494
s off
f 126/1155/512 129/1156/513 146/1157/514 150/1158/515 144/1159/516
s 19
f 153/696/496 151/695/495 148/699/517 321/700/518 135/701/519 131/702/520
s off
f 137/135/521 127/136/522 143/137/523 154/138/524 133/139/525
f 125/140/526 126/142/527 127/136/528
f 128/119/529 129/129/530 130/123/531
f 131/146/532 132/148/533 133/139/534
f 134/132/535 135/134/536 136/126/537
f 137/135/538 138/149/539 139/141/540
f 140/131/541 141/133/542 142/125/543
s 15
f 143/137/452 144/143/451 145/144/488
s off
f 146/130/544 147/122/545 148/128/546
s 15
f 149/694/490 150/698/489 151/695/493
s 17
f 152/145/487 153/147/464 154/138/463
s off
f 155/154/547 157/151/548 173/150/549 175/155/550
f 156/810/551 155/807/552 160/806/553 159/811/554
f 157/151/555 156/156/556 162/157/557 161/152/558
f 158/270/559 160/275/560 177/276/561 176/271/562
f 159/283/563 158/270/564 166/274/565 165/284/566
f 161/152/567 163/158/568 168/159/569 167/153/570
f 163/722/571 162/728/572 165/729/573 164/723/574
s 21
f 164/281/575 166/274/576 180/273/577 179/282/578
s off
f 167/153/579 169/160/580 174/161/581 173/150/582
s 22
f 169/727/583 168/724/584 172/718/585 171/721/586
s 23
f 170/717/587 172/718/588 179/719/589 181/720/590
s 22
f 171/721/586 170/717/591 316/725/592 318/726/593
s off
f 175/804/594 174/808/595 178/809/596 177/805/597
s 24
f 176/271/598 178/277/599 318/278/600 317/272/601
s 21
f 181/279/602 180/273/577 317/272/603 316/280/604
s 25
f 182/260/605 184/256/606 196/255/607 198/261/608
s 26
f 183/743/609 182/737/610 188/731/611 187/735/612
s 27
f 184/256/613 183/262/614 204/263/615 203/257/616
s 28
f 185/730/617 188/731/618 201/732/619 200/733/620
s 26
f 186/734/621 185/730/622 206/741/623 208/742/624
s 29
f 187/1160/625 186/1161/626 308/1162/627 312/1163/628
s 30
f 189/266/629 191/259/630 315/258/631 314/267/632
s 31
f 190/759/633 189/753/634 193/747/635 192/750/636
s off
f 191/259/637 190/268/638 197/269/639 196/255/640
s 32
f 192/1168/641 195/1169/642 199/1170/643 202/1171/644
s 33
f 194/746/645 193/747/646 310/748/647 309/749/648
s 31
f 195/751/649 194/746/650 212/758/651 214/760/652
s 34
f 198/736/653 197/744/654 202/739/655 201/732/656
f 200/733/657 199/738/658 215/745/659 217/740/660
s 30
f 203/257/661 205/264/662 313/265/663 315/258/631
s 27
f 205/763/664 204/764/615 312/756/665 311/755/666
s off
f 207/162/667 206/166/668 217/167/669 216/163/670
f 208/172/671 207/162/672 210/165/673 209/173/674
s 27
f 209/762/675 211/757/676 309/749/677 308/754/678
s off
f 211/170/679 210/165/680 213/164/681 212/171/682
f 214/168/683 213/164/684 216/163/685 215/169/686
f 218/230/687 220/226/688 230/225/689 232/231/690
f 219/818/691 218/815/692 223/814/693 222/819/694
s 35
f 220/226/695 219/232/696 237/233/697 236/227/698
s off
f 221/174/699 223/178/700 233/179/701 235/175/702
f 222/184/703 221/174/704 240/177/705 239/185/706
s 35
f 224/236/707 226/229/708 304/228/709 303/237/710
s off
f 225/802/711 224/798/712 228/797/713 227/803/714
f 226/229/715 225/238/716 231/239/717 230/225/718
f 227/180/719 229/176/720 235/175/721 234/181/722
f 229/176/723 228/182/724 241/183/725 240/177/726
f 232/812/727 231/816/728 234/817/729 233/813/730
s 35
f 236/227/698 238/234/731 302/235/732 304/228/709
s 37
f 238/799/733 237/800/734 300/795/735 299/791/736
f 239/801/737 241/796/738 301/792/739 300/795/735
s off
f 242/215/740 244/211/741 254/210/742 256/216/743
f 243/826/744 242/823/745 247/822/746 246/827/747
s 38
f 244/211/748 243/217/749 261/218/750 260/212/751
s off
f 245/186/752 247/190/753 257/191/754 259/187/755
f 246/196/756 245/186/757 264/189/758 263/197/759
s 39
f 248/221/760 250/214/761 298/213/762 297/222/763
s off
f 249/789/764 248/785/765 252/784/766 251/790/767
f 250/214/768 249/223/769 255/224/770 254/210/771
f 251/192/772 253/188/773 259/187/774 258/193/775
f 253/188/776 252/194/777 265/195/778 264/189/779
f 256/820/780 255/824/781 258/825/782 257/821/783
s 39
f 260/212/784 262/219/785 296/220/786 298/213/762
s 40
f 262/786/787 261/787/788 294/782/789 293/778/790
f 263/788/791 265/783/792 295/779/793 294/782/789
s off
f 266/202/794 268/199/795 284/198/796 286/203/797
f 267/834/798 266/831/799 271/830/800 270/835/801
f 268/199/802 267/204/803 273/205/804 272/200/805
f 269/240/806 271/245/807 288/246/808 287/241/809
f 270/253/810 269/240/811 277/244/812 276/254/813
f 272/200/814 274/206/815 279/207/816 278/201/817
f 274/770/818 273/776/819 276/777/820 275/771/821
s 41
f 275/251/822 277/244/823 291/243/824 290/252/825
s off
f 278/201/826 280/208/827 285/209/828 284/198/829
s 42
f 280/775/830 279/772/831 283/766/832 282/769/833
s 43
f 281/765/834 283/766/835 290/767/836 292/768/837
s 42
f 282/769/833 281/765/838 305/773/839 307/774/840
s off
f 286/828/841 285/832/842 289/833/843 288/829/844
s 41
f 287/241/845 289/247/846 307/248/847 306/242/848
f 292/249/849 291/243/824 306/242/848 305/250/850
s 45
f 293/778/851 295/779/852 297/780/853 296/781/854
s 46
f 299/791/855 301/792/856 303/793/857 302/794/858
s 33
f 311/755/859 310/748/647 314/752/860 313/761/861
s off
f 156/1176/862 159/1177/863 165/1178/864 162/1179/865
s 23
f 181/720/590 316/725/866 170/717/587
s off
f 175/804/867 177/805/868 160/806/869 155/807/870
f 173/150/871 157/151/872 161/152/873 167/153/874
s 32
f 199/1170/643 195/1169/642 214/1172/875 215/1173/876
s 28
f 185/730/617 200/733/620 217/740/877 206/741/878
s off
f 207/162/879 216/163/880 213/164/881 210/165/882
s 33
f 313/761/861 205/763/883 311/755/859
s off
f 225/1180/884 227/1181/885 234/1182/886 231/1183/887
f 232/812/888 233/813/889 223/814/890 218/815/891
f 221/174/892 235/175/893 229/176/894 240/177/895
s 46
f 302/794/858 238/799/896 299/791/855
s off
f 249/1184/897 251/1185/898 258/1186/899 255/1187/900
f 256/820/901 257/821/902 247/822/903 242/823/904
f 245/186/905 259/187/906 253/188/907 264/189/908
s 45
f 296/781/854 262/786/909 293/778/851
s off
f 267/1188/910 270/1189/911 276/1190/912 273/1191/913
s 43
f 292/768/837 305/773/914 281/765/834
s off
f 286/828/915 288/829/916 271/830/917 266/831/918
f 284/198/919 268/199/920 272/200/921 278/201/922
f 243/1192/923 246/1193/924 263/1194/925 294/1195/926 261/1196/927
s 45
f 297/780/853 295/779/852 265/783/928 252/784/929 248/785/930
s off
f 254/210/931 244/211/932 260/212/933 298/213/934 250/214/935
f 219/1197/936 222/1198/937 239/1199/938 300/1200/939 237/1201/940
s 46
f 303/793/857 301/792/856 241/796/941 228/797/942 224/798/943
s off
f 230/225/944 220/226/945 236/227/946 304/228/947 226/229/948
f 269/240/949 287/241/950 306/242/951 291/243/952 277/244/953
f 280/1202/954 282/1203/955 307/1204/956 289/1205/957 285/1206/958
s 43
f 274/770/959 275/771/960 290/767/836 283/766/835 279/772/961
s 29
f 308/1162/627 186/1161/626 208/1164/962 209/1165/963
s 33
f 314/752/860 310/748/647 193/747/646 189/753/964
s off
f 196/255/965 184/256/966 203/257/967 315/258/968 191/259/969
s 33
f 194/746/645 309/749/648 211/757/970 212/758/971
s 29
f 183/1166/972 187/1160/625 312/1163/628 204/1167/973
s 28
f 198/736/974 201/732/619 188/731/618 182/737/975
s 32
f 190/1174/976 192/1168/641 202/1171/644 197/1175/977
s off
f 158/270/978 176/271/979 317/272/980 180/273/981 166/274/982
f 169/1207/983 171/1208/984 318/1209/985 178/1210/986 174/1211/987
s 23
f 163/722/988 164/723/989 179/719/589 172/718/588 168/724/990
s off
f 155/154/991 156/156/992 157/151/993
f 158/270/994 159/283/995 160/275/996
f 161/152/997 162/157/998 163/158/999
f 164/281/1000 165/284/1001 166/274/1002
f 167/153/1003 168/159/1004 169/160/1005
s 22
f 170/717/591 171/721/586 172/718/585
s off
f 173/150/1006 174/161/1007 175/155/1008
f 176/271/1009 177/276/1010 178/277/1011
s 21
f 179/282/578 180/273/577 181/279/602
s off
f 182/260/1012 183/262/1013 184/256/1014
s 26
f 185/730/622 186/734/621 187/735/612 188/731/611
s off
f 189/266/1015 190/268/1016 191/259/1017
s 31
f 192/750/636 193/747/635 194/746/650 195/751/649
s 25
f 196/255/607 197/269/1018 198/261/608
s 34
f 199/738/658 200/733/657 201/732/656 202/739/655
s 27
f 203/257/616 204/263/615 205/264/664
s off
f 206/166/1019 207/162/1020 208/172/1021
f 209/173/1022 210/165/1023 211/170/1024
f 212/171/1025 213/164/1026 214/168/1027
f 215/169/1028 216/163/1029 217/167/1030
f 218/230/1031 219/232/1032 220/226/1033
f 221/174/1034 222/184/1035 223/178/1036
f 224/236/1037 225/238/1038 226/229/1039
f 227/180/1040 228/182/1041 229/176/1042
f 230/225/1043 231/239/1044 232/231/1045
f 233/179/1046 234/181/1047 235/175/1048
s 35
f 236/227/698 237/233/697 238/234/731
s off
f 239/185/1049 240/177/1050 241/183/1051
f 242/215/1052 243/217/1053 244/211/1054
f 245/186/1055 246/196/1056 247/190/1057
f 248/221/1058 249/223/1059 250/214/1060
f 251/192/1061 252/194/1062 253/188/1063
f 254/210/1064 255/224/1065 256/216/1066
f 257/191/1067 258/193/1068 259/187/1069
s 38
f 260/212/751 261/218/750 262/219/1070
s off
f 263/197/1071 264/189/1072 265/195/1073
f 266/202/1074 267/204/1075 268/199/1076
f 269/240/1077 270/253/1078 271/245/1079
f 272/200/1080 273/205/1081 274/206/1082
f 275/251/1083 276/254/1084 277/244/1085
f 278/201/1086 279/207/1087 280/208/1088
s 42
f 281/765/838 282/769/833 283/766/832
s off
f 284/198/1089 285/209/1090 286/203/1091
f 287/241/1092 288/246/1093 289/247/1094
s 41
f 290/252/825 291/243/824 292/249/849
s 40
f 293/778/790 294/782/789 295/779/793
s 39
f 296/220/786 297/222/763 298/213/762
s 37
f 299/791/736 300/795/735 301/792/739
s 35
f 302/235/732 303/237/710 304/228/709
s 41
f 305/250/850 306/242/848 307/248/847
s 27
f 308/754/678 309/749/677 310/748/1095 311/755/666 312/756/665
s 30
f 313/265/663 314/267/632 315/258/631
s 24
f 316/280/1096 317/272/601 318/278/600
s 16
f 320/120/456 319/124/455 140/131/1097 142/125/1098
s 18
f 322/121/480 321/127/479 148/128/1099 147/122/1100
s 20
f 322/121/509 320/120/508 142/125/1101 136/126/1102
s off
f 323/305/1103 325/302/1104 341/301/1105 343/306/1106
s 47
f 324/853/1107 323/850/1108 328/849/1109 327/854/1110
s off
f 325/302/1111 324/307/1112 330/308/1113 329/303/1114
s 47
f 326/294/1115 328/295/1109 348/289/1116 347/285/1117
s 48
f 327/1212/1118 326/1213/1119 334/1214/1120 333/1215/1121
s off
f 329/303/1122 331/309/1123 336/310/1124 335/304/1125
s 49
f 331/836/1126 330/841/1127 333/842/1128 332/837/1129
f 332/300/1129 334/293/1130 352/288/1131 351/292/1132
s off
f 335/304/1133 337/311/1134 342/312/1135 341/301/1136
f 337/843/1137 336/840/1138 340/839/1139 339/844/1140
s 49
f 338/291/1141 340/299/1142 351/292/1132 350/287/1143
s off
f 339/297/1144 338/291/1145 346/290/1146 345/298/1147
f 343/846/1148 342/851/1149 345/852/1150 344/847/1151
s 47
f 344/296/1152 346/290/1153 349/286/1154 348/289/1116
s 48
f 347/285/1155 349/286/1156 350/287/1157 352/288/1158
f 324/1216/1159 327/1212/1118 333/1215/1121 330/1217/1160
s off
f 331/836/1161 332/837/1162 351/838/1163 340/839/1164 336/840/1165
f 337/1218/1166 339/1219/1167 345/1220/1168 342/1221/1169
f 343/846/1170 344/847/1171 348/848/1172 328/849/1173 323/850/1174
f 341/301/1175 325/302/1176 329/303/1177 335/304/1178
s 48
f 350/287/1157 349/286/1156 346/290/1179 338/291/1180
f 334/293/1120 326/294/1119 347/285/1155 352/288/1158
s off
f 323/305/1181 324/307/1182 325/302/1183
s 47
f 326/855/1115 327/854/1110 328/849/1109
s off
f 329/303/1184 330/308/1185 331/309/1186
s 49
f 332/837/1129 333/842/1128 334/845/1130
s off
f 335/304/1187 336/310/1188 337/311/1189
f 338/291/1190 339/297/1191 340/299/1192
f 341/301/1193 342/312/1194 343/306/1195
f 344/296/1196 345/298/1197 346/290/1198
s 47
f 347/285/1117 348/289/1116 349/286/1154
s 49
f 350/287/1143 351/292/1132 352/288/1131
s off
f 353/412/1199 355/409/1200 374/408/1201 376/413/1202
s 51
f 354/869/1203 353/863/1204 359/857/1205 358/861/1206
s off
f 355/409/1207 354/414/1208 361/415/1209 360/410/1210
s 52
f 356/856/1211 359/857/1212 377/858/1213 380/859/1214
s 51
f 357/860/1215 356/856/1216 381/867/1217 383/868/1218
s 53
f 358/1222/1219 357/1223/1220 365/1224/1221 364/1225/1222
s off
f 360/410/1223 362/416/1224 368/417/1225 367/411/1226
s 54
f 362/882/1227 361/884/1228 364/876/1229 363/872/1230
s 55
f 363/872/1231 366/873/1232 372/874/1233 371/875/1234
s 54
f 366/873/1235 365/877/1236 384/885/1237 386/878/1238
s off
f 367/411/1239 369/418/1240 375/419/1241 374/408/1242
s 56
f 369/887/1243 368/883/1244 371/875/1245 370/880/1246
s 57
f 370/1230/1247 373/1231/1248 379/1232/1249 378/1233/1250
s 56
f 373/881/1251 372/874/1252 387/879/1253 389/886/1254
s 58
f 376/862/1255 375/870/1256 378/864/1257 377/858/1258
f 380/859/1259 379/865/1260 390/871/1261 392/866/1262
s off
f 382/396/1263 381/400/1264 392/401/1265 391/397/1266
f 383/406/1267 382/396/1268 385/399/1269 384/407/1270
f 386/404/1271 385/399/1272 388/398/1273 387/405/1274
f 389/402/1275 388/398/1276 391/397/1277 390/403/1278
s 59
f 393/330/1279 395/323/1280 426/316/1281 425/321/1282
s off
f 394/910/1283 393/907/1284 398/906/1285 397/911/1286
f 395/323/1287 394/331/1288 400/332/1289 399/324/1290
s 60
f 396/339/1291 398/347/1292 430/341/1293 429/335/1294
s off
f 397/348/1295 396/339/1296 404/340/1297 403/349/1298
s 61
f 399/324/1299 401/326/1300 420/318/1301 419/313/1302
s off
f 401/892/1303 400/896/1304 403/897/1305 402/893/1306
s 62
f 402/345/1307 404/340/1308 422/334/1309 421/337/1310
s 61
f 405/325/1311 407/320/1312 418/314/1313 417/317/1314
s off
f 406/898/1315 405/895/1316 410/894/1317 409/899/1318
f 407/320/1319 406/328/1320 412/329/1321 411/319/1322
s 62
f 408/344/1323 410/346/1324 424/338/1325 423/333/1326
s off
f 409/351/1327 408/344/1328 416/343/1329 415/352/1330
s 59
f 411/319/1331 413/327/1332 428/322/1333 427/315/1334
s off
f 413/904/1335 412/908/1336 415/909/1337 414/905/1338
s 60
f 414/350/1339 416/343/1340 432/336/1341 431/342/1342
s 63
f 417/888/1343 420/889/1344 421/890/1345 424/891/1346
s 64
f 419/313/1347 418/314/1348 427/315/1349 426/316/1350
s 65
f 423/333/1351 422/334/1352 429/335/1353 432/336/1354
s 66
f 425/900/1355 428/901/1356 431/902/1357 430/903/1358
s off
f 433/436/1359 435/433/1360 451/432/1361 453/437/1362
f 434/1003/1363 433/1000/1364 438/999/1365 437/1004/1366
f 435/433/1367 434/438/1368 440/439/1369 439/434/1370
f 436/420/1371 438/424/1372 454/425/1373 456/421/1374
f 437/430/1375 436/420/1376 444/423/1377 443/431/1378
f 439/434/1379 441/440/1380 446/441/1381 445/435/1382
f 441/989/1383 440/993/1384 443/994/1385 442/990/1386
f 442/428/1387 444/423/1388 450/422/1389 449/429/1390
f 445/435/1391 447/442/1392 452/443/1393 451/432/1394
f 447/995/1395 446/992/1396 449/991/1397 448/996/1398
f 448/426/1399 450/422/1400 456/421/1401 455/427/1402
f 453/997/1403 452/1001/1404 455/1002/1405 454/998/1406
f 457/460/1407 459/457/1408 475/456/1409 477/461/1410
f 458/1019/1411 457/1016/1412 462/1015/1413 461/1020/1414
f 459/457/1415 458/462/1416 464/463/1417 463/458/1418
f 460/444/1419 462/448/1420 478/449/1421 480/445/1422
f 461/454/1423 460/444/1424 468/447/1425 467/455/1426
f 463/458/1427 465/464/1428 470/465/1429 469/459/1430
f 465/1005/1431 464/1009/1432 467/1010/1433 466/1006/1434
s 67
f 466/452/1435 468/447/1436 474/446/1437 473/453/1438
s off
f 469/459/1439 471/466/1440 476/467/1441 475/456/1442
f 471/1011/1443 470/1008/1444 473/1007/1445 472/1012/1446
f 472/450/1447 474/446/1448 480/445/1449 479/451/1450
f 477/1013/1451 476/1017/1452 479/1018/1453 478/1014/1454
f 481/484/1455 483/481/1456 499/480/1457 501/485/1458
f 482/1035/1459 481/1032/1460 486/1031/1461 485/1036/1462
f 483/481/1463 482/486/1464 488/487/1465 487/482/1466
f 484/468/1467 486/472/1468 502/473/1469 504/469/1470
f 485/478/1471 484/468/1472 492/471/1473 491/479/1474
f 487/482/1475 489/488/1476 494/489/1477 493/483/1478
f 489/1021/1479 488/1025/1480 491/1026/1481 490/1022/1482
f 490/476/1483 492/471/1484 498/470/1485 497/477/1486
f 493/483/1487 495/490/1488 500/491/1489 499/480/1490
f 495/1027/1491 494/1024/1492 497/1023/1493 496/1028/1494
f 496/474/1495 498/470/1496 504/469/1497 503/475/1498
f 501/1029/1499 500/1033/1500 503/1034/1501 502/1030/1502
f 505/508/1503 507/505/1504 523/504/1505 525/509/1506
f 506/1051/1507 505/1048/1508 510/1047/1509 509/1052/1510
f 507/505/1511 506/510/1512 512/511/1513 511/506/1514
f 508/492/1515 510/496/1516 526/497/1517 528/493/1518
f 509/502/1519 508/492/1520 516/495/1521 515/503/1522
f 511/506/1523 513/512/1524 518/513/1525 517/507/1526
f 513/1037/1527 512/1041/1528 515/1042/1529 514/1038/1530
f 514/500/1531 516/495/1532 522/494/1533 521/501/1534
f 517/507/1535 519/514/1536 524/515/1537 523/504/1538
f 519/1043/1539 518/1040/1540 521/1039/1541 520/1044/1542
f 520/498/1543 522/494/1544 528/493/1545 527/499/1546
f 525/1045/1547 524/1049/1548 527/1050/1549 526/1046/1550
f 529/532/1551 531/529/1552 547/528/1553 549/533/1554
f 530/1067/1555 529/1064/1556 534/1063/1557 533/1068/1558
f 531/529/1559 530/534/1560 536/535/1561 535/530/1562
f 532/516/1563 534/520/1564 550/521/1565 552/517/1566
f 533/526/1567 532/516/1568 540/519/1569 539/527/1570
f 535/530/1571 537/536/1572 542/537/1573 541/531/1574
f 537/1053/1575 536/1057/1576 539/1058/1577 538/1054/1578
f 538/524/1579 540/519/1580 546/518/1581 545/525/1582
f 541/531/1583 543/538/1584 548/539/1585 547/528/1586
f 543/1059/1587 542/1056/1588 545/1055/1589 544/1060/1590
f 544/522/1591 546/518/1592 552/517/1593 551/523/1594
f 549/1061/1595 548/1065/1596 551/1066/1597 550/1062/1598
f 553/556/1599 555/553/1600 571/552/1601 573/557/1602
f 554/1083/1603 553/1080/1604 558/1079/1605 557/1084/1606
f 555/553/1607 554/558/1608 560/559/1609 559/554/1610
f 556/540/1611 558/544/1612 574/545/1613 576/541/1614
f 557/550/1615 556/540/1616 564/543/1617 563/551/1618
f 559/554/1619 561/560/1620 566/561/1621 565/555/1622
f 561/1069/1623 560/1073/1624 563/1074/1625 562/1070/1626
s 68
f 562/548/1627 564/543/1628 570/542/1629 569/549/1630
s off
f 565/555/1631 567/562/1632 572/563/1633 571/552/1634
f 567/1075/1635 566/1072/1636 569/1071/1637 568/1076/1638
f 568/546/1639 570/542/1640 576/541/1641 575/547/1642
f 573/1077/1643 572/1081/1644 575/1082/1645 574/1078/1646
s 69
f 577/373/1647 579/364/1648 619/356/1649 618/362/1650
s 70
f 578/925/1651 577/919/1652 583/913/1653 582/917/1654
s off
f 579/364/1655 578/374/1656 585/375/1657 584/365/1658
s 71
f 580/912/1659 583/913/1660 677/914/1661 680/915/1662
s 70
f 581/916/1663 580/912/1664 688/923/1665 687/924/1666
s 72
f 582/1238/1667 581/1239/1668 589/1240/1669 588/1241/1670
s 73
f 584/365/1671 586/367/1672 607/358/1673 606/353/1674
s 74
f 586/958/1675 585/960/1676 588/952/1677 587/948/1678
s 75
f 587/948/1679 590/949/1680 696/950/1681 695/951/1682
s 74
f 590/949/1683 589/953/1684 692/961/1685 691/954/1686
s 76
f 591/371/1687 593/359/1688 718/361/1689 717/372/1690
s 77
f 592/933/1691 591/941/1692 595/934/1693 594/927/1694
s 69
f 593/359/1695 592/368/1696 621/363/1697 620/355/1698
s 71
f 594/927/1699 597/928/1700 679/921/1701 678/920/1702
s 79
f 596/1250/1703 595/1251/1704 700/1252/1705 699/1253/1706
s 77
f 597/928/1707 596/935/1708 708/942/1709 707/936/1710
s 70
f 598/939/1711 600/940/1712 686/932/1713 685/930/1714
s 80
f 599/382/1715 598/390/1716 625/385/1717 624/378/1718
s off
f 600/391/1719 599/382/1720 602/383/1721 601/392/1722
s 74
f 601/977/1723 603/970/1724 690/963/1725 689/968/1726
s 81
f 603/388/1727 602/383/1728 609/377/1729 608/380/1730
s 75
f 604/967/1731 607/959/1732 695/951/1682 694/957/1733
s 73
f 605/354/1734 604/357/1735 675/366/1736 674/360/1737
s 82
f 606/353/1738 605/354/1739 620/355/1740 619/356/1741
s 75
f 608/971/1742 611/978/1743 684/969/1744 683/962/1745
s 84
f 610/376/1746 609/377/1747 624/378/1748 623/379/1749
s 81
f 611/381/1750 610/376/1751 613/387/1752 612/389/1753
s 76
f 612/984/1754 614/987/1755 702/985/1756 701/979/1757
s off
f 614/394/1758 613/387/1759 616/386/1760 615/395/1761
s 77
f 615/947/1762 617/946/1763 706/943/1764 705/945/1765
s 80
f 617/393/1766 616/386/1767 623/379/1768 622/384/1769
s 71
f 618/918/1770 621/926/1771 678/920/1702 677/914/1661
f 622/944/1772 625/938/1773 710/931/1774 709/937/1775
s off
f 626/580/1776 628/577/1777 644/576/1778 646/581/1779
f 627/1099/1780 626/1096/1781 631/1095/1782 630/1100/1783
f 628/577/1784 627/582/1785 633/583/1786 632/578/1787
f 629/564/1788 631/568/1789 647/569/1790 649/565/1791
f 630/574/1792 629/564/1793 637/567/1794 636/575/1795
f 632/578/1796 634/584/1797 639/585/1798 638/579/1799
f 634/1085/1800 633/1089/1801 636/1090/1802 635/1086/1803
f 635/572/1804 637/567/1805 643/566/1806 642/573/1807
f 638/579/1808 640/586/1809 645/587/1810 644/576/1811
f 640/1091/1812 639/1088/1813 642/1087/1814 641/1092/1815
f 641/570/1816 643/566/1817 649/565/1818 648/571/1819
f 646/1093/1820 645/1097/1821 648/1098/1822 647/1094/1823
f 650/604/1824 652/601/1825 668/600/1826 670/605/1827
f 651/1115/1828 650/1112/1829 655/1111/1830 654/1116/1831
f 652/601/1832 651/606/1833 657/607/1834 656/602/1835
f 653/588/1836 655/592/1837 671/593/1838 673/589/1839
f 654/598/1840 653/588/1841 661/591/1842 660/599/1843
f 656/602/1844 658/608/1845 663/609/1846 662/603/1847
f 658/1101/1848 657/1105/1849 660/1106/1850 659/1102/1851
f 659/596/1852 661/591/1853 667/590/1854 666/597/1855
f 662/603/1856 664/610/1857 669/611/1858 668/600/1859
f 664/1107/1860 663/1104/1861 666/1103/1862 665/1108/1863
f 665/594/1864 667/590/1865 673/589/1866 672/595/1867
f 670/1109/1868 669/1113/1869 672/1114/1870 671/1110/1871
s 73
f 674/360/1737 676/369/1872 716/370/1873 718/361/1874
s 75
f 676/982/1875 675/976/1876 714/975/1877 713/983/1878
s 71
f 680/915/1662 679/921/1701 712/929/1879 711/922/1880
s 75
f 681/964/1881 684/969/1744 701/979/1882 704/972/1883
f 682/955/1884 681/964/1881 693/956/1885 696/950/1681
f 683/962/1745 682/955/1884 691/954/1886 690/963/1887
s 71
f 685/930/1888 688/923/1889 711/922/1880 710/931/1774
s 72
f 687/1242/1890 686/1246/1891 689/1247/1892 692/1243/1893
s 75
f 694/957/1733 693/956/1885 698/965/1894 697/966/1895
s 76
f 697/966/1896 700/974/1897 715/981/1898 714/975/1899
f 699/973/1900 698/965/1901 704/972/1902 703/980/1903
s 79
f 703/1257/1904 702/1259/1905 705/1260/1906 708/1258/1907
s 71
f 707/936/1908 706/943/1909 709/937/1775 712/929/1879
s 76
f 713/983/1910 715/981/1898 717/988/1690 716/986/1911
s 53
f 354/1228/1912 358/1222/1219 364/1225/1222 361/1229/1913
s 55
f 362/882/1914 363/872/1231 371/875/1234 368/883/1915
s 57
f 369/1236/1916 370/1230/1247 378/1233/1250 375/1237/1917
s 52
f 376/862/1918 377/858/1213 359/857/1212 353/863/1919
s off
f 382/396/1920 391/397/1921 388/398/1922 385/399/1923
f 374/408/1924 355/409/1925 360/410/1926 367/411/1927
f 394/1263/1928 397/1264/1929 403/1265/1930 400/1266/1931
s 63
f 401/892/1932 402/893/1933 421/890/1345 420/889/1344
s off
f 406/1267/1934 409/1268/1935 415/1269/1936 412/1270/1937
s 66
f 425/900/1355 430/903/1358 398/906/1938 393/907/1939
s 65
f 396/339/1940 429/335/1353 422/334/1352 404/340/1941
s 64
f 419/313/1347 426/316/1350 395/323/1942 399/324/1943
s off
f 434/1271/1944 437/1272/1945 443/1273/1946 440/1274/1947
f 441/989/1948 442/990/1949 449/991/1950 446/992/1951
f 447/1275/1952 448/1276/1953 455/1277/1954 452/1278/1955
f 453/997/1956 454/998/1957 438/999/1958 433/1000/1959
f 436/420/1960 456/421/1961 450/422/1962 444/423/1963
f 451/432/1964 435/433/1965 439/434/1966 445/435/1967
f 458/1279/1968 461/1280/1969 467/1281/1970 464/1282/1971
f 465/1005/1972 466/1006/1973 473/1007/1974 470/1008/1975
f 471/1283/1976 472/1284/1977 479/1285/1978 476/1286/1979
f 477/1013/1980 478/1014/1981 462/1015/1982 457/1016/1983
f 460/444/1984 480/445/1985 474/446/1986 468/447/1987
f 475/456/1988 459/457/1989 463/458/1990 469/459/1991
f 482/1287/1992 485/1288/1993 491/1289/1994 488/1290/1995
f 489/1021/1996 490/1022/1997 497/1023/1998 494/1024/1999
f 495/1291/2000 496/1292/2001 503/1293/2002 500/1294/2003
f 501/1029/2004 502/1030/2005 486/1031/2006 481/1032/2007
f 484/468/2008 504/469/2009 498/470/2010 492/471/2011
f 499/480/2012 483/481/2013 487/482/2014 493/483/2015
f 506/1295/2016 509/1296/2017 515/1297/2018 512/1298/2019
f 513/1037/2020 514/1038/2021 521/1039/2022 518/1040/2023
f 519/1299/2024 520/1300/2025 527/1301/2026 524/1302/2027
f 525/1045/2028 526/1046/2029 510/1047/2030 505/1048/2031
f 508/492/2032 528/493/2033 522/494/2034 516/495/2035
f 523/504/2036 507/505/2037 511/506/2038 517/507/2039
f 530/1303/2040 533/1304/2041 539/1305/2042 536/1306/2043
f 537/1053/2044 538/1054/2045 545/1055/2046 542/1056/2047
f 543/1307/2048 544/1308/2049 551/1309/2050 548/1310/2051
f 549/1061/2052 550/1062/2053 534/1063/2054 529/1064/2055
f 532/516/2056 552/517/2057 546/518/2058 540/519/2059
f 547/528/2060 531/529/2061 535/530/2062 541/531/2063
f 554/1311/2064 557/1312/2065 563/1313/2066 560/1314/2067
f 561/1069/2068 562/1070/2069 569/1071/2070 566/1072/2071
f 567/1315/2072 568/1316/2073 575/1317/2074 572/1318/2075
f 573/1077/2076 574/1078/2077 558/1079/2078 553/1080/2079
f 556/540/2080 576/541/2081 570/542/2082 564/543/2083
f 571/552/2084 555/553/2085 559/554/2086 565/555/2087
s 72
f 578/1244/2088 582/1238/1667 588/1241/1670 585/1245/2089
s 75
f 586/958/2090 587/948/1679 695/951/1682 607/959/1732
s 71
f 618/918/1770 677/914/1661 583/913/1660 577/919/2091
s 84
f 599/382/2092 624/378/1748 609/377/1747 602/383/2093
s 82
f 606/353/1738 619/356/1741 579/364/2094 584/365/2095
s off
f 627/1319/2096 630/1320/2097 636/1321/2098 633/1322/2099
f 634/1085/2100 635/1086/2101 642/1087/2102 639/1088/2103
f 640/1323/2104 641/1324/2105 648/1325/2106 645/1326/2107
f 646/1093/2108 647/1094/2109 631/1095/2110 626/1096/2111
f 629/564/2112 649/565/2113 643/566/2114 637/567/2115
f 644/576/2116 628/577/2117 632/578/2118 638/579/2119
f 651/1327/2120 654/1328/2121 660/1329/2122 657/1330/2123
f 658/1101/2124 659/1102/2125 666/1103/2126 663/1104/2127
f 664/1331/2128 665/1332/2129 672/1333/2130 669/1334/2131
f 670/1109/2132 671/1110/2133 655/1111/2134 650/1112/2135
f 653/588/2136 673/589/2137 667/590/2138 661/591/2139
f 668/600/2140 652/601/2141 656/602/2142 662/603/2143
s 75
f 716/986/2144 676/982/1875 713/983/1878
s 71
f 592/933/2145 594/927/1699 678/920/1702 621/926/1771
s 84
f 610/376/1746 623/379/1749 616/386/2146 613/387/2147
s 72
f 689/1247/1892 686/1246/1891 600/1248/2148 601/1249/2149
s 75
f 683/962/1745 690/963/1887 603/970/2150 608/971/1742
f 701/979/1882 684/969/1744 611/978/1743 612/984/2151
s 79
f 705/1260/1906 702/1259/1905 614/1261/2152 615/1262/2153
s 71
f 709/937/1775 706/943/1909 617/946/2154 622/944/1772
f 685/930/1888 710/931/1774 625/938/1773 598/939/2155
s 75
f 696/950/1681 590/949/1680 691/954/1886 682/955/1884
s 72
f 589/1240/1669 581/1239/1668 687/1242/1890 692/1243/1893
s 71
f 580/912/1659 680/915/1662 711/922/1880 688/923/1889
f 679/921/1701 597/928/1700 707/936/1908 712/929/1879
s 79
f 596/1250/1703 699/1253/1706 703/1257/1904 708/1258/1907
s 75
f 698/965/1894 693/956/1885 681/964/1881 704/972/1883
s 64
f 411/319/2156 427/315/1349 418/314/1348 407/320/2157
s 66
f 413/904/2158 414/905/2159 431/902/1357 428/901/1356
s 65
f 423/333/1351 432/336/1354 416/343/2160 408/344/2161
s 63
f 417/888/1343 424/891/1346 410/894/2162 405/895/2163
s 53
f 365/1224/1221 357/1223/1220 383/1226/2164 384/1227/2165
s 55
f 372/874/1233 366/873/1232 386/878/2166 387/879/2167
s 57
f 379/1232/1249 373/1231/1248 389/1234/2168 390/1235/2169
s 52
f 356/856/1211 380/859/1214 392/866/2170 381/867/2171
s 75
f 604/967/1731 694/957/1733 697/966/1895 714/975/1877 675/976/1876
s 79
f 717/1254/2172 715/1255/2173 700/1252/1705 595/1251/1704 591/1256/2174
s 82
f 593/359/2175 620/355/1740 605/354/1739 674/360/2176 718/361/2177
s off
f 353/412/2178 354/414/2179 355/409/2180
s 51
f 356/856/1216 357/860/1215 358/861/1206 359/857/1205
s off
f 360/410/2181 361/415/2182 362/416/2183
s 54
f 363/872/1230 364/876/1229 365/877/1236 366/873/1235
s off
f 367/411/2184 368/417/2185 369/418/2186
s 56
f 370/880/1246 371/875/1245 372/874/1252 373/881/1251
s off
f 374/408/2187 375/419/2188 376/413/2189
s 58
f 377/858/1258 378/864/1257 379/865/1260 380/859/1259
s off
f 381/400/2190 382/396/2191 383/406/2192
f 384/407/2193 385/399/2194 386/404/2195
f 387/405/2196 388/398/2197 389/402/2198
f 390/403/2199 391/397/2200 392/401/2201
f 393/330/2202 394/331/2203 395/323/2204
f 396/339/2205 397/348/2206 398/347/2207
f 399/324/2208 400/332/2209 401/326/2210
f 402/345/2211 403/349/2212 404/340/2213
f 405/325/2214 406/328/2215 407/320/2216
f 408/344/2217 409/351/2218 410/346/2219
f 411/319/2220 412/329/2221 413/327/2222
f 414/350/2223 415/352/2224 416/343/2225
s 61
f 417/317/1314 418/314/1313 419/313/1302 420/318/1301
s 62
f 421/337/1310 422/334/1309 423/333/1326 424/338/1325
s 59
f 425/321/1282 426/316/1281 427/315/1334 428/322/1333
s 60
f 429/335/1294 430/341/1293 431/342/1342 432/336/1341
s off
f 433/436/2226 434/438/2227 435/433/2228
f 436/420/2229 437/430/2230 438/424/2231
f 439/434/2232 440/439/2233 441/440/2234
f 442/428/2235 443/431/2236 444/423/2237
f 445/435/2238 446/441/2239 447/442/2240
f 448/426/2241 449/429/2242 450/422/2243
f 451/432/2244 452/443/2245 453/437/2246
f 454/425/2247 455/427/2248 456/421/2249
f 457/460/2250 458/462/2251 459/457/2252
f 460/444/2253 461/454/2254 462/448/2255
f 463/458/2256 464/463/2257 465/464/2258
s 67
f 466/452/1435 467/455/2259 468/447/1436
s off
f 469/459/2260 470/465/2261 471/466/2262
f 472/450/2263 473/453/2264 474/446/2265
f 475/456/2266 476/467/2267 477/461/2268
f 478/449/2269 479/451/2270 480/445/2271
f 481/484/2272 482/486/2273 483/481/2274
f 484/468/2275 485/478/2276 486/472/2277
f 487/482/2278 488/487/2279 489/488/2280
f 490/476/2281 491/479/2282 492/471/2283
f 493/483/2284 494/489/2285 495/490/2286
f 496/474/2287 497/477/2288 498/470/2289
f 499/480/2290 500/491/2291 501/485/2292
f 502/473/2293 503/475/2294 504/469/2295
f 505/508/2296 506/510/2297 507/505/2298
f 508/492/2299 509/502/2300 510/496/2301
f 511/506/2302 512/511/2303 513/512/2304
f 514/500/2305 515/503/2306 516/495/2307
f 517/507/2308 518/513/2309 519/514/2310
f 520/498/2311 521/501/2312 522/494/2313
f 523/504/2314 524/515/2315 525/509/2316
f 526/497/2317 527/499/2318 528/493/2319
f 529/532/2320 530/534/2321 531/529/2322
f 532/516/2323 533/526/2324 534/520/2325
f 535/530/2326 536/535/2327 537/536/2328
f 538/524/2329 539/527/2330 540/519/2331
f 541/531/2332 542/537/2333 543/538/2334
f 544/522/2335 545/525/2336 546/518/2337
f 547/528/2338 548/539/2339 549/533/2340
f 550/521/2341 551/523/2342 552/517/2343
f 553/556/2344 554/558/2345 555/553/2346
f 556/540/2347 557/550/2348 558/544/2349
f 559/554/2350 560/559/2351 561/560/2352
s 68
f 562/548/1627 563/551/2353 564/543/1628
s off
f 565/555/2354 566/561/2355 567/562/2356
f 568/546/2357 569/549/2358 570/542/2359
f 571/552/2360 572/563/2361 573/557/2362
f 574/545/2363 575/547/2364 576/541/2365
f 577/373/2366 578/374/2367 579/364/2368
s 70
f 580/912/1664 581/916/1663 582/917/1654 583/913/1653
s off
f 584/365/2369 585/375/2370 586/367/2371
s 74
f 587/948/1678 588/952/1677 589/953/1684 590/949/1683
s off
f 591/371/2372 592/368/2373 593/359/2374
s 77
f 594/927/1694 595/934/1693 596/935/1708 597/928/1707
s off
f 598/390/2375 599/382/2376 600/391/2377
f 601/392/2378 602/383/2379 603/388/2380
s 73
f 604/357/1735 605/354/1734 606/353/1674 607/358/1673
s 81
f 608/380/1730 609/377/1729 610/376/1751 611/381/1750
s off
f 612/389/2381 613/387/2382 614/394/2383
f 615/395/2384 616/386/2385 617/393/2386
s 69
f 618/362/1650 619/356/1649 620/355/1698 621/363/1697
s 80
f 622/384/1769 623/379/1768 624/378/1718 625/385/1717
s off
f 626/580/2387 627/582/2388 628/577/2389
f 629/564/2390 630/574/2391 631/568/2392
f 632/578/2393 633/583/2394 634/584/2395
f 635/572/2396 636/575/2397 637/567/2398
f 638/579/2399 639/585/2400 640/586/2401
f 641/570/2402 642/573/2403 643/566/2404
f 644/576/2405 645/587/2406 646/581/2407
f 647/569/2408 648/571/2409 649/565/2410
f 650/604/2411 651/606/2412 652/601/2413
f 653/588/2414 654/598/2415 655/592/2416
f 656/602/2417 657/607/2418 658/608/2419
f 659/596/2420 660/599/2421 661/591/2422
f 662/603/2423 663/609/2424 664/610/2425
f 665/594/2426 666/597/2427 667/590/2428
f 668/600/2429 669/611/2430 670/605/2431
f 671/593/2432 672/595/2433 673/589/2434
s 73
f 674/360/1737 675/366/1736 676/369/1872
s 71
f 677/914/1661 678/920/1702 679/921/1701 680/915/1662
s 75
f 681/964/1881 682/955/1884 683/962/1745 684/969/1744
s 70
f 685/930/1714 686/932/1713 687/924/1666 688/923/1665
s 74
f 689/968/1726 690/963/1725 691/954/1686 692/961/1685
s 75
f 693/956/1885 694/957/1733 695/951/1682 696/950/1681
s 76
f 697/966/1896 698/965/1901 699/973/1900 700/974/1897
f 701/979/1757 702/985/1756 703/980/1903 704/972/1902
s 77
f 705/945/1765 706/943/1764 707/936/1710 708/942/1709
s 71
f 709/937/1775 710/931/1774 711/922/1880 712/929/1879
s 76
f 713/983/1910 714/975/1899 715/981/1898
f 716/370/1911 717/372/1690 718/361/1689
