# This file uses centimeters as units for non-parametric coordinates.

mtllib Rock_01.mtl
g default
v 1.984162 -0.037824 -1.464907
v 5.879026 -0.032439 -1.519108
v 1.984162 0.300471 -1.431293
v 5.879026 0.305857 -1.485494
v 1.964199 0.441614 -2.826713
v 5.859063 0.447000 -2.905977
v 1.964199 0.103319 -2.860327
v 5.859063 0.108704 -2.939591
v -0.026010 0.034607 -1.471633
v 1.908238 0.034607 -1.471633
v -0.026010 0.374569 -1.471633
v 1.908238 0.374569 -1.471633
v -0.026010 0.374569 -4.396338
v 1.864546 0.374569 -4.396338
v -0.026010 0.034607 -4.396338
v 1.864546 0.034607 -4.396338
v 1.839285 0.034607 -5.971633
v 3.908238 0.034607 -5.971633
v 1.839285 0.374569 -5.971633
v 3.908238 0.374569 -5.971633
v 1.839285 0.374569 -7.399251
v 3.908238 0.374569 -7.399251
v 1.839285 0.034607 -7.399251
v 3.908238 0.034607 -7.399251
v 3.973990 0.034607 -5.971633
v 7.850432 0.034607 -5.971633
v 3.973990 0.374569 -5.971633
v 7.850432 0.374569 -6.026481
v 3.973990 0.374569 -7.399251
v 7.850432 0.374569 -7.399251
v 3.973990 0.034607 -7.399251
v 7.850432 0.034607 -7.399251
v -0.026010 0.034607 -5.971633
v 1.781010 0.034607 -5.971633
v -0.026010 0.374569 -5.971633
v 1.781010 0.374569 -5.971633
v -0.026010 0.374569 -8.970496
v 1.781010 0.374569 -8.970496
v -0.026010 0.034607 -8.970496
v 1.781010 0.034607 -8.970496
v 0.000000 0.000000 0.000000
v 3.593718 0.000000 0.000000
v 0.000000 0.326452 0.000000
v 3.593718 0.326452 0.000000
v 0.000000 0.326452 -1.370885
v 3.746509 0.326452 -1.370885
v 0.000000 0.000000 -1.370885
v 3.746509 0.000000 -1.370885
v 4.636751 0.034607 -2.971633
v 5.908238 0.034607 -2.971633
v 4.636751 0.374569 -2.971633
v 5.908238 0.374569 -2.971633
v 4.636751 0.308572 -4.399251
v 5.908238 0.407973 -4.399251
v 4.636751 0.034607 -4.399251
v 5.908238 0.034607 -4.399251
v 1.821936 0.077822 -7.479518
v 4.953414 0.090039 -7.328672
v 1.821936 0.443301 -7.509118
v 4.929863 0.455518 -7.446597
v 1.894003 0.319137 -9.042212
v 5.029003 0.331354 -8.891366
v 1.894003 -0.046342 -9.012612
v 5.029003 -0.034125 -8.861766
v 1.997529 -0.066773 -2.898166
v 4.599665 -0.066773 -3.048333
v 1.998549 0.571379 -2.884171
v 4.600577 0.515753 -3.035826
v 1.773825 0.591219 -5.914588
v 4.541339 0.591219 -5.921192
v 1.772984 0.045480 -5.926111
v 4.540499 0.045480 -5.932714
v 4.563737 -0.008937 -4.485888
v 5.913687 -0.137994 -4.485888
v 4.599952 0.369875 -4.445469
v 5.957341 0.318625 -4.437168
v 4.616105 0.538835 -5.918026
v 5.966055 0.409778 -5.968391
v 4.579890 0.160024 -5.958445
v 5.929841 0.030966 -6.008810
v -0.026010 0.034607 -4.471633
v 1.855366 0.034607 -4.471633
v -0.026010 0.374569 -4.471633
v 1.855366 0.318326 -4.471633
v -0.026010 0.480011 -5.899251
v 1.754421 0.374569 -5.899251
v -0.026010 0.034607 -5.899251
v 1.754421 0.034607 -5.899251
v 1.886187 0.581299 -4.373568
v 1.885257 -0.010647 -4.386326
v 4.554987 -0.010647 -4.588117
v 4.555863 0.553486 -4.576103
v 3.298597 -0.066773 -2.947437
v 3.299563 0.543566 -2.934186
v 3.221025 0.567393 -4.474835
v 3.157582 0.591219 -5.923956
v 3.156742 0.045480 -5.935479
v 3.220122 -0.010647 -4.487222
v 3.888444 0.560439 -4.525469
v 3.950070 0.529659 -2.985006
v 3.949131 -0.066773 -2.997885
v 3.887554 -0.010647 -4.537669
v 3.848620 0.045480 -5.936012
v 3.849460 0.591219 -5.924490
v -0.026010 0.374569 -3.614895
v -0.026010 0.034607 -3.614895
v 1.908238 0.034607 -3.614895
v 1.908238 0.374569 -3.614895
v 2.384040 -0.037271 -1.470472
v 2.384040 0.301024 -1.436858
v 2.364077 0.442167 -2.854816
v 2.364077 0.103872 -2.888430
v 5.984339 -0.023886 -2.981982
v 5.984339 -0.013537 -2.971633
v 5.973990 -0.013537 -2.981982
v 7.639023 -0.013537 -2.981982
v 7.628675 -0.013537 -2.971633
v 7.628675 -0.023886 -2.981982
v 5.984400 0.459333 -4.388842
v 5.984411 0.449055 -4.399251
v 5.973990 0.449044 -4.388841
v 7.628675 0.429818 -4.399251
v 7.628675 0.440167 -4.388902
v 7.639023 0.429697 -4.388902
v 5.973990 -0.013537 -4.388902
v 5.984339 -0.013537 -4.399251
v 5.984339 -0.023886 -4.388902
v 7.628675 -0.023886 -4.388902
v 7.628675 -0.013537 -4.399251
v 7.639023 -0.013537 -4.388902
v 5.973990 0.374954 -2.981050
v 5.984339 0.374520 -2.971633
v 5.983202 0.386475 -2.980917
v 7.628675 0.429697 -2.971633
v 7.639023 0.429697 -2.981982
v 7.628675 0.440046 -2.981982
v 6.222662 0.438193 -2.981456
v 6.240194 0.430530 -2.971633
v 6.240759 0.440189 -2.982050
v 5.983723 0.442562 -3.302832
v 5.984253 0.444858 -3.326959
v 5.973990 0.435290 -3.329437
v 5.937184 0.020996 -1.455112
v 5.937184 0.061634 -1.414474
v 5.896546 0.061634 -1.455112
v 7.985683 0.061634 -1.455112
v 7.945045 0.061634 -1.414474
v 7.945045 0.020996 -1.455112
v 5.896546 0.400190 -1.455112
v 5.937184 0.400190 -1.414474
v 5.937184 0.440828 -1.455112
v 7.945045 0.440828 -1.455112
v 7.945045 0.400190 -1.414474
v 7.985683 0.400190 -1.455112
v 5.896546 0.400190 -2.915773
v 5.937184 0.440828 -2.915773
v 5.937184 0.400190 -2.956411
v 7.561717 0.431052 -2.919750
v 7.459663 0.403279 -2.956411
v 7.469346 0.440828 -2.916262
v 5.896546 0.061634 -2.915773
v 5.937184 0.061634 -2.956411
v 5.937184 0.020996 -2.915773
v 7.985683 0.061634 -2.915773
v 7.945045 0.020996 -2.915773
v 7.945045 0.061634 -2.956411
v 7.944538 0.440828 -2.564648
v 7.985683 0.403490 -2.565934
v 7.947651 0.431119 -2.634656
v 3.673597 0.020315 0.019113
v 3.671178 0.062726 0.057673
v 3.633818 0.061337 0.012792
v 4.752764 0.025078 0.116218
v 4.716359 0.066399 0.152115
v 4.627634 0.067931 0.144306
v 4.694906 0.024539 0.112384
v 3.823053 0.366360 -1.397710
v 3.824944 0.322156 -1.434640
v 3.780595 0.327589 -1.393677
v 4.847193 0.284763 -1.458562
v 4.827292 0.329442 -1.420770
v 4.890406 0.326935 -1.421069
v 4.904610 0.282352 -1.456594
v 3.767305 0.026465 -1.367958
v 3.809483 0.021703 -1.409230
v 3.806416 -0.015614 -1.365278
v 4.891145 -0.016316 -1.431395
v 4.885779 -0.054004 -1.388363
v 4.828238 -0.051884 -1.389940
v 4.833768 -0.014234 -1.433327
v 3.643675 0.376383 -0.003178
v 3.680714 0.373635 0.038123
v 3.682223 0.419887 -0.001924
v 5.880269 0.041101 0.211057
v 5.922594 0.081254 0.212199
v 5.881289 0.085202 0.248199
v 5.894661 0.385181 0.222950
v 5.935974 0.378853 0.184733
v 5.897218 0.422107 0.178917
v 5.927720 0.289170 -1.326562
v 5.966383 0.247228 -1.319489
v 5.926819 0.245194 -1.363647
v 5.913352 -0.052887 -1.338500
v 5.953006 -0.052255 -1.295520
v 5.910627 -0.089808 -1.294465
v 5.014349 -0.010851 -7.499728
v 5.013114 0.028744 -7.457457
v 4.973650 0.029723 -7.502011
v 5.866186 0.061951 -7.449843
v 5.823446 0.062083 -7.413184
v 5.825516 0.021406 -7.452065
v 5.107222 0.420750 -8.917011
v 5.107224 0.380164 -8.957710
v 5.064781 0.382067 -8.919331
v 5.918595 0.341928 -8.913381
v 5.918285 0.382521 -8.872699
v 5.956911 0.340018 -8.870588
v 5.051502 0.103597 -8.920053
v 5.094302 0.103839 -8.958416
v 5.090131 0.061037 -8.917999
v 5.901488 0.024968 -8.873616
v 5.905612 0.065561 -8.914090
v 5.943928 0.063652 -8.871298
v 4.986110 0.313411 -7.500113
v 5.022264 0.311328 -7.456957
v 5.021569 0.360542 -7.490815
v 5.836592 0.341928 -7.412466
v 5.879342 0.340018 -7.450829
v 5.840716 0.382521 -7.452940
v 6.014628 0.034607 -7.512271
v 6.014628 0.075245 -7.471633
v 5.973990 0.075245 -7.512271
v 8.216655 0.075245 -7.512271
v 8.176017 0.075245 -7.471633
v 8.176017 0.034607 -7.512271
v 6.014628 0.431967 -8.858613
v 6.014628 0.391329 -8.899251
v 5.973990 0.391329 -8.858613
v 8.176017 0.391329 -8.899251
v 8.176017 0.431967 -8.858613
v 8.216655 0.391329 -8.858613
v 5.973990 0.075245 -8.858613
v 6.014628 0.075245 -8.899251
v 6.014628 0.034607 -8.858613
v 8.176017 0.034607 -8.858613
v 8.176017 0.075245 -8.899251
v 8.216655 0.075245 -8.858613
v 5.973990 0.303489 -7.509990
v 6.014258 0.304321 -7.471633
v 6.010517 0.350130 -7.507557
v 8.176017 0.391329 -7.471633
v 8.216655 0.391329 -7.512271
v 8.176017 0.431967 -7.512271
v 6.014628 0.034607 -4.512271
v 6.014628 0.075245 -4.471633
v 5.973990 0.075245 -4.512271
v 7.908238 0.075245 -4.512271
v 7.867600 0.075245 -4.471633
v 7.867600 0.034607 -4.512271
v 5.973990 0.370948 -4.512653
v 6.014628 0.369023 -4.471633
v 6.015003 0.411237 -4.512623
v 7.867977 0.378673 -4.511761
v 7.869195 0.336242 -4.471633
v 7.908238 0.337529 -4.511901
v 5.973990 0.423072 -5.858613
v 6.014326 0.464352 -5.858941
v 6.014628 0.425263 -5.899251
v 7.522720 0.473651 -5.862994
v 7.420881 0.449731 -5.902128
v 7.429976 0.484239 -5.859414
v 5.973990 0.075245 -5.858613
v 6.014119 0.074748 -5.900252
v 6.014628 0.034607 -5.859614
v 7.908238 0.075757 -5.900208
v 7.867600 0.034607 -5.905859
v 7.867101 0.075359 -5.940789
v 7.866841 0.463036 -5.536197
v 7.908238 0.426407 -5.539504
v 7.870720 0.457349 -5.606050
v 6.359508 0.421993 -7.508161
v 6.461366 0.394450 -7.471633
v 6.451633 0.431967 -7.511780
v 6.011878 0.422073 -7.765028
v 6.015131 0.431967 -7.834836
v 5.973990 0.394645 -7.833635
v 5.136059 0.400130 -7.484213
v 5.215024 0.375259 -7.446425
v 5.212005 0.412169 -7.487194
v 5.034047 0.405329 -7.590151
v 5.047667 0.420656 -7.658464
v 5.005251 0.386227 -7.665528
v 7.872865 0.395446 -5.863997
v 7.908238 0.348358 -5.865373
v 7.867990 0.352616 -5.904227
v 4.285643 0.440296 0.085547
v 4.236595 0.479247 0.039277
v 4.180065 0.480385 0.024091
v 4.098729 0.476381 0.030868
v 4.190144 0.447158 0.076931
v 3.713236 0.464729 -0.304317
v 3.722661 0.466612 -0.374327
v 3.679888 0.431013 -0.373099
v 7.949344 0.352910 -2.920647
v 7.985683 0.306532 -2.918016
v 7.944826 0.306924 -2.956411
v 7.628675 -0.023886 -3.912585
v 7.639023 -0.013537 -3.925014
v 7.628675 0.440126 -3.912585
v 7.639023 0.429697 -3.925014
v 8.058257 0.034607 -1.565567
v 8.058159 0.049494 -1.550670
v 8.043374 0.049494 -1.566198
v 8.971581 0.049228 -1.528575
v 8.959772 0.048962 -1.511828
v 8.955229 0.034607 -1.527671
v 8.043909 0.359681 -1.566185
v 8.058150 0.359690 -1.550671
v 8.058783 0.374569 -1.565544
v 8.955229 0.374569 -1.527671
v 8.959432 0.359948 -1.511843
v 8.971581 0.359948 -1.528575
v 8.100213 0.359840 -2.962891
v 8.116351 0.374569 -2.963206
v 8.115863 0.359673 -2.977126
v 8.422232 0.359406 -2.963928
v 8.424891 0.374569 -2.949342
v 8.439584 0.359406 -2.951329
v 8.054085 0.050566 -2.963644
v 8.069387 0.049775 -2.979129
v 8.067813 0.034607 -2.963042
v 8.424892 0.034607 -2.949342
v 8.422350 0.049632 -2.963923
v 8.439544 0.049632 -2.951439
v 5.988878 0.034607 0.013479
v 5.988878 0.049494 0.028367
v 5.973990 0.049494 0.013479
v 7.240414 0.049728 0.022406
v 7.219707 0.049961 0.028367
v 7.226907 0.034607 0.014226
v 5.973990 0.359681 0.013479
v 5.988878 0.359681 0.028367
v 5.988878 0.374569 0.013479
v 7.226907 0.374569 0.014226
v 7.219878 0.359448 0.028367
v 7.240414 0.359448 0.022406
v 5.973990 0.359681 -1.384364
v 5.988878 0.374569 -1.384364
v 5.988878 0.359681 -1.399251
v 7.908238 0.359681 -1.384364
v 7.893351 0.359681 -1.399251
v 7.893351 0.374569 -1.384364
v 5.973990 0.049494 -1.384364
v 5.988878 0.049494 -1.399251
v 5.988878 0.034607 -1.384364
v 7.893351 0.034607 -1.384364
v 7.893351 0.049494 -1.399251
v 7.908238 0.049494 -1.384364
v 7.897855 0.049842 -0.394387
v 7.893898 0.034607 -0.408858
v 7.908238 0.049842 -0.413264
v 7.981102 0.323011 -1.384364
v 7.981904 0.308146 -1.399251
v 7.967038 0.307344 -1.384364
v 8.998354 0.362530 -1.387549
v 8.980510 0.361727 -1.399251
v 8.983729 0.377116 -1.384627
v 7.983752 -0.002393 -1.384364
v 7.998618 -0.001591 -1.399251
v 7.999420 -0.016456 -1.384364
v 8.983941 0.036671 -1.384947
v 8.980698 0.051488 -1.399251
v 8.998380 0.052154 -1.387491
v 7.983800 -0.003289 -0.469393
v 8.000523 -0.016397 -0.478401
v 8.001099 -0.002574 -0.459839
v 8.288830 0.034607 -7.486521
v 8.288830 0.049494 -7.471633
v 8.273943 0.049494 -7.486521
v 9.908238 0.049494 -7.486521
v 9.893352 0.049494 -7.471633
v 9.893352 0.034607 -7.486521
v 8.273943 0.359681 -7.486521
v 8.288830 0.359681 -7.471633
v 8.288830 0.374569 -7.486521
v 9.893352 0.374569 -7.486521
v 9.893352 0.359681 -7.471633
v 9.908238 0.359681 -7.486521
v 8.273943 0.359681 -8.884364
v 8.288830 0.374569 -8.884364
v 8.288830 0.359681 -8.899251
v 8.514585 0.359242 -8.899251
v 8.520955 0.374569 -8.885065
v 8.534953 0.359242 -8.891837
v 8.273943 0.049494 -8.884364
v 8.288830 0.049494 -8.899251
v 8.288830 0.034607 -8.884364
v 8.520955 0.034607 -8.885065
v 8.514750 0.049714 -8.899251
v 8.534826 0.049714 -8.891944
v 9.899106 0.359288 -7.747177
v 9.893974 0.374569 -7.732862
v 9.908238 0.359288 -7.727592
v 9.908238 0.049887 -7.727592
v 9.893974 0.034607 -7.732862
v 9.899106 0.049887 -7.747177
v 9.085410 0.055963 -1.147252
v 9.078714 0.041785 -1.160378
v 9.091681 0.056290 -1.167350
v 7.908238 0.359334 -0.413264
v 7.893898 0.374569 -0.408858
v 7.897855 0.359334 -0.394387
v 7.984364 0.308931 -0.449230
v 7.982376 0.323080 -0.467100
v 7.966991 0.308211 -0.458779
v 9.091653 0.367586 -1.167416
v 9.078191 0.382213 -1.160542
v 9.084783 0.368009 -1.146854
v 7.787513 0.004789 -3.134856
v 7.783647 0.039903 -3.099530
v 7.748533 0.036037 -3.134856
v 8.379028 0.104819 -3.140437
v 8.352972 0.101315 -3.099530
v 8.344385 0.066101 -3.136624
v 7.719060 0.303729 -3.134856
v 7.754174 0.307595 -3.099530
v 7.750308 0.342709 -3.134856
v 8.307180 0.404020 -3.136624
v 8.322488 0.370802 -3.099530
v 8.349417 0.373766 -3.140437
v 7.736263 0.305097 -4.117318
v 7.719175 0.302690 -4.069252
v 7.748651 0.342526 -4.084424
v 7.785856 0.004607 -4.084423
v 7.748476 0.036557 -4.069644
v 7.765622 0.038444 -4.117318
v 7.840595 0.318733 -4.243662
v 7.855548 0.354296 -4.207515
v 7.887477 0.323894 -4.236692
v 7.917303 0.052996 -4.236692
v 7.892754 0.016376 -4.207515
v 7.870421 0.047834 -4.243662
v 8.048842 0.035046 -4.383699
v 8.050642 0.069665 -4.347723
v 8.015366 0.070868 -4.382966
v 8.181002 0.070141 -4.371241
v 8.136063 0.070564 -4.349325
v 8.147740 0.035024 -4.382851
v 8.040526 0.444197 -4.381041
v 8.075792 0.441749 -4.347100
v 8.077442 0.476466 -4.381700
v 8.147260 0.472842 -4.380965
v 8.135783 0.438002 -4.348328
v 8.180269 0.436279 -4.370329
v 7.991451 0.452687 -7.036435
v 8.027659 0.484384 -7.031890
v 8.024017 0.458607 -7.074001
v 9.931711 0.416402 -7.289876
v 9.894498 0.415536 -7.319027
v 9.897399 0.451225 -7.285052
v 7.962680 0.072135 -7.225554
v 7.995769 0.076086 -7.265884
v 7.994931 0.035046 -7.241041
v 9.899019 0.034615 -7.287451
v 9.898342 0.069231 -7.322330
v 9.933597 0.069377 -7.288208
v 9.942266 0.070589 -6.820171
v 9.909170 0.034615 -6.845119
v 9.941324 0.070587 -6.870902
v 9.940461 0.399268 -6.818852
v 9.939531 0.400494 -6.869110
v 9.907501 0.435721 -6.842960
v 9.930034 0.070325 -6.552919
v 9.913735 0.034615 -6.585471
v 9.946332 0.070410 -6.600710
v 9.944557 0.391038 -6.598458
v 9.911986 0.426404 -6.582610
v 9.928280 0.390546 -6.550732
vt 0.388693 0.896729
vt 0.397057 0.812562
vt 0.417101 0.814554
vt 0.408738 0.898721
vt 0.388639 0.896579
vt 0.396825 0.812684
vt 0.417156 0.814704
vt 0.408970 0.898599
vt 0.247073 0.590283
vt 0.247073 0.463289
vt 0.267216 0.463289
vt 0.267216 0.590283
vt 0.247073 0.416987
vt 0.267216 0.416987
vt 0.247073 0.463289
vt 0.267216 0.463289
vt 0.267216 0.590283
vt 0.247073 0.590283
vt 0.267216 0.416987
vt 0.247073 0.416987
vt 0.388694 0.896730
vt 0.397057 0.812561
vt 0.417101 0.814553
vt 0.408737 0.898722
vt 0.388694 0.896730
vt 0.397057 0.812561
vt 0.417101 0.814553
vt 0.408737 0.898722
vt 0.191275 0.909138
vt 0.191275 0.824548
vt 0.211419 0.824548
vt 0.211419 0.905888
vt 0.388694 0.896730
vt 0.397058 0.812561
vt 0.417101 0.814553
vt 0.408737 0.898722
vt 0.356415 0.413352
vt 0.356415 0.235662
vt 0.376559 0.235662
vt 0.376559 0.413352
vt 0.356415 0.413352
vt 0.356415 0.235662
vt 0.376559 0.235662
vt 0.376559 0.413352
vt 0.388694 0.896730
vt 0.397058 0.812561
vt 0.417101 0.814553
vt 0.408737 0.898722
vt 0.388694 0.896730
vt 0.397058 0.812561
vt 0.417101 0.814553
vt 0.408737 0.898722
vt 0.001987 0.998008
vt 0.001987 0.913418
vt 0.024109 0.913418
vt 0.022130 0.998008
vt 0.031335 0.998008
vt 0.031335 0.913418
vt 0.051478 0.913418
vt 0.047568 0.998008
vt 0.870546 0.763400
vt 0.863189 0.672560
vt 0.884845 0.670806
vt 0.892202 0.756412
vt 0.388686 0.896720
vt 0.397048 0.812569
vt 0.417109 0.814563
vt 0.408747 0.898714
vt 0.334534 0.588239
vt 0.337860 0.497003
vt 0.371286 0.497715
vt 0.369050 0.588980
vt 0.341185 0.417332
vt 0.373522 0.418015
vt 0.892353 0.279771
vt 0.857279 0.280527
vt 0.853953 0.192350
vt 0.891765 0.191520
vt 0.860605 0.371763
vt 0.892941 0.371080
vt 0.824318 0.761043
vt 0.834329 0.670806
vt 0.856774 0.673201
vt 0.851373 0.763930
vt 0.677697 0.860770
vt 0.667686 0.773518
vt 0.690131 0.771123
vt 0.700142 0.858375
vt 0.031362 0.997894
vt 0.031362 0.913531
vt 0.051451 0.913531
vt 0.048128 0.997894
vt 0.085755 0.998008
vt 0.085755 0.913418
vt 0.105899 0.913418
vt 0.112146 0.998008
vt 0.154394 0.997395
vt 0.154394 0.941518
vt 0.180657 0.941518
vt 0.180657 0.997395
vt 0.153781 0.997395
vt 0.153781 0.942254
vt 0.154394 0.914031
vt 0.180657 0.914031
vt 0.181274 0.942254
vt 0.181270 0.997395
vt 0.154394 0.998008
vt 0.180657 0.998008
vt 0.153781 0.914031
vt 0.180664 0.913418
vt 0.154394 0.913418
vt 0.181277 0.914031
vt 0.119409 0.997395
vt 0.119409 0.914031
vt 0.142428 0.913976
vt 0.146003 0.934619
vt 0.146818 0.997391
vt 0.118796 0.914031
vt 0.118796 0.997395
vt 0.119409 0.913418
vt 0.142402 0.913418
vt 0.143111 0.913968
vt 0.146434 0.933042
vt 0.147428 0.997391
vt 0.146570 0.934472
vt 0.146819 0.998008
vt 0.119409 0.998008
vt 0.913790 0.824275
vt 0.913790 0.737728
vt 0.933851 0.737728
vt 0.933851 0.824275
vt 0.911382 0.737728
vt 0.911382 0.824275
vt 0.913790 0.735320
vt 0.933851 0.735320
vt 0.936259 0.737728
vt 0.936259 0.824275
vt 0.933851 0.826683
vt 0.913790 0.826683
vt 0.589562 0.765102
vt 0.581651 0.675766
vt 0.599396 0.674346
vt 0.607195 0.763475
vt 0.587182 0.765034
vt 0.579426 0.675828
vt 0.599276 0.671729
vt 0.581613 0.673219
vt 0.609758 0.763130
vt 0.601881 0.673927
vt 0.589796 0.767235
vt 0.607570 0.765739
vt 0.642572 0.857883
vt 0.642673 0.773658
vt 0.659049 0.773700
vt 0.659049 0.857825
vt 0.640170 0.857751
vt 0.640381 0.773521
vt 0.659162 0.771165
vt 0.642786 0.771123
vt 0.661567 0.773575
vt 0.661567 0.857699
vt 0.642580 0.860055
vt 0.659162 0.860098
vt 0.222270 0.995300
vt 0.222270 0.915526
vt 0.240999 0.915526
vt 0.240999 0.995300
vt 0.219862 0.995300
vt 0.219862 0.915526
vt 0.240999 0.913118
vt 0.222270 0.913118
vt 0.243407 0.915526
vt 0.243407 0.995300
vt 0.222270 0.997708
vt 0.240999 0.997708
vt 0.298731 0.902740
vt 0.298731 0.822966
vt 0.316252 0.822989
vt 0.319341 0.902740
vt 0.296323 0.822966
vt 0.296323 0.902800
vt 0.298731 0.820558
vt 0.316138 0.820558
vt 0.318639 0.822987
vt 0.321787 0.902760
vt 0.319471 0.905148
vt 0.298702 0.905208
vt 0.191173 0.995300
vt 0.191173 0.915526
vt 0.204697 0.915391
vt 0.210098 0.934568
vt 0.209902 0.995300
vt 0.188765 0.915526
vt 0.188765 0.995300
vt 0.191173 0.913118
vt 0.204746 0.913118
vt 0.207461 0.915247
vt 0.211723 0.930503
vt 0.212310 0.995300
vt 0.212310 0.934639
vt 0.209902 0.997708
vt 0.191173 0.997708
vt 0.615260 0.857908
vt 0.610882 0.773885
vt 0.627692 0.773773
vt 0.632006 0.783574
vt 0.631760 0.857865
vt 0.608478 0.773750
vt 0.612738 0.857786
vt 0.610824 0.771245
vt 0.627568 0.771216
vt 0.630484 0.773222
vt 0.633138 0.779108
vt 0.634052 0.857728
vt 0.634046 0.783156
vt 0.631647 0.860139
vt 0.615274 0.860181
vt 0.544691 0.878696
vt 0.544721 0.796458
vt 0.560873 0.798522
vt 0.565498 0.817830
vt 0.560232 0.878718
vt 0.542283 0.878696
vt 0.542283 0.796123
vt 0.544698 0.794053
vt 0.561126 0.796219
vt 0.567331 0.813887
vt 0.563664 0.798603
vt 0.562670 0.878727
vt 0.567668 0.818026
vt 0.544691 0.881104
vt 0.560156 0.881104
vt 0.576280 0.863288
vt 0.578346 0.781475
vt 0.597013 0.782422
vt 0.600250 0.804340
vt 0.594122 0.864812
vt 0.575916 0.781101
vt 0.573787 0.863130
vt 0.578428 0.778816
vt 0.596851 0.779975
vt 0.599591 0.782347
vt 0.602248 0.800265
vt 0.596420 0.865051
vt 0.602360 0.804413
vt 0.593800 0.867239
vt 0.575998 0.865734
vt 0.882796 0.856336
vt 0.882796 0.769788
vt 0.897307 0.769655
vt 0.903052 0.790517
vt 0.902856 0.856336
vt 0.880388 0.856336
vt 0.880388 0.769788
vt 0.882796 0.767380
vt 0.897330 0.767380
vt 0.904689 0.786445
vt 0.900055 0.769499
vt 0.905264 0.856336
vt 0.905264 0.790593
vt 0.882796 0.858744
vt 0.902856 0.858744
vt 0.306283 0.968729
vt 0.306283 0.967610
vt 0.324621 0.967610
vt 0.324621 0.968729
vt 0.305380 0.967871
vt 0.306262 0.910070
vt 0.324642 0.910070
vt 0.325524 0.967871
vt 0.324628 0.993425
vt 0.306276 0.993425
vt 0.305380 0.910070
vt 0.324642 0.909188
vt 0.306262 0.909188
vt 0.325524 0.910070
vt 0.351829 0.969047
vt 0.351829 0.970207
vt 0.333496 0.970207
vt 0.333496 0.969047
vt 0.352734 0.969895
vt 0.333473 0.984491
vt 0.351852 0.984491
vt 0.332590 0.969895
vt 0.351826 0.901223
vt 0.333486 0.901216
vt 0.352734 0.984491
vt 0.332590 0.984491
vt 0.333473 0.985373
vt 0.351852 0.985373
vt 0.868601 0.879911
vt 0.868621 0.878720
vt 0.887066 0.878716
vt 0.887091 0.879934
vt 0.867761 0.879133
vt 0.868376 0.865676
vt 0.886766 0.865672
vt 0.887932 0.879123
vt 0.883590 0.921270
vt 0.865133 0.920642
vt 0.867458 0.865827
vt 0.886719 0.864979
vt 0.868336 0.864979
vt 0.887630 0.865846
vt 0.271007 0.905749
vt 0.270943 0.822947
vt 0.289323 0.822946
vt 0.289332 0.905704
vt 0.270061 0.822909
vt 0.270061 0.905713
vt 0.270943 0.822027
vt 0.289323 0.822027
vt 0.290205 0.822908
vt 0.290205 0.905723
vt 0.289322 0.906548
vt 0.270960 0.906667
vt 0.251842 0.994355
vt 0.251842 0.911529
vt 0.270221 0.911529
vt 0.270221 0.994355
vt 0.250960 0.911529
vt 0.250960 0.994355
vt 0.251842 0.910647
vt 0.270221 0.910647
vt 0.271103 0.911529
vt 0.271103 0.994355
vt 0.270221 0.995237
vt 0.251842 0.995237
vt 0.895120 0.917567
vt 0.895067 0.863353
vt 0.913524 0.862724
vt 0.913473 0.917567
vt 0.894287 0.917567
vt 0.894290 0.863887
vt 0.914401 0.917567
vt 0.914405 0.863217
vt 0.913520 0.918450
vt 0.895167 0.918450
vt 0.251842 0.994355
vt 0.251842 0.911529
vt 0.270221 0.911529
vt 0.270221 0.994355
vt 0.250960 0.911529
vt 0.250960 0.994355
vt 0.251842 0.910647
vt 0.270221 0.910647
vt 0.271103 0.911529
vt 0.271103 0.994355
vt 0.270221 0.995237
vt 0.251842 0.995237
vt 0.381709 0.897610
vt 0.363298 0.897610
vt 0.363322 0.813302
vt 0.381677 0.813309
vt 0.363282 0.898603
vt 0.381709 0.898602
vt 0.362431 0.897664
vt 0.362431 0.813426
vt 0.381677 0.812562
vt 0.363322 0.812562
vt 0.382575 0.897664
vt 0.382575 0.813426
vt 0.587370 0.942543
vt 0.587513 0.945391
vt 0.571713 0.945391
vt 0.571601 0.942566
vt 0.589730 0.943442
vt 0.588321 0.952877
vt 0.572269 0.952877
vt 0.569708 0.943442
vt 0.571570 0.887178
vt 0.587432 0.887178
vt 0.589741 0.887178
vt 0.590428 0.950736
vt 0.569719 0.887178
vt 0.571799 0.885085
vt 0.587661 0.885085
vt 0.657898 0.864078
vt 0.660853 0.929034
vt 0.644917 0.929034
vt 0.641847 0.864078
vt 0.662646 0.929260
vt 0.659700 0.865807
vt 0.644710 0.931458
vt 0.660678 0.931458
vt 0.642623 0.929260
vt 0.639677 0.865807
vt 0.061234 0.267690
vt 0.061234 0.264684
vt 0.080782 0.264790
vt 0.080709 0.267768
vt 0.059102 0.266212
vt 0.061162 0.239958
vt 0.081724 0.239859
vt 0.082869 0.266340
vt 0.080221 0.280827
vt 0.061223 0.280694
vt 0.059102 0.281597
vt 0.059102 0.240003
vt 0.081673 0.238132
vt 0.061153 0.237936
vt 0.083787 0.240145
vt 0.082317 0.281766
vt 0.061218 0.283526
vt 0.080192 0.283655
vt 0.082902 0.412849
vt 0.061207 0.412795
vt 0.059126 0.412107
vt 0.085068 0.412219
vt 0.303691 0.587888
vt 0.303616 0.419457
vt 0.325736 0.419343
vt 0.326239 0.576682
vt 0.301493 0.419501
vt 0.301493 0.588805
vt 0.303544 0.417369
vt 0.325591 0.417332
vt 0.327648 0.419382
vt 0.328117 0.576413
vt 0.326590 0.578908
vt 0.303925 0.590277
vt 0.001987 0.232773
vt 0.002316 0.209079
vt 0.086334 0.210262
vt 0.084669 0.233955
vt 0.005198 0.001992
vt 0.089365 0.003175
vt 0.102113 0.233955
vt 0.100448 0.210262
vt 0.184466 0.209079
vt 0.184795 0.232773
vt 0.097417 0.003175
vt 0.181584 0.001992
vt 0.001987 0.418011
vt 0.116596 0.418011
vt 0.116596 0.545004
vt 0.001987 0.545004
vt 0.114007 0.591307
vt 0.001987 0.591307
vt 0.124627 0.464313
vt 0.239236 0.464313
vt 0.239236 0.591307
vt 0.124627 0.591307
vt 0.124627 0.418011
vt 0.236647 0.418011
vt 0.808351 0.634765
vt 0.808351 0.512174
vt 0.892941 0.512174
vt 0.892941 0.634765
vt 0.808351 0.634765
vt 0.808351 0.512175
vt 0.892941 0.512175
vt 0.892941 0.634765
vt 0.274283 0.231681
vt 0.277533 0.001992
vt 0.358873 0.001992
vt 0.358873 0.231681
vt 0.272887 0.230484
vt 0.276122 0.001998
vt 0.360269 0.003189
vt 0.357034 0.231676
vt 0.390247 0.227963
vt 0.497317 0.227963
vt 0.497317 0.405653
vt 0.390247 0.405653
vt 0.390247 0.227963
vt 0.497317 0.227963
vt 0.497317 0.405653
vt 0.390247 0.405653
vt 0.379044 0.223982
vt 0.379044 0.011045
vt 0.460273 0.001992
vt 0.460273 0.223982
vt 0.493716 0.223982
vt 0.493716 0.001992
vt 0.574944 0.011045
vt 0.574944 0.223982
vt 0.083556 0.824848
vt 0.158895 0.824848
vt 0.158895 0.909438
vt 0.083556 0.909438
vt 0.083556 0.824848
vt 0.158895 0.824848
vt 0.158895 0.909437
vt 0.083556 0.909437
vt 0.612092 0.192019
vt 0.608387 0.007866
vt 0.693994 0.001992
vt 0.702931 0.187749
vt 0.709454 0.187749
vt 0.718392 0.001992
vt 0.809231 0.006471
vt 0.800293 0.192019
vt 0.693658 0.195999
vt 0.770747 0.198963
vt 0.766093 0.290250
vt 0.687000 0.284250
vt 0.809291 0.201974
vt 0.805639 0.293251
vt 0.762334 0.376114
vt 0.680343 0.375559
vt 0.847835 0.204985
vt 0.845185 0.296251
vt 0.803329 0.376146
vt 0.844325 0.375951
vt 0.510088 0.319785
vt 0.589182 0.313807
vt 0.593832 0.405043
vt 0.516741 0.407963
vt 0.503436 0.228549
vt 0.585427 0.227994
vt 0.628729 0.310818
vt 0.632378 0.402054
vt 0.626422 0.227963
vt 0.668276 0.307829
vt 0.670924 0.399065
vt 0.667418 0.228158
vt 0.793324 0.770762
vt 0.873753 0.770270
vt 0.874269 0.860999
vt 0.794281 0.858014
vt 0.707218 0.773254
vt 0.787206 0.770270
vt 0.786249 0.860507
vt 0.706261 0.860507
vt 0.141596 0.706764
vt 0.141596 0.595287
vt 0.226186 0.601269
vt 0.226186 0.706764
vt 0.050888 0.706764
vt 0.050888 0.601269
vt 0.135478 0.595287
vt 0.135478 0.706764
vt 0.329285 0.794393
vt 0.329320 0.793321
vt 0.349757 0.808519
vt 0.348328 0.808551
vt 0.328703 0.793354
vt 0.329316 0.711083
vt 0.384457 0.711083
vt 0.412680 0.711083
vt 0.412676 0.808510
vt 0.329253 0.808581
vt 0.328703 0.808514
vt 0.328703 0.711083
vt 0.413293 0.808510
vt 0.413293 0.711083
vt 0.420665 0.807484
vt 0.420665 0.710053
vt 0.448888 0.710053
vt 0.504029 0.710053
vt 0.504029 0.807484
vt 0.420052 0.807484
vt 0.420052 0.710053
vt 0.504642 0.807484
vt 0.504642 0.710053
vt 0.785409 0.570638
vt 0.785202 0.576112
vt 0.764368 0.547955
vt 0.768516 0.547771
vt 0.787581 0.576685
vt 0.698626 0.666896
vt 0.698626 0.547925
vt 0.785173 0.666896
vt 0.785462 0.547670
vt 0.787581 0.547938
vt 0.787581 0.666896
vt 0.696218 0.666896
vt 0.696218 0.547925
vt 0.663466 0.480711
vt 0.663239 0.484139
vt 0.574222 0.476239
vt 0.574316 0.472829
vt 0.665593 0.482868
vt 0.665130 0.488125
vt 0.575684 0.536784
vt 0.657712 0.544654
vt 0.571766 0.472511
vt 0.571651 0.475911
vt 0.579879 0.412105
vt 0.669085 0.413903
vt 0.671286 0.413843
vt 0.659997 0.544798
vt 0.573079 0.536603
vt 0.577270 0.411943
vt 0.562166 0.478796
vt 0.562149 0.482535
vt 0.476537 0.520885
vt 0.475637 0.517536
vt 0.564388 0.481356
vt 0.564271 0.477954
vt 0.500144 0.547988
vt 0.560782 0.542039
vt 0.472896 0.514629
vt 0.476136 0.525705
vt 0.473406 0.520288
vt 0.467363 0.419140
vt 0.556567 0.417332
vt 0.562971 0.541927
vt 0.558764 0.417386
vt 0.495996 0.548546
vt 0.464754 0.419291
vt 0.478079 0.550384
vt 0.475706 0.550473
vt 0.084428 0.731491
vt 0.084216 0.736986
vt 0.065065 0.711101
vt 0.069204 0.710871
vt 0.086747 0.737525
vt 0.004415 0.820827
vt 0.004364 0.711034
vt 0.084188 0.820867
vt 0.084488 0.710744
vt 0.086871 0.711033
vt 0.086577 0.820849
vt 0.001987 0.820849
vt 0.001987 0.710962
vt 0.709867 0.519576
vt 0.710081 0.514117
vt 0.729223 0.539981
vt 0.725087 0.540174
vt 0.707702 0.513540
vt 0.710110 0.411943
vt 0.789884 0.411943
vt 0.789884 0.540011
vt 0.709831 0.540254
vt 0.707702 0.540033
vt 0.707702 0.411943
vt 0.792292 0.540011
vt 0.792292 0.411943
vt 0.943829 0.642997
vt 0.948329 0.643173
vt 0.938592 0.653322
vt 0.937785 0.649274
vt 0.948508 0.640758
vt 0.985582 0.641144
vt 0.990178 0.725268
vt 0.942121 0.727894
vt 0.937046 0.643388
vt 0.937087 0.641382
vt 0.985338 0.638746
vt 0.942121 0.730305
vt 0.990197 0.727679
vt 0.601143 0.667749
vt 0.601143 0.548778
vt 0.687691 0.548778
vt 0.687691 0.667749
vt 0.598735 0.667749
vt 0.598735 0.548778
vt 0.690099 0.667749
vt 0.690099 0.548778
vt 0.946940 0.736681
vt 0.995015 0.739310
vt 0.990514 0.823541
vt 0.942450 0.820717
vt 0.947188 0.734286
vt 0.995260 0.736912
vt 0.942377 0.823221
vt 0.990391 0.825845
vt 0.826725 0.508194
vt 0.826725 0.380126
vt 0.906500 0.380126
vt 0.906500 0.508194
vt 0.824318 0.508194
vt 0.824318 0.380126
vt 0.908907 0.508194
vt 0.908907 0.380126
vt 0.152760 0.820537
vt 0.150019 0.710744
vt 0.232593 0.710744
vt 0.232593 0.820537
vt 0.150352 0.820567
vt 0.147950 0.710773
vt 0.235001 0.820537
vt 0.235001 0.710744
vt 0.423257 0.814646
vt 0.476374 0.812402
vt 0.444950 0.896640
vt 0.426668 0.897461
vt 0.423220 0.813765
vt 0.476623 0.811464
vt 0.426639 0.898286
vt 0.444793 0.897504
vt 0.445821 0.896757
vt 0.483314 0.812417
vt 0.504471 0.813229
vt 0.535895 0.897467
vt 0.482747 0.895221
vt 0.483407 0.811464
vt 0.504321 0.812365
vt 0.482742 0.896104
vt 0.536164 0.898405
vt 0.505340 0.813105
vt 0.339398 0.706072
vt 0.339354 0.632716
vt 0.364423 0.593195
vt 0.422224 0.593227
vt 0.422224 0.706072
vt 0.338516 0.706072
vt 0.338516 0.633132
vt 0.338869 0.631915
vt 0.363565 0.592960
vt 0.423106 0.706072
vt 0.423106 0.593227
vt 0.430107 0.688662
vt 0.430107 0.575817
vt 0.487908 0.575784
vt 0.512977 0.615305
vt 0.512932 0.688662
vt 0.429224 0.688662
vt 0.429224 0.575817
vt 0.513461 0.614505
vt 0.488765 0.575550
vt 0.513814 0.688662
vt 0.513814 0.615732
vt 0.774666 0.929327
vt 0.774632 0.870991
vt 0.787938 0.865376
vt 0.828347 0.929261
vt 0.773784 0.929374
vt 0.773784 0.871184
vt 0.829447 0.929227
vt 0.788716 0.864979
vt 0.774481 0.870136
vt 0.828881 0.930252
vt 0.708585 0.766289
vt 0.708585 0.671217
vt 0.723181 0.671180
vt 0.791452 0.752535
vt 0.791410 0.766289
vt 0.707702 0.766289
vt 0.707702 0.671217
vt 0.791853 0.751706
vt 0.724029 0.670877
vt 0.792292 0.766289
vt 0.792292 0.752913
vt 0.617236 0.767142
vt 0.617194 0.753388
vt 0.685465 0.672033
vt 0.700062 0.672070
vt 0.700062 0.767142
vt 0.616354 0.767142
vt 0.616354 0.753756
vt 0.616787 0.752566
vt 0.684617 0.671729
vt 0.700944 0.767142
vt 0.700944 0.672070
vt 0.669890 0.930071
vt 0.710978 0.865141
vt 0.724255 0.870738
vt 0.724240 0.930147
vt 0.668831 0.929953
vt 0.710167 0.864751
vt 0.725122 0.930099
vt 0.725122 0.870929
vt 0.669396 0.930983
vt 0.724428 0.869872
vt 0.598117 0.880655
vt 0.596918 0.878706
vt 0.603128 0.871220
vt 0.604451 0.873362
vt 0.605906 0.871633
vt 0.631211 0.936815
vt 0.598215 0.936920
vt 0.597986 0.939013
vt 0.631720 0.939013
vt 0.733067 0.866580
vt 0.766063 0.866685
vt 0.739303 0.930138
vt 0.732969 0.922845
vt 0.733296 0.864487
vt 0.766970 0.864487
vt 0.094352 0.239986
vt 0.098489 0.239943
vt 0.203054 0.370395
vt 0.202788 0.385822
vt 0.202189 0.412017
vt 0.091403 0.397017
vt 0.094255 0.237936
vt 0.097809 0.238009
vt 0.091187 0.399512
vt 0.202018 0.414030
vt 0.100445 0.239312
vt 0.204222 0.412303
vt 0.210341 0.241570
vt 0.323163 0.238820
vt 0.323764 0.265029
vt 0.324035 0.280414
vt 0.219395 0.410925
vt 0.213535 0.410874
vt 0.210390 0.240098
vt 0.323123 0.236753
vt 0.213642 0.413006
vt 0.218703 0.412911
vt 0.221366 0.411613
vt 0.192652 0.232773
vt 0.192685 0.209079
vt 0.212730 0.209079
vt 0.212697 0.232773
vt 0.192971 0.001992
vt 0.213016 0.001992
vt 0.192971 0.232773
vt 0.192939 0.209079
vt 0.212983 0.209079
vt 0.213016 0.232773
vt 0.192652 0.001992
vt 0.212697 0.001992
vt 0.519933 0.669063
vt 0.519933 0.554453
vt 0.540076 0.554453
vt 0.540076 0.669063
vt 0.519736 0.668865
vt 0.519736 0.554651
vt 0.540274 0.554651
vt 0.540274 0.668865
vt 0.970086 0.498334
vt 0.970086 0.375743
vt 0.990230 0.375743
vt 0.990230 0.498334
vt 0.970086 0.498334
vt 0.970086 0.375743
vt 0.990230 0.375743
vt 0.990230 0.498334
vt 0.247073 0.231681
vt 0.247073 0.001992
vt 0.267216 0.001992
vt 0.267216 0.231681
vt 0.247073 0.231681
vt 0.247073 0.001992
vt 0.267216 0.001992
vt 0.267216 0.231681
vt 0.241242 0.817814
vt 0.241242 0.710744
vt 0.261385 0.710744
vt 0.261385 0.817814
vt 0.241242 0.817814
vt 0.241242 0.710744
vt 0.261385 0.710744
vt 0.261385 0.817814
vt 0.581177 0.214929
vt 0.581177 0.001992
vt 0.600520 0.001992
vt 0.600520 0.214929
vt 0.247132 0.231741
vt 0.247132 0.001932
vt 0.267157 0.001932
vt 0.267157 0.231741
vt 0.488077 0.977725
vt 0.488077 0.902386
vt 0.508221 0.902386
vt 0.508221 0.977725
vt 0.521177 0.977725
vt 0.515287 0.902386
vt 0.537410 0.902386
vt 0.537410 0.977725
vt 0.845505 0.187540
vt 0.846229 0.001992
vt 0.867884 0.003388
vt 0.867160 0.187540
vt 0.376470 0.235918
vt 0.377160 0.413095
vt 0.356505 0.413095
vt 0.355814 0.235918
vt 0.420052 0.571569
vt 0.420052 0.494478
vt 0.456216 0.494420
vt 0.457864 0.571509
vt 0.420052 0.455932
vt 0.455392 0.455876
vt 0.420052 0.417386
vt 0.454568 0.417332
vt 0.381180 0.581314
vt 0.381180 0.499323
vt 0.413516 0.499373
vt 0.413516 0.581364
vt 0.381180 0.458328
vt 0.413516 0.458377
vt 0.381180 0.417332
vt 0.413516 0.417382
vt 0.367448 0.985276
vt 0.359801 0.905288
vt 0.386857 0.902701
vt 0.389893 0.983130
vt 0.396729 0.982689
vt 0.404376 0.902701
vt 0.426821 0.904847
vt 0.419174 0.984835
vt 0.232304 0.706763
vt 0.232304 0.595287
vt 0.249115 0.595287
vt 0.252448 0.706763
vt 0.295662 0.816578
vt 0.301910 0.711083
vt 0.322054 0.711083
vt 0.322054 0.816578
vt 0.508679 0.902629
vt 0.507803 0.977485
vt 0.487619 0.977485
vt 0.487619 0.902625
vt 0.546385 0.774836
vt 0.546385 0.677405
vt 0.572648 0.677405
vt 0.572697 0.759676
vt 0.569378 0.774836
vt 0.678857 0.487018
vt 0.678766 0.481760
vt 0.700921 0.507281
vt 0.701327 0.512940
vt 0.679880 0.412735
vt 0.697655 0.411943
vt 0.678549 0.543690
vt 0.696971 0.543125
vt 0.943148 0.444097
vt 0.943291 0.440695
vt 0.960988 0.441493
vt 0.960865 0.444892
vt 0.945493 0.380126
vt 0.963155 0.380924
vt 0.940933 0.504668
vt 0.958735 0.505584
vt 0.990456 0.375969
vt 0.990456 0.498109
vt 0.969861 0.498109
vt 0.969861 0.375969
vt 0.946763 0.877901
vt 0.949029 0.829825
vt 0.965404 0.830594
vt 0.963136 0.878667
vt 0.915666 0.508194
vt 0.915666 0.380126
vt 0.934395 0.380126
vt 0.934395 0.508194
vt 0.093529 0.820632
vt 0.093529 0.710838
vt 0.108994 0.710744
vt 0.110936 0.820632
vt 0.799051 0.508194
vt 0.799051 0.380126
vt 0.817780 0.380126
vt 0.817965 0.481724
vt 0.812624 0.508216
vt 0.972030 0.878618
vt 0.974005 0.830604
vt 0.990587 0.829825
vt 0.992562 0.866655
vt 0.988774 0.878076
vt 0.120246 0.820560
vt 0.118796 0.737236
vt 0.124550 0.710744
vt 0.140978 0.710797
vt 0.141015 0.820590
vt 0.546378 0.673424
vt 0.546195 0.583214
vt 0.551904 0.554466
vt 0.566438 0.554453
vt 0.566438 0.673424
vt 0.544469 0.886312
vt 0.544455 0.885085
vt 0.562807 0.885085
vt 0.562807 0.886302
vt 0.544441 0.959242
vt 0.562821 0.959242
vt 0.930178 0.888068
vt 0.931203 0.888110
vt 0.930211 0.906567
vt 0.929182 0.906525
vt 0.921857 0.922456
vt 0.923063 0.922456
vt 0.923056 0.940796
vt 0.921866 0.940796
vt 0.908480 0.922430
vt 0.908480 0.940809
vt 0.946687 0.877823
vt 0.948946 0.829881
vt 0.965481 0.830688
vt 0.963180 0.878610
vt 0.937321 0.906228
vt 0.937337 0.888074
vt 0.955692 0.888068
vt 0.955684 0.908981
vt 0.990154 0.375667
vt 0.990154 0.498410
vt 0.970162 0.498410
vt 0.970162 0.375667
vt 0.839154 0.924160
vt 0.835979 0.864990
vt 0.854361 0.864979
vt 0.857507 0.923170
vt 0.261618 0.710977
vt 0.261618 0.817582
vt 0.241009 0.817582
vt 0.241009 0.710977
vt 0.897816 0.924537
vt 0.900594 0.924231
vt 0.902361 0.940283
vt 0.899584 0.940589
vt 0.898702 0.922430
vt 0.975653 0.916333
vt 0.979292 0.882599
vt 0.995260 0.884405
vt 0.991515 0.918079
vt 0.966872 0.882700
vt 0.969535 0.882675
vt 0.969491 0.904370
vt 0.966855 0.904472
vt 0.961810 0.882647
vt 0.963301 0.904694
vt 0.284828 0.705322
vt 0.287380 0.594491
vt 0.307900 0.594263
vt 0.307494 0.706995
vn 0.013983 -0.098866 0.995003
vn 0.013983 -0.098866 0.995003
vn 0.013983 -0.098866 0.995003
vn 0.013983 -0.098866 0.995003
vn 0.002825 0.995004 0.099796
vn 0.000321 0.995083 0.099047
vn 0.000312 0.995083 0.099045
vn 0.002825 0.995004 0.099796
vn -0.069900 0.098635 -0.992666
vn -0.020402 0.098855 -0.994893
vn -0.020366 0.098856 -0.994893
vn -0.069900 0.098635 -0.992666
vn -0.002825 -0.995004 -0.099796
vn -0.000312 -0.995083 -0.099045
vn -0.000321 -0.995083 -0.099047
vn -0.002825 -0.995004 -0.099796
vn 0.999902 0.001382 -0.013915
vn 0.999902 0.001382 -0.013915
vn 0.999902 0.001382 -0.013915
vn 0.999902 0.001382 -0.013915
vn -0.999899 -0.001407 0.014162
vn -0.999899 -0.001407 0.014162
vn -0.999899 -0.001407 0.014162
vn -0.999899 -0.001407 0.014162
vn 0.000000 0.000000 1.000000
vn 0.000000 0.000000 1.000000
vn 0.000000 0.000000 1.000000
vn 0.000000 0.000000 1.000000
vn 0.000000 1.000000 0.000000
vn 0.000000 1.000000 0.000000
vn 0.000000 1.000000 0.000000
vn 0.000000 1.000000 0.000000
vn 0.000000 0.000000 -1.000000
vn 0.000000 0.000000 -1.000000
vn 0.000000 0.000000 -1.000000
vn 0.000000 0.000000 -1.000000
vn 0.000000 -1.000000 -0.000000
vn 0.000000 -1.000000 -0.000000
vn 0.000000 -1.000000 0.000000
vn 0.000000 -1.000000 0.000000
vn 1.000000 0.000000 0.000000
vn 0.999889 0.000000 -0.014937
vn 0.999889 0.000000 -0.014937
vn 1.000000 0.000000 0.000000
vn -1.000000 0.000000 0.000000
vn -1.000000 0.000000 0.000000
vn -1.000000 0.000000 0.000000
vn -1.000000 0.000000 0.000000
vn 0.000000 0.000000 1.000000
vn 0.000000 0.000000 1.000000
vn 0.000000 0.000000 1.000000
vn 0.000000 0.000000 1.000000
vn 0.000000 1.000000 0.000000
vn 0.000000 1.000000 0.000000
vn 0.000000 1.000000 0.000000
vn 0.000000 1.000000 0.000000
vn 0.000000 0.000000 -1.000000
vn 0.000000 0.000000 -1.000000
vn 0.000000 0.000000 -1.000000
vn 0.000000 0.000000 -1.000000
vn 0.000000 -1.000000 0.000000
vn 0.000000 -1.000000 0.000000
vn 0.000000 -1.000000 0.000000
vn 0.000000 -1.000000 0.000000
vn 1.000000 0.000000 0.000000
vn 1.000000 0.000000 0.000000
vn 1.000000 0.000000 0.000000
vn 1.000000 0.000000 0.000000
vn -1.000000 0.000000 0.000000
vn -1.000000 0.000000 0.000000
vn -1.000000 0.000000 0.000000
vn -1.000000 0.000000 0.000000
vn 0.007051 0.080404 0.996737
vn 0.007051 0.080404 0.996737
vn 0.007051 0.080404 0.996737
vn 0.007051 0.080404 0.996737
vn 0.000000 1.000000 0.000000
vn 0.000000 1.000000 0.000000
vn 0.000000 1.000000 0.000000
vn 0.000000 1.000000 0.000000
vn 0.000000 0.000000 -1.000000
vn 0.000000 0.000000 -1.000000
vn 0.000000 0.000000 -1.000000
vn 0.000000 0.000000 -1.000000
vn 0.000000 -1.000000 0.000000
vn 0.000000 -1.000000 0.000000
vn 0.000000 -1.000000 0.000000
vn 0.000000 -1.000000 0.000000
vn 1.000000 -0.000000 0.000000
vn 1.000000 -0.000000 0.000000
vn 1.000000 -0.000000 0.000000
vn 1.000000 -0.000000 0.000000
vn -1.000000 0.000000 0.000000
vn -1.000000 0.000000 0.000000
vn -1.000000 0.000000 0.000000
vn -1.000000 0.000000 0.000000
vn 0.000000 0.000000 1.000000
vn 0.000000 0.000000 1.000000
vn 0.000000 0.000000 1.000000
vn 0.000000 0.000000 1.000000
vn 0.000000 1.000000 0.000000
vn 0.000000 1.000000 0.000000
vn 0.000000 1.000000 0.000000
vn 0.000000 1.000000 0.000000
vn 0.000000 0.000000 -1.000000
vn 0.000000 0.000000 -1.000000
vn 0.000000 0.000000 -1.000000
vn 0.000000 0.000000 -1.000000
vn 0.000000 -1.000000 0.000000
vn 0.000000 -1.000000 0.000000
vn 0.000000 -1.000000 0.000000
vn 0.000000 -1.000000 0.000000
vn 1.000000 0.000000 0.000000
vn 1.000000 0.000000 0.000000
vn 1.000000 0.000000 0.000000
vn 1.000000 0.000000 0.000000
vn -1.000000 0.000000 0.000000
vn -1.000000 0.000000 0.000000
vn -1.000000 0.000000 0.000000
vn -1.000000 0.000000 0.000000
vn 0.000000 0.000000 1.000000
vn 0.000000 0.000000 1.000000
vn 0.000000 0.000000 1.000000
vn 0.000000 0.000000 1.000000
vn 0.000000 1.000000 0.000000
vn 0.000000 1.000000 0.000000
vn 0.000000 1.000000 0.000000
vn 0.000000 1.000000 0.000000
vn 0.000000 0.000000 -1.000000
vn 0.000000 0.000000 -1.000000
vn 0.000000 0.000000 -1.000000
vn 0.000000 0.000000 -1.000000
vn 0.000000 -1.000000 0.000000
vn 0.000000 -1.000000 0.000000
vn 0.000000 -1.000000 0.000000
vn 0.000000 -1.000000 0.000000
vn 0.993846 0.000000 0.110768
vn 0.993846 0.000000 0.110768
vn 0.993846 0.000000 0.110768
vn 0.993846 0.000000 0.110768
vn -1.000000 0.000000 0.000000
vn -1.000000 0.000000 0.000000
vn -1.000000 0.000000 0.000000
vn -1.000000 0.000000 0.000000
vn 0.000000 0.000000 1.000000
vn 0.000000 0.000000 1.000000
vn 0.000000 0.000000 1.000000
vn 0.000000 0.000000 1.000000
vn -0.039056 0.999172 -0.011406
vn -0.039056 0.999172 -0.011406
vn -0.039056 0.999172 -0.011406
vn -0.039056 0.999172 -0.011406
vn 0.000000 0.000000 -1.000000
vn 0.000000 0.000000 -1.000000
vn 0.000000 0.000000 -1.000000
vn 0.000000 0.000000 -1.000000
vn 0.000000 -1.000000 0.000000
vn 0.000000 -1.000000 0.000000
vn 0.000000 -1.000000 0.000000
vn 0.000000 -1.000000 0.000000
vn 1.000000 0.000000 0.000000
vn 1.000000 0.000000 0.000000
vn 1.000000 0.000000 0.000000
vn 1.000000 0.000000 0.000000
vn -1.000000 0.000000 0.000000
vn -1.000000 0.000000 0.000000
vn -1.000000 0.000000 0.000000
vn -1.000000 0.000000 0.000000
vn -0.034279 0.196656 0.979873
vn -0.034279 0.196656 0.979873
vn -0.034279 0.196656 0.979873
vn -0.034279 0.196656 0.979873
vn -0.001058 0.996535 -0.083163
vn -0.001058 0.996535 -0.083163
vn -0.001058 0.996535 -0.083163
vn -0.001058 0.996535 -0.083163
vn 0.048218 -0.080630 -0.995577
vn 0.048218 -0.080630 -0.995577
vn 0.048218 -0.080630 -0.995577
vn 0.048218 -0.080630 -0.995577
vn 0.000000 -0.996737 0.080725
vn 0.000000 -0.996737 0.080725
vn 0.000000 -0.996737 0.080725
vn 0.000000 -0.996736 0.080725
vn 0.997554 0.043226 0.054928
vn 0.997554 0.043226 0.054928
vn 0.997554 0.043226 0.054928
vn 0.997554 0.043226 0.054928
vn -0.998904 -0.003778 -0.046650
vn -0.998904 -0.003778 -0.046650
vn -0.998904 -0.003778 -0.046650
vn -0.998904 -0.003778 -0.046650
vn 0.037886 -0.021863 0.999043
vn 0.050770 -0.021815 0.998472
vn 0.050543 -0.021816 0.998484
vn 0.037886 -0.021863 0.999043
vn 0.016405 0.999814 0.010102
vn 0.016647 0.999785 0.012393
vn 0.011131 0.999854 0.012963
vn 0.010944 0.999885 0.010533
vn -0.006768 0.021118 -0.999754
vn -0.004767 0.021115 -0.999766
vn -0.004772 0.021115 -0.999766
vn -0.006768 0.021118 -0.999754
vn -0.001809 -0.999307 -0.037185
vn -0.001919 -0.999299 -0.037378
vn -0.002330 -0.999323 -0.036709
vn -0.002103 -0.999316 -0.036915
vn 0.999578 -0.000938 -0.029039
vn 0.999783 -0.001109 -0.020803
vn 0.999786 -0.001112 -0.020673
vn 0.999578 -0.000938 -0.029039
vn -0.997257 -0.000028 0.074014
vn -0.997257 -0.000028 0.074014
vn -0.997166 -0.000054 0.075228
vn -0.997166 -0.000054 0.075228
vn -0.010052 -0.105141 0.994407
vn -0.010052 -0.105140 0.994407
vn -0.010052 -0.105140 0.994407
vn -0.010052 -0.105140 0.994407
vn 0.067542 0.993948 0.086630
vn 0.067542 0.993948 0.086630
vn 0.067542 0.993948 0.086630
vn 0.067542 0.993948 0.086630
vn -0.026695 0.108580 -0.993729
vn -0.026695 0.108580 -0.993729
vn -0.026695 0.108580 -0.993729
vn -0.026695 0.108580 -0.993729
vn -0.096644 -0.988929 -0.112604
vn -0.096644 -0.988929 -0.112604
vn -0.096644 -0.988929 -0.112604
vn -0.096644 -0.988929 -0.112604
vn 0.995461 -0.095168 0.000000
vn 0.995461 -0.095168 0.000000
vn 0.995461 -0.095168 0.000000
vn 0.995461 -0.095168 0.000000
vn -0.995461 0.095168 -0.000000
vn -0.995461 0.095168 -0.000000
vn -0.995461 0.095168 -0.000000
vn -0.995461 0.095168 -0.000000
vn 0.000000 0.000000 1.000000
vn 0.000000 0.000000 1.000000
vn 0.000000 0.000000 1.000000
vn 0.000000 0.000000 1.000000
vn 0.044045 0.997518 0.054930
vn 0.044045 0.997518 0.054930
vn 0.044045 0.997518 0.054930
vn 0.044045 0.997518 0.054930
vn 0.000000 0.000000 -1.000000
vn 0.000000 0.000000 -1.000000
vn 0.000000 0.000000 -1.000000
vn 0.000000 0.000000 -1.000000
vn 0.000000 -1.000000 0.000000
vn 0.000000 -1.000000 0.000000
vn 0.000000 -1.000000 0.000000
vn 0.000000 -1.000000 0.000000
vn 0.997509 0.000000 -0.070533
vn 0.997509 0.000000 -0.070533
vn 0.997509 0.000000 -0.070533
vn 0.997509 0.000000 -0.070533
vn -1.000000 0.000000 0.000000
vn -1.000000 0.000000 0.000000
vn -1.000000 0.000000 0.000000
vn -1.000000 0.000000 0.000000
vn -0.997352 0.000000 0.072721
vn -0.997352 0.000000 0.072721
vn -0.001519 -0.999297 -0.037452
vn -0.001506 -0.999275 -0.038043
vn 0.999941 -0.001316 -0.010832
vn 0.999941 -0.001316 -0.010832
vn 0.005644 0.999894 0.013450
vn 0.005561 0.999924 0.010958
vn 0.077353 -0.021646 0.996769
vn 0.077353 -0.021645 0.996769
vn 0.077354 -0.021584 0.996770
vn 0.077354 -0.021584 0.996770
vn 0.011798 0.999720 0.020505
vn 0.017302 0.999665 0.019226
vn 0.017486 0.999613 0.021627
vn 0.011780 0.999661 0.023222
vn 0.005901 0.999745 0.021790
vn 0.005979 0.999673 0.024843
vn 0.001995 0.021105 -0.999775
vn 0.002000 0.021105 -0.999775
vn 0.004767 0.021100 -0.999766
vn 0.004767 0.021100 -0.999766
vn -0.002137 -0.999271 -0.038130
vn -0.001448 -0.999196 -0.040078
vn -0.001417 -0.999164 -0.040863
vn -0.002105 -0.999253 -0.038578
vn -0.002780 -0.999337 -0.036315
vn -0.002781 -0.999336 -0.036331
vn -1.000000 0.000000 0.000000
vn -1.000000 0.000000 0.000000
vn 0.000000 -1.000000 -0.000000
vn 0.000000 -1.000000 -0.000000
vn 0.998441 0.000000 -0.055825
vn 0.998441 0.000000 -0.055825
vn 0.000000 1.000000 0.000000
vn 0.000000 1.000000 0.000000
vn 0.013983 -0.098866 0.995003
vn 0.013983 -0.098866 0.995003
vn 0.000037 0.995091 0.098962
vn 0.000037 0.995091 0.098962
vn -0.014702 0.098865 -0.994992
vn -0.014702 0.098865 -0.994992
vn -0.000037 -0.995091 -0.098962
vn -0.000037 -0.995091 -0.098962
vn -0.707114 -0.707100 0.000000
vn -0.707114 -0.707100 0.000000
vn -0.707114 -0.707100 0.000000
vn -0.707114 -0.707100 0.000000
vn 0.000000 -0.707104 0.707109
vn 0.000000 -0.707104 0.707109
vn 0.000000 -0.707104 0.707109
vn 0.000000 -0.707104 0.707109
vn -0.690659 -0.000868 0.723180
vn -0.690659 -0.000868 0.723180
vn -0.521429 0.264604 0.811232
vn -0.690344 0.004621 0.723466
vn 0.707139 -0.707074 -0.000000
vn 0.707139 -0.707074 -0.000000
vn 0.707135 -0.707078 -0.000000
vn 0.707125 -0.707089 0.000000
vn 0.707107 0.000000 0.707107
vn 0.707107 0.000000 0.707107
vn 0.707107 0.000000 0.707107
vn 0.707107 0.000000 0.707107
vn -0.693310 0.720577 0.009542
vn -0.693310 0.720577 0.009542
vn -0.701570 0.712344 0.019140
vn -0.693247 0.720629 0.010126
vn 0.008270 0.709300 -0.704858
vn 0.008270 0.709300 -0.704858
vn 0.008270 0.709300 -0.704858
vn 0.008270 0.709300 -0.704858
vn -0.706942 0.000101 -0.707272
vn -0.706942 0.000101 -0.707272
vn -0.706942 0.000101 -0.707272
vn -0.706942 0.000101 -0.707272
vn 0.707105 0.000000 -0.707109
vn 0.707105 0.000000 -0.707109
vn 0.707105 0.000000 -0.707109
vn 0.707105 0.000000 -0.707109
vn 0.710546 0.703650 0.000031
vn 0.710546 0.703650 0.000031
vn 0.708830 0.705379 0.000030
vn 0.709664 0.704540 0.000031
vn 0.000000 -0.707104 -0.707109
vn 0.000000 -0.707104 -0.707109
vn 0.000000 -0.707104 -0.707109
vn 0.000000 -0.707104 -0.707109
vn -0.772845 0.625335 0.108013
vn -0.772845 0.625335 0.108013
vn -0.772337 0.626022 0.107663
vn -0.141149 0.621411 0.770665
vn -0.011673 0.712694 0.701378
vn -0.133836 0.623834 0.770013
vn 0.000236 0.720131 0.693839
vn 0.000236 0.720130 0.693839
vn -0.000098 0.720215 0.693751
vn -0.181368 0.972206 0.148058
vn 0.005843 0.999960 0.006812
vn 0.005896 0.999960 0.006771
vn -0.170424 0.975380 0.139963
vn 0.000000 0.000000 -1.000000
vn 0.000000 0.000000 -1.000000
vn 0.000000 0.000000 -1.000000
vn 0.000000 0.000000 -1.000000
vn 0.000000 -1.000000 0.000000
vn 0.000000 -1.000000 0.000000
vn 0.000000 -1.000000 0.000000
vn 0.000000 -1.000000 0.000000
vn 0.000000 -1.000000 0.000000
vn 1.000000 -0.000001 -0.000000
vn 1.000000 -0.000001 -0.000000
vn 1.000000 -0.000001 0.000000
vn 1.000000 -0.000001 -0.000000
vn -0.207763 0.963719 0.167572
vn 0.000000 0.000000 1.000000
vn 0.000000 0.000000 1.000000
vn 0.000000 0.000000 1.000000
vn 0.000000 0.000000 1.000000
vn 0.000000 0.000000 1.000000
vn 0.005978 0.999960 0.006709
vn 0.005978 0.999960 0.006709
vn 0.005978 0.999960 0.006709
vn 0.005978 0.999960 0.006709
vn -1.000000 0.000000 0.000000
vn -1.000000 0.000000 0.000000
vn -1.000000 0.000000 0.000000
vn -1.000000 0.000000 0.000000
vn -1.000000 0.000000 0.000000
vn -0.577357 -0.577337 0.577357
vn -0.577357 -0.577337 0.577357
vn -0.577357 -0.577337 0.577357
vn 0.577357 -0.577337 0.577357
vn 0.577357 -0.577337 0.577357
vn 0.577357 -0.577337 0.577357
vn -0.575097 0.581845 -0.575082
vn -0.575097 0.581845 -0.575082
vn -0.575097 0.581845 -0.575082
vn 0.581823 0.575074 -0.575129
vn 0.581822 0.575074 -0.575129
vn 0.581822 0.575074 -0.575129
vn -0.577344 -0.577344 -0.577363
vn -0.577344 -0.577344 -0.577363
vn -0.577344 -0.577344 -0.577363
vn 0.577344 -0.577344 -0.577363
vn 0.577344 -0.577344 -0.577363
vn 0.577344 -0.577344 -0.577363
vn 0.577357 0.577337 0.577357
vn 0.577357 0.577337 0.577357
vn 0.577357 0.577337 0.577357
vn -0.707107 -0.707107 0.000000
vn -0.707107 -0.707107 0.000000
vn -0.707107 -0.707107 0.000000
vn -0.707107 -0.707107 0.000000
vn 0.000000 -0.707107 0.707107
vn 0.000000 -0.707107 0.707107
vn 0.000000 -0.707107 0.707107
vn 0.000000 -0.707107 0.707107
vn -0.707109 0.000000 0.707104
vn -0.707109 0.000000 0.707104
vn -0.707109 0.000000 0.707104
vn -0.707109 0.000000 0.707104
vn 0.707107 -0.707107 0.000000
vn 0.707107 -0.707107 0.000000
vn 0.707107 -0.707107 0.000000
vn 0.707107 -0.707107 0.000000
vn 0.707109 0.000000 0.707104
vn 0.707109 0.000000 0.707104
vn 0.707109 0.000000 0.707104
vn 0.707109 0.000000 0.707104
vn -0.707107 0.707106 0.000000
vn -0.707107 0.707106 0.000000
vn -0.707107 0.707106 0.000000
vn -0.707107 0.707106 0.000000
vn 0.000000 0.707107 0.707107
vn 0.000000 0.707107 0.707107
vn 0.000000 0.707107 0.707107
vn 0.000000 0.707107 0.707107
vn 0.690072 0.723740 0.000918
vn 0.690072 0.723741 0.000918
vn 0.702406 0.711416 -0.022653
vn 0.689559 0.724229 -0.001068
vn -0.707110 0.000000 -0.707104
vn -0.707110 0.000000 -0.707104
vn -0.707110 0.000000 -0.707104
vn -0.707110 0.000000 -0.707104
vn -0.000838 0.718628 -0.695395
vn -0.000838 0.718628 -0.695395
vn 0.000924 0.718821 -0.695195
vn 0.010599 0.709474 -0.704652
vn 0.129626 0.975901 -0.175538
vn 0.000295 1.000000 -0.000400
vn 0.000483 1.000000 -0.000653
vn 0.140730 0.971528 -0.190599
vn 0.118280 0.604765 -0.787572
vn 0.119593 0.602232 -0.789312
vn 0.119593 0.602232 -0.789312
vn 0.000000 -0.707107 -0.707107
vn 0.000000 -0.707107 -0.707107
vn 0.000000 -0.707107 -0.707107
vn 0.000000 -0.707107 -0.707107
vn 0.696169 -0.002974 -0.717872
vn 0.696169 -0.002974 -0.717872
vn 0.695381 0.027282 -0.718123
vn 0.695411 0.026461 -0.718125
vn 0.768562 0.618426 -0.163899
vn 0.771224 0.614373 -0.166615
vn 0.771223 0.614373 -0.166615
vn -0.721460 -0.690516 -0.051802
vn -0.721460 -0.690516 -0.051802
vn -0.721125 -0.690406 -0.057612
vn -0.721092 -0.690394 -0.058151
vn -0.064578 -0.664217 0.744745
vn -0.064578 -0.664217 0.744745
vn -0.064333 -0.665294 0.743804
vn -0.064551 -0.664335 0.744642
vn -0.755102 0.060437 0.652815
vn -0.755102 0.060437 0.652815
vn -0.447236 0.455599 0.769682
vn -0.751931 0.088294 0.653302
vn -0.015241 -0.997582 0.067809
vn -0.016877 -0.999134 0.038037
vn -0.016870 -0.999130 0.038127
vn -0.015239 -0.997579 0.067858
vn -0.053511 -0.662349 0.747282
vn -0.052602 -0.661653 0.747963
vn -0.052266 -0.661396 0.748214
vn -0.052266 -0.661396 0.748214
vn -0.087641 0.072676 0.993497
vn -0.082532 0.084109 0.993033
vn -0.082999 0.083075 0.993081
vn -0.088659 0.070379 0.993573
vn -0.655971 0.741975 -0.138475
vn -0.655971 0.741975 -0.138475
vn -0.669795 0.733746 -0.113981
vn -0.655551 0.742734 -0.136380
vn 0.005898 0.644334 -0.764722
vn 0.005898 0.644334 -0.764722
vn 0.007000 0.644284 -0.764754
vn 0.008562 0.644213 -0.764799
vn -0.690381 -0.028443 -0.722886
vn -0.690381 -0.028443 -0.722886
vn -0.690381 -0.028443 -0.722886
vn -0.690381 -0.028443 -0.722886
vn -0.023317 -0.083038 -0.996274
vn 0.084053 -0.087536 -0.992609
vn 0.084037 -0.087536 -0.992610
vn -0.023367 -0.083036 -0.996273
vn 0.042434 0.995398 -0.085926
vn 0.039073 0.995267 -0.088975
vn 0.037346 0.995496 -0.087134
vn 0.042384 0.995401 -0.085914
vn 0.090430 0.639763 -0.763234
vn 0.088621 0.639891 -0.763339
vn 0.092724 0.639598 -0.763097
vn 0.092724 0.639598 -0.763097
vn -0.042246 -0.756069 -0.653127
vn -0.042246 -0.756069 -0.653127
vn -0.040237 -0.755934 -0.653410
vn -0.040549 -0.755956 -0.653366
vn 0.030129 -0.760074 -0.649138
vn 0.030252 -0.760094 -0.649109
vn 0.032300 -0.760430 -0.648616
vn 0.032300 -0.760430 -0.648616
vn -0.742749 0.669113 0.024729
vn -0.742749 0.669113 0.024729
vn -0.740039 0.672200 0.022114
vn -0.164274 0.659288 0.733726
vn -0.086978 0.749114 0.656706
vn -0.143161 0.670721 0.727763
vn 0.673906 -0.734682 0.078061
vn 0.673906 -0.734682 0.078061
vn 0.673906 -0.734682 0.078061
vn 0.673906 -0.734682 0.078061
vn 0.670291 0.035383 0.741254
vn 0.670291 0.035383 0.741254
vn 0.670291 0.035383 0.741254
vn 0.670291 0.035383 0.741254
vn -0.029211 0.757822 0.651807
vn -0.029211 0.757822 0.651807
vn -0.029856 0.768530 0.639117
vn -0.029295 0.759223 0.650171
vn 0.742657 0.668244 -0.043712
vn 0.742657 0.668244 -0.043712
vn 0.742657 0.668244 -0.043712
vn 0.742657 0.668244 -0.043712
vn 0.738394 -0.088123 -0.668587
vn 0.738394 -0.088123 -0.668587
vn 0.738394 -0.088123 -0.668587
vn 0.738394 -0.088123 -0.668587
vn -0.719529 -0.690459 -0.074459
vn -0.719529 -0.690459 -0.074459
vn -0.719529 -0.690459 -0.074459
vn -0.719529 -0.690459 -0.074459
vn -0.011087 -0.711133 0.702970
vn -0.011087 -0.711133 0.702970
vn -0.011087 -0.711133 0.702970
vn -0.011087 -0.711133 0.702970
vn -0.756678 0.026109 0.653267
vn -0.756678 0.026109 0.653267
vn -0.756010 0.048116 0.652789
vn -0.815380 0.215906 0.537159
vn 0.688531 -0.724318 0.035886
vn 0.688531 -0.724319 0.035886
vn 0.688531 -0.724319 0.035886
vn 0.688531 -0.724318 0.035886
vn 0.658870 -0.030702 0.751630
vn 0.658870 -0.030702 0.751630
vn 0.658870 -0.030702 0.751630
vn 0.658870 -0.030702 0.751631
vn -0.650368 0.758943 -0.032056
vn -0.650368 0.758943 -0.032056
vn -0.659961 0.751020 -0.020523
vn -0.650009 0.759333 -0.030045
vn 0.071766 0.706295 -0.704270
vn 0.071766 0.706295 -0.704270
vn 0.071766 0.706295 -0.704270
vn 0.071766 0.706295 -0.704270
vn -0.668349 0.033475 -0.743095
vn -0.668349 0.033475 -0.743095
vn -0.668349 0.033475 -0.743095
vn -0.668349 0.033475 -0.743095
vn 0.743844 -0.033231 -0.667527
vn 0.743844 -0.033231 -0.667527
vn 0.743844 -0.033231 -0.667527
vn 0.743844 -0.033231 -0.667527
vn 0.738455 0.673095 0.040346
vn 0.738455 0.673095 0.040346
vn 0.738455 0.673095 0.040346
vn 0.738455 0.673095 0.040346
vn 0.007304 -0.696601 -0.717421
vn 0.007304 -0.696601 -0.717421
vn 0.007304 -0.696601 -0.717421
vn 0.007304 -0.696601 -0.717421
vn -0.800564 0.565291 0.198857
vn -0.793600 0.589016 0.152510
vn -0.227059 0.539773 0.810611
vn -0.227059 0.539773 0.810611
vn -0.026412 0.708936 0.704778
vn -0.219864 0.551763 0.804498
vn -0.001211 0.723567 0.690253
vn -0.001211 0.723567 0.690253
vn -0.006413 0.724401 0.689349
vn -0.707105 -0.707109 0.000000
vn -0.707105 -0.707109 0.000000
vn -0.707105 -0.707109 0.000000
vn -0.707105 -0.707109 0.000000
vn 0.000000 -0.707105 0.707109
vn 0.000000 -0.707105 0.707109
vn 0.000000 -0.707105 0.707109
vn 0.000000 -0.707105 0.707109
vn -0.698573 -0.004135 0.715527
vn -0.698573 -0.004135 0.715527
vn -0.698061 0.029207 0.715443
vn -0.698102 0.027661 0.715464
vn 0.707105 -0.707109 0.000000
vn 0.707105 -0.707109 0.000000
vn 0.707105 -0.707109 0.000000
vn 0.707105 -0.707109 0.000000
vn 0.707108 0.000000 0.707106
vn 0.707108 0.000000 0.707106
vn 0.707108 0.000000 0.707106
vn 0.707108 0.000000 0.707106
vn -0.690017 0.723793 -0.001002
vn -0.690017 0.723793 -0.001002
vn -0.702410 0.711402 0.022987
vn -0.689465 0.724318 0.001165
vn 0.000000 0.707105 -0.707109
vn 0.000000 0.707105 -0.707109
vn 0.000000 0.707105 -0.707109
vn 0.000000 0.707105 -0.707109
vn -0.707101 0.000000 -0.707112
vn -0.707101 0.000000 -0.707112
vn -0.707101 0.000000 -0.707112
vn -0.707101 0.000000 -0.707112
vn 0.707101 0.000000 -0.707112
vn 0.707101 0.000000 -0.707112
vn 0.707101 0.000000 -0.707112
vn 0.707101 0.000000 -0.707112
vn 0.707105 0.707109 0.000000
vn 0.707105 0.707109 0.000000
vn 0.707105 0.707109 0.000000
vn 0.707105 0.707109 0.000000
vn 0.000000 -0.707105 -0.707109
vn 0.000000 -0.707105 -0.707109
vn 0.000000 -0.707105 -0.707109
vn 0.000000 -0.707105 -0.707109
vn -0.771992 0.612453 0.170087
vn -0.771992 0.612453 0.170087
vn -0.769071 0.616950 0.167041
vn -0.122091 0.602945 0.788385
vn -0.122091 0.602945 0.788385
vn -0.008931 0.711268 0.702864
vn -0.120614 0.605709 0.786492
vn 0.000752 0.718749 0.695270
vn 0.000752 0.718749 0.695270
vn -0.000835 0.718921 0.695091
vn -0.707107 -0.707107 0.000000
vn -0.707107 -0.707107 0.000000
vn -0.707107 -0.707107 0.000000
vn -0.707107 -0.707107 0.000000
vn 0.000000 -0.707105 0.707109
vn 0.000000 -0.707105 0.707109
vn 0.000000 -0.707105 0.707109
vn 0.000000 -0.707105 0.707109
vn -0.708759 0.000457 0.705450
vn -0.708759 0.000457 0.705450
vn -0.708759 0.000457 0.705450
vn -0.708759 0.000457 0.705450
vn 0.709329 -0.704878 -0.000130
vn 0.709329 -0.704877 -0.000130
vn 0.709329 -0.704878 -0.000130
vn 0.709329 -0.704878 -0.000130
vn 0.712500 -0.002668 0.701667
vn 0.712500 -0.002668 0.701667
vn 0.712500 -0.002668 0.701667
vn 0.712500 -0.002668 0.701667
vn -0.707744 0.705923 0.027772
vn -0.707744 0.705923 0.027772
vn -0.707744 0.705923 0.027772
vn -0.707744 0.705923 0.027772
vn 0.012027 0.691916 0.721878
vn 0.012027 0.691916 0.721878
vn 0.012027 0.691916 0.721878
vn 0.012027 0.691916 0.721878
vn 0.689735 0.721527 0.060531
vn 0.689735 0.721527 0.060531
vn 0.703573 0.709881 0.032481
vn 0.689001 0.722429 0.058090
vn -0.713641 0.001525 -0.700510
vn -0.713641 0.001525 -0.700510
vn -0.713641 0.001525 -0.700510
vn -0.713641 0.001525 -0.700510
vn -0.012558 0.748921 -0.662540
vn -0.012558 0.748921 -0.662540
vn -0.009727 0.749789 -0.661606
vn 0.002552 0.742104 -0.670280
vn 0.139138 0.982329 -0.125180
vn 0.002698 0.998198 0.059939
vn 0.002917 0.998215 0.059646
vn 0.152196 0.977905 -0.143311
vn 0.139715 0.658412 -0.739576
vn 0.141324 0.655791 -0.741597
vn 0.141324 0.655791 -0.741597
vn -0.016994 -0.682659 -0.730540
vn -0.016994 -0.682659 -0.730540
vn -0.016994 -0.682659 -0.730540
vn -0.016994 -0.682659 -0.730540
vn 0.697783 0.091129 -0.710489
vn 0.697783 0.091129 -0.710489
vn 0.697292 0.115230 -0.707465
vn 0.795497 0.379812 -0.472151
vn 0.776746 0.614205 -0.139348
vn 0.777515 0.607071 -0.164121
vn -0.129928 0.975789 0.175940
vn -0.000276 1.000000 0.000374
vn -0.000451 1.000000 0.000610
vn -0.140957 0.971437 0.190899
vn -0.177919 0.959504 0.218396
vn 0.046469 0.998915 0.003211
vn 0.046365 0.998919 0.003311
vn -0.183096 0.957404 0.223278
vn -0.081502 0.994915 0.059182
vn 0.037465 0.995423 -0.087915
vn -0.092903 0.993043 0.072353
vn 0.000000 0.000000 1.000000
vn 0.000000 0.000000 1.000000
vn 0.000000 0.000000 1.000000
vn 0.000000 0.000000 1.000000
vn 0.190356 0.947232 -0.257908
vn 0.000000 -1.000000 0.000000
vn 0.000000 -1.000000 0.000000
vn 0.000000 -1.000000 0.000000
vn 0.000000 -1.000000 0.000000
vn -1.000000 0.000000 0.000000
vn -1.000000 0.000000 0.000000
vn -1.000000 0.000000 0.000000
vn -1.000000 0.000000 0.000000
vn 0.087045 -0.087648 -0.992341
vn 0.087045 -0.087648 -0.992341
vn -0.015198 -0.997517 0.068764
vn -0.015198 -0.997517 0.068764
vn 0.998801 -0.042697 0.023928
vn 0.998801 -0.042697 0.023928
vn 0.998801 -0.042697 0.023928
vn 0.998802 -0.042697 0.023928
vn -0.143356 0.980994 0.130769
vn 0.054554 -0.000000 -0.998511
vn 0.054554 -0.000000 -0.998511
vn 0.054554 -0.000000 -0.998511
vn 0.054554 -0.000000 -0.998511
vn -0.000839 -0.999646 -0.026604
vn -0.000839 -0.999646 -0.026604
vn -0.000839 -0.999646 -0.026604
vn -0.000839 -0.999646 -0.026604
vn 0.997408 -0.046994 0.054493
vn 0.997408 -0.046994 0.054493
vn 0.997408 -0.046994 0.054493
vn 0.997408 -0.046994 0.054493
vn -0.323746 0.877105 0.354789
vn 0.000000 0.000000 -1.000000
vn 0.000000 0.000000 -1.000000
vn 0.000000 0.000000 -1.000000
vn 0.000000 0.000000 -1.000000
vn 0.000000 -1.000000 0.000000
vn 0.000000 -1.000000 0.000000
vn 0.000000 -1.000000 0.000000
vn 0.000000 -1.000000 0.000000
vn 1.000000 0.000000 0.000000
vn 1.000000 0.000000 0.000000
vn 1.000000 0.000000 0.000000
vn 1.000000 0.000000 0.000000
vn -0.194145 0.945048 0.263042
vn -0.000000 0.000000 1.000000
vn -0.000000 0.000000 1.000000
vn -0.000000 0.000000 1.000000
vn -0.000000 0.000000 1.000000
vn 0.211701 0.950749 -0.226403
vn 0.000000 -1.000000 0.000000
vn 0.000000 -1.000000 0.000000
vn 0.000000 -1.000000 0.000000
vn 0.000000 -1.000000 0.000000
vn -1.000000 0.000002 0.000000
vn -1.000000 0.000002 0.000000
vn -1.000000 0.000002 0.000000
vn -1.000000 0.000002 0.000000
vn 0.000000 0.000000 1.000000
vn 0.000000 0.000000 1.000000
vn 0.000000 0.000000 1.000000
vn 0.000000 0.000000 1.000000
vn 0.000000 0.000000 1.000000
vn 0.000000 1.000000 -0.000000
vn 0.000000 1.000000 -0.000000
vn 0.000000 1.000000 -0.000000
vn -1.000000 0.000000 0.000000
vn -1.000000 0.000000 0.000000
vn -1.000000 0.000000 0.000000
vn -1.000000 0.000000 0.000000
vn -1.000000 0.000000 0.000000
vn -0.054554 0.000001 0.998511
vn -0.054554 0.000001 0.998511
vn -0.054554 0.000001 0.998511
vn -0.054554 0.000001 0.998511
vn -0.054554 0.000001 0.998511
vn 0.047156 0.998884 0.002544
vn 0.047156 0.998884 0.002544
vn 0.047156 0.998884 0.002544
vn -0.997008 0.057010 -0.052195
vn -0.997008 0.057010 -0.052195
vn -0.997008 0.057010 -0.052195
vn -0.997008 0.057010 -0.052195
vn -0.997008 0.057010 -0.052195
vn 1.000000 0.000001 0.000000
vn 1.000000 0.000001 0.000000
vn 1.000000 0.000001 0.000000
vn 1.000000 0.000001 0.000000
vn 1.000000 0.000001 0.000000
vn -0.010103 0.054312 -0.998473
vn -0.010103 0.054312 -0.998473
vn -0.010103 0.054312 -0.998473
vn -0.010103 0.054312 -0.998473
vn -0.010103 0.054312 -0.998473
vn 0.002367 0.998173 0.060383
vn 0.002367 0.998173 0.060383
vn 0.002367 0.998173 0.060383
vn -0.082482 0.084220 0.993028
vn -0.082482 0.084220 0.993028
vn 0.038755 0.995228 -0.089546
vn -0.994811 0.027388 -0.097983
vn -0.994811 0.027388 -0.097983
vn -0.994811 0.027388 -0.097983
vn -0.994811 0.027388 -0.097983
vn -0.994811 0.027388 -0.097983
vn 0.042473 0.995395 -0.085936
vn 0.042473 0.995395 -0.085936
vn -0.088788 0.070086 0.993582
vn -0.088788 0.070086 0.993582
vn -0.016925 -0.999160 0.037327
vn -0.016925 -0.999160 0.037327
vn -0.026345 -0.082898 -0.996210
vn -0.026345 -0.082898 -0.996210
vn 1.000000 0.000000 0.000000
vn 1.000000 0.000000 0.000000
vn 1.000000 0.000000 0.000000
vn 1.000000 0.000000 0.000000
vn 1.000000 0.000000 0.000000
vn 0.000000 0.000000 -1.000000
vn 0.000000 0.000000 -1.000000
vn 0.000000 0.000000 -1.000000
vn 0.000000 0.000000 -1.000000
vn 0.000000 0.000000 -1.000000
vn 0.000000 1.000000 0.000000
vn 0.000000 1.000000 0.000000
vn 0.000000 1.000000 0.000000
vn -0.577352 -0.577352 0.577348
vn -0.577352 -0.577352 0.577348
vn -0.577352 -0.577352 0.577348
vn 0.577352 -0.577352 0.577348
vn 0.577352 -0.577352 0.577348
vn 0.577352 -0.577352 0.577348
vn -0.577352 0.577352 0.577348
vn -0.577352 0.577352 0.577348
vn -0.577352 0.577352 0.577348
vn 0.577352 0.577352 0.577348
vn 0.577352 0.577352 0.577348
vn 0.577352 0.577352 0.577348
vn -0.577352 0.577352 -0.577348
vn -0.577352 0.577352 -0.577348
vn -0.577352 0.577352 -0.577348
vn -0.577348 -0.577353 -0.577349
vn -0.577348 -0.577353 -0.577349
vn -0.577348 -0.577353 -0.577349
vn 0.577348 -0.577353 -0.577349
vn 0.577348 -0.577353 -0.577349
vn 0.577348 -0.577353 -0.577349
vn -0.640438 -0.536334 0.549713
vn -0.640438 -0.536334 0.549713
vn -0.640438 -0.536334 0.549713
vn -0.541838 0.525093 -0.656269
vn -0.541838 0.525093 -0.656269
vn -0.541838 0.525093 -0.656269
vn -0.597679 -0.590110 -0.542725
vn 0.513435 -0.559703 0.650474
vn 0.513435 -0.559703 0.650474
vn 0.513435 -0.559703 0.650474
vn 0.590284 0.601293 0.538526
vn 0.590284 0.601293 0.538526
vn 0.590284 0.601293 0.538526
vn 0.638615 0.488406 -0.594669
vn 0.638615 0.488406 -0.594669
vn 0.638615 0.488406 -0.594669
vn 0.563280 -0.649986 -0.510131
vn 0.563280 -0.649986 -0.510131
vn 0.563280 -0.649986 -0.510131
vn -0.613305 -0.585309 0.530350
vn -0.613305 -0.585309 0.530350
vn -0.613305 -0.585309 0.530350
vn 0.533963 -0.569862 0.624613
vn 0.533963 -0.569862 0.624613
vn 0.533963 -0.569862 0.624613
vn -0.518772 0.605335 -0.603693
vn -0.518772 0.605335 -0.603693
vn -0.518771 0.605335 -0.603693
vn 0.634449 0.549573 -0.543547
vn 0.634449 0.549573 -0.543547
vn 0.634449 0.549573 -0.543547
vn -0.560505 -0.539047 -0.628699
vn -0.560505 -0.539047 -0.628699
vn -0.560505 -0.539047 -0.628699
vn 0.580267 -0.603839 -0.546506
vn 0.580267 -0.603839 -0.546506
vn 0.580267 -0.603839 -0.546506
vn 0.571437 0.549588 0.609437
vn 0.571437 0.549588 0.609437
vn 0.571437 0.549588 0.609437
vn -0.577341 -0.577352 0.577358
vn -0.577341 -0.577352 0.577358
vn -0.577341 -0.577352 0.577358
vn 0.577345 -0.577345 0.577361
vn 0.577345 -0.577345 0.577361
vn 0.577345 -0.577345 0.577361
vn -0.577356 0.577345 -0.577350
vn -0.577356 0.577345 -0.577350
vn -0.577356 0.577345 -0.577350
vn 0.577359 0.577338 -0.577354
vn 0.577359 0.577338 -0.577354
vn 0.577359 0.577338 -0.577354
vn -0.577341 -0.577352 -0.577358
vn -0.577341 -0.577352 -0.577358
vn -0.577341 -0.577352 -0.577358
vn 0.577345 -0.577345 -0.577361
vn 0.577345 -0.577345 -0.577361
vn 0.577345 -0.577345 -0.577361
vn -0.620070 0.452149 0.641152
vn 0.577359 0.577338 0.577354
vn 0.577359 0.577338 0.577354
vn 0.577359 0.577338 0.577354
vn -0.577348 -0.577348 0.577354
vn -0.577348 -0.577348 0.577354
vn -0.577348 -0.577348 0.577354
vn 0.577345 -0.577355 0.577351
vn 0.577345 -0.577355 0.577351
vn 0.577345 -0.577355 0.577351
vn -0.566771 0.576519 0.588555
vn -0.566771 0.576519 0.588555
vn -0.566771 0.576519 0.588555
vn 0.581983 0.567524 0.582419
vn 0.581983 0.567524 0.582419
vn 0.581983 0.567524 0.582419
vn -0.593570 0.575530 -0.562530
vn -0.593570 0.575530 -0.562530
vn -0.593570 0.575530 -0.562530
vn -0.591310 -0.577440 -0.562953
vn -0.591310 -0.577440 -0.562953
vn -0.591310 -0.577440 -0.562953
vn 0.604961 -0.513900 -0.608218
vn 0.604961 -0.513900 -0.608218
vn 0.604961 -0.513900 -0.608218
vn -0.032616 0.813449 0.580722
vn 0.615416 0.445318 -0.650350
vn 0.707114 -0.707099 0.000000
vn 0.707114 -0.707100 0.000000
vn 0.708500 0.705711 0.000030
vn 0.708500 0.705711 0.000030
vn 1.000000 -0.000001 0.000001
vn 1.000000 -0.000001 0.000001
vn -0.733050 -0.680152 -0.005576
vn -0.733050 -0.680152 -0.005576
vn -0.733050 -0.680152 -0.005576
vn -0.733050 -0.680152 -0.005576
vn -0.029704 -0.722062 0.691191
vn -0.029704 -0.722062 0.691191
vn -0.029704 -0.722062 0.691191
vn -0.029704 -0.722062 0.691191
vn -0.730429 0.000606 0.682989
vn -0.730429 0.000606 0.682989
vn -0.730429 0.000606 0.682989
vn -0.730429 0.000606 0.682989
vn 0.657414 -0.712370 -0.245631
vn 0.657414 -0.712370 -0.245631
vn 0.563187 -0.747771 -0.351651
vn 0.657058 -0.712132 -0.247271
vn 0.813222 0.000461 0.581954
vn 0.813222 0.000461 0.581954
vn 0.813221 0.000461 0.581954
vn 0.813221 0.000461 0.581954
vn -0.690244 0.723031 -0.028087
vn -0.690244 0.723031 -0.028087
vn -0.690244 0.723031 -0.028087
vn -0.690244 0.723031 -0.028087
vn -0.029728 0.719034 0.694338
vn -0.029728 0.719034 0.694339
vn -0.029728 0.719034 0.694338
vn -0.029728 0.719034 0.694339
vn 0.658954 0.710735 -0.246241
vn 0.658954 0.710735 -0.246241
vn 0.658603 0.710483 -0.247902
vn 0.580933 0.738655 -0.341916
vn -0.686077 0.114174 -0.718514
vn -0.685822 0.116363 -0.718406
vn -0.687005 0.105945 -0.718888
vn -0.687005 0.105945 -0.718888
vn 0.032290 0.685969 -0.726914
vn 0.032290 0.685969 -0.726914
vn 0.040678 0.685050 -0.727359
vn 0.587528 0.000210 -0.809204
vn 0.587528 0.000210 -0.809204
vn 0.587528 0.000210 -0.809204
vn 0.587528 0.000210 -0.809204
vn 0.028424 -0.711859 -0.701747
vn 0.028424 -0.711859 -0.701747
vn 0.035380 -0.710869 -0.702434
vn -0.707103 -0.707111 0.000000
vn -0.707103 -0.707111 0.000000
vn -0.707103 -0.707111 0.000000
vn -0.707103 -0.707111 0.000000
vn -0.000087 -0.692500 0.721418
vn -0.000087 -0.692500 0.721418
vn 0.154645 -0.702739 0.694437
vn 0.000849 -0.692203 0.721702
vn -0.707102 0.000000 0.707111
vn -0.707102 0.000000 0.707111
vn -0.707102 0.000000 0.707111
vn -0.707102 0.000000 0.707111
vn 0.389413 -0.683847 0.617018
vn 0.610817 -0.735974 0.291968
vn 0.393175 -0.683828 0.614649
vn 0.004787 -0.000001 0.999989
vn 0.529109 -0.000002 0.848554
vn 0.529066 -0.000002 0.848581
vn 0.004762 -0.000001 0.999989
vn -0.707103 0.707111 0.000000
vn -0.707103 0.707111 0.000000
vn -0.707103 0.707111 0.000000
vn -0.707103 0.707111 0.000000
vn -0.000152 0.695293 0.718727
vn -0.000152 0.695293 0.718727
vn 0.000821 0.695003 0.719006
vn 0.154625 0.704458 0.692698
vn 0.389479 0.683869 0.616952
vn 0.393175 0.683828 0.614649
vn 0.610818 0.735974 0.291966
vn -0.707103 0.000000 -0.707111
vn -0.707103 0.000000 -0.707111
vn -0.707103 0.000000 -0.707111
vn -0.707103 0.000000 -0.707111
vn 0.000000 0.707106 -0.707108
vn 0.000000 0.707106 -0.707108
vn 0.000000 0.707106 -0.707108
vn 0.000000 0.707106 -0.707108
vn 0.717665 0.696389 -0.000077
vn 0.717665 0.696389 -0.000077
vn 0.718049 0.695989 0.002182
vn 0.707103 0.000000 -0.707111
vn 0.707103 0.000000 -0.707111
vn 0.707103 0.000000 -0.707111
vn 0.707103 0.000000 -0.707111
vn 0.000000 -0.707106 -0.707108
vn 0.000000 -0.707106 -0.707108
vn 0.000000 -0.707106 -0.707108
vn 0.000000 -0.707106 -0.707108
vn 0.717665 -0.696389 -0.000077
vn 0.717665 -0.696389 -0.000077
vn 0.718049 -0.695989 0.002182
vn 0.546379 0.000000 0.837538
vn 0.999945 0.000000 0.010474
vn 0.999945 0.000000 0.010474
vn 0.546379 0.000000 0.837538
vn -0.719813 0.694168 0.000127
vn -0.719813 0.694168 0.000127
vn -0.719813 0.694168 0.000127
vn -0.719813 0.694168 0.000127
vn -0.037723 0.699302 -0.713831
vn -0.037723 0.699302 -0.713831
vn 0.104651 0.740124 -0.664278
vn -0.035252 0.699064 -0.714190
vn -0.706081 -0.038102 -0.707105
vn -0.706081 -0.038102 -0.707105
vn -0.706081 -0.038102 -0.707105
vn -0.706081 -0.038102 -0.707105
vn 0.637344 0.710795 -0.297595
vn 0.640598 0.712208 -0.287043
vn 0.640598 0.712208 -0.287043
vn 0.551085 0.000111 -0.834449
vn 0.551085 0.000111 -0.834449
vn 0.551085 0.000111 -0.834449
vn 0.551085 0.000111 -0.834449
vn -0.642656 -0.766155 0.000054
vn -0.642656 -0.766155 0.000054
vn -0.642656 -0.766155 0.000054
vn -0.642656 -0.766155 0.000054
vn 0.037488 -0.698077 -0.715041
vn 0.037488 -0.698077 -0.715041
vn 0.040088 -0.697670 -0.715297
vn 0.167308 -0.731253 -0.661269
vn 0.664777 -0.693519 -0.277675
vn 0.667389 -0.694894 -0.267794
vn 0.667389 -0.694894 -0.267794
vn -0.480058 -0.055671 0.875469
vn -0.480058 -0.055671 0.875469
vn -0.480058 -0.055671 0.875468
vn -0.480058 -0.055671 0.875469
vn 0.392190 -0.732129 0.556933
vn 0.392190 -0.732129 0.556933
vn 0.392190 -0.732129 0.556933
vn 0.392190 -0.732129 0.556933
vn -0.707119 -0.707095 0.000000
vn -0.707119 -0.707095 0.000000
vn -0.707119 -0.707095 0.000000
vn -0.707119 -0.707095 0.000000
vn 0.000000 -0.707111 0.707102
vn 0.000000 -0.707111 0.707102
vn 0.000000 -0.707111 0.707102
vn 0.000000 -0.707111 0.707102
vn -0.707123 0.000000 0.707090
vn -0.707123 0.000000 0.707090
vn -0.707123 0.000000 0.707090
vn -0.707123 0.000000 0.707090
vn 0.719090 -0.694917 0.000358
vn 0.719090 -0.694917 0.000358
vn 0.510764 -0.698601 -0.501075
vn 0.720666 -0.693243 -0.007343
vn 0.707123 0.000000 0.707090
vn 0.707123 0.000000 0.707090
vn 0.707123 0.000000 0.707090
vn 0.707123 0.000000 0.707090
vn -0.707119 0.707094 0.000000
vn -0.707119 0.707094 0.000000
vn -0.707119 0.707094 0.000000
vn -0.707119 0.707094 0.000000
vn 0.000000 0.707111 0.707102
vn 0.000000 0.707111 0.707102
vn 0.000000 0.707111 0.707102
vn 0.000000 0.707111 0.707102
vn 0.719091 0.694916 0.000358
vn 0.719091 0.694916 0.000358
vn 0.720667 0.693243 -0.007343
vn 0.512056 0.696250 -0.503026
vn -0.707105 0.000000 -0.707108
vn -0.707105 0.000000 -0.707108
vn -0.707105 0.000000 -0.707108
vn -0.707105 0.000000 -0.707108
vn -0.000440 0.693416 -0.720537
vn -0.000440 0.693416 -0.720537
vn 0.421822 0.690643 -0.587434
vn 0.006092 0.691652 -0.722205
vn 0.029820 0.000016 -0.999555
vn 0.639653 0.000004 -0.768664
vn 0.639649 0.000004 -0.768667
vn 0.029873 0.000016 -0.999554
vn 0.470274 0.680631 -0.561768
vn 0.471749 0.680633 -0.560528
vn -0.000769 -0.696074 -0.717970
vn -0.000769 -0.696074 -0.717970
vn 0.005640 -0.694432 -0.719536
vn 0.420361 -0.693298 -0.585350
vn 0.468727 -0.683287 -0.559834
vn 0.470206 -0.683266 -0.558618
vn 0.646664 0.000002 -0.762775
vn 0.999389 0.000000 -0.034940
vn 0.999389 0.000000 -0.034940
vn 0.646664 0.000002 -0.762775
vn 0.951538 0.000836 0.307529
vn 0.951538 0.000836 0.307529
vn 0.951538 0.000836 0.307529
vn 0.951538 0.000836 0.307529
vn 0.327618 0.745378 0.580585
vn 0.327618 0.745378 0.580585
vn 0.327618 0.745378 0.580585
vn 0.327618 0.745378 0.580585
vn -0.043041 -0.000000 0.999073
vn -0.043041 -0.000000 0.999073
vn -0.043041 -0.000000 0.999073
vn -0.043041 -0.000000 0.999073
vn 0.000000 1.000000 0.000000
vn 0.000000 1.000000 0.000000
vn 0.000000 1.000000 0.000000
vn 0.000000 1.000000 0.000000
vn 0.043041 0.000001 -0.999073
vn 0.043041 0.000001 -0.999073
vn 0.043041 0.000001 -0.999073
vn 0.043041 0.000001 -0.999073
vn 0.000000 -1.000000 0.000000
vn 0.000000 -1.000000 0.000000
vn 0.000000 -1.000000 0.000000
vn 0.000000 -1.000000 0.000000
vn -0.996888 0.075126 -0.023876
vn -0.996888 0.075126 -0.023876
vn -0.996888 0.075126 -0.023876
vn -0.996888 0.075126 -0.023876
vn 0.000000 0.000000 1.000000
vn 0.000000 0.000000 1.000000
vn 0.000000 1.000000 0.000000
vn 0.000000 1.000000 0.000000
vn 0.000000 1.000000 0.000000
vn 0.000000 1.000000 0.000000
vn 0.000000 1.000000 0.000000
vn 0.000000 0.000000 -1.000000
vn 0.000000 0.000000 -1.000000
vn 0.000000 0.000000 -1.000000
vn 0.000000 0.000000 -1.000000
vn 0.000000 -1.000000 0.000000
vn 0.000000 -1.000000 0.000000
vn 0.000000 -1.000000 0.000000
vn 0.000000 -1.000000 0.000000
vn 0.000000 -1.000000 0.000000
vn -1.000000 0.000000 0.000000
vn -1.000000 0.000000 0.000000
vn -1.000000 0.000000 0.000000
vn -1.000000 0.000000 0.000000
vn 0.000000 0.000000 -1.000000
vn 0.000000 0.000000 -1.000000
vn 0.000000 0.000000 -1.000000
vn 0.000000 0.000000 -1.000000
vn 0.053884 -0.998547 0.000000
vn 0.053884 -0.998547 0.000000
vn 0.053884 -0.998547 0.000000
vn 0.053884 -0.998547 0.000000
vn -0.998547 -0.053880 -0.000000
vn -0.998547 -0.053880 -0.000000
vn -0.998547 -0.053880 -0.000000
vn -0.998547 -0.053880 -0.000000
vn 0.000000 0.000000 1.000000
vn 0.000000 0.000000 1.000000
vn 0.000000 0.000000 1.000000
vn 0.000000 0.000000 1.000000
vn 0.000000 1.000000 0.000000
vn 0.000000 1.000000 0.000000
vn 0.000000 1.000000 0.000000
vn 0.000000 1.000000 0.000000
vn 0.000000 1.000000 0.000000
vn 0.000000 0.000000 -1.000000
vn 0.000000 0.000000 -1.000000
vn 0.000000 -1.000000 0.000000
vn 0.000000 -1.000000 0.000000
vn 0.000000 -1.000000 0.000000
vn 0.000000 -1.000000 0.000000
vn 0.000000 -1.000000 0.000000
vn 1.000000 0.000000 0.000000
vn 1.000000 0.000000 0.000000
vn -1.000000 0.000000 0.000000
vn -1.000000 0.000000 0.000000
vn -1.000000 0.000000 0.000000
vn -1.000000 0.000000 0.000000
vn 1.000000 0.000000 0.000000
vn 1.000000 0.000000 0.000000
vn -0.053884 0.998547 -0.000000
vn -0.053884 0.998547 -0.000000
vn -0.053884 0.998547 -0.000000
vn -0.053884 0.998547 -0.000000
vn 0.936661 0.000004 -0.350236
vn 0.936661 0.000004 -0.350236
vn 0.936661 0.000004 -0.350236
vn 0.936661 0.000004 -0.350236
vn 0.920720 0.000000 -0.390225
vn 0.920720 0.000000 -0.390225
vn 0.920720 0.000000 -0.390225
vn 0.920720 0.000000 -0.390225
vn 0.535431 0.000000 0.844579
vn 0.535431 0.000000 0.844579
vn 0.535431 0.000000 0.844579
vn 0.535431 0.000000 0.844579
vn -0.594717 -0.570660 0.566267
vn -0.594717 -0.570661 0.566267
vn -0.594717 -0.570660 0.566267
vn 0.616533 -0.663284 0.424196
vn 0.616533 -0.663284 0.424196
vn 0.616533 -0.663284 0.424196
vn -0.601650 0.577370 0.551961
vn -0.601650 0.577370 0.551961
vn -0.601650 0.577370 0.551961
vn 0.610921 0.655752 0.443582
vn 0.610921 0.655752 0.443582
vn 0.610921 0.655752 0.443582
vn -0.543507 0.582566 -0.604331
vn -0.609644 -0.546071 -0.574578
vn -0.609644 -0.546071 -0.574578
vn -0.609644 -0.546072 -0.574578
vn -0.577350 -0.577344 0.577357
vn -0.577350 -0.577344 0.577357
vn -0.577349 -0.577344 0.577357
vn -0.577349 0.577344 0.577358
vn -0.577349 0.577344 0.577358
vn -0.577349 0.577344 0.577358
vn -0.577332 0.577371 -0.577347
vn -0.577332 0.577371 -0.577347
vn -0.577332 0.577371 -0.577347
vn 0.577345 0.577345 -0.577360
vn 0.577345 0.577345 -0.577360
vn 0.577345 0.577345 -0.577360
vn -0.577333 -0.577372 -0.577346
vn -0.577333 -0.577372 -0.577346
vn -0.577333 -0.577372 -0.577346
vn 0.577346 -0.577346 -0.577359
vn 0.577346 -0.577346 -0.577359
vn 0.577346 -0.577346 -0.577359
vn -0.607619 0.545402 -0.577352
vn -0.607619 0.545402 -0.577352
vn -0.607619 0.545402 -0.577352
vn -0.545412 -0.607601 -0.577361
vn -0.545412 -0.607601 -0.577361
vn -0.545412 -0.607601 -0.577361
vn -0.287566 -0.763872 0.577760
vn -0.287566 -0.763872 0.577760
vn -0.287566 -0.763872 0.577760
vn -0.577339 -0.577378 0.577334
vn -0.577339 -0.577378 0.577333
vn -0.577339 -0.577378 0.577334
vn 0.577365 -0.577326 0.577359
vn 0.577365 -0.577326 0.577359
vn 0.577365 -0.577326 0.577359
vn -0.577339 0.577378 0.577334
vn -0.577339 0.577378 0.577334
vn -0.577339 0.577378 0.577334
vn 0.577365 0.577326 0.577360
vn 0.577365 0.577326 0.577360
vn 0.577365 0.577326 0.577360
vn -0.577326 0.577365 -0.577360
vn -0.577326 0.577365 -0.577360
vn -0.577326 0.577365 -0.577360
vn -0.577326 -0.577365 -0.577359
vn -0.577326 -0.577365 -0.577359
vn -0.577326 -0.577365 -0.577359
vn 0.778009 -0.583355 0.233237
vn 0.778009 -0.583355 0.233237
vn 0.778009 -0.583355 0.233237
vn -0.361054 0.711159 0.603235
vn -0.361054 0.711159 0.603235
vn -0.361054 0.711159 0.603235
vn 0.768031 0.591911 0.244477
vn 0.768031 0.591911 0.244477
vn 0.768031 0.591911 0.244477
vn -0.637537 -0.770420 0.000442
vn -0.637537 -0.770420 0.000442
vn -0.638548 -0.769575 -0.003264
vn -0.620489 -0.780919 -0.071827
vn 0.079296 -0.717713 0.691809
vn 0.079296 -0.717713 0.691809
vn 0.079296 -0.717713 0.691809
vn 0.079296 -0.717713 0.691809
vn -0.702859 -0.077386 0.707107
vn -0.702859 -0.077386 0.707107
vn -0.702859 -0.077386 0.707107
vn -0.702859 -0.077386 0.707107
vn 0.699122 -0.664676 -0.263503
vn 0.699122 -0.664676 -0.263503
vn 0.699122 -0.664676 -0.263503
vn 0.699122 -0.664676 -0.263503
vn 0.832357 0.092900 0.546399
vn 0.832357 0.092900 0.546399
vn 0.832357 0.092900 0.546399
vn 0.832357 0.092900 0.546399
vn -0.792139 0.610341 0.000253
vn -0.792139 0.610341 0.000253
vn -0.777565 0.624672 -0.071952
vn -0.792959 0.609265 -0.003344
vn -0.078004 0.714729 0.695038
vn -0.078004 0.714729 0.695038
vn -0.078004 0.714729 0.695038
vn -0.078004 0.714729 0.695038
vn 0.537765 0.800859 -0.263503
vn 0.537765 0.800858 -0.263503
vn 0.537765 0.800858 -0.263503
vn 0.537765 0.800859 -0.263503
vn -0.627082 0.644584 -0.437354
vn -0.609276 0.653308 -0.449412
vn -0.609276 0.653308 -0.449412
vn -0.993841 -0.109409 -0.017588
vn -0.812378 -0.089384 -0.576240
vn -0.812611 -0.089410 -0.575907
vn -0.993842 -0.109409 -0.017546
vn -0.470999 -0.765739 -0.437954
vn -0.452541 -0.770220 -0.449408
vn -0.452541 -0.770220 -0.449408
vn 0.145322 0.016000 -0.989255
vn 0.145322 0.016000 -0.989255
vn 0.145322 0.016000 -0.989255
vn 0.145322 0.016000 -0.989255
vn -0.000000 0.000000 1.000000
vn -0.000000 0.000000 1.000000
vn -0.000000 0.000000 1.000000
vn -0.000000 0.000000 1.000000
vn -0.109439 0.993994 0.000000
vn -0.109439 0.993994 0.000000
vn -0.109439 0.993994 0.000000
vn -0.109439 0.993994 0.000000
vn 0.109439 -0.993994 -0.000000
vn 0.109439 -0.993994 -0.000000
vn 0.109439 -0.993994 -0.000000
vn 0.109439 -0.993994 -0.000000
vn -0.993994 -0.109439 -0.000000
vn -0.993994 -0.109439 -0.000000
vn 0.915189 0.100763 -0.390226
vn 0.915189 0.100763 -0.390226
vn 0.915189 0.100763 -0.390226
vn 0.915189 0.100763 -0.390226
vn -0.763872 -0.084103 -0.639865
vn -0.763872 -0.084103 -0.639865
vn -0.510706 -0.637059 0.577353
vn -0.510706 -0.637059 0.577352
vn -0.510706 -0.637059 0.577352
vn 0.703002 -0.589900 0.397248
vn 0.703002 -0.589900 0.397248
vn 0.703002 -0.589900 0.397248
vn -0.637067 0.510701 0.577347
vn -0.637067 0.510701 0.577347
vn -0.637067 0.510701 0.577347
vn 0.553881 0.720732 0.416847
vn 0.553881 0.720732 0.416847
vn 0.553881 0.720732 0.416847
vn 0.027264 0.706913 -0.706775
vn 0.027264 0.706913 -0.706775
vn 0.027264 0.706913 -0.706775
vn 0.180410 -0.684062 -0.706761
vn 0.180410 -0.684062 -0.706761
vn 0.180410 -0.684062 -0.706761
vn -0.741160 -0.671188 0.013712
vn -0.741160 -0.671188 0.013712
vn -0.741160 -0.671188 0.013712
vn -0.741160 -0.671188 0.013712
vn 0.006255 -0.703309 0.710857
vn 0.006255 -0.703309 0.710857
vn 0.553626 -0.687731 0.469600
vn 0.048260 -0.693282 0.719049
vn -0.698320 0.044689 0.714389
vn -0.698320 0.044689 0.714389
vn -0.698320 0.044689 0.714389
vn -0.698320 0.044689 0.714389
vn 0.568796 -0.683063 0.458143
vn 0.589614 -0.688428 0.422401
vn 0.570625 -0.683033 0.455909
vn 0.194300 -0.002448 0.980939
vn 0.775273 -0.000032 0.631627
vn 0.775045 -0.000034 0.631905
vn 0.187698 -0.002465 0.982224
vn -0.658763 0.752209 0.014601
vn -0.658763 0.752209 0.014601
vn -0.658637 0.752357 0.012508
vn -0.690906 0.719564 -0.069832
vn 0.041953 0.690295 0.722310
vn 0.041953 0.690295 0.722310
vn 0.101042 0.674678 0.731164
vn 0.575950 0.671030 0.466905
vn 0.586666 0.667776 0.458147
vn 0.588300 0.667793 0.456021
vn 0.605159 0.673577 0.424355
vn -0.736484 0.355608 -0.575443
vn -0.738916 0.344383 -0.579140
vn -0.738916 0.344383 -0.579140
vn -0.067172 0.778942 -0.623489
vn -0.067172 0.778942 -0.623489
vn -0.067172 0.778942 -0.623489
vn -0.067172 0.778942 -0.623489
vn 0.728196 0.685298 0.009823
vn 0.728196 0.685298 0.009823
vn 0.731932 0.681302 0.010150
vn 0.728584 0.684889 0.009607
vn 0.657632 0.007210 -0.753305
vn 0.657632 0.007210 -0.753304
vn 0.657632 0.007210 -0.753305
vn 0.657632 0.007210 -0.753305
vn -0.022389 -0.619422 -0.784739
vn -0.022389 -0.619422 -0.784739
vn -0.022389 -0.619422 -0.784739
vn -0.022389 -0.619422 -0.784739
vn 0.724675 -0.688946 -0.014102
vn 0.724675 -0.688946 -0.014102
vn 0.725165 -0.688431 -0.014090
vn 0.729975 -0.683332 -0.013903
vn 0.999814 0.005602 -0.018449
vn 0.999815 0.005444 -0.018453
vn 0.999815 0.005444 -0.018453
vn 0.999814 0.005602 -0.018449
vn 0.738615 -0.673991 -0.013566
vn 0.741454 -0.671004 0.000539
vn 0.738164 0.674531 0.010997
vn 0.740761 0.671318 0.024602
vn 0.783776 0.000050 0.621043
vn 0.998995 0.005177 0.044529
vn 0.999022 0.005182 0.043919
vn 0.783692 0.000049 0.621150
vn 0.019406 -0.002843 0.999808
vn 0.019406 -0.002843 0.999808
vn 0.029099 0.999532 0.009483
vn 0.029099 0.999532 0.009483
vn 0.029099 0.999532 0.009483
vn 0.029099 0.999532 0.009483
vn 0.029099 0.999532 0.009483
vn 0.029099 0.999532 0.009483
vn -0.073479 0.260288 -0.962731
vn -0.073479 0.260288 -0.962731
vn -0.073479 0.260288 -0.962731
vn -0.073479 0.260288 -0.962731
vn -0.000226 -1.000000 0.000004
vn -0.000226 -1.000000 0.000004
vn -0.000226 -1.000000 0.000004
vn -0.000226 -1.000000 0.000004
vn -0.000226 -1.000000 0.000004
vn -0.000226 -1.000000 0.000004
vn -0.997603 0.066659 0.018583
vn -0.997603 0.066659 0.018583
vn -0.997603 0.066659 0.018583
vn -0.997603 0.066659 0.018583
vn 0.999815 0.005432 -0.018453
vn 0.999815 0.005432 -0.018453
vn -0.592514 -0.565440 0.573763
vn -0.592514 -0.565440 0.573763
vn -0.592514 -0.565440 0.573763
vn -0.525330 0.613066 0.590067
vn -0.525330 0.613066 0.590067
vn -0.525330 0.613066 0.590067
vn 0.494985 0.577659 -0.649076
vn 0.494985 0.577659 -0.649076
vn 0.494985 0.577659 -0.649076
vn -0.704767 -0.356802 -0.613185
vn -0.704767 -0.356802 -0.613185
vn -0.704767 -0.356802 -0.613185
vn 0.568580 -0.578347 -0.585006
vn 0.568580 -0.578347 -0.585006
vn 0.568580 -0.578347 -0.585006
s 1
g pCube14
usemtl lambert1SG
f 1/796/1 109/797/2 110/798/3 3/799/4
s 2
f 3/422/5 110/423/6 111/424/7 5/425/8
s 3
f 5/802/9 111/803/10 112/804/11 7/805/12
s 4
f 7/428/13 112/429/14 109/430/15 1/431/16
s off
f 2/1/17 8/2/18 6/3/19 4/4/20
f 7/5/21 1/6/22 3/7/23 5/8/24
f 9/808/25 10/809/26 12/810/27 11/811/28
s 5
f 11/434/29 12/435/30 108/436/31 105/437/32
s off
f 13/812/33 14/813/34 16/814/35 15/815/36
s 6
f 106/440/37 107/441/38 10/442/39 9/443/40
s 7
f 10/9/41 107/10/42 108/11/43 12/12/44
s 8
f 105/15/45 106/16/46 9/17/47 11/18/48
s off
f 17/816/49 18/817/50 20/818/51 19/819/52
f 19/446/53 20/447/54 22/448/55 21/449/56
f 21/820/57 22/821/58 24/822/59 23/823/60
f 23/450/61 24/451/62 18/452/63 17/453/64
f 18/21/65 24/22/66 22/23/67 20/24/68
f 23/25/69 17/26/70 19/27/71 21/28/72
f 25/824/73 26/825/74 28/826/75 27/827/76
f 27/454/77 28/455/78 30/456/79 29/457/80
f 29/828/81 30/829/82 32/830/83 31/831/84
f 31/458/85 32/459/86 26/460/87 25/461/88
f 26/29/89 32/30/90 30/31/91 28/32/92
f 31/33/93 25/34/94 27/35/95 29/36/96
f 33/832/97 34/833/98 36/834/99 35/835/100
f 35/462/101 36/463/102 38/464/103 37/465/104
f 37/836/105 38/837/106 40/838/107 39/839/108
f 39/466/109 40/467/110 34/468/111 33/469/112
f 34/37/113 40/38/114 38/39/115 36/40/116
f 39/41/117 33/42/118 35/43/119 37/44/120
f 41/840/121 42/841/122 44/842/123 43/843/124
f 43/470/125 44/471/126 46/472/127 45/473/128
f 45/844/129 46/845/130 48/846/131 47/847/132
f 47/474/133 48/475/134 42/476/135 41/477/136
f 42/45/137 48/46/138 46/47/139 44/48/140
f 47/49/141 41/50/142 43/51/143 45/52/144
f 49/848/145 50/849/146 52/850/147 51/851/148
f 51/478/149 52/479/150 54/480/151 53/481/152
f 53/852/153 54/853/154 56/854/155 55/855/156
f 55/482/157 56/483/158 50/484/159 49/485/160
f 50/53/161 56/54/162 54/55/163 52/56/164
f 55/57/165 49/58/166 51/59/167 53/60/168
f 57/856/169 58/857/170 60/858/171 59/859/172
f 59/486/173 60/487/174 62/488/175 61/489/176
f 61/860/177 62/861/178 64/862/179 63/863/180
f 63/490/181 64/491/182 58/492/183 57/493/184
f 58/61/185 64/62/186 62/63/187 60/64/188
f 63/65/189 57/66/190 59/67/191 61/68/192
s 9
f 65/864/193 93/865/194 94/866/195 67/867/196
s 10
f 67/494/197 94/495/198 95/496/199 89/497/200
s 11
f 69/872/201 96/873/202 97/874/203 71/875/204
s 12
f 90/506/205 98/507/206 93/508/207 65/509/208
s 13
f 66/69/209 91/70/210 92/71/211 68/72/212
s 14
f 89/75/213 90/76/214 65/77/215 67/78/216
s off
f 73/880/217 74/881/218 76/882/219 75/883/220
f 75/518/221 76/519/222 78/520/223 77/521/224
f 77/884/225 78/885/226 80/886/227 79/887/228
f 79/522/229 80/523/230 74/524/231 73/525/232
f 74/81/233 80/82/234 78/83/235 76/84/236
f 79/85/237 73/86/238 75/87/239 77/88/240
f 81/888/241 82/889/242 84/890/243 83/891/244
f 83/526/245 84/527/246 86/528/247 85/529/248
f 85/892/249 86/893/250 88/894/251 87/895/252
f 87/530/253 88/531/254 82/532/255 81/533/256
f 82/89/257 88/90/258 86/91/259 84/92/260
f 87/93/261 81/94/262 83/95/263 85/96/264
s 14
f 71/79/265 90/76/214 89/75/213 69/80/266
s 12
f 71/510/267 97/511/268 98/507/206 90/506/205
s 13
f 92/71/211 91/70/210 72/73/269 70/74/270
s 10
f 89/497/200 95/496/199 96/500/271 69/501/272
s 9
f 100/869/273 101/868/274 66/870/275 68/871/276
s 10
f 99/499/277 100/498/278 68/502/279 92/503/280
f 104/504/281 99/499/277 92/503/280 70/505/282
s 11
f 103/877/283 104/876/284 70/878/285 72/879/286
s 12
f 102/512/287 103/514/288 72/517/289 91/515/290
f 101/513/291 102/512/287 91/515/290 66/516/292
s 10
f 95/496/199 94/495/198 100/498/278 99/499/277
s 9
f 94/866/195 93/865/194 101/868/274 100/869/273
s 12
f 93/508/207 98/507/206 102/512/287 101/513/291
f 98/507/206 97/511/268 103/514/288 102/512/287
s 11
f 97/874/203 96/873/202 104/876/284 103/877/283
s 10
f 96/500/271 95/496/199 99/499/277 104/504/281
s 8
f 15/19/293 106/16/46 105/15/45 13/20/294
s 6
f 15/444/295 16/445/296 107/441/38 106/440/37
s 7
f 108/11/43 107/10/42 16/13/297 14/14/298
s 5
f 105/437/32 108/436/31 14/438/299 13/439/300
s 1
f 110/798/3 109/797/2 2/800/301 4/801/302
s 2
f 111/424/7 110/423/6 4/426/303 6/427/304
s 3
f 112/804/11 111/803/10 6/806/305 8/807/306
s 4
f 109/430/15 112/429/14 8/432/307 2/433/308
s off
f 113/118/309 115/114/310 125/113/311 127/119/312
f 114/555/313 113/552/314 118/551/315 117/556/316
s 15
f 115/114/317 114/120/318 132/121/319 131/115/320
s 16
f 116/97/321 118/101/322 307/102/323 308/98/324
s off
f 117/107/325 116/97/326 135/100/327 134/108/328
s 17
f 119/124/329 121/117/330 142/116/331 141/125/332
s off
f 120/546/333 119/542/334 123/541/335 122/547/336
f 121/117/337 120/126/338 126/127/339 125/113/340
f 122/110/341 124/104/342 130/103/343 129/111/344
s 18
f 124/104/345 123/112/346 309/105/347 310/99/348
s off
f 127/548/349 126/553/350 129/554/351 128/549/352
s 17
f 131/115/353 133/122/354 140/123/355 142/116/331
s 15
f 133/543/356 132/544/319 138/538/357 137/534/358
f 134/545/359 136/539/360 139/535/361 138/538/357
s 19
f 137/534/362 139/535/363 141/536/364 140/537/365
s off
f 120/896/366 122/897/367 129/898/368 126/899/369
f 127/548/370 128/549/371 307/550/372 118/551/373 113/552/374
s 20
f 116/97/375 308/98/376 310/99/377 135/100/378
s 19
f 140/537/365 133/543/379 137/534/362
s off
f 114/900/380 117/901/381 134/902/382 138/903/383 132/904/384
s 19
f 141/536/364 139/535/363 136/539/385 309/540/386 123/541/387 119/542/388
s off
f 125/113/389 115/114/390 131/115/391 142/116/392 121/117/393
f 113/118/394 114/120/395 115/114/396
f 116/97/397 117/107/398 118/101/399
f 119/124/400 120/126/401 121/117/402
f 122/110/403 123/112/404 124/104/405
f 125/113/406 126/127/407 127/119/408
f 128/109/409 129/111/410 130/103/411
s 15
f 131/115/320 132/121/319 133/122/356
s off
f 134/108/412 135/100/413 136/106/414
s 15
f 137/534/358 138/538/357 139/535/361
s 17
f 140/123/355 141/125/332 142/116/331
s off
f 143/132/415 145/129/416 161/128/417 163/133/418
f 144/650/419 143/647/420 148/646/421 147/651/422
f 145/129/423 144/134/424 150/135/425 149/130/426
f 146/248/427 148/253/428 165/254/429 164/249/430
f 147/261/431 146/248/432 154/252/433 153/262/434
f 149/130/435 151/136/436 156/137/437 155/131/438
f 151/562/439 150/568/440 153/569/441 152/563/442
s 21
f 152/259/443 154/252/444 168/251/445 167/260/446
s off
f 155/131/447 157/138/448 162/139/449 161/128/450
s 22
f 157/567/451 156/564/452 160/558/453 159/561/454
s 23
f 158/557/455 160/558/456 167/559/457 169/560/458
s 22
f 159/561/454 158/557/459 304/565/460 306/566/461
s off
f 163/644/462 162/648/463 166/649/464 165/645/465
s 24
f 164/249/466 166/255/467 306/256/468 305/250/469
s 21
f 169/257/470 168/251/445 305/250/471 304/258/472
s 25
f 170/238/473 172/234/474 184/233/475 186/239/476
s 26
f 171/583/477 170/577/478 176/571/479 175/575/480
s 27
f 172/234/481 171/240/482 192/241/483 191/235/484
s 28
f 173/570/485 176/571/486 189/572/487 188/573/488
s 26
f 174/574/489 173/570/490 194/581/491 196/582/492
s 29
f 175/905/493 174/906/494 296/907/495 300/908/496
s 30
f 177/244/497 179/237/498 303/236/499 302/245/500
s 31
f 178/599/501 177/593/502 181/587/503 180/590/504
s off
f 179/237/505 178/246/506 185/247/507 184/233/508
s 32
f 180/913/509 183/914/510 187/915/511 190/916/512
s 33
f 182/586/513 181/587/514 298/588/515 297/589/516
s 31
f 183/591/517 182/586/518 200/598/519 202/600/520
s 34
f 186/576/521 185/584/522 190/579/523 189/572/524
f 188/573/525 187/578/526 203/585/527 205/580/528
s 30
f 191/235/529 193/242/530 301/243/531 303/236/499
s 27
f 193/603/532 192/604/483 300/596/533 299/595/534
s off
f 195/140/535 194/144/536 205/145/537 204/141/538
f 196/150/539 195/140/540 198/143/541 197/151/542
s 27
f 197/602/543 199/597/544 297/589/545 296/594/546
s off
f 199/148/547 198/143/548 201/142/549 200/149/550
f 202/146/551 201/142/552 204/141/553 203/147/554
f 206/208/555 208/204/556 218/203/557 220/209/558
f 207/658/559 206/655/560 211/654/561 210/659/562
s 35
f 208/204/563 207/210/564 225/211/565 224/205/566
s off
f 209/152/567 211/156/568 221/157/569 223/153/570
f 210/162/571 209/152/572 228/155/573 227/163/574
s 35
f 212/214/575 214/207/576 292/206/577 291/215/578
s off
f 213/642/579 212/638/580 216/637/581 215/643/582
f 214/207/583 213/216/584 219/217/585 218/203/586
f 215/158/587 217/154/588 223/153/589 222/159/590
f 217/154/591 216/160/592 229/161/593 228/155/594
f 220/652/595 219/656/596 222/657/597 221/653/598
s 35
f 224/205/566 226/212/599 290/213/600 292/206/577
s 37
f 226/639/601 225/640/602 288/635/603 287/631/604
f 227/641/605 229/636/606 289/632/607 288/635/603
s off
f 230/193/608 232/189/609 242/188/610 244/194/611
f 231/666/612 230/663/613 235/662/614 234/667/615
s 38
f 232/189/616 231/195/617 249/196/618 248/190/619
s off
f 233/164/620 235/168/621 245/169/622 247/165/623
f 234/174/624 233/164/625 252/167/626 251/175/627
s 39
f 236/199/628 238/192/629 286/191/630 285/200/631
s off
f 237/629/632 236/625/633 240/624/634 239/630/635
f 238/192/636 237/201/637 243/202/638 242/188/639
f 239/170/640 241/166/641 247/165/642 246/171/643
f 241/166/644 240/172/645 253/173/646 252/167/647
f 244/660/648 243/664/649 246/665/650 245/661/651
s 39
f 248/190/652 250/197/653 284/198/654 286/191/630
s 40
f 250/626/655 249/627/656 282/622/657 281/618/658
f 251/628/659 253/623/660 283/619/661 282/622/657
s off
f 254/180/662 256/177/663 272/176/664 274/181/665
f 255/674/666 254/671/667 259/670/668 258/675/669
f 256/177/670 255/182/671 261/183/672 260/178/673
f 257/218/674 259/223/675 276/224/676 275/219/677
f 258/231/678 257/218/679 265/222/680 264/232/681
f 260/178/682 262/184/683 267/185/684 266/179/685
f 262/610/686 261/616/687 264/617/688 263/611/689
s 41
f 263/229/690 265/222/691 279/221/692 278/230/693
s off
f 266/179/694 268/186/695 273/187/696 272/176/697
s 42
f 268/615/698 267/612/699 271/606/700 270/609/701
s 43
f 269/605/702 271/606/703 278/607/704 280/608/705
s 42
f 270/609/701 269/605/706 293/613/707 295/614/708
s off
f 274/668/709 273/672/710 277/673/711 276/669/712
s 41
f 275/219/713 277/225/714 295/226/715 294/220/716
f 280/227/717 279/221/692 294/220/716 293/228/718
s 45
f 281/618/719 283/619/720 285/620/721 284/621/722
s 46
f 287/631/723 289/632/724 291/633/725 290/634/726
s 33
f 299/595/727 298/588/515 302/592/728 301/601/729
s off
f 144/921/730 147/922/731 153/923/732 150/924/733
s 23
f 169/560/458 304/565/734 158/557/455
s off
f 163/644/735 165/645/736 148/646/737 143/647/738
f 161/128/739 145/129/740 149/130/741 155/131/742
s 32
f 187/915/511 183/914/510 202/917/743 203/918/744
s 28
f 173/570/485 188/573/488 205/580/745 194/581/746
s off
f 195/140/747 204/141/748 201/142/749 198/143/750
s 33
f 301/601/729 193/603/751 299/595/727
s off
f 213/925/752 215/926/753 222/927/754 219/928/755
f 220/652/756 221/653/757 211/654/758 206/655/759
f 209/152/760 223/153/761 217/154/762 228/155/763
s 46
f 290/634/726 226/639/764 287/631/723
s off
f 237/929/765 239/930/766 246/931/767 243/932/768
f 244/660/769 245/661/770 235/662/771 230/663/772
f 233/164/773 247/165/774 241/166/775 252/167/776
s 45
f 284/621/722 250/626/777 281/618/719
s off
f 255/933/778 258/934/779 264/935/780 261/936/781
s 43
f 280/608/705 293/613/782 269/605/702
s off
f 274/668/783 276/669/784 259/670/785 254/671/786
f 272/176/787 256/177/788 260/178/789 266/179/790
f 231/937/791 234/938/792 251/939/793 282/940/794 249/941/795
s 45
f 285/620/721 283/619/720 253/623/796 240/624/797 236/625/798
s off
f 242/188/799 232/189/800 248/190/801 286/191/802 238/192/803
f 207/942/804 210/943/805 227/944/806 288/945/807 225/946/808
s 46
f 291/633/725 289/632/724 229/636/809 216/637/810 212/638/811
s off
f 218/203/812 208/204/813 224/205/814 292/206/815 214/207/816
f 257/218/817 275/219/818 294/220/819 279/221/820 265/222/821
f 268/947/822 270/948/823 295/949/824 277/950/825 273/951/826
s 43
f 262/610/827 263/611/828 278/607/704 271/606/703 267/612/829
s 29
f 296/907/495 174/906/494 196/909/830 197/910/831
s 33
f 302/592/728 298/588/515 181/587/514 177/593/832
s off
f 184/233/833 172/234/834 191/235/835 303/236/836 179/237/837
s 33
f 182/586/513 297/589/516 199/597/838 200/598/839
s 29
f 171/911/840 175/905/493 300/908/496 192/912/841
s 28
f 186/576/842 189/572/487 176/571/486 170/577/843
s 32
f 178/919/844 180/913/509 190/916/512 185/920/845
s off
f 146/248/846 164/249/847 305/250/848 168/251/849 154/252/850
f 157/952/851 159/953/852 306/954/853 166/955/854 162/956/855
s 23
f 151/562/856 152/563/857 167/559/457 160/558/456 156/564/858
s off
f 143/132/859 144/134/860 145/129/861
f 146/248/862 147/261/863 148/253/864
f 149/130/865 150/135/866 151/136/867
f 152/259/868 153/262/869 154/252/870
f 155/131/871 156/137/872 157/138/873
s 22
f 158/557/459 159/561/454 160/558/453
s off
f 161/128/874 162/139/875 163/133/876
f 164/249/877 165/254/878 166/255/879
s 21
f 167/260/446 168/251/445 169/257/470
s off
f 170/238/880 171/240/881 172/234/882
s 26
f 173/570/490 174/574/489 175/575/480 176/571/479
s off
f 177/244/883 178/246/884 179/237/885
s 31
f 180/590/504 181/587/503 182/586/518 183/591/517
s 25
f 184/233/475 185/247/886 186/239/476
s 34
f 187/578/526 188/573/525 189/572/524 190/579/523
s 27
f 191/235/484 192/241/483 193/242/532
s off
f 194/144/887 195/140/888 196/150/889
f 197/151/890 198/143/891 199/148/892
f 200/149/893 201/142/894 202/146/895
f 203/147/896 204/141/897 205/145/898
f 206/208/899 207/210/900 208/204/901
f 209/152/902 210/162/903 211/156/904
f 212/214/905 213/216/906 214/207/907
f 215/158/908 216/160/909 217/154/910
f 218/203/911 219/217/912 220/209/913
f 221/157/914 222/159/915 223/153/916
s 35
f 224/205/566 225/211/565 226/212/599
s off
f 227/163/917 228/155/918 229/161/919
f 230/193/920 231/195/921 232/189/922
f 233/164/923 234/174/924 235/168/925
f 236/199/926 237/201/927 238/192/928
f 239/170/929 240/172/930 241/166/931
f 242/188/932 243/202/933 244/194/934
f 245/169/935 246/171/936 247/165/937
s 38
f 248/190/619 249/196/618 250/197/938
s off
f 251/175/939 252/167/940 253/173/941
f 254/180/942 255/182/943 256/177/944
f 257/218/945 258/231/946 259/223/947
f 260/178/948 261/183/949 262/184/950
f 263/229/951 264/232/952 265/222/953
f 266/179/954 267/185/955 268/186/956
s 42
f 269/605/706 270/609/701 271/606/700
s off
f 272/176/957 273/187/958 274/181/959
f 275/219/960 276/224/961 277/225/962
s 41
f 278/230/693 279/221/692 280/227/717
s 40
f 281/618/658 282/622/657 283/619/661
s 39
f 284/198/654 285/200/631 286/191/630
s 37
f 287/631/604 288/635/603 289/632/607
s 35
f 290/213/600 291/215/578 292/206/577
s 41
f 293/228/718 294/220/716 295/226/715
s 27
f 296/594/546 297/589/545 298/588/963 299/595/534 300/596/533
s 30
f 301/243/531 302/245/500 303/236/499
s 24
f 304/258/964 305/250/469 306/256/468
s 16
f 308/98/324 307/102/323 128/109/965 130/103/966
s 18
f 310/99/348 309/105/347 136/106/967 135/100/968
s 20
f 310/99/377 308/98/376 130/103/969 124/104/970
s off
f 311/309/971 313/306/972 329/305/973 331/310/974
f 312/691/975 311/688/976 316/687/977 315/692/978
f 313/306/979 312/311/980 318/312/981 317/307/982
s 47
f 314/352/983 316/357/984 332/358/985 334/353/986
s off
f 315/355/987 314/352/988 322/351/989 321/356/990
f 317/307/991 319/313/992 324/314/993 323/308/994
f 319/676/995 318/680/996 321/681/997 320/677/998
s 48
f 320/361/999 322/351/1000 328/354/1001 327/362/1002
s 49
f 323/308/1003 325/315/1004 330/316/1005 329/305/1006
s 48
f 325/682/1007 324/679/1008 327/678/1002 326/683/1009
s off
f 326/359/1010 328/354/1011 334/353/1012 333/360/1013
s 47
f 331/685/1014 330/689/1015 333/690/1016 332/686/985
s off
f 335/321/1017 337/318/1018 353/317/1019 355/322/1020
s 50
f 336/714/1021 335/709/1022 340/708/1023 339/715/1024
s off
f 337/318/1025 336/323/1026 342/324/1027 341/319/1028
s 50
f 338/712/1029 340/708/1023 360/707/1030 359/713/1031
s 51
f 339/957/1032 338/958/1033 346/959/1034 345/960/1035
s off
f 341/319/1036 343/325/1037 348/326/1038 347/320/1039
s 52
f 343/694/1040 342/699/1041 345/700/1042 344/695/1043
f 344/695/1043 346/701/1044 412/702/1045 411/696/1046
s off
f 347/320/1047 349/327/1048 354/328/1049 353/317/1050
f 349/703/1051 348/698/1052 352/697/1053 351/704/1054
s 52
f 350/269/1055 352/276/1056 411/270/1046 410/265/1057
s off
f 351/274/1058 350/269/1059 358/268/1060 357/275/1061
f 355/705/1062 354/710/1063 357/711/1064 356/706/1065
s 50
f 356/273/1066 358/268/1067 361/264/1068 360/267/1030
s 51
f 359/263/1069 361/264/1070 410/265/1071 412/266/1072
s off
f 362/335/1073 364/332/1074 415/331/1075 414/336/1076
s 54
f 363/754/1077 362/751/1078 367/750/1079 366/755/1080
s off
f 364/332/1081 363/337/1082 369/338/1083 368/329/1084
s 54
f 365/297/1085 367/304/1079 417/298/1086 416/293/1087
s off
f 366/302/1088 365/297/1089 373/296/1090 372/303/1091
f 368/329/1092 370/333/1093 375/334/1094 374/330/1095
s 55
f 370/716/1096 369/720/1097 372/721/1098 371/717/1099
f 371/301/1099 373/296/1100 409/292/1101 408/295/1102
s off
f 374/963/1103 376/964/1104 413/965/1105 415/966/1106
f 376/722/1107 375/719/1108 408/718/1109 407/723/1110
f 377/343/1111 379/340/1112 395/339/1113 397/344/1114
f 378/746/1115 377/741/1116 382/740/1117 381/747/1118
f 379/340/1119 378/345/1120 384/346/1121 383/341/1122
s 56
f 380/282/1123 382/288/1124 405/284/1125 404/279/1126
s off
f 381/289/1127 380/282/1128 388/283/1129 387/290/1130
f 383/341/1131 385/347/1132 390/348/1133 389/342/1134
f 385/726/1135 384/731/1136 387/732/1137 386/727/1138
s 57
f 386/287/1139 388/283/1140 403/278/1141 402/281/1142
s off
f 389/342/1143 391/349/1144 396/350/1145 395/339/1146
s 57
f 391/735/1147 390/730/1148 393/729/1149 392/736/1150
s 59
f 392/967/1151 394/968/1152 400/969/1153 399/970/1154
s 57
f 394/733/1155 393/729/1149 402/728/1142 401/734/1156
s 56
f 397/737/1157 396/742/1158 399/743/1159 398/738/1160
f 398/738/1160 400/744/1161 406/745/1162 405/739/1125
s 59
f 401/277/1163 403/278/1164 404/279/1165 406/280/1166
s off
f 407/291/1167 409/292/1168 416/293/1169 418/294/1170
f 414/748/1171 413/752/1172 418/753/1173 417/749/1174
f 312/973/1175 315/974/1176 321/975/1177 318/976/1178
f 319/676/1179 320/677/1180 327/678/1181 324/679/1182
f 325/977/1183 326/978/1184 333/979/1185 330/980/1186
f 331/685/1187 332/686/1188 316/687/1189 311/688/1190
f 329/305/1191 313/306/1192 317/307/1193 323/308/1194
s 51
f 336/961/1195 339/957/1032 345/960/1035 342/962/1196
s off
f 343/694/1197 344/695/1198 411/696/1199 352/697/1200 348/698/1201
f 349/981/1202 351/982/1203 357/983/1204 354/984/1205
f 355/705/1206 356/706/1207 360/707/1208 340/708/1209 335/709/1210
f 353/317/1211 337/318/1212 341/319/1213 347/320/1214
f 363/985/1215 366/986/1216 372/987/1217 369/988/1218
f 370/716/1219 371/717/1220 408/718/1221 375/719/1222
f 368/329/1223 374/330/1224 415/331/1225 364/332/1226
f 378/989/1227 381/990/1228 387/991/1229 384/992/1230
f 385/726/1231 386/727/1232 402/728/1233 393/729/1234 390/730/1235
s 59
f 391/971/1236 392/967/1151 399/970/1154 396/972/1237
s off
f 397/737/1238 398/738/1239 405/739/1240 382/740/1241 377/741/1242
s 59
f 380/282/1243 404/279/1165 403/278/1164 388/283/1244
s off
f 395/339/1245 379/340/1246 383/341/1247 389/342/1248
s 51
f 410/265/1071 361/264/1070 358/268/1249 350/269/1250
s off
f 414/748/1251 417/749/1252 367/750/1253 362/751/1254
f 322/351/1255 314/352/1256 334/353/1257 328/354/1258
f 373/296/1259 365/297/1260 416/293/1261 409/292/1262
s 51
f 346/271/1034 338/272/1033 359/263/1069 412/266/1072
s 59
f 394/285/1152 401/277/1163 406/280/1166 400/286/1153
s off
f 407/291/1263 418/294/1264 413/299/1265 376/300/1266
f 311/309/1267 312/311/1268 313/306/1269
f 314/352/1270 315/355/1271 316/357/1272
f 317/307/1273 318/312/1274 319/313/1275
f 320/361/1276 321/356/1277 322/351/1278
s 49
f 323/308/1003 324/314/1279 325/315/1004
s 48
f 326/683/1009 327/678/1002 328/684/1001
s off
f 329/305/1280 330/316/1281 331/310/1282
s 47
f 332/686/985 333/690/1016 334/693/986
s off
f 335/321/1283 336/323/1284 337/318/1285
s 50
f 338/712/1029 339/715/1024 340/708/1023
s off
f 341/319/1286 342/324/1287 343/325/1288
s 52
f 344/695/1043 345/700/1042 346/701/1044
s off
f 347/320/1289 348/326/1290 349/327/1291
f 350/269/1292 351/274/1293 352/276/1294
f 353/317/1295 354/328/1296 355/322/1297
f 356/273/1298 357/275/1299 358/268/1300
s 50
f 359/263/1031 360/267/1030 361/264/1068
s off
f 362/335/1301 363/337/1302 364/332/1303
s 54
f 365/757/1085 366/755/1080 367/750/1079
s off
f 368/329/1304 369/338/1305 370/333/1306
s 55
f 371/717/1099 372/721/1098 373/724/1100
s off
f 374/725/1307 375/719/1308 376/722/1309
f 377/343/1310 378/345/1311 379/340/1312
f 380/282/1313 381/289/1314 382/288/1315
f 383/341/1316 384/346/1317 385/347/1318
f 386/287/1319 387/290/1320 388/283/1321
f 389/342/1322 390/348/1323 391/349/1324
s 57
f 392/736/1150 393/729/1149 394/733/1155
s off
f 395/339/1325 396/350/1326 397/344/1327
s 56
f 398/738/1160 399/743/1159 400/744/1161
s 57
f 401/277/1156 402/281/1142 403/278/1141
s 56
f 404/279/1126 405/284/1125 406/280/1162
s off
f 407/291/1328 408/295/1329 409/292/1330
s 52
f 410/265/1057 411/270/1046 412/266/1045
s off
f 413/752/1331 414/748/1332 415/756/1333
f 416/293/1334 417/298/1335 418/294/1336
s 62
f 419/375/1337 421/371/1338 435/366/1339 434/370/1340
s off
f 420/765/1341 419/764/1342 424/763/1343 423/766/1344
f 421/371/1345 420/376/1346 426/377/1347 425/372/1348
f 422/380/1349 424/386/1350 441/387/1351 440/381/1352
f 423/384/1353 422/380/1354 430/379/1355 429/385/1356
s 63
f 425/372/1357 427/373/1358 433/367/1359 432/363/1360
s off
f 427/767/1361 426/771/1362 429/772/1363 428/768/1364
f 428/382/1365 430/379/1366 439/378/1367 438/383/1368
s 63
f 431/364/1369 433/367/1359 438/374/1370 437/368/1371
s 64
f 432/363/1372 431/364/1373 436/365/1374 435/366/1375
s 62
f 434/758/1340 436/759/1376 442/760/1377 441/761/1378
s off
f 437/993/1379 439/994/1380 440/995/1381 442/996/1382
f 420/998/1383 423/999/1384 429/1000/1385 426/1001/1386
f 427/767/1387 428/768/1388 438/769/1389 433/770/1390
f 434/758/1391 441/761/1392 424/763/1393 419/764/1394
s 64
f 432/363/1372 435/366/1375 421/371/1395 425/372/1396
s off
f 439/378/1397 430/379/1398 422/380/1399 440/381/1400
s 64
f 431/364/1373 437/368/1401 442/369/1402 436/365/1374
s off
f 419/375/1403 420/376/1404 421/371/1405
f 422/380/1406 423/384/1407 424/386/1408
f 425/372/1409 426/377/1410 427/373/1411
f 428/382/1412 429/385/1413 430/379/1414
s 63
f 431/364/1369 432/363/1360 433/367/1359
s 62
f 434/370/1340 435/366/1339 436/365/1376
s off
f 437/993/1415 438/997/1416 439/994/1417
f 440/762/1418 441/761/1419 442/760/1420
f 443/414/1421 445/411/1422 461/410/1423 463/415/1424
s 65
f 444/793/1425 443/790/1426 448/789/1427 447/794/1428
s off
f 445/411/1429 444/416/1430 450/417/1431 449/412/1432
s 65
f 446/407/1433 448/408/1427 474/398/1434 473/404/1435
s 66
f 447/1002/1436 446/1003/1437 454/1004/1438 453/1005/1439
s 67
f 449/412/1440 451/418/1441 456/419/1442 455/413/1443
s 68
f 451/773/1444 450/779/1445 453/780/1446 452/774/1447
f 452/409/1447 454/406/1448 478/405/1449 477/403/1450
s 67
f 455/413/1443 457/420/1451 462/421/1452 461/410/1453
s off
f 457/781/1454 456/778/1455 460/777/1456 459/782/1457
s 68
f 458/394/1458 460/402/1459 472/395/1460 471/390/1461
s off
f 459/400/1462 458/394/1463 466/393/1464 465/401/1465
f 463/785/1466 462/791/1467 465/792/1468 464/786/1469
s 65
f 464/399/1470 466/393/1471 469/389/1472 468/392/1473
s 66
f 467/388/1474 469/389/1475 471/390/1476 470/391/1477
s 65
f 468/392/1473 467/388/1478 475/397/1479 474/398/1434
s 68
f 470/391/1480 472/395/1460 477/403/1450 476/396/1481
s 66
f 473/404/1482 475/397/1483 476/396/1484 478/405/1485
f 444/1006/1486 447/1002/1436 453/1005/1439 450/1007/1487
s off
f 451/773/1488 452/774/1489 477/775/1490 472/776/1491 460/777/1492 456/778/1493
f 457/1008/1494 459/1009/1495 465/1010/1496 462/1011/1497
f 463/785/1498 464/786/1499 468/787/1500 474/788/1501 448/789/1502 443/790/1503
f 461/410/1504 445/411/1505 449/412/1506 455/413/1507
s 66
f 471/390/1476 469/389/1475 466/393/1508 458/394/1509
f 476/396/1484 475/397/1483 467/388/1474 470/391/1477
f 454/406/1438 446/407/1437 473/404/1482 478/405/1485
s off
f 443/414/1510 444/416/1511 445/411/1512
s 65
f 446/795/1433 447/794/1428 448/789/1427
s off
f 449/412/1513 450/417/1514 451/418/1515
s 68
f 452/774/1447 453/780/1446 454/783/1448
s 67
f 455/413/1443 456/419/1442 457/420/1451
s off
f 458/784/1516 459/782/1517 460/777/1518
f 461/410/1519 462/421/1520 463/415/1521
f 464/399/1522 465/401/1523 466/393/1524
s 65
f 467/388/1478 468/392/1473 469/389/1472
s 68
f 470/391/1480 471/390/1461 472/395/1460
s 65
f 473/404/1435 474/398/1434 475/397/1479
s 68
f 476/396/1481 477/403/1450 478/405/1449
