# This file uses centimeters as units for non-parametric coordinates.

mtllib tengman_low.mtl
g default
v 2.426960 -1.751474 9.081531
v 3.173157 -1.648082 8.989777
v 3.880577 -1.688114 9.042347
v 4.512345 -1.892174 9.265035
v 1.906996 -2.019518 9.266521
v 2.747473 -2.124793 9.377448
v 3.508186 -2.210880 9.471307
v 4.162436 -2.429515 9.716097
v 5.352262 -2.794369 10.103551
v 1.743241 -3.136510 9.851510
v 2.614734 -3.040352 9.750976
v 3.483860 -3.168091 9.884529
v 4.449514 -3.489815 10.220897
v 5.706917 -3.558007 10.806056
v 1.569137 -3.533518 10.924219
v 2.477084 -3.691284 11.100573
v 3.296473 -3.814028 11.213795
v 4.408999 -4.019078 11.413571
v 6.238568 -4.628798 11.507611
v 1.733631 -4.079055 11.605385
v 2.423143 -4.443803 12.012146
v 3.320227 -4.624316 12.192229
v 4.384087 -4.476020 11.997060
v 5.407949 -4.536938 12.000185
v 5.305645 -4.377852 11.254968
v 1.825119 -2.449675 9.681767
v 2.681104 -2.454233 9.686964
v 3.496023 -2.561147 9.800670
v 4.305975 -2.831326 10.091249
v 5.529590 -3.176188 10.454803
v 1.656189 -3.206675 10.510616
v 2.545909 -3.237479 10.548526
v 3.390167 -3.362721 10.671914
v 4.429256 -3.626107 10.939985
v 2.425627 -1.657882 9.201047
v 1.905968 -1.920287 9.381161
v 2.745839 -2.024926 9.491770
v 3.170883 -1.552506 9.107667
v 3.503538 -2.109866 9.584533
v 3.874757 -1.589248 9.157356
v 4.155771 -2.328042 9.828810
v 4.504888 -1.792104 9.378942
v 5.346556 -2.693355 10.216717
v 1.828171 -2.383930 9.811297
v 2.677181 -2.385118 9.822068
v 3.478995 -2.492942 9.935220
v 4.279718 -2.762961 10.224223
v 5.505140 -3.100371 10.579230
v 1.744363 -3.048533 9.939615
v 1.654391 -3.073021 10.571838
v 2.550165 -3.100284 10.613371
v 2.614448 -2.943807 9.868127
v 3.405204 -3.227376 10.739006
v 3.475209 -3.071221 10.001091
v 4.478785 -3.497321 11.003282
v 4.443942 -3.385059 10.330626
v 5.677860 -3.494290 10.939122
v 5.321859 -4.255239 11.342993
v 6.247504 -4.516890 11.585770
v 1.571419 -3.415648 11.019849
v 1.737208 -3.961290 11.701113
v 2.426994 -4.326462 12.108381
v 2.480206 -3.573950 11.196845
v 3.323725 -4.506925 12.288415
v 3.300229 -3.697096 11.310534
v 4.402713 -4.349637 12.075146
v 4.434807 -3.898127 11.501607
v 5.441147 -4.396508 12.043839
v -2.417032 3.738775 9.930952
v -2.463322 3.699991 10.076748
v -2.575076 3.606357 10.137137
v -2.686830 3.512724 10.076747
v -2.733120 3.473939 9.930952
v -2.686830 3.512724 9.785156
v -2.575076 3.606357 9.724767
v -2.463322 3.699991 9.785157
v -2.036116 3.226773 9.930952
v -2.086968 3.190939 10.081835
v -2.209711 3.104385 10.144333
v -2.332405 3.017761 10.081835
v -2.381931 2.979640 9.930952
v -2.332405 3.017761 9.780069
v -2.209711 3.104385 9.717571
v -2.086968 3.190939 9.780069
v -1.705603 2.720201 9.930952
v -1.762680 2.691873 10.084937
v -1.900342 2.623271 10.148720
v -2.037820 2.554357 10.084937
v -2.094714 2.525717 9.930952
v -2.037820 2.554357 9.776967
v -1.900342 2.623271 9.713184
v -1.762680 2.691873 9.776967
v -1.338993 2.122451 9.930952
v -1.403457 2.104063 10.087915
v -1.558871 2.059298 10.152931
v -1.713966 2.013978 10.087915
v -1.778106 1.995032 9.930952
v -1.713966 2.013978 9.773989
v -1.558871 2.059298 9.708973
v -1.403456 2.104063 9.773989
v -0.896045 1.366638 9.930952
v -0.969613 1.361200 10.091266
v -1.144278 1.342990 10.157669
v -1.318547 1.324099 10.091266
v -1.390868 1.316508 9.930952
v -1.318547 1.324099 9.770638
v -1.144278 1.342990 9.704235
v -0.969613 1.361200 9.770638
v -0.466013 0.605822 9.930952
v -0.552022 0.619496 10.094492
v -0.741861 0.621786 10.162232
v -0.925242 0.612937 10.094492
v -1.004094 0.614261 9.930952
v -0.925242 0.612937 9.767412
v -0.741861 0.621786 9.699672
v -0.552022 0.619496 9.767412
v 0.949737 -1.963766 9.930952
v 0.882867 -2.005261 10.117208
v 0.717423 -2.093823 10.194358
v 0.550432 -2.177896 10.117208
v 0.481166 -2.212445 9.930952
v 0.550432 -2.177896 9.744696
v 0.717424 -2.093823 9.667546
v 0.882868 -2.005261 9.744697
v 1.067026 -2.209805 9.930952
v 1.001866 -2.258377 10.120063
v 0.838951 -2.359385 10.198396
v 0.674846 -2.456943 10.120063
v 0.606592 -2.496540 9.930952
v 0.674847 -2.456943 9.741841
v 0.838951 -2.359385 9.663508
v 1.001866 -2.258377 9.741841
v 1.366932 -2.764237 9.930952
v 1.298899 -2.811957 10.126269
v 1.131755 -2.918756 10.207173
v 0.963612 -3.022654 10.126269
v 0.898000 -3.077296 9.930952
v 0.963612 -3.022654 9.735635
v 1.131756 -2.918756 9.654731
v 1.298900 -2.811957 9.735635
v 1.429142 -2.892205 9.930952
v 1.358453 -2.935491 10.127511
v 1.184584 -3.030679 10.208928
v 1.010647 -3.125654 10.127511
v 0.942255 -3.175504 9.930952
v 1.010647 -3.125654 9.734393
v 1.184584 -3.030679 9.652976
v 1.358453 -2.935491 9.734393
v 1.487571 -3.027728 9.930952
v 1.412565 -3.061227 10.128753
v 1.232817 -3.145884 10.210684
v 1.053882 -3.232862 10.128753
v 0.982618 -3.277094 9.930952
v 1.053882 -3.232862 9.733151
v 1.232817 -3.145884 9.651220
v 1.412565 -3.061227 9.733151
v 1.541594 -3.170070 9.930952
v 1.461412 -3.190534 10.129993
v 1.277682 -3.268237 10.212440
v 1.093746 -3.345328 10.129993
v 1.019892 -3.383972 9.930952
v 1.093746 -3.345328 9.731911
v 1.277682 -3.268237 9.649465
v 1.461412 -3.190534 9.731911
v 1.597112 -3.336501 9.930952
v 1.513686 -3.349080 10.131483
v 1.325744 -3.418161 10.214546
v 1.136930 -3.484718 10.131483
v 1.060840 -3.518380 9.930952
v 1.136930 -3.484718 9.730421
v 1.325744 -3.418161 9.647358
v 1.513686 -3.349080 9.730421
v 1.661702 -3.561017 9.930952
v 1.575746 -3.567567 10.133470
v 1.381462 -3.621426 10.217355
v 1.188419 -3.678850 10.133470
v 1.110966 -3.709843 9.930952
v 1.188419 -3.678850 9.728435
v 1.381462 -3.621426 9.644549
v 1.575746 -3.567567 9.728435
v 1.741664 -3.891551 9.930952
v 1.653185 -3.892453 10.136449
v 1.452167 -3.930822 10.221568
v 1.254541 -3.978944 10.136449
v 1.175423 -4.006759 9.930952
v 1.254541 -3.978944 9.725455
v 1.452167 -3.930822 9.640336
v 1.653185 -3.892453 9.725455
v 1.868064 -4.521494 9.930952
v 1.776739 -4.517976 10.142035
v 1.566780 -4.539728 10.229467
v 1.361429 -4.574728 10.142035
v 1.280066 -4.599853 9.930952
v 1.361429 -4.574728 9.719870
v 1.566780 -4.539728 9.632437
v 1.776739 -4.517976 9.719870
v 2.162537 -9.327834 9.930952
v 2.050515 -9.330858 10.201494
v 1.780072 -9.338160 10.313557
v 1.509628 -9.345461 10.201494
v 1.397607 -9.348485 9.930952
v 1.509628 -9.345461 9.660410
v 1.780072 -9.338160 9.548347
v 2.050516 -9.330858 9.660410
v 2.355727 7.520903 9.930952
v 2.311301 7.512088 10.040298
v 2.204045 7.490807 10.085591
v 2.096790 7.469525 10.040298
v 2.052363 7.460710 9.930952
v 2.096790 7.469525 9.821606
v 2.204045 7.490807 9.776313
v 2.311301 7.512088 9.821606
v 2.369232 7.321397 9.930952
v 2.323809 7.323576 10.040739
v 2.214149 7.328837 10.086214
v 2.104489 7.334099 10.040739
v 2.059066 7.336278 9.930952
v 2.104489 7.334099 9.821165
v 2.214149 7.328837 9.775690
v 2.323809 7.323576 9.821166
v 2.347449 7.138078 9.930952
v 2.302558 7.146411 10.041179
v 2.194183 7.166528 10.086836
v 2.085807 7.186644 10.041179
v 2.040917 7.194977 9.930952
v 2.085807 7.186644 9.820725
v 2.194183 7.166528 9.775068
v 2.302558 7.146411 9.820725
v 2.308849 6.966613 9.930952
v 2.264548 6.978388 10.041619
v 2.157594 7.006816 10.087459
v 2.050641 7.035244 10.041618
v 2.006340 7.047019 9.930952
v 2.050641 7.035244 9.820285
v 2.157594 7.006816 9.774446
v 2.264548 6.978388 9.820286
v 2.210231 6.643683 9.930952
v 2.166488 6.658564 10.042500
v 2.060885 6.694490 10.088703
v 1.955282 6.730417 10.042499
v 1.911540 6.745298 9.930952
v 1.955282 6.730417 9.819405
v 2.060885 6.694490 9.773201
v 2.166488 6.658564 9.819406
v 1.845237 5.564363 9.930952
v 1.799802 5.578148 10.045580
v 1.690113 5.611431 10.093060
v 1.580423 5.644713 10.045580
v 1.534988 5.658499 9.930952
v 1.580423 5.644713 9.816324
v 1.690113 5.611431 9.768844
v 1.799802 5.578148 9.816324
v 1.735162 5.098907 9.930952
v 1.687740 5.110107 10.046900
v 1.573320 5.137145 10.094928
v 1.458998 5.164183 10.046900
v 1.411673 5.175382 9.930952
v 1.458998 5.164183 9.815004
v 1.573320 5.137145 9.766976
v 1.687740 5.110107 9.815004
v 1.696439 4.786275 9.930952
v 1.647999 4.795360 10.047780
v 1.531086 4.817292 10.096172
v 1.414217 4.839224 10.047780
v 1.365822 4.848309 9.930952
v 1.414217 4.839224 9.814124
v 1.531086 4.817292 9.765732
v 1.647999 4.795360 9.814124
v 1.682686 4.330918 9.930952
v 1.633691 4.337203 10.049047
v 1.514666 4.352376 10.097965
v 1.395402 4.367550 10.049047
v 1.346114 4.373835 9.930952
v 1.395402 4.367550 9.812857
v 1.514666 4.352376 9.763939
v 1.633691 4.337203 9.812857
v 1.740290 3.715106 9.930952
v 1.690594 3.718612 10.050737
v 1.568966 3.727075 10.100354
v 1.446293 3.735538 10.050737
v 1.395545 3.739044 9.930952
v 1.446293 3.735538 9.811167
v 1.568966 3.727075 9.761550
v 1.690594 3.718612 9.811167
v 1.919496 2.790961 9.930952
v 1.868307 2.791127 10.053272
v 1.744726 2.791672 10.103939
v 1.621144 2.792138 10.053272
v 1.569954 2.792260 9.930952
v 1.621144 2.792138 9.808632
v 1.744726 2.791672 9.757965
v 1.868307 2.791127 9.808632
v 2.075274 1.718385 9.930952
v 2.023434 1.715288 10.056652
v 1.898118 1.708897 10.108719
v 1.772949 1.701418 10.056652
v 1.721242 1.697227 9.930952
v 1.772949 1.701418 9.805252
v 1.898118 1.708897 9.753185
v 2.023434 1.715288 9.805252
v 2.082965 0.609539 9.930952
v 2.029817 0.603710 10.060032
v 1.901737 0.589639 10.113499
v 1.771657 0.575567 10.060032
v 1.713865 0.569739 9.930952
v 1.771657 0.575567 9.801872
v 1.901737 0.589639 9.748405
v 2.029817 0.603710 9.801872
v 2.076968 0.131268 9.930952
v 2.023124 0.122269 10.061299
v 1.893121 0.100538 10.115292
v 1.761494 0.078799 10.061299
v 1.703190 0.069792 9.930952
v 1.761494 0.078799 9.800605
v 1.893121 0.100538 9.746613
v 2.023124 0.122269 9.800605
v 2.011021 -0.577781 9.930952
v 1.957168 -0.582738 10.062989
v 1.825266 -0.599989 10.117681
v 1.692435 -0.619405 10.062989
v 1.634561 -0.626316 9.930952
v 1.692435 -0.619405 9.798915
v 1.825266 -0.599989 9.744224
v 1.957168 -0.582738 9.798915
v 1.874024 -1.320379 9.930952
v 1.820326 -1.324272 10.064679
v 1.688197 -1.334503 10.120070
v 1.554605 -1.344945 10.064679
v 1.497697 -1.349175 9.930952
v 1.554606 -1.344945 9.797225
v 1.688197 -1.334503 9.741834
v 1.820326 -1.324272 9.797225
v 1.759152 -2.039764 9.930952
v 1.703708 -2.041212 10.066369
v 1.569418 -2.044680 10.122460
v 1.434446 -2.048119 10.066369
v 1.377944 -2.049542 9.930952
v 1.434446 -2.048119 9.795535
v 1.569418 -2.044680 9.739444
v 1.703709 -2.041212 9.795535
v 1.842300 -5.370979 9.930952
v 1.782531 -5.372389 10.075286
v 1.638238 -5.375793 10.135071
v 1.493944 -5.379197 10.075286
v 1.434176 -5.380607 9.930952
v 1.493944 -5.379197 9.786618
v 1.638238 -5.375793 9.726833
v 1.782531 -5.372389 9.786618
v 1.891240 -6.310989 9.930952
v 1.830479 -6.314085 10.077833
v 1.683788 -6.321560 10.138674
v 1.537097 -6.329035 10.077833
v 1.476336 -6.332131 9.930952
v 1.537097 -6.329035 9.784071
v 1.683788 -6.321560 9.723230
v 1.830479 -6.314085 9.784071
v 1.999197 -9.332244 9.930952
v 1.935017 -9.333977 10.085954
v 1.780072 -9.338160 10.150157
v 1.625127 -9.342342 10.085953
v 1.560947 -9.344075 9.930952
v 1.625127 -9.342342 9.775950
v 1.780072 -9.338160 9.711747
v 1.935017 -9.333977 9.775951
v -6.803716 0.389070 10.205547
v -6.837221 -0.323562 10.971511
v -6.502223 0.234069 10.834826
v -6.679470 -0.532693 11.388309
v -6.330181 0.036837 11.242027
v -6.496555 -0.656225 11.718764
v -6.153719 -0.079510 11.561728
v -6.191025 -0.688544 12.062705
v -5.855324 -0.121861 11.893902
v -5.690123 -0.808631 12.187647
v -5.521327 -0.185171 11.931194
v -5.319915 -0.017614 12.296089
v -6.307708 0.778349 10.420815
v -6.666891 0.914475 9.763976
v -6.075011 0.575735 10.898468
v -5.862698 0.446795 11.270528
v -5.536904 0.415141 11.617283
v -5.242947 0.333891 11.634756
v -5.137265 0.568056 11.874892
v -4.676107 0.357363 12.473992
v -4.635533 0.855155 11.997013
v -6.148999 1.403719 9.876422
v -6.550912 1.495325 9.218729
v -5.847459 1.239688 10.383104
v -5.590521 1.227862 10.669026
v -5.273635 1.167920 11.046436
v -4.950144 1.086672 11.087450
v -4.915312 1.257183 11.313158
v -4.653736 1.224157 11.660294
v -5.973505 2.024878 9.354627
v -6.391625 2.083400 8.714170
v -5.618434 1.908286 9.864006
v -5.308282 1.826677 10.285885
v -4.941586 1.774989 10.703725
v -4.656662 1.643444 10.764045
v -4.627285 1.776013 11.032513
v -4.290000 1.767179 11.433452
v -4.551648 0.762015 12.155969
v -3.924163 1.688785 11.910729
v -4.308097 0.713514 12.451983
v -3.679935 1.624733 12.242701
v -3.975718 0.970140 12.544456
v -3.312338 1.395746 12.786346
v -5.754200 2.606113 8.924781
v -6.163704 2.649711 8.311844
v -5.366568 2.511458 9.443693
v -5.046630 2.439540 9.864906
v -4.697475 2.364243 10.302776
v -4.353309 2.187106 10.464643
v -4.269878 2.277255 10.850801
v -3.841477 2.228041 11.383855
v -3.445399 2.148925 11.894009
v -2.976918 2.040273 12.514606
v -2.294429 1.708859 13.472094
v -5.495912 3.159607 8.567891
v -5.898816 3.174153 7.988743
v -5.077495 3.074826 9.108191
v -4.715759 2.996575 9.580948
v -4.365897 2.898732 10.050858
v -3.962047 2.694611 10.301600
v -3.771249 2.749928 10.851634
v -3.270749 2.614900 11.548176
v -2.886662 2.507109 12.078292
v -2.205045 2.355605 12.973727
v -1.707081 2.140644 13.623475
v -5.178099 3.603511 8.399008
v -5.569526 3.628787 7.819357
v -4.634979 3.631345 8.943207
v -4.125402 3.650495 9.461725
v -3.639070 3.648602 9.966849
v -3.179688 3.471118 10.246563
v -3.024539 3.392627 10.913749
v -2.724627 3.181270 11.481820
v -2.190888 2.999538 12.254899
v -1.489019 2.832471 13.189534
v -1.085196 2.562128 13.785588
v -4.709196 4.053367 8.383562
v -5.156417 4.053112 7.778839
v -4.011766 4.230268 8.921498
v -3.359223 4.372865 9.450940
v -2.807780 4.356918 10.039190
v -2.449415 4.072373 10.336018
v -2.350645 4.080832 10.841991
v -1.879887 4.030765 11.409464
v -1.420231 3.932641 12.008698
v -0.854719 3.586620 13.002690
v -0.486065 3.191399 13.701914
v -4.067056 4.610826 8.429188
v -4.615386 4.518942 7.812258
v -3.384158 4.817187 8.918144
v -2.877370 4.811099 9.462467
v -2.493693 4.671402 10.011579
v -2.136825 4.441704 10.246151
v -2.023125 4.530759 10.671035
v -1.660876 4.561899 11.036401
v -1.060611 4.772378 11.433047
v -0.484006 4.537428 12.312224
v -0.010875 4.029115 13.254373
v -2.942998 5.189820 8.832289
v -3.451505 5.160343 8.307226
v -2.530137 5.155993 9.313765
v -2.120912 5.104358 9.795027
v -1.756875 4.863041 9.978261
v -1.686884 5.018187 10.368041
v -1.208838 5.250786 10.590703
v -0.737226 5.382112 10.938730
v -0.192729 5.290150 11.622204
v 0.215117 4.857247 12.535249
v -6.552070 0.118621 9.968234
v -6.168220 -0.124891 10.519845
v -6.592170 -0.586927 10.740413
v -5.996177 -0.322127 10.927041
v -6.427490 -0.803503 11.150677
v -5.820936 -0.438155 11.245090
v -6.248296 -0.923918 11.482594
v -5.650570 -0.452081 11.459665
v -6.036139 -0.952716 11.765416
v -5.180237 -0.539923 11.619133
v -5.524139 -1.027331 11.922990
v -4.963742 -0.272024 12.178965
v -6.407754 0.635971 9.519591
v -5.973702 0.419386 10.105831
v -5.741007 0.216773 10.583486
v -5.529936 0.087682 10.954408
v -5.353448 0.058967 11.194152
v -4.896131 -0.019582 11.327503
v -4.694953 0.244883 11.676124
v -4.368925 0.570190 11.747653
v -4.440578 0.111173 12.267136
v -6.295665 1.221000 8.978013
v -5.814996 1.044755 9.561437
v -5.513455 0.880722 10.068120
v -5.257482 0.868754 10.353189
v -5.072425 0.806043 10.636392
v -4.623857 0.728592 10.763502
v -4.458532 0.937405 11.143945
v -4.321995 0.869718 11.350708
v -6.138408 1.811260 8.475372
v -5.639503 1.665915 9.039640
v -5.284431 1.549322 9.549021
v -4.975067 1.467668 9.970120
v -4.744106 1.423105 10.283290
v -4.324366 1.274125 10.459395
v -4.187411 1.433076 10.863784
v -3.955056 1.408123 11.119578
v -3.590160 1.329821 11.595743
v -4.307824 0.499969 11.926030
v -3.345931 1.265769 11.927714
v -4.075120 0.463126 12.232270
v -3.044687 1.108095 12.533935
v -3.722620 0.698127 12.305769
v -5.909636 2.376657 8.072245
v -5.420197 2.247149 8.609800
v -5.032563 2.152494 9.128708
v -4.713083 2.080623 9.549383
v -4.462691 2.018554 9.896585
v -4.054868 1.810735 10.134638
v -3.859732 1.907139 10.665341
v -3.507051 1.868938 11.069483
v -3.111399 1.789962 11.579025
v -2.642914 1.681308 12.199621
v -2.049577 1.445708 13.241182
v -5.648660 2.905303 7.752834
v -5.161908 2.800644 8.252908
v -4.743490 2.715862 8.793207
v -4.382009 2.637713 9.265574
v -4.097838 2.571887 9.649685
v -3.654846 2.334808 9.961306
v -3.396891 2.359890 10.634037
v -2.936593 2.255842 11.233461
v -2.552659 2.148146 11.763308
v -1.871037 1.996639 12.658741
v -1.449440 1.863748 13.380507
v -5.319654 3.360240 7.583709
v -4.844099 3.244549 8.084025
v -4.300975 3.272382 8.628222
v -3.791590 3.291681 9.146371
v -3.353880 3.340639 9.562560
v -2.855565 3.127734 9.905003
v -2.660737 2.999514 10.684109
v -2.390492 2.822192 11.167108
v -1.856884 2.640573 11.939914
v -1.155019 2.473508 12.874551
v -0.838078 2.296541 13.552543
v -4.903438 3.781225 7.540267
v -4.375194 3.694405 8.068579
v -3.677763 3.871305 8.606515
v -3.025404 4.014078 9.135560
v -2.526684 4.052828 9.629145
v -2.096768 3.714216 10.041072
v -1.972929 3.695915 10.621095
v -1.545706 3.671726 11.094751
v -1.086226 3.573677 11.693714
v -0.520718 3.227656 12.687705
v -0.240094 2.927043 13.469946
v -4.368240 4.253326 7.579187
v -3.733053 4.251862 8.114205
v -3.050152 4.458222 8.603161
v -2.543808 4.452168 9.146978
v -2.240329 4.345784 9.600013
v -1.777822 4.086441 9.955414
v -1.619714 4.163939 10.465333
v -1.326319 4.202722 10.722253
v -0.726607 4.413412 11.118063
v -0.150001 4.178466 11.997241
v 0.237112 3.762592 13.020505
v -3.209452 4.900203 8.078961
v -2.688907 4.916738 8.592671
v -2.273355 4.880233 9.070703
v -1.924253 4.871940 9.487139
v -1.528629 4.555440 9.762519
v -1.355700 4.750886 10.175993
v -0.958975 4.978687 10.358142
v -0.491421 5.117936 10.706923
v 0.053878 5.025110 11.389639
v 0.453811 4.600715 12.310145
v 5.906570 3.829537 12.961186
v 5.359028 3.752359 13.278084
v 5.647135 3.207136 13.604268
v 5.018708 3.652010 13.468134
v 5.310057 3.062595 13.844950
v 4.696823 3.614139 13.595598
v 4.984704 2.980880 14.009298
v 4.269870 3.621180 13.686864
v 4.550106 2.992366 14.108377
v 3.946351 3.597185 13.500265
v 4.050355 2.904575 13.921198
v 3.578690 3.887094 13.614959
v 5.825953 4.384878 12.495927
v 5.255937 4.272888 12.829447
v 4.867947 4.178019 13.025985
v 4.489248 4.161983 13.149790
v 4.022481 4.193342 13.229464
v 3.742844 4.128235 13.069042
v 3.514303 4.402946 13.182003
v 3.025497 4.635326 13.055189
v 2.958207 4.266639 13.382423
v 5.954998 4.965733 11.919180
v 5.152701 4.920853 12.268126
v 4.654004 4.842500 12.481622
v 4.279815 4.882060 12.551105
v 3.816892 4.888354 12.654467
v 3.538177 4.808925 12.503582
v 3.395741 4.993923 12.667252
v 3.085155 4.956244 12.806335
v 6.249674 5.573895 11.252346
v 5.404606 5.444780 11.701198
v 4.648706 5.386058 11.978188
v 4.138487 5.361567 12.146482
v 3.637578 5.372971 12.246580
v 3.443316 5.234887 12.130564
v 3.307029 5.389427 12.324546
v 2.929335 5.422066 12.418940
v 2.538714 5.409604 12.533122
v 2.910270 4.609044 13.074877
v 2.243480 5.393298 12.627906
v 2.616746 4.616088 13.145561
v 1.739928 5.224969 12.848998
v 2.339332 4.849626 13.023453
v 6.339873 6.176079 10.667966
v 5.667014 6.069245 11.036254
v 4.990678 5.890934 11.393516
v 4.419638 5.819625 11.623732
v 3.875109 5.797893 11.783390
v 3.512558 5.620109 11.738264
v 3.273240 5.738671 12.003515
v 2.738887 5.787810 12.121552
v 2.238460 5.838701 12.212279
v 1.604621 5.825650 12.399778
v 0.731673 5.607152 12.741714
v 6.369971 6.692992 10.172689
v 5.742002 6.688888 10.434558
v 5.099418 6.557903 10.735683
v 4.551729 6.452348 10.986423
v 4.016474 6.372140 11.203263
v 3.508252 6.130926 11.252719
v 3.030750 6.227247 11.617314
v 2.250409 6.255273 11.821036
v 1.728040 6.267247 11.954878
v 0.996918 6.187763 12.219717
v 0.365704 6.103889 12.395465
v 6.322613 7.107244 9.789198
v 5.701076 7.136432 10.022515
v 5.021145 7.193879 10.156947
v 4.380855 7.282902 10.251919
v 3.681378 7.351242 10.380318
v 3.042974 7.161533 10.422264
v 2.412879 7.070581 11.010149
v 1.866179 6.909246 11.319561
v 1.303201 6.798331 11.567537
v 0.579929 6.694714 11.850300
v -0.068673 6.528054 12.107168
v 6.138374 7.511270 9.458574
v 5.472652 7.591236 9.655271
v 4.640595 7.906429 9.596059
v 3.786258 8.155284 9.607290
v 2.997396 8.151892 9.823973
v 2.494799 7.796686 9.979574
v 2.108716 7.784715 10.418006
v 1.535154 7.716604 10.642445
v 1.018326 7.635774 10.853659
v 0.246829 7.357635 11.319121
v -0.476526 7.047612 11.729608
v 5.778429 7.997375 9.096239
v 4.972774 8.245957 9.184620
v 4.114107 8.593263 9.106189
v 3.376191 8.631990 9.278986
v 2.750499 8.469291 9.594557
v 2.325877 8.169013 9.677396
v 2.052451 8.228287 10.008549
v 1.652777 8.230037 10.125760
v 1.135026 8.410608 10.092203
v 0.272426 8.214032 10.513541
v -0.751119 7.780612 11.119243
v 4.537823 8.833455 8.665963
v 3.817019 8.960050 8.766787
v 3.161264 9.024839 8.884099
v 2.550697 8.861979 9.206505
v 2.146780 8.559403 9.232317
v 1.984754 8.685470 9.538429
v 1.608026 8.860714 9.456214
v 1.168653 8.970442 9.466713
v 0.440957 8.904525 9.731542
v -0.406350 8.541245 10.304206
v 5.828221 3.573024 12.685417
v 5.570772 2.956220 13.334392
v 5.254040 3.410901 12.909831
v 5.230217 2.800731 13.563730
v 4.913525 3.310482 13.100003
v 4.905600 2.722845 13.731403
v 4.591925 3.273333 13.226802
v 4.560953 2.733817 13.830517
v 4.317444 3.311368 13.282611
v 4.061650 2.681412 13.661852
v 3.839788 3.256281 13.131895
v 3.367024 3.645009 13.370804
v 5.150744 3.931834 12.460874
v 5.742167 4.110797 12.199852
v 4.762859 3.836785 12.657548
v 4.383464 3.821070 12.781357
v 4.082032 3.868702 12.837556
v 3.637650 3.790794 12.696994
v 3.272749 4.087584 12.860657
v 2.879224 4.032819 13.112801
v 2.943580 4.364908 12.752006
v 5.047222 4.578672 11.900678
v 5.872237 4.693170 11.627653
v 4.549514 4.500515 12.113681
v 4.177426 4.539664 12.182922
v 3.875130 4.561323 12.262656
v 3.442858 4.470725 12.129178
v 3.143177 4.678964 12.356707
v 2.988429 4.626434 12.436734
v 5.300395 5.100333 11.335512
v 6.170150 5.311361 10.972565
v 4.545524 5.040348 11.613354
v 4.037195 5.016926 11.780157
v 3.721542 5.024630 11.881184
v 3.326597 4.883201 11.776182
v 3.064919 5.073943 12.006245
v 2.831353 5.075972 12.052902
v 2.838343 4.370713 12.800143
v 2.439015 5.068241 12.163366
v 2.543575 4.378087 12.874816
v 2.142313 5.051945 12.258551
v 2.263080 4.590950 12.737620
v 1.659106 4.951934 12.553921
v 5.563933 5.725077 10.669996
v 6.259841 5.909822 10.383896
v 4.888124 5.545353 11.028416
v 4.318727 5.472229 11.259861
v 3.903082 5.436296 11.421644
v 3.460831 5.241762 11.393684
v 3.044428 5.415896 11.679938
v 2.639036 5.440339 11.757303
v 2.137196 5.493340 11.846578
v 1.504320 5.482354 12.031940
v 0.657666 5.355733 12.473584
v 5.639699 6.344499 10.068293
v 6.290748 6.427896 9.890788
v 4.997029 6.213534 10.369423
v 4.449935 6.107673 10.620250
v 4.006898 6.036830 10.814559
v 3.457139 5.772669 10.887671
v 2.843970 5.875024 11.294735
v 2.148158 5.910089 11.455420
v 1.628435 5.922884 11.587824
v 0.897669 5.843009 11.852961
v 0.285518 5.830256 12.105737
v 5.598538 6.791502 9.656827
v 6.244379 6.845324 9.511436
v 4.918419 6.849658 9.790641
v 4.277812 6.939383 9.885045
v 3.656074 7.034315 9.976559
v 2.966473 6.825799 10.041495
v 2.245981 6.710305 10.684746
v 1.766234 6.565111 10.952378
v 1.205681 6.453972 11.199930
v 0.479711 6.350002 11.483767
v -0.147584 6.262975 11.825417
v 5.369077 7.247087 9.289138
v 6.059419 7.248114 9.179090
v 4.536672 7.563365 9.229004
v 3.682653 7.812668 9.239731
v 2.975439 7.845102 9.412949
v 2.363293 7.459643 9.615836
v 1.930707 7.428128 10.094790
v 1.436669 7.371336 10.275949
v 0.919695 7.291248 10.486527
v 0.144469 7.014114 10.952059
v -0.555114 6.787698 11.451754
v 4.868354 7.903050 8.817561
v 5.700475 7.740153 8.821756
v 4.009685 8.250546 8.738951
v 3.273043 8.289474 8.911205
v 2.754408 8.150625 9.192227
v 2.182187 7.834794 9.315675
v 1.842180 7.887007 9.689526
v 1.553406 7.885166 9.759153
v 1.035293 8.066323 9.725140
v 0.169591 7.870539 10.146584
v -0.828164 7.528622 10.849273
v 3.736358 8.695018 8.482929
v 4.461008 8.581141 8.395799
v 3.084362 8.768842 8.609749
v 2.534788 8.630013 8.893190
v 2.093214 8.269350 8.981799
v 1.807188 8.424706 9.255507
v 1.530913 8.596826 9.180027
v 1.093601 8.714422 9.193418
v 0.363739 8.646075 9.455256
v -0.482616 8.289193 10.035061
vt 0.874660 0.668060
vt 0.884839 0.683942
vt 0.217430 0.744721
vt 0.207174 0.740409
vt 0.212086 0.765752
vt 0.203263 0.761748
vt 0.199984 0.794813
vt 0.190105 0.790504
vt 0.194341 0.816896
vt 0.184386 0.814821
vt 0.189651 0.838653
vt 0.176139 0.837781
vt 0.190023 0.860030
vt 0.173289 0.859650
vt 0.198808 0.894675
vt 0.180538 0.892924
vt 0.210944 0.923115
vt 0.193550 0.925811
vt 0.212362 0.939240
vt 0.196668 0.939701
vt 0.210283 0.959665
vt 0.195233 0.959246
vt 0.875107 0.713714
vt 0.221227 0.772341
vt 0.208276 0.798606
vt 0.203714 0.818932
vt 0.202626 0.839347
vt 0.208943 0.860405
vt 0.220595 0.890073
vt 0.227467 0.920650
vt 0.227015 0.939558
vt 0.223547 0.960645
vt 0.889396 0.664371
vt 0.564050 0.763821
vt 0.549229 0.765698
vt 0.898189 0.681496
vt 0.562894 0.783147
vt 0.548664 0.785210
vt 0.567585 0.811748
vt 0.553626 0.813810
vt 0.567448 0.835172
vt 0.553253 0.834457
vt 0.568764 0.858027
vt 0.553691 0.854815
vt 0.565603 0.879069
vt 0.548526 0.874500
vt 0.551195 0.907906
vt 0.532402 0.904061
vt 0.532052 0.934452
vt 0.513459 0.925906
vt 0.526508 0.945416
vt 0.508364 0.939742
vt 0.893704 0.265471
vt 0.903530 0.247453
vt 0.891138 0.715462
vt 0.534823 0.789071
vt 0.539936 0.815617
vt 0.895200 0.738397
vt 0.881142 0.740300
vt 0.539735 0.834301
vt 0.899529 0.762820
vt 0.883166 0.764796
vt 0.536853 0.852120
vt 0.895194 0.291044
vt 0.874617 0.290691
vt 0.527671 0.869020
vt 0.510837 0.892807
vt 0.497191 0.918851
vt 0.492552 0.936532
vt 0.887276 0.691798
vt 0.891337 0.557999
vt 0.890836 0.582902
vt 0.143444 0.750259
vt 0.132206 0.769738
vt 0.890231 0.620151
vt 0.875014 0.619987
vt 0.891525 0.529347
vt 0.117641 0.791040
vt 0.891765 0.501194
vt 0.104834 0.812882
vt 0.892071 0.475175
vt 0.095939 0.834512
vt 0.892207 0.451311
vt 0.089859 0.855091
vt 0.892423 0.430443
vt 0.089229 0.873856
vt 0.892747 0.409320
vt 0.093565 0.892362
vt 0.892839 0.383882
vt 0.101840 0.913700
vt 0.893225 0.333413
vt 0.878195 0.333251
vt 0.889889 0.473254
vt 0.889387 0.504449
vt 0.874049 0.504220
vt 0.874480 0.473024
vt 0.888883 0.542404
vt 0.873419 0.542173
vt 0.890628 0.445795
vt 0.874562 0.445555
vt 0.887995 0.582419
vt 0.873111 0.582196
vt 0.890627 0.419184
vt 0.875359 0.418956
vt 0.166103 0.746553
vt 0.874610 0.637503
vt 0.180709 0.741235
vt 0.156499 0.767292
vt 0.874540 0.651646
vt 0.192795 0.738814
vt 0.174060 0.762334
vt 0.142541 0.790551
vt 0.188161 0.759721
vt 0.161956 0.787603
vt 0.129457 0.813762
vt 0.174160 0.789518
vt 0.149714 0.813060
vt 0.119659 0.835908
vt 0.166681 0.813086
vt 0.140737 0.836381
vt 0.112465 0.857401
vt 0.157936 0.836960
vt 0.134648 0.858584
vt 0.111688 0.875693
vt 0.154042 0.859449
vt 0.135673 0.882015
vt 0.117538 0.895680
vt 0.158439 0.887803
vt 0.143314 0.908708
vt 0.127456 0.921090
vt 0.168157 0.920294
vt 0.151381 0.935085
vt 0.174683 0.940176
vt 0.155007 0.953478
vt 0.175119 0.956604
vt 0.220173 0.821719
vt 0.876943 0.315075
vt 0.239498 0.822686
vt 0.224443 0.841938
vt 0.877075 0.328885
vt 0.252836 0.822961
vt 0.245246 0.843242
vt 0.236895 0.860933
vt 0.876218 0.344229
vt 0.875324 0.373683
vt 0.270405 0.844182
vt 0.258227 0.861082
vt 0.242027 0.885808
vt 0.294683 0.862591
vt 0.272892 0.884814
vt 0.251292 0.923310
vt 0.310901 0.885909
vt 0.275905 0.924333
vt 0.243165 0.943781
vt 0.313898 0.917906
vt 0.263621 0.956718
vt 0.237007 0.973300
vt 0.298154 0.954119
vt 0.254059 0.982268
vt 0.282175 0.984186
vt 0.594315 0.777985
vt 0.598274 0.798824
vt 0.582390 0.769896
vt 0.890257 0.637672
vt 0.605581 0.822899
vt 0.583604 0.790419
vt 0.572146 0.764985
vt 0.890015 0.651762
vt 0.612109 0.846746
vt 0.588773 0.815862
vt 0.571569 0.784921
vt 0.615899 0.868907
vt 0.594049 0.841503
vt 0.577388 0.814837
vt 0.617459 0.889894
vt 0.596863 0.864512
vt 0.578797 0.837672
vt 0.613964 0.906529
vt 0.597285 0.885873
vt 0.581310 0.861108
vt 0.604108 0.923161
vt 0.590998 0.906707
vt 0.579711 0.882212
vt 0.589312 0.943712
vt 0.577965 0.928936
vt 0.569278 0.906678
vt 0.564574 0.950758
vt 0.552997 0.933608
vt 0.893879 0.307385
vt 0.542466 0.949937
vt 0.894203 0.284807
vt 0.529523 0.833236
vt 0.520968 0.850369
vt 0.511931 0.829659
vt 0.892147 0.315303
vt 0.505372 0.864527
vt 0.501989 0.846762
vt 0.499865 0.826836
vt 0.891603 0.329102
vt 0.495009 0.885659
vt 0.486190 0.859796
vt 0.479154 0.841850
vt 0.892014 0.373933
vt 0.892000 0.344465
vt 0.478151 0.917286
vt 0.467556 0.877780
vt 0.453094 0.852852
vt 0.480842 0.937560
vt 0.455851 0.912647
vt 0.433183 0.870131
vt 0.887072 0.674200
vt 0.459587 0.944583
vt 0.423204 0.898235
vt 0.887165 0.652766
vt 0.429136 0.934393
vt 0.887660 0.621364
vt 0.877493 0.383717
vt 0.132347 0.947384
vt 0.872282 0.621134
vt 0.315404 0.973253
vt 0.333913 0.942449
vt 0.871838 0.652537
vt 0.871471 0.674002
vt 0.870823 0.694593
vt 0.887891 0.247940
vt 0.878677 0.262056
vt 0.878246 0.284611
vt 0.878101 0.307215
vt 0.340940 0.909114
vt 0.877038 0.409150
vt 0.335295 0.881702
vt 0.876907 0.430276
vt 0.321852 0.861064
vt 0.876673 0.451144
vt 0.309469 0.840681
vt 0.876295 0.475005
vt 0.274851 0.819612
vt 0.876041 0.501025
vt 0.258793 0.798599
vt 0.251708 0.786734
vt 0.239336 0.785807
vt 0.883297 0.782586
vt 0.222152 0.799547
vt 0.875675 0.529177
vt 0.232780 0.787448
vt 0.532786 0.812919
vt 0.903640 0.780116
vt 0.875246 0.557826
vt 0.246275 0.769786
vt 0.230751 0.750518
vt 0.875210 0.582733
vt 0.224371 0.723228
vt 0.207976 0.718610
vt 0.193223 0.716720
vt 0.180671 0.719265
vt 0.165944 0.725171
vt 0.614024 0.942976
vt 0.578801 0.966199
vt 0.613846 0.786434
vt 0.599269 0.758762
vt 0.550450 0.745877
vt 0.529729 0.766537
vt 0.436705 0.965057
vt 0.409303 0.947672
vt 0.462431 0.969724
vt 0.479748 0.965416
vt 0.492180 0.957703
vt 0.506595 0.956383
vt 0.522153 0.963570
vt 0.538251 0.964598
vt 0.557028 0.966422
vt 0.399653 0.915760
vt 0.400914 0.884175
vt 0.626390 0.925688
vt 0.412236 0.860800
vt 0.634544 0.910033
vt 0.429035 0.845294
vt 0.638279 0.893002
vt 0.444843 0.829790
vt 0.637520 0.873083
vt 0.480835 0.818775
vt 0.634441 0.851575
vt 0.500131 0.803609
vt 0.509232 0.794596
vt 0.520562 0.796614
vt 0.627864 0.828992
vt 0.525869 0.799734
vt 0.619567 0.806511
vt 0.516840 0.781067
vt 0.566323 0.742956
vt 0.576723 0.744942
vt 0.587370 0.750104
vt 0.895808 0.707050
vt 0.880101 0.706635
vt 0.349466 0.363973
vt 0.324457 0.391676
vt 0.324883 0.339325
vt 0.366731 0.320870
vt 0.326736 0.292072
vt 0.371896 0.277897
vt 0.315968 0.248546
vt 0.362107 0.236192
vt 0.299038 0.169830
vt 0.285499 0.389443
vt 0.294407 0.337830
vt 0.295129 0.287138
vt 0.282823 0.233336
vt 0.268055 0.153575
vt 0.243449 0.387999
vt 0.203771 0.385745
vt 0.212572 0.331804
vt 0.259579 0.336364
vt 0.213355 0.279021
vt 0.259589 0.282619
vt 0.205620 0.211986
vt 0.246198 0.218459
vt 0.238910 0.134682
vt 0.182065 0.144177
vt 0.174703 0.083793
vt 0.168364 0.383201
vt 0.117881 0.360874
vt 0.094633 0.311360
vt 0.166256 0.325715
vt 0.092638 0.253299
vt 0.167571 0.274668
vt 0.125798 0.192378
vt 0.168664 0.203043
vt 0.140046 0.129168
vt 0.395276 0.366157
vt 0.377003 0.323210
vt 0.419708 0.340666
vt 0.421580 0.393229
vt 0.371054 0.279899
vt 0.416782 0.293091
vt 0.380064 0.237700
vt 0.426709 0.249054
vt 0.442147 0.169871
vt 0.447886 0.338734
vt 0.458577 0.390611
vt 0.445811 0.287165
vt 0.457159 0.232471
vt 0.471092 0.152111
vt 0.502658 0.387157
vt 0.484341 0.336072
vt 0.534866 0.330253
vt 0.544263 0.383829
vt 0.483239 0.281906
vt 0.533158 0.278010
vt 0.496120 0.217506
vt 0.540065 0.212500
vt 0.499118 0.132685
vt 0.567856 0.082003
vt 0.561300 0.142979
vt 0.577539 0.381541
vt 0.578840 0.323931
vt 0.650356 0.308591
vt 0.627822 0.358524
vt 0.576679 0.272807
vt 0.651482 0.250369
vt 0.575351 0.202205
vt 0.618796 0.190391
vt 0.606132 0.127654
vt 0.936095 0.033025
vt 0.946219 0.096327
vt 0.930466 0.098009
vt 0.920375 0.035142
vt 0.963650 0.264052
vt 0.961179 0.344385
vt 0.945103 0.344209
vt 0.947576 0.263925
vt 0.963718 0.188806
vt 0.947647 0.189094
vt 0.961161 0.114690
vt 0.945093 0.115208
vt 0.948922 0.314629
vt 0.943523 0.452234
vt 0.929508 0.451748
vt 0.934908 0.314143
vt 0.949476 0.159296
vt 0.935186 0.164421
vt 0.950573 0.264009
vt 0.937113 0.261754
vt 0.989812 0.221833
vt 0.948187 0.277927
vt 0.933584 0.273160
vt 0.976809 0.222266
vt 0.979329 0.088208
vt 0.952448 0.213398
vt 0.938985 0.209982
vt 0.966771 0.089618
vt 0.943668 0.333570
vt 0.936272 0.426065
vt 0.920447 0.424983
vt 0.927847 0.332449
vt 0.944509 0.435674
vt 0.944844 0.343984
vt 0.960665 0.344160
vt 0.960330 0.435915
vt 0.945655 0.246784
vt 0.961475 0.246998
vt 0.948809 0.133041
vt 0.964309 0.131232
vt 0.942074 0.006713
vt 0.929135 0.011864
vt 0.944483 0.026226
vt 0.959847 0.022932
vt 0.579774 0.458880
vt 0.556090 0.454070
vt 0.561973 0.428343
vt 0.541453 0.449718
vt 0.546792 0.421556
vt 0.528281 0.448467
vt 0.533039 0.418225
vt 0.511728 0.450234
vt 0.516236 0.420016
vt 0.498663 0.456188
vt 0.496415 0.425041
vt 0.482953 0.465780
vt 0.583052 0.486380
vt 0.558424 0.480253
vt 0.542017 0.476281
vt 0.526916 0.476179
vt 0.509257 0.479269
vt 0.497729 0.483698
vt 0.485631 0.491117
vt 0.469642 0.504800
vt 0.463089 0.487047
vt 0.595025 0.515527
vt 0.562112 0.512810
vt 0.541718 0.509752
vt 0.527599 0.512417
vt 0.509878 0.514182
vt 0.498192 0.518157
vt 0.487851 0.521047
vt 0.475100 0.519451
vt 0.613806 0.546091
vt 0.578120 0.539039
vt 0.547888 0.537207
vt 0.527926 0.536687
vt 0.509307 0.538544
vt 0.499749 0.539859
vt 0.489333 0.541187
vt 0.474837 0.543223
vt 0.459553 0.543655
vt 0.464970 0.504748
vt 0.447881 0.543614
vt 0.453653 0.505950
vt 0.426935 0.538046
vt 0.445600 0.517954
vt 0.624318 0.576108
vt 0.595663 0.570232
vt 0.567039 0.562573
vt 0.543781 0.559937
vt 0.522280 0.559869
vt 0.506775 0.559753
vt 0.492555 0.558922
vt 0.472253 0.562328
vt 0.453417 0.566081
vt 0.428515 0.566863
vt 0.392773 0.560187
vt 0.631710 0.602035
vt 0.605938 0.601240
vt 0.579062 0.596068
vt 0.556194 0.591924
vt 0.534104 0.589123
vt 0.512811 0.585803
vt 0.489712 0.583962
vt 0.459284 0.587016
vt 0.438964 0.588782
vt 0.409462 0.586612
vt 0.384510 0.585510
vt 0.635037 0.623102
vt 0.609846 0.623880
vt 0.583774 0.628348
vt 0.559580 0.634343
vt 0.532818 0.639629
vt 0.507341 0.638984
vt 0.476251 0.627903
vt 0.452549 0.620770
vt 0.429118 0.616612
vt 0.399559 0.613173
vt 0.372880 0.607920
vt 0.632868 0.643838
vt 0.606608 0.647309
vt 0.577857 0.665003
vt 0.547443 0.679586
vt 0.516399 0.681990
vt 0.494096 0.672870
vt 0.473135 0.665053
vt 0.449571 0.662537
vt 0.428270 0.659554
vt 0.394618 0.647188
vt 0.363287 0.634881
vt 0.624998 0.669197
vt 0.595330 0.681223
vt 0.566168 0.700640
vt 0.537825 0.704577
vt 0.511294 0.698681
vt 0.492069 0.692533
vt 0.476009 0.688054
vt 0.460128 0.688404
vt 0.441817 0.698517
vt 0.405678 0.690109
vt 0.361253 0.672201
vt 0.587164 0.713994
vt 0.560465 0.721827
vt 0.535861 0.727106
vt 0.509921 0.720857
vt 0.491598 0.716382
vt 0.478595 0.712847
vt 0.466059 0.722774
vt 0.450200 0.729148
vt 0.421026 0.726850
vt 0.383716 0.710030
vt 0.156195 0.432379
vt 0.176842 0.406291
vt 0.178872 0.431082
vt 0.191896 0.401974
vt 0.193068 0.428975
vt 0.205159 0.400705
vt 0.205448 0.429591
vt 0.217662 0.403385
vt 0.214937 0.433006
vt 0.234051 0.412688
vt 0.230796 0.441358
vt 0.251157 0.452828
vt 0.173209 0.455208
vt 0.149449 0.457574
vt 0.188987 0.453729
vt 0.203047 0.455720
vt 0.213305 0.459775
vt 0.228691 0.466704
vt 0.243752 0.476156
vt 0.260521 0.474903
vt 0.251523 0.490016
vt 0.165468 0.484959
vt 0.134405 0.482972
vt 0.184882 0.484909
vt 0.197663 0.489283
vt 0.208434 0.492119
vt 0.223570 0.498556
vt 0.237892 0.503820
vt 0.244281 0.502877
vt 0.146966 0.507057
vt 0.112730 0.508818
vt 0.175436 0.509383
vt 0.194144 0.511676
vt 0.205556 0.513644
vt 0.219996 0.518067
vt 0.233344 0.522395
vt 0.241507 0.524563
vt 0.255674 0.490691
vt 0.255718 0.527276
vt 0.266169 0.493280
vt 0.266683 0.528838
vt 0.272106 0.505355
vt 0.286983 0.526500
vt 0.126279 0.533712
vt 0.098777 0.535345
vt 0.154006 0.530355
vt 0.176022 0.530933
vt 0.191939 0.531781
vt 0.209096 0.534063
vt 0.227580 0.538276
vt 0.241542 0.542663
vt 0.258639 0.548827
vt 0.281689 0.553069
vt 0.315937 0.551780
vt 0.112435 0.561198
vt 0.088350 0.558498
vt 0.138155 0.559966
vt 0.159976 0.559144
vt 0.177503 0.559011
vt 0.199495 0.558270
vt 0.225942 0.560689
vt 0.250463 0.567540
vt 0.269025 0.571996
vt 0.296771 0.574064
vt 0.320222 0.576512
vt 0.105756 0.581766
vt 0.082428 0.577692
vt 0.129395 0.589419
vt 0.151066 0.598229
vt 0.172031 0.607066
vt 0.197823 0.609480
vt 0.231989 0.602868
vt 0.252103 0.599917
vt 0.274343 0.599288
vt 0.302381 0.600237
vt 0.328000 0.599115
vt 0.105664 0.604092
vt 0.081684 0.597346
vt 0.130056 0.624451
vt 0.156399 0.642059
vt 0.181435 0.648926
vt 0.207561 0.642826
vt 0.230148 0.637928
vt 0.249058 0.639145
vt 0.269216 0.639425
vt 0.302307 0.632723
vt 0.333205 0.625680
vt 0.111700 0.637286
vt 0.085659 0.622102
vt 0.136324 0.659268
vt 0.162218 0.666648
vt 0.183688 0.664400
vt 0.207096 0.661004
vt 0.225156 0.659613
vt 0.235546 0.661767
vt 0.251061 0.673817
vt 0.285947 0.671167
vt 0.329864 0.660812
vt 0.138933 0.679769
vt 0.115032 0.668951
vt 0.161196 0.687900
vt 0.183586 0.686052
vt 0.203139 0.680268
vt 0.217900 0.683311
vt 0.224989 0.692812
vt 0.238769 0.701111
vt 0.266325 0.703182
vt 0.303524 0.692841
vt 0.883491 0.426859
vt 0.866908 0.427425
vt 0.865832 0.387250
vt 0.882055 0.386703
vt 0.864857 0.368354
vt 0.881775 0.367769
vt 0.864427 0.352248
vt 0.881125 0.351669
vt 0.864182 0.333018
vt 0.880243 0.336220
vt 0.876194 0.313022
vt 0.890676 0.315899
vt 0.864749 0.265554
vt 0.882080 0.263854
vt 0.884868 0.458299
vt 0.867104 0.458865
vt 0.871924 0.233409
vt 0.887577 0.235287
vt 0.874094 0.212060
vt 0.891818 0.214382
vt 0.885888 0.493943
vt 0.868320 0.494586
vt 0.874710 0.194367
vt 0.896296 0.197182
vt 0.887155 0.534842
vt 0.870268 0.535489
vt 0.889610 0.766346
vt 0.868435 0.766696
vt 0.870785 0.747009
vt 0.886341 0.746939
vt 0.870728 0.734337
vt 0.886162 0.734177
vt 0.870308 0.718287
vt 0.886797 0.718332
vt 0.870229 0.687721
vt 0.887435 0.687824
vt 0.888597 0.571227
vt 0.871465 0.571870
vt 0.871400 0.642268
vt 0.887132 0.642390
vt 0.889719 0.602084
vt 0.872695 0.602750
vt 0.871075 0.612582
vt 0.888132 0.612767
vt 0.890668 0.626476
vt 0.873873 0.627155
vt 0.871618 0.584385
vt 0.888184 0.584512
vt 0.891775 0.650345
vt 0.874885 0.651012
vt 0.871952 0.552462
vt 0.888254 0.552527
vt 0.892838 0.680783
vt 0.876280 0.681391
vt 0.872188 0.510812
vt 0.888018 0.510850
vt 0.885216 0.260450
vt 0.868584 0.261068
vt 0.867860 0.230077
vt 0.883692 0.229491
vt 0.885942 0.288483
vt 0.869883 0.289123
vt 0.887005 0.315055
vt 0.871083 0.318866
vt 0.899110 0.336023
vt 0.882878 0.336487
vt 0.888864 0.350634
vt 0.871472 0.346932
vt 0.888545 0.364651
vt 0.872193 0.364690
vt 0.888483 0.383661
vt 0.872457 0.383696
vt 0.888633 0.416324
vt 0.872431 0.416308
vt 0.872505 0.461848
vt 0.888305 0.461902
vt 0.894992 0.747914
vt 0.878718 0.748489
vt 0.522865 0.029544
vt 0.522843 0.025116
vt 0.540528 0.024522
vt 0.540619 0.029081
vt 0.522848 0.060289
vt 0.523316 0.055898
vt 0.540691 0.056491
vt 0.540488 0.061040
vt 0.523741 0.051519
vt 0.540859 0.051930
vt 0.523941 0.047141
vt 0.541020 0.047337
vt 0.523820 0.042759
vt 0.540941 0.042745
vt 0.523477 0.038369
vt 0.540855 0.038186
vt 0.523098 0.033964
vt 0.540734 0.033641
vt 0.557113 0.024165
vt 0.557364 0.028829
vt 0.556694 0.056782
vt 0.557010 0.061435
vt 0.556357 0.052130
vt 0.556239 0.047463
vt 0.556437 0.042798
vt 0.556851 0.038149
vt 0.557243 0.033497
vt 0.576300 0.023826
vt 0.576843 0.028576
vt 0.575155 0.057111
vt 0.576199 0.061880
vt 0.574098 0.052349
vt 0.573683 0.047590
vt 0.574172 0.042838
vt 0.575301 0.038091
vt 0.576416 0.033337
vt 0.600284 0.023420
vt 0.601240 0.028268
vt 0.598332 0.057508
vt 0.600204 0.062418
vt 0.596448 0.052610
vt 0.595674 0.047745
vt 0.596518 0.042891
vt 0.598473 0.038021
vt 0.600414 0.033139
vt 0.623973 0.022966
vt 0.625567 0.027901
vt 0.621432 0.057931
vt 0.623901 0.063015
vt 0.619280 0.052885
vt 0.618244 0.047908
vt 0.619364 0.042949
vt 0.621602 0.037940
vt 0.624160 0.032899
vt 0.707519 0.020382
vt 0.707498 0.026041
vt 0.707781 0.060035
vt 0.707551 0.065719
vt 0.707852 0.054362
vt 0.707893 0.048702
vt 0.707945 0.043043
vt 0.707961 0.037373
vt 0.707796 0.031692
vt 0.715193 0.020107
vt 0.714999 0.025896
vt 0.715939 0.060071
vt 0.715214 0.065803
vt 0.716519 0.054398
vt 0.716780 0.048786
vt 0.716619 0.043164
vt 0.716143 0.037462
vt 0.715537 0.031683
vt 0.732431 0.019332
vt 0.732278 0.025273
vt 0.733615 0.060964
vt 0.732571 0.066889
vt 0.734546 0.055016
vt 0.735318 0.049050
vt 0.734670 0.043069
vt 0.733850 0.037111
vt 0.732903 0.031172
vt 0.736210 0.019197
vt 0.736092 0.025148
vt 0.737039 0.061151
vt 0.736232 0.067120
vt 0.737812 0.055137
vt 0.738494 0.049091
vt 0.737953 0.043036
vt 0.737307 0.037023
vt 0.736611 0.031063
vt 0.739968 0.019084
vt 0.740039 0.025042
vt 0.740495 0.061278
vt 0.739887 0.067290
vt 0.741153 0.055219
vt 0.741725 0.049131
vt 0.741314 0.043038
vt 0.740799 0.036986
vt 0.740306 0.030991
vt 0.743748 0.018956
vt 0.744107 0.024960
vt 0.744102 0.061358
vt 0.743570 0.067402
vt 0.744607 0.055278
vt 0.745075 0.049172
vt 0.744789 0.043063
vt 0.744446 0.036989
vt 0.744034 0.030962
vt 0.748303 0.018825
vt 0.748790 0.024889
vt 0.748462 0.061426
vt 0.748008 0.067494
vt 0.748833 0.055335
vt 0.749232 0.049223
vt 0.749039 0.043106
vt 0.748855 0.037016
vt 0.748541 0.030955
vt 0.754476 0.018677
vt 0.755036 0.024816
vt 0.754303 0.061515
vt 0.754038 0.067621
vt 0.754646 0.055419
vt 0.755076 0.049303
vt 0.754884 0.043176
vt 0.754764 0.037068
vt 0.754690 0.030959
vt 0.763516 0.018464
vt 0.764150 0.024703
vt 0.763102 0.061734
vt 0.762921 0.067867
vt 0.763519 0.055605
vt 0.764014 0.049461
vt 0.763805 0.043297
vt 0.763674 0.037140
vt 0.763774 0.030971
vt 0.780825 0.017947
vt 0.781329 0.024368
vt 0.780259 0.062562
vt 0.779799 0.068949
vt 0.780986 0.056282
vt 0.781707 0.049922
vt 0.781395 0.043529
vt 0.781077 0.037212
vt 0.781059 0.030806
vt 0.915337 0.013160
vt 0.915625 0.021361
vt 0.914561 0.070394
vt 0.914174 0.078571
vt 0.914843 0.062230
vt 0.915100 0.054072
vt 0.915349 0.045914
vt 0.915573 0.037750
vt 0.915694 0.029567
vt 0.604956 0.038200
vt 0.604964 0.036480
vt 0.607674 0.036354
vt 0.607735 0.038037
vt 0.605129 0.049575
vt 0.605607 0.047961
vt 0.607891 0.048286
vt 0.607755 0.049983
vt 0.606069 0.046379
vt 0.608014 0.046569
vt 0.606283 0.044802
vt 0.608065 0.044834
vt 0.606067 0.043212
vt 0.608029 0.043099
vt 0.605615 0.041591
vt 0.607928 0.041389
vt 0.605181 0.039916
vt 0.607823 0.039707
vt 0.610229 0.036295
vt 0.610259 0.037989
vt 0.610194 0.048335
vt 0.610197 0.050045
vt 0.610190 0.046606
vt 0.610193 0.044861
vt 0.610218 0.043118
vt 0.610248 0.041394
vt 0.610268 0.039688
vt 0.612664 0.036294
vt 0.612656 0.037999
vt 0.612504 0.048331
vt 0.612530 0.050042
vt 0.612478 0.046610
vt 0.612475 0.044881
vt 0.612513 0.043151
vt 0.612573 0.041428
vt 0.612628 0.039712
vt 0.617333 0.036318
vt 0.617328 0.038037
vt 0.617144 0.048357
vt 0.617162 0.050075
vt 0.617125 0.046638
vt 0.617131 0.044917
vt 0.617168 0.043196
vt 0.617229 0.041477
vt 0.617290 0.039758
vt 0.633608 0.036261
vt 0.633605 0.038032
vt 0.633450 0.048630
vt 0.633440 0.050399
vt 0.633460 0.046864
vt 0.633480 0.045101
vt 0.633506 0.043337
vt 0.633542 0.041571
vt 0.633580 0.039802
vt 0.640611 0.036219
vt 0.640639 0.038012
vt 0.640419 0.048757
vt 0.640478 0.050562
vt 0.640360 0.046960
vt 0.640345 0.045179
vt 0.640396 0.043400
vt 0.640492 0.041605
vt 0.640591 0.039803
vt 0.645248 0.036191
vt 0.645327 0.037995
vt 0.645033 0.048836
vt 0.645191 0.050655
vt 0.644885 0.047019
vt 0.644832 0.045219
vt 0.644908 0.043421
vt 0.645078 0.041609
vt 0.645254 0.039796
vt 0.651939 0.036169
vt 0.652062 0.037989
vt 0.651667 0.048893
vt 0.651910 0.050716
vt 0.651432 0.047071
vt 0.651342 0.045256
vt 0.651450 0.043444
vt 0.651703 0.041625
vt 0.651960 0.039807
vt 0.660943 0.036122
vt 0.661115 0.037962
vt 0.660610 0.048991
vt 0.660932 0.050827
vt 0.660284 0.047147
vt 0.660155 0.045310
vt 0.660302 0.043475
vt 0.660647 0.041635
vt 0.660988 0.039805
vt 0.674418 0.035993
vt 0.674561 0.037876
vt 0.674135 0.049189
vt 0.674383 0.051072
vt 0.673878 0.047304
vt 0.673780 0.045413
vt 0.673904 0.043523
vt 0.674187 0.041642
vt 0.674462 0.039762
vt 0.689772 0.035827
vt 0.689796 0.037765
vt 0.689703 0.049437
vt 0.689707 0.051376
vt 0.689707 0.047493
vt 0.689734 0.045540
vt 0.689737 0.043587
vt 0.689762 0.041643
vt 0.689796 0.039704
vt 0.705467 0.035710
vt 0.705393 0.037701
vt 0.705647 0.049641
vt 0.705405 0.051610
vt 0.705890 0.047653
vt 0.706003 0.045655
vt 0.705918 0.043656
vt 0.705703 0.041664
vt 0.705488 0.039692
vt 0.712258 0.035663
vt 0.712092 0.037669
vt 0.712615 0.049760
vt 0.712168 0.051741
vt 0.713065 0.047754
vt 0.713264 0.045716
vt 0.713096 0.043675
vt 0.712679 0.041662
vt 0.712265 0.039675
vt 0.722246 0.035669
vt 0.722062 0.037693
vt 0.722641 0.049850
vt 0.722130 0.051832
vt 0.723189 0.047851
vt 0.723414 0.045787
vt 0.723220 0.043719
vt 0.722702 0.041712
vt 0.722221 0.039720
vt 0.732931 0.035675
vt 0.732733 0.037720
vt 0.733267 0.049921
vt 0.732804 0.051905
vt 0.733733 0.047914
vt 0.733932 0.045846
vt 0.733761 0.043776
vt 0.733325 0.041761
vt 0.732893 0.039768
vt 0.743369 0.035530
vt 0.743330 0.037615
vt 0.743530 0.050040
vt 0.743378 0.052101
vt 0.743679 0.047977
vt 0.743744 0.045904
vt 0.743688 0.043830
vt 0.743547 0.041763
vt 0.743400 0.039699
vt 0.790988 0.034947
vt 0.791018 0.037174
vt 0.790990 0.050540
vt 0.790975 0.052769
vt 0.790997 0.048310
vt 0.791003 0.046079
vt 0.791014 0.043850
vt 0.791025 0.041623
vt 0.791029 0.039398
vt 0.804441 0.034800
vt 0.804453 0.037066
vt 0.804483 0.050673
vt 0.804428 0.052939
vt 0.804531 0.048405
vt 0.804555 0.046136
vt 0.804548 0.043867
vt 0.804518 0.041598
vt 0.804481 0.039332
vt 0.847498 0.034339
vt 0.847525 0.036730
vt 0.847497 0.051074
vt 0.847482 0.053465
vt 0.847505 0.048683
vt 0.847513 0.046293
vt 0.847523 0.043903
vt 0.847533 0.041512
vt 0.847535 0.039121
vn -0.667744 0.576041 0.471481
vn -0.670402 0.534555 0.514599
vn -0.640002 0.576140 0.508391
vn -0.650140 0.533518 0.540996
vn -0.618106 0.571903 0.539325
vn -0.620335 0.530714 0.577518
vn -0.592556 0.570475 0.568714
vn -0.402515 0.483414 0.777363
vn -0.349827 0.520692 0.778782
vn -0.234298 0.396916 0.887447
vn -0.490442 0.498296 0.714960
vn -0.738055 0.541608 0.402414
vn -0.620857 0.598929 0.505788
vn -0.656901 0.582953 0.478171
vn -0.573119 0.615954 0.540495
vn -0.556237 0.617993 0.555594
vn -0.296446 0.613628 0.731833
vn -0.584380 0.594084 0.552778
vn -0.729249 0.551639 0.404833
vn -0.510779 0.608606 0.607210
vn -0.532654 0.603597 0.593254
vn -0.618786 0.599423 0.507737
vn -0.652744 0.586233 0.479851
vn -0.573122 0.615955 0.540492
vn -0.560419 0.617772 0.551623
vn -0.347741 0.624205 0.699603
vn -0.536407 0.613210 0.579863
vn -0.799042 0.532531 0.279182
vn -0.570787 0.589192 0.571888
vn -0.616835 0.602669 0.506266
vn -0.648376 0.593368 0.476994
vn -0.573124 0.615954 0.540491
vn -0.563313 0.616362 0.550251
vn -0.351490 0.605577 0.713954
vn -0.524595 0.643015 0.557971
vn -0.750703 0.592494 0.292225
vn -0.581422 0.603102 0.546092
vn -0.590487 0.562346 0.578871
vn -0.580683 0.587867 0.563222
vn -0.600284 0.552532 0.578245
vn -0.581952 0.571478 0.578572
vn -0.576702 0.542264 0.611036
vn -0.572475 0.551056 0.607132
vn -0.612794 0.608424 0.504286
vn -0.644290 0.602575 0.470950
vn -0.573125 0.615954 0.540489
vn -0.567560 0.615273 0.547096
vn -0.415169 0.593775 0.689250
vn -0.503984 0.656253 0.561545
vn -0.695050 0.642293 0.323055
vn -0.578485 0.617593 0.532854
vn -0.573126 0.615954 0.540488
vn -0.573212 0.580883 0.577929
vn -0.573649 0.549249 0.607661
vn -0.608867 0.616535 0.499165
vn -0.637864 0.616437 0.461665
vn -0.573125 0.615955 0.540488
vn -0.570121 0.614576 0.545215
vn -0.466041 0.555883 0.688332
vn -0.535055 0.619946 0.573919
vn -0.641803 0.675812 0.362447
vn -0.575217 0.617214 0.536817
vn -0.573125 0.615954 0.540489
vn -0.571246 0.583851 0.576885
vn -0.559767 0.556318 0.614143
vn -0.599409 0.628897 0.495174
vn -0.624525 0.636672 0.452347
vn -0.573125 0.615955 0.540489
vn -0.570739 0.614062 0.545146
vn -0.488928 0.530209 0.692696
vn -0.566332 0.601269 0.563688
vn -0.626167 0.674240 0.391555
vn -0.574650 0.617265 0.537366
vn -0.573124 0.615955 0.540489
vn -0.557820 0.598310 0.575206
vn -0.534363 0.578601 0.616180
vn -0.591137 0.638736 0.492518
vn -0.610153 0.654801 0.446038
vn -0.573125 0.615952 0.540491
vn -0.570763 0.613694 0.545536
vn -0.485195 0.514445 0.707058
vn -0.608070 0.619111 0.496943
vn -0.634356 0.660650 0.401415
vn -0.574547 0.616765 0.538050
vn -0.573124 0.615955 0.540489
vn -0.543167 0.613760 0.572947
vn -0.516101 0.602391 0.608904
vn -0.572609 0.664567 0.480073
vn -0.598994 0.671638 0.436015
vn -0.549133 0.667715 0.502603
vn -0.536769 0.662749 0.522152
vn -0.394199 0.606044 0.690882
vn -0.583853 0.653672 0.481486
vn -0.667637 0.658572 0.347195
vn -0.566075 0.644180 0.514385
vn -0.550657 0.652856 0.520150
vn -0.528035 0.642998 0.554737
vn -0.500220 0.630938 0.593041
vn -0.517385 0.713668 0.472220
vn -0.536958 0.714086 0.449173
vn -0.501276 0.706729 0.499256
vn -0.332716 0.659570 0.673994
vn -0.507728 0.694956 0.509164
vn -0.656537 0.680483 0.325426
vn -0.552222 0.679164 0.483515
vn -0.533928 0.681047 0.501094
vn -0.510090 0.677601 0.529778
vn -0.485296 0.664909 0.567788
vn 0.469737 -0.646434 -0.601224
vn 0.502190 -0.651400 -0.568756
vn 0.466243 -0.687032 -0.557319
vn 0.525823 -0.657611 -0.539498
vn 0.488781 -0.690627 -0.533036
vn 0.545547 -0.662936 -0.512732
vn 0.516374 -0.696446 -0.498318
vn 0.317938 -0.627230 -0.710984
vn 0.326750 -0.663162 -0.673388
vn 0.564214 -0.643957 -0.516703
vn 0.313878 -0.651843 -0.690348
vn 0.789447 -0.585121 -0.185489
vn 0.482473 -0.641570 -0.596329
vn 0.523233 -0.630654 -0.573151
vn 0.573124 -0.615953 -0.540491
vn 0.585522 -0.614040 -0.529263
vn 0.303309 -0.616544 -0.726552
vn 0.614540 -0.613826 -0.495538
vn 0.786925 -0.560109 -0.258894
vn 0.627874 -0.638861 -0.444557
vn 0.626947 -0.657108 -0.418505
vn 0.487256 -0.638962 -0.595239
vn 0.525495 -0.630373 -0.571389
vn 0.573125 -0.615954 -0.540489
vn 0.581886 -0.614579 -0.532636
vn 0.343787 -0.623728 -0.701978
vn 0.538926 -0.616664 -0.573833
vn 0.802559 -0.533756 -0.266467
vn 0.586030 -0.642470 -0.493762
vn 0.492023 -0.632255 -0.598470
vn 0.527545 -0.627233 -0.572953
vn 0.573124 -0.615954 -0.540490
vn 0.579950 -0.615496 -0.533689
vn 0.354298 -0.606602 -0.711692
vn 0.549646 -0.630675 -0.547849
vn 0.749045 -0.589059 -0.303219
vn 0.568348 -0.631059 -0.527963
vn 0.564743 -0.643220 -0.517043
vn 0.552993 -0.666752 -0.499640
vn 0.562287 -0.658271 -0.500513
vn 0.542416 -0.675564 -0.499397
vn 0.568816 -0.675520 -0.469170
vn 0.563574 -0.683226 -0.464312
vn 0.496180 -0.623126 -0.604582
vn 0.531768 -0.621674 -0.575104
vn 0.573123 -0.615955 -0.540490
vn 0.576944 -0.616275 -0.536041
vn 0.407871 -0.593347 -0.693960
vn 0.512055 -0.641895 -0.570763
vn 0.694748 -0.636250 -0.335428
vn 0.569739 -0.614630 -0.545553
vn 0.573124 -0.615954 -0.540491
vn 0.571530 -0.649404 -0.501626
vn 0.567464 -0.677141 -0.468471
vn 0.502420 -0.609061 -0.613693
vn 0.535671 -0.613533 -0.580202
vn 0.573124 -0.615954 -0.540491
vn 0.575188 -0.616844 -0.537274
vn 0.460592 -0.551834 -0.695223
vn 0.538823 -0.617001 -0.573568
vn 0.641232 -0.673766 -0.367233
vn 0.571819 -0.615077 -0.542866
vn 0.573124 -0.615953 -0.540491
vn 0.573652 -0.646604 -0.502818
vn 0.581233 -0.669950 -0.461882
vn 0.515509 -0.588560 -0.622774
vn 0.545171 -0.601218 -0.584231
vn 0.573125 -0.615953 -0.540490
vn 0.574736 -0.617223 -0.537322
vn 0.488259 -0.526040 -0.696337
vn 0.564372 -0.599086 -0.567962
vn 0.624015 -0.676139 -0.391715
vn 0.572122 -0.615079 -0.542544
vn 0.573125 -0.615954 -0.540489
vn 0.587425 -0.632521 -0.504827
vn 0.606940 -0.647995 -0.460137
vn 0.529334 -0.569843 -0.628557
vn 0.553312 -0.591234 -0.586761
vn 0.573124 -0.615953 -0.540491
vn 0.574670 -0.617510 -0.537062
vn 0.488697 -0.510968 -0.707168
vn 0.604920 -0.624344 -0.494233
vn 0.632273 -0.664617 -0.398140
vn 0.572175 -0.615458 -0.542059
vn 0.573125 -0.615955 -0.540488
vn 0.601961 -0.616944 -0.506975
vn 0.625495 -0.624518 -0.467690
vn 0.538847 -0.551227 -0.637019
vn 0.570194 -0.563639 -0.597654
vn 0.594482 -0.561258 -0.575831
vn 0.610002 -0.562425 -0.558190
vn 0.476543 -0.514427 -0.712931
vn 0.645636 -0.565354 -0.513350
vn 0.699850 -0.597155 -0.391938
vn 0.580038 -0.588441 -0.563288
vn 0.594723 -0.578050 -0.558714
vn 0.616514 -0.587083 -0.524637
vn 0.641272 -0.595856 -0.483452
vn 0.598241 -0.505967 -0.621374
vn 0.619128 -0.507435 -0.599325
vn 0.642195 -0.509446 -0.572758
vn 0.490215 -0.486038 -0.723503
vn 0.630070 -0.513347 -0.582655
vn 0.718523 -0.545973 -0.430857
vn 0.590946 -0.550789 -0.589418
vn 0.609125 -0.547171 -0.574082
vn 0.631640 -0.549448 -0.546936
vn 0.654731 -0.560313 -0.507322
vn -0.812896 -0.343969 -0.469984
vn -0.815244 -0.495447 -0.299848
vn -0.815244 -0.495448 -0.299847
vn -0.812896 -0.343968 -0.469985
vn -0.722427 -0.691099 0.021947
vn -0.722421 -0.691105 0.021961
vn -0.613915 -0.753763 0.234413
vn -0.613120 -0.753984 0.235781
vn -0.410269 -0.792869 0.450598
vn -0.412153 -0.792599 0.449352
vn -0.298588 -0.801454 0.518185
vn -0.298588 -0.801454 0.518185
vn 0.293408 -0.383002 0.875912
vn 0.199480 -0.421584 0.884576
vn 0.210326 -0.417394 0.884051
vn 0.293408 -0.383002 0.875912
vn -0.801822 -0.285364 -0.525022
vn -0.801822 -0.285364 -0.525022
vn 0.096200 -0.458174 0.883641
vn 0.096200 -0.458174 0.883641
vn 0.808719 0.376115 0.452230
vn 0.813103 0.392866 0.429558
vn 0.813079 0.392766 0.429696
vn 0.808719 0.376115 0.452230
vn -0.801540 -0.284141 -0.526116
vn -0.801540 -0.284141 -0.526116
vn 0.816966 0.409977 0.405568
vn 0.816966 0.409977 0.405568
vn -0.778926 -0.204586 -0.592807
vn -0.778926 -0.204586 -0.592807
vn -0.813859 -0.498373 -0.298762
vn -0.775878 -0.619456 -0.119532
vn -0.775880 -0.619452 -0.119540
vn -0.813859 -0.498373 -0.298762
vn -0.539895 -0.779999 0.316411
vn -0.539895 -0.779999 0.316411
vn 0.190272 -0.541514 0.818877
vn 0.127862 -0.584270 0.801424
vn 0.127862 -0.584270 0.801424
vn 0.190272 -0.541514 0.818877
vn -0.082487 -0.699576 0.709781
vn -0.082487 -0.699576 0.709781
vn -0.740564 -0.106930 -0.663424
vn -0.740564 -0.106930 -0.663424
vn -0.059597 -0.689145 0.722169
vn -0.059596 -0.689144 0.722169
vn -0.668167 0.030597 -0.743382
vn -0.668166 0.030598 -0.743382
vn 0.177173 -0.550819 0.815603
vn 0.177173 -0.550819 0.815603
vn -0.516407 0.240649 -0.821834
vn -0.516407 0.240649 -0.821834
vn 0.319926 -0.439035 0.839581
vn 0.319926 -0.439035 0.839581
vn -0.372231 0.391908 -0.841339
vn -0.372231 0.391908 -0.841339
vn 0.591419 -0.145642 0.793103
vn 0.591419 -0.145641 0.793103
vn -0.131894 0.581620 -0.802697
vn -0.131894 0.581620 -0.802697
vn 0.752083 0.133438 0.645419
vn 0.752083 0.133439 0.645418
vn 0.456573 0.787881 -0.413261
vn 0.420376 0.787150 -0.451308
vn 0.420376 0.787150 -0.451308
vn 0.456583 0.787881 -0.413251
vn 0.487103 0.795450 -0.360542
vn 0.487010 0.795556 -0.360434
vn 0.562698 0.774165 -0.289896
vn 0.556881 0.776713 -0.294279
vn 0.566649 0.752618 -0.335372
vn 0.564714 0.753021 -0.337725
vn 0.222195 0.718953 -0.658587
vn 0.186611 0.706536 -0.682629
vn 0.136111 0.702593 -0.698453
vn 0.136479 0.702794 -0.698179
vn 0.423248 0.785860 -0.450871
vn 0.423629 0.785880 -0.450478
vn 0.655086 0.740634 -0.149411
vn 0.655086 0.740634 -0.149411
vn 0.795273 0.258974 0.548154
vn 0.795273 0.258974 0.548154
vn 0.730851 0.682531 -0.002855
vn 0.730851 0.682531 -0.002855
vn -0.029467 0.643638 -0.764763
vn -0.029467 0.643638 -0.764763
vn -0.008849 0.616116 0.787606
vn -0.009830 0.662633 0.748880
vn -0.012922 0.653974 0.756406
vn -0.018528 0.637070 0.770583
vn -0.033238 0.659748 0.750752
vn -0.042082 0.653265 0.755959
vn -0.046570 0.662710 0.747427
vn -0.050591 0.659368 0.750116
vn -0.038705 0.661019 0.749370
vn 0.010963 0.393710 0.919169
vn -0.033241 0.415802 0.908847
vn -0.131266 0.392556 0.910313
vn -0.183464 0.428574 0.884684
vn -0.229961 0.419358 0.878213
vn -0.018698 0.820984 0.570645
vn -0.017402 0.915877 0.401083
vn 0.028982 0.915694 0.400829
vn -0.000938 0.702397 0.711785
vn 0.108045 0.900853 0.420464
vn -0.019026 0.726234 0.687184
vn 0.263834 0.869489 0.417589
vn -0.049842 0.715543 0.696788
vn -0.272358 0.477247 0.835498
vn 0.077191 0.795743 0.600696
vn 0.049619 0.767999 0.638526
vn 0.013936 0.780042 0.625573
vn 0.023559 0.775759 0.630590
vn 0.026144 0.771762 0.635373
vn 0.021738 0.774740 0.631906
vn 0.024272 0.773070 0.633856
vn 0.026957 0.772621 0.634295
vn 0.092449 0.824511 0.558243
vn 0.112748 0.804400 0.583291
vn 0.228868 0.916023 0.329424
vn 0.008782 -0.616520 -0.787290
vn 0.018504 -0.637089 -0.770568
vn 0.011099 -0.658473 -0.752522
vn 0.005924 -0.670175 -0.742179
vn 0.041959 -0.653205 -0.756017
vn 0.032107 -0.662702 -0.748195
vn 0.050578 -0.659359 -0.750125
vn 0.044332 -0.666973 -0.743762
vn 0.034275 -0.669859 -0.741697
vn 0.026199 -0.419611 -0.907326
vn -0.025597 -0.403973 -0.914413
vn 0.132023 -0.391442 -0.910683
vn 0.184842 -0.430577 -0.883423
vn 0.233515 -0.416062 -0.878842
vn 0.001734 -0.811512 -0.584333
vn -0.007649 -0.697064 -0.716968
vn -0.030956 -0.910833 -0.411613
vn 0.012320 -0.909608 -0.415286
vn 0.019964 -0.719862 -0.693830
vn -0.106180 -0.898418 -0.426111
vn 0.049864 -0.710056 -0.702377
vn -0.256557 -0.866879 -0.427433
vn 0.269055 -0.489505 -0.829454
vn -0.031777 -0.765333 -0.642850
vn -0.069830 -0.797156 -0.599722
vn -0.014840 -0.776490 -0.629955
vn -0.021822 -0.772708 -0.634387
vn -0.026145 -0.771763 -0.635373
vn -0.023560 -0.775756 -0.630593
vn -0.024533 -0.770853 -0.636541
vn -0.022834 -0.773463 -0.633430
vn -0.112565 -0.805183 -0.582245
vn -0.095255 -0.827525 -0.553289
vn -0.223225 -0.914962 -0.336177
vn -0.341856 0.729127 -0.592882
vn -0.525004 0.654400 -0.544180
vn -0.525004 0.654400 -0.544180
vn -0.341300 0.729301 -0.592988
vn -0.052371 0.774019 -0.630993
vn -0.053751 0.774020 -0.630875
vn 0.260818 0.742104 -0.617459
vn 0.260575 0.742155 -0.617500
vn 0.427662 0.694431 -0.578681
vn 0.427662 0.694431 -0.578681
vn 0.865180 0.412231 -0.285531
vn 0.824778 0.446210 -0.347328
vn 0.824778 0.446210 -0.347328
vn 0.864851 0.412541 -0.286082
vn -0.991291 0.112785 -0.067987
vn -0.991820 0.110927 -0.063156
vn -0.991828 0.110898 -0.063080
vn -0.991291 0.112785 -0.067987
vn 0.935526 0.346454 -0.068996
vn 0.933316 0.353649 -0.062082
vn -0.991176 0.098146 -0.089091
vn -0.988006 0.083631 -0.129811
vn -0.988003 0.083589 -0.129859
vn -0.990969 0.096899 -0.092686
vn 0.914390 0.349818 -0.203759
vn 0.919493 0.366199 -0.142939
vn 0.918777 0.363083 -0.154984
vn 0.914390 0.349818 -0.203759
vn -0.998314 -0.032440 0.048142
vn -0.982412 -0.102387 0.156156
vn -0.982412 -0.102387 0.156156
vn -0.998146 -0.033970 0.050504
vn -0.620374 -0.484189 0.617006
vn -0.449245 -0.557284 0.698294
vn -0.450411 -0.556885 0.697860
vn -0.620374 -0.484189 0.617006
vn -0.001736 -0.611045 0.791594
vn -0.000571 -0.610972 0.791652
vn 0.125651 -0.511960 0.849770
vn 0.108992 -0.500535 0.858828
vn 0.179553 -0.440761 0.879483
vn 0.403583 -0.451529 0.795765
vn 0.403583 -0.451529 0.795765
vn 0.194192 -0.442207 0.875638
vn 0.304994 0.639803 0.705429
vn 0.269549 0.634591 0.724319
vn 0.279156 0.603206 0.747138
vn 0.229094 0.630558 0.741561
vn 0.246472 0.602553 0.759067
vn 0.196232 0.628899 0.752316
vn 0.207838 0.601227 0.771576
vn -0.127310 0.552908 0.823459
vn -0.059158 0.546244 0.835535
vn -0.024448 0.539804 0.841436
vn -0.340373 0.425169 0.838676
vn 0.526831 0.601584 0.600455
vn 0.283815 0.648884 0.705974
vn 0.253572 0.653947 0.712780
vn 0.205808 0.661079 0.721538
vn 0.185911 0.660012 0.727888
vn -0.109437 0.604037 0.789407
vn 0.152432 0.636188 0.756326
vn 0.469087 0.628961 0.619973
vn 0.142016 0.643314 0.752316
vn 0.112960 0.647401 0.753732
vn 0.277582 0.645459 0.711569
vn 0.242368 0.656762 0.714088
vn 0.205646 0.662914 0.719899
vn 0.185765 0.662448 0.725710
vn -0.110847 0.618504 0.777924
vn 0.204148 0.648300 0.733506
vn 0.552702 0.609480 0.568379
vn 0.162456 0.636717 0.753790
vn 0.281479 0.643308 0.711986
vn 0.245795 0.657420 0.712309
vn 0.202954 0.673503 0.710777
vn 0.181427 0.676407 0.713833
vn -0.168784 0.684429 0.709274
vn 0.194801 0.700820 0.686224
vn 0.515784 0.606477 0.605106
vn 0.190097 0.657969 0.728656
vn 0.182649 0.642754 0.743980
vn 0.178485 0.614601 0.768381
vn 0.174352 0.628398 0.758101
vn 0.195823 0.608680 0.768870
vn 0.146016 0.610736 0.778255
vn 0.149720 0.598809 0.786773
vn 0.284152 0.648698 0.706009
vn 0.245792 0.658302 0.711495
vn 0.200570 0.674552 0.710458
vn 0.190533 0.678905 0.709074
vn -0.052033 0.714411 0.697789
vn 0.146519 0.749878 0.645148
vn 0.464149 0.627544 0.625104
vn 0.207966 0.672740 0.710050
vn 0.195868 0.669681 0.716354
vn 0.164233 0.639793 0.750794
vn 0.140384 0.622260 0.770120
vn 0.285691 0.658924 0.695844
vn 0.241371 0.665295 0.706486
vn 0.198643 0.672055 0.713361
vn 0.195296 0.672379 0.713979
vn 0.014780 0.656984 0.753760
vn 0.154329 0.700849 0.696415
vn 0.386742 0.681192 0.621618
vn 0.203828 0.669000 0.714768
vn 0.190787 0.669999 0.717427
vn 0.158105 0.651071 0.742367
vn 0.131797 0.638727 0.758061
vn 0.284689 0.674379 0.681297
vn 0.240243 0.674181 0.698401
vn 0.199650 0.671534 0.713570
vn 0.197709 0.669385 0.716125
vn 0.055016 0.631677 0.773277
vn 0.167532 0.659656 0.732657
vn 0.344263 0.693270 0.633135
vn 0.196795 0.671727 0.714181
vn 0.186745 0.672085 0.716539
vn 0.160671 0.662980 0.731192
vn 0.131677 0.652532 0.746233
vn 0.283046 0.688825 0.667386
vn 0.242433 0.681963 0.690038
vn 0.202585 0.668679 0.715421
vn 0.198951 0.666950 0.718050
vn 0.053003 0.609569 0.790959
vn 0.230985 0.644589 0.728801
vn 0.351875 0.691844 0.630505
vn 0.192090 0.674620 0.712734
vn 0.189384 0.672190 0.715748
vn 0.159972 0.668848 0.725983
vn 0.136366 0.663745 0.735423
vn 0.284696 0.701333 0.653513
vn 0.242172 0.701754 0.669995
vn 0.211915 0.707909 0.673764
vn 0.182412 0.706073 0.684242
vn -0.021933 0.664060 0.747357
vn 0.230971 0.672709 0.702933
vn 0.421685 0.678738 0.601246
vn 0.196420 0.693402 0.693263
vn 0.184818 0.703239 0.686511
vn 0.158372 0.693155 0.703174
vn 0.136758 0.680131 0.720221
vn 0.239800 0.743285 0.624519
vn 0.204457 0.744492 0.635554
vn 0.165935 0.740488 0.651262
vn -0.035948 0.708178 0.705118
vn 0.070950 0.714043 0.696497
vn 0.441019 0.699478 0.562345
vn 0.200224 0.720940 0.663442
vn 0.182956 0.723609 0.665520
vn 0.157442 0.721264 0.674530
vn 0.130832 0.712455 0.689413
vn -0.103940 -0.676143 -0.729402
vn -0.129573 -0.717911 -0.683970
vn -0.139929 -0.687502 -0.712573
vn -0.163362 -0.719931 -0.674546
vn -0.181973 -0.694874 -0.695727
vn -0.197594 -0.720429 -0.664785
vn -0.208989 -0.697047 -0.685893
vn 0.050225 -0.676438 -0.734785
vn 0.109190 -0.633760 -0.765784
vn 0.179635 -0.630796 -0.754869
vn -0.162113 -0.678016 -0.716948
vn -0.632620 -0.633144 -0.446004
vn -0.158024 -0.665953 -0.729065
vn -0.128996 -0.669409 -0.731609
vn -0.205852 -0.661100 -0.721507
vn -0.220015 -0.662329 -0.716180
vn 0.110999 -0.605224 -0.788279
vn -0.217934 -0.665638 -0.713744
vn -0.565675 -0.640762 -0.519072
vn -0.302341 -0.717365 -0.627677
vn -0.288024 -0.697460 -0.656195
vn -0.170260 -0.672344 -0.720393
vn -0.133729 -0.686085 -0.715125
vn -0.205653 -0.662907 -0.719903
vn -0.218907 -0.662904 -0.715988
vn 0.112929 -0.616430 -0.779270
vn -0.194767 -0.653315 -0.731605
vn -0.574433 -0.613256 -0.542166
vn -0.236999 -0.696286 -0.677508
vn -0.161564 -0.685616 -0.709808
vn -0.122734 -0.693845 -0.709588
vn -0.202938 -0.673507 -0.710777
vn -0.216843 -0.671159 -0.708890
vn 0.156819 -0.688548 -0.708033
vn -0.238867 -0.678767 -0.694419
vn -0.514767 -0.599221 -0.613148
vn -0.198289 -0.688266 -0.697833
vn -0.201493 -0.715251 -0.669191
vn -0.200775 -0.694829 -0.690581
vn -0.192026 -0.720986 -0.665812
vn -0.215337 -0.705487 -0.675217
vn -0.240465 -0.729004 -0.640882
vn -0.241211 -0.717960 -0.652956
vn -0.154872 -0.683067 -0.713747
vn -0.114714 -0.687450 -0.717115
vn -0.200540 -0.674544 -0.710475
vn -0.205164 -0.676375 -0.707407
vn 0.069255 -0.715794 -0.694869
vn -0.130977 -0.735238 -0.665034
vn -0.447503 -0.624822 -0.639796
vn -0.190034 -0.672676 -0.715118
vn -0.195977 -0.669726 -0.716282
vn -0.221881 -0.696852 -0.682031
vn -0.242959 -0.715048 -0.655497
vn -0.155371 -0.677424 -0.718997
vn -0.110833 -0.680209 -0.724590
vn -0.198632 -0.672048 -0.713370
vn -0.202825 -0.672316 -0.711936
vn -0.005472 -0.654158 -0.756338
vn -0.151766 -0.696122 -0.701699
vn -0.380124 -0.681287 -0.625583
vn -0.196426 -0.668276 -0.717513
vn -0.190815 -0.670009 -0.717411
vn -0.222126 -0.693306 -0.685556
vn -0.255052 -0.705230 -0.661512
vn -0.157625 -0.671376 -0.724161
vn -0.112177 -0.668742 -0.734983
vn -0.199646 -0.671532 -0.713573
vn -0.203184 -0.670158 -0.713866
vn -0.051669 -0.628383 -0.776187
vn -0.165864 -0.658835 -0.733775
vn -0.342113 -0.694925 -0.632485
vn -0.191216 -0.670965 -0.716409
vn -0.186775 -0.672081 -0.716535
vn -0.223905 -0.681311 -0.696909
vn -0.266564 -0.689055 -0.673904
vn -0.160661 -0.659259 -0.734551
vn -0.117502 -0.650715 -0.750175
vn -0.202585 -0.668680 -0.715420
vn -0.204621 -0.668291 -0.715205
vn -0.053570 -0.605970 -0.793682
vn -0.234640 -0.651368 -0.721570
vn -0.352259 -0.695902 -0.625807
vn -0.186401 -0.674049 -0.714781
vn -0.189407 -0.672181 -0.715750
vn -0.236915 -0.669316 -0.704193
vn -0.271959 -0.670790 -0.689985
vn -0.164507 -0.632093 -0.757229
vn -0.119363 -0.631738 -0.765937
vn -0.195055 -0.625325 -0.755594
vn -0.220473 -0.624813 -0.748999
vn -0.043364 -0.596633 -0.801342
vn -0.277936 -0.608685 -0.743138
vn -0.435797 -0.632860 -0.639976
vn -0.182131 -0.653728 -0.734485
vn -0.201209 -0.638803 -0.742594
vn -0.240765 -0.644768 -0.725470
vn -0.274765 -0.651411 -0.707225
vn -0.200856 -0.582613 -0.787540
vn -0.166220 -0.582825 -0.795416
vn -0.235182 -0.585258 -0.775991
vn -0.078380 -0.573878 -0.815182
vn -0.187966 -0.573394 -0.797426
vn -0.449812 -0.588614 -0.671716
vn -0.177999 -0.620899 -0.763414
vn -0.204480 -0.615435 -0.761202
vn -0.238599 -0.615305 -0.751312
vn -0.274095 -0.622317 -0.733208
vn 0.973864 -0.213431 -0.077692
vn 0.974020 -0.212326 -0.078764
vn 0.866304 -0.463705 0.185731
vn 0.866064 -0.464011 0.186084
vn 0.533529 -0.689446 0.489909
vn 0.533407 -0.689488 0.489982
vn 0.300742 -0.733909 0.609043
vn 0.300626 -0.733916 0.609091
vn 0.002628 -0.744494 0.667624
vn -0.005562 -0.744650 0.667432
vn -0.130725 -0.740798 0.658885
vn -0.130725 -0.740798 0.658885
vn -0.769703 -0.286123 0.570693
vn -0.769703 -0.286123 0.570693
vn -0.708848 -0.329934 0.623441
vn -0.697269 -0.337521 0.632373
vn 0.978631 -0.161625 -0.127120
vn 0.978610 -0.162107 -0.126665
vn -0.588050 -0.399874 0.703063
vn -0.588050 -0.399874 0.703063
vn -0.968689 0.240913 0.060029
vn -0.968689 0.240913 0.060029
vn -0.970502 0.234149 0.057451
vn -0.970540 0.234004 0.057396
vn 0.949541 -0.312813 0.022786
vn 0.949509 -0.312904 0.022881
vn -0.972177 0.227702 0.054996
vn -0.972177 0.227702 0.054996
vn 0.954781 -0.297210 0.007775
vn 0.954795 -0.297164 0.007729
vn 0.916321 -0.387321 0.101675
vn 0.916321 -0.387321 0.101675
vn 0.744758 -0.586086 0.319121
vn 0.749371 -0.582520 0.314824
vn 0.137093 -0.763902 0.630603
vn 0.137093 -0.763902 0.630603
vn -0.652389 -0.469991 0.594556
vn -0.652389 -0.469991 0.594556
vn -0.570697 -0.525285 0.631174
vn -0.570322 -0.525516 0.631321
vn -0.407174 -0.612406 0.677619
vn -0.406724 -0.612608 0.677707
vn 0.976438 -0.194828 -0.092799
vn 0.976439 -0.194817 -0.092809
vn -0.549811 -0.529585 0.645947
vn -0.550729 -0.528990 0.645652
vn 0.979542 -0.128570 -0.154811
vn 0.979544 -0.128671 -0.154717
vn -0.786909 -0.325095 0.524488
vn -0.786901 -0.325104 0.524494
vn 0.957373 0.019606 -0.288188
vn 0.957497 0.019166 -0.287807
vn -0.783158 -0.328266 0.528114
vn -0.783197 -0.328222 0.528084
vn 0.878434 0.198310 -0.434773
vn 0.878593 0.198049 -0.434571
vn -0.896243 -0.167565 0.410696
vn -0.896183 -0.167675 0.410781
vn 0.665553 0.441215 -0.601970
vn 0.665643 0.441141 -0.601926
vn -0.978612 0.162289 0.126415
vn -0.978603 0.162487 0.126228
vn -0.006343 0.731817 -0.681471
vn -0.006391 0.731824 -0.681464
vn 0.031467 0.726046 -0.686926
vn 0.031467 0.726046 -0.686926
vn -0.257767 0.745526 -0.614612
vn -0.258203 0.745506 -0.614453
vn -0.509088 0.683810 -0.522718
vn -0.504427 0.687160 -0.522843
vn -0.485000 0.674996 -0.556017
vn -0.469827 0.680919 -0.561794
vn 0.081910 0.686918 -0.722104
vn 0.172657 0.661074 -0.730185
vn 0.303970 0.628650 -0.715822
vn 0.304635 0.628299 -0.715847
vn -0.125574 0.740102 -0.660667
vn -0.125196 0.740083 -0.660760
vn -0.472095 0.705732 -0.528270
vn -0.471991 0.705760 -0.528325
vn -0.933124 0.353590 -0.065228
vn -0.933124 0.353589 -0.065228
vn -0.592431 0.664604 -0.455332
vn -0.592431 0.664604 -0.455332
vn 0.569026 0.513610 -0.642194
vn 0.569026 0.513610 -0.642194
vn 0.802221 0.597028 -0.000000
vn 0.574505 0.431725 0.695383
vn 0.584751 0.411684 0.698987
vn 0.819925 0.572472 0.000000
vn 0.009765 0.021286 0.999726
vn 0.005442 0.015132 0.999871
vn -0.571359 -0.401699 0.715672
vn -0.584193 -0.389403 0.712098
vn -0.815127 -0.579283 -0.000000
vn -0.830014 -0.557743 -0.000001
vn -0.571360 -0.401698 -0.715672
vn -0.584194 -0.389403 -0.712098
vn 0.009770 0.021288 -0.999726
vn 0.005444 0.015133 -0.999871
vn 0.574504 0.431727 -0.695383
vn 0.584749 0.411685 -0.698988
vn 0.602921 0.382976 0.699868
vn 0.845804 0.533493 0.000001
vn 0.005465 0.011899 0.999914
vn -0.600664 -0.365715 0.710953
vn -0.852407 -0.522878 -0.000000
vn -0.600665 -0.365715 -0.710953
vn 0.005463 0.011899 -0.999914
vn 0.602920 0.382977 -0.699869
vn 0.608621 0.366013 0.703999
vn 0.858559 0.512715 0.000000
vn 0.000800 0.008138 0.999967
vn -0.610575 -0.353277 0.708798
vn -0.863993 -0.503505 0.000001
vn -0.610574 -0.353276 -0.708798
vn 0.000801 0.008138 -0.999967
vn 0.608620 0.366013 -0.704000
vn 0.615779 0.356297 0.702758
vn 0.867168 0.498016 0.000000
vn 0.004843 0.010108 0.999937
vn -0.613087 -0.341718 0.712287
vn -0.871918 -0.489653 0.000000
vn -0.613086 -0.341718 -0.712288
vn 0.004844 0.010108 -0.999937
vn 0.615778 0.356298 -0.702758
vn 0.576659 0.323319 0.750286
vn 0.875066 0.484005 0.000000
vn -0.066654 -0.024828 0.997467
vn -0.655825 -0.344851 0.671544
vn -0.883140 -0.469110 -0.000000
vn -0.655822 -0.344853 -0.671546
vn -0.066657 -0.024827 -0.997467
vn 0.576659 0.323319 -0.750286
vn 0.612170 0.336530 0.715539
vn 0.878373 0.477976 0.000000
vn -0.004688 0.009568 0.999943
vn -0.625584 -0.319764 0.711615
vn -0.888312 -0.459241 -0.000000
vn -0.625581 -0.319765 -0.711617
vn -0.004691 0.009569 -0.999943
vn 0.612171 0.336530 -0.715538
vn 0.621529 0.328930 0.710990
vn 0.887119 0.461542 0.000000
vn -0.008894 0.011765 0.999891
vn -0.638060 -0.304336 0.707290
vn -0.900139 -0.435602 -0.000000
vn -0.638059 -0.304337 -0.707291
vn -0.008893 0.011765 -0.999891
vn 0.621529 0.328930 -0.710990
vn 0.613284 0.330493 0.717396
vn 0.882960 0.469449 0.000000
vn -0.014695 0.007715 0.999862
vn -0.640159 -0.313196 0.701501
vn -0.896349 -0.443350 -0.000001
vn -0.640158 -0.313197 -0.701503
vn -0.014696 0.007715 -0.999862
vn 0.613283 0.330493 -0.717397
vn 0.651041 0.303168 0.695870
vn 0.908530 0.417819 -0.000000
vn 0.015546 0.022011 0.999637
vn -0.638676 -0.266518 0.721845
vn -0.921257 -0.388955 -0.000000
vn -0.638676 -0.266518 -0.721845
vn 0.015544 0.022012 -0.999637
vn 0.651040 0.303169 -0.695871
vn 0.666115 0.274872 0.693351
vn 0.926404 0.376530 -0.000000
vn 0.014762 0.020395 0.999683
vn -0.651141 -0.238653 0.720458
vn -0.937373 -0.348327 -0.000000
vn -0.651141 -0.238653 -0.720458
vn 0.014763 0.020395 -0.999683
vn 0.666115 0.274872 -0.693351
vn 0.676528 0.244563 0.694621
vn 0.942531 0.334118 0.000000
vn 0.014979 0.018989 0.999708
vn -0.662201 -0.210810 0.719061
vn -0.951407 -0.307937 0.000000
vn -0.662201 -0.210810 -0.719061
vn 0.014982 0.018989 -0.999707
vn 0.676528 0.244564 -0.694622
vn 0.684660 0.214688 0.696527
vn 0.956150 0.292879 0.000001
vn 0.015589 0.018041 0.999716
vn -0.674355 -0.184193 0.715065
vn -0.963303 -0.268416 0.000000
vn -0.674355 -0.184193 -0.715065
vn 0.015589 0.018041 -0.999716
vn 0.684660 0.214688 -0.696527
vn 0.690789 0.184168 0.699209
vn 0.967957 0.251116 0.000000
vn 0.013380 0.016648 0.999772
vn -0.685230 -0.156174 0.711385
vn -0.973843 -0.227221 -0.000000
vn -0.685230 -0.156174 -0.711385
vn 0.013380 0.016648 -0.999772
vn 0.690788 0.184168 -0.699209
vn 0.692861 0.153047 0.704642
vn 0.977866 0.209234 0.000000
vn 0.009210 0.014927 0.999846
vn -0.693933 -0.127463 0.708668
vn -0.982640 -0.185523 -0.000001
vn -0.693935 -0.127462 -0.708666
vn 0.009212 0.014927 -0.999846
vn 0.692862 0.153047 -0.704641
vn 0.706697 0.058908 0.705060
vn 0.997217 0.074553 0.000001
vn 0.021717 0.018337 0.999596
vn -0.693583 -0.023055 0.720007
vn -0.999244 -0.038870 -0.000000
vn -0.693584 -0.023055 -0.720007
vn 0.021716 0.018337 -0.999596
vn 0.706697 0.058908 -0.705060
vn 0.706186 0.048697 0.706350
vn 0.998103 0.061567 0.000001
vn 0.004085 0.017829 0.999833
vn -0.709657 -0.013084 0.704426
vn -0.999678 -0.025390 -0.000000
vn -0.709657 -0.013084 -0.704425
vn 0.004084 0.017829 -0.999833
vn 0.706186 0.048697 -0.706350
vn 0.997729 0.067358 0.000000
vn 0.738401 0.050645 0.672458
vn 0.730136 -0.015919 0.683116
vn 0.999736 -0.022960 0.000000
vn 0.065999 0.008326 0.997785
vn 0.048739 0.003652 0.998805
vn -0.672335 -0.035991 0.739371
vn -0.680676 0.028709 0.732022
vn -0.998506 -0.054640 -0.000001
vn -0.999141 0.041451 -0.000000
vn -0.672336 -0.035991 -0.739370
vn -0.680678 0.028709 -0.732020
vn 0.066006 0.008324 -0.997785
vn 0.048741 0.003652 -0.998805
vn 0.738402 0.050643 -0.672456
vn 0.730138 -0.015919 -0.683115
vn 0.710236 -0.120235 0.693619
vn 0.985744 -0.168253 0.000000
vn 0.027518 -0.000567 0.999621
vn -0.681703 0.124993 0.720873
vn -0.983859 0.178948 -0.000001
vn -0.681703 0.124994 -0.720872
vn 0.027519 -0.000567 -0.999621
vn 0.710235 -0.120235 -0.693621
vn 0.689231 -0.190427 0.699070
vn 0.963520 -0.267636 0.000000
vn 0.016549 -0.000614 0.999863
vn -0.671429 0.194231 0.715162
vn -0.961020 0.276478 -0.000001
vn -0.671426 0.194233 -0.715165
vn 0.016549 -0.000616 -0.999863
vn 0.689229 -0.190428 -0.699071
vn 0.672892 -0.221414 0.705827
vn 0.949404 -0.314057 0.000002
vn 0.003400 0.002934 0.999990
vn -0.668247 0.228060 0.708120
vn -0.946915 0.321483 -0.000001
vn -0.668248 0.228060 -0.708119
vn 0.003404 0.002933 -0.999990
vn 0.672894 -0.221413 -0.705826
vn 0.669789 -0.204763 0.713761
vn 0.955920 -0.293629 0.000001
vn -0.009645 0.007098 0.999928
vn -0.678101 0.216558 0.702340
vn -0.953005 0.302955 -0.000000
vn -0.678103 0.216558 -0.702338
vn -0.009639 0.007097 -0.999928
vn 0.669791 -0.204762 -0.713760
vn 0.684055 -0.130445 0.717672
vn 0.982242 -0.187618 -0.000000
vn -0.013081 0.006605 0.999893
vn -0.695919 0.145307 0.703266
vn -0.978965 0.204028 0.000000
vn -0.695920 0.145307 -0.703264
vn -0.013080 0.006605 -0.999893
vn 0.684054 -0.130445 -0.717673
vn 0.692020 -0.046333 0.720390
vn 0.997754 -0.066988 0.000000
vn -0.018687 0.004557 0.999815
vn -0.710192 0.058376 0.701584
vn -0.996631 0.082014 0.000000
vn -0.710192 0.058376 -0.701584
vn -0.018687 0.004557 -0.999815
vn 0.692018 -0.046333 -0.720392
vn 0.694064 0.029548 0.719307
vn 0.999056 0.043445 -0.000000
vn -0.022515 0.001366 0.999746
vn -0.715011 -0.019204 0.698849
vn -0.999672 -0.025598 -0.000000
vn -0.715010 -0.019204 -0.698850
vn -0.022513 0.001366 -0.999746
vn 0.694064 0.029548 -0.719307
vn 0.690253 0.107067 0.715603
vn 0.988025 0.154293 -0.000000
vn -0.024009 -0.001842 0.999710
vn -0.712634 -0.100623 0.694282
vn -0.990376 -0.138407 -0.000000
vn -0.712632 -0.100623 -0.694284
vn -0.024004 -0.001842 -0.999710
vn 0.690255 0.107067 -0.715601
vn 0.700512 0.118352 0.703758
vn 0.986455 0.164031 -0.000000
vn 0.000429 0.005118 0.999987
vn -0.699691 -0.110092 0.705913
vn -0.987429 -0.158062 -0.000000
vn -0.699691 -0.110092 -0.705913
vn 0.000430 0.005118 -0.999987
vn 0.700514 0.118352 -0.703756
vn 0.713397 0.054049 0.698673
vn 0.997286 0.073627 -0.000000
vn 0.015011 0.005660 0.999871
vn -0.695380 -0.044070 0.717290
vn -0.997929 -0.064325 -0.000000
vn -0.695384 -0.044070 -0.717286
vn 0.015011 0.005660 -0.999871
vn 0.713399 0.054049 -0.698670
vn 0.703699 0.001892 0.710496
vn 0.999999 0.001188 0.000000
vn -0.010577 0.003992 0.999936
vn -0.706238 0.007679 0.707933
vn -0.999950 0.009984 -0.000000
vn -0.706240 0.007679 -0.707931
vn -0.010575 0.003992 -0.999936
vn 0.703701 0.001892 -0.710493
vn 0.720764 -0.042749 0.691861
vn 0.998292 -0.058430 0.000000
vn 0.018486 0.000257 0.999829
vn -0.691525 0.047577 0.720784
vn -0.997620 0.068953 -0.000001
vn -0.691524 0.047577 -0.720785
vn 0.018484 0.000257 -0.999829
vn 0.720763 -0.042749 -0.691862
vn 0.718787 -0.099348 0.688095
vn 0.990707 -0.136013 0.000000
vn 0.014172 -0.001760 0.999898
vn -0.695938 0.102726 0.710716
vn -0.989102 0.147229 -0.000001
vn -0.695939 0.102726 -0.710716
vn 0.014169 -0.001760 -0.999898
vn 0.718786 -0.099348 -0.688096
vn 0.710177 -0.121686 0.693427
vn 0.985337 -0.170620 0.000000
vn -0.001014 0.004347 0.999990
vn -0.703487 0.128191 0.699051
vn -0.984133 0.177433 -0.000001
vn -0.703488 0.128191 -0.699051
vn -0.001014 0.004347 -0.999990
vn 0.710177 -0.121686 -0.693427
vn 0.706364 -0.003921 0.707838
vn 0.999967 -0.008180 -0.000000
vn -0.006679 0.005112 0.999965
vn -0.710570 0.011666 0.703529
vn -0.999908 0.013596 0.000000
vn -0.710572 0.011666 -0.703528
vn -0.006685 0.005112 -0.999965
vn 0.706365 -0.003921 -0.707837
vn 0.706889 0.023020 0.706949
vn 0.999518 0.031060 -0.000000
vn -0.002204 0.003740 0.999991
vn -0.707980 -0.015264 0.706067
vn -0.999733 -0.023091 0.000000
vn -0.707982 -0.015264 -0.706065
vn -0.002210 0.003740 -0.999991
vn 0.706889 0.023020 -0.706950
vn 0.708235 0.029082 0.705378
vn 0.999220 0.039481 0.000000
vn 0.003232 0.003908 0.999987
vn -0.705135 -0.021355 0.708751
vn -0.999493 -0.031843 -0.000000
vn -0.705137 -0.021355 -0.708750
vn 0.003236 0.003908 -0.999987
vn 0.708235 0.029082 -0.705378
vn 0.707363 0.026387 0.706357
vn 0.999362 0.035709 0.000001
vn 0.001293 0.003850 0.999992
vn -0.706187 -0.018724 0.707778
vn -0.999606 -0.028084 -0.000001
vn -0.706188 -0.018724 -0.707777
vn 0.001299 0.003850 -0.999992
vn 0.707364 0.026386 -0.706357
s 1
g pPlane5
usemtl lambert2SG
f 365/73/1 366/256/2 367/105/3
f 366/256/2 368/255/4 369/107/5 367/105/3
f 368/255/4 370/254/6 371/110/7 369/107/5
f 370/254/6 372/253/8 373/4/9 371/110/7
f 372/253/8 374/252/10 375/3/11 373/4/9
f 374/252/10 376/250/12 375/3/11
f 365/73/1 367/105/3 377/108/13 378/74/14
f 367/105/3 369/107/5 379/111/15 377/108/13
f 369/107/5 371/110/7 380/113/16 379/111/15
f 371/110/7 373/4/9 381/6/17 380/113/16
f 373/4/9 375/3/11 382/5/18 381/6/17
f 375/3/11 376/250/12 383/24/19 382/5/18
f 376/250/12 384/249/20 385/245/21 383/24/19
f 378/74/14 377/108/13 386/112/22 387/78/23
f 377/108/13 379/111/15 388/114/24 386/112/22
f 379/111/15 380/113/16 389/116/25 388/114/24
f 380/113/16 381/6/17 390/8/26 389/116/25
f 381/6/17 382/5/18 391/7/27 390/8/26
f 382/5/18 383/24/19 392/25/28 391/7/27
f 383/24/19 385/245/21 393/243/29 392/25/28
f 387/78/23 386/112/22 394/115/30 395/80/31
f 386/112/22 388/114/24 396/117/32 394/115/30
f 388/114/24 389/116/25 397/119/33 396/117/32
f 389/116/25 390/8/26 398/10/34 397/119/33
f 390/8/26 391/7/27 399/9/35 398/10/34
f 391/7/27 392/25/28 400/26/36 399/9/35
f 392/25/28 393/243/29 401/136/37 400/26/36
f 393/243/29 402/241/38 403/138/39 401/136/37
f 402/241/38 404/240/40 405/141/41 403/138/39
f 404/240/40 406/239/42 407/237/43 405/141/41
f 395/80/31 394/115/30 408/118/44 409/82/45
f 394/115/30 396/117/32 410/120/46 408/118/44
f 396/117/32 397/119/33 411/122/47 410/120/46
f 397/119/33 398/10/34 412/12/48 411/122/47
f 398/10/34 399/9/35 413/11/49 412/12/48
f 399/9/35 400/26/36 414/27/50 413/11/49
f 400/26/36 401/136/37 415/139/51 414/27/50
f 401/136/37 403/138/39 416/142/52 415/139/51
f 403/138/39 405/141/41 417/146/53 416/142/52
f 405/141/41 407/237/43 418/235/54 417/146/53
f 409/82/45 408/118/44 419/121/55 420/84/56
f 408/118/44 410/120/46 421/123/57 419/121/55
f 410/120/46 411/122/47 422/125/58 421/123/57
f 411/122/47 412/12/48 423/14/59 422/125/58
f 412/12/48 413/11/49 424/13/60 423/14/59
f 413/11/49 414/27/50 425/28/61 424/13/60
f 414/27/50 415/139/51 426/143/62 425/28/61
f 415/139/51 416/142/52 427/147/63 426/143/62
f 416/142/52 417/146/53 428/149/64 427/147/63
f 417/146/53 418/235/54 429/233/65 428/149/64
f 420/84/56 419/121/55 430/124/66 431/86/67
f 419/121/55 421/123/57 432/126/68 430/124/66
f 421/123/57 422/125/58 433/128/69 432/126/68
f 422/125/58 423/14/59 434/16/70 433/128/69
f 423/14/59 424/13/60 435/15/71 434/16/70
f 424/13/60 425/28/61 436/29/72 435/15/71
f 425/28/61 426/143/62 437/148/73 436/29/72
f 426/143/62 427/147/63 438/150/74 437/148/73
f 427/147/63 428/149/64 439/152/75 438/150/74
f 428/149/64 429/233/65 440/231/76 439/152/75
f 431/86/67 430/124/66 441/127/77 442/88/78
f 430/124/66 432/126/68 443/129/79 441/127/77
f 432/126/68 433/128/69 444/131/80 443/129/79
f 433/128/69 434/16/70 445/18/81 444/131/80
f 434/16/70 435/15/71 446/17/82 445/18/81
f 435/15/71 436/29/72 447/30/83 446/17/82
f 436/29/72 437/148/73 448/151/84 447/30/83
f 437/148/73 438/150/74 449/153/85 448/151/84
f 438/150/74 439/152/75 450/155/86 449/153/85
f 439/152/75 440/231/76 451/229/87 450/155/86
f 442/88/78 441/127/77 452/130/88 453/90/89
f 441/127/77 443/129/79 454/132/90 452/130/88
f 443/129/79 444/131/80 455/133/91 454/132/90
f 444/131/80 445/18/81 456/20/92 455/133/91
f 445/18/81 446/17/82 457/19/93 456/20/92
f 446/17/82 447/30/83 458/31/94 457/19/93
f 447/30/83 448/151/84 459/154/95 458/31/94
f 448/151/84 449/153/85 460/156/96 459/154/95
f 449/153/85 450/155/86 461/158/97 460/156/96
f 450/155/86 451/229/87 462/221/98 461/158/97
f 452/130/88 454/132/90 463/134/99 464/218/100
f 454/132/90 455/133/91 465/135/101 463/134/99
f 455/133/91 456/20/92 466/22/102 465/135/101
f 456/20/92 457/19/93 467/21/103 466/22/102
f 457/19/93 458/31/94 468/32/104 467/21/103
f 458/31/94 459/154/95 469/157/105 468/32/104
f 459/154/95 460/156/96 470/159/106 469/157/105
f 460/156/96 461/158/97 471/160/107 470/159/106
f 461/158/97 462/221/98 472/220/108 471/160/107
f 453/90/89 452/130/88 464/218/100
s 2
f 473/259/109 474/161/110 475/260/111
f 475/260/111 474/161/110 476/163/112 477/292/113
f 477/292/113 476/163/112 478/167/114 479/291/115
f 479/291/115 478/167/114 480/34/116 481/290/117
f 481/290/117 480/34/116 482/35/118 483/261/119
f 483/261/119 482/35/118 484/262/120
f 473/259/109 485/288/121 486/162/122 474/161/110
f 474/161/110 486/162/122 487/166/123 476/163/112
f 476/163/112 487/166/123 488/171/124 478/167/114
f 478/167/114 488/171/124 489/37/125 480/34/116
f 480/34/116 489/37/125 490/38/126 482/35/118
f 482/35/118 490/38/126 491/56/127 484/262/120
f 484/262/120 491/56/127 492/287/128 493/289/129
f 485/288/121 494/286/130 495/165/131 486/162/122
f 486/162/122 495/165/131 496/170/132 487/166/123
f 487/166/123 496/170/132 497/174/133 488/171/124
f 488/171/124 497/174/133 498/39/134 489/37/125
f 489/37/125 498/39/134 499/40/135 490/38/126
f 490/38/126 499/40/135 500/57/136 491/56/127
f 491/56/127 500/57/136 501/246/137 492/287/128
f 494/286/130 502/282/138 503/169/139 495/165/131
f 495/165/131 503/169/139 504/173/140 496/170/132
f 496/170/132 504/173/140 505/177/141 497/174/133
f 497/174/133 505/177/141 506/41/142 498/39/134
f 498/39/134 506/41/142 507/42/143 499/40/135
f 499/40/135 507/42/143 508/60/144 500/57/136
f 500/57/136 508/60/144 509/192/145 501/246/137
f 501/246/137 509/192/145 510/194/146 511/285/147
f 511/285/147 510/194/146 512/198/148 513/284/149
f 513/284/149 512/198/148 514/281/150 515/283/151
f 502/282/138 516/280/152 517/172/153 503/169/139
f 503/169/139 517/172/153 518/176/154 504/173/140
f 504/173/140 518/176/154 519/180/155 505/177/141
f 505/177/141 519/180/155 520/43/156 506/41/142
f 506/41/142 520/43/156 521/44/157 507/42/143
f 507/42/143 521/44/157 522/63/158 508/60/144
f 508/60/144 522/63/158 523/193/159 509/192/145
f 509/192/145 523/193/159 524/197/160 510/194/146
f 510/194/146 524/197/160 525/202/161 512/198/148
f 512/198/148 525/202/161 526/279/162 514/281/150
f 516/280/152 527/278/163 528/175/164 517/172/153
f 517/172/153 528/175/164 529/179/165 518/176/154
f 518/176/154 529/179/165 530/183/166 519/180/155
f 519/180/155 530/183/166 531/45/167 520/43/156
f 520/43/156 531/45/167 532/46/168 521/44/157
f 521/44/157 532/46/168 533/66/169 522/63/158
f 522/63/158 533/66/169 534/196/170 523/193/159
f 523/193/159 534/196/170 535/201/171 524/197/160
f 524/197/160 535/201/171 536/207/172 525/202/161
f 525/202/161 536/207/172 537/277/173 526/279/162
f 527/278/163 538/276/174 539/178/175 528/175/164
f 528/175/164 539/178/175 540/182/176 529/179/165
f 529/179/165 540/182/176 541/186/177 530/183/166
f 530/183/166 541/186/177 542/47/178 531/45/167
f 531/45/167 542/47/178 543/48/179 532/46/168
f 532/46/168 543/48/179 544/67/180 533/66/169
f 533/66/169 544/67/180 545/200/181 534/196/170
f 534/196/170 545/200/181 546/206/182 535/201/171
f 535/201/171 546/206/182 547/210/183 536/207/172
f 536/207/172 547/210/183 548/275/184 537/277/173
f 538/276/174 549/274/185 550/181/186 539/178/175
f 539/178/175 550/181/186 551/185/187 540/182/176
f 540/182/176 551/185/187 552/188/188 541/186/177
f 541/186/177 552/188/188 553/49/189 542/47/178
f 542/47/178 553/49/189 554/50/190 543/48/179
f 543/48/179 554/50/190 555/68/191 544/67/180
f 544/67/180 555/68/191 556/205/192 545/200/181
f 545/200/181 556/205/192 557/209/193 546/206/182
f 546/206/182 557/209/193 558/213/194 547/210/183
f 547/210/183 558/213/194 559/273/195 548/275/184
f 549/274/185 560/257/196 561/184/197 550/181/186
f 550/181/186 561/184/197 562/187/198 551/185/187
f 551/185/187 562/187/198 563/190/199 552/188/188
f 552/188/188 563/190/199 564/51/200 553/49/189
f 553/49/189 564/51/200 565/52/201 554/50/190
f 554/50/190 565/52/201 566/69/202 555/68/191
f 555/68/191 566/69/202 567/208/203 556/205/192
f 556/205/192 567/208/203 568/212/204 557/209/193
f 557/209/193 568/212/204 569/215/205 558/213/194
f 558/213/194 569/215/205 570/272/206 559/273/195
f 561/184/197 571/258/207 572/271/208 562/187/198
f 562/187/198 572/271/208 573/270/209 563/190/199
f 563/190/199 573/270/209 574/269/210 564/51/200
f 564/51/200 574/269/210 575/268/211 565/52/201
f 565/52/201 575/268/211 576/267/212 566/69/202
f 566/69/202 576/267/212 577/266/213 567/208/203
f 567/208/203 577/266/213 578/265/214 568/212/204
f 568/212/204 578/265/214 579/263/215 569/215/205
f 569/215/205 579/263/215 580/264/216 570/272/206
f 560/257/196 571/258/207 561/184/197
s 3
f 473/72/217 475/75/218 366/76/219 365/251/220
f 475/75/218 477/164/221 368/106/222 366/76/219
f 477/164/221 479/168/223 370/109/224 368/106/222
f 479/168/223 481/33/225 372/1/226 370/109/224
f 481/33/225 483/36/227 374/2/228 372/1/226
s 4
f 483/36/229 484/55/230 376/23/231 374/2/232
s 3
f 485/71/233 473/72/217 365/251/220 378/248/234
s 4
f 484/55/230 493/58/235 384/59/236 376/23/231
s 5
f 493/58/237 492/61/238 385/62/239 384/59/240
s 3
f 494/77/241 485/71/233 378/248/234 387/244/242
s 5
f 492/61/238 501/247/243 393/242/244 385/62/239
s 3
f 502/79/245 494/77/241 387/244/242 395/238/246
s 6
f 501/64/247 511/195/248 402/137/249 393/65/250
f 511/195/248 513/199/251 404/140/252 402/137/249
s 7
f 513/199/253 515/204/254 406/144/255 404/140/256
f 515/204/254 514/203/257 407/145/258 406/144/255
s 3
f 516/81/259 502/79/245 395/238/246 409/236/260
s 7
f 514/203/257 526/103/261 418/104/262 407/145/258
s 3
f 527/83/263 516/81/259 409/236/260 420/234/264
s 7
f 526/103/261 537/99/265 429/100/266 418/104/262
s 3
f 538/85/267 527/83/263 420/234/264 431/232/268
s 7
f 537/99/265 548/93/269 440/96/270 429/100/266
s 3
f 549/87/271 538/85/267 431/232/268 442/230/272
s 7
f 548/93/269 559/94/273 451/95/274 440/96/270
s 3
f 560/89/275 549/87/271 442/230/272 453/217/276
s 7
f 559/94/273 570/97/277 462/98/278 451/95/274
s 8
f 572/189/279 571/91/280 464/92/281 463/228/282
f 573/191/283 572/189/279 463/228/282 465/227/284
f 574/53/285 573/191/283 465/227/284 466/226/286
f 575/54/287 574/53/285 466/226/286 467/225/288
f 576/70/289 575/293/287 467/294/288 468/224/290
f 577/211/291 576/70/289 468/224/290 469/223/292
f 578/214/293 577/211/291 469/223/292 470/222/294
f 579/216/295 578/214/293 470/222/294 471/219/296
s 7
f 570/97/277 580/101/297 472/102/298 462/98/278
s 8
f 580/101/299 579/216/295 471/219/296 472/102/300
s 3
f 571/91/301 560/89/275 453/217/276 464/92/302
s 9
f 35/295/303 36/296/304 37/297/305 38/298/306
f 38/298/306 37/297/305 39/299/307 40/300/308
f 40/300/308 39/299/307 41/301/309 42/302/310
f 42/302/310 41/301/309 43/303/311
f 36/296/304 44/304/312 45/305/313 37/297/305
f 37/297/305 45/305/313 46/306/314 39/299/307
f 39/299/307 46/306/314 47/307/315 41/301/309
f 41/301/309 47/307/315 48/308/316 43/303/311
f 49/309/317 50/310/318 51/311/319 52/312/320
f 52/312/320 51/311/319 53/313/321 54/314/322
f 54/314/322 53/313/321 55/315/323 56/316/324
f 57/317/325 58/318/326 59/319/327
f 60/320/328 61/321/329 62/322/330 63/323/331
f 63/323/331 62/322/330 64/324/332 65/325/333
f 65/325/333 64/324/332 66/326/334 67/327/335
f 58/318/326 68/328/336 59/319/327
f 56/316/324 58/318/326 57/317/325
f 67/327/335 66/326/334 68/328/336 58/318/326
f 56/316/324 55/315/323 58/318/326
f 45/305/313 44/304/312 49/309/317 52/312/320
f 46/306/314 45/305/313 52/312/320 54/314/322
f 47/307/315 46/306/314 54/314/322 56/316/324
f 48/308/316 47/307/315 56/316/324 57/317/325
f 51/311/319 50/310/318 60/320/328 63/323/331
f 53/313/321 51/311/319 63/323/331 65/325/333
f 55/315/323 53/313/321 65/325/333 67/327/335
f 58/318/326 55/315/323 67/327/335
s 13
f 1/329/337 2/330/338 6/331/339 5/332/340
f 2/330/338 3/333/341 7/334/342 6/331/339
f 3/333/341 4/335/343 8/336/344 7/334/342
f 4/335/343 9/337/345 8/336/344
f 5/332/340 6/331/339 27/338/346 26/339/347
f 6/331/339 7/334/342 28/340/348 27/338/346
f 7/334/342 8/336/344 29/341/349 28/340/348
f 8/336/344 9/337/345 30/342/350 29/341/349
f 10/343/351 11/344/352 32/345/353 31/346/354
f 11/344/352 12/347/355 33/348/356 32/345/353
f 12/347/355 13/349/357 34/350/358 33/348/356
f 14/351/359 19/352/360 25/353/361
f 15/354/362 16/355/363 21/356/364 20/357/365
f 16/355/363 17/358/366 22/359/367 21/356/364
f 17/358/366 18/360/368 23/361/369 22/359/367
f 25/353/361 19/352/360 24/362/370
f 13/349/357 14/351/359 25/353/361
f 18/360/368 25/353/361 24/362/370 23/361/369
f 13/349/357 25/353/361 34/350/358
f 27/338/346 11/344/352 10/343/351 26/339/347
f 28/340/348 12/347/355 11/344/352 27/338/346
f 29/341/349 13/349/357 12/347/355 28/340/348
f 30/342/350 14/351/359 13/349/357 29/341/349
f 32/345/353 16/355/363 15/354/362 31/346/354
f 33/348/356 17/358/366 16/355/363 32/345/353
f 34/350/358 18/360/368 17/358/366 33/348/356
f 25/353/361 18/360/368 34/350/358
s 15
f 1/363/371 5/364/372 36/365/373 35/366/374
f 2/367/375 1/368/371 35/369/374 38/370/376
f 3/371/377 2/367/375 38/370/376 40/372/378
f 4/373/379 3/371/377 40/372/378 42/374/380
s 16
f 9/375/381 4/376/382 42/377/383 43/378/384
s 17
f 5/364/385 26/379/386 44/380/387 36/365/388
s 16
f 30/381/389 9/375/381 43/378/384 48/382/390
s 17
f 10/383/391 31/384/392 50/385/393 49/386/394
s 16
f 19/387/395 14/388/396 57/389/397 59/390/398
s 17
f 15/391/399 20/392/400 61/393/401 60/394/402
s 19
f 20/395/403 21/396/404 62/397/405 61/398/406
f 21/396/404 22/399/407 64/400/408 62/397/405
f 22/399/407 23/401/409 66/402/410 64/400/408
f 24/403/411 19/387/412 59/390/413 68/404/414
f 23/401/409 24/405/411 68/406/414 66/402/410
s 17
f 26/379/386 10/383/391 49/386/394 44/380/387
s 16
f 14/388/396 30/381/389 48/382/390 57/389/397
s 17
f 31/384/392 15/391/399 60/394/402 50/385/393
s 20
f 581/407/415 582/408/416 583/409/417
f 583/409/417 582/408/416 584/410/418 585/411/419
f 585/411/419 584/410/418 586/412/420 587/413/421
f 587/413/421 586/412/420 588/414/422 589/415/423
f 589/415/423 588/414/422 590/416/424 591/417/425
f 591/417/425 590/416/424 592/418/426
f 581/407/415 593/419/427 594/420/428 582/408/416
f 582/408/416 594/420/428 595/421/429 584/410/418
f 584/410/418 595/421/429 596/422/430 586/412/420
f 586/412/420 596/422/430 597/423/431 588/414/422
f 588/414/422 597/423/431 598/424/432 590/416/424
f 590/416/424 598/424/432 599/425/433 592/418/426
f 592/418/426 599/425/433 600/426/434 601/427/435
f 593/419/427 602/428/436 603/429/437 594/420/428
f 594/420/428 603/429/437 604/430/438 595/421/429
f 595/421/429 604/430/438 605/431/439 596/422/430
f 596/422/430 605/431/439 606/432/440 597/423/431
f 597/423/431 606/432/440 607/433/441 598/424/432
f 598/424/432 607/433/441 608/434/442 599/425/433
f 599/425/433 608/434/442 609/435/443 600/426/434
f 602/428/436 610/436/444 611/437/445 603/429/437
f 603/429/437 611/437/445 612/438/446 604/430/438
f 604/430/438 612/438/446 613/439/447 605/431/439
f 605/431/439 613/439/447 614/440/448 606/432/440
f 606/432/440 614/440/448 615/441/449 607/433/441
f 607/433/441 615/441/449 616/442/450 608/434/442
f 608/434/442 616/442/450 617/443/451 609/435/443
f 609/435/443 617/443/451 618/444/452 619/445/453
f 619/445/453 618/444/452 620/446/454 621/447/455
f 621/447/455 620/446/454 622/448/456 623/449/457
f 610/436/444 624/450/458 625/451/459 611/437/445
f 611/437/445 625/451/459 626/452/460 612/438/446
f 612/438/446 626/452/460 627/453/461 613/439/447
f 613/439/447 627/453/461 628/454/462 614/440/448
f 614/440/448 628/454/462 629/455/463 615/441/449
f 615/441/449 629/455/463 630/456/464 616/442/450
f 616/442/450 630/456/464 631/457/465 617/443/451
f 617/443/451 631/457/465 632/458/466 618/444/452
f 618/444/452 632/458/466 633/459/467 620/446/454
f 620/446/454 633/459/467 634/460/468 622/448/456
f 624/450/458 635/461/469 636/462/470 625/451/459
f 625/451/459 636/462/470 637/463/471 626/452/460
f 626/452/460 637/463/471 638/464/472 627/453/461
f 627/453/461 638/464/472 639/465/473 628/454/462
f 628/454/462 639/465/473 640/466/474 629/455/463
f 629/455/463 640/466/474 641/467/475 630/456/464
f 630/456/464 641/467/475 642/468/476 631/457/465
f 631/457/465 642/468/476 643/469/477 632/458/466
f 632/458/466 643/469/477 644/470/478 633/459/467
f 633/459/467 644/470/478 645/471/479 634/460/468
f 635/461/469 646/472/480 647/473/481 636/462/470
f 636/462/470 647/473/481 648/474/482 637/463/471
f 637/463/471 648/474/482 649/475/483 638/464/472
f 638/464/472 649/475/483 650/476/484 639/465/473
f 639/465/473 650/476/484 651/477/485 640/466/474
f 640/466/474 651/477/485 652/478/486 641/467/475
f 641/467/475 652/478/486 653/479/487 642/468/476
f 642/468/476 653/479/487 654/480/488 643/469/477
f 643/469/477 654/480/488 655/481/489 644/470/478
f 644/470/478 655/481/489 656/482/490 645/471/479
f 646/472/480 657/483/491 658/484/492 647/473/481
f 647/473/481 658/484/492 659/485/493 648/474/482
f 648/474/482 659/485/493 660/486/494 649/475/483
f 649/475/483 660/486/494 661/487/495 650/476/484
f 650/476/484 661/487/495 662/488/496 651/477/485
f 651/477/485 662/488/496 663/489/497 652/478/486
f 652/478/486 663/489/497 664/490/498 653/479/487
f 653/479/487 664/490/498 665/491/499 654/480/488
f 654/480/488 665/491/499 666/492/500 655/481/489
f 655/481/489 666/492/500 667/493/501 656/482/490
f 657/483/491 668/494/502 669/495/503 658/484/492
f 658/484/492 669/495/503 670/496/504 659/485/493
f 659/485/493 670/496/504 671/497/505 660/486/494
f 660/486/494 671/497/505 672/498/506 661/487/495
f 661/487/495 672/498/506 673/499/507 662/488/496
f 662/488/496 673/499/507 674/500/508 663/489/497
f 663/489/497 674/500/508 675/501/509 664/490/498
f 664/490/498 675/501/509 676/502/510 665/491/499
f 665/491/499 676/502/510 677/503/511 666/492/500
f 666/492/500 677/503/511 678/504/512 667/493/501
f 669/495/503 679/505/513 680/506/514 670/496/504
f 670/496/504 680/506/514 681/507/515 671/497/505
f 671/497/505 681/507/515 682/508/516 672/498/506
f 672/498/506 682/508/516 683/509/517 673/499/507
f 673/499/507 683/509/517 684/510/518 674/500/508
f 674/500/508 684/510/518 685/511/519 675/501/509
f 675/501/509 685/511/519 686/512/520 676/502/510
f 676/502/510 686/512/520 687/513/521 677/503/511
f 677/503/511 687/513/521 688/514/522 678/504/512
f 668/494/502 679/505/513 669/495/503
s 21
f 689/515/523 690/516/524 691/517/525
f 690/516/524 692/518/526 693/519/527 691/517/525
f 692/518/526 694/520/528 695/521/529 693/519/527
f 694/520/528 696/522/530 697/523/531 695/521/529
f 696/522/530 698/524/532 699/525/533 697/523/531
f 698/524/532 700/526/534 699/525/533
f 689/515/523 691/517/525 701/527/535 702/528/536
f 691/517/525 693/519/527 703/529/537 701/527/535
f 693/519/527 695/521/529 704/530/538 703/529/537
f 695/521/529 697/523/531 705/531/539 704/530/538
f 697/523/531 699/525/533 706/532/540 705/531/539
f 699/525/533 700/526/534 707/533/541 706/532/540
f 700/526/534 708/534/542 709/535/543 707/533/541
f 702/528/536 701/527/535 710/536/544 711/537/545
f 701/527/535 703/529/537 712/538/546 710/536/544
f 703/529/537 704/530/538 713/539/547 712/538/546
f 704/530/538 705/531/539 714/540/548 713/539/547
f 705/531/539 706/532/540 715/541/549 714/540/548
f 706/532/540 707/533/541 716/542/550 715/541/549
f 707/533/541 709/535/543 717/543/551 716/542/550
f 711/537/545 710/536/544 718/544/552 719/545/553
f 710/536/544 712/538/546 720/546/554 718/544/552
f 712/538/546 713/539/547 721/547/555 720/546/554
f 713/539/547 714/540/548 722/548/556 721/547/555
f 714/540/548 715/541/549 723/549/557 722/548/556
f 715/541/549 716/542/550 724/550/558 723/549/557
f 716/542/550 717/543/551 725/551/559 724/550/558
f 717/543/551 726/552/560 727/553/561 725/551/559
f 726/552/560 728/554/562 729/555/563 727/553/561
f 728/554/562 730/556/564 731/557/565 729/555/563
f 719/545/553 718/544/552 732/558/566 733/559/567
f 718/544/552 720/546/554 734/560/568 732/558/566
f 720/546/554 721/547/555 735/561/569 734/560/568
f 721/547/555 722/548/556 736/562/570 735/561/569
f 722/548/556 723/549/557 737/563/571 736/562/570
f 723/549/557 724/550/558 738/564/572 737/563/571
f 724/550/558 725/551/559 739/565/573 738/564/572
f 725/551/559 727/553/561 740/566/574 739/565/573
f 727/553/561 729/555/563 741/567/575 740/566/574
f 729/555/563 731/557/565 742/568/576 741/567/575
f 733/559/567 732/558/566 743/569/577 744/570/578
f 732/558/566 734/560/568 745/571/579 743/569/577
f 734/560/568 735/561/569 746/572/580 745/571/579
f 735/561/569 736/562/570 747/573/581 746/572/580
f 736/562/570 737/563/571 748/574/582 747/573/581
f 737/563/571 738/564/572 749/575/583 748/574/582
f 738/564/572 739/565/573 750/576/584 749/575/583
f 739/565/573 740/566/574 751/577/585 750/576/584
f 740/566/574 741/567/575 752/578/586 751/577/585
f 741/567/575 742/568/576 753/579/587 752/578/586
f 744/570/578 743/569/577 754/580/588 755/581/589
f 743/569/577 745/571/579 756/582/590 754/580/588
f 745/571/579 746/572/580 757/583/591 756/582/590
f 746/572/580 747/573/581 758/584/592 757/583/591
f 747/573/581 748/574/582 759/585/593 758/584/592
f 748/574/582 749/575/583 760/586/594 759/585/593
f 749/575/583 750/576/584 761/587/595 760/586/594
f 750/576/584 751/577/585 762/588/596 761/587/595
f 751/577/585 752/578/586 763/589/597 762/588/596
f 752/578/586 753/579/587 764/590/598 763/589/597
f 755/581/589 754/580/588 765/591/599 766/592/600
f 754/580/588 756/582/590 767/593/601 765/591/599
f 756/582/590 757/583/591 768/594/602 767/593/601
f 757/583/591 758/584/592 769/595/603 768/594/602
f 758/584/592 759/585/593 770/596/604 769/595/603
f 759/585/593 760/586/594 771/597/605 770/596/604
f 760/586/594 761/587/595 772/598/606 771/597/605
f 761/587/595 762/588/596 773/599/607 772/598/606
f 762/588/596 763/589/597 774/600/608 773/599/607
f 763/589/597 764/590/598 775/601/609 774/600/608
f 766/592/600 765/591/599 776/602/610 777/603/611
f 765/591/599 767/593/601 778/604/612 776/602/610
f 767/593/601 768/594/602 779/605/613 778/604/612
f 768/594/602 769/595/603 780/606/614 779/605/613
f 769/595/603 770/596/604 781/607/615 780/606/614
f 770/596/604 771/597/605 782/608/616 781/607/615
f 771/597/605 772/598/606 783/609/617 782/608/616
f 772/598/606 773/599/607 784/610/618 783/609/617
f 773/599/607 774/600/608 785/611/619 784/610/618
f 774/600/608 775/601/609 786/612/620 785/611/619
f 776/602/610 778/604/612 787/613/621 788/614/622
f 778/604/612 779/605/613 789/615/623 787/613/621
f 779/605/613 780/606/614 790/616/624 789/615/623
f 780/606/614 781/607/615 791/617/625 790/616/624
f 781/607/615 782/608/616 792/618/626 791/617/625
f 782/608/616 783/609/617 793/619/627 792/618/626
f 783/609/617 784/610/618 794/620/628 793/619/627
f 784/610/618 785/611/619 795/621/629 794/620/628
f 785/611/619 786/612/620 796/622/630 795/621/629
f 777/603/611 776/602/610 788/614/622
s 22
f 689/623/631 581/624/632 583/625/633 690/626/634
f 690/626/634 583/625/633 585/627/635 692/628/636
f 692/628/636 585/627/635 587/629/637 694/630/638
f 694/630/638 587/629/637 589/631/639 696/632/640
f 696/632/640 589/631/639 591/633/641 698/634/642
s 23
f 698/634/643 591/633/644 592/635/645 700/636/646
s 22
f 702/637/647 593/638/648 581/624/632 689/623/631
s 23
f 700/636/646 592/635/645 601/639/649 708/640/650
s 24
f 708/640/651 601/639/652 600/641/653 709/642/654
s 22
f 711/643/655 602/644/656 593/638/648 702/637/647
s 24
f 709/642/654 600/641/653 609/645/657 717/646/658
s 22
f 719/647/659 610/648/660 602/644/656 711/643/655
s 25
f 717/649/661 609/650/662 619/651/663 726/652/664
f 726/652/664 619/651/663 621/653/665 728/654/666
s 26
f 728/654/667 621/653/668 623/655/669 730/656/670
f 730/656/670 623/655/669 622/657/671 731/658/672
s 22
f 733/659/673 624/660/674 610/648/660 719/647/659
s 26
f 731/658/672 622/657/671 634/661/675 742/662/676
s 22
f 744/663/677 635/664/678 624/660/674 733/659/673
s 26
f 742/662/676 634/661/675 645/665/679 753/666/680
s 22
f 755/667/681 646/668/682 635/664/678 744/663/677
s 26
f 753/666/680 645/665/679 656/669/683 764/670/684
s 22
f 766/671/685 657/672/686 646/668/682 755/667/681
s 26
f 764/670/684 656/669/683 667/673/687 775/674/688
s 22
f 777/675/689 668/676/690 657/672/686 766/671/685
s 26
f 775/674/688 667/673/687 678/677/691 786/678/692
s 27
f 787/679/693 680/680/694 679/681/695 788/682/696
f 789/683/697 681/684/698 680/680/694 787/679/693
f 790/685/699 682/686/700 681/684/698 789/683/697
f 791/687/701 683/688/702 682/686/700 790/685/699
f 792/689/703 684/690/704 683/688/702 791/687/701
f 793/691/705 685/692/706 684/690/704 792/689/703
f 794/693/707 686/694/708 685/692/706 793/691/705
f 795/695/709 687/696/710 686/694/708 794/693/707
s 26
f 786/678/692 678/677/691 688/697/711 796/698/712
s 27
f 796/698/713 688/697/714 687/696/710 795/695/709
s 22
f 788/699/715 679/700/716 668/676/690 777/675/689
s 28
f 69/701/717 70/702/718 78/703/719 77/704/720
f 70/705/718 71/706/721 79/707/722 78/708/719
f 71/706/721 72/709/723 80/710/724 79/707/722
f 72/709/723 73/711/725 81/712/726 80/710/724
f 73/711/725 74/713/727 82/714/728 81/712/726
f 74/713/727 75/715/729 83/716/730 82/714/728
f 75/715/729 76/717/731 84/718/732 83/716/730
f 76/717/731 69/701/717 77/704/720 84/718/732
f 77/704/720 78/703/719 86/719/733 85/720/734
f 78/708/719 79/707/722 87/721/735 86/722/733
f 79/707/722 80/710/724 88/723/736 87/721/735
f 80/710/724 81/712/726 89/724/737 88/723/736
f 81/712/726 82/714/728 90/725/738 89/724/737
f 82/714/728 83/716/730 91/726/739 90/725/738
f 83/716/730 84/718/732 92/727/740 91/726/739
f 84/718/732 77/704/720 85/720/734 92/727/740
f 85/720/734 86/719/733 94/728/741 93/729/742
f 86/722/733 87/721/735 95/730/743 94/731/741
f 87/721/735 88/723/736 96/732/744 95/730/743
f 88/723/736 89/724/737 97/733/745 96/732/744
f 89/724/737 90/725/738 98/734/746 97/733/745
f 90/725/738 91/726/739 99/735/747 98/734/746
f 91/726/739 92/727/740 100/736/748 99/735/747
f 92/727/740 85/720/734 93/729/742 100/736/748
f 93/729/742 94/728/741 102/737/749 101/738/750
f 94/731/741 95/730/743 103/739/751 102/740/749
f 95/730/743 96/732/744 104/741/752 103/739/751
f 96/732/744 97/733/745 105/742/753 104/741/752
f 97/733/745 98/734/746 106/743/754 105/742/753
f 98/734/746 99/735/747 107/744/755 106/743/754
f 99/735/747 100/736/748 108/745/756 107/744/755
f 100/736/748 93/729/742 101/738/750 108/745/756
f 101/738/750 102/737/749 110/746/757 109/747/758
f 102/740/749 103/739/751 111/748/759 110/749/757
f 103/739/751 104/741/752 112/750/760 111/748/759
f 104/741/752 105/742/753 113/751/761 112/750/760
f 105/742/753 106/743/754 114/752/762 113/751/761
f 106/743/754 107/744/755 115/753/763 114/752/762
f 107/744/755 108/745/756 116/754/764 115/753/763
f 108/745/756 101/738/750 109/747/758 116/754/764
f 109/747/758 110/746/757 118/755/765 117/756/766
f 110/749/757 111/748/759 119/757/767 118/758/765
f 111/748/759 112/750/760 120/759/768 119/757/767
f 112/750/760 113/751/761 121/760/769 120/759/768
f 113/751/761 114/752/762 122/761/770 121/760/769
f 114/752/762 115/753/763 123/762/771 122/761/770
f 115/753/763 116/754/764 124/763/772 123/762/771
f 116/754/764 109/747/758 117/756/766 124/763/772
f 117/756/766 118/755/765 126/764/773 125/765/774
f 118/758/765 119/757/767 127/766/775 126/767/773
f 119/757/767 120/759/768 128/768/776 127/766/775
f 120/759/768 121/760/769 129/769/777 128/768/776
f 121/760/769 122/761/770 130/770/778 129/769/777
f 122/761/770 123/762/771 131/771/779 130/770/778
f 123/762/771 124/763/772 132/772/780 131/771/779
f 124/763/772 117/756/766 125/765/774 132/772/780
f 125/765/774 126/764/773 134/773/781 133/774/782
f 126/767/773 127/766/775 135/775/783 134/776/781
f 127/766/775 128/768/776 136/777/784 135/775/783
f 128/768/776 129/769/777 137/778/785 136/777/784
f 129/769/777 130/770/778 138/779/786 137/778/785
f 130/770/778 131/771/779 139/780/787 138/779/786
f 131/771/779 132/772/780 140/781/788 139/780/787
f 132/772/780 125/765/774 133/774/782 140/781/788
f 133/774/782 134/773/781 142/782/789 141/783/790
f 134/776/781 135/775/783 143/784/791 142/785/789
f 135/775/783 136/777/784 144/786/792 143/784/791
f 136/777/784 137/778/785 145/787/793 144/786/792
f 137/778/785 138/779/786 146/788/794 145/787/793
f 138/779/786 139/780/787 147/789/795 146/788/794
f 139/780/787 140/781/788 148/790/796 147/789/795
f 140/781/788 133/774/782 141/783/790 148/790/796
f 141/783/790 142/782/789 150/791/797 149/792/798
f 142/785/789 143/784/791 151/793/799 150/794/797
f 143/784/791 144/786/792 152/795/800 151/793/799
f 144/786/792 145/787/793 153/796/801 152/795/800
f 145/787/793 146/788/794 154/797/802 153/796/801
f 146/788/794 147/789/795 155/798/803 154/797/802
f 147/789/795 148/790/796 156/799/804 155/798/803
f 148/790/796 141/783/790 149/792/798 156/799/804
f 149/792/798 150/791/797 158/800/805 157/801/806
f 150/794/797 151/793/799 159/802/807 158/803/805
f 151/793/799 152/795/800 160/804/808 159/802/807
f 152/795/800 153/796/801 161/805/809 160/804/808
f 153/796/801 154/797/802 162/806/810 161/805/809
f 154/797/802 155/798/803 163/807/811 162/806/810
f 155/798/803 156/799/804 164/808/812 163/807/811
f 156/799/804 149/792/798 157/801/806 164/808/812
f 157/801/806 158/800/805 166/809/813 165/810/814
f 158/803/805 159/802/807 167/811/815 166/812/813
f 159/802/807 160/804/808 168/813/816 167/811/815
f 160/804/808 161/805/809 169/814/817 168/813/816
f 161/805/809 162/806/810 170/815/818 169/814/817
f 162/806/810 163/807/811 171/816/819 170/815/818
f 163/807/811 164/808/812 172/817/820 171/816/819
f 164/808/812 157/801/806 165/810/814 172/817/820
f 165/810/814 166/809/813 174/818/821 173/819/822
f 166/812/813 167/811/815 175/820/823 174/821/821
f 167/811/815 168/813/816 176/822/824 175/820/823
f 168/813/816 169/814/817 177/823/825 176/822/824
f 169/814/817 170/815/818 178/824/826 177/823/825
f 170/815/818 171/816/819 179/825/827 178/824/826
f 171/816/819 172/817/820 180/826/828 179/825/827
f 172/817/820 165/810/814 173/819/822 180/826/828
f 173/819/822 174/818/821 182/827/829 181/828/830
f 174/821/821 175/820/823 183/829/831 182/830/829
f 175/820/823 176/822/824 184/831/832 183/829/831
f 176/822/824 177/823/825 185/832/833 184/831/832
f 177/823/825 178/824/826 186/833/834 185/832/833
f 178/824/826 179/825/827 187/834/835 186/833/834
f 179/825/827 180/826/828 188/835/836 187/834/835
f 180/826/828 173/819/822 181/828/830 188/835/836
f 181/828/830 182/827/829 190/836/837 189/837/838
f 182/830/829 183/829/831 191/838/839 190/839/837
f 183/829/831 184/831/832 192/840/840 191/838/839
f 184/831/832 185/832/833 193/841/841 192/840/840
f 185/832/833 186/833/834 194/842/842 193/841/841
f 186/833/834 187/834/835 195/843/843 194/842/842
f 187/834/835 188/835/836 196/844/844 195/843/843
f 188/835/836 181/828/830 189/837/838 196/844/844
f 189/837/838 190/836/837 198/845/845 197/846/846
f 190/839/837 191/838/839 199/847/847 198/848/845
f 191/838/839 192/840/840 200/849/848 199/847/847
f 192/840/840 193/841/841 201/850/849 200/849/848
f 193/841/841 194/842/842 202/851/850 201/850/849
f 194/842/842 195/843/843 203/852/851 202/851/850
f 195/843/843 196/844/844 204/853/852 203/852/851
f 196/844/844 189/837/838 197/846/846 204/853/852
s 29
f 205/854/853 206/855/854 214/856/855 213/857/856
f 206/858/854 207/859/857 215/860/858 214/861/855
f 207/859/857 208/862/859 216/863/860 215/860/858
f 208/862/859 209/864/861 217/865/862 216/863/860
f 209/864/861 210/866/863 218/867/864 217/865/862
f 210/866/863 211/868/865 219/869/866 218/867/864
f 211/868/865 212/870/867 220/871/868 219/869/866
f 212/870/867 205/854/853 213/857/856 220/871/868
f 213/857/856 214/856/855 222/872/869 221/873/870
f 214/861/855 215/860/858 223/874/871 222/875/869
f 215/860/858 216/863/860 224/876/872 223/874/871
f 216/863/860 217/865/862 225/877/873 224/876/872
f 217/865/862 218/867/864 226/878/874 225/877/873
f 218/867/864 219/869/866 227/879/875 226/878/874
f 219/869/866 220/871/868 228/880/876 227/879/875
f 220/871/868 213/857/856 221/873/870 228/880/876
f 221/873/870 222/872/869 230/881/877 229/882/878
f 222/875/869 223/874/871 231/883/879 230/884/877
f 223/874/871 224/876/872 232/885/880 231/883/879
f 224/876/872 225/877/873 233/886/881 232/885/880
f 225/877/873 226/878/874 234/887/882 233/886/881
f 226/878/874 227/879/875 235/888/883 234/887/882
f 227/879/875 228/880/876 236/889/884 235/888/883
f 228/880/876 221/873/870 229/882/878 236/889/884
f 229/882/878 230/881/877 238/890/885 237/891/886
f 230/884/877 231/883/879 239/892/887 238/893/885
f 231/883/879 232/885/880 240/894/888 239/892/887
f 232/885/880 233/886/881 241/895/889 240/894/888
f 233/886/881 234/887/882 242/896/890 241/895/889
f 234/887/882 235/888/883 243/897/891 242/896/890
f 235/888/883 236/889/884 244/898/892 243/897/891
f 236/889/884 229/882/878 237/891/886 244/898/892
f 237/891/886 238/890/885 246/899/893 245/900/894
f 238/893/885 239/892/887 247/901/895 246/902/893
f 239/892/887 240/894/888 248/903/896 247/901/895
f 240/894/888 241/895/889 249/904/897 248/903/896
f 241/895/889 242/896/890 250/905/898 249/904/897
f 242/896/890 243/897/891 251/906/899 250/905/898
f 243/897/891 244/898/892 252/907/900 251/906/899
f 244/898/892 237/891/886 245/900/894 252/907/900
f 245/900/894 246/899/893 254/908/901 253/909/902
f 246/902/893 247/901/895 255/910/903 254/911/901
f 247/901/895 248/903/896 256/912/904 255/910/903
f 248/903/896 249/904/897 257/913/905 256/912/904
f 249/904/897 250/905/898 258/914/906 257/913/905
f 250/905/898 251/906/899 259/915/907 258/914/906
f 251/906/899 252/907/900 260/916/908 259/915/907
f 252/907/900 245/900/894 253/909/902 260/916/908
f 253/909/902 254/908/901 262/917/909 261/918/910
f 254/911/901 255/910/903 263/919/911 262/920/909
f 255/910/903 256/912/904 264/921/912 263/919/911
f 256/912/904 257/913/905 265/922/913 264/921/912
f 257/913/905 258/914/906 266/923/914 265/922/913
f 258/914/906 259/915/907 267/924/915 266/923/914
f 259/915/907 260/916/908 268/925/916 267/924/915
f 260/916/908 253/909/902 261/918/910 268/925/916
f 261/918/910 262/917/909 270/926/917 269/927/918
f 262/920/909 263/919/911 271/928/919 270/929/917
f 263/919/911 264/921/912 272/930/920 271/928/919
f 264/921/912 265/922/913 273/931/921 272/930/920
f 265/922/913 266/923/914 274/932/922 273/931/921
f 266/923/914 267/924/915 275/933/923 274/932/922
f 267/924/915 268/925/916 276/934/924 275/933/923
f 268/925/916 261/918/910 269/927/918 276/934/924
f 269/927/918 270/926/917 278/935/925 277/936/926
f 270/929/917 271/928/919 279/937/927 278/938/925
f 271/928/919 272/930/920 280/939/928 279/937/927
f 272/930/920 273/931/921 281/940/929 280/939/928
f 273/931/921 274/932/922 282/941/930 281/940/929
f 274/932/922 275/933/923 283/942/931 282/941/930
f 275/933/923 276/934/924 284/943/932 283/942/931
f 276/934/924 269/927/918 277/936/926 284/943/932
f 277/936/926 278/935/925 286/944/933 285/945/934
f 278/938/925 279/937/927 287/946/935 286/947/933
f 279/937/927 280/939/928 288/948/936 287/946/935
f 280/939/928 281/940/929 289/949/937 288/948/936
f 281/940/929 282/941/930 290/950/938 289/949/937
f 282/941/930 283/942/931 291/951/939 290/950/938
f 283/942/931 284/943/932 292/952/940 291/951/939
f 284/943/932 277/936/926 285/945/934 292/952/940
f 285/945/934 286/944/933 294/953/941 293/954/942
f 286/947/933 287/946/935 295/955/943 294/956/941
f 287/946/935 288/948/936 296/957/944 295/955/943
f 288/948/936 289/949/937 297/958/945 296/957/944
f 289/949/937 290/950/938 298/959/946 297/958/945
f 290/950/938 291/951/939 299/960/947 298/959/946
f 291/951/939 292/952/940 300/961/948 299/960/947
f 292/952/940 285/945/934 293/954/942 300/961/948
f 293/954/942 294/953/941 302/962/949 301/963/950
f 294/956/941 295/955/943 303/964/951 302/965/949
f 295/955/943 296/957/944 304/966/952 303/964/951
f 296/957/944 297/958/945 305/967/953 304/966/952
f 297/958/945 298/959/946 306/968/954 305/967/953
f 298/959/946 299/960/947 307/969/955 306/968/954
f 299/960/947 300/961/948 308/970/956 307/969/955
f 300/961/948 293/954/942 301/963/950 308/970/956
f 301/963/950 302/962/949 310/971/957 309/972/958
f 302/965/949 303/964/951 311/973/959 310/974/957
f 303/964/951 304/966/952 312/975/960 311/973/959
f 304/966/952 305/967/953 313/976/961 312/975/960
f 305/967/953 306/968/954 314/977/962 313/976/961
f 306/968/954 307/969/955 315/978/963 314/977/962
f 307/969/955 308/970/956 316/979/964 315/978/963
f 308/970/956 301/963/950 309/972/958 316/979/964
f 309/972/958 310/971/957 318/980/965 317/981/966
f 310/974/957 311/973/959 319/982/967 318/983/965
f 311/973/959 312/975/960 320/984/968 319/982/967
f 312/975/960 313/976/961 321/985/969 320/984/968
f 313/976/961 314/977/962 322/986/970 321/985/969
f 314/977/962 315/978/963 323/987/971 322/986/970
f 315/978/963 316/979/964 324/988/972 323/987/971
f 316/979/964 309/972/958 317/981/966 324/988/972
f 317/981/966 318/980/965 326/989/973 325/990/974
f 318/983/965 319/982/967 327/991/975 326/992/973
f 319/982/967 320/984/968 328/993/976 327/991/975
f 320/984/968 321/985/969 329/994/977 328/993/976
f 321/985/969 322/986/970 330/995/978 329/994/977
f 322/986/970 323/987/971 331/996/979 330/995/978
f 323/987/971 324/988/972 332/997/980 331/996/979
f 324/988/972 317/981/966 325/990/974 332/997/980
f 325/990/974 326/989/973 334/998/981 333/999/982
f 326/992/973 327/991/975 335/1000/983 334/1001/981
f 327/991/975 328/993/976 336/1002/984 335/1000/983
f 328/993/976 329/994/977 337/1003/985 336/1002/984
f 329/994/977 330/995/978 338/1004/986 337/1003/985
f 330/995/978 331/996/979 339/1005/987 338/1004/986
f 331/996/979 332/997/980 340/1006/988 339/1005/987
f 332/997/980 325/990/974 333/999/982 340/1006/988
f 333/999/982 334/998/981 342/1007/989 341/1008/990
f 334/1001/981 335/1000/983 343/1009/991 342/1010/989
f 335/1000/983 336/1002/984 344/1011/992 343/1009/991
f 336/1002/984 337/1003/985 345/1012/993 344/1011/992
f 337/1003/985 338/1004/986 346/1013/994 345/1012/993
f 338/1004/986 339/1005/987 347/1014/995 346/1013/994
f 339/1005/987 340/1006/988 348/1015/996 347/1014/995
f 340/1006/988 333/999/982 341/1008/990 348/1015/996
f 341/1008/990 342/1007/989 350/1016/997 349/1017/998
f 342/1010/989 343/1009/991 351/1018/999 350/1019/997
f 343/1009/991 344/1011/992 352/1020/1000 351/1018/999
f 344/1011/992 345/1012/993 353/1021/1001 352/1020/1000
f 345/1012/993 346/1013/994 354/1022/1002 353/1021/1001
f 346/1013/994 347/1014/995 355/1023/1003 354/1022/1002
f 347/1014/995 348/1015/996 356/1024/1004 355/1023/1003
f 348/1015/996 341/1008/990 349/1017/998 356/1024/1004
f 349/1017/998 350/1016/997 358/1025/1005 357/1026/1006
f 350/1019/997 351/1018/999 359/1027/1007 358/1028/1005
f 351/1018/999 352/1020/1000 360/1029/1008 359/1027/1007
f 352/1020/1000 353/1021/1001 361/1030/1009 360/1029/1008
f 353/1021/1001 354/1022/1002 362/1031/1010 361/1030/1009
f 354/1022/1002 355/1023/1003 363/1032/1011 362/1031/1010
f 355/1023/1003 356/1024/1004 364/1033/1012 363/1032/1011
f 356/1024/1004 349/1017/998 357/1026/1006 364/1033/1012
